population_group_id,population_group_name,measure_id,measure_name,location_id,location_name,sex_id,sex_name,age_id,age_name,cause_id,cause_name,metric_id,metric_name,year,val,upper,lower
1,All Population,5,Prevalence,13,Malaysia,3,Both,22,All ages,543,Alzheimer's disease and other dementias,3,Rate,2014,303.17231711925,343.13798552756,260.65392004304
1,All Population,5,Prevalence,15,Myanmar,3,Both,22,All ages,543,Alzheimer's disease and other dementias,3,Rate,2014,274.09657532259,313.43133444216,234.60583016603
1,All Population,5,Prevalence,30,Vanuatu,3,Both,22,All ages,543,Alzheimer's disease and other dementias,3,Rate,2015,214.94905262311,244.12942192911999,182.84766799074
1,All Population,5,Prevalence,77,Cyprus,3,Both,22,All ages,543,Alzheimer's disease and other dementias,3,Rate,2015,862.45659000697,988.4895682445899,717.1334998876999
1,All Population,5,Prevalence,26,Papua New Guinea,3,Both,22,All ages,543,Alzheimer's disease and other dementias,3,Rate,2014,141.76616424685,159.00227976216001,121.77596279100999
1,All Population,5,Prevalence,177,Djibouti,3,Both,22,All ages,543,Alzheimer's disease and other dementias,3,Rate,2014,159.99090829899,179.94562948514002,139.27824025903
1,All Population,5,Prevalence,17,Sri Lanka,3,Both,22,All ages,543,Alzheimer's disease and other dementias,3,Rate,2014,323.83865847385,366.58652208679,277.30902863381
1,All Population,5,Prevalence,107,Barbados,3,Both,22,All ages,543,Alzheimer's disease and other dementias,3,Rate,2014,926.2412783684599,1069.30365187224,797.5440997068499
1,All Population,5,Prevalence,28,Solomon Islands,3,Both,22,All ages,543,Alzheimer's disease and other dementias,3,Rate,2014,169.20804504422,195.04142187801,145.250813045
1,All Population,5,Prevalence,10,Cambodia,3,Both,22,All ages,543,Alzheimer's disease and other dementias,3,Rate,2014,229.26610052187002,258.70382784462,196.62633577674
1,All Population,5,Prevalence,122,Ecuador,3,Both,22,All ages,543,Alzheimer's disease and other dementias,3,Rate,2014,350.92184159547,403.70610835227,305.42703934789
1,All Population,5,Prevalence,154,Tunisia,3,Both,22,All ages,543,Alzheimer's disease and other dementias,3,Rate,2014,540.01000732302,616.66926169379,466.87274413709
1,All Population,5,Prevalence,202,Cameroon,3,Both,22,All ages,543,Alzheimer's disease and other dementias,3,Rate,2014,106.55797635533001,121.08815849377001,92.02579898408
1,All Population,5,Prevalence,46,Croatia,3,Both,22,All ages,543,Alzheimer's disease and other dementias,3,Rate,2014,1169.50761621505,1352.44321712372,987.5719423817001
1,All Population,5,Prevalence,75,Austria,3,Both,22,All ages,543,Alzheimer's disease and other dementias,3,Rate,2014,1346.74739132749,1560.2436239387,1118.24589458101
1,All Population,5,Prevalence,132,Panama,3,Both,22,All ages,543,Alzheimer's disease and other dementias,3,Rate,2014,580.05631803063,661.0091662233999,497.65347207489003
1,All Population,5,Prevalence,109,Cuba,3,Both,22,All ages,543,Alzheimer's disease and other dementias,3,Rate,2014,810.32750004523,916.64466179186,717.21999595034
1,All Population,5,Prevalence,43,Albania,3,Both,22,All ages,543,Alzheimer's disease and other dementias,3,Rate,2015,805.19736398,925.20022819669,681.78105747679
1,All Population,5,Prevalence,143,Iraq,3,Both,22,All ages,543,Alzheimer's disease and other dementias,3,Rate,2014,220.07037319831,250.01464239880997,190.22621701804
1,All Population,5,Prevalence,169,Central African Republic,3,Both,22,All ages,543,Alzheimer's disease and other dementias,3,Rate,2014,183.99957855407,209.07235002698997,160.50608332899
1,All Population,5,Prevalence,215,Sao Tome and Principe,3,Both,22,All ages,543,Alzheimer's disease and other dementias,3,Rate,2014,168.83968675602,192.07018349027,146.29820485015
1,All Population,5,Prevalence,60,Lithuania,3,Both,22,All ages,543,Alzheimer's disease and other dementias,3,Rate,2014,1223.93469722997,1416.39914853649,1029.30380140731
1,All Population,5,Prevalence,90,Norway,3,Both,22,All ages,543,Alzheimer's disease and other dementias,3,Rate,2015,1412.87257048881,1623.2665372138601,1168.11913425135
1,All Population,5,Prevalence,106,Bahamas,3,Both,22,All ages,543,Alzheimer's disease and other dementias,3,Rate,2014,420.55746721929006,482.86200344541,363.4250035471
1,All Population,5,Prevalence,57,Belarus,3,Both,22,All ages,543,Alzheimer's disease and other dementias,3,Rate,2014,912.32339725437,1047.76242411825,763.71931799789
1,All Population,5,Prevalence,145,Kuwait,3,Both,22,All ages,543,Alzheimer's disease and other dementias,3,Rate,2014,152.35977366682,170.93730462259,133.23080870237
1,All Population,5,Prevalence,30,Vanuatu,3,Both,22,All ages,543,Alzheimer's disease and other dementias,3,Rate,2014,213.45045690926,241.52456452972,181.96932279937
1,All Population,5,Prevalence,93,Sweden,3,Both,22,All ages,543,Alzheimer's disease and other dementias,3,Rate,2014,1285.2212350520902,1461.69408471951,1090.57526081047
1,All Population,5,Prevalence,33,Armenia,3,Both,22,All ages,543,Alzheimer's disease and other dementias,3,Rate,2014,761.38375651837,872.79609532148,655.82906112185
1,All Population,5,Prevalence,207,Ghana,3,Both,22,All ages,543,Alzheimer's disease and other dementias,3,Rate,2014,153.57731650466,173.7029354199,133.56745824354002
1,All Population,5,Prevalence,147,Libya,3,Both,22,All ages,543,Alzheimer's disease and other dementias,3,Rate,2014,321.29430162189004,367.61254885459,276.43122595517
1,All Population,5,Prevalence,62,Russian Federation,3,Both,22,All ages,543,Alzheimer's disease and other dementias,3,Rate,2014,874.5264306345099,1015.4582601092,734.1362223450001
1,All Population,5,Prevalence,45,Bulgaria,3,Both,22,All ages,543,Alzheimer's disease and other dementias,3,Rate,2015,1182.19742922773,1369.61030929514,979.53311307034
1,All Population,5,Prevalence,18,Thailand,3,Both,22,All ages,543,Alzheimer's disease and other dementias,3,Rate,2014,566.84882699756,643.23988844162,481.58658010393
1,All Population,5,Prevalence,217,Sierra Leone,3,Both,22,All ages,543,Alzheimer's disease and other dementias,3,Rate,2014,145.20585089437,164.18374437697,125.79185302082
1,All Population,5,Prevalence,92,Spain,3,Both,22,All ages,543,Alzheimer's disease and other dementias,3,Rate,2015,1304.0566126721499,1459.5321020337299,1124.73528370076
1,All Population,5,Prevalence,218,Togo,3,Both,22,All ages,543,Alzheimer's disease and other dementias,3,Rate,2014,121.18353108659,136.32028892637,105.71032701589999
1,All Population,5,Prevalence,50,Montenegro,3,Both,22,All ages,543,Alzheimer's disease and other dementias,3,Rate,2015,843.70424476565,971.82057578946,711.45779945788
1,All Population,5,Prevalence,47,Czechia,3,Both,22,All ages,543,Alzheimer's disease and other dementias,3,Rate,2015,1051.3644221634102,1197.15338779545,887.67630540868
1,All Population,5,Prevalence,189,United Republic of Tanzania,3,Both,22,All ages,543,Alzheimer's disease and other dementias,3,Rate,2014,204.97778837587,229.58025886087,181.91812881233
1,All Population,5,Prevalence,141,Egypt,3,Both,22,All ages,543,Alzheimer's disease and other dementias,3,Rate,2014,231.04421566842,259.00071244592,200.65686364027
1,All Population,5,Prevalence,88,Malta,3,Both,22,All ages,543,Alzheimer's disease and other dementias,3,Rate,2015,1175.3222961891702,1357.81471845389,970.8150506704601
1,All Population,5,Prevalence,41,Uzbekistan,3,Both,22,All ages,543,Alzheimer's disease and other dementias,3,Rate,2015,274.81112363822,314.78263112595005,237.27723583008
1,All Population,5,Prevalence,94,Switzerland,3,Both,22,All ages,543,Alzheimer's disease and other dementias,3,Rate,2015,1414.31432937504,1633.3305445317899,1179.03879021878
1,All Population,5,Prevalence,191,Zambia,3,Both,22,All ages,543,Alzheimer's disease and other dementias,3,Rate,2014,114.39642459857001,130.93439250027998,99.37700899622
1,All Population,5,Prevalence,422,United States Virgin Islands,3,Both,22,All ages,543,Alzheimer's disease and other dementias,3,Rate,2014,938.7874559889599,1069.3444033485,809.62272169426
1,All Population,5,Prevalence,204,Chad,3,Both,22,All ages,543,Alzheimer's disease and other dementias,3,Rate,2014,103.90247782709,117.51976932793,89.80522910553
1,All Population,5,Prevalence,211,Mali,3,Both,22,All ages,543,Alzheimer's disease and other dementias,3,Rate,2014,118.76427691511,135.24044796998,102.56768023957
1,All Population,5,Prevalence,165,Pakistan,3,Both,22,All ages,543,Alzheimer's disease and other dementias,3,Rate,2014,178.69016119952,206.20194810447,153.02394451051
1,All Population,5,Prevalence,209,Guinea-Bissau,3,Both,22,All ages,543,Alzheimer's disease and other dementias,3,Rate,2014,111.88846132889,127.64526565384,96.14179505669
1,All Population,5,Prevalence,369,Nauru,3,Both,22,All ages,543,Alzheimer's disease and other dementias,3,Rate,2014,86.02947825428001,97.87375823743999,74.17882501476
1,All Population,5,Prevalence,85,Israel,3,Both,22,All ages,543,Alzheimer's disease and other dementias,3,Rate,2014,447.88612528117,516.65371736738,370.35758862241
1,All Population,5,Prevalence,213,Niger,3,Both,22,All ages,543,Alzheimer's disease and other dementias,3,Rate,2014,88.83962811720001,100.51396037183,77.24779655584999
1,All Population,5,Prevalence,20,Viet Nam,3,Both,22,All ages,543,Alzheimer's disease and other dementias,3,Rate,2014,367.41887994304,416.67078994773004,317.63894183642
1,All Population,5,Prevalence,118,Suriname,3,Both,22,All ages,543,Alzheimer's disease and other dementias,3,Rate,2014,487.35353874037,559.33353070751,420.02274946824997
1,All Population,5,Prevalence,12,Lao People's Democratic Republic,3,Both,22,All ages,543,Alzheimer's disease and other dementias,3,Rate,2014,200.22295966605,225.6740923459,172.90826176641
1,All Population,5,Prevalence,148,Morocco,3,Both,22,All ages,543,Alzheimer's disease and other dementias,3,Rate,2014,424.41630827469,488.00316792014,362.04638723734996
1,All Population,5,Prevalence,11,Indonesia,3,Both,22,All ages,543,Alzheimer's disease and other dementias,3,Rate,2015,253.13350203766,288.83259105988003,215.24553723799002
1,All Population,5,Prevalence,196,South Africa,3,Both,22,All ages,543,Alzheimer's disease and other dementias,3,Rate,2014,344.60105402793,397.27262701313003,296.83408398445
1,All Population,5,Prevalence,151,Qatar,3,Both,22,All ages,543,Alzheimer's disease and other dementias,3,Rate,2014,86.53300056693,98.66892085054,75.03164293039
1,All Population,5,Prevalence,140,Bahrain,3,Both,22,All ages,543,Alzheimer's disease and other dementias,3,Rate,2014,169.65575544078,191.76551109998,147.73344775398002
1,All Population,5,Prevalence,22,Fiji,3,Both,22,All ages,543,Alzheimer's disease and other dementias,3,Rate,2014,256.49151568115997,294.33856092467,220.77837979202
1,All Population,5,Prevalence,38,Mongolia,3,Both,22,All ages,543,Alzheimer's disease and other dementias,3,Rate,2014,233.35607067083,264.06957717162,202.48840309732
1,All Population,5,Prevalence,320,Cook Islands,3,Both,22,All ages,543,Alzheimer's disease and other dementias,3,Rate,2014,473.02498372086,538.39471464267,403.24065508829
1,All Population,5,Prevalence,111,Dominican Republic,3,Both,22,All ages,543,Alzheimer's disease and other dementias,3,Rate,2014,432.66785484344996,496.45951485298,380.12050333871997
1,All Population,5,Prevalence,48,Hungary,3,Both,22,All ages,543,Alzheimer's disease and other dementias,3,Rate,2014,1111.20095546212,1266.1475069559801,946.08590304146
1,All Population,5,Prevalence,59,Latvia,3,Both,22,All ages,543,Alzheimer's disease and other dementias,3,Rate,2014,1226.57529240668,1410.7911723920802,1028.00833888689
1,All Population,5,Prevalence,25,Micronesia (Federated States of),3,Both,22,All ages,543,Alzheimer's disease and other dementias,3,Rate,2014,210.99795205222998,238.54619290992002,180.97105143675
1,All Population,5,Prevalence,193,Botswana,3,Both,22,All ages,543,Alzheimer's disease and other dementias,3,Rate,2014,313.57069603264,356.29365892576,271.90107375636995
1,All Population,5,Prevalence,24,Marshall Islands,3,Both,22,All ages,543,Alzheimer's disease and other dementias,3,Rate,2014,117.89716400054,133.54165548790002,101.68811195151999
1,All Population,5,Prevalence,125,Colombia,3,Both,22,All ages,543,Alzheimer's disease and other dementias,3,Rate,2014,581.67516335156,667.3184310926699,500.54429345682
1,All Population,5,Prevalence,72,New Zealand,3,Both,22,All ages,543,Alzheimer's disease and other dementias,3,Rate,2014,1395.68587305856,1620.07096112704,1175.18114639858
1,All Population,5,Prevalence,40,Turkmenistan,3,Both,22,All ages,543,Alzheimer's disease and other dementias,3,Rate,2014,257.62029419226,295.07874739703,223.97661322501
1,All Population,5,Prevalence,35,Georgia,3,Both,22,All ages,543,Alzheimer's disease and other dementias,3,Rate,2015,978.9064858759199,1130.34557954845,831.8523799919901
1,All Population,5,Prevalence,127,El Salvador,3,Both,22,All ages,543,Alzheimer's disease and other dementias,3,Rate,2014,561.2424532531801,642.46080877845,482.02303938723
1,All Population,5,Prevalence,98,Chile,3,Both,22,All ages,543,Alzheimer's disease and other dementias,3,Rate,2014,777.8403953935,894.9962011637599,668.00051645529
1,All Population,5,Prevalence,49,North Macedonia,3,Both,22,All ages,543,Alzheimer's disease and other dementias,3,Rate,2014,716.20355961659,831.1784570050701,593.83171965608
1,All Population,5,Prevalence,164,Nepal,3,Both,22,All ages,543,Alzheimer's disease and other dementias,3,Rate,2014,228.58004388275,260.95496607142,200.33392299634002
1,All Population,5,Prevalence,37,Kyrgyzstan,3,Both,22,All ages,543,Alzheimer's disease and other dementias,3,Rate,2015,267.10202185536,304.29359640704,233.82511589917
1,All Population,5,Prevalence,129,Honduras,3,Both,22,All ages,543,Alzheimer's disease and other dementias,3,Rate,2014,304.55719166593997,348.18912173674,261.84997789533
1,All Population,5,Prevalence,153,Syrian Arab Republic,3,Both,22,All ages,543,Alzheimer's disease and other dementias,3,Rate,2014,247.45297283596003,284.09623302722997,212.28893681177001
1,All Population,5,Prevalence,105,Antigua and Barbuda,3,Both,22,All ages,543,Alzheimer's disease and other dementias,3,Rate,2015,588.20587913038,676.35256794125,505.86516531376003
1,All Population,5,Prevalence,41,Uzbekistan,3,Both,22,All ages,543,Alzheimer's disease and other dementias,3,Rate,2014,274.31846737967,314.53454156609996,237.38166157775
1,All Population,5,Prevalence,14,Maldives,3,Both,22,All ages,543,Alzheimer's disease and other dementias,3,Rate,2014,195.40085434582,222.14307029870002,167.54338742496
1,All Population,5,Prevalence,39,Tajikistan,3,Both,22,All ages,543,Alzheimer's disease and other dementias,3,Rate,2015,192.19248280825,216.75520229376,166.8190808293
1,All Population,5,Prevalence,61,Republic of Moldova,3,Both,22,All ages,543,Alzheimer's disease and other dementias,3,Rate,2014,806.0566179602,926.65733547502,693.9325022007
1,All Population,5,Prevalence,131,Nicaragua,3,Both,22,All ages,543,Alzheimer's disease and other dementias,3,Rate,2014,351.03470401122996,401.19450224009995,302.86097713266
1,All Population,5,Prevalence,51,Poland,3,Both,22,All ages,543,Alzheimer's disease and other dementias,3,Rate,2014,977.03837726776,1131.9150334159299,806.5609705649301
1,All Population,5,Prevalence,119,Trinidad and Tobago,3,Both,22,All ages,543,Alzheimer's disease and other dementias,3,Rate,2014,574.30542250549,662.5482109913601,492.79923903826005
1,All Population,5,Prevalence,396,San Marino,3,Both,22,All ages,543,Alzheimer's disease and other dementias,3,Rate,2014,1311.12226116792,1500.5459431936401,1083.42142457769
1,All Population,5,Prevalence,212,Mauritania,3,Both,22,All ages,543,Alzheimer's disease and other dementias,3,Rate,2014,157.40838726839,178.58018736996,136.59314737034998
1,All Population,5,Prevalence,53,Serbia,3,Both,22,All ages,543,Alzheimer's disease and other dementias,3,Rate,2014,899.42065051371,1045.41446851213,759.1775343816499
1,All Population,5,Prevalence,161,Bangladesh,3,Both,22,All ages,543,Alzheimer's disease and other dementias,3,Rate,2014,195.67990417329,221.67972634259,169.49287601513
1,All Population,5,Prevalence,155,Türkiye,3,Both,22,All ages,543,Alzheimer's disease and other dementias,3,Rate,2014,610.8702390751399,691.07149325472,525.42878826923
1,All Population,5,Prevalence,108,Belize,3,Both,22,All ages,543,Alzheimer's disease and other dementias,3,Rate,2014,299.61270027766,340.26489781709,257.19467125153
1,All Population,5,Prevalence,201,Burkina Faso,3,Both,22,All ages,543,Alzheimer's disease and other dementias,3,Rate,2014,146.28411469246,165.70786517069,126.57234865725
1,All Population,5,Prevalence,55,Slovenia,3,Both,22,All ages,543,Alzheimer's disease and other dementias,3,Rate,2014,1162.04500853509,1330.16918889097,986.06279741826
1,All Population,5,Prevalence,63,Ukraine,3,Both,22,All ages,543,Alzheimer's disease and other dementias,3,Rate,2014,976.23515058117,1143.26960425668,816.0062843807299
1,All Population,5,Prevalence,16,Philippines,3,Both,22,All ages,543,Alzheimer's disease and other dementias,3,Rate,2014,215.30567341248,245.71538937602,183.10048080855
1,All Population,5,Prevalence,214,Nigeria,3,Both,22,All ages,543,Alzheimer's disease and other dementias,3,Rate,2014,110.67039597367,126.58573115641,94.96217598396
1,All Population,5,Prevalence,168,Angola,3,Both,22,All ages,543,Alzheimer's disease and other dementias,3,Rate,2014,166.00556606746,187.91973920393002,145.63767047998
1,All Population,5,Prevalence,416,Tuvalu,3,Both,22,All ages,543,Alzheimer's disease and other dementias,3,Rate,2014,280.75227637404004,318.52703800354,239.85197923986
1,All Population,5,Prevalence,171,Democratic Republic of the Congo,3,Both,22,All ages,543,Alzheimer's disease and other dementias,3,Rate,2014,204.93261623761,232.41269440828,177.98463845485
1,All Population,5,Prevalence,11,Indonesia,3,Both,22,All ages,543,Alzheimer's disease and other dementias,3,Rate,2014,249.49447224965,284.83621927559,212.05237226529
1,All Population,5,Prevalence,58,Estonia,3,Both,22,All ages,543,Alzheimer's disease and other dementias,3,Rate,2015,1252.74111287596,1452.8722365086,1057.32016613019
1,All Population,5,Prevalence,77,Cyprus,3,Both,22,All ages,543,Alzheimer's disease and other dementias,3,Rate,2014,820.2317761355099,946.96871404327,682.6789103646299
1,All Population,5,Prevalence,88,Malta,3,Both,22,All ages,543,Alzheimer's disease and other dementias,3,Rate,2014,1147.76486224881,1320.02831946803,949.7857320700499
1,All Population,5,Prevalence,133,Venezuela (Bolivarian Republic of),3,Both,22,All ages,543,Alzheimer's disease and other dementias,3,Rate,2014,491.66665861633004,559.85492554909,431.39045314893997
1,All Population,5,Prevalence,27,Samoa,3,Both,22,All ages,543,Alzheimer's disease and other dementias,3,Rate,2014,338.86918661915,387.61287233127996,283.40013775521
1,All Population,5,Prevalence,74,Andorra,3,Both,22,All ages,543,Alzheimer's disease and other dementias,3,Rate,2014,1133.27226800838,1303.21931049482,953.95767052592
1,All Population,5,Prevalence,54,Slovakia,3,Both,22,All ages,543,Alzheimer's disease and other dementias,3,Rate,2014,819.8497187616,941.97664952921,697.47846617726
1,All Population,5,Prevalence,24,Marshall Islands,3,Both,22,All ages,543,Alzheimer's disease and other dementias,3,Rate,2015,122.49183440496999,138.79809008057,105.79311781224001
1,All Population,5,Prevalence,101,Canada,3,Both,22,All ages,543,Alzheimer's disease and other dementias,3,Rate,2014,1628.403798001,1790.52901239819,1436.58099450663
1,All Population,5,Prevalence,7,Democratic People's Republic of Korea,3,Both,22,All ages,543,Alzheimer's disease and other dementias,3,Rate,2014,502.64302042264,585.27237555655,408.43843296560004
1,All Population,5,Prevalence,172,Equatorial Guinea,3,Both,22,All ages,543,Alzheimer's disease and other dementias,3,Rate,2014,164.45093717573,187.87965098384,140.36088011675
1,All Population,5,Prevalence,8,Taiwan,3,Both,22,All ages,543,Alzheimer's disease and other dementias,3,Rate,2015,741.42534030532,852.8344315459201,610.7096747056501
1,All Population,5,Prevalence,112,Grenada,3,Both,22,All ages,543,Alzheimer's disease and other dementias,3,Rate,2014,792.50297347756,913.17648719762,676.14777201147
1,All Population,5,Prevalence,50,Montenegro,3,Both,22,All ages,543,Alzheimer's disease and other dementias,3,Rate,2014,798.8036049633499,917.35254754755,673.73589825353
1,All Population,5,Prevalence,216,Senegal,3,Both,22,All ages,543,Alzheimer's disease and other dementias,3,Rate,2014,167.02093023103,189.27233750741001,144.29182492774
1,All Population,5,Prevalence,170,Congo,3,Both,22,All ages,543,Alzheimer's disease and other dementias,3,Rate,2014,215.13545739591999,235.90052624500998,194.27495311418
1,All Population,5,Prevalence,102,United States of America,3,Both,22,All ages,543,Alzheimer's disease and other dementias,3,Rate,2014,1275.85747761696,1457.49827530059,1065.55250837015
1,All Population,5,Prevalence,114,Haiti,3,Both,22,All ages,543,Alzheimer's disease and other dementias,3,Rate,2014,213.49611723325998,243.95349639167998,184.51943067947
1,All Population,5,Prevalence,176,Comoros,3,Both,22,All ages,543,Alzheimer's disease and other dementias,3,Rate,2014,369.57000237908,420.95593046728,318.30757119363
1,All Population,5,Prevalence,116,Saint Lucia,3,Both,22,All ages,543,Alzheimer's disease and other dementias,3,Rate,2014,670.73097083166,765.30899644813,575.77343170958
1,All Population,5,Prevalence,87,Luxembourg,3,Both,22,All ages,543,Alzheimer's disease and other dementias,3,Rate,2014,791.55861076907,930.33419468081,663.4667110061
1,All Population,5,Prevalence,195,Namibia,3,Both,22,All ages,543,Alzheimer's disease and other dementias,3,Rate,2014,259.79208012004,294.19199236987,223.51323754035
1,All Population,5,Prevalence,178,Eritrea,3,Both,22,All ages,543,Alzheimer's disease and other dementias,3,Rate,2014,195.99557176218,223.2096510366,169.35527942194
1,All Population,5,Prevalence,149,Palestine,3,Both,22,All ages,543,Alzheimer's disease and other dementias,3,Rate,2014,221.16884411315002,250.50035220798,190.31404181816
1,All Population,5,Prevalence,6,China,3,Both,22,All ages,543,Alzheimer's disease and other dementias,3,Rate,2014,915.73149153303,1051.62718385065,757.79817836751
1,All Population,5,Prevalence,136,Paraguay,3,Both,22,All ages,543,Alzheimer's disease and other dementias,3,Rate,2014,521.6530878083499,590.14188709044,453.38931173412
1,All Population,5,Prevalence,179,Ethiopia,3,Both,22,All ages,543,Alzheimer's disease and other dementias,3,Rate,2014,170.09554241703,195.59085074049,146.08331905309998
1,All Population,5,Prevalence,150,Oman,3,Both,22,All ages,543,Alzheimer's disease and other dementias,3,Rate,2014,170.78504045027,194.37482809393,148.17377478961
1,All Population,5,Prevalence,198,Zimbabwe,3,Both,22,All ages,543,Alzheimer's disease and other dementias,3,Rate,2014,235.20286270897,267.14312339354,202.16418989883
1,All Population,5,Prevalence,19,Timor-Leste,3,Both,22,All ages,543,Alzheimer's disease and other dementias,3,Rate,2015,205.29911053147003,235.9459898142,175.10182851444
1,All Population,5,Prevalence,380,Palau,3,Both,22,All ages,543,Alzheimer's disease and other dementias,3,Rate,2014,324.50882329413,367.88293728414,276.42897240589
1,All Population,5,Prevalence,33,Armenia,3,Both,22,All ages,543,Alzheimer's disease and other dementias,3,Rate,2015,786.67844501262,905.95925534027,674.8384422950301
1,All Population,5,Prevalence,110,Dominica,3,Both,22,All ages,543,Alzheimer's disease and other dementias,3,Rate,2014,793.9356917992999,916.45549953559,675.14740579912
1,All Population,5,Prevalence,18,Thailand,3,Both,22,All ages,543,Alzheimer's disease and other dementias,3,Rate,2015,593.43195961073,674.27124940713,505.78432711819
1,All Population,5,Prevalence,80,France,3,Both,22,All ages,543,Alzheimer's disease and other dementias,3,Rate,2014,1154.26811354234,1291.65827850689,1002.3914061641499
1,All Population,5,Prevalence,52,Romania,3,Both,22,All ages,543,Alzheimer's disease and other dementias,3,Rate,2015,1062.0342287752599,1224.28452591932,887.63480223115
1,All Population,5,Prevalence,23,Kiribati,3,Both,22,All ages,543,Alzheimer's disease and other dementias,3,Rate,2015,214.14550341310002,241.11423950956998,185.17718209493
1,All Population,5,Prevalence,95,United Kingdom,3,Both,22,All ages,543,Alzheimer's disease and other dementias,3,Rate,2014,1368.8037969914901,1582.5504267231,1134.3327633590102
1,All Population,5,Prevalence,66,Brunei Darussalam,3,Both,22,All ages,543,Alzheimer's disease and other dementias,3,Rate,2014,242.77090802575,277.56554073716,210.99315912466
1,All Population,5,Prevalence,305,Bermuda,3,Both,22,All ages,543,Alzheimer's disease and other dementias,3,Rate,2014,1055.36286583828,1213.86116383519,904.31747203674
1,All Population,5,Prevalence,74,Andorra,3,Both,22,All ages,543,Alzheimer's disease and other dementias,3,Rate,2015,1161.41976141009,1336.14969817027,972.9734449971701
1,All Population,5,Prevalence,27,Samoa,3,Both,22,All ages,543,Alzheimer's disease and other dementias,3,Rate,2015,341.11371347666,390.27060903699,285.38190481267003
1,All Population,5,Prevalence,121,Bolivia (Plurinational State of),3,Both,22,All ages,543,Alzheimer's disease and other dementias,3,Rate,2014,262.22465758386,301.44457541135,228.52505214385
1,All Population,5,Prevalence,16,Philippines,3,Both,22,All ages,543,Alzheimer's disease and other dementias,3,Rate,2015,218.69770820892,249.63239563496998,185.93937666974
1,All Population,5,Prevalence,351,Guam,3,Both,22,All ages,543,Alzheimer's disease and other dementias,3,Rate,2014,431.13351775505,488.62951490382994,368.03520265706
1,All Population,5,Prevalence,206,Gambia,3,Both,22,All ages,543,Alzheimer's disease and other dementias,3,Rate,2014,158.54817142483998,180.75774105269,136.87594214466
1,All Population,5,Prevalence,180,Kenya,3,Both,22,All ages,543,Alzheimer's disease and other dementias,3,Rate,2014,186.35478861098,214.71923039304,159.59717946169
1,All Population,5,Prevalence,35,Georgia,3,Both,22,All ages,543,Alzheimer's disease and other dementias,3,Rate,2014,977.81211263906,1132.29328742843,833.4891800205401
1,All Population,5,Prevalence,26,Papua New Guinea,3,Both,22,All ages,543,Alzheimer's disease and other dementias,3,Rate,2015,142.64245047583,160.38043611257999,122.26528681581999
1,All Population,5,Prevalence,58,Estonia,3,Both,22,All ages,543,Alzheimer's disease and other dementias,3,Rate,2014,1228.25024812131,1425.17761041267,1040.0033951
1,All Population,5,Prevalence,376,Northern Mariana Islands,3,Both,22,All ages,543,Alzheimer's disease and other dementias,3,Rate,2014,218.85893401428999,246.72524703874,189.17201850702
1,All Population,5,Prevalence,67,Japan,3,Both,22,All ages,543,Alzheimer's disease and other dementias,3,Rate,2014,2134.37896547603,2502.54683864881,1795.86886047806
1,All Population,5,Prevalence,55,Slovenia,3,Both,22,All ages,543,Alzheimer's disease and other dementias,3,Rate,2015,1196.15768221302,1372.2644626972701,1012.2708415496701
1,All Population,5,Prevalence,19,Timor-Leste,3,Both,22,All ages,543,Alzheimer's disease and other dementias,3,Rate,2014,198.17151760674,225.47707365418,169.40935474506
1,All Population,5,Prevalence,49,North Macedonia,3,Both,22,All ages,543,Alzheimer's disease and other dementias,3,Rate,2015,757.1986616002,878.99328911404,627.7197291628299
1,All Population,5,Prevalence,66,Brunei Darussalam,3,Both,22,All ages,543,Alzheimer's disease and other dementias,3,Rate,2015,255.61046666830998,293.83101211685,221.89902959020998
1,All Population,5,Prevalence,44,Bosnia and Herzegovina,3,Both,22,All ages,543,Alzheimer's disease and other dementias,3,Rate,2014,852.10484655723,980.60071953482,724.48367193703
1,All Population,5,Prevalence,29,Tonga,3,Both,22,All ages,543,Alzheimer's disease and other dementias,3,Rate,2014,322.24231556326,369.49246768219,271.3536384359
1,All Population,5,Prevalence,75,Austria,3,Both,22,All ages,543,Alzheimer's disease and other dementias,3,Rate,2015,1376.7803458538299,1598.51821670897,1143.42609031144
1,All Population,5,Prevalence,105,Antigua and Barbuda,3,Both,22,All ages,543,Alzheimer's disease and other dementias,3,Rate,2014,574.99920046405,660.44138686506,494.41971897153996
1,All Population,5,Prevalence,68,Republic of Korea,3,Both,22,All ages,543,Alzheimer's disease and other dementias,3,Rate,2015,986.79135282384,1107.2752652167298,869.09530564907
1,All Population,5,Prevalence,135,Brazil,3,Both,22,All ages,543,Alzheimer's disease and other dementias,3,Rate,2014,769.3084903755,876.2348325201,673.48473848909
1,All Population,5,Prevalence,163,India,3,Both,22,All ages,543,Alzheimer's disease and other dementias,3,Rate,2014,234.76306986113002,269.57971740505,202.81510552427
1,All Population,5,Prevalence,142,Iran (Islamic Republic of),3,Both,22,All ages,543,Alzheimer's disease and other dementias,3,Rate,2014,439.92423733297994,505.43317700748,371.760492742
1,All Population,5,Prevalence,79,Finland,3,Both,22,All ages,543,Alzheimer's disease and other dementias,3,Rate,2014,1431.26762714547,1641.4539858425298,1186.11813792592
1,All Population,5,Prevalence,34,Azerbaijan,3,Both,22,All ages,543,Alzheimer's disease and other dementias,3,Rate,2014,373.40245835538,425.59656383145,325.09796081927
1,All Population,5,Prevalence,126,Costa Rica,3,Both,22,All ages,543,Alzheimer's disease and other dementias,3,Rate,2014,561.66700478431,643.86581336081,482.27037531675
1,All Population,5,Prevalence,34,Azerbaijan,3,Both,22,All ages,543,Alzheimer's disease and other dementias,3,Rate,2015,379.46403974348,434.07328668215996,330.14716094777
1,All Population,5,Prevalence,156,United Arab Emirates,3,Both,22,All ages,543,Alzheimer's disease and other dementias,3,Rate,2014,66.16713388051001,74.83727049319,56.897155956999995
1,All Population,5,Prevalence,173,Gabon,3,Both,22,All ages,543,Alzheimer's disease and other dementias,3,Rate,2014,363.01049349084997,415.26162217972995,309.38405539711
1,All Population,5,Prevalence,148,Morocco,3,Both,22,All ages,543,Alzheimer's disease and other dementias,3,Rate,2015,437.08377147008,502.82455032646,371.4006725411
1,All Population,5,Prevalence,298,American Samoa,3,Both,22,All ages,543,Alzheimer's disease and other dementias,3,Rate,2014,245.07046322037002,277.81928650516,210.30681231175998
1,All Population,5,Prevalence,76,Belgium,3,Both,22,All ages,543,Alzheimer's disease and other dementias,3,Rate,2014,1540.87972266424,1782.7947813791202,1253.7495106134102
1,All Population,5,Prevalence,119,Trinidad and Tobago,3,Both,22,All ages,543,Alzheimer's disease and other dementias,3,Rate,2015,590.47087779637,683.61715760309,505.93223408163004
1,All Population,5,Prevalence,522,Sudan,3,Both,22,All ages,543,Alzheimer's disease and other dementias,3,Rate,2014,260.795167829,299.12682430968,224.48859722482
1,All Population,5,Prevalence,52,Romania,3,Both,22,All ages,543,Alzheimer's disease and other dementias,3,Rate,2014,1035.44196623309,1184.7798713510501,872.0343488717
1,All Population,5,Prevalence,113,Guyana,3,Both,22,All ages,543,Alzheimer's disease and other dementias,3,Rate,2015,355.29613040953,404.1171835963,307.26027521465
1,All Population,5,Prevalence,115,Jamaica,3,Both,22,All ages,543,Alzheimer's disease and other dementias,3,Rate,2015,719.97557894004,821.2473032234701,617.46533601107
1,All Population,5,Prevalence,117,Saint Vincent and the Grenadines,3,Both,22,All ages,543,Alzheimer's disease and other dementias,3,Rate,2015,698.36054375579,803.3899182518201,594.34278297491
1,All Population,5,Prevalence,181,Madagascar,3,Both,22,All ages,543,Alzheimer's disease and other dementias,3,Rate,2014,136.08093813214998,154.67147073871,117.89122484383999
1,All Population,5,Prevalence,196,South Africa,3,Both,22,All ages,543,Alzheimer's disease and other dementias,3,Rate,2015,346.74343350114,399.5730504307,299.30307094181
1,All Population,5,Prevalence,157,Yemen,3,Both,22,All ages,543,Alzheimer's disease and other dementias,3,Rate,2014,170.57329746959,193.59285674493998,147.75683181154
1,All Population,5,Prevalence,187,Somalia,3,Both,22,All ages,543,Alzheimer's disease and other dementias,3,Rate,2014,169.55962428396,192.40709388927002,147.74476766261
1,All Population,5,Prevalence,349,Greenland,3,Both,22,All ages,543,Alzheimer's disease and other dementias,3,Rate,2014,527.35215576527,605.83684807983,449.07896880158
1,All Population,5,Prevalence,435,South Sudan,3,Both,22,All ages,543,Alzheimer's disease and other dementias,3,Rate,2014,123.49068605373,138.15240909564,108.19074065238001
1,All Population,5,Prevalence,203,Cabo Verde,3,Both,22,All ages,543,Alzheimer's disease and other dementias,3,Rate,2014,317.13215827018,364.05975963183,268.7812133755
1,All Population,5,Prevalence,20,Viet Nam,3,Both,22,All ages,543,Alzheimer's disease and other dementias,3,Rate,2015,373.69008199678,423.33950750217997,322.74487771622
1,All Population,5,Prevalence,82,Greece,3,Both,22,All ages,543,Alzheimer's disease and other dementias,3,Rate,2014,2021.6954964165202,2340.46186544113,1688.5084799179801
1,All Population,5,Prevalence,89,Netherlands,3,Both,22,All ages,543,Alzheimer's disease and other dementias,3,Rate,2014,1321.99397031436,1490.52305625675,1108.2356719402799
1,All Population,5,Prevalence,197,Eswatini,3,Both,22,All ages,543,Alzheimer's disease and other dementias,3,Rate,2014,238.73757612954998,272.94817724002,205.1974121422
1,All Population,5,Prevalence,63,Ukraine,3,Both,22,All ages,543,Alzheimer's disease and other dementias,3,Rate,2015,992.6276881194899,1159.66082952761,830.33171929789
1,All Population,5,Prevalence,87,Luxembourg,3,Both,22,All ages,543,Alzheimer's disease and other dementias,3,Rate,2015,806.82556077648,949.04510149743,674.15181560576
1,All Population,5,Prevalence,123,Peru,3,Both,22,All ages,543,Alzheimer's disease and other dementias,3,Rate,2014,366.66561746613,417.20843937967,320.3944129948
1,All Population,5,Prevalence,380,Palau,3,Both,22,All ages,543,Alzheimer's disease and other dementias,3,Rate,2015,334.09588630928,379.8077120452,284.59676720068
1,All Population,5,Prevalence,13,Malaysia,3,Both,22,All ages,543,Alzheimer's disease and other dementias,3,Rate,2015,313.37089282128,356.39453935057,270.06304528025
1,All Population,5,Prevalence,139,Algeria,3,Both,22,All ages,543,Alzheimer's disease and other dementias,3,Rate,2015,415.12798685069,476.82664030315993,355.43273559157
1,All Population,5,Prevalence,200,Benin,3,Both,22,All ages,543,Alzheimer's disease and other dementias,3,Rate,2014,130.96828357824,146.72207092003,114.64872615311
1,All Population,5,Prevalence,165,Pakistan,3,Both,22,All ages,543,Alzheimer's disease and other dementias,3,Rate,2015,179.35855472359,206.11054697434002,153.74280416251
1,All Population,5,Prevalence,182,Malawi,3,Both,22,All ages,543,Alzheimer's disease and other dementias,3,Rate,2014,166.82295897387,190.17793608039,142.84523246081
1,All Population,5,Prevalence,152,Saudi Arabia,3,Both,22,All ages,543,Alzheimer's disease and other dementias,3,Rate,2014,149.72404380206,168.04312587586,128.28019009594001
1,All Population,5,Prevalence,111,Dominican Republic,3,Both,22,All ages,543,Alzheimer's disease and other dementias,3,Rate,2015,436.53348686412,500.00776290428996,384.99883863560996
1,All Population,5,Prevalence,184,Mozambique,3,Both,22,All ages,543,Alzheimer's disease and other dementias,3,Rate,2015,188.7607791298,214.37949290681,163.81333149123
1,All Population,5,Prevalence,72,New Zealand,3,Both,22,All ages,543,Alzheimer's disease and other dementias,3,Rate,2015,1411.0651293138799,1640.4130698673798,1191.37000416533
1,All Population,5,Prevalence,118,Suriname,3,Both,22,All ages,543,Alzheimer's disease and other dementias,3,Rate,2015,511.11578858408,585.40615019176,439.77721796567005
1,All Population,5,Prevalence,76,Belgium,3,Both,22,All ages,543,Alzheimer's disease and other dementias,3,Rate,2015,1576.21767533653,1826.21639331274,1285.81621972467
1,All Population,5,Prevalence,385,Puerto Rico,3,Both,22,All ages,543,Alzheimer's disease and other dementias,3,Rate,2014,1171.3309839761998,1341.06105016741,1005.3566868027299
1,All Population,5,Prevalence,164,Nepal,3,Both,22,All ages,543,Alzheimer's disease and other dementias,3,Rate,2015,235.02027279646,269.29180306024,205.79525077569
1,All Population,5,Prevalence,121,Bolivia (Plurinational State of),3,Both,22,All ages,543,Alzheimer's disease and other dementias,3,Rate,2015,267.48904178259,308.52094296262,233.25623157300998
1,All Population,5,Prevalence,168,Angola,3,Both,22,All ages,543,Alzheimer's disease and other dementias,3,Rate,2015,167.22395705681,189.71152013153,145.91498351318
1,All Population,5,Prevalence,211,Mali,3,Both,22,All ages,543,Alzheimer's disease and other dementias,3,Rate,2015,119.28799256519999,135.73683186151,102.90045592182
1,All Population,5,Prevalence,180,Kenya,3,Both,22,All ages,543,Alzheimer's disease and other dementias,3,Rate,2015,190.02002452746,218.91212779884998,162.59933491075
1,All Population,5,Prevalence,113,Guyana,3,Both,22,All ages,543,Alzheimer's disease and other dementias,3,Rate,2014,346.30853284572004,394.36105524123997,299.74789081756
1,All Population,5,Prevalence,98,Chile,3,Both,22,All ages,543,Alzheimer's disease and other dementias,3,Rate,2015,793.7489110724799,914.6579060988701,680.20523843109
1,All Population,5,Prevalence,54,Slovakia,3,Both,22,All ages,543,Alzheimer's disease and other dementias,3,Rate,2015,843.7552516964699,967.32873535126,710.75392082679
1,All Population,5,Prevalence,208,Guinea,3,Both,22,All ages,543,Alzheimer's disease and other dementias,3,Rate,2014,173.35379179319,196.11135912292002,148.99697220103
1,All Population,5,Prevalence,71,Australia,3,Both,22,All ages,543,Alzheimer's disease and other dementias,3,Rate,2015,1453.58431440162,1653.4014208883198,1197.8059405578501
1,All Population,5,Prevalence,69,Singapore,3,Both,22,All ages,543,Alzheimer's disease and other dementias,3,Rate,2014,513.04905245898,573.0756834341,453.41414298591997
1,All Population,5,Prevalence,37,Kyrgyzstan,3,Both,22,All ages,543,Alzheimer's disease and other dementias,3,Rate,2014,268.64225446390003,306.00642417502996,235.31658995568998
1,All Population,5,Prevalence,7,Democratic People's Republic of Korea,3,Both,22,All ages,543,Alzheimer's disease and other dementias,3,Rate,2015,516.44830029458,603.44856110539,419.37038930795
1,All Population,5,Prevalence,67,Japan,3,Both,22,All ages,543,Alzheimer's disease and other dementias,3,Rate,2015,2206.0704836059203,2587.3481812628397,1856.55574413204
1,All Population,5,Prevalence,126,Costa Rica,3,Both,22,All ages,543,Alzheimer's disease and other dementias,3,Rate,2015,578.6613896487,663.1675119912101,497.27304085615
1,All Population,5,Prevalence,97,Argentina,3,Both,22,All ages,543,Alzheimer's disease and other dementias,3,Rate,2014,784.06136910717,900.27410063212,667.46066865617
1,All Population,5,Prevalence,141,Egypt,3,Both,22,All ages,543,Alzheimer's disease and other dementias,3,Rate,2015,234.38108622278,262.86214956347004,203.26790102175
1,All Population,5,Prevalence,170,Congo,3,Both,22,All ages,543,Alzheimer's disease and other dementias,3,Rate,2015,213.81084535784,233.44859779941,192.79423458994
1,All Population,5,Prevalence,123,Peru,3,Both,22,All ages,543,Alzheimer's disease and other dementias,3,Rate,2015,373.27161870691,425.28801001565995,325.73693268083
1,All Population,5,Prevalence,210,Liberia,3,Both,22,All ages,543,Alzheimer's disease and other dementias,3,Rate,2014,125.94858946027999,143.01973540464002,109.03996839334
1,All Population,5,Prevalence,80,France,3,Both,22,All ages,543,Alzheimer's disease and other dementias,3,Rate,2015,1181.48650522099,1325.82002157414,1027.51460605986
1,All Population,5,Prevalence,212,Mauritania,3,Both,22,All ages,543,Alzheimer's disease and other dementias,3,Rate,2015,157.46773495547,178.26158527018998,136.7267300883
1,All Population,5,Prevalence,149,Palestine,3,Both,22,All ages,543,Alzheimer's disease and other dementias,3,Rate,2015,224.28805722630997,254.98239181817002,192.90723501783998
1,All Population,5,Prevalence,139,Algeria,3,Both,22,All ages,543,Alzheimer's disease and other dementias,3,Rate,2014,406.71428429958,467.23222446500006,348.01052907171
1,All Population,5,Prevalence,133,Venezuela (Bolivarian Republic of),3,Both,22,All ages,543,Alzheimer's disease and other dementias,3,Rate,2015,502.05380856681,571.80497349018,440.60945117431004
1,All Population,5,Prevalence,28,Solomon Islands,3,Both,22,All ages,543,Alzheimer's disease and other dementias,3,Rate,2015,169.41989042142,195.34639772716,145.4330243527
1,All Population,5,Prevalence,10,Cambodia,3,Both,22,All ages,543,Alzheimer's disease and other dementias,3,Rate,2015,236.09395822858002,266.86797578118995,201.07944996518998
1,All Population,5,Prevalence,179,Ethiopia,3,Both,22,All ages,543,Alzheimer's disease and other dementias,3,Rate,2015,172.07695930695,197.70383637351003,147.99870890548002
1,All Population,5,Prevalence,78,Denmark,3,Both,22,All ages,543,Alzheimer's disease and other dementias,3,Rate,2014,948.03379222402,1076.87381932156,815.2251566262
1,All Population,5,Prevalence,128,Guatemala,3,Both,22,All ages,543,Alzheimer's disease and other dementias,3,Rate,2014,332.93548274187003,384.0854484409,284.79069766780003
1,All Population,5,Prevalence,102,United States of America,3,Both,22,All ages,543,Alzheimer's disease and other dementias,3,Rate,2015,1294.46017076721,1479.84336749856,1082.4017282815898
1,All Population,5,Prevalence,44,Bosnia and Herzegovina,3,Both,22,All ages,543,Alzheimer's disease and other dementias,3,Rate,2015,891.08118388424,1022.35745784258,755.61574977049
1,All Population,5,Prevalence,189,United Republic of Tanzania,3,Both,22,All ages,543,Alzheimer's disease and other dementias,3,Rate,2015,204.7721794674,228.93856203995,181.10448094901
1,All Population,5,Prevalence,171,Democratic Republic of the Congo,3,Both,22,All ages,543,Alzheimer's disease and other dementias,3,Rate,2015,205.00475383721002,232.74285483110003,177.41874113731
1,All Population,5,Prevalence,422,United States Virgin Islands,3,Both,22,All ages,543,Alzheimer's disease and other dementias,3,Rate,2015,990.87247886428,1128.98514177191,854.1548294498699
1,All Population,5,Prevalence,107,Barbados,3,Both,22,All ages,543,Alzheimer's disease and other dementias,3,Rate,2015,943.79207021171,1091.0925344094799,811.1668778868999
1,All Population,5,Prevalence,6,China,3,Both,22,All ages,543,Alzheimer's disease and other dementias,3,Rate,2015,958.1360563173799,1099.32522119634,797.2472699757999
1,All Population,5,Prevalence,156,United Arab Emirates,3,Both,22,All ages,543,Alzheimer's disease and other dementias,3,Rate,2015,73.26590105546,83.06922274109,62.917685821
1,All Population,5,Prevalence,160,Afghanistan,3,Both,22,All ages,543,Alzheimer's disease and other dementias,3,Rate,2015,148.7370995954,171.77864995719,127.88011759072
1,All Population,5,Prevalence,51,Poland,3,Both,22,All ages,543,Alzheimer's disease and other dementias,3,Rate,2015,1006.82553607775,1167.34774509406,834.31714927773
1,All Population,5,Prevalence,195,Namibia,3,Both,22,All ages,543,Alzheimer's disease and other dementias,3,Rate,2015,260.40450473625,294.29415418521,224.32326020070002
1,All Population,5,Prevalence,216,Senegal,3,Both,22,All ages,543,Alzheimer's disease and other dementias,3,Rate,2015,168.07823142651,190.12730108297,145.06570373609
1,All Population,5,Prevalence,142,Iran (Islamic Republic of),3,Both,22,All ages,543,Alzheimer's disease and other dementias,3,Rate,2015,446.98052026392,513.0616561409701,377.75533422931
1,All Population,5,Prevalence,183,Mauritius,3,Both,22,All ages,543,Alzheimer's disease and other dementias,3,Rate,2014,438.09850033392996,495.4498656005,375.16547487937
1,All Population,5,Prevalence,190,Uganda,3,Both,22,All ages,543,Alzheimer's disease and other dementias,3,Rate,2015,143.77032020385002,164.0899427651,124.42455881899998
1,All Population,5,Prevalence,176,Comoros,3,Both,22,All ages,543,Alzheimer's disease and other dementias,3,Rate,2015,373.35783333748,425.59500681831,321.91392698568
1,All Population,5,Prevalence,84,Ireland,3,Both,22,All ages,543,Alzheimer's disease and other dementias,3,Rate,2014,865.8039181943101,994.65545628778,716.9785600819499
1,All Population,5,Prevalence,129,Honduras,3,Both,22,All ages,543,Alzheimer's disease and other dementias,3,Rate,2015,309.36976756572,353.36586650272,265.67942807341
1,All Population,5,Prevalence,13,Malaysia,3,Both,22,All ages,543,Alzheimer's disease and other dementias,3,Rate,2016,325.03360824095,368.67053630359004,280.96699280776
1,All Population,5,Prevalence,82,Greece,3,Both,22,All ages,543,Alzheimer's disease and other dementias,3,Rate,2015,2099.3441491007,2430.02884384355,1743.18646329813
1,All Population,5,Prevalence,95,United Kingdom,3,Both,22,All ages,543,Alzheimer's disease and other dementias,3,Rate,2015,1397.3184572891,1614.5729975915901,1160.20607757527
1,All Population,5,Prevalence,97,Argentina,3,Both,22,All ages,543,Alzheimer's disease and other dementias,3,Rate,2015,794.37433576906,915.8110700034499,677.3526226583
1,All Population,5,Prevalence,84,Ireland,3,Both,22,All ages,543,Alzheimer's disease and other dementias,3,Rate,2015,894.72692606637,1031.5587041921501,741.2020705536
1,All Population,5,Prevalence,99,Uruguay,3,Both,22,All ages,543,Alzheimer's disease and other dementias,3,Rate,2015,1147.46525251443,1332.82093707739,975.1199521047299
1,All Population,5,Prevalence,86,Italy,3,Both,22,All ages,543,Alzheimer's disease and other dementias,3,Rate,2015,1838.20862695325,2131.35333912019,1577.54935793969
1,All Population,5,Prevalence,101,Canada,3,Both,22,All ages,543,Alzheimer's disease and other dementias,3,Rate,2015,1646.8841610096,1815.54904150722,1449.5608356105101
1,All Population,5,Prevalence,160,Afghanistan,3,Both,22,All ages,543,Alzheimer's disease and other dementias,3,Rate,2014,151.85397453531,175.52290119209002,130.46163167366
1,All Population,5,Prevalence,175,Burundi,3,Both,22,All ages,543,Alzheimer's disease and other dementias,3,Rate,2014,140.51906591701,159.52582637410998,123.58539274999
1,All Population,5,Prevalence,79,Finland,3,Both,22,All ages,543,Alzheimer's disease and other dementias,3,Rate,2015,1458.19691984318,1670.63645308584,1208.1810075620601
1,All Population,5,Prevalence,36,Kazakhstan,3,Both,22,All ages,543,Alzheimer's disease and other dementias,3,Rate,2015,408.91384781652,464.55788348449994,352.52265102193
1,All Population,5,Prevalence,376,Northern Mariana Islands,3,Both,22,All ages,543,Alzheimer's disease and other dementias,3,Rate,2015,231.43251318293,261.24112140446,200.19836155604997
1,All Population,5,Prevalence,136,Paraguay,3,Both,22,All ages,543,Alzheimer's disease and other dementias,3,Rate,2015,529.23861128265,601.12023998009,460.21291688834003
1,All Population,5,Prevalence,57,Belarus,3,Both,22,All ages,543,Alzheimer's disease and other dementias,3,Rate,2015,924.4358814710399,1065.53761358419,774.16998208062
1,All Population,5,Prevalence,305,Bermuda,3,Both,22,All ages,543,Alzheimer's disease and other dementias,3,Rate,2015,1097.64066286886,1257.41385330501,938.93670374011
1,All Population,5,Prevalence,58,Estonia,3,Both,22,All ages,543,Alzheimer's disease and other dementias,3,Rate,2016,1274.67904265677,1477.68768978509,1075.50156533181
1,All Population,5,Prevalence,91,Portugal,3,Both,22,All ages,543,Alzheimer's disease and other dementias,3,Rate,2014,1337.73462712765,1563.2888792255699,1109.11510913042
1,All Population,5,Prevalence,43,Albania,3,Both,22,All ages,543,Alzheimer's disease and other dementias,3,Rate,2014,753.69408137388,863.8889004499,641.1594165464801
1,All Population,5,Prevalence,90,Norway,3,Both,22,All ages,543,Alzheimer's disease and other dementias,3,Rate,2014,1402.49692035339,1611.34432415426,1157.04917745339
1,All Population,5,Prevalence,184,Mozambique,3,Both,22,All ages,543,Alzheimer's disease and other dementias,3,Rate,2014,190.77762616125,216.17689974732,165.4894551676
1,All Population,5,Prevalence,172,Equatorial Guinea,3,Both,22,All ages,543,Alzheimer's disease and other dementias,3,Rate,2015,164.09899751867002,187.67083811927998,140.03316489544
1,All Population,5,Prevalence,203,Cabo Verde,3,Both,22,All ages,543,Alzheimer's disease and other dementias,3,Rate,2015,322.48280641669,370.88074892753,272.81237603049
1,All Population,5,Prevalence,208,Guinea,3,Both,22,All ages,543,Alzheimer's disease and other dementias,3,Rate,2015,170.08143211041,192.60010627713,145.70407738713
1,All Population,5,Prevalence,81,Germany,3,Both,22,All ages,543,Alzheimer's disease and other dementias,3,Rate,2014,2221.66161948037,2474.0429713774497,1933.6848655233
1,All Population,5,Prevalence,75,Austria,3,Both,22,All ages,543,Alzheimer's disease and other dementias,3,Rate,2016,1381.12392418697,1601.7236481297903,1146.69755507604
1,All Population,5,Prevalence,393,Saint Kitts and Nevis,3,Both,22,All ages,543,Alzheimer's disease and other dementias,3,Rate,2014,566.26954024627,644.43298470408,483.90220173235
1,All Population,5,Prevalence,298,American Samoa,3,Both,22,All ages,543,Alzheimer's disease and other dementias,3,Rate,2015,254.03620547649,288.40702904235,218.52335372001
1,All Population,5,Prevalence,22,Fiji,3,Both,22,All ages,543,Alzheimer's disease and other dementias,3,Rate,2015,261.81410133642,298.61566875925,225.66549670376
1,All Population,5,Prevalence,435,South Sudan,3,Both,22,All ages,543,Alzheimer's disease and other dementias,3,Rate,2015,125.76118637671999,140.83513877544,109.65581855801999
1,All Population,5,Prevalence,157,Yemen,3,Both,22,All ages,543,Alzheimer's disease and other dementias,3,Rate,2015,172.80376496920002,196.8671460651,149.57465265163
1,All Population,5,Prevalence,88,Malta,3,Both,22,All ages,543,Alzheimer's disease and other dementias,3,Rate,2016,1193.2986121816,1371.85107132794,990.56790641002
1,All Population,5,Prevalence,15,Myanmar,3,Both,22,All ages,543,Alzheimer's disease and other dementias,3,Rate,2015,277.41598041777,318.01416270129,236.45543077046997
1,All Population,5,Prevalence,78,Denmark,3,Both,22,All ages,543,Alzheimer's disease and other dementias,3,Rate,2015,961.86757783911,1092.04494654132,827.0169136019899
1,All Population,5,Prevalence,41,Uzbekistan,3,Both,22,All ages,543,Alzheimer's disease and other dementias,3,Rate,2016,278.42102207858,317.32397059296,240.48710223382002
1,All Population,5,Prevalence,26,Papua New Guinea,3,Both,22,All ages,543,Alzheimer's disease and other dementias,3,Rate,2016,143.86030941027,161.46463671218999,123.39561456351
1,All Population,5,Prevalence,122,Ecuador,3,Both,22,All ages,543,Alzheimer's disease and other dementias,3,Rate,2015,361.28391218762,416.16968663558,314.13525095637
1,All Population,5,Prevalence,367,Monaco,3,Both,22,All ages,543,Alzheimer's disease and other dementias,3,Rate,2015,1856.31437934897,2134.2367297151,1530.64506084588
1,All Population,5,Prevalence,60,Lithuania,3,Both,22,All ages,543,Alzheimer's disease and other dementias,3,Rate,2015,1256.57792625148,1456.26149206984,1054.51184183683
1,All Population,5,Prevalence,214,Nigeria,3,Both,22,All ages,543,Alzheimer's disease and other dementias,3,Rate,2015,110.08719026697001,125.86354477391001,94.50319656839
1,All Population,5,Prevalence,29,Tonga,3,Both,22,All ages,543,Alzheimer's disease and other dementias,3,Rate,2015,327.95131617719,376.51699146600004,277.59358257919
1,All Population,5,Prevalence,25,Micronesia (Federated States of),3,Both,22,All ages,543,Alzheimer's disease and other dementias,3,Rate,2015,214.15990582879,242.20968480316,182.97919030945002
1,All Population,5,Prevalence,181,Madagascar,3,Both,22,All ages,543,Alzheimer's disease and other dementias,3,Rate,2015,136.03320297694,154.5777177688,118.00097587190001
1,All Population,5,Prevalence,8,Taiwan,3,Both,22,All ages,543,Alzheimer's disease and other dementias,3,Rate,2014,724.6541236591801,829.07683818971,599.29825029253
1,All Population,5,Prevalence,204,Chad,3,Both,22,All ages,543,Alzheimer's disease and other dementias,3,Rate,2015,102.02890898647,115.30117498279,87.95508930116
1,All Population,5,Prevalence,151,Qatar,3,Both,22,All ages,543,Alzheimer's disease and other dementias,3,Rate,2015,90.32056098605,103.24482824009,78.30763674427
1,All Population,5,Prevalence,183,Mauritius,3,Both,22,All ages,543,Alzheimer's disease and other dementias,3,Rate,2015,450.62491776459,510.00608606160006,384.19160448318
1,All Population,5,Prevalence,185,Rwanda,3,Both,22,All ages,543,Alzheimer's disease and other dementias,3,Rate,2014,176.48929271348,199.69787349106002,152.76558219908
1,All Population,5,Prevalence,185,Rwanda,3,Both,22,All ages,543,Alzheimer's disease and other dementias,3,Rate,2015,179.04035027688,202.77332348195,154.9131103988
1,All Population,5,Prevalence,110,Dominica,3,Both,22,All ages,543,Alzheimer's disease and other dementias,3,Rate,2015,839.38004461942,965.27574075843,715.2322257524
1,All Population,5,Prevalence,522,Sudan,3,Both,22,All ages,543,Alzheimer's disease and other dementias,3,Rate,2015,264.74413029981,302.85732347707,227.57442770629999
1,All Population,5,Prevalence,218,Togo,3,Both,22,All ages,543,Alzheimer's disease and other dementias,3,Rate,2015,123.70982346471,138.9877404707,107.15514072087998
1,All Population,5,Prevalence,71,Australia,3,Both,22,All ages,543,Alzheimer's disease and other dementias,3,Rate,2014,1433.13998661712,1629.02958930935,1185.97073866993
1,All Population,5,Prevalence,39,Tajikistan,3,Both,22,All ages,543,Alzheimer's disease and other dementias,3,Rate,2014,191.75917201682,216.576092734,166.29749320161
1,All Population,5,Prevalence,125,Colombia,3,Both,22,All ages,543,Alzheimer's disease and other dementias,3,Rate,2015,602.92117577007,688.93929190443,518.7503157218599
1,All Population,5,Prevalence,197,Eswatini,3,Both,22,All ages,543,Alzheimer's disease and other dementias,3,Rate,2015,245.45173511585,281.86294135603003,210.4238424745
1,All Population,5,Prevalence,99,Uruguay,3,Both,22,All ages,543,Alzheimer's disease and other dementias,3,Rate,2014,1126.52476777215,1306.63352437398,958.72830533596
1,All Population,5,Prevalence,115,Jamaica,3,Both,22,All ages,543,Alzheimer's disease and other dementias,3,Rate,2014,736.01864329617,837.0202697135501,634.48476420423
1,All Population,5,Prevalence,23,Kiribati,3,Both,22,All ages,543,Alzheimer's disease and other dementias,3,Rate,2014,212.51077454276,238.25534408138,183.58236458208998
1,All Population,5,Prevalence,143,Iraq,3,Both,22,All ages,543,Alzheimer's disease and other dementias,3,Rate,2015,222.68083394513,253.08909273626,192.07366684270002
1,All Population,5,Prevalence,60,Lithuania,3,Both,22,All ages,543,Alzheimer's disease and other dementias,3,Rate,2016,1282.53712468836,1482.08586923696,1075.85892661065
1,All Population,5,Prevalence,109,Cuba,3,Both,22,All ages,543,Alzheimer's disease and other dementias,3,Rate,2015,830.15014224964,940.22538416965,731.72836405127
1,All Population,5,Prevalence,385,Puerto Rico,3,Both,22,All ages,543,Alzheimer's disease and other dementias,3,Rate,2015,1210.74439646535,1391.0748031194,1039.00022897851
1,All Population,5,Prevalence,118,Suriname,3,Both,22,All ages,543,Alzheimer's disease and other dementias,3,Rate,2016,518.48992818143,593.2948671860701,447.48864009708
1,All Population,5,Prevalence,69,Singapore,3,Both,22,All ages,543,Alzheimer's disease and other dementias,3,Rate,2015,537.47316709816,599.86521742577,474.19898046762
1,All Population,5,Prevalence,144,Jordan,3,Both,22,All ages,543,Alzheimer's disease and other dementias,3,Rate,2014,247.49899402918,282.89851236909,214.39951391334003
1,All Population,5,Prevalence,349,Greenland,3,Both,22,All ages,543,Alzheimer's disease and other dementias,3,Rate,2015,544.9497589801799,623.89262128116,466.46576453338
1,All Population,5,Prevalence,320,Cook Islands,3,Both,22,All ages,543,Alzheimer's disease and other dementias,3,Rate,2015,492.12820968959,557.76365818219,418.62528502529
1,All Population,5,Prevalence,128,Guatemala,3,Both,22,All ages,543,Alzheimer's disease and other dementias,3,Rate,2015,339.68740008763,391.24268466501996,290.44012421844
1,All Population,5,Prevalence,130,Mexico,3,Both,22,All ages,543,Alzheimer's disease and other dementias,3,Rate,2014,413.56595011034995,476.19172477351,353.79970356705
1,All Population,5,Prevalence,25,Micronesia (Federated States of),3,Both,22,All ages,543,Alzheimer's disease and other dementias,3,Rate,2016,218.46442760774,246.94987722307997,187.01156749143
1,All Population,5,Prevalence,140,Bahrain,3,Both,22,All ages,543,Alzheimer's disease and other dementias,3,Rate,2015,175.42728406647,197.54378095147,152.8010803169
1,All Population,5,Prevalence,86,Italy,3,Both,22,All ages,543,Alzheimer's disease and other dementias,3,Rate,2014,1786.02491949464,2067.7501180702398,1535.32344335482
1,All Population,5,Prevalence,190,Uganda,3,Both,22,All ages,543,Alzheimer's disease and other dementias,3,Rate,2014,142.86034686783,162.35554050366,123.46293912204999
1,All Population,5,Prevalence,7,Democratic People's Republic of Korea,3,Both,22,All ages,543,Alzheimer's disease and other dementias,3,Rate,2016,531.73729344402,622.3177675313,433.26770840448995
1,All Population,5,Prevalence,112,Grenada,3,Both,22,All ages,543,Alzheimer's disease and other dementias,3,Rate,2016,796.20523873054,921.1156512225401,679.39856957238
1,All Population,5,Prevalence,18,Thailand,3,Both,22,All ages,543,Alzheimer's disease and other dementias,3,Rate,2016,622.75674985817,706.62765225496,530.08236041866
1,All Population,5,Prevalence,89,Netherlands,3,Both,22,All ages,543,Alzheimer's disease and other dementias,3,Rate,2015,1358.0473319753298,1530.93609409481,1136.13693030485
1,All Population,5,Prevalence,6,China,3,Both,22,All ages,543,Alzheimer's disease and other dementias,3,Rate,2016,995.01123958253,1141.4354479896201,830.5125173014899
1,All Population,5,Prevalence,66,Brunei Darussalam,3,Both,22,All ages,543,Alzheimer's disease and other dementias,3,Rate,2016,267.51449651342,306.00709625241,232.11448692338
1,All Population,5,Prevalence,19,Timor-Leste,3,Both,22,All ages,543,Alzheimer's disease and other dementias,3,Rate,2016,209.0565014697,238.3534940587,178.67510720786
1,All Population,5,Prevalence,11,Indonesia,3,Both,22,All ages,543,Alzheimer's disease and other dementias,3,Rate,2016,257.6120973239,294.27417779468,219.14212222001
1,All Population,5,Prevalence,133,Venezuela (Bolivarian Republic of),3,Both,22,All ages,543,Alzheimer's disease and other dementias,3,Rate,2016,512.77955636486,585.6470525931301,451.23787342143
1,All Population,5,Prevalence,154,Tunisia,3,Both,22,All ages,543,Alzheimer's disease and other dementias,3,Rate,2016,569.8698300887501,647.48302437769,492.97213085443997
1,All Population,5,Prevalence,36,Kazakhstan,3,Both,22,All ages,543,Alzheimer's disease and other dementias,3,Rate,2014,403.80718759359,459.52595456395,346.77276623561
1,All Population,5,Prevalence,49,North Macedonia,3,Both,22,All ages,543,Alzheimer's disease and other dementias,3,Rate,2016,768.88275133076,891.24594292421,637.69971513305
1,All Population,5,Prevalence,34,Azerbaijan,3,Both,22,All ages,543,Alzheimer's disease and other dementias,3,Rate,2016,388.48101494663,443.77072304219,338.60180660698
1,All Population,5,Prevalence,38,Mongolia,3,Both,22,All ages,543,Alzheimer's disease and other dementias,3,Rate,2015,237.88031962412,268.79035525241,206.35138920215
1,All Population,5,Prevalence,81,Germany,3,Both,22,All ages,543,Alzheimer's disease and other dementias,3,Rate,2015,2337.27882037285,2611.8248086092503,2067.13126161468
1,All Population,5,Prevalence,36,Kazakhstan,3,Both,22,All ages,543,Alzheimer's disease and other dementias,3,Rate,2016,415.27319015702,473.2459548954,358.63971327799004
1,All Population,5,Prevalence,68,Republic of Korea,3,Both,22,All ages,543,Alzheimer's disease and other dementias,3,Rate,2014,946.9522168990699,1061.78523809382,840.69764935323
1,All Population,5,Prevalence,83,Iceland,3,Both,22,All ages,543,Alzheimer's disease and other dementias,3,Rate,2014,1120.02630002046,1268.53187021257,945.48989069735
1,All Population,5,Prevalence,72,New Zealand,3,Both,22,All ages,543,Alzheimer's disease and other dementias,3,Rate,2016,1416.2307618298698,1642.5649198714,1194.91496487155
1,All Population,5,Prevalence,202,Cameroon,3,Both,22,All ages,543,Alzheimer's disease and other dementias,3,Rate,2016,106.10889689275001,120.27791561372,91.62539701695
1,All Population,5,Prevalence,148,Morocco,3,Both,22,All ages,543,Alzheimer's disease and other dementias,3,Rate,2016,451.24318174424997,516.5477748618799,384.47120063604
1,All Population,5,Prevalence,92,Spain,3,Both,22,All ages,543,Alzheimer's disease and other dementias,3,Rate,2014,1273.76116663635,1422.0474073092,1100.48877921655
1,All Population,5,Prevalence,205,Côte d'Ivoire,3,Both,22,All ages,543,Alzheimer's disease and other dementias,3,Rate,2014,110.16042429657,123.80065922384001,95.54218717234
1,All Population,5,Prevalence,77,Cyprus,3,Both,22,All ages,543,Alzheimer's disease and other dementias,3,Rate,2016,812.1272241313,929.5775177610901,676.57737330822
1,All Population,5,Prevalence,413,Tokelau,3,Both,22,All ages,543,Alzheimer's disease and other dementias,3,Rate,2014,600.6631818167999,685.50895493641,499.07681697435004
1,All Population,5,Prevalence,95,United Kingdom,3,Both,22,All ages,543,Alzheimer's disease and other dementias,3,Rate,2016,1389.72437081099,1606.74072221881,1153.85962139584
1,All Population,5,Prevalence,80,France,3,Both,22,All ages,543,Alzheimer's disease and other dementias,3,Rate,2016,1198.0616615807,1339.98392375666,1046.7920046330898
1,All Population,5,Prevalence,161,Bangladesh,3,Both,22,All ages,543,Alzheimer's disease and other dementias,3,Rate,2016,205.35491244266998,233.04236945713998,177.54454460152002
1,All Population,5,Prevalence,53,Serbia,3,Both,22,All ages,543,Alzheimer's disease and other dementias,3,Rate,2015,922.79238445831,1069.4989109668602,778.49646141941
1,All Population,5,Prevalence,162,Bhutan,3,Both,22,All ages,543,Alzheimer's disease and other dementias,3,Rate,2014,244.32855296390002,281.34360166398,212.99051196491
1,All Population,5,Prevalence,98,Chile,3,Both,22,All ages,543,Alzheimer's disease and other dementias,3,Rate,2016,814.1739685315899,931.6196374098599,698.61104493411
1,All Population,5,Prevalence,151,Qatar,3,Both,22,All ages,543,Alzheimer's disease and other dementias,3,Rate,2016,93.24272305533,105.76681111769,81.34617311698
1,All Population,5,Prevalence,153,Syrian Arab Republic,3,Both,22,All ages,543,Alzheimer's disease and other dementias,3,Rate,2015,276.63221537743,318.89478996301,237.24249035484
1,All Population,5,Prevalence,12,Lao People's Democratic Republic,3,Both,22,All ages,543,Alzheimer's disease and other dementias,3,Rate,2015,204.10459534275,230.24580346896,175.92327250495
1,All Population,5,Prevalence,45,Bulgaria,3,Both,22,All ages,543,Alzheimer's disease and other dementias,3,Rate,2014,1147.66194995007,1329.5531389322,948.49218543301
1,All Population,5,Prevalence,298,American Samoa,3,Both,22,All ages,543,Alzheimer's disease and other dementias,3,Rate,2016,264.74041571147995,300.76353501082,227.06422150819
1,All Population,5,Prevalence,351,Guam,3,Both,22,All ages,543,Alzheimer's disease and other dementias,3,Rate,2016,462.11800401841,523.45322642915,394.11679142342
1,All Population,5,Prevalence,17,Sri Lanka,3,Both,22,All ages,543,Alzheimer's disease and other dementias,3,Rate,2015,334.58635193523,379.25360261516,287.36828426181
1,All Population,5,Prevalence,62,Russian Federation,3,Both,22,All ages,543,Alzheimer's disease and other dementias,3,Rate,2015,886.7153127991601,1026.25147255398,746.09161583302
1,All Population,5,Prevalence,198,Zimbabwe,3,Both,22,All ages,543,Alzheimer's disease and other dementias,3,Rate,2015,238.32119403293,271.72470481896,205.00670496044
1,All Population,5,Prevalence,125,Colombia,3,Both,22,All ages,543,Alzheimer's disease and other dementias,3,Rate,2016,618.2930598333901,705.55510710406,532.19275380675
1,All Population,5,Prevalence,172,Equatorial Guinea,3,Both,22,All ages,543,Alzheimer's disease and other dementias,3,Rate,2016,164.37392030297,187.73916847384,140.76745218586
1,All Population,5,Prevalence,142,Iran (Islamic Republic of),3,Both,22,All ages,543,Alzheimer's disease and other dementias,3,Rate,2016,460.20888066048,528.30580042808,390.46156854441
1,All Population,5,Prevalence,99,Uruguay,3,Both,22,All ages,543,Alzheimer's disease and other dementias,3,Rate,2016,1166.1671617445,1349.58582108617,991.69513833638
1,All Population,5,Prevalence,141,Egypt,3,Both,22,All ages,543,Alzheimer's disease and other dementias,3,Rate,2016,238.24858057954,266.55449517088,207.21501569990002
1,All Population,5,Prevalence,119,Trinidad and Tobago,3,Both,22,All ages,543,Alzheimer's disease and other dementias,3,Rate,2016,608.62756745059,705.12217618946,521.9625108975
1,All Population,5,Prevalence,87,Luxembourg,3,Both,22,All ages,543,Alzheimer's disease and other dementias,3,Rate,2016,811.42380785894,948.7991843176301,679.14880459136
1,All Population,5,Prevalence,186,Seychelles,3,Both,22,All ages,543,Alzheimer's disease and other dementias,3,Rate,2014,385.02914086376,437.21945135590005,329.36422747151
1,All Population,5,Prevalence,90,Norway,3,Both,22,All ages,543,Alzheimer's disease and other dementias,3,Rate,2016,1417.75180998856,1628.74400686625,1173.53085041945
1,All Population,5,Prevalence,28,Solomon Islands,3,Both,22,All ages,543,Alzheimer's disease and other dementias,3,Rate,2016,170.03240002639,195.42608758551,146.11866065588
1,All Population,5,Prevalence,150,Oman,3,Both,22,All ages,543,Alzheimer's disease and other dementias,3,Rate,2015,170.07293674963,194.50694218005,147.76138275799
1,All Population,5,Prevalence,130,Mexico,3,Both,22,All ages,543,Alzheimer's disease and other dementias,3,Rate,2016,437.91991483812996,504.25393697869004,374.98292661842004
1,All Population,5,Prevalence,126,Costa Rica,3,Both,22,All ages,543,Alzheimer's disease and other dementias,3,Rate,2016,594.23348660198,679.28193334957,510.57881149567004
1,All Population,5,Prevalence,106,Bahamas,3,Both,22,All ages,543,Alzheimer's disease and other dementias,3,Rate,2016,441.06336619161,504.29509551403004,381.43702621079
1,All Population,5,Prevalence,44,Bosnia and Herzegovina,3,Both,22,All ages,543,Alzheimer's disease and other dementias,3,Rate,2016,909.94824570285,1049.29848959039,771.51904389386
1,All Population,5,Prevalence,367,Monaco,3,Both,22,All ages,543,Alzheimer's disease and other dementias,3,Rate,2014,1747.18445053117,2008.4613204141701,1436.0486578909
1,All Population,5,Prevalence,201,Burkina Faso,3,Both,22,All ages,543,Alzheimer's disease and other dementias,3,Rate,2015,146.78996367796,166.53558755533,126.8821347969
1,All Population,5,Prevalence,201,Burkina Faso,3,Both,22,All ages,543,Alzheimer's disease and other dementias,3,Rate,2016,145.59212991107,165.53985720914,125.72885008961
1,All Population,5,Prevalence,10,Cambodia,3,Both,22,All ages,543,Alzheimer's disease and other dementias,3,Rate,2016,242.96149817299002,274.04884847193,206.60277803734
1,All Population,5,Prevalence,79,Finland,3,Both,22,All ages,543,Alzheimer's disease and other dementias,3,Rate,2016,1498.33500414353,1715.15908992647,1243.37171695725
1,All Population,5,Prevalence,117,Saint Vincent and the Grenadines,3,Both,22,All ages,543,Alzheimer's disease and other dementias,3,Rate,2014,686.14294619441,787.9116718647199,584.7388165641
1,All Population,5,Prevalence,145,Kuwait,3,Both,22,All ages,543,Alzheimer's disease and other dementias,3,Rate,2015,157.05260894901,176.17708832341998,137.2924046944
1,All Population,5,Prevalence,83,Iceland,3,Both,22,All ages,543,Alzheimer's disease and other dementias,3,Rate,2016,1159.20931965464,1313.70336228074,985.0703424534801
1,All Population,5,Prevalence,213,Niger,3,Both,22,All ages,543,Alzheimer's disease and other dementias,3,Rate,2016,88.93795532544999,100.24756724723,77.49741617665
1,All Population,5,Prevalence,43,Albania,3,Both,22,All ages,543,Alzheimer's disease and other dementias,3,Rate,2016,857.22295381806,981.26270454166,726.26132259512
1,All Population,5,Prevalence,169,Central African Republic,3,Both,22,All ages,543,Alzheimer's disease and other dementias,3,Rate,2015,188.48162459796,214.45562658526,163.35071882724
1,All Population,5,Prevalence,165,Pakistan,3,Both,22,All ages,543,Alzheimer's disease and other dementias,3,Rate,2016,180.37914235035998,207.39130052963,154.43108243051
1,All Population,5,Prevalence,93,Sweden,3,Both,22,All ages,543,Alzheimer's disease and other dementias,3,Rate,2016,1303.0838207694399,1484.4098548673899,1107.8310315817698
1,All Population,5,Prevalence,396,San Marino,3,Both,22,All ages,543,Alzheimer's disease and other dementias,3,Rate,2015,1304.0084803354698,1493.75238310365,1077.01454099691
1,All Population,5,Prevalence,140,Bahrain,3,Both,22,All ages,543,Alzheimer's disease and other dementias,3,Rate,2016,181.58826863728999,203.67596045061,158.19952891102
1,All Population,5,Prevalence,136,Paraguay,3,Both,22,All ages,543,Alzheimer's disease and other dementias,3,Rate,2016,537.18074125564,608.40888575706,466.38082483491
1,All Population,5,Prevalence,46,Croatia,3,Both,22,All ages,543,Alzheimer's disease and other dementias,3,Rate,2015,1206.6440790756,1395.85700313832,1021.0205594677001
1,All Population,5,Prevalence,422,United States Virgin Islands,3,Both,22,All ages,543,Alzheimer's disease and other dementias,3,Rate,2016,1048.03191453053,1197.69192270281,904.06234983945
1,All Population,5,Prevalence,111,Dominican Republic,3,Both,22,All ages,543,Alzheimer's disease and other dementias,3,Rate,2016,441.50507175248003,504.52453734153994,388.82941273268
1,All Population,5,Prevalence,130,Mexico,3,Both,22,All ages,543,Alzheimer's disease and other dementias,3,Rate,2015,426.31714556244,490.70545848583,365.10632286091
1,All Population,5,Prevalence,132,Panama,3,Both,22,All ages,543,Alzheimer's disease and other dementias,3,Rate,2015,591.90139681911,676.25651849903,508.33476977833
1,All Population,5,Prevalence,380,Palau,3,Both,22,All ages,543,Alzheimer's disease and other dementias,3,Rate,2016,341.30969143205,386.94280952717,291.71392683204004
1,All Population,5,Prevalence,164,Nepal,3,Both,22,All ages,543,Alzheimer's disease and other dementias,3,Rate,2016,241.75873528483,276.74844960903,211.70573593743998
1,All Population,5,Prevalence,33,Armenia,3,Both,22,All ages,543,Alzheimer's disease and other dementias,3,Rate,2016,814.0526115524999,936.9359708595899,700.31922274917
1,All Population,5,Prevalence,194,Lesotho,3,Both,22,All ages,543,Alzheimer's disease and other dementias,3,Rate,2016,295.48518425546,337.656753739,254.07019055258
1,All Population,5,Prevalence,522,Sudan,3,Both,22,All ages,543,Alzheimer's disease and other dementias,3,Rate,2016,268.40214753598997,307.89086201104,230.48620775463002
1,All Population,5,Prevalence,187,Somalia,3,Both,22,All ages,543,Alzheimer's disease and other dementias,3,Rate,2016,174.00711972521,197.76356289964,151.82036440043
1,All Population,5,Prevalence,144,Jordan,3,Both,22,All ages,543,Alzheimer's disease and other dementias,3,Rate,2015,252.05588612069002,289.02679104985003,218.99627501238
1,All Population,5,Prevalence,146,Lebanon,3,Both,22,All ages,543,Alzheimer's disease and other dementias,3,Rate,2016,637.12394520596,728.21297199248,546.51383911035
1,All Population,5,Prevalence,207,Ghana,3,Both,22,All ages,543,Alzheimer's disease and other dementias,3,Rate,2016,156.66445531432998,177.33786088371,136.46228589135
1,All Population,5,Prevalence,114,Haiti,3,Both,22,All ages,543,Alzheimer's disease and other dementias,3,Rate,2016,213.63923308286002,244.05965960768,184.71843112279
1,All Population,5,Prevalence,213,Niger,3,Both,22,All ages,543,Alzheimer's disease and other dementias,3,Rate,2015,89.18381124048,100.66980854388,77.55000330711
1,All Population,5,Prevalence,62,Russian Federation,3,Both,22,All ages,543,Alzheimer's disease and other dementias,3,Rate,2016,898.23403112992,1037.04140773331,757.43872754423
1,All Population,5,Prevalence,180,Kenya,3,Both,22,All ages,543,Alzheimer's disease and other dementias,3,Rate,2016,194.24255485211,223.79148159808,166.38111833526
1,All Population,5,Prevalence,107,Barbados,3,Both,22,All ages,543,Alzheimer's disease and other dementias,3,Rate,2016,960.866833323,1105.64107954899,827.27677387385
1,All Population,5,Prevalence,186,Seychelles,3,Both,22,All ages,543,Alzheimer's disease and other dementias,3,Rate,2015,390.35409769826,443.61935692448003,333.37558603993
1,All Population,5,Prevalence,182,Malawi,3,Both,22,All ages,543,Alzheimer's disease and other dementias,3,Rate,2015,166.9973460647,190.46144724625,142.68496689124
1,All Population,5,Prevalence,122,Ecuador,3,Both,22,All ages,543,Alzheimer's disease and other dementias,3,Rate,2016,372.09838080212,428.46075747387005,323.65393660647
1,All Population,5,Prevalence,94,Switzerland,3,Both,22,All ages,543,Alzheimer's disease and other dementias,3,Rate,2016,1412.70021720254,1631.13424425516,1171.93697753627
1,All Population,5,Prevalence,194,Lesotho,3,Both,22,All ages,543,Alzheimer's disease and other dementias,3,Rate,2014,286.83720693029,328.31733071989,246.61194264027998
1,All Population,5,Prevalence,106,Bahamas,3,Both,22,All ages,543,Alzheimer's disease and other dementias,3,Rate,2015,431.30936924491004,495.16862384847,372.14254376552
1,All Population,5,Prevalence,57,Belarus,3,Both,22,All ages,543,Alzheimer's disease and other dementias,3,Rate,2016,933.7696553755401,1070.28771057205,784.35212607884
1,All Population,5,Prevalence,59,Latvia,3,Both,22,All ages,543,Alzheimer's disease and other dementias,3,Rate,2015,1258.0250663034699,1447.5382887210699,1056.06455410121
1,All Population,5,Prevalence,27,Samoa,3,Both,22,All ages,543,Alzheimer's disease and other dementias,3,Rate,2016,342.95322888357,392.67166852135,288.49904091418
1,All Population,5,Prevalence,396,San Marino,3,Both,22,All ages,543,Alzheimer's disease and other dementias,3,Rate,2016,1408.43077915855,1616.1075572582301,1167.9023132904001
1,All Population,5,Prevalence,171,Democratic Republic of the Congo,3,Both,22,All ages,543,Alzheimer's disease and other dementias,3,Rate,2016,205.78683985708997,233.68429339952002,178.03312205083
1,All Population,5,Prevalence,191,Zambia,3,Both,22,All ages,543,Alzheimer's disease and other dementias,3,Rate,2015,114.08504532172,130.34628757977,98.99406511872999
1,All Population,5,Prevalence,162,Bhutan,3,Both,22,All ages,543,Alzheimer's disease and other dementias,3,Rate,2015,251.41067826706,289.17665703546,218.71299043659002
1,All Population,5,Prevalence,177,Djibouti,3,Both,22,All ages,543,Alzheimer's disease and other dementias,3,Rate,2016,166.99076745585998,187.59290905812,144.93312740304
1,All Population,5,Prevalence,40,Turkmenistan,3,Both,22,All ages,543,Alzheimer's disease and other dementias,3,Rate,2015,260.58866423947,297.55729823832,226.70179646211997
1,All Population,5,Prevalence,83,Iceland,3,Both,22,All ages,543,Alzheimer's disease and other dementias,3,Rate,2015,1139.03668913329,1290.5101561653898,962.16387311014
1,All Population,5,Prevalence,173,Gabon,3,Both,22,All ages,543,Alzheimer's disease and other dementias,3,Rate,2015,363.25800022532997,416.35197039377994,309.58349950273004
1,All Population,5,Prevalence,320,Cook Islands,3,Both,22,All ages,543,Alzheimer's disease and other dementias,3,Rate,2016,512.34587860419,580.4241073148801,436.791309093
1,All Population,5,Prevalence,85,Israel,3,Both,22,All ages,543,Alzheimer's disease and other dementias,3,Rate,2015,458.12049868062,532.4213798783001,379.07634284803
1,All Population,5,Prevalence,204,Chad,3,Both,22,All ages,543,Alzheimer's disease and other dementias,3,Rate,2016,100.54389673483,113.74042513975002,86.98759550777
1,All Population,5,Prevalence,46,Croatia,3,Both,22,All ages,543,Alzheimer's disease and other dementias,3,Rate,2016,1229.76851786677,1423.54718915335,1036.23346685342
1,All Population,5,Prevalence,153,Syrian Arab Republic,3,Both,22,All ages,543,Alzheimer's disease and other dementias,3,Rate,2016,304.8758726829,350.22003624872,262.23335851525
1,All Population,5,Prevalence,155,Türkiye,3,Both,22,All ages,543,Alzheimer's disease and other dementias,3,Rate,2015,622.7034245077,705.13876361315,535.20326288875
1,All Population,5,Prevalence,14,Maldives,3,Both,22,All ages,543,Alzheimer's disease and other dementias,3,Rate,2015,195.87921918795,222.89243869905002,167.23552730004
1,All Population,5,Prevalence,74,Andorra,3,Both,22,All ages,543,Alzheimer's disease and other dementias,3,Rate,2016,1174.1966855483702,1348.61597551942,983.49541364877
1,All Population,5,Prevalence,156,United Arab Emirates,3,Both,22,All ages,543,Alzheimer's disease and other dementias,3,Rate,2016,81.30262604076,92.2477408548,70.10582086536
1,All Population,5,Prevalence,108,Belize,3,Both,22,All ages,543,Alzheimer's disease and other dementias,3,Rate,2016,312.30213018041997,354.29759066213,267.93998951513004
1,All Population,5,Prevalence,135,Brazil,3,Both,22,All ages,543,Alzheimer's disease and other dementias,3,Rate,2016,821.01665796212,936.09405903304,716.4469168786401
1,All Population,5,Prevalence,196,South Africa,3,Both,22,All ages,543,Alzheimer's disease and other dementias,3,Rate,2016,349.58418019956,403.10970731342,301.75772134743
1,All Population,5,Prevalence,393,Saint Kitts and Nevis,3,Both,22,All ages,543,Alzheimer's disease and other dementias,3,Rate,2015,562.2479035557101,640.26350918187,480.96407907629
1,All Population,5,Prevalence,150,Oman,3,Both,22,All ages,543,Alzheimer's disease and other dementias,3,Rate,2016,169.08400805752,192.70761861194,147.27892456446
1,All Population,5,Prevalence,11,Indonesia,3,Both,22,All ages,543,Alzheimer's disease and other dementias,3,Rate,2017,262.37882080882997,300.10189255459,223.29456308761002
1,All Population,5,Prevalence,20,Viet Nam,3,Both,22,All ages,543,Alzheimer's disease and other dementias,3,Rate,2016,381.4184355305,432.30346779877,329.25104880257
1,All Population,5,Prevalence,131,Nicaragua,3,Both,22,All ages,543,Alzheimer's disease and other dementias,3,Rate,2015,356.51168938374997,408.51688231745,306.45998780177996
1,All Population,5,Prevalence,178,Eritrea,3,Both,22,All ages,543,Alzheimer's disease and other dementias,3,Rate,2015,199.67153672329,228.21535434129999,172.32690954179
1,All Population,5,Prevalence,161,Bangladesh,3,Both,22,All ages,543,Alzheimer's disease and other dementias,3,Rate,2015,200.59768646018,227.48838464188998,173.90185203465
1,All Population,5,Prevalence,50,Montenegro,3,Both,22,All ages,543,Alzheimer's disease and other dementias,3,Rate,2016,860.55490097151,989.79274788609,723.63264692131
1,All Population,5,Prevalence,30,Vanuatu,3,Both,22,All ages,543,Alzheimer's disease and other dementias,3,Rate,2016,216.61407618127998,245.67777231133,185.04199789277
1,All Population,5,Prevalence,15,Myanmar,3,Both,22,All ages,543,Alzheimer's disease and other dementias,3,Rate,2016,280.95596033903,320.7167033177,240.75059374061001
1,All Population,5,Prevalence,135,Brazil,3,Both,22,All ages,543,Alzheimer's disease and other dementias,3,Rate,2015,797.87864323106,908.5868798885699,697.69132920612
1,All Population,5,Prevalence,52,Romania,3,Both,22,All ages,543,Alzheimer's disease and other dementias,3,Rate,2016,1079.2318617650299,1243.27395957504,905.8735737391399
1,All Population,5,Prevalence,67,Japan,3,Both,22,All ages,543,Alzheimer's disease and other dementias,3,Rate,2016,2276.01011260712,2672.98647644338,1917.48170198217
1,All Population,5,Prevalence,205,Côte d'Ivoire,3,Both,22,All ages,543,Alzheimer's disease and other dementias,3,Rate,2015,109.90763201866999,123.56645618828001,94.88886352704
1,All Population,5,Prevalence,194,Lesotho,3,Both,22,All ages,543,Alzheimer's disease and other dementias,3,Rate,2015,291.13073832161,332.89681141621,249.54393077951997
1,All Population,5,Prevalence,66,Brunei Darussalam,3,Both,22,All ages,543,Alzheimer's disease and other dementias,3,Rate,2017,280.15785312946,319.11548257029,242.23325634032997
1,All Population,5,Prevalence,47,Czechia,3,Both,22,All ages,543,Alzheimer's disease and other dementias,3,Rate,2014,1023.8787909263299,1167.9512369517702,866.2753339014
1,All Population,5,Prevalence,94,Switzerland,3,Both,22,All ages,543,Alzheimer's disease and other dementias,3,Rate,2014,1383.66294292366,1592.8939240290802,1150.63755461795
1,All Population,5,Prevalence,41,Uzbekistan,3,Both,22,All ages,543,Alzheimer's disease and other dementias,3,Rate,2017,287.67538922567,326.43006564558,249.41313103061
1,All Population,5,Prevalence,144,Jordan,3,Both,22,All ages,543,Alzheimer's disease and other dementias,3,Rate,2016,260.8236755857,298.53134345509,226.67300640983999
1,All Population,5,Prevalence,121,Bolivia (Plurinational State of),3,Both,22,All ages,543,Alzheimer's disease and other dementias,3,Rate,2016,272.27689962984,312.79057836532,237.9981326914
1,All Population,5,Prevalence,89,Netherlands,3,Both,22,All ages,543,Alzheimer's disease and other dementias,3,Rate,2016,1383.44241566812,1556.40137478137,1158.17918260337
1,All Population,5,Prevalence,102,United States of America,3,Both,22,All ages,543,Alzheimer's disease and other dementias,3,Rate,2016,1301.62507217025,1487.81153046551,1087.59648163091
1,All Population,5,Prevalence,12,Lao People's Democratic Republic,3,Both,22,All ages,543,Alzheimer's disease and other dementias,3,Rate,2016,207.18140324796002,233.55858430006,179.30093853456
1,All Population,5,Prevalence,189,United Republic of Tanzania,3,Both,22,All ages,543,Alzheimer's disease and other dementias,3,Rate,2016,205.42573391831,230.1547313129,181.91977832107
1,All Population,5,Prevalence,176,Comoros,3,Both,22,All ages,543,Alzheimer's disease and other dementias,3,Rate,2016,378.72390950857,431.58694117313,327.67775294526996
1,All Population,5,Prevalence,374,Niue,3,Both,22,All ages,543,Alzheimer's disease and other dementias,3,Rate,2015,703.58702874642,806.3587805459999,587.03348091081
1,All Population,5,Prevalence,163,India,3,Both,22,All ages,543,Alzheimer's disease and other dementias,3,Rate,2016,244.96715666912002,281.71463313696,211.85109190954
1,All Population,5,Prevalence,82,Greece,3,Both,22,All ages,543,Alzheimer's disease and other dementias,3,Rate,2016,2153.75394793716,2489.8768361090997,1796.0157934412202
1,All Population,5,Prevalence,101,Canada,3,Both,22,All ages,543,Alzheimer's disease and other dementias,3,Rate,2016,1660.9391885482798,1832.15498129119,1462.16509239003
1,All Population,5,Prevalence,127,El Salvador,3,Both,22,All ages,543,Alzheimer's disease and other dementias,3,Rate,2016,574.8802468707199,656.48557938845,491.93475097896004
1,All Population,5,Prevalence,97,Argentina,3,Both,22,All ages,543,Alzheimer's disease and other dementias,3,Rate,2016,807.6945040723101,926.08211385324,691.31191416407
1,All Population,5,Prevalence,112,Grenada,3,Both,22,All ages,543,Alzheimer's disease and other dementias,3,Rate,2015,790.00025400097,916.83667248747,674.68678068961
1,All Population,5,Prevalence,146,Lebanon,3,Both,22,All ages,543,Alzheimer's disease and other dementias,3,Rate,2014,689.1101708443999,787.68193752862,592.07957667568
1,All Population,5,Prevalence,147,Libya,3,Both,22,All ages,543,Alzheimer's disease and other dementias,3,Rate,2015,327.01912499316,374.71797869318,280.5482981758
1,All Population,5,Prevalence,210,Liberia,3,Both,22,All ages,543,Alzheimer's disease and other dementias,3,Rate,2015,125.07749411437999,141.60015830471,108.56359620922
1,All Population,5,Prevalence,53,Serbia,3,Both,22,All ages,543,Alzheimer's disease and other dementias,3,Rate,2017,953.68239201257,1097.49527244614,806.94058052568
1,All Population,5,Prevalence,92,Spain,3,Both,22,All ages,543,Alzheimer's disease and other dementias,3,Rate,2016,1304.81824642983,1464.90255987702,1123.5397238489
1,All Population,5,Prevalence,45,Bulgaria,3,Both,22,All ages,543,Alzheimer's disease and other dementias,3,Rate,2016,1177.0617057587,1360.4624564360001,975.9680644531501
1,All Population,5,Prevalence,195,Namibia,3,Both,22,All ages,543,Alzheimer's disease and other dementias,3,Rate,2016,261.04436207303,295.83038764228,225.52826511177997
1,All Population,5,Prevalence,148,Morocco,3,Both,22,All ages,543,Alzheimer's disease and other dementias,3,Rate,2017,465.25367441353,531.35157784566,397.58665106905
1,All Population,5,Prevalence,34,Azerbaijan,3,Both,22,All ages,543,Alzheimer's disease and other dementias,3,Rate,2017,396.23071921037996,452.16924177369,345.97008972895003
1,All Population,5,Prevalence,206,Gambia,3,Both,22,All ages,543,Alzheimer's disease and other dementias,3,Rate,2015,159.84442122488,182.52981298733,138.02571776834
1,All Population,5,Prevalence,19,Timor-Leste,3,Both,22,All ages,543,Alzheimer's disease and other dementias,3,Rate,2017,212.64408386809,241.75782700735002,181.91840706967
1,All Population,5,Prevalence,79,Finland,3,Both,22,All ages,543,Alzheimer's disease and other dementias,3,Rate,2017,1515.1501542262301,1741.10794558123,1261.15448888978
1,All Population,5,Prevalence,152,Saudi Arabia,3,Both,22,All ages,543,Alzheimer's disease and other dementias,3,Rate,2016,149.99893145320002,168.67005974814,128.82728409552
1,All Population,5,Prevalence,179,Ethiopia,3,Both,22,All ages,543,Alzheimer's disease and other dementias,3,Rate,2016,174.21077193275,200.43419088001997,149.7834612097
1,All Population,5,Prevalence,416,Tuvalu,3,Both,22,All ages,543,Alzheimer's disease and other dementias,3,Rate,2015,283.40069097675996,321.34564709699004,240.91388579799002
1,All Population,5,Prevalence,127,El Salvador,3,Both,22,All ages,543,Alzheimer's disease and other dementias,3,Rate,2015,567.87290508824,648.5894678118,485.78244746165
1,All Population,5,Prevalence,190,Uganda,3,Both,22,All ages,543,Alzheimer's disease and other dementias,3,Rate,2016,145.41545231953,165.57262424316,126.09080775182
1,All Population,5,Prevalence,116,Saint Lucia,3,Both,22,All ages,543,Alzheimer's disease and other dementias,3,Rate,2016,667.59074814932,761.9495187628,572.38869710143
1,All Population,5,Prevalence,35,Georgia,3,Both,22,All ages,543,Alzheimer's disease and other dementias,3,Rate,2017,987.4005119401501,1137.9370364664699,841.6087110895801
1,All Population,5,Prevalence,24,Marshall Islands,3,Both,22,All ages,543,Alzheimer's disease and other dementias,3,Rate,2017,133.13398831452,150.58596351516,114.93411794635999
1,All Population,5,Prevalence,157,Yemen,3,Both,22,All ages,543,Alzheimer's disease and other dementias,3,Rate,2016,175.71298254161,199.72909948907,152.48156194591
1,All Population,5,Prevalence,58,Estonia,3,Both,22,All ages,543,Alzheimer's disease and other dementias,3,Rate,2017,1300.16415994289,1505.82182653069,1095.62256777069
1,All Population,5,Prevalence,182,Malawi,3,Both,22,All ages,543,Alzheimer's disease and other dementias,3,Rate,2017,168.0061078504,191.82876367715,143.85466622668
1,All Population,5,Prevalence,133,Venezuela (Bolivarian Republic of),3,Both,22,All ages,543,Alzheimer's disease and other dementias,3,Rate,2017,519.22324819705,593.68152327539,457.05235315171
1,All Population,5,Prevalence,105,Antigua and Barbuda,3,Both,22,All ages,543,Alzheimer's disease and other dementias,3,Rate,2017,608.26855170821,695.68877233955,526.73056358139
1,All Population,5,Prevalence,6,China,3,Both,22,All ages,543,Alzheimer's disease and other dementias,3,Rate,2017,1029.84297831544,1181.2257927889,862.10611151785
1,All Population,5,Prevalence,351,Guam,3,Both,22,All ages,543,Alzheimer's disease and other dementias,3,Rate,2015,445.65679282237,506.36656510663,379.85092107914
1,All Population,5,Prevalence,68,Republic of Korea,3,Both,22,All ages,543,Alzheimer's disease and other dementias,3,Rate,2016,1018.2399657372899,1142.04262015711,900.14033824965
1,All Population,5,Prevalence,49,North Macedonia,3,Both,22,All ages,543,Alzheimer's disease and other dementias,3,Rate,2017,795.17966710534,920.1931258094801,659.79856731393
1,All Population,5,Prevalence,196,South Africa,3,Both,22,All ages,543,Alzheimer's disease and other dementias,3,Rate,2017,352.70882178599,407.29007911757003,304.34026054478
1,All Population,5,Prevalence,135,Brazil,3,Both,22,All ages,543,Alzheimer's disease and other dementias,3,Rate,2017,844.86834573815,964.5314290554701,735.11707049299
1,All Population,5,Prevalence,27,Samoa,3,Both,22,All ages,543,Alzheimer's disease and other dementias,3,Rate,2017,344.28160850669,394.24808903791,291.23298663543
1,All Population,5,Prevalence,30,Vanuatu,3,Both,22,All ages,543,Alzheimer's disease and other dementias,3,Rate,2017,217.37680248536998,246.43217144008,186.35960504219
1,All Population,5,Prevalence,29,Tonga,3,Both,22,All ages,543,Alzheimer's disease and other dementias,3,Rate,2016,333.78140294378,382.81095733356,282.60080074635
1,All Population,5,Prevalence,111,Dominican Republic,3,Both,22,All ages,543,Alzheimer's disease and other dementias,3,Rate,2017,445.31441153833003,507.90038437752,391.21855461652
1,All Population,5,Prevalence,51,Poland,3,Both,22,All ages,543,Alzheimer's disease and other dementias,3,Rate,2016,1025.4750605623199,1188.50156742062,849.0501853970401
1,All Population,5,Prevalence,8,Taiwan,3,Both,22,All ages,543,Alzheimer's disease and other dementias,3,Rate,2016,767.74349122456,881.04525060449,631.48020140279
1,All Population,5,Prevalence,168,Angola,3,Both,22,All ages,543,Alzheimer's disease and other dementias,3,Rate,2016,168.75095189874,190.41375315227998,147.70514180107
1,All Population,5,Prevalence,139,Algeria,3,Both,22,All ages,543,Alzheimer's disease and other dementias,3,Rate,2016,422.89406946206003,484.15509895489004,362.62689940738
1,All Population,5,Prevalence,26,Papua New Guinea,3,Both,22,All ages,543,Alzheimer's disease and other dementias,3,Rate,2017,145.4671770531,163.36066740815,124.91937695066
1,All Population,5,Prevalence,102,United States of America,3,Both,22,All ages,543,Alzheimer's disease and other dementias,3,Rate,2017,1322.98485172765,1511.84367297506,1105.93141430695
1,All Population,5,Prevalence,212,Mauritania,3,Both,22,All ages,543,Alzheimer's disease and other dementias,3,Rate,2016,158.87182457845,179.72515516331,137.65998079828
1,All Population,5,Prevalence,298,American Samoa,3,Both,22,All ages,543,Alzheimer's disease and other dementias,3,Rate,2017,276.24621998144,313.94837120176,236.37388795980002
1,All Population,5,Prevalence,126,Costa Rica,3,Both,22,All ages,543,Alzheimer's disease and other dementias,3,Rate,2017,608.12512528651,693.79331253139,522.83451579523
1,All Population,5,Prevalence,121,Bolivia (Plurinational State of),3,Both,22,All ages,543,Alzheimer's disease and other dementias,3,Rate,2017,275.97972867043,315.96235027676,240.79845205874003
1,All Population,5,Prevalence,44,Bosnia and Herzegovina,3,Both,22,All ages,543,Alzheimer's disease and other dementias,3,Rate,2017,950.3008980621499,1099.49487370141,805.1236676099701
1,All Population,5,Prevalence,136,Paraguay,3,Both,22,All ages,543,Alzheimer's disease and other dementias,3,Rate,2017,544.63519430861,617.38323909752,472.46522598619003
1,All Population,5,Prevalence,59,Latvia,3,Both,22,All ages,543,Alzheimer's disease and other dementias,3,Rate,2016,1283.17692627657,1474.9187732743399,1078.75357151254
1,All Population,5,Prevalence,349,Greenland,3,Both,22,All ages,543,Alzheimer's disease and other dementias,3,Rate,2016,564.4018829437999,647.79720048516,483.17999254997
1,All Population,5,Prevalence,374,Niue,3,Both,22,All ages,543,Alzheimer's disease and other dementias,3,Rate,2016,703.20221345468,808.72254685146,588.14792282321
1,All Population,5,Prevalence,22,Fiji,3,Both,22,All ages,543,Alzheimer's disease and other dementias,3,Rate,2016,267.07808920035,305.44579605448,230.52004055435998
1,All Population,5,Prevalence,218,Togo,3,Both,22,All ages,543,Alzheimer's disease and other dementias,3,Rate,2016,125.68377710536001,141.26244470905,108.87674596144
1,All Population,5,Prevalence,165,Pakistan,3,Both,22,All ages,543,Alzheimer's disease and other dementias,3,Rate,2017,181.73167406399,209.46931690693,155.40147187986
1,All Population,5,Prevalence,18,Thailand,3,Both,22,All ages,543,Alzheimer's disease and other dementias,3,Rate,2017,653.8559196433599,740.20701881199,558.37850558031
1,All Population,5,Prevalence,141,Egypt,3,Both,22,All ages,543,Alzheimer's disease and other dementias,3,Rate,2017,242.39485695219997,270.61345568235,211.48434880139
1,All Population,5,Prevalence,76,Belgium,3,Both,22,All ages,543,Alzheimer's disease and other dementias,3,Rate,2016,1579.92983726043,1827.6854152764502,1286.54284845056
1,All Population,5,Prevalence,376,Northern Mariana Islands,3,Both,22,All ages,543,Alzheimer's disease and other dementias,3,Rate,2016,243.67173518164,275.84908105929,210.92184583665997
1,All Population,5,Prevalence,171,Democratic Republic of the Congo,3,Both,22,All ages,543,Alzheimer's disease and other dementias,3,Rate,2017,206.55986192819998,234.74364934168997,178.68971521966
1,All Population,5,Prevalence,206,Gambia,3,Both,22,All ages,543,Alzheimer's disease and other dementias,3,Rate,2017,161.44538138609,183.46936392888998,139.78524380027
1,All Population,5,Prevalence,23,Kiribati,3,Both,22,All ages,543,Alzheimer's disease and other dementias,3,Rate,2016,215.93878248303,242.25204080324,187.45847656607
1,All Population,5,Prevalence,147,Libya,3,Both,22,All ages,543,Alzheimer's disease and other dementias,3,Rate,2017,341.43183621322,388.89429655437,294.03543171335
1,All Population,5,Prevalence,98,Chile,3,Both,22,All ages,543,Alzheimer's disease and other dementias,3,Rate,2017,849.49923259513,969.8238953474,729.43116541337
1,All Population,5,Prevalence,180,Kenya,3,Both,22,All ages,543,Alzheimer's disease and other dementias,3,Rate,2017,198.70312388238,229.11442966078002,170.36435537578998
1,All Population,5,Prevalence,118,Suriname,3,Both,22,All ages,543,Alzheimer's disease and other dementias,3,Rate,2017,528.49742423443,603.71791866478,456.57274508890004
1,All Population,5,Prevalence,48,Hungary,3,Both,22,All ages,543,Alzheimer's disease and other dementias,3,Rate,2016,1143.53491152743,1300.38969610501,969.8677640728899
1,All Population,5,Prevalence,155,Türkiye,3,Both,22,All ages,543,Alzheimer's disease and other dementias,3,Rate,2016,631.03397546595,714.12824382719,542.82334852381
1,All Population,5,Prevalence,211,Mali,3,Both,22,All ages,543,Alzheimer's disease and other dementias,3,Rate,2017,120.48255899290001,136.85472020051,104.17627484891
1,All Population,5,Prevalence,68,Republic of Korea,3,Both,22,All ages,543,Alzheimer's disease and other dementias,3,Rate,2017,1056.1661632051698,1185.44466845895,934.66504584175
1,All Population,5,Prevalence,369,Nauru,3,Both,22,All ages,543,Alzheimer's disease and other dementias,3,Rate,2016,90.12663709617,103.23447989483,77.52373121040999
1,All Population,5,Prevalence,38,Mongolia,3,Both,22,All ages,543,Alzheimer's disease and other dementias,3,Rate,2016,243.29273209656,274.84014540654,211.70709645389002
1,All Population,5,Prevalence,85,Israel,3,Both,22,All ages,543,Alzheimer's disease and other dementias,3,Rate,2016,458.79528918253004,530.4591058168,382.19635006910005
1,All Population,5,Prevalence,143,Iraq,3,Both,22,All ages,543,Alzheimer's disease and other dementias,3,Rate,2016,226.79360643601,258.36319925245,195.64336790085
1,All Population,5,Prevalence,87,Luxembourg,3,Both,22,All ages,543,Alzheimer's disease and other dementias,3,Rate,2017,807.10781965249,943.2892963817101,675.88095910793
1,All Population,5,Prevalence,178,Eritrea,3,Both,22,All ages,543,Alzheimer's disease and other dementias,3,Rate,2016,203.68259087784998,232.19911046090002,175.76475919139
1,All Population,5,Prevalence,71,Australia,3,Both,22,All ages,543,Alzheimer's disease and other dementias,3,Rate,2017,1485.3306123484501,1690.9210834194498,1227.17584463467
1,All Population,5,Prevalence,129,Honduras,3,Both,22,All ages,543,Alzheimer's disease and other dementias,3,Rate,2017,321.05958903447,367.30204056871,276.33060335498004
1,All Population,5,Prevalence,7,Democratic People's Republic of Korea,3,Both,22,All ages,543,Alzheimer's disease and other dementias,3,Rate,2017,546.63099215414,639.26864524186,447.17006843937
1,All Population,5,Prevalence,84,Ireland,3,Both,22,All ages,543,Alzheimer's disease and other dementias,3,Rate,2016,914.18902601166,1052.93963231964,762.67166822408
1,All Population,5,Prevalence,129,Honduras,3,Both,22,All ages,543,Alzheimer's disease and other dementias,3,Rate,2016,315.04182561996,360.42016764362,270.84075946716
1,All Population,5,Prevalence,67,Japan,3,Both,22,All ages,543,Alzheimer's disease and other dementias,3,Rate,2017,2361.73508683822,2776.4673256441297,1989.85120980993
1,All Population,5,Prevalence,110,Dominica,3,Both,22,All ages,543,Alzheimer's disease and other dementias,3,Rate,2016,846.41865018639,972.06870825009,721.82658625251
1,All Population,5,Prevalence,81,Germany,3,Both,22,All ages,543,Alzheimer's disease and other dementias,3,Rate,2016,2348.4026534395302,2626.71980479589,2073.4616930267102
1,All Population,5,Prevalence,128,Guatemala,3,Both,22,All ages,543,Alzheimer's disease and other dementias,3,Rate,2016,345.20249585031,396.76202091593,295.12166181316996
1,All Population,5,Prevalence,160,Afghanistan,3,Both,22,All ages,543,Alzheimer's disease and other dementias,3,Rate,2017,145.97458576372,167.75467988295,125.07022054181
1,All Population,5,Prevalence,189,United Republic of Tanzania,3,Both,22,All ages,543,Alzheimer's disease and other dementias,3,Rate,2017,206.20184918166999,231.56368140243998,182.72548985132
1,All Population,5,Prevalence,81,Germany,3,Both,22,All ages,543,Alzheimer's disease and other dementias,3,Rate,2017,2412.80371793626,2701.50856590029,2121.97879991982
1,All Population,5,Prevalence,320,Cook Islands,3,Both,22,All ages,543,Alzheimer's disease and other dementias,3,Rate,2017,532.24471483802,603.03948956364,454.84729531745
1,All Population,5,Prevalence,88,Malta,3,Both,22,All ages,543,Alzheimer's disease and other dementias,3,Rate,2017,1212.55482193821,1387.2207286098399,1012.20034296595
1,All Population,5,Prevalence,393,Saint Kitts and Nevis,3,Both,22,All ages,543,Alzheimer's disease and other dementias,3,Rate,2016,566.4468125053501,641.76580249857,485.09788665593
1,All Population,5,Prevalence,211,Mali,3,Both,22,All ages,543,Alzheimer's disease and other dementias,3,Rate,2016,119.9177434696,136.44899450311001,103.59307579964
1,All Population,5,Prevalence,152,Saudi Arabia,3,Both,22,All ages,543,Alzheimer's disease and other dementias,3,Rate,2015,149.69005814451998,168.41051753825,128.16326625462
1,All Population,5,Prevalence,47,Czechia,3,Both,22,All ages,543,Alzheimer's disease and other dementias,3,Rate,2016,1066.26160542073,1211.40430065383,899.04522082671
1,All Population,5,Prevalence,380,Palau,3,Both,22,All ages,543,Alzheimer's disease and other dementias,3,Rate,2017,349.53319382113,395.15829331235994,299.58813882068
1,All Population,5,Prevalence,200,Benin,3,Both,22,All ages,543,Alzheimer's disease and other dementias,3,Rate,2015,130.46869002225,145.78336821834,114.1646278542
1,All Population,5,Prevalence,150,Oman,3,Both,22,All ages,543,Alzheimer's disease and other dementias,3,Rate,2017,168.7095398317,191.92236444601,146.99320807114
1,All Population,5,Prevalence,14,Maldives,3,Both,22,All ages,543,Alzheimer's disease and other dementias,3,Rate,2016,196.38401597879997,222.42844018143,168.75654751407
1,All Population,5,Prevalence,123,Peru,3,Both,22,All ages,543,Alzheimer's disease and other dementias,3,Rate,2016,382.56442563615,435.55021350190003,332.44270951947
1,All Population,5,Prevalence,212,Mauritania,3,Both,22,All ages,543,Alzheimer's disease and other dementias,3,Rate,2017,160.1485695865,181.42643673608,138.21841009908
1,All Population,5,Prevalence,91,Portugal,3,Both,22,All ages,543,Alzheimer's disease and other dementias,3,Rate,2015,1380.5235934991301,1609.2309428831002,1148.3117708448099
1,All Population,5,Prevalence,149,Palestine,3,Both,22,All ages,543,Alzheimer's disease and other dementias,3,Rate,2017,229.60017883050998,259.08261075578,199.16776168324
1,All Population,5,Prevalence,168,Angola,3,Both,22,All ages,543,Alzheimer's disease and other dementias,3,Rate,2017,170.34575228991,191.75709066382,149.25427157669
1,All Population,5,Prevalence,149,Palestine,3,Both,22,All ages,543,Alzheimer's disease and other dementias,3,Rate,2016,227.17335229444,257.09017084066,196.21018043931
1,All Population,5,Prevalence,164,Nepal,3,Both,22,All ages,543,Alzheimer's disease and other dementias,3,Rate,2017,248.93880746943,284.5659896419,218.25596054129
1,All Population,5,Prevalence,119,Trinidad and Tobago,3,Both,22,All ages,543,Alzheimer's disease and other dementias,3,Rate,2017,626.16112169138,726.00721284528,537.74328362375
1,All Population,5,Prevalence,376,Northern Mariana Islands,3,Both,22,All ages,543,Alzheimer's disease and other dementias,3,Rate,2017,254.08675310525,287.88431967242,219.53300008244997
1,All Population,5,Prevalence,91,Portugal,3,Both,22,All ages,543,Alzheimer's disease and other dementias,3,Rate,2016,1417.93990611841,1650.98993612172,1178.27209399915
1,All Population,5,Prevalence,305,Bermuda,3,Both,22,All ages,543,Alzheimer's disease and other dementias,3,Rate,2017,1219.01888183514,1396.91383711099,1045.8710349786
1,All Population,5,Prevalence,422,United States Virgin Islands,3,Both,22,All ages,543,Alzheimer's disease and other dementias,3,Rate,2017,1108.53984572998,1269.87754433696,955.35564699441
1,All Population,5,Prevalence,132,Panama,3,Both,22,All ages,543,Alzheimer's disease and other dementias,3,Rate,2016,610.38892644207,697.85361448282,523.98753161667
1,All Population,5,Prevalence,113,Guyana,3,Both,22,All ages,543,Alzheimer's disease and other dementias,3,Rate,2016,364.45326803384,415.07679659741996,315.83195577241
1,All Population,5,Prevalence,184,Mozambique,3,Both,22,All ages,543,Alzheimer's disease and other dementias,3,Rate,2017,186.00528733879,209.88206172915,161.3920425999
1,All Population,5,Prevalence,169,Central African Republic,3,Both,22,All ages,543,Alzheimer's disease and other dementias,3,Rate,2016,192.00956592336,217.84347624932,167.28425038741
1,All Population,5,Prevalence,215,Sao Tome and Principe,3,Both,22,All ages,543,Alzheimer's disease and other dementias,3,Rate,2016,170.229489866,193.87895570653998,147.52688789419
1,All Population,5,Prevalence,198,Zimbabwe,3,Both,22,All ages,543,Alzheimer's disease and other dementias,3,Rate,2016,241.92836122913002,275.6997795591,208.65622589793
1,All Population,5,Prevalence,204,Chad,3,Both,22,All ages,543,Alzheimer's disease and other dementias,3,Rate,2017,99.04798938344,112.14599338795999,85.93121087470999
1,All Population,5,Prevalence,215,Sao Tome and Principe,3,Both,22,All ages,543,Alzheimer's disease and other dementias,3,Rate,2015,169.33633185578,192.71951548436,146.8708224874
1,All Population,5,Prevalence,77,Cyprus,3,Both,22,All ages,543,Alzheimer's disease and other dementias,3,Rate,2017,879.31441962297,1006.17700783735,730.49362486115
1,All Population,5,Prevalence,198,Zimbabwe,3,Both,22,All ages,543,Alzheimer's disease and other dementias,3,Rate,2017,245.65052905373,279.23799073076,212.14952735454
1,All Population,5,Prevalence,114,Haiti,3,Both,22,All ages,543,Alzheimer's disease and other dementias,3,Rate,2015,213.32451543616,244.25142630366,184.00145806102
1,All Population,5,Prevalence,157,Yemen,3,Both,22,All ages,543,Alzheimer's disease and other dementias,3,Rate,2017,178.80297437174,203.86779753967997,154.81800842639998
1,All Population,5,Prevalence,163,India,3,Both,22,All ages,543,Alzheimer's disease and other dementias,3,Rate,2017,252.87673321098,290.56118285702996,218.45654766569
1,All Population,5,Prevalence,374,Niue,3,Both,22,All ages,543,Alzheimer's disease and other dementias,3,Rate,2014,703.79741833362,806.97670342683,586.28603820343
1,All Population,5,Prevalence,125,Colombia,3,Both,22,All ages,543,Alzheimer's disease and other dementias,3,Rate,2017,640.76273283668,731.03453708582,552.39128121376
1,All Population,5,Prevalence,50,Montenegro,3,Both,22,All ages,543,Alzheimer's disease and other dementias,3,Rate,2017,780.82134722288,897.1233380501801,659.62844673315
1,All Population,5,Prevalence,142,Iran (Islamic Republic of),3,Both,22,All ages,543,Alzheimer's disease and other dementias,3,Rate,2017,469.06954688817,539.0178497248401,399.09714644144
1,All Population,5,Prevalence,139,Algeria,3,Both,22,All ages,543,Alzheimer's disease and other dementias,3,Rate,2017,430.5587237371,491.18134543003,369.66622605031
1,All Population,5,Prevalence,29,Tonga,3,Both,22,All ages,543,Alzheimer's disease and other dementias,3,Rate,2017,339.54939528757996,388.76420046502,289.6619862362
1,All Population,5,Prevalence,182,Malawi,3,Both,22,All ages,543,Alzheimer's disease and other dementias,3,Rate,2016,167.48676389897,191.31073383020998,143.27237385657
1,All Population,5,Prevalence,105,Antigua and Barbuda,3,Both,22,All ages,543,Alzheimer's disease and other dementias,3,Rate,2016,592.31535204333,677.90503580169,511.25405434742004
1,All Population,5,Prevalence,57,Belarus,3,Both,22,All ages,543,Alzheimer's disease and other dementias,3,Rate,2017,950.68809680096,1086.6362125030798,800.2444228784201
1,All Population,5,Prevalence,413,Tokelau,3,Both,22,All ages,543,Alzheimer's disease and other dementias,3,Rate,2015,597.47417675385,684.9492526785,497.63712413404
1,All Population,5,Prevalence,63,Ukraine,3,Both,22,All ages,543,Alzheimer's disease and other dementias,3,Rate,2017,1031.84971464997,1202.7261585307199,868.13635801927
1,All Population,5,Prevalence,187,Somalia,3,Both,22,All ages,543,Alzheimer's disease and other dementias,3,Rate,2017,175.74550234024,199.3044868211,153.04990387253
1,All Population,5,Prevalence,206,Gambia,3,Both,22,All ages,543,Alzheimer's disease and other dementias,3,Rate,2016,160.85054369133,182.9583670411,139.15639786074
1,All Population,5,Prevalence,193,Botswana,3,Both,22,All ages,543,Alzheimer's disease and other dementias,3,Rate,2015,320.12343758944,364.33207515148,277.61108383749
1,All Population,5,Prevalence,173,Gabon,3,Both,22,All ages,543,Alzheimer's disease and other dementias,3,Rate,2016,365.09676386363,418.31392332545,312.10918142610996
1,All Population,5,Prevalence,175,Burundi,3,Both,22,All ages,543,Alzheimer's disease and other dementias,3,Rate,2015,139.67617781101,158.60629622841,122.75162632523
1,All Population,5,Prevalence,170,Congo,3,Both,22,All ages,543,Alzheimer's disease and other dementias,3,Rate,2016,213.39006119125,233.75198069688,193.12654476446
1,All Population,5,Prevalence,216,Senegal,3,Both,22,All ages,543,Alzheimer's disease and other dementias,3,Rate,2017,168.01560823602,189.44354589212,144.40438995589
1,All Population,5,Prevalence,435,South Sudan,3,Both,22,All ages,543,Alzheimer's disease and other dementias,3,Rate,2017,134.09116968186999,150.50971632477,118.07096685404
1,All Population,5,Prevalence,349,Greenland,3,Both,22,All ages,543,Alzheimer's disease and other dementias,3,Rate,2017,577.62103680236,662.6901155021,493.84306977902
1,All Population,5,Prevalence,203,Cabo Verde,3,Both,22,All ages,543,Alzheimer's disease and other dementias,3,Rate,2017,334.66046186913,384.57786832249997,283.73435702834
1,All Population,5,Prevalence,176,Comoros,3,Both,22,All ages,543,Alzheimer's disease and other dementias,3,Rate,2017,382.87253323754,436.73824238423003,331.27891368708
1,All Population,5,Prevalence,109,Cuba,3,Both,22,All ages,543,Alzheimer's disease and other dementias,3,Rate,2016,842.8908526772101,952.40011534866,744.66963584365
1,All Population,5,Prevalence,160,Afghanistan,3,Both,22,All ages,543,Alzheimer's disease and other dementias,3,Rate,2016,146.84484007919,168.74479911942,126.2650192424
1,All Population,5,Prevalence,146,Lebanon,3,Both,22,All ages,543,Alzheimer's disease and other dementias,3,Rate,2015,634.18534949146,721.97757890782,545.82915948069
1,All Population,5,Prevalence,218,Togo,3,Both,22,All ages,543,Alzheimer's disease and other dementias,3,Rate,2017,128.58588421804,144.42713005283,111.38959013722
1,All Population,5,Prevalence,20,Viet Nam,3,Both,22,All ages,543,Alzheimer's disease and other dementias,3,Rate,2017,389.26439260719,441.63018910418003,335.80697549866
1,All Population,5,Prevalence,203,Cabo Verde,3,Both,22,All ages,543,Alzheimer's disease and other dementias,3,Rate,2016,328.63812495295997,376.6072363509,278.50524847296
1,All Population,5,Prevalence,17,Sri Lanka,3,Both,22,All ages,543,Alzheimer's disease and other dementias,3,Rate,2016,345.14520372044,391.72910074788,297.03877633216996
1,All Population,5,Prevalence,13,Malaysia,3,Both,22,All ages,543,Alzheimer's disease and other dementias,3,Rate,2017,334.90770882515,378.80361092758,290.00369448598997
1,All Population,5,Prevalence,75,Austria,3,Both,22,All ages,543,Alzheimer's disease and other dementias,3,Rate,2017,1403.73400662372,1619.00843611514,1164.5347991113
1,All Population,5,Prevalence,43,Albania,3,Both,22,All ages,543,Alzheimer's disease and other dementias,3,Rate,2017,911.8658734033099,1039.4372763086299,772.03688317397
1,All Population,5,Prevalence,413,Tokelau,3,Both,22,All ages,543,Alzheimer's disease and other dementias,3,Rate,2016,594.68966848492,682.36998279946,496.82241476117997
1,All Population,5,Prevalence,181,Madagascar,3,Both,22,All ages,543,Alzheimer's disease and other dementias,3,Rate,2017,136.64230629085,154.70909765289,119.24219464570999
1,All Population,5,Prevalence,48,Hungary,3,Both,22,All ages,543,Alzheimer's disease and other dementias,3,Rate,2015,1136.18391993758,1297.7744161545002,962.53800700952
1,All Population,5,Prevalence,46,Croatia,3,Both,22,All ages,543,Alzheimer's disease and other dementias,3,Rate,2017,1268.27984523277,1461.73798530991,1069.63948507495
1,All Population,5,Prevalence,78,Denmark,3,Both,22,All ages,543,Alzheimer's disease and other dementias,3,Rate,2016,975.6726564371401,1108.66630293896,839.91912107131
1,All Population,5,Prevalence,61,Republic of Moldova,3,Both,22,All ages,543,Alzheimer's disease and other dementias,3,Rate,2016,841.07641367685,969.5450122574899,722.44407945782
1,All Population,5,Prevalence,152,Saudi Arabia,3,Both,22,All ages,543,Alzheimer's disease and other dementias,3,Rate,2017,151.20057192369,169.56869476377,129.96000055659002
1,All Population,5,Prevalence,83,Iceland,3,Both,22,All ages,543,Alzheimer's disease and other dementias,3,Rate,2017,1142.6473527979301,1297.70959656325,971.15458506645
1,All Population,5,Prevalence,191,Zambia,3,Both,22,All ages,543,Alzheimer's disease and other dementias,3,Rate,2016,114.3524493804,130.23354113581001,99.20562525675
1,All Population,5,Prevalence,60,Lithuania,3,Both,22,All ages,543,Alzheimer's disease and other dementias,3,Rate,2017,1313.3747598641899,1517.84547854876,1106.52743176193
1,All Population,5,Prevalence,186,Seychelles,3,Both,22,All ages,543,Alzheimer's disease and other dementias,3,Rate,2017,410.07895618141004,463.95827275956,351.4135019775
1,All Population,5,Prevalence,416,Tuvalu,3,Both,22,All ages,543,Alzheimer's disease and other dementias,3,Rate,2016,286.35720812559,323.83109697355997,244.39679843837
1,All Population,5,Prevalence,74,Andorra,3,Both,22,All ages,543,Alzheimer's disease and other dementias,3,Rate,2017,1197.73790424476,1375.25982309327,1007.30911943828
1,All Population,5,Prevalence,16,Philippines,3,Both,22,All ages,543,Alzheimer's disease and other dementias,3,Rate,2017,226.91970115316,258.7299933009,192.9458908668
1,All Population,5,Prevalence,16,Philippines,3,Both,22,All ages,543,Alzheimer's disease and other dementias,3,Rate,2016,222.67220201268,253.93676076840998,189.32907677645
1,All Population,5,Prevalence,24,Marshall Islands,3,Both,22,All ages,543,Alzheimer's disease and other dementias,3,Rate,2016,127.54296956461,144.88680335421998,110.19658762267001
1,All Population,5,Prevalence,131,Nicaragua,3,Both,22,All ages,543,Alzheimer's disease and other dementias,3,Rate,2016,362.42730041481,413.88186655063004,311.44878937564
1,All Population,5,Prevalence,209,Guinea-Bissau,3,Both,22,All ages,543,Alzheimer's disease and other dementias,3,Rate,2016,110.61609683367,125.83018145342999,94.95864581699
1,All Population,5,Prevalence,35,Georgia,3,Both,22,All ages,543,Alzheimer's disease and other dementias,3,Rate,2016,985.29727038601,1136.7704805400501,839.5363490829401
1,All Population,5,Prevalence,169,Central African Republic,3,Both,22,All ages,543,Alzheimer's disease and other dementias,3,Rate,2017,192.16682745904,217.68671305316002,167.87605740728
1,All Population,5,Prevalence,200,Benin,3,Both,22,All ages,543,Alzheimer's disease and other dementias,3,Rate,2017,130.09991409635998,146.92047193871,114.98098831478
1,All Population,5,Prevalence,10,Cambodia,3,Both,22,All ages,543,Alzheimer's disease and other dementias,3,Rate,2017,249.93892843217003,281.70700951453,213.49171081498
1,All Population,5,Prevalence,108,Belize,3,Both,22,All ages,543,Alzheimer's disease and other dementias,3,Rate,2015,312.77174295199,354.17692430426,268.00937896626004
1,All Population,5,Prevalence,86,Italy,3,Both,22,All ages,543,Alzheimer's disease and other dementias,3,Rate,2016,1887.5922770665102,2190.77669688841,1614.0033262108202
1,All Population,5,Prevalence,54,Slovakia,3,Both,22,All ages,543,Alzheimer's disease and other dementias,3,Rate,2016,861.5622580329701,988.6259873670899,727.3654448836501
1,All Population,5,Prevalence,163,India,3,Both,22,All ages,543,Alzheimer's disease and other dementias,3,Rate,2015,238.86660979831,274.55789988804,206.56734098746
1,All Population,5,Prevalence,51,Poland,3,Both,22,All ages,543,Alzheimer's disease and other dementias,3,Rate,2017,1055.43751109335,1221.43081091951,875.5099363708799
1,All Population,5,Prevalence,107,Barbados,3,Both,22,All ages,543,Alzheimer's disease and other dementias,3,Rate,2017,978.7409416305101,1121.07063346643,839.24123173948
1,All Population,5,Prevalence,28,Solomon Islands,3,Both,22,All ages,543,Alzheimer's disease and other dementias,3,Rate,2017,170.99618390798,196.19127958709,147.00676797423
1,All Population,5,Prevalence,55,Slovenia,3,Both,22,All ages,543,Alzheimer's disease and other dementias,3,Rate,2017,1258.2075449249598,1436.92657955499,1066.59463484185
1,All Population,5,Prevalence,23,Kiribati,3,Both,22,All ages,543,Alzheimer's disease and other dementias,3,Rate,2017,217.70431030441003,244.03502915514002,189.39301382398
1,All Population,5,Prevalence,61,Republic of Moldova,3,Both,22,All ages,543,Alzheimer's disease and other dementias,3,Rate,2015,824.35932462788,952.51961124149,709.14566233591
1,All Population,5,Prevalence,170,Congo,3,Both,22,All ages,543,Alzheimer's disease and other dementias,3,Rate,2017,212.93618898533998,234.13596974414997,193.3682456687
1,All Population,5,Prevalence,195,Namibia,3,Both,22,All ages,543,Alzheimer's disease and other dementias,3,Rate,2017,261.62040329882,297.31172513494,226.35763596153
1,All Population,5,Prevalence,305,Bermuda,3,Both,22,All ages,543,Alzheimer's disease and other dementias,3,Rate,2016,1171.8060912174199,1340.22223970818,1005.63767512569
1,All Population,5,Prevalence,369,Nauru,3,Both,22,All ages,543,Alzheimer's disease and other dementias,3,Rate,2015,87.99432475386,100.15972217685,75.70872587771001
1,All Population,5,Prevalence,116,Saint Lucia,3,Both,22,All ages,543,Alzheimer's disease and other dementias,3,Rate,2015,665.8012758926,761.73131987823,571.90883943443
1,All Population,5,Prevalence,187,Somalia,3,Both,22,All ages,543,Alzheimer's disease and other dementias,3,Rate,2015,171.6441008398,195.02340845642,149.4902341523
1,All Population,5,Prevalence,82,Greece,3,Both,22,All ages,543,Alzheimer's disease and other dementias,3,Rate,2017,2212.17122052691,2545.6137455818002,1850.53607409906
1,All Population,5,Prevalence,207,Ghana,3,Both,22,All ages,543,Alzheimer's disease and other dementias,3,Rate,2015,155.23758580754,176.04702708582,134.96476872551
1,All Population,5,Prevalence,173,Gabon,3,Both,22,All ages,543,Alzheimer's disease and other dementias,3,Rate,2017,366.68548685754,418.53437830218,314.35569674571997
1,All Population,5,Prevalence,213,Niger,3,Both,22,All ages,543,Alzheimer's disease and other dementias,3,Rate,2017,89.78728309166,101.18704036651,78.01796744407
1,All Population,5,Prevalence,110,Dominica,3,Both,22,All ages,543,Alzheimer's disease and other dementias,3,Rate,2017,814.9505430663199,941.20283397613,696.18255948057
1,All Population,5,Prevalence,205,Côte d'Ivoire,3,Both,22,All ages,543,Alzheimer's disease and other dementias,3,Rate,2017,108.47369178402,121.6538553182,94.88431701307
1,All Population,5,Prevalence,8,Taiwan,3,Both,22,All ages,543,Alzheimer's disease and other dementias,3,Rate,2017,793.01416801036,910.3440657914699,651.06837335885
1,All Population,5,Prevalence,143,Iraq,3,Both,22,All ages,543,Alzheimer's disease and other dementias,3,Rate,2017,231.69098034137,263.50909156864003,199.33879217254997
1,All Population,5,Prevalence,53,Serbia,3,Both,22,All ages,543,Alzheimer's disease and other dementias,3,Rate,2016,922.09457724285,1064.84234370487,779.58442560289
1,All Population,5,Prevalence,128,Guatemala,3,Both,22,All ages,543,Alzheimer's disease and other dementias,3,Rate,2017,353.71485838794,405.86404408953,302.81802590173
1,All Population,5,Prevalence,36,Kazakhstan,3,Both,22,All ages,543,Alzheimer's disease and other dementias,3,Rate,2017,423.59830337021,483.91027889355996,366.47308378884
1,All Population,5,Prevalence,113,Guyana,3,Both,22,All ages,543,Alzheimer's disease and other dementias,3,Rate,2017,373.60477199388004,425.8211313072,323.89493180956
1,All Population,5,Prevalence,190,Uganda,3,Both,22,All ages,543,Alzheimer's disease and other dementias,3,Rate,2017,147.07876634495,166.72059193775002,127.86265073153999
1,All Population,5,Prevalence,37,Kyrgyzstan,3,Both,22,All ages,543,Alzheimer's disease and other dementias,3,Rate,2017,265.73131816486,301.76821549016,233.48852478458
1,All Population,5,Prevalence,95,United Kingdom,3,Both,22,All ages,543,Alzheimer's disease and other dementias,3,Rate,2017,1409.49982654133,1631.4977000839701,1172.6770642772
1,All Population,5,Prevalence,367,Monaco,3,Both,22,All ages,543,Alzheimer's disease and other dementias,3,Rate,2017,1783.7244649597,2046.98461877337,1465.1776961973
1,All Population,5,Prevalence,69,Singapore,3,Both,22,All ages,543,Alzheimer's disease and other dementias,3,Rate,2016,560.97278747393,625.99402096446,496.03777056247003
1,All Population,5,Prevalence,208,Guinea,3,Both,22,All ages,543,Alzheimer's disease and other dementias,3,Rate,2017,163.32753127457,184.68477746537,140.83174527278
1,All Population,5,Prevalence,154,Tunisia,3,Both,22,All ages,543,Alzheimer's disease and other dementias,3,Rate,2015,554.65513103816,632.15293187953,478.45521342185003
1,All Population,5,Prevalence,122,Ecuador,3,Both,22,All ages,543,Alzheimer's disease and other dementias,3,Rate,2017,383.68175462674,440.84498090105,333.58086752728
1,All Population,5,Prevalence,393,Saint Kitts and Nevis,3,Both,22,All ages,543,Alzheimer's disease and other dementias,3,Rate,2017,591.23806283308,672.86697867076,507.88701305051
1,All Population,5,Prevalence,154,Tunisia,3,Both,22,All ages,543,Alzheimer's disease and other dementias,3,Rate,2017,584.6674109780901,662.6601449613801,505.12389187965005
1,All Population,5,Prevalence,145,Kuwait,3,Both,22,All ages,543,Alzheimer's disease and other dementias,3,Rate,2016,167.31469691615,187.03990106076,145.92880921009
1,All Population,5,Prevalence,183,Mauritius,3,Both,22,All ages,543,Alzheimer's disease and other dementias,3,Rate,2017,486.92369368423,551.21869728597,418.17727702536
1,All Population,5,Prevalence,22,Fiji,3,Both,22,All ages,543,Alzheimer's disease and other dementias,3,Rate,2017,273.21040974599,310.19035850362997,236.12121567328
1,All Population,5,Prevalence,33,Armenia,3,Both,22,All ages,543,Alzheimer's disease and other dementias,3,Rate,2017,836.2672022563199,962.3897989257399,721.28408826419
1,All Population,5,Prevalence,522,Sudan,3,Both,22,All ages,543,Alzheimer's disease and other dementias,3,Rate,2017,272.26642273958004,313.50278802487003,233.74101938521
1,All Population,5,Prevalence,367,Monaco,3,Both,22,All ages,543,Alzheimer's disease and other dementias,3,Rate,2016,1775.7566029747302,2039.1127471475897,1460.45036675662
1,All Population,5,Prevalence,202,Cameroon,3,Both,22,All ages,543,Alzheimer's disease and other dementias,3,Rate,2017,105.46734728393999,119.1375437462,91.131519
1,All Population,5,Prevalence,63,Ukraine,3,Both,22,All ages,543,Alzheimer's disease and other dementias,3,Rate,2016,1013.28361149334,1176.53755556645,849.45432152889
1,All Population,5,Prevalence,156,United Arab Emirates,3,Both,22,All ages,543,Alzheimer's disease and other dementias,3,Rate,2017,90.21283830453,102.64563646606,77.87015671303999
1,All Population,5,Prevalence,85,Israel,3,Both,22,All ages,543,Alzheimer's disease and other dementias,3,Rate,2017,463.91915748099,532.92495471289,386.60997525752003
1,All Population,5,Prevalence,40,Turkmenistan,3,Both,22,All ages,543,Alzheimer's disease and other dementias,3,Rate,2016,266.98278551218,304.1293250036,232.64611664691
1,All Population,5,Prevalence,385,Puerto Rico,3,Both,22,All ages,543,Alzheimer's disease and other dementias,3,Rate,2016,1277.30965386569,1461.19018696998,1094.27464894641
1,All Population,5,Prevalence,106,Bahamas,3,Both,22,All ages,543,Alzheimer's disease and other dementias,3,Rate,2017,450.93034353983,513.83069333709,390.37989753759
1,All Population,5,Prevalence,48,Hungary,3,Both,22,All ages,543,Alzheimer's disease and other dementias,3,Rate,2017,1157.96767148246,1316.1451394478,986.43529422426
1,All Population,5,Prevalence,181,Madagascar,3,Both,22,All ages,543,Alzheimer's disease and other dementias,3,Rate,2016,136.32861649512,154.7868067325,118.60536263981
1,All Population,5,Prevalence,191,Zambia,3,Both,22,All ages,543,Alzheimer's disease and other dementias,3,Rate,2017,114.68727214815999,130.49876181104,99.45261800905
1,All Population,5,Prevalence,351,Guam,3,Both,22,All ages,543,Alzheimer's disease and other dementias,3,Rate,2017,493.52239416017,559.09938533403,421.77269439146
1,All Population,5,Prevalence,197,Eswatini,3,Both,22,All ages,543,Alzheimer's disease and other dementias,3,Rate,2016,252.65567461613,288.86166812811,217.03022611251
1,All Population,5,Prevalence,162,Bhutan,3,Both,22,All ages,543,Alzheimer's disease and other dementias,3,Rate,2017,267.96312677793003,308.18578553149,232.67336201710998
1,All Population,5,Prevalence,207,Ghana,3,Both,22,All ages,543,Alzheimer's disease and other dementias,3,Rate,2017,157.76162054421,178.36339034444998,137.0823814058
1,All Population,5,Prevalence,435,South Sudan,3,Both,22,All ages,543,Alzheimer's disease and other dementias,3,Rate,2016,129.16814104346,144.80498863209,113.41226084899999
1,All Population,5,Prevalence,140,Bahrain,3,Both,22,All ages,543,Alzheimer's disease and other dementias,3,Rate,2017,188.33979551319,210.99279149132,163.93241890851
1,All Population,5,Prevalence,123,Peru,3,Both,22,All ages,543,Alzheimer's disease and other dementias,3,Rate,2017,413.78705926213,469.56937120406,359.20293625548
1,All Population,5,Prevalence,202,Cameroon,3,Both,22,All ages,543,Alzheimer's disease and other dementias,3,Rate,2015,106.52062094802001,121.15482431834,91.88154531745
1,All Population,5,Prevalence,217,Sierra Leone,3,Both,22,All ages,543,Alzheimer's disease and other dementias,3,Rate,2015,143.0435949956,161.23340785498,123.30374043047999
1,All Population,5,Prevalence,90,Norway,3,Both,22,All ages,543,Alzheimer's disease and other dementias,3,Rate,2017,1429.5343257704399,1641.45457573361,1183.10205810153
1,All Population,5,Prevalence,80,France,3,Both,22,All ages,543,Alzheimer's disease and other dementias,3,Rate,2017,1222.98386798005,1366.85967836535,1072.9556259964202
1,All Population,5,Prevalence,214,Nigeria,3,Both,22,All ages,543,Alzheimer's disease and other dementias,3,Rate,2017,109.33074045138,124.98756433699,94.0363697404
1,All Population,5,Prevalence,93,Sweden,3,Both,22,All ages,543,Alzheimer's disease and other dementias,3,Rate,2015,1293.79808102735,1473.44553690074,1099.22979968542
1,All Population,5,Prevalence,89,Netherlands,3,Both,22,All ages,543,Alzheimer's disease and other dementias,3,Rate,2017,1415.98978398989,1599.4386360513702,1191.0822439106498
1,All Population,5,Prevalence,151,Qatar,3,Both,22,All ages,543,Alzheimer's disease and other dementias,3,Rate,2017,95.55598941392999,107.74264688521,83.59642512717
1,All Population,5,Prevalence,214,Nigeria,3,Both,22,All ages,543,Alzheimer's disease and other dementias,3,Rate,2016,109.44092558810999,125.09742727972,94.05145255652
1,All Population,5,Prevalence,185,Rwanda,3,Both,22,All ages,543,Alzheimer's disease and other dementias,3,Rate,2017,186.45827885597,210.29050865448,162.85226585795002
1,All Population,5,Prevalence,179,Ethiopia,3,Both,22,All ages,543,Alzheimer's disease and other dementias,3,Rate,2017,176.3405481438,203.13289113043,151.75025790294
1,All Population,5,Prevalence,115,Jamaica,3,Both,22,All ages,543,Alzheimer's disease and other dementias,3,Rate,2016,730.3367542763899,830.7374582306401,629.78376745769
1,All Population,5,Prevalence,194,Lesotho,3,Both,22,All ages,543,Alzheimer's disease and other dementias,3,Rate,2017,300.08932784401003,341.55910116155,258.49095973745
1,All Population,5,Prevalence,144,Jordan,3,Both,22,All ages,543,Alzheimer's disease and other dementias,3,Rate,2017,270.20412460078,308.81871453924,235.37924937437
1,All Population,5,Prevalence,69,Singapore,3,Both,22,All ages,543,Alzheimer's disease and other dementias,3,Rate,2017,600.03930956337,668.46093873151,531.23125766779
1,All Population,5,Prevalence,374,Niue,3,Both,22,All ages,543,Alzheimer's disease and other dementias,3,Rate,2017,704.3442133639401,808.3780232772101,587.1738272869701
1,All Population,5,Prevalence,161,Bangladesh,3,Both,22,All ages,543,Alzheimer's disease and other dementias,3,Rate,2017,210.13088939104003,239.4094473414,181.54431674865
1,All Population,5,Prevalence,172,Equatorial Guinea,3,Both,22,All ages,543,Alzheimer's disease and other dementias,3,Rate,2017,164.70994172518,187.61257682321002,141.87638668296
1,All Population,5,Prevalence,131,Nicaragua,3,Both,22,All ages,543,Alzheimer's disease and other dementias,3,Rate,2017,368.74283112166,422.05905688036006,316.6488781392
1,All Population,5,Prevalence,72,New Zealand,3,Both,22,All ages,543,Alzheimer's disease and other dementias,3,Rate,2017,1438.05598893463,1668.62461466832,1211.24389135287
1,All Population,5,Prevalence,385,Puerto Rico,3,Both,22,All ages,543,Alzheimer's disease and other dementias,3,Rate,2017,1353.65242330395,1550.08297176641,1157.79956633687
1,All Population,5,Prevalence,177,Djibouti,3,Both,22,All ages,543,Alzheimer's disease and other dementias,3,Rate,2015,163.60601697225002,183.57057815859,141.53921336321
1,All Population,5,Prevalence,47,Czechia,3,Both,22,All ages,543,Alzheimer's disease and other dementias,3,Rate,2018,1117.39090705329,1271.67752892382,941.55739193535
1,All Population,5,Prevalence,58,Estonia,3,Both,22,All ages,543,Alzheimer's disease and other dementias,3,Rate,2018,1330.12400087871,1534.75394204571,1119.7134011307498
1,All Population,5,Prevalence,200,Benin,3,Both,22,All ages,543,Alzheimer's disease and other dementias,3,Rate,2016,130.376990853,146.95331762153,114.82953443327001
1,All Population,5,Prevalence,94,Switzerland,3,Both,22,All ages,543,Alzheimer's disease and other dementias,3,Rate,2018,1457.39126476255,1676.92662632035,1205.8903195063199
1,All Population,5,Prevalence,41,Uzbekistan,3,Both,22,All ages,543,Alzheimer's disease and other dementias,3,Rate,2018,278.76031006543997,314.68264684543,242.70818230686
1,All Population,5,Prevalence,11,Indonesia,3,Both,22,All ages,543,Alzheimer's disease and other dementias,3,Rate,2018,267.66856481246,306.00756259217997,227.87245621530002
1,All Population,5,Prevalence,118,Suriname,3,Both,22,All ages,543,Alzheimer's disease and other dementias,3,Rate,2018,547.50660959861,625.4054623212199,473.30566822958997
1,All Population,5,Prevalence,88,Malta,3,Both,22,All ages,543,Alzheimer's disease and other dementias,3,Rate,2018,1222.46248554749,1397.90706046996,1021.5910811826601
1,All Population,5,Prevalence,184,Mozambique,3,Both,22,All ages,543,Alzheimer's disease and other dementias,3,Rate,2016,187.30278828992,212.17990082455,162.48538330531
1,All Population,5,Prevalence,26,Papua New Guinea,3,Both,22,All ages,543,Alzheimer's disease and other dementias,3,Rate,2018,147.16021635139,165.48578771296002,126.24384301313
1,All Population,5,Prevalence,148,Morocco,3,Both,22,All ages,543,Alzheimer's disease and other dementias,3,Rate,2018,479.59075183166,548.60962002184,410.47337485250995
1,All Population,5,Prevalence,127,El Salvador,3,Both,22,All ages,543,Alzheimer's disease and other dementias,3,Rate,2017,583.80895802438,668.12783324268,500.66014074392996
1,All Population,5,Prevalence,52,Romania,3,Both,22,All ages,543,Alzheimer's disease and other dementias,3,Rate,2017,1096.4589974732398,1261.8891302142001,923.66720259169
1,All Population,5,Prevalence,217,Sierra Leone,3,Both,22,All ages,543,Alzheimer's disease and other dementias,3,Rate,2016,141.60925817183,160.18093982749002,122.06300920913999
1,All Population,5,Prevalence,59,Latvia,3,Both,22,All ages,543,Alzheimer's disease and other dementias,3,Rate,2017,1316.34012386575,1507.3529164122401,1108.4963298805899
1,All Population,5,Prevalence,6,China,3,Both,22,All ages,543,Alzheimer's disease and other dementias,3,Rate,2018,1065.65884368958,1223.04022632757,894.8136147170001
1,All Population,5,Prevalence,208,Guinea,3,Both,22,All ages,543,Alzheimer's disease and other dementias,3,Rate,2016,166.73898183034,188.55809147655,143.27712330601
1,All Population,5,Prevalence,162,Bhutan,3,Both,22,All ages,543,Alzheimer's disease and other dementias,3,Rate,2016,259.56536909252003,298.60734214059,225.57208152239
1,All Population,5,Prevalence,105,Antigua and Barbuda,3,Both,22,All ages,543,Alzheimer's disease and other dementias,3,Rate,2018,632.93755007448,723.63170622547,549.17910457828
1,All Population,5,Prevalence,76,Belgium,3,Both,22,All ages,543,Alzheimer's disease and other dementias,3,Rate,2017,1603.38493181016,1848.82671707018,1306.39953338954
1,All Population,5,Prevalence,25,Micronesia (Federated States of),3,Both,22,All ages,543,Alzheimer's disease and other dementias,3,Rate,2017,222.7449617448,251.2548761372,190.91502628821002
1,All Population,5,Prevalence,200,Benin,3,Both,22,All ages,543,Alzheimer's disease and other dementias,3,Rate,2018,130.72408899402,147.92712797391002,114.86041726415
1,All Population,5,Prevalence,45,Bulgaria,3,Both,22,All ages,543,Alzheimer's disease and other dementias,3,Rate,2017,1217.5148861837201,1408.29393378439,1015.99677263365
1,All Population,5,Prevalence,193,Botswana,3,Both,22,All ages,543,Alzheimer's disease and other dementias,3,Rate,2016,327.44249616265,371.94979633129,284.61639077923
1,All Population,5,Prevalence,81,Germany,3,Both,22,All ages,543,Alzheimer's disease and other dementias,3,Rate,2018,2453.17442030298,2745.8724910894803,2148.80144726175
1,All Population,5,Prevalence,62,Russian Federation,3,Both,22,All ages,543,Alzheimer's disease and other dementias,3,Rate,2017,913.6384915316099,1053.37262936221,770.53626841648
1,All Population,5,Prevalence,197,Eswatini,3,Both,22,All ages,543,Alzheimer's disease and other dementias,3,Rate,2017,260.14863550254,297.25571679355,223.74396241639002
1,All Population,5,Prevalence,15,Myanmar,3,Both,22,All ages,543,Alzheimer's disease and other dementias,3,Rate,2017,284.6181223934,323.30554061806,244.28924775088
1,All Population,5,Prevalence,413,Tokelau,3,Both,22,All ages,543,Alzheimer's disease and other dementias,3,Rate,2018,586.85667326008,673.96604102709,490.43628048094
1,All Population,5,Prevalence,178,Eritrea,3,Both,22,All ages,543,Alzheimer's disease and other dementias,3,Rate,2017,207.05613892023,236.35576855569,178.74512880621
1,All Population,5,Prevalence,209,Guinea-Bissau,3,Both,22,All ages,543,Alzheimer's disease and other dementias,3,Rate,2017,110.08530315079999,124.67823598543,94.87981978194
1,All Population,5,Prevalence,7,Democratic People's Republic of Korea,3,Both,22,All ages,543,Alzheimer's disease and other dementias,3,Rate,2018,560.0634306442299,652.42055892702,459.17955875786
1,All Population,5,Prevalence,37,Kyrgyzstan,3,Both,22,All ages,543,Alzheimer's disease and other dementias,3,Rate,2016,265.82153678833,302.88515862904,233.01365844869
1,All Population,5,Prevalence,12,Lao People's Democratic Republic,3,Both,22,All ages,543,Alzheimer's disease and other dementias,3,Rate,2017,210.13603639103,236.43306218408003,181.30901675895
1,All Population,5,Prevalence,34,Azerbaijan,3,Both,22,All ages,543,Alzheimer's disease and other dementias,3,Rate,2018,404.99594647248,460.29012198515005,352.68314031846
1,All Population,5,Prevalence,175,Burundi,3,Both,22,All ages,543,Alzheimer's disease and other dementias,3,Rate,2016,139.76462296704,157.89599224239,122.85056873986001
1,All Population,5,Prevalence,213,Niger,3,Both,22,All ages,543,Alzheimer's disease and other dementias,3,Rate,2018,90.19794933992,101.52072126077,78.30050677399
1,All Population,5,Prevalence,180,Kenya,3,Both,22,All ages,543,Alzheimer's disease and other dementias,3,Rate,2018,203.39590315844998,234.45511221884,174.5388826736
1,All Population,5,Prevalence,19,Timor-Leste,3,Both,22,All ages,543,Alzheimer's disease and other dementias,3,Rate,2018,214.78159877004,245.14947553302002,183.73200307815
1,All Population,5,Prevalence,189,United Republic of Tanzania,3,Both,22,All ages,543,Alzheimer's disease and other dementias,3,Rate,2018,207.05359754987,232.80981692416,183.51006504377
1,All Population,5,Prevalence,298,American Samoa,3,Both,22,All ages,543,Alzheimer's disease and other dementias,3,Rate,2018,288.62525371217004,328.11423957109,247.21112890614998
1,All Population,5,Prevalence,75,Austria,3,Both,22,All ages,543,Alzheimer's disease and other dementias,3,Rate,2018,1415.26581528889,1635.35080059958,1173.16209117774
1,All Population,5,Prevalence,79,Finland,3,Both,22,All ages,543,Alzheimer's disease and other dementias,3,Rate,2018,1549.20639439656,1781.14017457266,1288.0830922382102
1,All Population,5,Prevalence,196,South Africa,3,Both,22,All ages,543,Alzheimer's disease and other dementias,3,Rate,2018,356.02432116528996,411.2984607257,307.11026391157003
1,All Population,5,Prevalence,98,Chile,3,Both,22,All ages,543,Alzheimer's disease and other dementias,3,Rate,2018,865.58203345699,992.6645931392201,745.79261474735
1,All Population,5,Prevalence,52,Romania,3,Both,22,All ages,543,Alzheimer's disease and other dementias,3,Rate,2018,1112.33289632792,1276.36999560733,940.5987288750699
1,All Population,5,Prevalence,18,Thailand,3,Both,22,All ages,543,Alzheimer's disease and other dementias,3,Rate,2018,686.76738591609,776.32499553083,590.08689309232
1,All Population,5,Prevalence,205,Côte d'Ivoire,3,Both,22,All ages,543,Alzheimer's disease and other dementias,3,Rate,2016,109.22691374064,122.61141643821001,94.96349136939
1,All Population,5,Prevalence,175,Burundi,3,Both,22,All ages,543,Alzheimer's disease and other dementias,3,Rate,2018,140.06647233556,157.75945762804,122.69405257718999
1,All Population,5,Prevalence,66,Brunei Darussalam,3,Both,22,All ages,543,Alzheimer's disease and other dementias,3,Rate,2018,294.81868930476,336.68525546135004,254.25629368508
1,All Population,5,Prevalence,49,North Macedonia,3,Both,22,All ages,543,Alzheimer's disease and other dementias,3,Rate,2018,789.75129075756,910.4801692262,658.1204286715799
1,All Population,5,Prevalence,91,Portugal,3,Both,22,All ages,543,Alzheimer's disease and other dementias,3,Rate,2018,1491.8150406295501,1730.97014451968,1238.7279648564602
1,All Population,5,Prevalence,25,Micronesia (Federated States of),3,Both,22,All ages,543,Alzheimer's disease and other dementias,3,Rate,2018,227.23572359176998,257.10844856265,193.89326162014
1,All Population,5,Prevalence,152,Saudi Arabia,3,Both,22,All ages,543,Alzheimer's disease and other dementias,3,Rate,2018,153.07385622751,171.44061876713002,131.30163138397
1,All Population,5,Prevalence,133,Venezuela (Bolivarian Republic of),3,Both,22,All ages,543,Alzheimer's disease and other dementias,3,Rate,2018,531.62352990767,608.83059227908,467.44120985948996
1,All Population,5,Prevalence,183,Mauritius,3,Both,22,All ages,543,Alzheimer's disease and other dementias,3,Rate,2016,468.718652843,530.2008336453899,401.3837053747
1,All Population,5,Prevalence,108,Belize,3,Both,22,All ages,543,Alzheimer's disease and other dementias,3,Rate,2017,326.48876795063,371.17968347912,280.77610239288003
1,All Population,5,Prevalence,165,Pakistan,3,Both,22,All ages,543,Alzheimer's disease and other dementias,3,Rate,2018,183.25811554426,211.85983577556001,156.76551253549
1,All Population,5,Prevalence,380,Palau,3,Both,22,All ages,543,Alzheimer's disease and other dementias,3,Rate,2018,360.80166913661003,406.22554525536003,309.3008511772
1,All Population,5,Prevalence,109,Cuba,3,Both,22,All ages,543,Alzheimer's disease and other dementias,3,Rate,2017,870.38441258052,980.1077583445899,770.01896159457
1,All Population,5,Prevalence,99,Uruguay,3,Both,22,All ages,543,Alzheimer's disease and other dementias,3,Rate,2018,1195.83505025288,1377.3954931615901,1015.77853869239
1,All Population,5,Prevalence,209,Guinea-Bissau,3,Both,22,All ages,543,Alzheimer's disease and other dementias,3,Rate,2015,111.12029078004,126.53015106433,95.38581283446
1,All Population,5,Prevalence,95,United Kingdom,3,Both,22,All ages,543,Alzheimer's disease and other dementias,3,Rate,2018,1424.03889277957,1649.6089080257698,1185.6804362544399
1,All Population,5,Prevalence,156,United Arab Emirates,3,Both,22,All ages,543,Alzheimer's disease and other dementias,3,Rate,2018,100.26703218703999,114.38863903433,86.45262200164
1,All Population,5,Prevalence,23,Kiribati,3,Both,22,All ages,543,Alzheimer's disease and other dementias,3,Rate,2018,219.33811431089,245.56552898560997,191.00681836258
1,All Population,5,Prevalence,39,Tajikistan,3,Both,22,All ages,543,Alzheimer's disease and other dementias,3,Rate,2017,193.36101489805,217.32049241848998,168.51481778572
1,All Population,5,Prevalence,141,Egypt,3,Both,22,All ages,543,Alzheimer's disease and other dementias,3,Rate,2018,247.53082454095,276.90878954988,215.86571329927003
1,All Population,5,Prevalence,140,Bahrain,3,Both,22,All ages,543,Alzheimer's disease and other dementias,3,Rate,2018,196.43179007658003,219.88596964534003,170.59233574949
1,All Population,5,Prevalence,106,Bahamas,3,Both,22,All ages,543,Alzheimer's disease and other dementias,3,Rate,2018,461.09526515138003,524.80561648428,398.98551117617
1,All Population,5,Prevalence,185,Rwanda,3,Both,22,All ages,543,Alzheimer's disease and other dementias,3,Rate,2018,189.79779854886,214.17590897770998,166.40050901042
1,All Population,5,Prevalence,150,Oman,3,Both,22,All ages,543,Alzheimer's disease and other dementias,3,Rate,2018,168.51198837232,191.54298584705,146.28211155472002
1,All Population,5,Prevalence,111,Dominican Republic,3,Both,22,All ages,543,Alzheimer's disease and other dementias,3,Rate,2018,448.01241409069996,509.9213232947,392.22575115179
1,All Population,5,Prevalence,204,Chad,3,Both,22,All ages,543,Alzheimer's disease and other dementias,3,Rate,2018,97.53574810923,110.56522247059002,84.67006820915
1,All Population,5,Prevalence,130,Mexico,3,Both,22,All ages,543,Alzheimer's disease and other dementias,3,Rate,2017,449.87746504514996,518.3016226666699,385.09742973717
1,All Population,5,Prevalence,171,Democratic Republic of the Congo,3,Both,22,All ages,543,Alzheimer's disease and other dementias,3,Rate,2018,207.36478919301,235.59915303877,179.41813598518
1,All Population,5,Prevalence,117,Saint Vincent and the Grenadines,3,Both,22,All ages,543,Alzheimer's disease and other dementias,3,Rate,2018,740.169047114,851.4862242671801,636.38647119203
1,All Population,5,Prevalence,201,Burkina Faso,3,Both,22,All ages,543,Alzheimer's disease and other dementias,3,Rate,2018,146.36110887114,166.11457586847,126.32711754275
1,All Population,5,Prevalence,351,Guam,3,Both,22,All ages,543,Alzheimer's disease and other dementias,3,Rate,2018,513.7883420659799,584.07098748975,439.20514610875
1,All Population,5,Prevalence,115,Jamaica,3,Both,22,All ages,543,Alzheimer's disease and other dementias,3,Rate,2017,733.4043882281301,833.52525574412,633.72617170167
1,All Population,5,Prevalence,17,Sri Lanka,3,Both,22,All ages,543,Alzheimer's disease and other dementias,3,Rate,2019,382.80252313268,436.91796773883,326.00680529232
1,All Population,5,Prevalence,179,Ethiopia,3,Both,22,All ages,543,Alzheimer's disease and other dementias,3,Rate,2018,178.51827006321,205.75674070322003,153.68965572306
1,All Population,5,Prevalence,175,Burundi,3,Both,22,All ages,543,Alzheimer's disease and other dementias,3,Rate,2017,140.45585517402,158.31617235746,123.35035251243
1,All Population,5,Prevalence,55,Slovenia,3,Both,22,All ages,543,Alzheimer's disease and other dementias,3,Rate,2016,1227.0339569523499,1403.21741804818,1044.17940341777
1,All Population,5,Prevalence,145,Kuwait,3,Both,22,All ages,543,Alzheimer's disease and other dementias,3,Rate,2017,175.31107087870998,195.44479061396,153.46779969539
1,All Population,5,Prevalence,87,Luxembourg,3,Both,22,All ages,543,Alzheimer's disease and other dementias,3,Rate,2018,816.99799868918,953.3506719453101,683.75326421309
1,All Population,5,Prevalence,413,Tokelau,3,Both,22,All ages,543,Alzheimer's disease and other dementias,3,Rate,2017,590.84049881853,678.95356876423,493.82643285724
1,All Population,5,Prevalence,75,Austria,3,Both,22,All ages,543,Alzheimer's disease and other dementias,3,Rate,2019,1426.37293834401,1646.72218909705,1183.28925886708
1,All Population,5,Prevalence,146,Lebanon,3,Both,22,All ages,543,Alzheimer's disease and other dementias,3,Rate,2018,688.9543237054401,786.46763158026,596.3256209157
1,All Population,5,Prevalence,157,Yemen,3,Both,22,All ages,543,Alzheimer's disease and other dementias,3,Rate,2018,182.12325516123,208.07019207616997,157.28220209527
1,All Population,5,Prevalence,97,Argentina,3,Both,22,All ages,543,Alzheimer's disease and other dementias,3,Rate,2017,813.2403185337599,927.64384584919,697.13738897313
1,All Population,5,Prevalence,125,Colombia,3,Both,22,All ages,543,Alzheimer's disease and other dementias,3,Rate,2018,658.41635010109,755.21752844199,568.6486403121401
1,All Population,5,Prevalence,80,France,3,Both,22,All ages,543,Alzheimer's disease and other dementias,3,Rate,2018,1240.3956772015501,1381.66192983529,1087.62490462645
1,All Population,5,Prevalence,110,Dominica,3,Both,22,All ages,543,Alzheimer's disease and other dementias,3,Rate,2018,830.06096113548,959.89788808229,710.03981704313
1,All Population,5,Prevalence,172,Equatorial Guinea,3,Both,22,All ages,543,Alzheimer's disease and other dementias,3,Rate,2018,165.22251043661,188.14451115921,143.20446255086998
1,All Population,5,Prevalence,215,Sao Tome and Principe,3,Both,22,All ages,543,Alzheimer's disease and other dementias,3,Rate,2017,171.22348407403,194.74013101423998,147.49851772211
1,All Population,5,Prevalence,320,Cook Islands,3,Both,22,All ages,543,Alzheimer's disease and other dementias,3,Rate,2018,549.6520386798301,622.9597022020599,470.58271956792004
1,All Population,5,Prevalence,84,Ireland,3,Both,22,All ages,543,Alzheimer's disease and other dementias,3,Rate,2017,932.0432457958499,1075.1944480749298,782.51301594466
1,All Population,5,Prevalence,67,Japan,3,Both,22,All ages,543,Alzheimer's disease and other dementias,3,Rate,2018,2436.04131388345,2864.77951894085,2051.89063174161
1,All Population,5,Prevalence,142,Iran (Islamic Republic of),3,Both,22,All ages,543,Alzheimer's disease and other dementias,3,Rate,2018,478.3804240838,550.53977168179,407.82088441306
1,All Population,5,Prevalence,57,Belarus,3,Both,22,All ages,543,Alzheimer's disease and other dementias,3,Rate,2018,953.09216228584,1089.69880883168,802.76301121973
1,All Population,5,Prevalence,305,Bermuda,3,Both,22,All ages,543,Alzheimer's disease and other dementias,3,Rate,2018,1262.01368939649,1449.303314343,1081.3619520385898
1,All Population,5,Prevalence,10,Cambodia,3,Both,22,All ages,543,Alzheimer's disease and other dementias,3,Rate,2018,257.50399607295003,291.72608319289,221.3979842673
1,All Population,5,Prevalence,44,Bosnia and Herzegovina,3,Both,22,All ages,543,Alzheimer's disease and other dementias,3,Rate,2018,974.69918999935,1125.74877679499,825.17673968261
1,All Population,5,Prevalence,72,New Zealand,3,Both,22,All ages,543,Alzheimer's disease and other dementias,3,Rate,2018,1445.91759875636,1683.04163181565,1215.1638982843099
1,All Population,5,Prevalence,28,Solomon Islands,3,Both,22,All ages,543,Alzheimer's disease and other dementias,3,Rate,2019,173.42992103262,198.07454156472002,148.74501989996
1,All Population,5,Prevalence,58,Estonia,3,Both,22,All ages,543,Alzheimer's disease and other dementias,3,Rate,2019,1335.95100311647,1542.16107980023,1122.02356446315
1,All Population,5,Prevalence,128,Guatemala,3,Both,22,All ages,543,Alzheimer's disease and other dementias,3,Rate,2018,355.77119818365,408.08137532340004,305.34480852447
1,All Population,5,Prevalence,422,United States Virgin Islands,3,Both,22,All ages,543,Alzheimer's disease and other dementias,3,Rate,2018,1172.29907818524,1344.1461261550999,1005.9836121235301
1,All Population,5,Prevalence,147,Libya,3,Both,22,All ages,543,Alzheimer's disease and other dementias,3,Rate,2016,333.77640127455,381.36813034639,286.94356984423996
1,All Population,5,Prevalence,435,South Sudan,3,Both,22,All ages,543,Alzheimer's disease and other dementias,3,Rate,2018,145.53813170191,163.84937911181,128.05193219688002
1,All Population,5,Prevalence,374,Niue,3,Both,22,All ages,543,Alzheimer's disease and other dementias,3,Rate,2018,705.26745179687,806.42720475908,586.4808598358301
1,All Population,5,Prevalence,349,Greenland,3,Both,22,All ages,543,Alzheimer's disease and other dementias,3,Rate,2018,591.78919443905,680.0469353091099,503.63234123176
1,All Population,5,Prevalence,88,Malta,3,Both,22,All ages,543,Alzheimer's disease and other dementias,3,Rate,2019,1236.64946661815,1417.37453193891,1033.12485416668
1,All Population,5,Prevalence,41,Uzbekistan,3,Both,22,All ages,543,Alzheimer's disease and other dementias,3,Rate,2019,279.29996598521,314.18578525939,244.25489456672997
1,All Population,5,Prevalence,105,Antigua and Barbuda,3,Both,22,All ages,543,Alzheimer's disease and other dementias,3,Rate,2019,643.2496401019899,734.5301517183,555.88913950056
1,All Population,5,Prevalence,112,Grenada,3,Both,22,All ages,543,Alzheimer's disease and other dementias,3,Rate,2017,808.48514467322,933.90717626878,689.7211417736299
1,All Population,5,Prevalence,33,Armenia,3,Both,22,All ages,543,Alzheimer's disease and other dementias,3,Rate,2018,849.54219743902,975.8212972280401,734.3932141247301
1,All Population,5,Prevalence,71,Australia,3,Both,22,All ages,543,Alzheimer's disease and other dementias,3,Rate,2016,1464.33133203656,1666.1867151130602,1206.26133022696
1,All Population,5,Prevalence,218,Togo,3,Both,22,All ages,543,Alzheimer's disease and other dementias,3,Rate,2018,131.33735266237,147.76752161368,113.73360751826999
1,All Population,5,Prevalence,187,Somalia,3,Both,22,All ages,543,Alzheimer's disease and other dementias,3,Rate,2018,177.26856509458,201.24313526011,153.77885482835
1,All Population,5,Prevalence,522,Sudan,3,Both,22,All ages,543,Alzheimer's disease and other dementias,3,Rate,2018,274.88583613498,317.34464042505004,236.37884649286
1,All Population,5,Prevalence,38,Mongolia,3,Both,22,All ages,543,Alzheimer's disease and other dementias,3,Rate,2017,248.10431639381002,280.33159928648,216.92652659604997
1,All Population,5,Prevalence,216,Senegal,3,Both,22,All ages,543,Alzheimer's disease and other dementias,3,Rate,2016,168.99122790336,190.85605519139,145.64201499689
1,All Population,5,Prevalence,153,Syrian Arab Republic,3,Both,22,All ages,543,Alzheimer's disease and other dementias,3,Rate,2017,329.18745765999,376.94956888913,283.84859779377
1,All Population,5,Prevalence,119,Trinidad and Tobago,3,Both,22,All ages,543,Alzheimer's disease and other dementias,3,Rate,2018,644.60081933318,748.1797089468399,554.18559114544
1,All Population,5,Prevalence,151,Qatar,3,Both,22,All ages,543,Alzheimer's disease and other dementias,3,Rate,2018,97.68322275530001,109.77200869047,85.16070868225
1,All Population,5,Prevalence,20,Viet Nam,3,Both,22,All ages,543,Alzheimer's disease and other dementias,3,Rate,2018,397.28702958424,449.84168941982,341.98137282774996
1,All Population,5,Prevalence,50,Montenegro,3,Both,22,All ages,543,Alzheimer's disease and other dementias,3,Rate,2018,893.5900439081801,1026.1896000710701,746.52392051827
1,All Population,5,Prevalence,369,Nauru,3,Both,22,All ages,543,Alzheimer's disease and other dementias,3,Rate,2017,92.20427962423001,105.62146051494999,79.46550549607
1,All Population,5,Prevalence,210,Liberia,3,Both,22,All ages,543,Alzheimer's disease and other dementias,3,Rate,2017,124.88689938214999,141.22242981654,108.58301203885
1,All Population,5,Prevalence,6,China,3,Both,22,All ages,543,Alzheimer's disease and other dementias,3,Rate,2019,1111.01328950854,1274.44426615606,934.43635880446
1,All Population,5,Prevalence,11,Indonesia,3,Both,22,All ages,543,Alzheimer's disease and other dementias,3,Rate,2019,273.58727031832,312.73110606954,232.94238900588
1,All Population,5,Prevalence,135,Brazil,3,Both,22,All ages,543,Alzheimer's disease and other dementias,3,Rate,2018,864.8130516653399,989.2028368962301,750.91217908612
1,All Population,5,Prevalence,118,Suriname,3,Both,22,All ages,543,Alzheimer's disease and other dementias,3,Rate,2019,566.27260154538,645.98541159626,489.78180298734
1,All Population,5,Prevalence,122,Ecuador,3,Both,22,All ages,543,Alzheimer's disease and other dementias,3,Rate,2019,400.29463919706,462.30712321305,347.64141185362
1,All Population,5,Prevalence,164,Nepal,3,Both,22,All ages,543,Alzheimer's disease and other dementias,3,Rate,2018,256.35904190605,292.94564954764,224.30503346573997
1,All Population,5,Prevalence,205,Côte d'Ivoire,3,Both,22,All ages,543,Alzheimer's disease and other dementias,3,Rate,2018,107.74889145344999,121.20025813449999,93.95747786772
1,All Population,5,Prevalence,136,Paraguay,3,Both,22,All ages,543,Alzheimer's disease and other dementias,3,Rate,2018,553.00886862983,626.88031326903,477.98919383449
1,All Population,5,Prevalence,92,Spain,3,Both,22,All ages,543,Alzheimer's disease and other dementias,3,Rate,2017,1309.4339947457702,1474.1778076214,1130.06929260433
1,All Population,5,Prevalence,135,Brazil,3,Both,22,All ages,543,Alzheimer's disease and other dementias,3,Rate,2019,893.84417341068,1023.97017004538,776.52810761069
1,All Population,5,Prevalence,193,Botswana,3,Both,22,All ages,543,Alzheimer's disease and other dementias,3,Rate,2017,335.06712869116,381.9834844248,290.08167976511004
1,All Population,5,Prevalence,212,Mauritania,3,Both,22,All ages,543,Alzheimer's disease and other dementias,3,Rate,2018,161.72179316569,183.36438427395,139.2162767182
1,All Population,5,Prevalence,146,Lebanon,3,Both,22,All ages,543,Alzheimer's disease and other dementias,3,Rate,2017,664.78579566494,761.34732528948,574.09016418871
1,All Population,5,Prevalence,91,Portugal,3,Both,22,All ages,543,Alzheimer's disease and other dementias,3,Rate,2017,1450.74515229531,1685.78397280898,1205.00082739179
1,All Population,5,Prevalence,40,Turkmenistan,3,Both,22,All ages,543,Alzheimer's disease and other dementias,3,Rate,2019,285.44075891459,323.29381534188,248.28031967020002
1,All Population,5,Prevalence,19,Timor-Leste,3,Both,22,All ages,543,Alzheimer's disease and other dementias,3,Rate,2019,216.10159212607002,247.31891105578,184.89306480249
1,All Population,5,Prevalence,396,San Marino,3,Both,22,All ages,543,Alzheimer's disease and other dementias,3,Rate,2017,1461.1071160521099,1675.1505065017502,1216.56953826096
1,All Population,5,Prevalence,122,Ecuador,3,Both,22,All ages,543,Alzheimer's disease and other dementias,3,Rate,2018,392.96267700423004,453.15744997659,341.53529955599004
1,All Population,5,Prevalence,35,Georgia,3,Both,22,All ages,543,Alzheimer's disease and other dementias,3,Rate,2018,993.22862132525,1145.79175472286,849.90883164594
1,All Population,5,Prevalence,34,Azerbaijan,3,Both,22,All ages,543,Alzheimer's disease and other dementias,3,Rate,2019,413.93576982234,469.33374315788,360.37682961425
1,All Population,5,Prevalence,51,Poland,3,Both,22,All ages,543,Alzheimer's disease and other dementias,3,Rate,2019,1092.71504903549,1261.15740538196,906.2232555390799
1,All Population,5,Prevalence,210,Liberia,3,Both,22,All ages,543,Alzheimer's disease and other dementias,3,Rate,2016,124.86630293835,141.35605799395,108.67443036544
1,All Population,5,Prevalence,117,Saint Vincent and the Grenadines,3,Both,22,All ages,543,Alzheimer's disease and other dementias,3,Rate,2016,714.76524307193,819.3905628538099,611.0631704657001
1,All Population,5,Prevalence,66,Brunei Darussalam,3,Both,22,All ages,543,Alzheimer's disease and other dementias,3,Rate,2019,309.3959079908,354.47939376107996,266.31090741677
1,All Population,5,Prevalence,126,Costa Rica,3,Both,22,All ages,543,Alzheimer's disease and other dementias,3,Rate,2019,640.4782721970399,731.5498064993,550.69260072187
1,All Population,5,Prevalence,8,Taiwan,3,Both,22,All ages,543,Alzheimer's disease and other dementias,3,Rate,2018,814.91820098187,933.52508810812,668.09542218836
1,All Population,5,Prevalence,7,Democratic People's Republic of Korea,3,Both,22,All ages,543,Alzheimer's disease and other dementias,3,Rate,2019,573.38866603109,665.73158017041,469.41486465932
1,All Population,5,Prevalence,194,Lesotho,3,Both,22,All ages,543,Alzheimer's disease and other dementias,3,Rate,2018,305.04687210639,346.03455356776,264.12741938684
1,All Population,5,Prevalence,54,Slovakia,3,Both,22,All ages,543,Alzheimer's disease and other dementias,3,Rate,2017,883.38087286075,1014.4375758000699,747.15334938651
1,All Population,5,Prevalence,396,San Marino,3,Both,22,All ages,543,Alzheimer's disease and other dementias,3,Rate,2018,1450.3332532837599,1661.55046329401,1212.20668047349
1,All Population,5,Prevalence,61,Republic of Moldova,3,Both,22,All ages,543,Alzheimer's disease and other dementias,3,Rate,2017,862.9103966412,990.0647555923699,739.86202133641
1,All Population,5,Prevalence,215,Sao Tome and Principe,3,Both,22,All ages,543,Alzheimer's disease and other dementias,3,Rate,2018,172.44047304654,196.32076895209,147.47175535621
1,All Population,5,Prevalence,13,Malaysia,3,Both,22,All ages,543,Alzheimer's disease and other dementias,3,Rate,2018,345.56669655279,393.58317170011,299.69350230955
1,All Population,5,Prevalence,17,Sri Lanka,3,Both,22,All ages,543,Alzheimer's disease and other dementias,3,Rate,2017,364.51826365126,414.64800660496996,312.72901689258
1,All Population,5,Prevalence,107,Barbados,3,Both,22,All ages,543,Alzheimer's disease and other dementias,3,Rate,2018,997.3618760741799,1138.87640858062,850.87552636247
1,All Population,5,Prevalence,26,Papua New Guinea,3,Both,22,All ages,543,Alzheimer's disease and other dementias,3,Rate,2019,148.93349013881,168.13618203642002,127.90241537752
1,All Population,5,Prevalence,186,Seychelles,3,Both,22,All ages,543,Alzheimer's disease and other dementias,3,Rate,2016,403.03441519264004,456.99897556438003,344.51348791615
1,All Population,5,Prevalence,60,Lithuania,3,Both,22,All ages,543,Alzheimer's disease and other dementias,3,Rate,2018,1339.58634429539,1550.53553555044,1132.66531152508
1,All Population,5,Prevalence,28,Solomon Islands,3,Both,22,All ages,543,Alzheimer's disease and other dementias,3,Rate,2018,172.13542778234998,197.52743153902,147.79407542267
1,All Population,5,Prevalence,43,Albania,3,Both,22,All ages,543,Alzheimer's disease and other dementias,3,Rate,2018,921.6440304282601,1049.52815741843,778.08388111276
1,All Population,5,Prevalence,47,Czechia,3,Both,22,All ages,543,Alzheimer's disease and other dementias,3,Rate,2017,1095.87200711171,1245.55590476286,924.47655146435
1,All Population,5,Prevalence,54,Slovakia,3,Both,22,All ages,543,Alzheimer's disease and other dementias,3,Rate,2018,898.72769965518,1031.47969897346,759.3200898034099
1,All Population,5,Prevalence,80,France,3,Both,22,All ages,543,Alzheimer's disease and other dementias,3,Rate,2019,1256.17690101727,1401.8774504723,1099.86277440517
1,All Population,5,Prevalence,127,El Salvador,3,Both,22,All ages,543,Alzheimer's disease and other dementias,3,Rate,2019,602.47317445297,694.33097425806,516.00572865708
1,All Population,5,Prevalence,35,Georgia,3,Both,22,All ages,543,Alzheimer's disease and other dementias,3,Rate,2019,993.52012850038,1148.42815272875,851.61691589807
1,All Population,5,Prevalence,79,Finland,3,Both,22,All ages,543,Alzheimer's disease and other dementias,3,Rate,2019,1571.8773163005399,1804.47410672608,1310.4410028960199
1,All Population,5,Prevalence,98,Chile,3,Both,22,All ages,543,Alzheimer's disease and other dementias,3,Rate,2019,879.1626634562,1011.35151055194,760.3212213780299
1,All Population,5,Prevalence,51,Poland,3,Both,22,All ages,543,Alzheimer's disease and other dementias,3,Rate,2018,1075.5954200408298,1241.9298182697698,892.6135119245299
1,All Population,5,Prevalence,83,Iceland,3,Both,22,All ages,543,Alzheimer's disease and other dementias,3,Rate,2018,1134.06757905128,1290.40967425992,961.3005348027099
1,All Population,5,Prevalence,36,Kazakhstan,3,Both,22,All ages,543,Alzheimer's disease and other dementias,3,Rate,2018,431.91257344226,494.9559172561,373.6723717342
1,All Population,5,Prevalence,111,Dominican Republic,3,Both,22,All ages,543,Alzheimer's disease and other dementias,3,Rate,2019,451.54480436695,513.0152159791401,394.68077225243997
1,All Population,5,Prevalence,191,Zambia,3,Both,22,All ages,543,Alzheimer's disease and other dementias,3,Rate,2018,115.14432593199,130.84900411735998,99.84084361365001
1,All Population,5,Prevalence,90,Norway,3,Both,22,All ages,543,Alzheimer's disease and other dementias,3,Rate,2018,1444.24939943021,1659.1487584243398,1192.45612574741
1,All Population,5,Prevalence,201,Burkina Faso,3,Both,22,All ages,543,Alzheimer's disease and other dementias,3,Rate,2017,145.98756950893,166.12052560019,126.03469371569
1,All Population,5,Prevalence,93,Sweden,3,Both,22,All ages,543,Alzheimer's disease and other dementias,3,Rate,2018,1339.43548115057,1529.46093236673,1121.57405692422
1,All Population,5,Prevalence,63,Ukraine,3,Both,22,All ages,543,Alzheimer's disease and other dementias,3,Rate,2019,1048.5331247808099,1220.3100770522499,884.44434627329
1,All Population,5,Prevalence,57,Belarus,3,Both,22,All ages,543,Alzheimer's disease and other dementias,3,Rate,2019,963.4916032665201,1101.19978280386,810.1712393957599
1,All Population,5,Prevalence,22,Fiji,3,Both,22,All ages,543,Alzheimer's disease and other dementias,3,Rate,2019,284.85020194422003,322.71519212203,245.55344533510998
1,All Population,5,Prevalence,18,Thailand,3,Both,22,All ages,543,Alzheimer's disease and other dementias,3,Rate,2019,720.6818357322401,814.1456362348399,622.15154970053
1,All Population,5,Prevalence,67,Japan,3,Both,22,All ages,543,Alzheimer's disease and other dementias,3,Rate,2019,2505.27205158672,2945.54024418653,2109.99530237605
1,All Population,5,Prevalence,69,Singapore,3,Both,22,All ages,543,Alzheimer's disease and other dementias,3,Rate,2019,675.95267854323,753.10996057541,602.16607139249
1,All Population,5,Prevalence,95,United Kingdom,3,Both,22,All ages,543,Alzheimer's disease and other dementias,3,Rate,2019,1430.55653255678,1657.1488926417799,1190.38024999946
1,All Population,5,Prevalence,142,Iran (Islamic Republic of),3,Both,22,All ages,543,Alzheimer's disease and other dementias,3,Rate,2019,491.90239602836,566.13523780176,419.52925818792
1,All Population,5,Prevalence,22,Fiji,3,Both,22,All ages,543,Alzheimer's disease and other dementias,3,Rate,2018,278.92671821656,315.98812086458,241.30709907072
1,All Population,5,Prevalence,16,Philippines,3,Both,22,All ages,543,Alzheimer's disease and other dementias,3,Rate,2019,237.66600398701,271.12875967037,201.83418619107
1,All Population,5,Prevalence,165,Pakistan,3,Both,22,All ages,543,Alzheimer's disease and other dementias,3,Rate,2019,185.2243104741,214.13264042705998,158.21518594577
1,All Population,5,Prevalence,202,Cameroon,3,Both,22,All ages,543,Alzheimer's disease and other dementias,3,Rate,2018,105.8985309291,119.35709190775,91.62771624914
1,All Population,5,Prevalence,169,Central African Republic,3,Both,22,All ages,543,Alzheimer's disease and other dementias,3,Rate,2019,193.61437022435,218.22210372158997,169.98648682953
1,All Population,5,Prevalence,148,Morocco,3,Both,22,All ages,543,Alzheimer's disease and other dementias,3,Rate,2019,494.01952319042005,566.7171726465699,423.34597988624995
1,All Population,5,Prevalence,154,Tunisia,3,Both,22,All ages,543,Alzheimer's disease and other dementias,3,Rate,2018,600.0278500138,680.04855791198,516.98932062164
1,All Population,5,Prevalence,298,American Samoa,3,Both,22,All ages,543,Alzheimer's disease and other dementias,3,Rate,2019,301.72178708678,343.7227138217,258.71577581535
1,All Population,5,Prevalence,13,Malaysia,3,Both,22,All ages,543,Alzheimer's disease and other dementias,3,Rate,2019,357.35233746996,407.5553929784,309.96861890406
1,All Population,5,Prevalence,141,Egypt,3,Both,22,All ages,543,Alzheimer's disease and other dementias,3,Rate,2019,253.22469783999,283.29949253894,220.61374660833
1,All Population,5,Prevalence,74,Andorra,3,Both,22,All ages,543,Alzheimer's disease and other dementias,3,Rate,2019,1267.79286190241,1451.82649091384,1069.17494774118
1,All Population,5,Prevalence,14,Maldives,3,Both,22,All ages,543,Alzheimer's disease and other dementias,3,Rate,2017,196.47030276229,221.9246135693,168.9683762816
1,All Population,5,Prevalence,110,Dominica,3,Both,22,All ages,543,Alzheimer's disease and other dementias,3,Rate,2019,847.0782372876399,981.22868613116,724.85136812547
1,All Population,5,Prevalence,39,Tajikistan,3,Both,22,All ages,543,Alzheimer's disease and other dementias,3,Rate,2016,194.41729064299,218.74416422386,169.07688227296
1,All Population,5,Prevalence,78,Denmark,3,Both,22,All ages,543,Alzheimer's disease and other dementias,3,Rate,2017,997.44502788179,1127.85982709043,855.4422066160499
1,All Population,5,Prevalence,27,Samoa,3,Both,22,All ages,543,Alzheimer's disease and other dementias,3,Rate,2019,346.83091767623,398.84899407931,295.35419774323003
1,All Population,5,Prevalence,121,Bolivia (Plurinational State of),3,Both,22,All ages,543,Alzheimer's disease and other dementias,3,Rate,2019,284.96617763907,324.6390564334,247.18190224244998
1,All Population,5,Prevalence,44,Bosnia and Herzegovina,3,Both,22,All ages,543,Alzheimer's disease and other dementias,3,Rate,2019,1003.74777644714,1155.9802745560698,850.33978560874
1,All Population,5,Prevalence,136,Paraguay,3,Both,22,All ages,543,Alzheimer's disease and other dementias,3,Rate,2019,561.6541434621801,637.45040050797,485.78854248735
1,All Population,5,Prevalence,160,Afghanistan,3,Both,22,All ages,543,Alzheimer's disease and other dementias,3,Rate,2018,144.78600326474,166.47226315595,123.72383786127001
1,All Population,5,Prevalence,143,Iraq,3,Both,22,All ages,543,Alzheimer's disease and other dementias,3,Rate,2018,237.43050353469997,270.15597085043,203.84023897202002
1,All Population,5,Prevalence,177,Djibouti,3,Both,22,All ages,543,Alzheimer's disease and other dementias,3,Rate,2018,174.0066079929,195.79926022052,151.78082350420001
1,All Population,5,Prevalence,68,Republic of Korea,3,Both,22,All ages,543,Alzheimer's disease and other dementias,3,Rate,2018,1085.7916013179101,1224.42850394959,947.99632259211
1,All Population,5,Prevalence,173,Gabon,3,Both,22,All ages,543,Alzheimer's disease and other dementias,3,Rate,2018,368.28010093028,419.26767538964003,316.18642552635
1,All Population,5,Prevalence,182,Malawi,3,Both,22,All ages,543,Alzheimer's disease and other dementias,3,Rate,2019,169.23604106041998,193.34379253741,145.20795443297
1,All Population,5,Prevalence,217,Sierra Leone,3,Both,22,All ages,543,Alzheimer's disease and other dementias,3,Rate,2019,139.4932006706,157.71884785516,120.57906166203999
1,All Population,5,Prevalence,196,South Africa,3,Both,22,All ages,543,Alzheimer's disease and other dementias,3,Rate,2019,360.48619768667,415.65675454469005,310.83716672453
1,All Population,5,Prevalence,77,Cyprus,3,Both,22,All ages,543,Alzheimer's disease and other dementias,3,Rate,2018,859.10866729388,983.44415918819,714.35137326222
1,All Population,5,Prevalence,211,Mali,3,Both,22,All ages,543,Alzheimer's disease and other dementias,3,Rate,2019,121.40802987571,137.19430954918,105.21497101124
1,All Population,5,Prevalence,169,Central African Republic,3,Both,22,All ages,543,Alzheimer's disease and other dementias,3,Rate,2018,192.16360289466,217.09444130143,168.02516611052002
1,All Population,5,Prevalence,139,Algeria,3,Both,22,All ages,543,Alzheimer's disease and other dementias,3,Rate,2018,438.34660935607,500.30318851331003,377.68206389973
1,All Population,5,Prevalence,182,Malawi,3,Both,22,All ages,543,Alzheimer's disease and other dementias,3,Rate,2018,168.45173586026002,192.83543651265998,144.38195265490998
1,All Population,5,Prevalence,149,Palestine,3,Both,22,All ages,543,Alzheimer's disease and other dementias,3,Rate,2018,234.02077700056,263.97639759003,203.77398402020003
1,All Population,5,Prevalence,149,Palestine,3,Both,22,All ages,543,Alzheimer's disease and other dementias,3,Rate,2019,238.32849230197,268.43572363911,208.19215133404
1,All Population,5,Prevalence,126,Costa Rica,3,Both,22,All ages,543,Alzheimer's disease and other dementias,3,Rate,2018,623.25460243294,710.74929041209,535.87489421423
1,All Population,5,Prevalence,116,Saint Lucia,3,Both,22,All ages,543,Alzheimer's disease and other dementias,3,Rate,2019,731.04213406224,834.4980512476,623.10145531404
1,All Population,5,Prevalence,87,Luxembourg,3,Both,22,All ages,543,Alzheimer's disease and other dementias,3,Rate,2019,817.9307270499601,959.25436290299,683.91410348565
1,All Population,5,Prevalence,108,Belize,3,Both,22,All ages,543,Alzheimer's disease and other dementias,3,Rate,2018,331.67031634383,377.75714669418,286.25853220286
1,All Population,5,Prevalence,181,Madagascar,3,Both,22,All ages,543,Alzheimer's disease and other dementias,3,Rate,2018,137.00031043586,154.66085473369,119.9038060885
1,All Population,5,Prevalence,185,Rwanda,3,Both,22,All ages,543,Alzheimer's disease and other dementias,3,Rate,2016,182.68439235244,206.67145683494,158.86462492588998
1,All Population,5,Prevalence,97,Argentina,3,Both,22,All ages,543,Alzheimer's disease and other dementias,3,Rate,2018,813.94018290358,928.7882418578299,698.26440799
1,All Population,5,Prevalence,50,Montenegro,3,Both,22,All ages,543,Alzheimer's disease and other dementias,3,Rate,2019,751.3159153185401,856.15936691336,632.18692512391
1,All Population,5,Prevalence,198,Zimbabwe,3,Both,22,All ages,543,Alzheimer's disease and other dementias,3,Rate,2018,249.04894017125,281.88264228497997,215.32725146555
1,All Population,5,Prevalence,119,Trinidad and Tobago,3,Both,22,All ages,543,Alzheimer's disease and other dementias,3,Rate,2019,666.7539405904399,775.0644171563799,574.1255140339999
1,All Population,5,Prevalence,206,Gambia,3,Both,22,All ages,543,Alzheimer's disease and other dementias,3,Rate,2018,161.91292657124,183.6567709669,140.22399770615002
1,All Population,5,Prevalence,177,Djibouti,3,Both,22,All ages,543,Alzheimer's disease and other dementias,3,Rate,2017,170.40586703085998,191.68494765599002,148.36884723057
1,All Population,5,Prevalence,113,Guyana,3,Both,22,All ages,543,Alzheimer's disease and other dementias,3,Rate,2018,384.13014492397997,436.90014585746,332.36123727736
1,All Population,5,Prevalence,130,Mexico,3,Both,22,All ages,543,Alzheimer's disease and other dementias,3,Rate,2018,461.67531276193,532.26738784812,394.95011312864006
1,All Population,5,Prevalence,117,Saint Vincent and the Grenadines,3,Both,22,All ages,543,Alzheimer's disease and other dementias,3,Rate,2017,728.05849624083,835.0080791390401,623.65520446715
1,All Population,5,Prevalence,380,Palau,3,Both,22,All ages,543,Alzheimer's disease and other dementias,3,Rate,2019,376.0767787073,424.11820783006,321.47718770865004
1,All Population,5,Prevalence,217,Sierra Leone,3,Both,22,All ages,543,Alzheimer's disease and other dementias,3,Rate,2018,140.13308072056,159.11594477454,120.72553358706
1,All Population,5,Prevalence,369,Nauru,3,Both,22,All ages,543,Alzheimer's disease and other dementias,3,Rate,2018,94.56335523278,108.28672866302,81.70989216859
1,All Population,5,Prevalence,37,Kyrgyzstan,3,Both,22,All ages,543,Alzheimer's disease and other dementias,3,Rate,2018,271.25125823769,307.41059946846,237.56600653641
1,All Population,5,Prevalence,127,El Salvador,3,Both,22,All ages,543,Alzheimer's disease and other dementias,3,Rate,2018,593.2608574091,680.77920305004,509.70752623704
1,All Population,5,Prevalence,161,Bangladesh,3,Both,22,All ages,543,Alzheimer's disease and other dementias,3,Rate,2018,214.66982412785,244.85495609763998,185.735890949
1,All Population,5,Prevalence,145,Kuwait,3,Both,22,All ages,543,Alzheimer's disease and other dementias,3,Rate,2019,195.06915383825,218.58255995872,171.84817218233
1,All Population,5,Prevalence,160,Afghanistan,3,Both,22,All ages,543,Alzheimer's disease and other dementias,3,Rate,2019,143.74935089611,165.39166831449,122.87707308352
1,All Population,5,Prevalence,171,Democratic Republic of the Congo,3,Both,22,All ages,543,Alzheimer's disease and other dementias,3,Rate,2019,208.32864149653003,237.63909450797001,180.25488702034
1,All Population,5,Prevalence,132,Panama,3,Both,22,All ages,543,Alzheimer's disease and other dementias,3,Rate,2017,625.54854094648,715.51334926974,536.47157854334
1,All Population,5,Prevalence,193,Botswana,3,Both,22,All ages,543,Alzheimer's disease and other dementias,3,Rate,2019,351.282798701,401.0239836503,303.1852064916
1,All Population,5,Prevalence,206,Gambia,3,Both,22,All ages,543,Alzheimer's disease and other dementias,3,Rate,2019,162.43574908474,184.70193589092,140.64557066873002
1,All Population,5,Prevalence,102,United States of America,3,Both,22,All ages,543,Alzheimer's disease and other dementias,3,Rate,2019,1358.91779440479,1551.34822140219,1131.86155230608
1,All Population,5,Prevalence,27,Samoa,3,Both,22,All ages,543,Alzheimer's disease and other dementias,3,Rate,2018,345.53654717565,395.71235182610997,293.58275240713
1,All Population,5,Prevalence,10,Cambodia,3,Both,22,All ages,543,Alzheimer's disease and other dementias,3,Rate,2019,264.29932055453,300.46365067469,227.47145495234
1,All Population,5,Prevalence,189,United Republic of Tanzania,3,Both,22,All ages,543,Alzheimer's disease and other dementias,3,Rate,2019,207.68256874742,234.36135346774,184.07846497529
1,All Population,5,Prevalence,144,Jordan,3,Both,22,All ages,543,Alzheimer's disease and other dementias,3,Rate,2018,280.49757319372,320.16688999350004,243.83355026251002
1,All Population,5,Prevalence,112,Grenada,3,Both,22,All ages,543,Alzheimer's disease and other dementias,3,Rate,2018,822.31850667289,948.3308084999101,700.95824259758
1,All Population,5,Prevalence,114,Haiti,3,Both,22,All ages,543,Alzheimer's disease and other dementias,3,Rate,2017,214.47480350714,245.10807391522,185.25070022464
1,All Population,5,Prevalence,101,Canada,3,Both,22,All ages,543,Alzheimer's disease and other dementias,3,Rate,2018,1704.1975985294998,1891.1654547727599,1478.24782092391
1,All Population,5,Prevalence,99,Uruguay,3,Both,22,All ages,543,Alzheimer's disease and other dementias,3,Rate,2017,1178.9922928021401,1361.6996064463199,1002.30341952489
1,All Population,5,Prevalence,86,Italy,3,Both,22,All ages,543,Alzheimer's disease and other dementias,3,Rate,2017,2016.2081589278998,2333.42770207201,1712.4990268632698
1,All Population,5,Prevalence,109,Cuba,3,Both,22,All ages,543,Alzheimer's disease and other dementias,3,Rate,2018,882.13900114951,991.27911752663,780.7614714720199
1,All Population,5,Prevalence,393,Saint Kitts and Nevis,3,Both,22,All ages,543,Alzheimer's disease and other dementias,3,Rate,2018,596.2635440911299,676.34898125236,512.46822609173
1,All Population,5,Prevalence,77,Cyprus,3,Both,22,All ages,543,Alzheimer's disease and other dementias,3,Rate,2019,902.71242932869,1038.64203395737,750.4828252845499
1,All Population,5,Prevalence,367,Monaco,3,Both,22,All ages,543,Alzheimer's disease and other dementias,3,Rate,2018,1821.3819152430501,2098.69363424599,1492.68334653279
1,All Population,5,Prevalence,82,Greece,3,Both,22,All ages,543,Alzheimer's disease and other dementias,3,Rate,2018,2232.12841936017,2567.60510921143,1870.24772367343
1,All Population,5,Prevalence,121,Bolivia (Plurinational State of),3,Both,22,All ages,543,Alzheimer's disease and other dementias,3,Rate,2018,280.39200951092,320.50310553911,243.87392837913
1,All Population,5,Prevalence,53,Serbia,3,Both,22,All ages,543,Alzheimer's disease and other dementias,3,Rate,2018,952.0036987847201,1090.62202070603,804.65840159486
1,All Population,5,Prevalence,40,Turkmenistan,3,Both,22,All ages,543,Alzheimer's disease and other dementias,3,Rate,2017,273.19811943166,310.81470481379,238.13837826928
1,All Population,5,Prevalence,369,Nauru,3,Both,22,All ages,543,Alzheimer's disease and other dementias,3,Rate,2019,97.45051051722,111.38131720085,84.22809057475
1,All Population,5,Prevalence,38,Mongolia,3,Both,22,All ages,543,Alzheimer's disease and other dementias,3,Rate,2018,254.16890950968,286.3331568129,222.88072867239
1,All Population,5,Prevalence,211,Mali,3,Both,22,All ages,543,Alzheimer's disease and other dementias,3,Rate,2018,120.80740025049,137.05009320461,104.61459914828
1,All Population,5,Prevalence,15,Myanmar,3,Both,22,All ages,543,Alzheimer's disease and other dementias,3,Rate,2019,292.57990192984,332.07466633704996,251.23975152844002
1,All Population,5,Prevalence,349,Greenland,3,Both,22,All ages,543,Alzheimer's disease and other dementias,3,Rate,2019,602.74744000053,691.46843603902,510.6871004217
1,All Population,5,Prevalence,203,Cabo Verde,3,Both,22,All ages,543,Alzheimer's disease and other dementias,3,Rate,2019,345.33546007721003,397.8593950581,292.35504118471
1,All Population,5,Prevalence,190,Uganda,3,Both,22,All ages,543,Alzheimer's disease and other dementias,3,Rate,2018,148.68847073767,168.69011335678002,129.48139305699
1,All Population,5,Prevalence,24,Marshall Islands,3,Both,22,All ages,543,Alzheimer's disease and other dementias,3,Rate,2018,139.16197072385,157.58374579286001,120.08979611641
1,All Population,5,Prevalence,217,Sierra Leone,3,Both,22,All ages,543,Alzheimer's disease and other dementias,3,Rate,2017,140.68839396806,159.23419226939998,121.24200704967
1,All Population,5,Prevalence,89,Netherlands,3,Both,22,All ages,543,Alzheimer's disease and other dementias,3,Rate,2018,1447.16202911605,1632.5770394471601,1223.68692286644
1,All Population,5,Prevalence,179,Ethiopia,3,Both,22,All ages,543,Alzheimer's disease and other dementias,3,Rate,2019,180.7540741388,208.37711886691002,155.6740474655
1,All Population,5,Prevalence,11,Indonesia,3,Both,22,All ages,543,Alzheimer's disease and other dementias,3,Rate,2020,279.77918473806,319.8774727098,238.10376487485001
1,All Population,5,Prevalence,60,Lithuania,3,Both,22,All ages,543,Alzheimer's disease and other dementias,3,Rate,2019,1349.17443936021,1567.77437220624,1147.2107583209302
1,All Population,5,Prevalence,45,Bulgaria,3,Both,22,All ages,543,Alzheimer's disease and other dementias,3,Rate,2020,1299.38259660709,1506.1270023387901,1086.83611575948
1,All Population,5,Prevalence,58,Estonia,3,Both,22,All ages,543,Alzheimer's disease and other dementias,3,Rate,2020,1352.99991438147,1561.08726090814,1136.17757401128
1,All Population,5,Prevalence,41,Uzbekistan,3,Both,22,All ages,543,Alzheimer's disease and other dementias,3,Rate,2020,300.07442139490996,340.63134015405,262.09126159179
1,All Population,5,Prevalence,30,Vanuatu,3,Both,22,All ages,543,Alzheimer's disease and other dementias,3,Rate,2019,219.08052928325998,248.46099157814,188.68106639227
1,All Population,5,Prevalence,24,Marshall Islands,3,Both,22,All ages,543,Alzheimer's disease and other dementias,3,Rate,2019,145.33019392702,165.20655904340998,125.34282652323002
1,All Population,5,Prevalence,20,Viet Nam,3,Both,22,All ages,543,Alzheimer's disease and other dementias,3,Rate,2019,405.48726420091,459.25345687365,348.92067312051
1,All Population,5,Prevalence,176,Comoros,3,Both,22,All ages,543,Alzheimer's disease and other dementias,3,Rate,2019,392.01013583805,446.33154045742003,338.70496575517
1,All Population,5,Prevalence,320,Cook Islands,3,Both,22,All ages,543,Alzheimer's disease and other dementias,3,Rate,2019,564.7629577871401,640.89877236781,481.91593263055
1,All Population,5,Prevalence,71,Australia,3,Both,22,All ages,543,Alzheimer's disease and other dementias,3,Rate,2019,1525.81684448278,1741.3387321748498,1265.16100430778
1,All Population,5,Prevalence,176,Comoros,3,Both,22,All ages,543,Alzheimer's disease and other dementias,3,Rate,2018,387.45461220362,441.80593336524004,335.15768942139005
1,All Population,5,Prevalence,163,India,3,Both,22,All ages,543,Alzheimer's disease and other dementias,3,Rate,2019,271.37466489080003,311.59675521228996,233.62304894212002
1,All Population,5,Prevalence,195,Namibia,3,Both,22,All ages,543,Alzheimer's disease and other dementias,3,Rate,2018,262.11175480365,298.65355226534,226.66249425474
1,All Population,5,Prevalence,59,Latvia,3,Both,22,All ages,543,Alzheimer's disease and other dementias,3,Rate,2018,1344.65517945128,1543.89883538583,1133.6424102190801
1,All Population,5,Prevalence,195,Namibia,3,Both,22,All ages,543,Alzheimer's disease and other dementias,3,Rate,2019,262.59290631773996,300.10980494447,226.4455036788
1,All Population,5,Prevalence,46,Croatia,3,Both,22,All ages,543,Alzheimer's disease and other dementias,3,Rate,2018,1300.33974598468,1506.45737723018,1093.89180994329
1,All Population,5,Prevalence,69,Singapore,3,Both,22,All ages,543,Alzheimer's disease and other dementias,3,Rate,2018,636.8085292393599,709.51836416409,565.6390315192799
1,All Population,5,Prevalence,216,Senegal,3,Both,22,All ages,543,Alzheimer's disease and other dementias,3,Rate,2019,166.36019654929,188.05703454688,143.36338095353
1,All Population,5,Prevalence,59,Latvia,3,Both,22,All ages,543,Alzheimer's disease and other dementias,3,Rate,2019,1366.55352322435,1580.4559244236498,1151.90444128746
1,All Population,5,Prevalence,153,Syrian Arab Republic,3,Both,22,All ages,543,Alzheimer's disease and other dementias,3,Rate,2018,350.8463335257,400.74018582220003,303.11071716749
1,All Population,5,Prevalence,90,Norway,3,Both,22,All ages,543,Alzheimer's disease and other dementias,3,Rate,2019,1459.78343560028,1679.60804129681,1202.22165283037
1,All Population,5,Prevalence,133,Venezuela (Bolivarian Republic of),3,Both,22,All ages,543,Alzheimer's disease and other dementias,3,Rate,2019,569.51941733639,652.80959886512,500.21091587426
1,All Population,5,Prevalence,43,Albania,3,Both,22,All ages,543,Alzheimer's disease and other dementias,3,Rate,2019,953.75830105541,1086.90612609551,801.0694686140899
1,All Population,5,Prevalence,26,Papua New Guinea,3,Both,22,All ages,543,Alzheimer's disease and other dementias,3,Rate,2020,150.80780796014,171.03651584616,129.63970282081002
1,All Population,5,Prevalence,88,Malta,3,Both,22,All ages,543,Alzheimer's disease and other dementias,3,Rate,2020,1260.58097899274,1445.51771595895,1056.0416068591699
1,All Population,5,Prevalence,107,Barbados,3,Both,22,All ages,543,Alzheimer's disease and other dementias,3,Rate,2019,1016.76441983285,1159.81215756656,863.03184401607
1,All Population,5,Prevalence,187,Somalia,3,Both,22,All ages,543,Alzheimer's disease and other dementias,3,Rate,2019,179.22991885736,204.87085022037,154.86874808517
1,All Population,5,Prevalence,435,South Sudan,3,Both,22,All ages,543,Alzheimer's disease and other dementias,3,Rate,2019,152.39441343693,171.60418711251,133.3765438981
1,All Population,5,Prevalence,157,Yemen,3,Both,22,All ages,543,Alzheimer's disease and other dementias,3,Rate,2019,185.54189527142,212.44185535135,159.87476555048
1,All Population,5,Prevalence,168,Angola,3,Both,22,All ages,543,Alzheimer's disease and other dementias,3,Rate,2019,173.74325766683,196.93942574047003,152.27169641892
1,All Population,5,Prevalence,218,Togo,3,Both,22,All ages,543,Alzheimer's disease and other dementias,3,Rate,2019,134.32310940432998,151.50429779160999,116.50088744004002
1,All Population,5,Prevalence,207,Ghana,3,Both,22,All ages,543,Alzheimer's disease and other dementias,3,Rate,2018,158.73319804986,179.67800116775,137.94352036682
1,All Population,5,Prevalence,168,Angola,3,Both,22,All ages,543,Alzheimer's disease and other dementias,3,Rate,2018,172.00075961502,194.357332601,150.83792597821
1,All Population,5,Prevalence,212,Mauritania,3,Both,22,All ages,543,Alzheimer's disease and other dementias,3,Rate,2019,162.5232476997,184.84375589633999,139.52913861747
1,All Population,5,Prevalence,376,Northern Mariana Islands,3,Both,22,All ages,543,Alzheimer's disease and other dementias,3,Rate,2018,263.12217154967,297.86788259127,226.71325181427
1,All Population,5,Prevalence,74,Andorra,3,Both,22,All ages,543,Alzheimer's disease and other dementias,3,Rate,2018,1239.01229408774,1424.20520130672,1047.76402715732
1,All Population,5,Prevalence,155,Türkiye,3,Both,22,All ages,543,Alzheimer's disease and other dementias,3,Rate,2017,642.42632797335,727.71804526172,551.27517817784
1,All Population,5,Prevalence,46,Croatia,3,Both,22,All ages,543,Alzheimer's disease and other dementias,3,Rate,2019,1325.16856338554,1534.5288516463502,1115.43069840756
1,All Population,5,Prevalence,12,Lao People's Democratic Republic,3,Both,22,All ages,543,Alzheimer's disease and other dementias,3,Rate,2018,213.0489286417,240.04103142668998,183.79642895923
1,All Population,5,Prevalence,8,Taiwan,3,Both,22,All ages,543,Alzheimer's disease and other dementias,3,Rate,2019,848.7613358839101,970.24994599734,693.60387090524
1,All Population,5,Prevalence,30,Vanuatu,3,Both,22,All ages,543,Alzheimer's disease and other dementias,3,Rate,2018,218.11376575737,247.45939728005,187.58211260861
1,All Population,5,Prevalence,139,Algeria,3,Both,22,All ages,543,Alzheimer's disease and other dementias,3,Rate,2019,446.89654449218,511.77124308087,384.869900238
1,All Population,5,Prevalence,75,Austria,3,Both,22,All ages,543,Alzheimer's disease and other dementias,3,Rate,2020,1447.76411543332,1668.13247520913,1199.99140579549
1,All Population,5,Prevalence,94,Switzerland,3,Both,22,All ages,543,Alzheimer's disease and other dementias,3,Rate,2017,1440.92771351141,1659.5177802433097,1191.98780303185
1,All Population,5,Prevalence,416,Tuvalu,3,Both,22,All ages,543,Alzheimer's disease and other dementias,3,Rate,2017,288.53474760203,327.37899495715,246.90339916169
1,All Population,5,Prevalence,305,Bermuda,3,Both,22,All ages,543,Alzheimer's disease and other dementias,3,Rate,2019,1304.25450991226,1499.6367432858299,1115.04070706835
1,All Population,5,Prevalence,39,Tajikistan,3,Both,22,All ages,543,Alzheimer's disease and other dementias,3,Rate,2018,191.9876804166,215.60877145635,167.17425882764
1,All Population,5,Prevalence,522,Sudan,3,Both,22,All ages,543,Alzheimer's disease and other dementias,3,Rate,2019,277.88151228067,320.77811666297,239.24776567395998
1,All Population,5,Prevalence,89,Netherlands,3,Both,22,All ages,543,Alzheimer's disease and other dementias,3,Rate,2019,1471.79667906631,1661.3669487043,1247.68225061409
1,All Population,5,Prevalence,23,Kiribati,3,Both,22,All ages,543,Alzheimer's disease and other dementias,3,Rate,2019,220.84821325186002,248.27907216726,191.80881869458
1,All Population,5,Prevalence,128,Guatemala,3,Both,22,All ages,543,Alzheimer's disease and other dementias,3,Rate,2019,364.36638306922,417.50833569863005,313.46570865856
1,All Population,5,Prevalence,36,Kazakhstan,3,Both,22,All ages,543,Alzheimer's disease and other dementias,3,Rate,2019,436.89607213023,499.74110936473,378.17609287903997
1,All Population,5,Prevalence,164,Nepal,3,Both,22,All ages,543,Alzheimer's disease and other dementias,3,Rate,2019,264.12780222016,302.95634069584,229.93682004181997
1,All Population,5,Prevalence,376,Northern Mariana Islands,3,Both,22,All ages,543,Alzheimer's disease and other dementias,3,Rate,2019,273.88124207302,309.18255440028,235.25613860062
1,All Population,5,Prevalence,214,Nigeria,3,Both,22,All ages,543,Alzheimer's disease and other dementias,3,Rate,2018,109.37724345674,124.95756537016999,94.15490876535
1,All Population,5,Prevalence,106,Bahamas,3,Both,22,All ages,543,Alzheimer's disease and other dementias,3,Rate,2019,472.17219180740005,535.27450162114,408.44068556638996
1,All Population,5,Prevalence,93,Sweden,3,Both,22,All ages,543,Alzheimer's disease and other dementias,3,Rate,2017,1320.62566398936,1502.82837254728,1115.59944133775
1,All Population,5,Prevalence,68,Republic of Korea,3,Both,22,All ages,543,Alzheimer's disease and other dementias,3,Rate,2019,1113.39813505086,1257.07033604855,966.50343275003
1,All Population,5,Prevalence,113,Guyana,3,Both,22,All ages,543,Alzheimer's disease and other dementias,3,Rate,2019,386.55283100147,438.13045466745,334.3910720022
1,All Population,5,Prevalence,53,Serbia,3,Both,22,All ages,543,Alzheimer's disease and other dementias,3,Rate,2019,954.1986861239201,1089.8859844497301,805.4608782079699
1,All Population,5,Prevalence,6,China,3,Both,22,All ages,543,Alzheimer's disease and other dementias,3,Rate,2020,1161.3977577475,1332.25718774815,977.68327819791
1,All Population,5,Prevalence,23,Kiribati,3,Both,22,All ages,543,Alzheimer's disease and other dementias,3,Rate,2020,222.76672055805997,251.7265042712,194.39564440576
1,All Population,5,Prevalence,34,Azerbaijan,3,Both,22,All ages,543,Alzheimer's disease and other dementias,3,Rate,2020,420.97100345305,478.05824515815,365.93336356206
1,All Population,5,Prevalence,416,Tuvalu,3,Both,22,All ages,543,Alzheimer's disease and other dementias,3,Rate,2018,290.42729614149,329.38681037856,248.15624839106002
1,All Population,5,Prevalence,92,Spain,3,Both,22,All ages,543,Alzheimer's disease and other dementias,3,Rate,2020,1280.69292770561,1476.9310535714,1108.78368824935
1,All Population,5,Prevalence,15,Myanmar,3,Both,22,All ages,543,Alzheimer's disease and other dementias,3,Rate,2018,288.56533158181,327.69776277951,247.79977386849
1,All Population,5,Prevalence,45,Bulgaria,3,Both,22,All ages,543,Alzheimer's disease and other dementias,3,Rate,2018,1231.89577988975,1427.1706387291101,1036.1477485546
1,All Population,5,Prevalence,37,Kyrgyzstan,3,Both,22,All ages,543,Alzheimer's disease and other dementias,3,Rate,2019,272.2979231727,307.54243180873004,237.66098520385
1,All Population,5,Prevalence,203,Cabo Verde,3,Both,22,All ages,543,Alzheimer's disease and other dementias,3,Rate,2018,340.27521239181,391.74989055666003,288.1360047888
1,All Population,5,Prevalence,33,Armenia,3,Both,22,All ages,543,Alzheimer's disease and other dementias,3,Rate,2019,871.08596482967,999.2100132739699,753.9773298989201
1,All Population,5,Prevalence,178,Eritrea,3,Both,22,All ages,543,Alzheimer's disease and other dementias,3,Rate,2019,212.31705286718997,242.57756815871,183.48359984803
1,All Population,5,Prevalence,62,Russian Federation,3,Both,22,All ages,543,Alzheimer's disease and other dementias,3,Rate,2018,927.27237063184,1066.90609464752,781.3742868302301
1,All Population,5,Prevalence,49,North Macedonia,3,Both,22,All ages,543,Alzheimer's disease and other dementias,3,Rate,2019,834.15624102155,958.96407527803,694.31507401985
1,All Population,5,Prevalence,40,Turkmenistan,3,Both,22,All ages,543,Alzheimer's disease and other dementias,3,Rate,2018,279.28295949085003,317.34597748196,243.45107436818998
1,All Population,5,Prevalence,81,Germany,3,Both,22,All ages,543,Alzheimer's disease and other dementias,3,Rate,2019,2454.83491121703,2753.45003622222,2151.10197114616
1,All Population,5,Prevalence,19,Timor-Leste,3,Both,22,All ages,543,Alzheimer's disease and other dementias,3,Rate,2020,225.30027742565002,260.24538014096,191.86195987277
1,All Population,5,Prevalence,61,Republic of Moldova,3,Both,22,All ages,543,Alzheimer's disease and other dementias,3,Rate,2019,908.18320143302,1045.18561160748,778.7724833289
1,All Population,5,Prevalence,155,Türkiye,3,Both,22,All ages,543,Alzheimer's disease and other dementias,3,Rate,2018,656.87419966193,743.8252463786,562.55325252953
1,All Population,5,Prevalence,55,Slovenia,3,Both,22,All ages,543,Alzheimer's disease and other dementias,3,Rate,2018,1285.24212514441,1475.06789023529,1086.55903674449
1,All Population,5,Prevalence,79,Finland,3,Both,22,All ages,543,Alzheimer's disease and other dementias,3,Rate,2020,1602.36203576288,1833.6213685968598,1338.07157686435
1,All Population,5,Prevalence,213,Niger,3,Both,22,All ages,543,Alzheimer's disease and other dementias,3,Rate,2019,89.90332303609,100.90036519449,78.18574398599
1,All Population,5,Prevalence,133,Venezuela (Bolivarian Republic of),3,Both,22,All ages,543,Alzheimer's disease and other dementias,3,Rate,2020,623.4983694040001,717.17832197361,546.30072032745
1,All Population,5,Prevalence,129,Honduras,3,Both,22,All ages,543,Alzheimer's disease and other dementias,3,Rate,2019,333.71133614712,382.77063920776004,287.4012759994
1,All Population,5,Prevalence,82,Greece,3,Both,22,All ages,543,Alzheimer's disease and other dementias,3,Rate,2019,2292.27816151408,2641.46201930169,1927.1160296007401
1,All Population,5,Prevalence,92,Spain,3,Both,22,All ages,543,Alzheimer's disease and other dementias,3,Rate,2018,1297.40070023859,1468.9079838145901,1120.5129376963998
1,All Population,5,Prevalence,150,Oman,3,Both,22,All ages,543,Alzheimer's disease and other dementias,3,Rate,2019,168.76122138133,191.42990092134,145.63567954732
1,All Population,5,Prevalence,198,Zimbabwe,3,Both,22,All ages,543,Alzheimer's disease and other dementias,3,Rate,2019,252.92617739966,285.74981012113,218.33779664206
1,All Population,5,Prevalence,81,Germany,3,Both,22,All ages,543,Alzheimer's disease and other dementias,3,Rate,2020,2483.29687223599,2788.86332465925,2181.1040482255
1,All Population,5,Prevalence,85,Israel,3,Both,22,All ages,543,Alzheimer's disease and other dementias,3,Rate,2018,464.02801379090005,528.80199365665,385.56975544369
1,All Population,5,Prevalence,184,Mozambique,3,Both,22,All ages,543,Alzheimer's disease and other dementias,3,Rate,2018,184.92948746442,208.79885652567003,160.41179341589998
1,All Population,5,Prevalence,25,Micronesia (Federated States of),3,Both,22,All ages,543,Alzheimer's disease and other dementias,3,Rate,2019,232.11701252765002,263.44093023426,198.02557038215
1,All Population,5,Prevalence,190,Uganda,3,Both,22,All ages,543,Alzheimer's disease and other dementias,3,Rate,2019,150.41427528462,170.57299869476,130.72696706025
1,All Population,5,Prevalence,144,Jordan,3,Both,22,All ages,543,Alzheimer's disease and other dementias,3,Rate,2019,291.79036956799,332.81616462562,253.19419502094001
1,All Population,5,Prevalence,86,Italy,3,Both,22,All ages,543,Alzheimer's disease and other dementias,3,Rate,2020,2330.41198904131,2699.29843507341,1918.00027019029
1,All Population,5,Prevalence,97,Argentina,3,Both,22,All ages,543,Alzheimer's disease and other dementias,3,Rate,2019,828.39990702731,945.8687643229799,711.90998756362
1,All Population,5,Prevalence,52,Romania,3,Both,22,All ages,543,Alzheimer's disease and other dementias,3,Rate,2019,1124.82444656446,1288.21702680256,955.87129841877
1,All Population,5,Prevalence,118,Suriname,3,Both,22,All ages,543,Alzheimer's disease and other dementias,3,Rate,2020,571.2147469524899,650.50760502338,495.16715186232005
1,All Population,5,Prevalence,105,Antigua and Barbuda,3,Both,22,All ages,543,Alzheimer's disease and other dementias,3,Rate,2020,652.3626672933001,743.10937401249,564.28367922657
1,All Population,5,Prevalence,102,United States of America,3,Both,22,All ages,543,Alzheimer's disease and other dementias,3,Rate,2018,1341.73843198109,1532.40423746119,1120.84916310396
1,All Population,5,Prevalence,143,Iraq,3,Both,22,All ages,543,Alzheimer's disease and other dementias,3,Rate,2019,243.0580148201,278.04356765696,208.75169929276
1,All Population,5,Prevalence,145,Kuwait,3,Both,22,All ages,543,Alzheimer's disease and other dementias,3,Rate,2018,187.09320627237,209.09035484969002,164.34459160447
1,All Population,5,Prevalence,162,Bhutan,3,Both,22,All ages,543,Alzheimer's disease and other dementias,3,Rate,2018,276.43776102167,317.40040739937,239.60071817572
1,All Population,5,Prevalence,193,Botswana,3,Both,22,All ages,543,Alzheimer's disease and other dementias,3,Rate,2018,343.02291971278004,389.80139181783,296.39680776661
1,All Population,5,Prevalence,66,Brunei Darussalam,3,Both,22,All ages,543,Alzheimer's disease and other dementias,3,Rate,2020,326.20800440021,372.81898661192,280.44572600705
1,All Population,5,Prevalence,184,Mozambique,3,Both,22,All ages,543,Alzheimer's disease and other dementias,3,Rate,2019,183.84766487471,207.98673164337,159.26219587049
1,All Population,5,Prevalence,139,Algeria,3,Both,22,All ages,543,Alzheimer's disease and other dementias,3,Rate,2020,454.69203699268,520.11274015252,392.28924380961
1,All Population,5,Prevalence,165,Pakistan,3,Both,22,All ages,543,Alzheimer's disease and other dementias,3,Rate,2020,186.48632208930002,215.80466043592997,158.80192683882
1,All Population,5,Prevalence,48,Hungary,3,Both,22,All ages,543,Alzheimer's disease and other dementias,3,Rate,2019,1180.79985933645,1352.71618946831,1002.63084383775
1,All Population,5,Prevalence,7,Democratic People's Republic of Korea,3,Both,22,All ages,543,Alzheimer's disease and other dementias,3,Rate,2020,586.3915138014299,682.4340954969,478.53209411065995
1,All Population,5,Prevalence,39,Tajikistan,3,Both,22,All ages,543,Alzheimer's disease and other dementias,3,Rate,2020,196.83516030632998,220.96205791059998,171.83745284304
1,All Population,5,Prevalence,380,Palau,3,Both,22,All ages,543,Alzheimer's disease and other dementias,3,Rate,2020,392.70378962476997,443.90351190923,334.66468488092
1,All Population,5,Prevalence,152,Saudi Arabia,3,Both,22,All ages,543,Alzheimer's disease and other dementias,3,Rate,2020,156.78748410145,176.85708522913,134.89981942570998
1,All Population,5,Prevalence,413,Tokelau,3,Both,22,All ages,543,Alzheimer's disease and other dementias,3,Rate,2020,582.80789970062,673.4662733562,486.19899988614003
1,All Population,5,Prevalence,72,New Zealand,3,Both,22,All ages,543,Alzheimer's disease and other dementias,3,Rate,2019,1464.4700067109002,1708.1321226690202,1227.08970071014
1,All Population,5,Prevalence,385,Puerto Rico,3,Both,22,All ages,543,Alzheimer's disease and other dementias,3,Rate,2019,1520.68369621944,1748.2114407850102,1300.4230937261
1,All Population,5,Prevalence,132,Panama,3,Both,22,All ages,543,Alzheimer's disease and other dementias,3,Rate,2018,646.17762250134,740.8035137383,555.74526143697
1,All Population,5,Prevalence,111,Dominican Republic,3,Both,22,All ages,543,Alzheimer's disease and other dementias,3,Rate,2020,454.12172389824997,515.6294261230601,396.06444654459995
1,All Population,5,Prevalence,128,Guatemala,3,Both,22,All ages,543,Alzheimer's disease and other dementias,3,Rate,2020,363.43718389705,417.90421830263995,313.2745276275
1,All Population,5,Prevalence,211,Mali,3,Both,22,All ages,543,Alzheimer's disease and other dementias,3,Rate,2020,121.30657763212999,136.45627426337,105.25701002134
1,All Population,5,Prevalence,180,Kenya,3,Both,22,All ages,543,Alzheimer's disease and other dementias,3,Rate,2020,212.69583084739,245.29028952419,182.88642900349
1,All Population,5,Prevalence,186,Seychelles,3,Both,22,All ages,543,Alzheimer's disease and other dementias,3,Rate,2020,427.65213687464,484.29318196181,367.75117927148
1,All Population,5,Prevalence,180,Kenya,3,Both,22,All ages,543,Alzheimer's disease and other dementias,3,Rate,2019,208.40697013989,240.29477990933,178.9964680937
1,All Population,5,Prevalence,200,Benin,3,Both,22,All ages,543,Alzheimer's disease and other dementias,3,Rate,2020,131.18534229953,148.93915812621998,114.59005334318
1,All Population,5,Prevalence,298,American Samoa,3,Both,22,All ages,543,Alzheimer's disease and other dementias,3,Rate,2020,313.9834631252,358.35559373002,269.40647634370004
1,All Population,5,Prevalence,49,North Macedonia,3,Both,22,All ages,543,Alzheimer's disease and other dementias,3,Rate,2020,899.3075434891201,1036.4639222272701,745.46629147208
1,All Population,5,Prevalence,112,Grenada,3,Both,22,All ages,543,Alzheimer's disease and other dementias,3,Rate,2019,841.84884540095,968.62614804607,716.1062116468499
1,All Population,5,Prevalence,80,France,3,Both,22,All ages,543,Alzheimer's disease and other dementias,3,Rate,2020,1251.13637166838,1398.67548591555,1098.13088789096
1,All Population,5,Prevalence,125,Colombia,3,Both,22,All ages,543,Alzheimer's disease and other dementias,3,Rate,2019,673.47830122221,772.949063361,583.36575820506
1,All Population,5,Prevalence,52,Romania,3,Both,22,All ages,543,Alzheimer's disease and other dementias,3,Rate,2020,1134.78508104257,1297.7088939927698,965.57274832248
1,All Population,5,Prevalence,18,Thailand,3,Both,22,All ages,543,Alzheimer's disease and other dementias,3,Rate,2020,754.91546201724,854.44360756948,653.6536681418601
1,All Population,5,Prevalence,115,Jamaica,3,Both,22,All ages,543,Alzheimer's disease and other dementias,3,Rate,2020,768.2889165099,879.08563681684,664.65088468075
1,All Population,5,Prevalence,163,India,3,Both,22,All ages,543,Alzheimer's disease and other dementias,3,Rate,2018,261.95677273513,300.85568727754,225.90842095785
1,All Population,5,Prevalence,114,Haiti,3,Both,22,All ages,543,Alzheimer's disease and other dementias,3,Rate,2018,215.04149286639,245.58662869714,186.31567808158
1,All Population,5,Prevalence,183,Mauritius,3,Both,22,All ages,543,Alzheimer's disease and other dementias,3,Rate,2018,510.85567367701,579.52658477315,440.61517955222996
1,All Population,5,Prevalence,29,Tonga,3,Both,22,All ages,543,Alzheimer's disease and other dementias,3,Rate,2019,351.18076820648,400.45368356811,298.07301459333
1,All Population,5,Prevalence,91,Portugal,3,Both,22,All ages,543,Alzheimer's disease and other dementias,3,Rate,2019,1525.33686820571,1769.12211544439,1263.3991718269501
1,All Population,5,Prevalence,76,Belgium,3,Both,22,All ages,543,Alzheimer's disease and other dementias,3,Rate,2019,1637.31529416903,1873.6289050717398,1349.94199899411
1,All Population,5,Prevalence,123,Peru,3,Both,22,All ages,543,Alzheimer's disease and other dementias,3,Rate,2019,431.92968875033,487.10101766211,374.92384930242997
1,All Population,5,Prevalence,140,Bahrain,3,Both,22,All ages,543,Alzheimer's disease and other dementias,3,Rate,2019,205.92164815578002,229.94304044312003,178.66944664625
1,All Population,5,Prevalence,151,Qatar,3,Both,22,All ages,543,Alzheimer's disease and other dementias,3,Rate,2019,99.64264487020999,111.83250366889001,86.53285739102
1,All Population,5,Prevalence,44,Bosnia and Herzegovina,3,Both,22,All ages,543,Alzheimer's disease and other dementias,3,Rate,2020,1040.89262547368,1195.14614306858,880.44814784043
1,All Population,5,Prevalence,156,United Arab Emirates,3,Both,22,All ages,543,Alzheimer's disease and other dementias,3,Rate,2020,124.98097025125999,143.26932535514,107.31306648673
1,All Population,5,Prevalence,141,Egypt,3,Both,22,All ages,543,Alzheimer's disease and other dementias,3,Rate,2020,259.7091053937,290.82835001433,226.02855254973002
1,All Population,5,Prevalence,108,Belize,3,Both,22,All ages,543,Alzheimer's disease and other dementias,3,Rate,2019,341.00587050811,388.90314677105,294.85710385391
1,All Population,5,Prevalence,162,Bhutan,3,Both,22,All ages,543,Alzheimer's disease and other dementias,3,Rate,2020,295.99803616573996,337.79871481387,255.49529575263998
1,All Population,5,Prevalence,162,Bhutan,3,Both,22,All ages,543,Alzheimer's disease and other dementias,3,Rate,2019,285.88112914118,327.22377386661,247.26899452210998
1,All Population,5,Prevalence,204,Chad,3,Both,22,All ages,543,Alzheimer's disease and other dementias,3,Rate,2019,97.03509944405,110.14298247049999,84.0648117162
1,All Population,5,Prevalence,98,Chile,3,Both,22,All ages,543,Alzheimer's disease and other dementias,3,Rate,2020,872.81139277292,999.1147523242099,755.15649743313
1,All Population,5,Prevalence,175,Burundi,3,Both,22,All ages,543,Alzheimer's disease and other dementias,3,Rate,2020,137.18004072783,154.57491593362,119.61515623984
1,All Population,5,Prevalence,208,Guinea,3,Both,22,All ages,543,Alzheimer's disease and other dementias,3,Rate,2018,160.28518354173,180.83187220956,138.56953926241002
1,All Population,5,Prevalence,115,Jamaica,3,Both,22,All ages,543,Alzheimer's disease and other dementias,3,Rate,2018,745.25729436845,848.76772453605,644.0024614433601
1,All Population,5,Prevalence,92,Spain,3,Both,22,All ages,543,Alzheimer's disease and other dementias,3,Rate,2019,1283.8860919466001,1467.88174226684,1109.53687526668
1,All Population,5,Prevalence,60,Lithuania,3,Both,22,All ages,543,Alzheimer's disease and other dementias,3,Rate,2020,1361.8578790302,1589.6254536236,1156.82830790108
1,All Population,5,Prevalence,393,Saint Kitts and Nevis,3,Both,22,All ages,543,Alzheimer's disease and other dementias,3,Rate,2019,596.09374766932,673.44122851579,512.26918711044
1,All Population,5,Prevalence,62,Russian Federation,3,Both,22,All ages,543,Alzheimer's disease and other dementias,3,Rate,2019,939.8239329345199,1082.1096567177601,791.5189215061199
1,All Population,5,Prevalence,13,Malaysia,3,Both,22,All ages,543,Alzheimer's disease and other dementias,3,Rate,2020,369.86373340214,422.03074998167,320.38614108327
1,All Population,5,Prevalence,47,Czechia,3,Both,22,All ages,543,Alzheimer's disease and other dementias,3,Rate,2020,1164.78758034186,1328.7387762692201,981.8478673787399
1,All Population,5,Prevalence,43,Albania,3,Both,22,All ages,543,Alzheimer's disease and other dementias,3,Rate,2020,1015.08041996738,1161.51114459851,847.3597125972
1,All Population,5,Prevalence,129,Honduras,3,Both,22,All ages,543,Alzheimer's disease and other dementias,3,Rate,2018,327.37722461008997,375.06737233271,282.13193796629
1,All Population,5,Prevalence,205,Côte d'Ivoire,3,Both,22,All ages,543,Alzheimer's disease and other dementias,3,Rate,2019,107.37744804789,121.23557875669,93.18081104504999
1,All Population,5,Prevalence,33,Armenia,3,Both,22,All ages,543,Alzheimer's disease and other dementias,3,Rate,2020,902.4633960886,1030.11154637901,780.29948249855
1,All Population,5,Prevalence,116,Saint Lucia,3,Both,22,All ages,543,Alzheimer's disease and other dementias,3,Rate,2017,679.3160432079,774.7081653806499,580.90874038815
1,All Population,5,Prevalence,67,Japan,3,Both,22,All ages,543,Alzheimer's disease and other dementias,3,Rate,2020,2547.29976977023,2994.25130160333,2144.78912466953
1,All Population,5,Prevalence,10,Cambodia,3,Both,22,All ages,543,Alzheimer's disease and other dementias,3,Rate,2020,271.14045768686,309.37644842005,232.51223392028
1,All Population,5,Prevalence,91,Portugal,3,Both,22,All ages,543,Alzheimer's disease and other dementias,3,Rate,2020,1555.20810407068,1802.99723213834,1290.4605306955
1,All Population,5,Prevalence,208,Guinea,3,Both,22,All ages,543,Alzheimer's disease and other dementias,3,Rate,2019,157.66894538089,178.19712168304,136.54008259903
1,All Population,5,Prevalence,123,Peru,3,Both,22,All ages,543,Alzheimer's disease and other dementias,3,Rate,2018,417.05018944614,473.12198991585,361.71068845378
1,All Population,5,Prevalence,197,Eswatini,3,Both,22,All ages,543,Alzheimer's disease and other dementias,3,Rate,2019,275.69686833157,314.29706584343,237.21800340791
1,All Population,5,Prevalence,367,Monaco,3,Both,22,All ages,543,Alzheimer's disease and other dementias,3,Rate,2019,1868.1012998202,2161.4215717081797,1527.4598774501999
1,All Population,5,Prevalence,110,Dominica,3,Both,22,All ages,543,Alzheimer's disease and other dementias,3,Rate,2020,863.08944729958,998.77728886035,738.71537454672
1,All Population,5,Prevalence,125,Colombia,3,Both,22,All ages,543,Alzheimer's disease and other dementias,3,Rate,2020,674.47119217307,774.1512758224201,585.15276597902
1,All Population,5,Prevalence,157,Yemen,3,Both,22,All ages,543,Alzheimer's disease and other dementias,3,Rate,2020,188.10640694836002,215.65039443152,162.01009842247998
1,All Population,5,Prevalence,109,Cuba,3,Both,22,All ages,543,Alzheimer's disease and other dementias,3,Rate,2019,901.1491531891701,1012.0538385060499,797.15260344687
1,All Population,5,Prevalence,28,Solomon Islands,3,Both,22,All ages,543,Alzheimer's disease and other dementias,3,Rate,2020,174.58358556289,200.37496796381,149.364378074
1,All Population,5,Prevalence,45,Bulgaria,3,Both,22,All ages,543,Alzheimer's disease and other dementias,3,Rate,2019,1257.07677820572,1457.26597389288,1055.99535984233
1,All Population,5,Prevalence,172,Equatorial Guinea,3,Both,22,All ages,543,Alzheimer's disease and other dementias,3,Rate,2019,165.64745392475,188.64833964083002,144.53801152017
1,All Population,5,Prevalence,146,Lebanon,3,Both,22,All ages,543,Alzheimer's disease and other dementias,3,Rate,2020,717.65497293943,818.11293461896,620.57008790943
1,All Population,5,Prevalence,142,Iran (Islamic Republic of),3,Both,22,All ages,543,Alzheimer's disease and other dementias,3,Rate,2020,473.95424294297004,545.48916749978,404.88235110291004
1,All Population,5,Prevalence,101,Canada,3,Both,22,All ages,543,Alzheimer's disease and other dementias,3,Rate,2017,1686.2504372573799,1862.9935657169601,1474.43644097614
1,All Population,5,Prevalence,178,Eritrea,3,Both,22,All ages,543,Alzheimer's disease and other dementias,3,Rate,2018,209.95743352839,239.47223249708,181.44762975369
1,All Population,5,Prevalence,84,Ireland,3,Both,22,All ages,543,Alzheimer's disease and other dementias,3,Rate,2018,947.4865442504599,1092.39809139508,799.73389032453
1,All Population,5,Prevalence,210,Liberia,3,Both,22,All ages,543,Alzheimer's disease and other dementias,3,Rate,2020,124.11744403399,140.07458079808,107.41003697372
1,All Population,5,Prevalence,147,Libya,3,Both,22,All ages,543,Alzheimer's disease and other dementias,3,Rate,2019,358.10589538887996,405.91399837694,309.45211039241997
1,All Population,5,Prevalence,204,Chad,3,Both,22,All ages,543,Alzheimer's disease and other dementias,3,Rate,2020,95.20718062198999,108.07594929255,82.28285266919
1,All Population,5,Prevalence,189,United Republic of Tanzania,3,Both,22,All ages,543,Alzheimer's disease and other dementias,3,Rate,2020,207.59027625405997,234.25343337093,183.77602041729
1,All Population,5,Prevalence,173,Gabon,3,Both,22,All ages,543,Alzheimer's disease and other dementias,3,Rate,2019,368.42096806515,420.79146367833,317.03130065851997
1,All Population,5,Prevalence,351,Guam,3,Both,22,All ages,543,Alzheimer's disease and other dementias,3,Rate,2019,530.4022397603301,605.58663369702,453.14726581855
1,All Population,5,Prevalence,422,United States Virgin Islands,3,Both,22,All ages,543,Alzheimer's disease and other dementias,3,Rate,2019,1239.18883714712,1420.3264768265901,1063.23496395596
1,All Population,5,Prevalence,191,Zambia,3,Both,22,All ages,543,Alzheimer's disease and other dementias,3,Rate,2019,115.78249511389001,131.5651604192,100.49312562528999
1,All Population,5,Prevalence,422,United States Virgin Islands,3,Both,22,All ages,543,Alzheimer's disease and other dementias,3,Rate,2020,1308.14841544256,1503.31860508782,1122.49913868419
1,All Population,5,Prevalence,320,Cook Islands,3,Both,22,All ages,543,Alzheimer's disease and other dementias,3,Rate,2020,582.55029423036,661.97530978371,495.12310273647
1,All Population,5,Prevalence,94,Switzerland,3,Both,22,All ages,543,Alzheimer's disease and other dementias,3,Rate,2020,1487.07819112684,1717.8392561763799,1230.9896259971001
1,All Population,5,Prevalence,25,Micronesia (Federated States of),3,Both,22,All ages,543,Alzheimer's disease and other dementias,3,Rate,2020,236.22497562513,269.65894396835,201.32764901714
1,All Population,5,Prevalence,57,Belarus,3,Both,22,All ages,543,Alzheimer's disease and other dementias,3,Rate,2020,972.64614159838,1110.0145942156,816.5897917083199
1,All Population,5,Prevalence,170,Congo,3,Both,22,All ages,543,Alzheimer's disease and other dementias,3,Rate,2019,212.84761047218,234.19727006815,193.31414230796
1,All Population,5,Prevalence,181,Madagascar,3,Both,22,All ages,543,Alzheimer's disease and other dementias,3,Rate,2019,137.23234241082,155.05767728632,120.33741857661
1,All Population,5,Prevalence,170,Congo,3,Both,22,All ages,543,Alzheimer's disease and other dementias,3,Rate,2018,212.5504318521,233.60735146186,193.2718911542
1,All Population,5,Prevalence,90,Norway,3,Both,22,All ages,543,Alzheimer's disease and other dementias,3,Rate,2020,1474.83575604724,1699.23915993262,1210.06010348411
1,All Population,5,Prevalence,200,Benin,3,Both,22,All ages,543,Alzheimer's disease and other dementias,3,Rate,2019,131.33199262146002,148.86259309815,114.98095256922
1,All Population,5,Prevalence,87,Luxembourg,3,Both,22,All ages,543,Alzheimer's disease and other dementias,3,Rate,2020,818.90075295314,962.1410759969799,684.22057848995
1,All Population,5,Prevalence,48,Hungary,3,Both,22,All ages,543,Alzheimer's disease and other dementias,3,Rate,2018,1169.57575923054,1333.5658773753,997.30588697155
1,All Population,5,Prevalence,76,Belgium,3,Both,22,All ages,543,Alzheimer's disease and other dementias,3,Rate,2018,1624.11665328565,1866.4810277141598,1326.90499988491
1,All Population,5,Prevalence,172,Equatorial Guinea,3,Both,22,All ages,543,Alzheimer's disease and other dementias,3,Rate,2020,165.0836964844,187.57685127217002,144.66280936857999
1,All Population,5,Prevalence,161,Bangladesh,3,Both,22,All ages,543,Alzheimer's disease and other dementias,3,Rate,2019,219.19835323076,250.74322684967998,189.19595487107
1,All Population,5,Prevalence,50,Montenegro,3,Both,22,All ages,543,Alzheimer's disease and other dementias,3,Rate,2020,857.34181146993,977.8361873501701,714.49141414329
1,All Population,5,Prevalence,209,Guinea-Bissau,3,Both,22,All ages,543,Alzheimer's disease and other dementias,3,Rate,2018,109.59176055559999,123.77618706711002,94.72006434215001
1,All Population,5,Prevalence,99,Uruguay,3,Both,22,All ages,543,Alzheimer's disease and other dementias,3,Rate,2020,1221.31937386288,1404.6117104549999,1034.5110426670299
1,All Population,5,Prevalence,29,Tonga,3,Both,22,All ages,543,Alzheimer's disease and other dementias,3,Rate,2018,345.35191565863,394.72422294844006,294.25205398275
1,All Population,5,Prevalence,12,Lao People's Democratic Republic,3,Both,22,All ages,543,Alzheimer's disease and other dementias,3,Rate,2019,216.03827581600999,243.91987603837998,186.90842570194
1,All Population,5,Prevalence,194,Lesotho,3,Both,22,All ages,543,Alzheimer's disease and other dementias,3,Rate,2019,310.27557521974,351.94659846194,269.31678503533004
1,All Population,5,Prevalence,130,Mexico,3,Both,22,All ages,543,Alzheimer's disease and other dementias,3,Rate,2019,473.8886626105,546.82961203733,405.10365646312005
1,All Population,5,Prevalence,115,Jamaica,3,Both,22,All ages,543,Alzheimer's disease and other dementias,3,Rate,2019,756.6318017505799,863.63112974481,653.67686051899
1,All Population,5,Prevalence,187,Somalia,3,Both,22,All ages,543,Alzheimer's disease and other dementias,3,Rate,2020,180.72033359394,206.82090806512,156.02764978518
1,All Population,5,Prevalence,71,Australia,3,Both,22,All ages,543,Alzheimer's disease and other dementias,3,Rate,2018,1491.3669305922099,1699.78311167059,1233.8074792271
1,All Population,5,Prevalence,215,Sao Tome and Principe,3,Both,22,All ages,543,Alzheimer's disease and other dementias,3,Rate,2019,174.04474558371,198.17026705372,149.15623196805
1,All Population,5,Prevalence,77,Cyprus,3,Both,22,All ages,543,Alzheimer's disease and other dementias,3,Rate,2020,874.05793953617,1008.2807734150099,724.88524113148
1,All Population,5,Prevalence,17,Sri Lanka,3,Both,22,All ages,543,Alzheimer's disease and other dementias,3,Rate,2018,370.34055423457,422.06426707274,316.71964075392
1,All Population,5,Prevalence,151,Qatar,3,Both,22,All ages,543,Alzheimer's disease and other dementias,3,Rate,2020,101.27307808363,113.47200690480001,87.80608312632
1,All Population,5,Prevalence,8,Taiwan,3,Both,22,All ages,543,Alzheimer's disease and other dementias,3,Rate,2020,875.0964481986799,999.67377051515,712.9702004599501
1,All Population,5,Prevalence,210,Liberia,3,Both,22,All ages,543,Alzheimer's disease and other dementias,3,Rate,2019,124.60909603444,140.68237054518,108.07589541556
1,All Population,5,Prevalence,396,San Marino,3,Both,22,All ages,543,Alzheimer's disease and other dementias,3,Rate,2019,1480.36369693078,1700.27221826783,1245.2895940230799
1,All Population,5,Prevalence,14,Maldives,3,Both,22,All ages,543,Alzheimer's disease and other dementias,3,Rate,2018,196.76871192553003,221.91962026264002,169.6909039929
1,All Population,5,Prevalence,385,Puerto Rico,3,Both,22,All ages,543,Alzheimer's disease and other dementias,3,Rate,2018,1412.86230219037,1624.60489375093,1207.04543334826
1,All Population,5,Prevalence,72,New Zealand,3,Both,22,All ages,543,Alzheimer's disease and other dementias,3,Rate,2020,1464.3896700065302,1711.09051200981,1219.56977969403
1,All Population,5,Prevalence,214,Nigeria,3,Both,22,All ages,543,Alzheimer's disease and other dementias,3,Rate,2019,109.63202754455,125.11224604656,94.45561426832
1,All Population,5,Prevalence,197,Eswatini,3,Both,22,All ages,543,Alzheimer's disease and other dementias,3,Rate,2018,267.82450349344003,305.44224830343,230.32574155489
1,All Population,5,Prevalence,147,Libya,3,Both,22,All ages,543,Alzheimer's disease and other dementias,3,Rate,2018,349.51407769066003,396.35306388457997,301.53296628479
1,All Population,5,Prevalence,83,Iceland,3,Both,22,All ages,543,Alzheimer's disease and other dementias,3,Rate,2019,1156.71160186507,1319.88416026373,980.39562211271
1,All Population,5,Prevalence,38,Mongolia,3,Both,22,All ages,543,Alzheimer's disease and other dementias,3,Rate,2019,259.94329161005004,292.87957172629,228.77717164169
1,All Population,5,Prevalence,36,Kazakhstan,3,Both,22,All ages,543,Alzheimer's disease and other dementias,3,Rate,2020,441.84103775705,503.72786888269997,382.33001759558
1,All Population,5,Prevalence,93,Sweden,3,Both,22,All ages,543,Alzheimer's disease and other dementias,3,Rate,2019,1355.0184519602199,1547.14988320483,1126.73023220823
1,All Population,5,Prevalence,374,Niue,3,Both,22,All ages,543,Alzheimer's disease and other dementias,3,Rate,2020,705.8385421008401,804.82805876172,583.59539166491
1,All Population,5,Prevalence,218,Togo,3,Both,22,All ages,543,Alzheimer's disease and other dementias,3,Rate,2020,137.50194825342,155.44234562691,119.78179049562999
1,All Population,5,Prevalence,349,Greenland,3,Both,22,All ages,543,Alzheimer's disease and other dementias,3,Rate,2020,609.53954051872,699.80917790423,516.2920495888
1,All Population,5,Prevalence,39,Tajikistan,3,Both,22,All ages,543,Alzheimer's disease and other dementias,3,Rate,2019,192.60150326591,215.95186245316,167.82826840481
1,All Population,5,Prevalence,35,Georgia,3,Both,22,All ages,543,Alzheimer's disease and other dementias,3,Rate,2020,991.7825107241999,1153.2023248287599,851.36594357036
1,All Population,5,Prevalence,435,South Sudan,3,Both,22,All ages,543,Alzheimer's disease and other dementias,3,Rate,2020,151.03183369337,169.82568700608002,132.21773356901
1,All Population,5,Prevalence,54,Slovakia,3,Both,22,All ages,543,Alzheimer's disease and other dementias,3,Rate,2019,917.44380575856,1050.1234272193399,776.38671707579
1,All Population,5,Prevalence,179,Ethiopia,3,Both,22,All ages,543,Alzheimer's disease and other dementias,3,Rate,2020,182.21043252221,210.19244188668,157.00032068934
1,All Population,5,Prevalence,185,Rwanda,3,Both,22,All ages,543,Alzheimer's disease and other dementias,3,Rate,2020,197.91480142863,223.23111887894999,172.94169442664
1,All Population,5,Prevalence,68,Republic of Korea,3,Both,22,All ages,543,Alzheimer's disease and other dementias,3,Rate,2020,1157.2924230475098,1306.40852368538,997.03900613881
1,All Population,5,Prevalence,83,Iceland,3,Both,22,All ages,543,Alzheimer's disease and other dementias,3,Rate,2020,1140.56251245526,1301.3013760356,964.8954009418899
1,All Population,5,Prevalence,55,Slovenia,3,Both,22,All ages,543,Alzheimer's disease and other dementias,3,Rate,2019,1312.01089546039,1513.14294211965,1107.60514102624
1,All Population,5,Prevalence,15,Myanmar,3,Both,22,All ages,543,Alzheimer's disease and other dementias,3,Rate,2021,299.2765591745,340.41328691233,256.62165520659
1,All Population,5,Prevalence,94,Switzerland,3,Both,22,All ages,543,Alzheimer's disease and other dementias,3,Rate,2019,1478.1337872704,1699.72206339566,1225.77346822386
1,All Population,5,Prevalence,205,Côte d'Ivoire,3,Both,22,All ages,543,Alzheimer's disease and other dementias,3,Rate,2020,107.12924348006,121.31449231620999,92.47553586446999
1,All Population,5,Prevalence,135,Brazil,3,Both,22,All ages,543,Alzheimer's disease and other dementias,3,Rate,2020,917.2747798721599,1052.6412820185,797.1856624115901
1,All Population,5,Prevalence,194,Lesotho,3,Both,22,All ages,543,Alzheimer's disease and other dementias,3,Rate,2020,314.85985882804,358.78945309448,272.91761247078
1,All Population,5,Prevalence,117,Saint Vincent and the Grenadines,3,Both,22,All ages,543,Alzheimer's disease and other dementias,3,Rate,2020,778.5022241983199,897.08499572273,670.94789240289
1,All Population,5,Prevalence,136,Paraguay,3,Both,22,All ages,543,Alzheimer's disease and other dementias,3,Rate,2020,569.51507583005,646.89614547721,493.97681568961997
1,All Population,5,Prevalence,164,Nepal,3,Both,22,All ages,543,Alzheimer's disease and other dementias,3,Rate,2020,271.66528790761,312.46742547165996,235.36547176244002
1,All Population,5,Prevalence,216,Senegal,3,Both,22,All ages,543,Alzheimer's disease and other dementias,3,Rate,2018,166.12079374229,187.36513315614,143.10566900358998
1,All Population,5,Prevalence,113,Guyana,3,Both,22,All ages,543,Alzheimer's disease and other dementias,3,Rate,2020,392.63451046694,445.41242966567006,339.47315033378
1,All Population,5,Prevalence,130,Mexico,3,Both,22,All ages,543,Alzheimer's disease and other dementias,3,Rate,2020,482.95655561267006,557.83129770578,412.66319309423
1,All Population,5,Prevalence,51,Poland,3,Both,22,All ages,543,Alzheimer's disease and other dementias,3,Rate,2020,1112.6919435429,1285.45274012636,922.71270277697
1,All Population,5,Prevalence,140,Bahrain,3,Both,22,All ages,543,Alzheimer's disease and other dementias,3,Rate,2020,216.51610588298,242.88516817708998,187.69134844543
1,All Population,5,Prevalence,106,Bahamas,3,Both,22,All ages,543,Alzheimer's disease and other dementias,3,Rate,2020,482.74105412502996,548.05682717073,418.08262379353005
1,All Population,5,Prevalence,131,Nicaragua,3,Both,22,All ages,543,Alzheimer's disease and other dementias,3,Rate,2019,381.72984658343,437.41752900136,327.3965164474
1,All Population,5,Prevalence,61,Republic of Moldova,3,Both,22,All ages,543,Alzheimer's disease and other dementias,3,Rate,2018,885.0841456996999,1013.3417097957099,757.84512662428
1,All Population,5,Prevalence,119,Trinidad and Tobago,3,Both,22,All ages,543,Alzheimer's disease and other dementias,3,Rate,2020,689.33062101571,803.3706063251799,592.79095612578
1,All Population,5,Prevalence,305,Bermuda,3,Both,22,All ages,543,Alzheimer's disease and other dementias,3,Rate,2020,1347.47444755679,1550.5505443625,1150.5464998914401
1,All Population,5,Prevalence,212,Mauritania,3,Both,22,All ages,543,Alzheimer's disease and other dementias,3,Rate,2020,161.81527240889,185.09913732993002,138.62635568241
1,All Population,5,Prevalence,11,Indonesia,3,Both,22,All ages,543,Alzheimer's disease and other dementias,3,Rate,2021,285.79352385582,327.66190368429,243.58904738021
1,All Population,5,Prevalence,107,Barbados,3,Both,22,All ages,543,Alzheimer's disease and other dementias,3,Rate,2020,1035.52365476111,1183.69642094505,877.4511385563601
1,All Population,5,Prevalence,148,Morocco,3,Both,22,All ages,543,Alzheimer's disease and other dementias,3,Rate,2020,506.52675090855,582.02266830206,433.66596316214
1,All Population,5,Prevalence,186,Seychelles,3,Both,22,All ages,543,Alzheimer's disease and other dementias,3,Rate,2018,413.73976754387,467.63360853714,355.05507843056
1,All Population,5,Prevalence,122,Ecuador,3,Both,22,All ages,543,Alzheimer's disease and other dementias,3,Rate,2020,400.13400444740995,462.77224666883995,347.12210434179
1,All Population,5,Prevalence,146,Lebanon,3,Both,22,All ages,543,Alzheimer's disease and other dementias,3,Rate,2019,707.86349212816,808.09643413287,612.5319496493199
1,All Population,5,Prevalence,160,Afghanistan,3,Both,22,All ages,543,Alzheimer's disease and other dementias,3,Rate,2020,141.56502800809,162.76395361465998,121.65401922513
1,All Population,5,Prevalence,143,Iraq,3,Both,22,All ages,543,Alzheimer's disease and other dementias,3,Rate,2020,246.67303282229997,283.18945289853,211.73073918286002
1,All Population,5,Prevalence,177,Djibouti,3,Both,22,All ages,543,Alzheimer's disease and other dementias,3,Rate,2020,183.04284181778,205.94982130735002,160.11143892559
1,All Population,5,Prevalence,28,Solomon Islands,3,Both,22,All ages,543,Alzheimer's disease and other dementias,3,Rate,2021,175.7831551541,201.27952325452998,149.8152670709
1,All Population,5,Prevalence,152,Saudi Arabia,3,Both,22,All ages,543,Alzheimer's disease and other dementias,3,Rate,2019,155.38208346157,174.84378546386,133.029826678
1,All Population,5,Prevalence,522,Sudan,3,Both,22,All ages,543,Alzheimer's disease and other dementias,3,Rate,2020,281.71303870186,325.9391824662,242.89855432092
1,All Population,5,Prevalence,19,Timor-Leste,3,Both,22,All ages,543,Alzheimer's disease and other dementias,3,Rate,2021,228.14550952279,262.44036685137,193.83317618424002
1,All Population,5,Prevalence,171,Democratic Republic of the Congo,3,Both,22,All ages,543,Alzheimer's disease and other dementias,3,Rate,2020,207.80316217856998,236.26773393197,180.00131247277
1,All Population,5,Prevalence,210,Liberia,3,Both,22,All ages,543,Alzheimer's disease and other dementias,3,Rate,2018,124.97732521323,141.31766307544999,108.55658453982
1,All Population,5,Prevalence,6,China,3,Both,22,All ages,543,Alzheimer's disease and other dementias,3,Rate,2021,1261.28265905364,1446.22992232192,1076.17293896637
1,All Population,5,Prevalence,201,Burkina Faso,3,Both,22,All ages,543,Alzheimer's disease and other dementias,3,Rate,2020,147.16317509988,167.46415487395,126.86120101165
1,All Population,5,Prevalence,416,Tuvalu,3,Both,22,All ages,543,Alzheimer's disease and other dementias,3,Rate,2019,291.93208996988,331.02357481891,249.09009475437998
1,All Population,5,Prevalence,396,San Marino,3,Both,22,All ages,543,Alzheimer's disease and other dementias,3,Rate,2020,1443.23503859697,1662.14519211816,1222.21083807286
1,All Population,5,Prevalence,84,Ireland,3,Both,22,All ages,543,Alzheimer's disease and other dementias,3,Rate,2019,968.5740196375499,1117.77403496779,818.7163958716401
1,All Population,5,Prevalence,95,United Kingdom,3,Both,22,All ages,543,Alzheimer's disease and other dementias,3,Rate,2020,1445.52326395179,1674.78359768138,1200.56757518617
1,All Population,5,Prevalence,99,Uruguay,3,Both,22,All ages,543,Alzheimer's disease and other dementias,3,Rate,2019,1219.36935458276,1401.92974202247,1035.16076438691
1,All Population,5,Prevalence,112,Grenada,3,Both,22,All ages,543,Alzheimer's disease and other dementias,3,Rate,2020,825.26010217737,953.07123253199,699.79184088954
1,All Population,5,Prevalence,34,Azerbaijan,3,Both,22,All ages,543,Alzheimer's disease and other dementias,3,Rate,2021,428.21453732749995,487.34949048067995,376.02761931938
1,All Population,5,Prevalence,393,Saint Kitts and Nevis,3,Both,22,All ages,543,Alzheimer's disease and other dementias,3,Rate,2020,594.2283720118401,675.91481201839,510.23091171733
1,All Population,5,Prevalence,196,South Africa,3,Both,22,All ages,543,Alzheimer's disease and other dementias,3,Rate,2020,363.42460136721996,418.41502325121,313.15446955125
1,All Population,5,Prevalence,186,Seychelles,3,Both,22,All ages,543,Alzheimer's disease and other dementias,3,Rate,2019,427.04155406619003,483.12840884619,366.90712670813
1,All Population,5,Prevalence,182,Malawi,3,Both,22,All ages,543,Alzheimer's disease and other dementias,3,Rate,2020,169.84892027403,193.69428105833,145.91935970383
1,All Population,5,Prevalence,133,Venezuela (Bolivarian Republic of),3,Both,22,All ages,543,Alzheimer's disease and other dementias,3,Rate,2021,672.0381758720799,773.85682155337,588.39191207178
1,All Population,5,Prevalence,62,Russian Federation,3,Both,22,All ages,543,Alzheimer's disease and other dementias,3,Rate,2021,956.4212664448099,1101.10126182826,804.86567313415
1,All Population,5,Prevalence,105,Antigua and Barbuda,3,Both,22,All ages,543,Alzheimer's disease and other dementias,3,Rate,2021,661.16990746986,753.74622181422,570.59407911624
1,All Population,5,Prevalence,58,Estonia,3,Both,22,All ages,543,Alzheimer's disease and other dementias,3,Rate,2021,1370.66240126805,1574.88056908234,1152.4979858087102
1,All Population,5,Prevalence,75,Austria,3,Both,22,All ages,543,Alzheimer's disease and other dementias,3,Rate,2021,1457.07505530482,1677.7941732437102,1205.08480177245
1,All Population,5,Prevalence,109,Cuba,3,Both,22,All ages,543,Alzheimer's disease and other dementias,3,Rate,2021,962.3517419774,1083.8320911777498,844.3563166039299
1,All Population,5,Prevalence,41,Uzbekistan,3,Both,22,All ages,543,Alzheimer's disease and other dementias,3,Rate,2021,303.14394882305,342.93160858222,266.68552597669
1,All Population,5,Prevalence,88,Malta,3,Both,22,All ages,543,Alzheimer's disease and other dementias,3,Rate,2021,1250.85563729097,1438.6147325127101,1038.31709225477
1,All Population,5,Prevalence,122,Ecuador,3,Both,22,All ages,543,Alzheimer's disease and other dementias,3,Rate,2021,405.62710619505,465.28020333773003,351.06043750694
1,All Population,5,Prevalence,201,Burkina Faso,3,Both,22,All ages,543,Alzheimer's disease and other dementias,3,Rate,2019,146.82832300329,167.13224152015,126.62468854594
1,All Population,5,Prevalence,78,Denmark,3,Both,22,All ages,543,Alzheimer's disease and other dementias,3,Rate,2019,1038.5823374305598,1180.8658362890399,886.75546653985
1,All Population,5,Prevalence,213,Niger,3,Both,22,All ages,543,Alzheimer's disease and other dementias,3,Rate,2020,90.2261408361,101.11406167638,78.5719884985
1,All Population,5,Prevalence,82,Greece,3,Both,22,All ages,543,Alzheimer's disease and other dementias,3,Rate,2020,2320.5804981066303,2684.02255461244,1954.2956267835698
1,All Population,5,Prevalence,207,Ghana,3,Both,22,All ages,543,Alzheimer's disease and other dementias,3,Rate,2019,159.82177317679,181.00845297718,138.93319818372998
1,All Population,5,Prevalence,154,Tunisia,3,Both,22,All ages,543,Alzheimer's disease and other dementias,3,Rate,2020,628.12977110425,713.69611035429,541.1759998722
1,All Population,5,Prevalence,165,Pakistan,3,Both,22,All ages,543,Alzheimer's disease and other dementias,3,Rate,2021,187.08848724659,216.14198773577,160.3310423876
1,All Population,5,Prevalence,148,Morocco,3,Both,22,All ages,543,Alzheimer's disease and other dementias,3,Rate,2021,518.59500338176,596.6086906291599,445.47595294135
1,All Population,5,Prevalence,37,Kyrgyzstan,3,Both,22,All ages,543,Alzheimer's disease and other dementias,3,Rate,2020,268.51832810626,303.4804406372,234.02801274718001
1,All Population,5,Prevalence,54,Slovakia,3,Both,22,All ages,543,Alzheimer's disease and other dementias,3,Rate,2020,937.97391669157,1071.3758996249999,793.634693596
1,All Population,5,Prevalence,20,Viet Nam,3,Both,22,All ages,543,Alzheimer's disease and other dementias,3,Rate,2020,412.55396913377996,465.84070162507004,354.44016438122003
1,All Population,5,Prevalence,374,Niue,3,Both,22,All ages,543,Alzheimer's disease and other dementias,3,Rate,2019,705.6024813673699,804.75798138417,585.14346535599
1,All Population,5,Prevalence,46,Croatia,3,Both,22,All ages,543,Alzheimer's disease and other dementias,3,Rate,2020,1353.1334112904701,1568.4581715229601,1141.58465127621
1,All Population,5,Prevalence,114,Haiti,3,Both,22,All ages,543,Alzheimer's disease and other dementias,3,Rate,2019,215.46041827384,246.27725802507,187.12909781611
1,All Population,5,Prevalence,93,Sweden,3,Both,22,All ages,543,Alzheimer's disease and other dementias,3,Rate,2020,1371.34081873276,1573.0193197973201,1132.14594305451
1,All Population,5,Prevalence,206,Gambia,3,Both,22,All ages,543,Alzheimer's disease and other dementias,3,Rate,2020,162.00912869422,184.03226295849998,140.20521270586
1,All Population,5,Prevalence,144,Jordan,3,Both,22,All ages,543,Alzheimer's disease and other dementias,3,Rate,2020,301.46738767549,343.62236775735,261.35371338246
1,All Population,5,Prevalence,127,El Salvador,3,Both,22,All ages,543,Alzheimer's disease and other dementias,3,Rate,2020,608.94519406362,704.94007154086,519.75430722559
1,All Population,5,Prevalence,69,Singapore,3,Both,22,All ages,543,Alzheimer's disease and other dementias,3,Rate,2020,717.9744846465,800.13431808453,641.16238106014
1,All Population,5,Prevalence,116,Saint Lucia,3,Both,22,All ages,543,Alzheimer's disease and other dementias,3,Rate,2018,709.9051389370601,810.3561429018,607.36084483554
1,All Population,5,Prevalence,161,Bangladesh,3,Both,22,All ages,543,Alzheimer's disease and other dementias,3,Rate,2020,222.57929910936,255.84892103947,191.79617291019002
1,All Population,5,Prevalence,86,Italy,3,Both,22,All ages,543,Alzheimer's disease and other dementias,3,Rate,2018,2132.5425367662,2464.99745626668,1787.3143108352099
1,All Population,5,Prevalence,169,Central African Republic,3,Both,22,All ages,543,Alzheimer's disease and other dementias,3,Rate,2021,192.86784368974,216.93317289855997,170.63928171566
1,All Population,5,Prevalence,169,Central African Republic,3,Both,22,All ages,543,Alzheimer's disease and other dementias,3,Rate,2020,193.86714822453,218.97687148653998,170.12974714752002
1,All Population,5,Prevalence,180,Kenya,3,Both,22,All ages,543,Alzheimer's disease and other dementias,3,Rate,2021,215.82018721792002,248.9763270583,185.48375884705
1,All Population,5,Prevalence,191,Zambia,3,Both,22,All ages,543,Alzheimer's disease and other dementias,3,Rate,2020,115.50441686946,131.24423725241,99.8134093829
1,All Population,5,Prevalence,153,Syrian Arab Republic,3,Both,22,All ages,543,Alzheimer's disease and other dementias,3,Rate,2019,371.89646675922,423.25244088104,321.69231418681
1,All Population,5,Prevalence,89,Netherlands,3,Both,22,All ages,543,Alzheimer's disease and other dementias,3,Rate,2020,1484.32977088011,1677.71434463883,1263.44270564109
1,All Population,5,Prevalence,131,Nicaragua,3,Both,22,All ages,543,Alzheimer's disease and other dementias,3,Rate,2018,375.51181433375,430.24280621552,322.27287326192
1,All Population,5,Prevalence,101,Canada,3,Both,22,All ages,543,Alzheimer's disease and other dementias,3,Rate,2020,1721.4258422810099,1917.7217140818902,1478.85547834392
1,All Population,5,Prevalence,14,Maldives,3,Both,22,All ages,543,Alzheimer's disease and other dementias,3,Rate,2019,197.53213693045998,222.61053270643,170.86880139886
1,All Population,5,Prevalence,156,United Arab Emirates,3,Both,22,All ages,543,Alzheimer's disease and other dementias,3,Rate,2019,111.83158922793001,127.34314075258,96.16569023451
1,All Population,5,Prevalence,196,South Africa,3,Both,22,All ages,543,Alzheimer's disease and other dementias,3,Rate,2021,362.8644112603,418.56685080682,312.83132536291004
1,All Population,5,Prevalence,211,Mali,3,Both,22,All ages,543,Alzheimer's disease and other dementias,3,Rate,2021,120.83954968610999,136.85062819228,104.97619882621998
1,All Population,5,Prevalence,202,Cameroon,3,Both,22,All ages,543,Alzheimer's disease and other dementias,3,Rate,2020,106.9196027054,121.17768909637,92.57792805244
1,All Population,5,Prevalence,150,Oman,3,Both,22,All ages,543,Alzheimer's disease and other dementias,3,Rate,2020,170.79498520206,193.42925255294,146.91965791402
1,All Population,5,Prevalence,183,Mauritius,3,Both,22,All ages,543,Alzheimer's disease and other dementias,3,Rate,2019,521.7733160016201,591.94608735617,450.50294980166996
1,All Population,5,Prevalence,217,Sierra Leone,3,Both,22,All ages,543,Alzheimer's disease and other dementias,3,Rate,2021,138.86621461752,157.51242835324,119.41664933739001
1,All Population,5,Prevalence,62,Russian Federation,3,Both,22,All ages,543,Alzheimer's disease and other dementias,3,Rate,2020,954.41023236811,1101.10147090128,803.3354456760001
1,All Population,5,Prevalence,298,American Samoa,3,Both,22,All ages,543,Alzheimer's disease and other dementias,3,Rate,2021,327.8576230891,370.14372415898,281.89727396102
1,All Population,5,Prevalence,413,Tokelau,3,Both,22,All ages,543,Alzheimer's disease and other dementias,3,Rate,2019,583.32344550051,668.97300447811,487.20937582465007
1,All Population,5,Prevalence,27,Samoa,3,Both,22,All ages,543,Alzheimer's disease and other dementias,3,Rate,2020,348.2498667811,401.11056540658,296.49388512196
1,All Population,5,Prevalence,59,Latvia,3,Both,22,All ages,543,Alzheimer's disease and other dementias,3,Rate,2020,1391.86091592035,1621.6689645108502,1167.2700066228101
1,All Population,5,Prevalence,12,Lao People's Democratic Republic,3,Both,22,All ages,543,Alzheimer's disease and other dementias,3,Rate,2020,219.79971778482,248.91724287335,190.68257239969
1,All Population,5,Prevalence,416,Tuvalu,3,Both,22,All ages,543,Alzheimer's disease and other dementias,3,Rate,2020,293.23506698688,334.14292138558,249.95748392224
1,All Population,5,Prevalence,16,Philippines,3,Both,22,All ages,543,Alzheimer's disease and other dementias,3,Rate,2018,231.67303783863,264.36134044804,196.97488972369
1,All Population,5,Prevalence,18,Thailand,3,Both,22,All ages,543,Alzheimer's disease and other dementias,3,Rate,2021,777.84898595084,887.91034863476,671.89408237055
1,All Population,5,Prevalence,7,Democratic People's Republic of Korea,3,Both,22,All ages,543,Alzheimer's disease and other dementias,3,Rate,2021,601.77419815279,696.98518281637,492.44717620457
1,All Population,5,Prevalence,33,Armenia,3,Both,22,All ages,543,Alzheimer's disease and other dementias,3,Rate,2021,916.34397436828,1046.03371386971,791.9865430322699
1,All Population,5,Prevalence,85,Israel,3,Both,22,All ages,543,Alzheimer's disease and other dementias,3,Rate,2019,473.82668528873006,539.76719490676,392.13201971347
1,All Population,5,Prevalence,66,Brunei Darussalam,3,Both,22,All ages,543,Alzheimer's disease and other dementias,3,Rate,2021,342.42968414058,391.630785203,294.66934910259
1,All Population,5,Prevalence,22,Fiji,3,Both,22,All ages,543,Alzheimer's disease and other dementias,3,Rate,2021,296.44887988218,335.65798948023,254.62941857016997
1,All Population,5,Prevalence,79,Finland,3,Both,22,All ages,543,Alzheimer's disease and other dementias,3,Rate,2021,1664.43631602183,1915.20049837119,1379.2172743220701
1,All Population,5,Prevalence,78,Denmark,3,Both,22,All ages,543,Alzheimer's disease and other dementias,3,Rate,2018,1022.9577929924599,1158.2308833744999,872.99131523627
1,All Population,5,Prevalence,30,Vanuatu,3,Both,22,All ages,543,Alzheimer's disease and other dementias,3,Rate,2020,220.38598577829,249.85021772732998,189.54224065698
1,All Population,5,Prevalence,15,Myanmar,3,Both,22,All ages,543,Alzheimer's disease and other dementias,3,Rate,2020,296.30036643799,336.92993573978,254.73158737405
1,All Population,5,Prevalence,47,Czechia,3,Both,22,All ages,543,Alzheimer's disease and other dementias,3,Rate,2019,1138.80403222434,1294.52955211422,958.63080742942
1,All Population,5,Prevalence,380,Palau,3,Both,22,All ages,543,Alzheimer's disease and other dementias,3,Rate,2021,403.30050100087,461.08851750245003,343.08769255752003
1,All Population,5,Prevalence,153,Syrian Arab Republic,3,Both,22,All ages,543,Alzheimer's disease and other dementias,3,Rate,2020,384.75150443075,437.52547900666997,332.11364503221
1,All Population,5,Prevalence,74,Andorra,3,Both,22,All ages,543,Alzheimer's disease and other dementias,3,Rate,2020,1304.8814321229302,1493.6658240080899,1098.468094493
1,All Population,5,Prevalence,51,Poland,3,Both,22,All ages,543,Alzheimer's disease and other dementias,3,Rate,2021,1105.5346884986,1276.5048882091,917.44941310631
1,All Population,5,Prevalence,98,Chile,3,Both,22,All ages,543,Alzheimer's disease and other dementias,3,Rate,2021,899.35946126706,1026.3704034336,774.96585130938
1,All Population,5,Prevalence,117,Saint Vincent and the Grenadines,3,Both,22,All ages,543,Alzheimer's disease and other dementias,3,Rate,2019,772.7726814887,888.67779361927,666.4578614984599
1,All Population,5,Prevalence,175,Burundi,3,Both,22,All ages,543,Alzheimer's disease and other dementias,3,Rate,2019,138.06876353063,155.4653212883,120.57747366788999
1,All Population,5,Prevalence,111,Dominican Republic,3,Both,22,All ages,543,Alzheimer's disease and other dementias,3,Rate,2021,463.182449206,524.90681447521,403.55402863627995
1,All Population,5,Prevalence,40,Turkmenistan,3,Both,22,All ages,543,Alzheimer's disease and other dementias,3,Rate,2021,296.75363510983,335.73595767568,258.94215201433997
1,All Population,5,Prevalence,351,Guam,3,Both,22,All ages,543,Alzheimer's disease and other dementias,3,Rate,2020,555.69377507873,634.19299419003,475.0498279107
1,All Population,5,Prevalence,126,Costa Rica,3,Both,22,All ages,543,Alzheimer's disease and other dementias,3,Rate,2021,674.3800625210599,770.59167819245,581.2286659501
1,All Population,5,Prevalence,171,Democratic Republic of the Congo,3,Both,22,All ages,543,Alzheimer's disease and other dementias,3,Rate,2021,207.57517263227,235.22409885027,181.65503487305
1,All Population,5,Prevalence,193,Botswana,3,Both,22,All ages,543,Alzheimer's disease and other dementias,3,Rate,2021,361.14838627856,409.61833897470996,311.14853888888
1,All Population,5,Prevalence,132,Panama,3,Both,22,All ages,543,Alzheimer's disease and other dementias,3,Rate,2019,649.62118324452,746.27781653325,558.65040083596
1,All Population,5,Prevalence,202,Cameroon,3,Both,22,All ages,543,Alzheimer's disease and other dementias,3,Rate,2019,106.45805450655999,120.04211989186,92.20728368568
1,All Population,5,Prevalence,190,Uganda,3,Both,22,All ages,543,Alzheimer's disease and other dementias,3,Rate,2020,151.20562427111,171.40043983239,131.30381513355
1,All Population,5,Prevalence,209,Guinea-Bissau,3,Both,22,All ages,543,Alzheimer's disease and other dementias,3,Rate,2019,109.22953078401001,124.11706222656,94.61200255649
1,All Population,5,Prevalence,48,Hungary,3,Both,22,All ages,543,Alzheimer's disease and other dementias,3,Rate,2020,1194.04677527266,1376.54543102655,1011.38738263942
1,All Population,5,Prevalence,207,Ghana,3,Both,22,All ages,543,Alzheimer's disease and other dementias,3,Rate,2020,160.94118972863,182.4871215012,139.69465215013
1,All Population,5,Prevalence,176,Comoros,3,Both,22,All ages,543,Alzheimer's disease and other dementias,3,Rate,2020,395.18913123468,449.46955546345,341.69485381814
1,All Population,5,Prevalence,195,Namibia,3,Both,22,All ages,543,Alzheimer's disease and other dementias,3,Rate,2020,261.49300959912,298.81770317673,224.73064707681
1,All Population,5,Prevalence,149,Palestine,3,Both,22,All ages,543,Alzheimer's disease and other dementias,3,Rate,2020,242.18270269303997,272.45570916885,211.69066359211
1,All Population,5,Prevalence,145,Kuwait,3,Both,22,All ages,543,Alzheimer's disease and other dementias,3,Rate,2021,214.67591122061,240.77778809179,188.97838376568998
1,All Population,5,Prevalence,156,United Arab Emirates,3,Both,22,All ages,543,Alzheimer's disease and other dementias,3,Rate,2021,139.60489978230999,158.85294685306,120.20115484992
1,All Population,5,Prevalence,189,United Republic of Tanzania,3,Both,22,All ages,543,Alzheimer's disease and other dementias,3,Rate,2021,206.34205056837,232.38144267850998,182.92283193845
1,All Population,5,Prevalence,38,Mongolia,3,Both,22,All ages,543,Alzheimer's disease and other dementias,3,Rate,2020,267.04846064010997,301.40367981345,235.13562517775
1,All Population,5,Prevalence,85,Israel,3,Both,22,All ages,543,Alzheimer's disease and other dementias,3,Rate,2020,473.99651367901,541.61976519902,394.64406261926
1,All Population,5,Prevalence,141,Egypt,3,Both,22,All ages,543,Alzheimer's disease and other dementias,3,Rate,2021,266.48874701609003,297.84014802222,232.57833296308002
1,All Population,5,Prevalence,204,Chad,3,Both,22,All ages,543,Alzheimer's disease and other dementias,3,Rate,2021,93.93993681177,106.13474661264001,81.47441894752001
1,All Population,5,Prevalence,30,Vanuatu,3,Both,22,All ages,543,Alzheimer's disease and other dementias,3,Rate,2021,222.49607683774002,251.63897305982,192.05187364993
1,All Population,5,Prevalence,168,Angola,3,Both,22,All ages,543,Alzheimer's disease and other dementias,3,Rate,2020,175.68414378773,199.51342009841,153.77581302815
1,All Population,5,Prevalence,17,Sri Lanka,3,Both,22,All ages,543,Alzheimer's disease and other dementias,3,Rate,2021,390.28687694639,448.22145994524,334.22533592637
1,All Population,5,Prevalence,367,Monaco,3,Both,22,All ages,543,Alzheimer's disease and other dementias,3,Rate,2020,1801.52687394168,2089.9648057553,1466.74515329259
1,All Population,5,Prevalence,320,Cook Islands,3,Both,22,All ages,543,Alzheimer's disease and other dementias,3,Rate,2021,600.0992994311,683.1973931013799,515.58664113674
1,All Population,5,Prevalence,110,Dominica,3,Both,22,All ages,543,Alzheimer's disease and other dementias,3,Rate,2021,874.38982198616,1006.6265752183501,749.0698295455701
1,All Population,5,Prevalence,185,Rwanda,3,Both,22,All ages,543,Alzheimer's disease and other dementias,3,Rate,2019,193.72651891408,218.50181192541,169.66968757770002
1,All Population,5,Prevalence,63,Ukraine,3,Both,22,All ages,543,Alzheimer's disease and other dementias,3,Rate,2018,1040.89022889047,1208.26468070873,877.2402768051701
1,All Population,5,Prevalence,181,Madagascar,3,Both,22,All ages,543,Alzheimer's disease and other dementias,3,Rate,2020,137.16647836724002,154.74390099146,119.97752282344001
1,All Population,5,Prevalence,27,Samoa,3,Both,22,All ages,543,Alzheimer's disease and other dementias,3,Rate,2021,349.65478202119,400.87320208592996,298.41355437902996
1,All Population,5,Prevalence,154,Tunisia,3,Both,22,All ages,543,Alzheimer's disease and other dementias,3,Rate,2019,616.34242850695,698.7745031926601,530.3874749238099
1,All Population,5,Prevalence,41,Uzbekistan,3,Both,22,All ages,543,Alzheimer's disease and other dementias,3,Rate,2022,299.35876130753,339.25288897552997,264.0877338915
1,All Population,5,Prevalence,214,Nigeria,3,Both,22,All ages,543,Alzheimer's disease and other dementias,3,Rate,2020,109.83149160074,125.3312063439,94.71709158367
1,All Population,5,Prevalence,108,Belize,3,Both,22,All ages,543,Alzheimer's disease and other dementias,3,Rate,2020,346.13437795499,395.62395462001,299.48866316872
1,All Population,5,Prevalence,145,Kuwait,3,Both,22,All ages,543,Alzheimer's disease and other dementias,3,Rate,2020,202.26909936724002,227.23971917024,178.32591518312
1,All Population,5,Prevalence,126,Costa Rica,3,Both,22,All ages,543,Alzheimer's disease and other dementias,3,Rate,2020,651.7509484309,746.66328202113,560.34792269997
1,All Population,5,Prevalence,53,Serbia,3,Both,22,All ages,543,Alzheimer's disease and other dementias,3,Rate,2020,975.67398551032,1114.26696688826,822.6813421640301
1,All Population,5,Prevalence,369,Nauru,3,Both,22,All ages,543,Alzheimer's disease and other dementias,3,Rate,2021,103.63336752113,117.77398214179999,88.98148711621
1,All Population,5,Prevalence,11,Indonesia,3,Both,22,All ages,543,Alzheimer's disease and other dementias,3,Rate,2022,292.38030485539997,334.54613783991,249.58928259441
1,All Population,5,Prevalence,26,Papua New Guinea,3,Both,22,All ages,543,Alzheimer's disease and other dementias,3,Rate,2022,155.63489237085,177.62141075753,134.04765301944
1,All Population,5,Prevalence,13,Malaysia,3,Both,22,All ages,543,Alzheimer's disease and other dementias,3,Rate,2021,375.8052461774,426.24606902834995,322.6429283229
1,All Population,5,Prevalence,121,Bolivia (Plurinational State of),3,Both,22,All ages,543,Alzheimer's disease and other dementias,3,Rate,2020,285.26019532549003,324.26070619036,247.36015544520998
1,All Population,5,Prevalence,142,Iran (Islamic Republic of),3,Both,22,All ages,543,Alzheimer's disease and other dementias,3,Rate,2021,477.91611620208,549.9944284480799,407.46414049473
1,All Population,5,Prevalence,157,Yemen,3,Both,22,All ages,543,Alzheimer's disease and other dementias,3,Rate,2021,190.24743257048002,217.08282783273998,163.94137318917
1,All Population,5,Prevalence,203,Cabo Verde,3,Both,22,All ages,543,Alzheimer's disease and other dementias,3,Rate,2020,347.71442259059,400.07960646457,297.0348303906
1,All Population,5,Prevalence,44,Bosnia and Herzegovina,3,Both,22,All ages,543,Alzheimer's disease and other dementias,3,Rate,2021,1050.667040521,1198.76901939065,894.18236239451
1,All Population,5,Prevalence,67,Japan,3,Both,22,All ages,543,Alzheimer's disease and other dementias,3,Rate,2021,2561.06689972903,3010.30401434163,2160.3464129045396
1,All Population,5,Prevalence,114,Haiti,3,Both,22,All ages,543,Alzheimer's disease and other dementias,3,Rate,2020,215.89182538456998,247.43121009777,186.71850335547998
1,All Population,5,Prevalence,127,El Salvador,3,Both,22,All ages,543,Alzheimer's disease and other dementias,3,Rate,2021,612.97723265182,705.25080416427,523.57487845884
1,All Population,5,Prevalence,86,Italy,3,Both,22,All ages,543,Alzheimer's disease and other dementias,3,Rate,2019,2253.17842938248,2607.5397856515,1871.4221248094998
1,All Population,5,Prevalence,80,France,3,Both,22,All ages,543,Alzheimer's disease and other dementias,3,Rate,2021,1271.28851339522,1411.62854362722,1107.94049924825
1,All Population,5,Prevalence,163,India,3,Both,22,All ages,543,Alzheimer's disease and other dementias,3,Rate,2021,285.56132219246,329.53428379988,245.5420539666
1,All Population,5,Prevalence,69,Singapore,3,Both,22,All ages,543,Alzheimer's disease and other dementias,3,Rate,2021,763.8110275426101,850.34950620916,677.0014001352
1,All Population,5,Prevalence,45,Bulgaria,3,Both,22,All ages,543,Alzheimer's disease and other dementias,3,Rate,2022,1321.74806021832,1531.7560288669501,1115.41901260153
1,All Population,5,Prevalence,58,Estonia,3,Both,22,All ages,543,Alzheimer's disease and other dementias,3,Rate,2022,1377.65473640496,1586.16941155213,1145.1125539341601
1,All Population,5,Prevalence,109,Cuba,3,Both,22,All ages,543,Alzheimer's disease and other dementias,3,Rate,2020,920.4835826316499,1032.87430030888,811.8619308466
1,All Population,5,Prevalence,77,Cyprus,3,Both,22,All ages,543,Alzheimer's disease and other dementias,3,Rate,2021,892.82092956753,1023.6709224916299,743.37079759787
1,All Population,5,Prevalence,95,United Kingdom,3,Both,22,All ages,543,Alzheimer's disease and other dementias,3,Rate,2021,1440.43886631894,1670.09321457151,1193.09252740821
1,All Population,5,Prevalence,16,Philippines,3,Both,22,All ages,543,Alzheimer's disease and other dementias,3,Rate,2021,246.92581553447,281.36350955513996,209.81912217534
1,All Population,5,Prevalence,57,Belarus,3,Both,22,All ages,543,Alzheimer's disease and other dementias,3,Rate,2021,979.4812940197401,1118.2114469732498,825.79100101969
1,All Population,5,Prevalence,376,Northern Mariana Islands,3,Both,22,All ages,543,Alzheimer's disease and other dementias,3,Rate,2020,288.78980224753997,325.26587761245,247.32825148640003
1,All Population,5,Prevalence,102,United States of America,3,Both,22,All ages,543,Alzheimer's disease and other dementias,3,Rate,2021,1390.49074730952,1590.33778224907,1154.41586924224
1,All Population,5,Prevalence,198,Zimbabwe,3,Both,22,All ages,543,Alzheimer's disease and other dementias,3,Rate,2020,256.05687599047,289.60449331806,220.68550943122003
1,All Population,5,Prevalence,218,Togo,3,Both,22,All ages,543,Alzheimer's disease and other dementias,3,Rate,2021,139.92383148818,157.91241791041,121.95382262882
1,All Population,5,Prevalence,176,Comoros,3,Both,22,All ages,543,Alzheimer's disease and other dementias,3,Rate,2021,396.30636884544,452.67541658575,341.69178138541
1,All Population,5,Prevalence,50,Montenegro,3,Both,22,All ages,543,Alzheimer's disease and other dementias,3,Rate,2021,906.60257465063,1040.86681743893,757.32692740338
1,All Population,5,Prevalence,215,Sao Tome and Principe,3,Both,22,All ages,543,Alzheimer's disease and other dementias,3,Rate,2020,174.84976905033,199.29164913757998,150.66079352181
1,All Population,5,Prevalence,10,Cambodia,3,Both,22,All ages,543,Alzheimer's disease and other dementias,3,Rate,2021,278.04730636771,315.56619247941,238.95500771275
1,All Population,5,Prevalence,63,Ukraine,3,Both,22,All ages,543,Alzheimer's disease and other dementias,3,Rate,2021,1061.1832160526,1230.97347987787,896.4649312247301
1,All Population,5,Prevalence,173,Gabon,3,Both,22,All ages,543,Alzheimer's disease and other dementias,3,Rate,2020,367.01494513329,418.31376683581,317.39470075723
1,All Population,5,Prevalence,23,Kiribati,3,Both,22,All ages,543,Alzheimer's disease and other dementias,3,Rate,2021,225.25958512745,253.41239605407,194.36301589632
1,All Population,5,Prevalence,36,Kazakhstan,3,Both,22,All ages,543,Alzheimer's disease and other dementias,3,Rate,2021,442.58141236762,505.58737758779995,381.3682532512
1,All Population,5,Prevalence,132,Panama,3,Both,22,All ages,543,Alzheimer's disease and other dementias,3,Rate,2020,659.00781305083,758.96423638868,566.63564751693
1,All Population,5,Prevalence,23,Kiribati,3,Both,22,All ages,543,Alzheimer's disease and other dementias,3,Rate,2022,228.20366771515998,257.82288797546,197.63372038973
1,All Population,5,Prevalence,88,Malta,3,Both,22,All ages,543,Alzheimer's disease and other dementias,3,Rate,2022,1261.6140878403899,1463.3281856957,1040.6431644586498
1,All Population,5,Prevalence,92,Spain,3,Both,22,All ages,543,Alzheimer's disease and other dementias,3,Rate,2022,1398.99888494056,1604.1034042219699,1190.58915897116
1,All Population,5,Prevalence,165,Pakistan,3,Both,22,All ages,543,Alzheimer's disease and other dementias,3,Rate,2022,189.08565279559,218.84229204436,162.43542864961
1,All Population,5,Prevalence,60,Lithuania,3,Both,22,All ages,543,Alzheimer's disease and other dementias,3,Rate,2021,1358.07946100549,1571.8332707796399,1143.56266094353
1,All Population,5,Prevalence,74,Andorra,3,Both,22,All ages,543,Alzheimer's disease and other dementias,3,Rate,2021,1324.68600050922,1521.8780790879898,1119.50732585361
1,All Population,5,Prevalence,87,Luxembourg,3,Both,22,All ages,543,Alzheimer's disease and other dementias,3,Rate,2021,804.8898682172401,945.6317678995799,682.95063181411
1,All Population,5,Prevalence,136,Paraguay,3,Both,22,All ages,543,Alzheimer's disease and other dementias,3,Rate,2021,570.59111453796,647.86162431563,491.70540518491003
1,All Population,5,Prevalence,116,Saint Lucia,3,Both,22,All ages,543,Alzheimer's disease and other dementias,3,Rate,2021,763.17654258436,872.14727771715,651.88157693273
1,All Population,5,Prevalence,349,Greenland,3,Both,22,All ages,543,Alzheimer's disease and other dementias,3,Rate,2021,627.11381465483,723.4589862297399,532.6358263364
1,All Population,5,Prevalence,97,Argentina,3,Both,22,All ages,543,Alzheimer's disease and other dementias,3,Rate,2020,828.4858830086001,948.1597914978701,713.0487333134499
1,All Population,5,Prevalence,101,Canada,3,Both,22,All ages,543,Alzheimer's disease and other dementias,3,Rate,2019,1714.52467711098,1903.97563323661,1475.18760517823
1,All Population,5,Prevalence,43,Albania,3,Both,22,All ages,543,Alzheimer's disease and other dementias,3,Rate,2021,1093.76664579744,1249.5402219835,917.46612445654
1,All Population,5,Prevalence,105,Antigua and Barbuda,3,Both,22,All ages,543,Alzheimer's disease and other dementias,3,Rate,2022,676.9272147019201,771.46321760182,583.34428545177
1,All Population,5,Prevalence,84,Ireland,3,Both,22,All ages,543,Alzheimer's disease and other dementias,3,Rate,2020,977.82995010841,1132.4823104197899,822.65324413582
1,All Population,5,Prevalence,203,Cabo Verde,3,Both,22,All ages,543,Alzheimer's disease and other dementias,3,Rate,2021,347.30522962478,398.79064901736,295.16514375615003
1,All Population,5,Prevalence,522,Sudan,3,Both,22,All ages,543,Alzheimer's disease and other dementias,3,Rate,2021,285.62803315955,328.2632133525,245.05773879118001
1,All Population,5,Prevalence,22,Fiji,3,Both,22,All ages,543,Alzheimer's disease and other dementias,3,Rate,2020,291.03335936273,330.36156217761,249.75797429812002
1,All Population,5,Prevalence,34,Azerbaijan,3,Both,22,All ages,543,Alzheimer's disease and other dementias,3,Rate,2022,437.82677193366,499.57002994358004,384.85690046818
1,All Population,5,Prevalence,119,Trinidad and Tobago,3,Both,22,All ages,543,Alzheimer's disease and other dementias,3,Rate,2021,705.91073151091,812.7418749947,603.21704489498
1,All Population,5,Prevalence,49,North Macedonia,3,Both,22,All ages,543,Alzheimer's disease and other dementias,3,Rate,2022,903.40082189889,1044.10962612031,751.75728318317
1,All Population,5,Prevalence,19,Timor-Leste,3,Both,22,All ages,543,Alzheimer's disease and other dementias,3,Rate,2022,230.61664621484,265.36170196657,195.62427900862
1,All Population,5,Prevalence,129,Honduras,3,Both,22,All ages,543,Alzheimer's disease and other dementias,3,Rate,2020,337.18597791306,387.25507205263,289.41741630590997
1,All Population,5,Prevalence,163,India,3,Both,22,All ages,543,Alzheimer's disease and other dementias,3,Rate,2020,279.23344379130003,320.58826993001003,240.25946462366
1,All Population,5,Prevalence,8,Taiwan,3,Both,22,All ages,543,Alzheimer's disease and other dementias,3,Rate,2021,917.20687640921,1050.06443171566,748.82001780521
1,All Population,5,Prevalence,71,Australia,3,Both,22,All ages,543,Alzheimer's disease and other dementias,3,Rate,2020,1530.40437197508,1744.4871807381498,1267.5415032171
1,All Population,5,Prevalence,6,China,3,Both,22,All ages,543,Alzheimer's disease and other dementias,3,Rate,2022,1365.75957410235,1570.51013394582,1167.32269537037
1,All Population,5,Prevalence,187,Somalia,3,Both,22,All ages,543,Alzheimer's disease and other dementias,3,Rate,2021,179.95445943063,203.71810856349998,156.68153491019999
1,All Population,5,Prevalence,75,Austria,3,Both,22,All ages,543,Alzheimer's disease and other dementias,3,Rate,2022,1489.1959971016702,1718.3974031892199,1220.59962549342
1,All Population,5,Prevalence,107,Barbados,3,Both,22,All ages,543,Alzheimer's disease and other dementias,3,Rate,2021,1049.11544336708,1201.27231905482,892.8001675410601
1,All Population,5,Prevalence,184,Mozambique,3,Both,22,All ages,543,Alzheimer's disease and other dementias,3,Rate,2020,182.58862215505002,207.30369422738002,157.98945175792
1,All Population,5,Prevalence,135,Brazil,3,Both,22,All ages,543,Alzheimer's disease and other dementias,3,Rate,2021,953.10466633058,1089.8423553837702,824.2977082811499
1,All Population,5,Prevalence,150,Oman,3,Both,22,All ages,543,Alzheimer's disease and other dementias,3,Rate,2021,171.51342224101998,194.61523651685002,147.48364921599
1,All Population,5,Prevalence,133,Venezuela (Bolivarian Republic of),3,Both,22,All ages,543,Alzheimer's disease and other dementias,3,Rate,2022,718.98552764187,828.17820819157,622.4206751309
1,All Population,5,Prevalence,90,Norway,3,Both,22,All ages,543,Alzheimer's disease and other dementias,3,Rate,2021,1505.52914037369,1742.54245060819,1237.66021232245
1,All Population,5,Prevalence,150,Oman,3,Both,22,All ages,543,Alzheimer's disease and other dementias,3,Rate,2022,174.19527159392,196.34533933119,148.70191166834
1,All Population,5,Prevalence,139,Algeria,3,Both,22,All ages,543,Alzheimer's disease and other dementias,3,Rate,2022,468.9213191852,532.78053615582,404.68551738374
1,All Population,5,Prevalence,121,Bolivia (Plurinational State of),3,Both,22,All ages,543,Alzheimer's disease and other dementias,3,Rate,2021,283.56025473624004,320.8797145616,245.52499399586998
1,All Population,5,Prevalence,155,Türkiye,3,Both,22,All ages,543,Alzheimer's disease and other dementias,3,Rate,2019,673.57329812906,764.14088235169,576.12825292379
1,All Population,5,Prevalence,118,Suriname,3,Both,22,All ages,543,Alzheimer's disease and other dementias,3,Rate,2022,593.1559114105099,677.96751431008,507.87270812667
1,All Population,5,Prevalence,102,United States of America,3,Both,22,All ages,543,Alzheimer's disease and other dementias,3,Rate,2020,1381.86507680587,1577.0659044546799,1148.04930298661
1,All Population,5,Prevalence,81,Germany,3,Both,22,All ages,543,Alzheimer's disease and other dementias,3,Rate,2021,2490.32680603033,2792.04585756734,2187.64811160859
1,All Population,5,Prevalence,98,Chile,3,Both,22,All ages,543,Alzheimer's disease and other dementias,3,Rate,2022,965.9030311047,1100.45325995453,832.2556482603
1,All Population,5,Prevalence,68,Republic of Korea,3,Both,22,All ages,543,Alzheimer's disease and other dementias,3,Rate,2022,1288.89691883606,1458.67326044624,1114.40400103617
1,All Population,5,Prevalence,118,Suriname,3,Both,22,All ages,543,Alzheimer's disease and other dementias,3,Rate,2021,592.37743583968,673.9533572254601,510.00001516866
1,All Population,5,Prevalence,435,South Sudan,3,Both,22,All ages,543,Alzheimer's disease and other dementias,3,Rate,2021,150.44851973645,169.15766285006,131.52575782748
1,All Population,5,Prevalence,182,Malawi,3,Both,22,All ages,543,Alzheimer's disease and other dementias,3,Rate,2021,167.76619101277998,190.73953979803,144.81475513204
1,All Population,5,Prevalence,68,Republic of Korea,3,Both,22,All ages,543,Alzheimer's disease and other dementias,3,Rate,2021,1209.24141831226,1360.78395372299,1043.0278363294199
1,All Population,5,Prevalence,66,Brunei Darussalam,3,Both,22,All ages,543,Alzheimer's disease and other dementias,3,Rate,2022,359.88598673531004,410.02989041654,310.35532290331
1,All Population,5,Prevalence,126,Costa Rica,3,Both,22,All ages,543,Alzheimer's disease and other dementias,3,Rate,2022,696.3023876037,797.3951400744099,599.56835439548
1,All Population,5,Prevalence,193,Botswana,3,Both,22,All ages,543,Alzheimer's disease and other dementias,3,Rate,2020,357.76648257867,409.80775527198,308.08257236395
1,All Population,5,Prevalence,216,Senegal,3,Both,22,All ages,543,Alzheimer's disease and other dementias,3,Rate,2021,165.52529795018,187.65509842419002,142.84509265246
1,All Population,5,Prevalence,179,Ethiopia,3,Both,22,All ages,543,Alzheimer's disease and other dementias,3,Rate,2021,181.56557767387,208.05949280699,155.92989534333
1,All Population,5,Prevalence,168,Angola,3,Both,22,All ages,543,Alzheimer's disease and other dementias,3,Rate,2021,177.16155074292,202.75565271861998,153.70808212106002
1,All Population,5,Prevalence,305,Bermuda,3,Both,22,All ages,543,Alzheimer's disease and other dementias,3,Rate,2021,1420.99117087888,1632.52914173811,1212.23615849439
1,All Population,5,Prevalence,198,Zimbabwe,3,Both,22,All ages,543,Alzheimer's disease and other dementias,3,Rate,2021,256.80539604528,290.63328576831003,221.89022335433
1,All Population,5,Prevalence,393,Saint Kitts and Nevis,3,Both,22,All ages,543,Alzheimer's disease and other dementias,3,Rate,2021,604.21896663501,682.9327569714001,525.20496421544
1,All Population,5,Prevalence,213,Niger,3,Both,22,All ages,543,Alzheimer's disease and other dementias,3,Rate,2021,89.70763542664,100.56611576604001,78.46556346711
1,All Population,5,Prevalence,198,Zimbabwe,3,Both,22,All ages,543,Alzheimer's disease and other dementias,3,Rate,2022,257.94104902263,293.85560673622,224.26305148606002
1,All Population,5,Prevalence,298,American Samoa,3,Both,22,All ages,543,Alzheimer's disease and other dementias,3,Rate,2022,342.26569592078,389.70985636673004,294.52423939752
1,All Population,5,Prevalence,115,Jamaica,3,Both,22,All ages,543,Alzheimer's disease and other dementias,3,Rate,2022,794.1666680488801,910.72192570445,686.49993997767
1,All Population,5,Prevalence,186,Seychelles,3,Both,22,All ages,543,Alzheimer's disease and other dementias,3,Rate,2022,454.01069511965005,512.15831833836,391.64011288549
1,All Population,5,Prevalence,24,Marshall Islands,3,Both,22,All ages,543,Alzheimer's disease and other dementias,3,Rate,2021,158.67795728672002,180.91933435072002,135.75298855027
1,All Population,5,Prevalence,79,Finland,3,Both,22,All ages,543,Alzheimer's disease and other dementias,3,Rate,2022,1687.9695484978301,1944.8462694117,1396.16107080951
1,All Population,5,Prevalence,208,Guinea,3,Both,22,All ages,543,Alzheimer's disease and other dementias,3,Rate,2020,155.0213274467,175.48596908790998,134.38826297238
1,All Population,5,Prevalence,156,United Arab Emirates,3,Both,22,All ages,543,Alzheimer's disease and other dementias,3,Rate,2022,155.7726940213,176.18061882879,133.74730201036002
1,All Population,5,Prevalence,111,Dominican Republic,3,Both,22,All ages,543,Alzheimer's disease and other dementias,3,Rate,2022,472.91428594379,534.57755276495,412.08646410762003
1,All Population,5,Prevalence,155,Türkiye,3,Both,22,All ages,543,Alzheimer's disease and other dementias,3,Rate,2020,689.9660114565601,785.2218560290701,589.730178704
1,All Population,5,Prevalence,195,Namibia,3,Both,22,All ages,543,Alzheimer's disease and other dementias,3,Rate,2021,255.33724820305,289.13815082098,221.30542434011
1,All Population,5,Prevalence,149,Palestine,3,Both,22,All ages,543,Alzheimer's disease and other dementias,3,Rate,2021,243.7942122468,274.75548827268,211.62995337249
1,All Population,5,Prevalence,180,Kenya,3,Both,22,All ages,543,Alzheimer's disease and other dementias,3,Rate,2022,220.11429916677,254.10028340322998,189.01772553919
1,All Population,5,Prevalence,61,Republic of Moldova,3,Both,22,All ages,543,Alzheimer's disease and other dementias,3,Rate,2020,929.51789682905,1069.04707620676,796.0907250605101
1,All Population,5,Prevalence,14,Maldives,3,Both,22,All ages,543,Alzheimer's disease and other dementias,3,Rate,2020,198.17054876414002,223.82558862428,171.91844218724
1,All Population,5,Prevalence,17,Sri Lanka,3,Both,22,All ages,543,Alzheimer's disease and other dementias,3,Rate,2020,372.71430982515,425.54466729505003,316.85165280276
1,All Population,5,Prevalence,155,Türkiye,3,Both,22,All ages,543,Alzheimer's disease and other dementias,3,Rate,2021,698.32860398952,793.9786746121001,600.63797639316
1,All Population,5,Prevalence,376,Northern Mariana Islands,3,Both,22,All ages,543,Alzheimer's disease and other dementias,3,Rate,2021,300.8456751029,338.58952800962,259.25893062304004
1,All Population,5,Prevalence,76,Belgium,3,Both,22,All ages,543,Alzheimer's disease and other dementias,3,Rate,2020,1633.8796771342802,1862.5405687104899,1354.58196785408
1,All Population,5,Prevalence,212,Mauritania,3,Both,22,All ages,543,Alzheimer's disease and other dementias,3,Rate,2021,160.41942632994,182.82702247307,138.71241285933002
1,All Population,5,Prevalence,35,Georgia,3,Both,22,All ages,543,Alzheimer's disease and other dementias,3,Rate,2021,984.84985662189,1139.17838135717,849.5064216661701
1,All Population,5,Prevalence,20,Viet Nam,3,Both,22,All ages,543,Alzheimer's disease and other dementias,3,Rate,2021,420.70012234248,478.60302915768,360.83438244814
1,All Population,5,Prevalence,141,Egypt,3,Both,22,All ages,543,Alzheimer's disease and other dementias,3,Rate,2022,273.78655144752,306.56811999385,236.75352805987
1,All Population,5,Prevalence,53,Serbia,3,Both,22,All ages,543,Alzheimer's disease and other dementias,3,Rate,2021,982.4003405649199,1124.91108826633,833.0889729575999
1,All Population,5,Prevalence,162,Bhutan,3,Both,22,All ages,543,Alzheimer's disease and other dementias,3,Rate,2022,317.17815754551003,361.71736635271003,272.20786446039
1,All Population,5,Prevalence,113,Guyana,3,Both,22,All ages,543,Alzheimer's disease and other dementias,3,Rate,2021,404.77945636268004,461.72434594547997,347.6868099315
1,All Population,5,Prevalence,29,Tonga,3,Both,22,All ages,543,Alzheimer's disease and other dementias,3,Rate,2020,356.71499906095,407.07629148269,301.6306927433
1,All Population,5,Prevalence,197,Eswatini,3,Both,22,All ages,543,Alzheimer's disease and other dementias,3,Rate,2020,280.17867971705,318.96542091656,240.71250661708999
1,All Population,5,Prevalence,170,Congo,3,Both,22,All ages,543,Alzheimer's disease and other dementias,3,Rate,2020,211.87668072151,231.98594109528,192.13378939529
1,All Population,5,Prevalence,50,Montenegro,3,Both,22,All ages,543,Alzheimer's disease and other dementias,3,Rate,2022,927.87701846522,1074.83808261782,771.74633173723
1,All Population,5,Prevalence,33,Armenia,3,Both,22,All ages,543,Alzheimer's disease and other dementias,3,Rate,2022,936.10373524685,1071.07618798706,806.4263753457699
1,All Population,5,Prevalence,18,Thailand,3,Both,22,All ages,543,Alzheimer's disease and other dementias,3,Rate,2022,796.89378201294,917.9871324858899,679.5562132851
1,All Population,5,Prevalence,125,Colombia,3,Both,22,All ages,543,Alzheimer's disease and other dementias,3,Rate,2022,711.39305878346,819.31159172672,611.97692229698
1,All Population,5,Prevalence,7,Democratic People's Republic of Korea,3,Both,22,All ages,543,Alzheimer's disease and other dementias,3,Rate,2022,616.4515584766899,714.7697070550299,511.93123949775
1,All Population,5,Prevalence,39,Tajikistan,3,Both,22,All ages,543,Alzheimer's disease and other dementias,3,Rate,2022,195.67846443444,220.68164077652,170.86089001806
1,All Population,5,Prevalence,142,Iran (Islamic Republic of),3,Both,22,All ages,543,Alzheimer's disease and other dementias,3,Rate,2022,489.18863331125,562.52300471611,416.02814952654995
1,All Population,5,Prevalence,128,Guatemala,3,Both,22,All ages,543,Alzheimer's disease and other dementias,3,Rate,2021,369.63292944148003,422.68850615494,317.63946517940997
1,All Population,5,Prevalence,211,Mali,3,Both,22,All ages,543,Alzheimer's disease and other dementias,3,Rate,2022,120.84672399534,137.76670138164,105.06823230067
1,All Population,5,Prevalence,26,Papua New Guinea,3,Both,22,All ages,543,Alzheimer's disease and other dementias,3,Rate,2021,153.2202694286,173.54824421111,131.85039936631
1,All Population,5,Prevalence,393,Saint Kitts and Nevis,3,Both,22,All ages,543,Alzheimer's disease and other dementias,3,Rate,2022,588.0790701910499,666.06812129354,509.80722026499
1,All Population,5,Prevalence,209,Guinea-Bissau,3,Both,22,All ages,543,Alzheimer's disease and other dementias,3,Rate,2020,108.56813057833999,122.74191062277,94.22144310321
1,All Population,5,Prevalence,67,Japan,3,Both,22,All ages,543,Alzheimer's disease and other dementias,3,Rate,2022,2613.38806659564,3075.6448174739803,2208.7855776076
1,All Population,5,Prevalence,144,Jordan,3,Both,22,All ages,543,Alzheimer's disease and other dementias,3,Rate,2022,316.90669660958997,360.40048443546004,274.96246712295
1,All Population,5,Prevalence,86,Italy,3,Both,22,All ages,543,Alzheimer's disease and other dementias,3,Rate,2022,2389.08987351923,2778.00207615111,1964.82587416263
1,All Population,5,Prevalence,178,Eritrea,3,Both,22,All ages,543,Alzheimer's disease and other dementias,3,Rate,2020,214.25254618256997,244.52653534541,184.97407436473
1,All Population,5,Prevalence,177,Djibouti,3,Both,22,All ages,543,Alzheimer's disease and other dementias,3,Rate,2019,178.04354506015,200.81965929847,155.52749427167
1,All Population,5,Prevalence,189,United Republic of Tanzania,3,Both,22,All ages,543,Alzheimer's disease and other dementias,3,Rate,2022,205.67513638979,231.56244481662,183.26050686725
1,All Population,5,Prevalence,173,Gabon,3,Both,22,All ages,543,Alzheimer's disease and other dementias,3,Rate,2021,367.37568437772,419.01698131380004,319.13861337007
1,All Population,5,Prevalence,49,North Macedonia,3,Both,22,All ages,543,Alzheimer's disease and other dementias,3,Rate,2021,880.08614277849,1014.0432493228799,734.93680926387
1,All Population,5,Prevalence,143,Iraq,3,Both,22,All ages,543,Alzheimer's disease and other dementias,3,Rate,2021,248.80974696146998,284.33570929481,215.30701078682
1,All Population,5,Prevalence,80,France,3,Both,22,All ages,543,Alzheimer's disease and other dementias,3,Rate,2022,1306.50219712268,1454.46710525308,1140.4821007744301
1,All Population,5,Prevalence,97,Argentina,3,Both,22,All ages,543,Alzheimer's disease and other dementias,3,Rate,2022,876.2182065761201,998.60056365323,752.64366700836
1,All Population,5,Prevalence,110,Dominica,3,Both,22,All ages,543,Alzheimer's disease and other dementias,3,Rate,2022,886.54563478317,1020.32390954117,758.68064366056
1,All Population,5,Prevalence,116,Saint Lucia,3,Both,22,All ages,543,Alzheimer's disease and other dementias,3,Rate,2020,745.97018733953,851.1910380833799,634.19115156753
1,All Population,5,Prevalence,369,Nauru,3,Both,22,All ages,543,Alzheimer's disease and other dementias,3,Rate,2020,100.66020807912,114.94860661051,86.90720573877
1,All Population,5,Prevalence,210,Liberia,3,Both,22,All ages,543,Alzheimer's disease and other dementias,3,Rate,2022,121.58047468075,137.30790030354,104.41080690241
1,All Population,5,Prevalence,160,Afghanistan,3,Both,22,All ages,543,Alzheimer's disease and other dementias,3,Rate,2021,139.09159511144,159.02619634606,119.35309915916
1,All Population,5,Prevalence,173,Gabon,3,Both,22,All ages,543,Alzheimer's disease and other dementias,3,Rate,2022,368.37221155288,420.80838677348004,319.94037192198
1,All Population,5,Prevalence,40,Turkmenistan,3,Both,22,All ages,543,Alzheimer's disease and other dementias,3,Rate,2020,291.33489593209003,329.38351238568,252.70551120314
1,All Population,5,Prevalence,191,Zambia,3,Both,22,All ages,543,Alzheimer's disease and other dementias,3,Rate,2021,114.54977044997,130.19121370183,99.12775850009
1,All Population,5,Prevalence,206,Gambia,3,Both,22,All ages,543,Alzheimer's disease and other dementias,3,Rate,2021,159.89401552233,181.75342388348,138.79817683211002
1,All Population,5,Prevalence,216,Senegal,3,Both,22,All ages,543,Alzheimer's disease and other dementias,3,Rate,2020,166.51757676483,189.0847267534,143.3803268277
1,All Population,5,Prevalence,13,Malaysia,3,Both,22,All ages,543,Alzheimer's disease and other dementias,3,Rate,2022,376.68982653112,430.80843572915006,320.04214134436
1,All Population,5,Prevalence,380,Palau,3,Both,22,All ages,543,Alzheimer's disease and other dementias,3,Rate,2022,414.39634258814,472.75828991915,350.83279726816
1,All Population,5,Prevalence,204,Chad,3,Both,22,All ages,543,Alzheimer's disease and other dementias,3,Rate,2022,92.88914878529,105.43688153294,79.69472600621
1,All Population,5,Prevalence,71,Australia,3,Both,22,All ages,543,Alzheimer's disease and other dementias,3,Rate,2021,1572.35030026041,1780.6074899104199,1304.55746650388
1,All Population,5,Prevalence,82,Greece,3,Both,22,All ages,543,Alzheimer's disease and other dementias,3,Rate,2021,2331.84667109342,2693.94916645485,1952.60142571132
1,All Population,5,Prevalence,58,Estonia,3,Both,22,All ages,543,Alzheimer's disease and other dementias,3,Rate,2023,1371.70514772772,1583.89660280951,1152.23679279726
1,All Population,5,Prevalence,129,Honduras,3,Both,22,All ages,543,Alzheimer's disease and other dementias,3,Rate,2021,339.43560743032003,388.8950422396,292.30011975306996
1,All Population,5,Prevalence,28,Solomon Islands,3,Both,22,All ages,543,Alzheimer's disease and other dementias,3,Rate,2022,176.90432792359,203.06889446734,150.29151599208998
1,All Population,5,Prevalence,147,Libya,3,Both,22,All ages,543,Alzheimer's disease and other dementias,3,Rate,2021,368.99885767028,418.18825784114995,319.96698695975
1,All Population,5,Prevalence,47,Czechia,3,Both,22,All ages,543,Alzheimer's disease and other dementias,3,Rate,2022,1205.85287435786,1386.2440529912,1025.71010592574
1,All Population,5,Prevalence,422,United States Virgin Islands,3,Both,22,All ages,543,Alzheimer's disease and other dementias,3,Rate,2022,1449.26304157209,1672.22778039837,1230.26439666909
1,All Population,5,Prevalence,75,Austria,3,Both,22,All ages,543,Alzheimer's disease and other dementias,3,Rate,2023,1501.9836269932,1733.92755489052,1238.0372993819901
1,All Population,5,Prevalence,144,Jordan,3,Both,22,All ages,543,Alzheimer's disease and other dementias,3,Rate,2021,308.36724556179,352.80540571154,268.23477094849
1,All Population,5,Prevalence,125,Colombia,3,Both,22,All ages,543,Alzheimer's disease and other dementias,3,Rate,2021,689.33628283784,790.7850465915601,594.33920805032
1,All Population,5,Prevalence,109,Cuba,3,Both,22,All ages,543,Alzheimer's disease and other dementias,3,Rate,2023,1013.6175337881101,1151.07425461904,879.62348599604
1,All Population,5,Prevalence,161,Bangladesh,3,Both,22,All ages,543,Alzheimer's disease and other dementias,3,Rate,2021,224.26450805274,256.57585446288,194.10061276624
1,All Population,5,Prevalence,105,Antigua and Barbuda,3,Both,22,All ages,543,Alzheimer's disease and other dementias,3,Rate,2023,699.68392976954,798.62200272848,602.24802602793
1,All Population,5,Prevalence,351,Guam,3,Both,22,All ages,543,Alzheimer's disease and other dementias,3,Rate,2021,590.1809370252499,671.2508803071,505.39032903220004
1,All Population,5,Prevalence,183,Mauritius,3,Both,22,All ages,543,Alzheimer's disease and other dementias,3,Rate,2020,535.47333768023,607.43683129234,462.50296525171
1,All Population,5,Prevalence,62,Russian Federation,3,Both,22,All ages,543,Alzheimer's disease and other dementias,3,Rate,2023,965.91359537709,1116.7764211476401,809.42203439652
1,All Population,5,Prevalence,97,Argentina,3,Both,22,All ages,543,Alzheimer's disease and other dementias,3,Rate,2021,839.47933947131,955.6736641729799,724.0890838268799
1,All Population,5,Prevalence,157,Yemen,3,Both,22,All ages,543,Alzheimer's disease and other dementias,3,Rate,2022,193.07447744687,218.51682692311,165.9828438543
1,All Population,5,Prevalence,172,Equatorial Guinea,3,Both,22,All ages,543,Alzheimer's disease and other dementias,3,Rate,2021,164.59389577118,186.75392012733,144.16232172745998
1,All Population,5,Prevalence,57,Belarus,3,Both,22,All ages,543,Alzheimer's disease and other dementias,3,Rate,2022,988.8077497729099,1139.8853917749,840.2775912586
1,All Population,5,Prevalence,59,Latvia,3,Both,22,All ages,543,Alzheimer's disease and other dementias,3,Rate,2021,1414.42963581603,1635.2439415668998,1195.0318326952402
1,All Population,5,Prevalence,172,Equatorial Guinea,3,Both,22,All ages,543,Alzheimer's disease and other dementias,3,Rate,2022,164.6001229488,187.18803811938,143.74365513343
1,All Population,5,Prevalence,422,United States Virgin Islands,3,Both,22,All ages,543,Alzheimer's disease and other dementias,3,Rate,2021,1378.86007167464,1593.5138396100099,1174.42048149804
1,All Population,5,Prevalence,123,Peru,3,Both,22,All ages,543,Alzheimer's disease and other dementias,3,Rate,2020,430.88576453531,487.82189876533005,373.32964896976
1,All Population,5,Prevalence,52,Romania,3,Both,22,All ages,543,Alzheimer's disease and other dementias,3,Rate,2021,1134.88372277347,1300.67557361973,964.9154005211401
1,All Population,5,Prevalence,60,Lithuania,3,Both,22,All ages,543,Alzheimer's disease and other dementias,3,Rate,2022,1352.79319852562,1570.8420083615501,1125.77123574895
1,All Population,5,Prevalence,88,Malta,3,Both,22,All ages,543,Alzheimer's disease and other dementias,3,Rate,2023,1279.38186395028,1472.17702566059,1072.47406410347
1,All Population,5,Prevalence,43,Albania,3,Both,22,All ages,543,Alzheimer's disease and other dementias,3,Rate,2022,1089.08057671687,1256.71602807926,915.9785295647
1,All Population,5,Prevalence,107,Barbados,3,Both,22,All ages,543,Alzheimer's disease and other dementias,3,Rate,2022,1060.74872139324,1224.05794319071,909.72016929363
1,All Population,5,Prevalence,11,Indonesia,3,Both,22,All ages,543,Alzheimer's disease and other dementias,3,Rate,2023,299.7020464671,342.69019300176,255.64599761508
1,All Population,5,Prevalence,41,Uzbekistan,3,Both,22,All ages,543,Alzheimer's disease and other dementias,3,Rate,2023,302.98896490991,341.82116416731003,265.95414105896003
1,All Population,5,Prevalence,15,Myanmar,3,Both,22,All ages,543,Alzheimer's disease and other dementias,3,Rate,2023,306.36966889715,345.03182177958,261.98391081998
1,All Population,5,Prevalence,205,Côte d'Ivoire,3,Both,22,All ages,543,Alzheimer's disease and other dementias,3,Rate,2021,106.55806025462999,120.00800315483,91.97828234919
1,All Population,5,Prevalence,147,Libya,3,Both,22,All ages,543,Alzheimer's disease and other dementias,3,Rate,2020,364.54925638283004,413.53497448641997,314.94031405128
1,All Population,5,Prevalence,81,Germany,3,Both,22,All ages,543,Alzheimer's disease and other dementias,3,Rate,2022,2518.56801981122,2834.40023776464,2217.14280794346
1,All Population,5,Prevalence,320,Cook Islands,3,Both,22,All ages,543,Alzheimer's disease and other dementias,3,Rate,2022,617.08506390891,702.7009976488999,525.37185401302
1,All Population,5,Prevalence,44,Bosnia and Herzegovina,3,Both,22,All ages,543,Alzheimer's disease and other dementias,3,Rate,2022,1061.24752439762,1211.26471693522,897.39612790139
1,All Population,5,Prevalence,102,United States of America,3,Both,22,All ages,543,Alzheimer's disease and other dementias,3,Rate,2022,1423.4470366194798,1633.69336626283,1182.4397592862
1,All Population,5,Prevalence,25,Micronesia (Federated States of),3,Both,22,All ages,543,Alzheimer's disease and other dementias,3,Rate,2021,241.73681090609998,272.64674100394,207.24504916624
1,All Population,5,Prevalence,72,New Zealand,3,Both,22,All ages,543,Alzheimer's disease and other dementias,3,Rate,2021,1498.56430095302,1740.3917169765502,1259.25375596123
1,All Population,5,Prevalence,72,New Zealand,3,Both,22,All ages,543,Alzheimer's disease and other dementias,3,Rate,2022,1542.15986486852,1789.47574845803,1305.51487359071
1,All Population,5,Prevalence,36,Kazakhstan,3,Both,22,All ages,543,Alzheimer's disease and other dementias,3,Rate,2022,444.05418472965005,507.69309882028006,380.67772123454
1,All Population,5,Prevalence,55,Slovenia,3,Both,22,All ages,543,Alzheimer's disease and other dementias,3,Rate,2020,1324.82821297298,1532.08086715292,1115.55074429703
1,All Population,5,Prevalence,178,Eritrea,3,Both,22,All ages,543,Alzheimer's disease and other dementias,3,Rate,2021,216.30700549638001,246.28193281011,186.68816776587
1,All Population,5,Prevalence,112,Grenada,3,Both,22,All ages,543,Alzheimer's disease and other dementias,3,Rate,2021,821.2715404186299,938.37539274868,701.46065931242
1,All Population,5,Prevalence,29,Tonga,3,Both,22,All ages,543,Alzheimer's disease and other dementias,3,Rate,2021,361.17489488018,411.46615656435,308.4730007389
1,All Population,5,Prevalence,46,Croatia,3,Both,22,All ages,543,Alzheimer's disease and other dementias,3,Rate,2021,1365.87556595292,1577.65949765872,1151.81145861687
1,All Population,5,Prevalence,25,Micronesia (Federated States of),3,Both,22,All ages,543,Alzheimer's disease and other dementias,3,Rate,2022,247.34221504222998,279.21076500134,211.61410591566
1,All Population,5,Prevalence,26,Papua New Guinea,3,Both,22,All ages,543,Alzheimer's disease and other dementias,3,Rate,2023,157.62792301244002,178.42853951801,136.1017301705
1,All Population,5,Prevalence,94,Switzerland,3,Both,22,All ages,543,Alzheimer's disease and other dementias,3,Rate,2022,1537.17154218732,1772.9655452110599,1273.75489338893
1,All Population,5,Prevalence,87,Luxembourg,3,Both,22,All ages,543,Alzheimer's disease and other dementias,3,Rate,2022,808.9007970186,937.93049400366,692.93234847096
1,All Population,5,Prevalence,106,Bahamas,3,Both,22,All ages,543,Alzheimer's disease and other dementias,3,Rate,2021,489.40464509916995,555.7538991459099,426.36679272327996
1,All Population,5,Prevalence,12,Lao People's Democratic Republic,3,Both,22,All ages,543,Alzheimer's disease and other dementias,3,Rate,2021,222.81011901149998,250.99723067646,191.55217105584998
1,All Population,5,Prevalence,91,Portugal,3,Both,22,All ages,543,Alzheimer's disease and other dementias,3,Rate,2022,1583.6592990578401,1839.1893469387799,1311.1234733584101
1,All Population,5,Prevalence,10,Cambodia,3,Both,22,All ages,543,Alzheimer's disease and other dementias,3,Rate,2022,284.93249299466,322.69950120610997,243.66510577193
1,All Population,5,Prevalence,38,Mongolia,3,Both,22,All ages,543,Alzheimer's disease and other dementias,3,Rate,2021,272.65902069019,306.97732309885,239.72676469425
1,All Population,5,Prevalence,83,Iceland,3,Both,22,All ages,543,Alzheimer's disease and other dementias,3,Rate,2021,1134.30430557546,1290.99595661584,964.55276140764
1,All Population,5,Prevalence,51,Poland,3,Both,22,All ages,543,Alzheimer's disease and other dementias,3,Rate,2022,1140.31791620308,1318.30836280626,947.40826122957
1,All Population,5,Prevalence,24,Marshall Islands,3,Both,22,All ages,543,Alzheimer's disease and other dementias,3,Rate,2020,151.96888841684,173.3824690577,130.62209985297
1,All Population,5,Prevalence,218,Togo,3,Both,22,All ages,543,Alzheimer's disease and other dementias,3,Rate,2022,143.23152064524,161.50734254831,124.6999466506
1,All Population,5,Prevalence,140,Bahrain,3,Both,22,All ages,543,Alzheimer's disease and other dementias,3,Rate,2022,239.70543307982,274.37549626341,208.46970830765
1,All Population,5,Prevalence,89,Netherlands,3,Both,22,All ages,543,Alzheimer's disease and other dementias,3,Rate,2021,1516.5141574206,1714.66307390717,1282.33640516075
1,All Population,5,Prevalence,367,Monaco,3,Both,22,All ages,543,Alzheimer's disease and other dementias,3,Rate,2022,1852.4484534729602,2148.07583800457,1506.8173120009
1,All Population,5,Prevalence,367,Monaco,3,Both,22,All ages,543,Alzheimer's disease and other dementias,3,Rate,2021,1903.5896779551601,2202.35442427218,1548.34088628949
1,All Population,5,Prevalence,205,Côte d'Ivoire,3,Both,22,All ages,543,Alzheimer's disease and other dementias,3,Rate,2022,106.33311290472001,120.1714809347,91.50698453665
1,All Population,5,Prevalence,131,Nicaragua,3,Both,22,All ages,543,Alzheimer's disease and other dementias,3,Rate,2020,384.40698163587,439.49023290069,329.51360170226
1,All Population,5,Prevalence,190,Uganda,3,Both,22,All ages,543,Alzheimer's disease and other dementias,3,Rate,2021,151.75891285371,171.65693605855,131.80106718335
1,All Population,5,Prevalence,45,Bulgaria,3,Both,22,All ages,543,Alzheimer's disease and other dementias,3,Rate,2021,1341.18211341094,1557.4776590725698,1128.48883949378
1,All Population,5,Prevalence,122,Ecuador,3,Both,22,All ages,543,Alzheimer's disease and other dementias,3,Rate,2022,418.77251270463006,479.84561330949003,360.97743957341
1,All Population,5,Prevalence,217,Sierra Leone,3,Both,22,All ages,543,Alzheimer's disease and other dementias,3,Rate,2020,139.29135111391,156.94495022355,120.62912915609999
1,All Population,5,Prevalence,90,Norway,3,Both,22,All ages,543,Alzheimer's disease and other dementias,3,Rate,2022,1537.94995470163,1783.21681531919,1264.3097350917299
1,All Population,5,Prevalence,169,Central African Republic,3,Both,22,All ages,543,Alzheimer's disease and other dementias,3,Rate,2022,193.71945589415,218.66851430649,169.98122216747
1,All Population,5,Prevalence,152,Saudi Arabia,3,Both,22,All ages,543,Alzheimer's disease and other dementias,3,Rate,2022,160.4815060183,181.96402947491,137.77908274559002
1,All Population,5,Prevalence,92,Spain,3,Both,22,All ages,543,Alzheimer's disease and other dementias,3,Rate,2021,1329.17156821863,1527.65175843691,1143.09920315751
1,All Population,5,Prevalence,8,Taiwan,3,Both,22,All ages,543,Alzheimer's disease and other dementias,3,Rate,2022,947.9935871207599,1088.4332611290201,778.35878013455
1,All Population,5,Prevalence,149,Palestine,3,Both,22,All ages,543,Alzheimer's disease and other dementias,3,Rate,2022,245.34621821357,278.17992311377,212.94614928291998
1,All Population,5,Prevalence,385,Puerto Rico,3,Both,22,All ages,543,Alzheimer's disease and other dementias,3,Rate,2020,1567.50823977223,1814.86764275063,1338.8129772592501
1,All Population,5,Prevalence,76,Belgium,3,Both,22,All ages,543,Alzheimer's disease and other dementias,3,Rate,2021,1620.93953090131,1846.96757518291,1349.92036508589
1,All Population,5,Prevalence,136,Paraguay,3,Both,22,All ages,543,Alzheimer's disease and other dementias,3,Rate,2022,572.32464798527,652.2321679555499,495.8292123415
1,All Population,5,Prevalence,19,Timor-Leste,3,Both,22,All ages,543,Alzheimer's disease and other dementias,3,Rate,2023,230.51660580587003,263.77141277060997,197.16785709285
1,All Population,5,Prevalence,413,Tokelau,3,Both,22,All ages,543,Alzheimer's disease and other dementias,3,Rate,2021,585.25685969123,671.78377413635,492.67008574561
1,All Population,5,Prevalence,187,Somalia,3,Both,22,All ages,543,Alzheimer's disease and other dementias,3,Rate,2022,179.51806646282,202.90832073276002,154.23822047452
1,All Population,5,Prevalence,179,Ethiopia,3,Both,22,All ages,543,Alzheimer's disease and other dementias,3,Rate,2022,182.21642407495,209.63281445752997,156.56279086167
1,All Population,5,Prevalence,349,Greenland,3,Both,22,All ages,543,Alzheimer's disease and other dementias,3,Rate,2022,633.2881417868,728.1978894759,532.86803063741
1,All Population,5,Prevalence,435,South Sudan,3,Both,22,All ages,543,Alzheimer's disease and other dementias,3,Rate,2022,151.80254541788,170.67788290434,132.47683254089
1,All Population,5,Prevalence,37,Kyrgyzstan,3,Both,22,All ages,543,Alzheimer's disease and other dementias,3,Rate,2021,270.25619836511,304.34878207115,236.23632036845
1,All Population,5,Prevalence,194,Lesotho,3,Both,22,All ages,543,Alzheimer's disease and other dementias,3,Rate,2022,318.24636047592,364.72774018383,273.54406707042
1,All Population,5,Prevalence,77,Cyprus,3,Both,22,All ages,543,Alzheimer's disease and other dementias,3,Rate,2022,934.83077410061,1076.3410741052398,779.83157372687
1,All Population,5,Prevalence,135,Brazil,3,Both,22,All ages,543,Alzheimer's disease and other dementias,3,Rate,2022,1001.55588075989,1141.76039288321,865.10333963174
1,All Population,5,Prevalence,152,Saudi Arabia,3,Both,22,All ages,543,Alzheimer's disease and other dementias,3,Rate,2021,157.58771607749,178.22370172912,135.61736453621
1,All Population,5,Prevalence,139,Algeria,3,Both,22,All ages,543,Alzheimer's disease and other dementias,3,Rate,2021,460.84308081566,527.05951078929,398.35451745511995
1,All Population,5,Prevalence,148,Morocco,3,Both,22,All ages,543,Alzheimer's disease and other dementias,3,Rate,2022,531.2693287364,610.77367669121,454.91403038117994
1,All Population,5,Prevalence,128,Guatemala,3,Both,22,All ages,543,Alzheimer's disease and other dementias,3,Rate,2022,373.65798134479,428.6088298857,320.58602058464
1,All Population,5,Prevalence,6,China,3,Both,22,All ages,543,Alzheimer's disease and other dementias,3,Rate,2023,1418.88740048202,1629.32376232207,1212.14950816352
1,All Population,5,Prevalence,164,Nepal,3,Both,22,All ages,543,Alzheimer's disease and other dementias,3,Rate,2022,284.75672893085,323.45793955951,246.61956331621
1,All Population,5,Prevalence,113,Guyana,3,Both,22,All ages,543,Alzheimer's disease and other dementias,3,Rate,2022,411.15103719589,470.30811090067,352.72137297422
1,All Population,5,Prevalence,119,Trinidad and Tobago,3,Both,22,All ages,543,Alzheimer's disease and other dementias,3,Rate,2022,720.5163642855999,831.6368724137799,610.36752920219
1,All Population,5,Prevalence,38,Mongolia,3,Both,22,All ages,543,Alzheimer's disease and other dementias,3,Rate,2023,285.91841413263,324.56421041030995,250.22686031043003
1,All Population,5,Prevalence,171,Democratic Republic of the Congo,3,Both,22,All ages,543,Alzheimer's disease and other dementias,3,Rate,2022,207.84732514346,236.07986349967,183.29054282257
1,All Population,5,Prevalence,66,Brunei Darussalam,3,Both,22,All ages,543,Alzheimer's disease and other dementias,3,Rate,2023,379.50208002801,431.40988964879,329.56782172351
1,All Population,5,Prevalence,74,Andorra,3,Both,22,All ages,543,Alzheimer's disease and other dementias,3,Rate,2022,1348.33228278629,1545.9622268847,1138.68042345543
1,All Population,5,Prevalence,123,Peru,3,Both,22,All ages,543,Alzheimer's disease and other dementias,3,Rate,2021,459.13190806915003,518.43845777983,400.59819743711995
1,All Population,5,Prevalence,200,Benin,3,Both,22,All ages,543,Alzheimer's disease and other dementias,3,Rate,2022,132.40026628412,148.90351057426,116.09222625772
1,All Population,5,Prevalence,196,South Africa,3,Both,22,All ages,543,Alzheimer's disease and other dementias,3,Rate,2022,365.14018222948,421.55943304127004,314.55385985026004
1,All Population,5,Prevalence,196,South Africa,3,Both,22,All ages,543,Alzheimer's disease and other dementias,3,Rate,2023,373.62394015026,430.99548559489995,320.83269797839
1,All Population,5,Prevalence,215,Sao Tome and Principe,3,Both,22,All ages,543,Alzheimer's disease and other dementias,3,Rate,2023,178.95726161727,201.81641216302,154.70567644849
1,All Population,5,Prevalence,140,Bahrain,3,Both,22,All ages,543,Alzheimer's disease and other dementias,3,Rate,2021,227.07812651503002,256.97127183026004,198.48412019862002
1,All Population,5,Prevalence,89,Netherlands,3,Both,22,All ages,543,Alzheimer's disease and other dementias,3,Rate,2022,1579.95442949831,1800.9370750703702,1324.6817769582601
1,All Population,5,Prevalence,93,Sweden,3,Both,22,All ages,543,Alzheimer's disease and other dementias,3,Rate,2022,1410.55795710399,1611.2849699119602,1179.94488158748
1,All Population,5,Prevalence,106,Bahamas,3,Both,22,All ages,543,Alzheimer's disease and other dementias,3,Rate,2022,496.14394908718,566.61281030651,432.33454177068995
1,All Population,5,Prevalence,197,Eswatini,3,Both,22,All ages,543,Alzheimer's disease and other dementias,3,Rate,2021,280.37443918013,318.17687505609,242.93915631036998
1,All Population,5,Prevalence,181,Madagascar,3,Both,22,All ages,543,Alzheimer's disease and other dementias,3,Rate,2021,136.96149042802,154.93643678376,119.67125106955999
1,All Population,5,Prevalence,197,Eswatini,3,Both,22,All ages,543,Alzheimer's disease and other dementias,3,Rate,2022,282.06515481712,320.83172255895,244.45347337105
1,All Population,5,Prevalence,522,Sudan,3,Both,22,All ages,543,Alzheimer's disease and other dementias,3,Rate,2022,290.2770589458,330.59004076463,246.88622295908
1,All Population,5,Prevalence,35,Georgia,3,Both,22,All ages,543,Alzheimer's disease and other dementias,3,Rate,2022,977.35560921669,1137.9844431307602,844.70108377795
1,All Population,5,Prevalence,127,El Salvador,3,Both,22,All ages,543,Alzheimer's disease and other dementias,3,Rate,2022,620.4209312640401,713.26581344736,529.6443322346
1,All Population,5,Prevalence,20,Viet Nam,3,Both,22,All ages,543,Alzheimer's disease and other dementias,3,Rate,2022,428.71440640374,486.39034594442,367.8260905582
1,All Population,5,Prevalence,7,Democratic People's Republic of Korea,3,Both,22,All ages,543,Alzheimer's disease and other dementias,3,Rate,2023,627.88084679687,723.13826035459,511.14666118844997
1,All Population,5,Prevalence,18,Thailand,3,Both,22,All ages,543,Alzheimer's disease and other dementias,3,Rate,2023,829.2182311352101,944.13418953187,699.1421573818001
1,All Population,5,Prevalence,34,Azerbaijan,3,Both,22,All ages,543,Alzheimer's disease and other dementias,3,Rate,2023,453.7049275358,512.31294325034,393.52585278454995
1,All Population,5,Prevalence,160,Afghanistan,3,Both,22,All ages,543,Alzheimer's disease and other dementias,3,Rate,2022,137.07880700785,156.05777305058,117.29907288298
1,All Population,5,Prevalence,98,Chile,3,Both,22,All ages,543,Alzheimer's disease and other dementias,3,Rate,2023,949.1940926763001,1092.02984156155,816.2062156396701
1,All Population,5,Prevalence,117,Saint Vincent and the Grenadines,3,Both,22,All ages,543,Alzheimer's disease and other dementias,3,Rate,2022,828.97712536281,953.48182243315,711.51357340683
1,All Population,5,Prevalence,143,Iraq,3,Both,22,All ages,543,Alzheimer's disease and other dementias,3,Rate,2022,253.39153688249002,287.3029619329,218.19703480717
1,All Population,5,Prevalence,130,Mexico,3,Both,22,All ages,543,Alzheimer's disease and other dementias,3,Rate,2021,510.70581054266995,587.87596207864,435.05866591504
1,All Population,5,Prevalence,115,Jamaica,3,Both,22,All ages,543,Alzheimer's disease and other dementias,3,Rate,2021,780.54861600198,894.56365670945,676.11281598988
1,All Population,5,Prevalence,55,Slovenia,3,Both,22,All ages,543,Alzheimer's disease and other dementias,3,Rate,2021,1314.7087173539899,1514.31917437437,1102.14890266752
1,All Population,5,Prevalence,79,Finland,3,Both,22,All ages,543,Alzheimer's disease and other dementias,3,Rate,2023,1752.01597683829,2006.29007387754,1450.82219907032
1,All Population,5,Prevalence,83,Iceland,3,Both,22,All ages,543,Alzheimer's disease and other dementias,3,Rate,2022,1131.9983500810401,1301.6008206295598,945.32068196925
1,All Population,5,Prevalence,214,Nigeria,3,Both,22,All ages,543,Alzheimer's disease and other dementias,3,Rate,2021,109.72834626109,125.17950942268,94.63527040155
1,All Population,5,Prevalence,211,Mali,3,Both,22,All ages,543,Alzheimer's disease and other dementias,3,Rate,2023,121.39774461411999,137.5096917801,105.43999372593001
1,All Population,5,Prevalence,122,Ecuador,3,Both,22,All ages,543,Alzheimer's disease and other dementias,3,Rate,2023,438.85172656172,502.12145991309,377.25071531887
1,All Population,5,Prevalence,298,American Samoa,3,Both,22,All ages,543,Alzheimer's disease and other dementias,3,Rate,2023,356.07171182026,401.87692993146004,306.05779627791003
1,All Population,5,Prevalence,169,Central African Republic,3,Both,22,All ages,543,Alzheimer's disease and other dementias,3,Rate,2023,194.55285486519,220.49702316705,170.89228511335
1,All Population,5,Prevalence,133,Venezuela (Bolivarian Republic of),3,Both,22,All ages,543,Alzheimer's disease and other dementias,3,Rate,2023,765.70843714978,883.38029025084,664.9716680094
1,All Population,5,Prevalence,180,Kenya,3,Both,22,All ages,543,Alzheimer's disease and other dementias,3,Rate,2023,226.44813084672998,261.43775607665,193.79143738867
1,All Population,5,Prevalence,182,Malawi,3,Both,22,All ages,543,Alzheimer's disease and other dementias,3,Rate,2022,165.99410616214,189.46793096808,143.86787272209
1,All Population,5,Prevalence,148,Morocco,3,Both,22,All ages,543,Alzheimer's disease and other dementias,3,Rate,2023,546.53615524229,624.63110633944,469.81264698493
1,All Population,5,Prevalence,200,Benin,3,Both,22,All ages,543,Alzheimer's disease and other dementias,3,Rate,2021,131.77222007502,148.11695953505,115.23285224825999
1,All Population,5,Prevalence,111,Dominican Republic,3,Both,22,All ages,543,Alzheimer's disease and other dementias,3,Rate,2023,478.20585470700996,543.74202278317,416.96379766915
1,All Population,5,Prevalence,380,Palau,3,Both,22,All ages,543,Alzheimer's disease and other dementias,3,Rate,2023,427.02883453004995,491.90967574200005,365.39706551642
1,All Population,5,Prevalence,184,Mozambique,3,Both,22,All ages,543,Alzheimer's disease and other dementias,3,Rate,2021,181.3798435697,205.98441399174,156.71001299159
1,All Population,5,Prevalence,215,Sao Tome and Principe,3,Both,22,All ages,543,Alzheimer's disease and other dementias,3,Rate,2021,175.10216172172,198.43510131672,149.50065016442
1,All Population,5,Prevalence,49,North Macedonia,3,Both,22,All ages,543,Alzheimer's disease and other dementias,3,Rate,2023,928.16991994027,1073.27841064869,781.2917171992
1,All Population,5,Prevalence,165,Pakistan,3,Both,22,All ages,543,Alzheimer's disease and other dementias,3,Rate,2023,191.76839469306,221.06611533684998,162.66022546955998
1,All Population,5,Prevalence,85,Israel,3,Both,22,All ages,543,Alzheimer's disease and other dementias,3,Rate,2023,499.0012515606,572.17494384811,412.42758877855
1,All Population,5,Prevalence,185,Rwanda,3,Both,22,All ages,543,Alzheimer's disease and other dementias,3,Rate,2022,206.02798280083,233.09797258093002,177.87216252939
1,All Population,5,Prevalence,170,Congo,3,Both,22,All ages,543,Alzheimer's disease and other dementias,3,Rate,2021,211.43474032295,232.4312916222,192.0565299051
1,All Population,5,Prevalence,164,Nepal,3,Both,22,All ages,543,Alzheimer's disease and other dementias,3,Rate,2021,277.84260259847997,318.47650945746,241.62284239684
1,All Population,5,Prevalence,33,Armenia,3,Both,22,All ages,543,Alzheimer's disease and other dementias,3,Rate,2023,989.18393181877,1125.40472456971,853.9320398367399
1,All Population,5,Prevalence,385,Puerto Rico,3,Both,22,All ages,543,Alzheimer's disease and other dementias,3,Rate,2021,1632.64890364659,1880.0092429309498,1399.15044406733
1,All Population,5,Prevalence,52,Romania,3,Both,22,All ages,543,Alzheimer's disease and other dementias,3,Rate,2022,1147.20985706922,1315.5866094313399,971.27666087122
1,All Population,5,Prevalence,212,Mauritania,3,Both,22,All ages,543,Alzheimer's disease and other dementias,3,Rate,2022,159.54141526414,182.21204691062002,137.34912529245
1,All Population,5,Prevalence,131,Nicaragua,3,Both,22,All ages,543,Alzheimer's disease and other dementias,3,Rate,2021,385.03447638668,438.44335751924996,330.62957990453
1,All Population,5,Prevalence,20,Viet Nam,3,Both,22,All ages,543,Alzheimer's disease and other dementias,3,Rate,2023,438.12933534515,498.81209052216,374.55621467416
1,All Population,5,Prevalence,162,Bhutan,3,Both,22,All ages,543,Alzheimer's disease and other dementias,3,Rate,2021,306.56127082366004,348.57185575584003,263.77153388437
1,All Population,5,Prevalence,151,Qatar,3,Both,22,All ages,543,Alzheimer's disease and other dementias,3,Rate,2021,103.33782575257,117.13721622701001,90.01781739656
1,All Population,5,Prevalence,208,Guinea,3,Both,22,All ages,543,Alzheimer's disease and other dementias,3,Rate,2021,152.03232962063998,171.32558621242,131.48807760412
1,All Population,5,Prevalence,191,Zambia,3,Both,22,All ages,543,Alzheimer's disease and other dementias,3,Rate,2022,114.11212953116,130.64998337541002,98.01653386706
1,All Population,5,Prevalence,213,Niger,3,Both,22,All ages,543,Alzheimer's disease and other dementias,3,Rate,2022,90.3905795448,102.13729850528,78.46816387745
1,All Population,5,Prevalence,16,Philippines,3,Both,22,All ages,543,Alzheimer's disease and other dementias,3,Rate,2020,242.09818432627,276.39585955792995,205.03365326883
1,All Population,5,Prevalence,63,Ukraine,3,Both,22,All ages,543,Alzheimer's disease and other dementias,3,Rate,2020,1057.1189187524901,1228.9479157184298,894.15509867755
1,All Population,5,Prevalence,385,Puerto Rico,3,Both,22,All ages,543,Alzheimer's disease and other dementias,3,Rate,2022,1698.96811669513,1960.8760024025398,1449.11806891894
1,All Population,5,Prevalence,67,Japan,3,Both,22,All ages,543,Alzheimer's disease and other dementias,3,Rate,2023,2710.4969650093,3190.0719079714,2292.5929453654003
1,All Population,5,Prevalence,82,Greece,3,Both,22,All ages,543,Alzheimer's disease and other dementias,3,Rate,2022,2363.65996765029,2754.1814614857203,1980.85466946457
1,All Population,5,Prevalence,146,Lebanon,3,Both,22,All ages,543,Alzheimer's disease and other dementias,3,Rate,2022,752.17386814896,868.27316070034,647.04917976845
1,All Population,5,Prevalence,95,United Kingdom,3,Both,22,All ages,543,Alzheimer's disease and other dementias,3,Rate,2022,1470.79999221596,1698.8216400963902,1217.5112967350601
1,All Population,5,Prevalence,99,Uruguay,3,Both,22,All ages,543,Alzheimer's disease and other dementias,3,Rate,2022,1262.65477340511,1467.57708497085,1078.8935790246
1,All Population,5,Prevalence,80,France,3,Both,22,All ages,543,Alzheimer's disease and other dementias,3,Rate,2023,1278.8437610098,1441.12597018974,1114.20507827031
1,All Population,5,Prevalence,69,Singapore,3,Both,22,All ages,543,Alzheimer's disease and other dementias,3,Rate,2022,791.16269055852,883.79838290498,695.85232064354
1,All Population,5,Prevalence,207,Ghana,3,Both,22,All ages,543,Alzheimer's disease and other dementias,3,Rate,2021,161.80528096352,183.21382698903,140.35142576023
1,All Population,5,Prevalence,175,Burundi,3,Both,22,All ages,543,Alzheimer's disease and other dementias,3,Rate,2022,134.67224247361,153.17826323669,117.56385001004
1,All Population,5,Prevalence,78,Denmark,3,Both,22,All ages,543,Alzheimer's disease and other dementias,3,Rate,2020,1059.78874742592,1208.89029677648,903.57286282672
1,All Population,5,Prevalence,76,Belgium,3,Both,22,All ages,543,Alzheimer's disease and other dementias,3,Rate,2022,1668.26515601433,1912.91077596304,1388.94845950057
1,All Population,5,Prevalence,156,United Arab Emirates,3,Both,22,All ages,543,Alzheimer's disease and other dementias,3,Rate,2023,173.82385914414,197.83496370849,149.28856965519
1,All Population,5,Prevalence,161,Bangladesh,3,Both,22,All ages,543,Alzheimer's disease and other dementias,3,Rate,2022,227.22227507246,258.64373390099996,196.27530652906
1,All Population,5,Prevalence,143,Iraq,3,Both,22,All ages,543,Alzheimer's disease and other dementias,3,Rate,2023,259.69683774672,295.45195250187,222.96383273093
1,All Population,5,Prevalence,175,Burundi,3,Both,22,All ages,543,Alzheimer's disease and other dementias,3,Rate,2021,135.97392739103,153.50880202986,119.12830096421001
1,All Population,5,Prevalence,99,Uruguay,3,Both,22,All ages,543,Alzheimer's disease and other dementias,3,Rate,2021,1246.8923849513199,1437.71370287194,1061.18231034294
1,All Population,5,Prevalence,413,Tokelau,3,Both,22,All ages,543,Alzheimer's disease and other dementias,3,Rate,2022,585.20425249114,673.10141624529,497.49491946492
1,All Population,5,Prevalence,109,Cuba,3,Both,22,All ages,543,Alzheimer's disease and other dementias,3,Rate,2022,989.0809253839301,1121.14402154204,864.11904763235
1,All Population,5,Prevalence,132,Panama,3,Both,22,All ages,543,Alzheimer's disease and other dementias,3,Rate,2023,696.28141264818,799.49323579021,598.5441826874201
1,All Population,5,Prevalence,202,Cameroon,3,Both,22,All ages,543,Alzheimer's disease and other dementias,3,Rate,2022,106.20327645464,120.34107849786,92.36017828271001
1,All Population,5,Prevalence,206,Gambia,3,Both,22,All ages,543,Alzheimer's disease and other dementias,3,Rate,2022,158.50634945689998,181.17200766186002,136.960584858
1,All Population,5,Prevalence,189,United Republic of Tanzania,3,Both,22,All ages,543,Alzheimer's disease and other dementias,3,Rate,2023,207.30613525536003,233.40127611291,183.70810913377
1,All Population,5,Prevalence,114,Haiti,3,Both,22,All ages,543,Alzheimer's disease and other dementias,3,Rate,2023,221.08440757847,253.19741787136002,191.51114954636
1,All Population,5,Prevalence,305,Bermuda,3,Both,22,All ages,543,Alzheimer's disease and other dementias,3,Rate,2022,1420.3950456877,1638.89231919466,1201.43460915916
1,All Population,5,Prevalence,126,Costa Rica,3,Both,22,All ages,543,Alzheimer's disease and other dementias,3,Rate,2023,721.8249765247,829.32224213674,626.87691295531
1,All Population,5,Prevalence,77,Cyprus,3,Both,22,All ages,543,Alzheimer's disease and other dementias,3,Rate,2023,907.62238587153,1046.8919672641,753.6892414161999
1,All Population,5,Prevalence,60,Lithuania,3,Both,22,All ages,543,Alzheimer's disease and other dementias,3,Rate,2023,1344.55313419413,1557.54830771473,1137.11899656235
1,All Population,5,Prevalence,191,Zambia,3,Both,22,All ages,543,Alzheimer's disease and other dementias,3,Rate,2023,115.2322257677,129.44743658572,100.15845554809
1,All Population,5,Prevalence,110,Dominica,3,Both,22,All ages,543,Alzheimer's disease and other dementias,3,Rate,2023,906.39336501704,1049.9174700925998,782.79469360256
1,All Population,5,Prevalence,95,United Kingdom,3,Both,22,All ages,543,Alzheimer's disease and other dementias,3,Rate,2023,1499.511579371,1735.86735175933,1243.36323659187
1,All Population,5,Prevalence,84,Ireland,3,Both,22,All ages,543,Alzheimer's disease and other dementias,3,Rate,2021,991.46677173281,1136.8999748933,836.37816685422
1,All Population,5,Prevalence,146,Lebanon,3,Both,22,All ages,543,Alzheimer's disease and other dementias,3,Rate,2021,731.45345610907,836.81178411199,634.39183674708
1,All Population,5,Prevalence,171,Democratic Republic of the Congo,3,Both,22,All ages,543,Alzheimer's disease and other dementias,3,Rate,2023,209.31534246971,238.56970698448998,182.47802970672
1,All Population,5,Prevalence,85,Israel,3,Both,22,All ages,543,Alzheimer's disease and other dementias,3,Rate,2022,492.89498932801,562.27986373905,410.54477557234
1,All Population,5,Prevalence,108,Belize,3,Both,22,All ages,543,Alzheimer's disease and other dementias,3,Rate,2022,354.84852072498,406.07577374754,307.15635887373
1,All Population,5,Prevalence,61,Republic of Moldova,3,Both,22,All ages,543,Alzheimer's disease and other dementias,3,Rate,2021,943.21119475791,1076.13638201464,809.24384034128
1,All Population,5,Prevalence,15,Myanmar,3,Both,22,All ages,543,Alzheimer's disease and other dementias,3,Rate,2022,302.46550463957,344.02950230816,260.01309622202
1,All Population,5,Prevalence,43,Albania,3,Both,22,All ages,543,Alzheimer's disease and other dementias,3,Rate,2023,1011.8564085719299,1155.94725031811,853.1118257626299
1,All Population,5,Prevalence,28,Solomon Islands,3,Both,22,All ages,543,Alzheimer's disease and other dementias,3,Rate,2023,177.50600311909,202.23314819551,150.77885417702
1,All Population,5,Prevalence,59,Latvia,3,Both,22,All ages,543,Alzheimer's disease and other dementias,3,Rate,2022,1424.52689323281,1638.57530436946,1206.86096712775
1,All Population,5,Prevalence,62,Russian Federation,3,Both,22,All ages,543,Alzheimer's disease and other dementias,3,Rate,2022,955.5113206978799,1101.74220842816,804.49441185074
1,All Population,5,Prevalence,48,Hungary,3,Both,22,All ages,543,Alzheimer's disease and other dementias,3,Rate,2021,1197.93749055489,1370.5215453481899,1016.68321155695
1,All Population,5,Prevalence,30,Vanuatu,3,Both,22,All ages,543,Alzheimer's disease and other dementias,3,Rate,2022,224.07945676968,252.88906702826,192.85718382113
1,All Population,5,Prevalence,118,Suriname,3,Both,22,All ages,543,Alzheimer's disease and other dementias,3,Rate,2023,609.77732793833,695.62586042828,524.66485960821
1,All Population,5,Prevalence,107,Barbados,3,Both,22,All ages,543,Alzheimer's disease and other dementias,3,Rate,2023,1081.16031076765,1246.32849155135,918.2368234639699
1,All Population,5,Prevalence,204,Chad,3,Both,22,All ages,543,Alzheimer's disease and other dementias,3,Rate,2023,91.89985481994,104.25875400419001,80.26723308154
1,All Population,5,Prevalence,215,Sao Tome and Principe,3,Both,22,All ages,543,Alzheimer's disease and other dementias,3,Rate,2022,176.06681511429,198.65983172642,150.86402957527
1,All Population,5,Prevalence,13,Malaysia,3,Both,22,All ages,543,Alzheimer's disease and other dementias,3,Rate,2023,386.93395376871,440.42216325695,332.23513936807
1,All Population,5,Prevalence,85,Israel,3,Both,22,All ages,543,Alzheimer's disease and other dementias,3,Rate,2021,478.5735834003,541.07526920627,399.18456572966
1,All Population,5,Prevalence,351,Guam,3,Both,22,All ages,543,Alzheimer's disease and other dementias,3,Rate,2022,599.76601213354,683.2551023828801,512.49031573738
1,All Population,5,Prevalence,112,Grenada,3,Both,22,All ages,543,Alzheimer's disease and other dementias,3,Rate,2022,817.95877623068,939.61338293904,698.56351202005
1,All Population,5,Prevalence,176,Comoros,3,Both,22,All ages,543,Alzheimer's disease and other dementias,3,Rate,2022,397.67254548087,454.07297117233,341.0543483005
1,All Population,5,Prevalence,50,Montenegro,3,Both,22,All ages,543,Alzheimer's disease and other dementias,3,Rate,2023,916.39483144169,1051.6142549968802,766.5168359625
1,All Population,5,Prevalence,114,Haiti,3,Both,22,All ages,543,Alzheimer's disease and other dementias,3,Rate,2021,217.06907558082003,248.61127772228,186.98122888371
1,All Population,5,Prevalence,54,Slovakia,3,Both,22,All ages,543,Alzheimer's disease and other dementias,3,Rate,2021,956.4095622965599,1090.50723409617,808.5759865545101
1,All Population,5,Prevalence,194,Lesotho,3,Both,22,All ages,543,Alzheimer's disease and other dementias,3,Rate,2021,316.67570369221,361.62727357751,273.89723659549
1,All Population,5,Prevalence,46,Croatia,3,Both,22,All ages,543,Alzheimer's disease and other dementias,3,Rate,2022,1385.40004227786,1593.3776766785102,1160.48788371202
1,All Population,5,Prevalence,369,Nauru,3,Both,22,All ages,543,Alzheimer's disease and other dementias,3,Rate,2023,109.38956336857,124.84446123261999,94.48716324975
1,All Population,5,Prevalence,17,Sri Lanka,3,Both,22,All ages,543,Alzheimer's disease and other dementias,3,Rate,2023,461.21376792398,529.2508438805501,393.5675113579
1,All Population,5,Prevalence,90,Norway,3,Both,22,All ages,543,Alzheimer's disease and other dementias,3,Rate,2023,1576.6097937626703,1827.8148885251599,1299.19015412059
1,All Population,5,Prevalence,53,Serbia,3,Both,22,All ages,543,Alzheimer's disease and other dementias,3,Rate,2022,962.0653084987499,1106.83046225169,814.92317386966
1,All Population,5,Prevalence,38,Mongolia,3,Both,22,All ages,543,Alzheimer's disease and other dementias,3,Rate,2022,277.05715253983,313.69356337106996,242.39682366564998
1,All Population,5,Prevalence,108,Belize,3,Both,22,All ages,543,Alzheimer's disease and other dementias,3,Rate,2021,351.41375040632,402.90316795958006,305.46193136586004
1,All Population,5,Prevalence,12,Lao People's Democratic Republic,3,Both,22,All ages,543,Alzheimer's disease and other dementias,3,Rate,2022,225.70832182339998,255.55766825591,195.08500532013
1,All Population,5,Prevalence,209,Guinea-Bissau,3,Both,22,All ages,543,Alzheimer's disease and other dementias,3,Rate,2023,108.40494334358999,122.64902566958,93.55018392623
1,All Population,5,Prevalence,91,Portugal,3,Both,22,All ages,543,Alzheimer's disease and other dementias,3,Rate,2021,1557.45474289903,1802.40691349096,1294.9042247004
1,All Population,5,Prevalence,47,Czechia,3,Both,22,All ages,543,Alzheimer's disease and other dementias,3,Rate,2021,1174.15128901476,1339.70169945206,991.66633276204
1,All Population,5,Prevalence,154,Tunisia,3,Both,22,All ages,543,Alzheimer's disease and other dementias,3,Rate,2022,636.56370706052,723.00710591299,546.64238413284
1,All Population,5,Prevalence,198,Zimbabwe,3,Both,22,All ages,543,Alzheimer's disease and other dementias,3,Rate,2023,261.84800890825,299.07549525155,226.42840654461
1,All Population,5,Prevalence,94,Switzerland,3,Both,22,All ages,543,Alzheimer's disease and other dementias,3,Rate,2021,1491.7152151691498,1722.7849764312402,1238.14938286044
1,All Population,5,Prevalence,154,Tunisia,3,Both,22,All ages,543,Alzheimer's disease and other dementias,3,Rate,2021,629.99658118171,714.57395492792,542.32173784656
1,All Population,5,Prevalence,320,Cook Islands,3,Both,22,All ages,543,Alzheimer's disease and other dementias,3,Rate,2023,631.31839203244,724.87861389218,532.40180920504
1,All Population,5,Prevalence,203,Cabo Verde,3,Both,22,All ages,543,Alzheimer's disease and other dementias,3,Rate,2023,354.68146326962,404.46058494065,302.59027094322
1,All Population,5,Prevalence,213,Niger,3,Both,22,All ages,543,Alzheimer's disease and other dementias,3,Rate,2023,90.49242531655001,102.47153857266,78.48968936384
1,All Population,5,Prevalence,161,Bangladesh,3,Both,22,All ages,543,Alzheimer's disease and other dementias,3,Rate,2023,231.69058572145002,263.48816882734,198.32659504243
1,All Population,5,Prevalence,142,Iran (Islamic Republic of),3,Both,22,All ages,543,Alzheimer's disease and other dementias,3,Rate,2023,498.9806120373,573.38869392176,423.26068762635
1,All Population,5,Prevalence,8,Taiwan,3,Both,22,All ages,543,Alzheimer's disease and other dementias,3,Rate,2023,1013.54583217127,1155.35771093733,840.82640535866
1,All Population,5,Prevalence,217,Sierra Leone,3,Both,22,All ages,543,Alzheimer's disease and other dementias,3,Rate,2022,138.83272695219,157.55907708124,119.16961516139999
1,All Population,5,Prevalence,78,Denmark,3,Both,22,All ages,543,Alzheimer's disease and other dementias,3,Rate,2022,1122.39138385465,1286.13196708083,952.30541310152
1,All Population,5,Prevalence,14,Maldives,3,Both,22,All ages,543,Alzheimer's disease and other dementias,3,Rate,2021,198.5021065696,222.70662954199003,172.21578176037
1,All Population,5,Prevalence,44,Bosnia and Herzegovina,3,Both,22,All ages,543,Alzheimer's disease and other dementias,3,Rate,2023,1094.5229832761,1250.8718025974501,909.1947179073301
1,All Population,5,Prevalence,14,Maldives,3,Both,22,All ages,543,Alzheimer's disease and other dementias,3,Rate,2023,198.83530142107,223.06874924101,172.58622217013
1,All Population,5,Prevalence,57,Belarus,3,Both,22,All ages,543,Alzheimer's disease and other dementias,3,Rate,2023,994.6957377582199,1135.86964522199,843.3625268846899
1,All Population,5,Prevalence,151,Qatar,3,Both,22,All ages,543,Alzheimer's disease and other dementias,3,Rate,2022,106.27564653300999,121.42063030685,92.27058740387001
1,All Population,5,Prevalence,150,Oman,3,Both,22,All ages,543,Alzheimer's disease and other dementias,3,Rate,2023,179.10927553122,201.32596171853,153.60869129641
1,All Population,5,Prevalence,217,Sierra Leone,3,Both,22,All ages,543,Alzheimer's disease and other dementias,3,Rate,2023,139.07883281631,157.78616804546002,120.25987783309999
1,All Population,5,Prevalence,184,Mozambique,3,Both,22,All ages,543,Alzheimer's disease and other dementias,3,Rate,2022,180.32823827777,205.60229462586,155.53572869535
1,All Population,5,Prevalence,209,Guinea-Bissau,3,Both,22,All ages,543,Alzheimer's disease and other dementias,3,Rate,2021,108.12013174260998,121.85441584818999,93.69905082058
1,All Population,5,Prevalence,374,Niue,3,Both,22,All ages,543,Alzheimer's disease and other dementias,3,Rate,2021,709.98247583466,810.25982468587,597.5201178919
1,All Population,5,Prevalence,374,Niue,3,Both,22,All ages,543,Alzheimer's disease and other dementias,3,Rate,2022,714.24891625474,817.60835897682,599.17283566533
1,All Population,5,Prevalence,176,Comoros,3,Both,22,All ages,543,Alzheimer's disease and other dementias,3,Rate,2023,402.03050505569996,464.18138795536,346.9530345954
1,All Population,5,Prevalence,127,El Salvador,3,Both,22,All ages,543,Alzheimer's disease and other dementias,3,Rate,2023,632.67233008452,729.20699494036,538.38983636584
1,All Population,5,Prevalence,207,Ghana,3,Both,22,All ages,543,Alzheimer's disease and other dementias,3,Rate,2022,162.96403710396,184.04756237657,141.05185037360002
1,All Population,5,Prevalence,117,Saint Vincent and the Grenadines,3,Both,22,All ages,543,Alzheimer's disease and other dementias,3,Rate,2021,808.4793755780399,927.89999084846,696.18574918623
1,All Population,5,Prevalence,23,Kiribati,3,Both,22,All ages,543,Alzheimer's disease and other dementias,3,Rate,2023,231.34918465906998,260.67630223288,201.28097489575998
1,All Population,5,Prevalence,68,Republic of Korea,3,Both,22,All ages,543,Alzheimer's disease and other dementias,3,Rate,2023,1347.14685499371,1517.82930135101,1151.99775806253
1,All Population,5,Prevalence,145,Kuwait,3,Both,22,All ages,543,Alzheimer's disease and other dementias,3,Rate,2022,224.87318370199,253.91405829624003,196.79487994417002
1,All Population,5,Prevalence,40,Turkmenistan,3,Both,22,All ages,543,Alzheimer's disease and other dementias,3,Rate,2023,310.73530432654997,350.77839081536,271.31520611182
1,All Population,5,Prevalence,51,Poland,3,Both,22,All ages,543,Alzheimer's disease and other dementias,3,Rate,2023,1145.64009052137,1327.32914698045,945.90597735703
1,All Population,5,Prevalence,81,Germany,3,Both,22,All ages,543,Alzheimer's disease and other dementias,3,Rate,2023,2507.8685344986197,2808.61260417761,2195.74706483676
1,All Population,5,Prevalence,186,Seychelles,3,Both,22,All ages,543,Alzheimer's disease and other dementias,3,Rate,2021,433.28122341625004,488.15493145413,375.06969903636
1,All Population,5,Prevalence,10,Cambodia,3,Both,22,All ages,543,Alzheimer's disease and other dementias,3,Rate,2023,292.69522287297,333.29554777382,252.64469423997
1,All Population,5,Prevalence,27,Samoa,3,Both,22,All ages,543,Alzheimer's disease and other dementias,3,Rate,2023,351.42570381223,400.17140625779,298.31178011342
1,All Population,5,Prevalence,87,Luxembourg,3,Both,22,All ages,543,Alzheimer's disease and other dementias,3,Rate,2023,813.1967620240399,949.99763319773,680.1652637750001
1,All Population,5,Prevalence,108,Belize,3,Both,22,All ages,543,Alzheimer's disease and other dementias,3,Rate,2023,365.83707738828,415.48808276153,316.7164072301
1,All Population,5,Prevalence,121,Bolivia (Plurinational State of),3,Both,22,All ages,543,Alzheimer's disease and other dementias,3,Rate,2023,293.52135034719,333.36127431706,257.42564177068004
1,All Population,5,Prevalence,132,Panama,3,Both,22,All ages,543,Alzheimer's disease and other dementias,3,Rate,2021,674.03879975656,773.3963513559399,579.53014260017
1,All Population,5,Prevalence,187,Somalia,3,Both,22,All ages,543,Alzheimer's disease and other dementias,3,Rate,2023,182.15704705762,207.69411800406002,156.37376746254
1,All Population,5,Prevalence,113,Guyana,3,Both,22,All ages,543,Alzheimer's disease and other dementias,3,Rate,2023,424.33148018097,486.27989312785,368.98919442414
1,All Population,5,Prevalence,349,Greenland,3,Both,22,All ages,543,Alzheimer's disease and other dementias,3,Rate,2023,645.72710743075,734.8664216786,542.4789054873701
1,All Population,5,Prevalence,157,Yemen,3,Both,22,All ages,543,Alzheimer's disease and other dementias,3,Rate,2023,197.2567504766,223.6535164728,171.68224739488
1,All Population,5,Prevalence,27,Samoa,3,Both,22,All ages,543,Alzheimer's disease and other dementias,3,Rate,2022,350.82083420115,400.13030385047,298.11860246181
1,All Population,5,Prevalence,36,Kazakhstan,3,Both,22,All ages,543,Alzheimer's disease and other dementias,3,Rate,2023,457.70422991438994,528.0202974863801,396.41960216828
1,All Population,5,Prevalence,135,Brazil,3,Both,22,All ages,543,Alzheimer's disease and other dementias,3,Rate,2023,1023.20215794274,1165.03482949246,881.49995553191
1,All Population,5,Prevalence,393,Saint Kitts and Nevis,3,Both,22,All ages,543,Alzheimer's disease and other dementias,3,Rate,2023,596.32374385409,680.94014358841,514.705963441
1,All Population,5,Prevalence,202,Cameroon,3,Both,22,All ages,543,Alzheimer's disease and other dementias,3,Rate,2021,106.55461233876999,120.36907030503,92.89368110733
1,All Population,5,Prevalence,182,Malawi,3,Both,22,All ages,543,Alzheimer's disease and other dementias,3,Rate,2023,167.06604530885,190.56037183277,144.18278999877998
1,All Population,5,Prevalence,190,Uganda,3,Both,22,All ages,543,Alzheimer's disease and other dementias,3,Rate,2022,152.45472700064002,173.36849165188,131.62892344812002
1,All Population,5,Prevalence,203,Cabo Verde,3,Both,22,All ages,543,Alzheimer's disease and other dementias,3,Rate,2022,348.15478505798,399.15121408925995,296.147192856
1,All Population,5,Prevalence,74,Andorra,3,Both,22,All ages,543,Alzheimer's disease and other dementias,3,Rate,2023,1350.0826013482001,1542.2813806164002,1129.3952031910399
1,All Population,5,Prevalence,45,Bulgaria,3,Both,22,All ages,543,Alzheimer's disease and other dementias,3,Rate,2023,1278.61069566362,1479.76409717,1065.20525859709
1,All Population,5,Prevalence,17,Sri Lanka,3,Both,22,All ages,543,Alzheimer's disease and other dementias,3,Rate,2022,447.79966449425,515.45205957823,384.93723185913
1,All Population,5,Prevalence,30,Vanuatu,3,Both,22,All ages,543,Alzheimer's disease and other dementias,3,Rate,2023,225.48446528763998,256.80128207648,192.38452676459
1,All Population,5,Prevalence,39,Tajikistan,3,Both,22,All ages,543,Alzheimer's disease and other dementias,3,Rate,2021,196.46645317489,220.31658613262,171.28134407994
1,All Population,5,Prevalence,92,Spain,3,Both,22,All ages,543,Alzheimer's disease and other dementias,3,Rate,2023,1352.6819457443298,1554.81108256779,1139.89189510045
1,All Population,5,Prevalence,200,Benin,3,Both,22,All ages,543,Alzheimer's disease and other dementias,3,Rate,2023,134.55542846987,151.68969240594,119.07569427727
1,All Population,5,Prevalence,129,Honduras,3,Both,22,All ages,543,Alzheimer's disease and other dementias,3,Rate,2022,344.35362127955,393.75262356532005,297.59406356564
1,All Population,5,Prevalence,35,Georgia,3,Both,22,All ages,543,Alzheimer's disease and other dementias,3,Rate,2023,990.1076590645199,1141.36362076352,841.16387346201
1,All Population,5,Prevalence,193,Botswana,3,Both,22,All ages,543,Alzheimer's disease and other dementias,3,Rate,2022,364.46460797951,413.86123618377,315.11214701631
1,All Population,5,Prevalence,130,Mexico,3,Both,22,All ages,543,Alzheimer's disease and other dementias,3,Rate,2022,543.94880893188,624.83217466085,461.99592048361
1,All Population,5,Prevalence,181,Madagascar,3,Both,22,All ages,543,Alzheimer's disease and other dementias,3,Rate,2022,136.98388542931,155.43031439395,119.68805266592999
1,All Population,5,Prevalence,78,Denmark,3,Both,22,All ages,543,Alzheimer's disease and other dementias,3,Rate,2021,1095.18046510559,1247.4724874252101,936.15240966495
1,All Population,5,Prevalence,61,Republic of Moldova,3,Both,22,All ages,543,Alzheimer's disease and other dementias,3,Rate,2023,1003.6701849027601,1153.20453749948,855.29312642568
1,All Population,5,Prevalence,152,Saudi Arabia,3,Both,22,All ages,543,Alzheimer's disease and other dementias,3,Rate,2023,165.21257141648,188.15893943648,141.93602622545998
1,All Population,5,Prevalence,522,Sudan,3,Both,22,All ages,543,Alzheimer's disease and other dementias,3,Rate,2023,295.31630684933,341.96275722257997,254.67219555965
1,All Population,5,Prevalence,435,South Sudan,3,Both,22,All ages,543,Alzheimer's disease and other dementias,3,Rate,2023,153.85190333736,174.44471193958,133.39182327978
1,All Population,5,Prevalence,22,Fiji,3,Both,22,All ages,543,Alzheimer's disease and other dementias,3,Rate,2023,306.31052461812,348.67343281845,264.72637254319
1,All Population,5,Prevalence,37,Kyrgyzstan,3,Both,22,All ages,543,Alzheimer's disease and other dementias,3,Rate,2022,273.77591702754,310.48195682988,239.5493714383
1,All Population,5,Prevalence,177,Djibouti,3,Both,22,All ages,543,Alzheimer's disease and other dementias,3,Rate,2022,189.61363332318,213.60928961588,165.31260274259
1,All Population,5,Prevalence,210,Liberia,3,Both,22,All ages,543,Alzheimer's disease and other dementias,3,Rate,2021,122.49495159864999,138.32279099699002,105.12133761233001
1,All Population,5,Prevalence,121,Bolivia (Plurinational State of),3,Both,22,All ages,543,Alzheimer's disease and other dementias,3,Rate,2022,285.89243607502004,326.13587091394004,246.42063327363
1,All Population,5,Prevalence,201,Burkina Faso,3,Both,22,All ages,543,Alzheimer's disease and other dementias,3,Rate,2021,146.09366863062,165.59125115596,125.92245037850999
1,All Population,5,Prevalence,396,San Marino,3,Both,22,All ages,543,Alzheimer's disease and other dementias,3,Rate,2021,1520.86643526648,1752.62570866111,1287.12925373034
1,All Population,5,Prevalence,47,Czechia,3,Both,22,All ages,543,Alzheimer's disease and other dementias,3,Rate,2023,1205.96033283251,1397.15076704065,1008.90618711577
1,All Population,5,Prevalence,168,Angola,3,Both,22,All ages,543,Alzheimer's disease and other dementias,3,Rate,2022,179.05356928965,206.75382957761002,154.75831691034
1,All Population,5,Prevalence,202,Cameroon,3,Both,22,All ages,543,Alzheimer's disease and other dementias,3,Rate,2023,107.57396721862,121.06017596397001,94.40215356841
1,All Population,5,Prevalence,184,Mozambique,3,Both,22,All ages,543,Alzheimer's disease and other dementias,3,Rate,2023,179.93815211214,203.18357241568998,155.59400239065002
1,All Population,5,Prevalence,102,United States of America,3,Both,22,All ages,543,Alzheimer's disease and other dementias,3,Rate,2023,1456.8746762301898,1680.0263841146398,1206.89533890954
1,All Population,5,Prevalence,22,Fiji,3,Both,22,All ages,543,Alzheimer's disease and other dementias,3,Rate,2022,302.17507229398,343.52547630656,259.00032644537
1,All Population,5,Prevalence,54,Slovakia,3,Both,22,All ages,543,Alzheimer's disease and other dementias,3,Rate,2022,978.4737894087899,1117.948539278,826.55299024286
1,All Population,5,Prevalence,145,Kuwait,3,Both,22,All ages,543,Alzheimer's disease and other dementias,3,Rate,2023,239.21102504592,271.60353293389,209.13555134305
1,All Population,5,Prevalence,193,Botswana,3,Both,22,All ages,543,Alzheimer's disease and other dementias,3,Rate,2023,372.52894129127,423.18274109037,319.60214890416
1,All Population,5,Prevalence,177,Djibouti,3,Both,22,All ages,543,Alzheimer's disease and other dementias,3,Rate,2021,186.07654555523,209.43162187623997,162.91318824788
1,All Population,5,Prevalence,141,Egypt,3,Both,22,All ages,543,Alzheimer's disease and other dementias,3,Rate,2023,282.87857550898997,318.4364444976,247.73817680521
1,All Population,5,Prevalence,160,Afghanistan,3,Both,22,All ages,543,Alzheimer's disease and other dementias,3,Rate,2023,142.12166755181,161.1378328295,121.76589342076001
1,All Population,5,Prevalence,208,Guinea,3,Both,22,All ages,543,Alzheimer's disease and other dementias,3,Rate,2022,149.37332168631002,168.49458521613,128.50959767317002
1,All Population,5,Prevalence,206,Gambia,3,Both,22,All ages,543,Alzheimer's disease and other dementias,3,Rate,2023,158.94187250167002,179.53389413321,136.38688363753
1,All Population,5,Prevalence,128,Guatemala,3,Both,22,All ages,543,Alzheimer's disease and other dementias,3,Rate,2023,381.89773586133,437.74452515835003,329.15708563908
1,All Population,5,Prevalence,183,Mauritius,3,Both,22,All ages,543,Alzheimer's disease and other dementias,3,Rate,2021,554.42306154149,628.12541161285,478.06629127481
1,All Population,5,Prevalence,201,Burkina Faso,3,Both,22,All ages,543,Alzheimer's disease and other dementias,3,Rate,2022,146.66141243504998,166.12469879283,127.21479163208
1,All Population,5,Prevalence,214,Nigeria,3,Both,22,All ages,543,Alzheimer's disease and other dementias,3,Rate,2022,110.5750333619,126.16470967773,95.2783123821
1,All Population,5,Prevalence,396,San Marino,3,Both,22,All ages,543,Alzheimer's disease and other dementias,3,Rate,2022,1460.94417079447,1690.9862366446898,1236.9515875525801
1,All Population,5,Prevalence,153,Syrian Arab Republic,3,Both,22,All ages,543,Alzheimer's disease and other dementias,3,Rate,2021,393.01555838999997,447.86858146547,341.33152789268
1,All Population,5,Prevalence,94,Switzerland,3,Both,22,All ages,543,Alzheimer's disease and other dementias,3,Rate,2023,1572.2337127172698,1822.27361852064,1315.99517646976
1,All Population,5,Prevalence,413,Tokelau,3,Both,22,All ages,543,Alzheimer's disease and other dementias,3,Rate,2023,581.01794870025,670.64489587332,488.27440429846
1,All Population,5,Prevalence,139,Algeria,3,Both,22,All ages,543,Alzheimer's disease and other dementias,3,Rate,2023,480.59419815855,546.60706826851,412.9143524484
1,All Population,5,Prevalence,173,Gabon,3,Both,22,All ages,543,Alzheimer's disease and other dementias,3,Rate,2023,371.23249592846,424.24975650168005,321.33349647558
1,All Population,5,Prevalence,351,Guam,3,Both,22,All ages,543,Alzheimer's disease and other dementias,3,Rate,2023,621.2085978431401,708.99828525986,535.9352669360301
1,All Population,5,Prevalence,154,Tunisia,3,Both,22,All ages,543,Alzheimer's disease and other dementias,3,Rate,2023,657.2603402255501,743.18570435824,566.5440091029
1,All Population,5,Prevalence,376,Northern Mariana Islands,3,Both,22,All ages,543,Alzheimer's disease and other dementias,3,Rate,2022,308.86753425631,350.31169738253,266.43860534762
1,All Population,5,Prevalence,179,Ethiopia,3,Both,22,All ages,543,Alzheimer's disease and other dementias,3,Rate,2023,185.59728226087,213.10095416502998,160.12152821845
1,All Population,5,Prevalence,136,Paraguay,3,Both,22,All ages,543,Alzheimer's disease and other dementias,3,Rate,2023,586.26245391125,669.04822873734,508.74297662343
1,All Population,5,Prevalence,155,Türkiye,3,Both,22,All ages,543,Alzheimer's disease and other dementias,3,Rate,2023,729.26675160643,832.57566661273,627.68716932582
1,All Population,5,Prevalence,195,Namibia,3,Both,22,All ages,543,Alzheimer's disease and other dementias,3,Rate,2022,250.20818095834997,284.04182296644,219.12193468794
1,All Population,5,Prevalence,186,Seychelles,3,Both,22,All ages,543,Alzheimer's disease and other dementias,3,Rate,2023,458.71740542998003,521.02975226186,394.18238042301
1,All Population,5,Prevalence,82,Greece,3,Both,22,All ages,543,Alzheimer's disease and other dementias,3,Rate,2023,2360.8375438745,2743.46305462079,1980.38207852024
1,All Population,5,Prevalence,116,Saint Lucia,3,Both,22,All ages,543,Alzheimer's disease and other dementias,3,Rate,2023,803.93542504548,923.75179359454,686.67741176532
1,All Population,5,Prevalence,163,India,3,Both,22,All ages,543,Alzheimer's disease and other dementias,3,Rate,2022,292.32924530323004,336.54397512531,251.17032398447003
1,All Population,5,Prevalence,84,Ireland,3,Both,22,All ages,543,Alzheimer's disease and other dementias,3,Rate,2022,1018.1876269183999,1163.10575514633,850.5310458403
1,All Population,5,Prevalence,195,Namibia,3,Both,22,All ages,543,Alzheimer's disease and other dementias,3,Rate,2023,251.14090733316,285.45637510966,217.22685643572999
1,All Population,5,Prevalence,112,Grenada,3,Both,22,All ages,543,Alzheimer's disease and other dementias,3,Rate,2023,830.78374556388,959.97623003797,707.36052179647
1,All Population,5,Prevalence,168,Angola,3,Both,22,All ages,543,Alzheimer's disease and other dementias,3,Rate,2023,181.82164499912,204.06486088324,157.98684288984
1,All Population,5,Prevalence,216,Senegal,3,Both,22,All ages,543,Alzheimer's disease and other dementias,3,Rate,2023,162.88855538747,185.73912839433,141.3766859233
1,All Population,5,Prevalence,55,Slovenia,3,Both,22,All ages,543,Alzheimer's disease and other dementias,3,Rate,2022,1345.62030968223,1538.78787537021,1130.1539896166698
1,All Population,5,Prevalence,40,Turkmenistan,3,Both,22,All ages,543,Alzheimer's disease and other dementias,3,Rate,2022,302.98551342505004,343.04520874805,265.46089871389
1,All Population,5,Prevalence,422,United States Virgin Islands,3,Both,22,All ages,543,Alzheimer's disease and other dementias,3,Rate,2023,1527.42179826717,1776.53345018264,1293.4485733716
1,All Population,5,Prevalence,101,Canada,3,Both,22,All ages,543,Alzheimer's disease and other dementias,3,Rate,2022,1761.6353820174802,2002.0356462621398,1504.5853560058401
1,All Population,5,Prevalence,97,Argentina,3,Both,22,All ages,543,Alzheimer's disease and other dementias,3,Rate,2023,890.6542428467701,1022.4127594076,769.23778962971
1,All Population,5,Prevalence,86,Italy,3,Both,22,All ages,543,Alzheimer's disease and other dementias,3,Rate,2021,2336.96241834578,2712.44312395612,1921.2638266521399
1,All Population,5,Prevalence,52,Romania,3,Both,22,All ages,543,Alzheimer's disease and other dementias,3,Rate,2023,1154.09893445225,1333.1644885593,971.3908681983
1,All Population,5,Prevalence,178,Eritrea,3,Both,22,All ages,543,Alzheimer's disease and other dementias,3,Rate,2022,217.75935619201002,247.11228701540998,188.12073966989
1,All Population,5,Prevalence,114,Haiti,3,Both,22,All ages,543,Alzheimer's disease and other dementias,3,Rate,2022,219.05906585463,251.23503546355,188.52174171125998
1,All Population,5,Prevalence,69,Singapore,3,Both,22,All ages,543,Alzheimer's disease and other dementias,3,Rate,2023,856.65051562258,951.3695707137299,767.58683887652
1,All Population,5,Prevalence,83,Iceland,3,Both,22,All ages,543,Alzheimer's disease and other dementias,3,Rate,2023,1126.6921230323899,1285.58911656441,934.7628959016399
1,All Population,5,Prevalence,53,Serbia,3,Both,22,All ages,543,Alzheimer's disease and other dementias,3,Rate,2023,975.64974371212,1122.03937081763,813.03227132919
1,All Population,5,Prevalence,71,Australia,3,Both,22,All ages,543,Alzheimer's disease and other dementias,3,Rate,2022,1607.77511588097,1829.7262559222702,1332.71819637929
1,All Population,5,Prevalence,369,Nauru,3,Both,22,All ages,543,Alzheimer's disease and other dementias,3,Rate,2022,106.52817085543,122.02855779971,89.84541559327
1,All Population,5,Prevalence,149,Palestine,3,Both,22,All ages,543,Alzheimer's disease and other dementias,3,Rate,2023,252.16168639106002,287.25028625140004,216.89233357706
1,All Population,5,Prevalence,115,Jamaica,3,Both,22,All ages,543,Alzheimer's disease and other dementias,3,Rate,2023,814.19495205505,925.07647903023,704.1805115186299
1,All Population,5,Prevalence,147,Libya,3,Both,22,All ages,543,Alzheimer's disease and other dementias,3,Rate,2022,375.70153057157,426.58668603992,325.22925708671
1,All Population,5,Prevalence,163,India,3,Both,22,All ages,543,Alzheimer's disease and other dementias,3,Rate,2023,300.15927427006,344.52048747177,257.25511210599
1,All Population,5,Prevalence,101,Canada,3,Both,22,All ages,543,Alzheimer's disease and other dementias,3,Rate,2021,1734.0602087870302,1934.9599473809299,1480.1188462499802
1,All Population,5,Prevalence,218,Togo,3,Both,22,All ages,543,Alzheimer's disease and other dementias,3,Rate,2023,146.91233416424,166.64575774327,126.96002425878
1,All Population,5,Prevalence,212,Mauritania,3,Both,22,All ages,543,Alzheimer's disease and other dementias,3,Rate,2023,161.2656098524,183.34670844006,138.03814604864002
1,All Population,5,Prevalence,376,Northern Mariana Islands,3,Both,22,All ages,543,Alzheimer's disease and other dementias,3,Rate,2023,313.84712680033,356.72288734398995,270.71945210982
1,All Population,5,Prevalence,48,Hungary,3,Both,22,All ages,543,Alzheimer's disease and other dementias,3,Rate,2022,1213.1624162139399,1400.92067026604,1024.14053802932
1,All Population,5,Prevalence,61,Republic of Moldova,3,Both,22,All ages,543,Alzheimer's disease and other dementias,3,Rate,2022,971.5803600316,1108.62346772466,833.13097604808
1,All Population,5,Prevalence,59,Latvia,3,Both,22,All ages,543,Alzheimer's disease and other dementias,3,Rate,2023,1434.49116575431,1666.05839202301,1210.78495080619
1,All Population,5,Prevalence,46,Croatia,3,Both,22,All ages,543,Alzheimer's disease and other dementias,3,Rate,2023,1404.5730281369601,1621.76483342234,1181.36723838015
1,All Population,5,Prevalence,305,Bermuda,3,Both,22,All ages,543,Alzheimer's disease and other dementias,3,Rate,2023,1474.96265972023,1698.4807275416001,1246.3426097425402
1,All Population,5,Prevalence,178,Eritrea,3,Both,22,All ages,543,Alzheimer's disease and other dementias,3,Rate,2023,218.81122665028002,249.35352132806,190.09850277474
1,All Population,5,Prevalence,205,Côte d'Ivoire,3,Both,22,All ages,543,Alzheimer's disease and other dementias,3,Rate,2023,106.56074316519,119.87711621415,93.24239875412
1,All Population,5,Prevalence,367,Monaco,3,Both,22,All ages,543,Alzheimer's disease and other dementias,3,Rate,2023,1937.59786099254,2236.93617547638,1581.13640598447
1,All Population,5,Prevalence,144,Jordan,3,Both,22,All ages,543,Alzheimer's disease and other dementias,3,Rate,2023,328.86523879451,372.71141782369,287.41137333785
1,All Population,5,Prevalence,129,Honduras,3,Both,22,All ages,543,Alzheimer's disease and other dementias,3,Rate,2023,352.56985020925,410.21307310898,304.08934979036
1,All Population,5,Prevalence,37,Kyrgyzstan,3,Both,22,All ages,543,Alzheimer's disease and other dementias,3,Rate,2023,283.88790533354,321.68906099511,248.25459554222002
1,All Population,5,Prevalence,190,Uganda,3,Both,22,All ages,543,Alzheimer's disease and other dementias,3,Rate,2023,154.53000656058,175.60227511297,133.74811609651
1,All Population,5,Prevalence,131,Nicaragua,3,Both,22,All ages,543,Alzheimer's disease and other dementias,3,Rate,2022,390.87477561869997,446.11319544323,335.99429824379
1,All Population,5,Prevalence,132,Panama,3,Both,22,All ages,543,Alzheimer's disease and other dementias,3,Rate,2022,698.6309258420599,806.12878743901,598.02588770698
1,All Population,5,Prevalence,209,Guinea-Bissau,3,Both,22,All ages,543,Alzheimer's disease and other dementias,3,Rate,2022,107.98916717696,121.96996285827001,93.69757148832
1,All Population,5,Prevalence,24,Marshall Islands,3,Both,22,All ages,543,Alzheimer's disease and other dementias,3,Rate,2023,172.15079461321,197.35926853761,148.25687627707
1,All Population,5,Prevalence,147,Libya,3,Both,22,All ages,543,Alzheimer's disease and other dementias,3,Rate,2023,384.26626776601,438.06560998212,328.51508220556
1,All Population,5,Prevalence,208,Guinea,3,Both,22,All ages,543,Alzheimer's disease and other dementias,3,Rate,2023,147.91765861765998,166.70499052654,128.17505083048002
1,All Population,5,Prevalence,175,Burundi,3,Both,22,All ages,543,Alzheimer's disease and other dementias,3,Rate,2023,134.19906746714,151.72481642774,116.78410379747
1,All Population,5,Prevalence,130,Mexico,3,Both,22,All ages,543,Alzheimer's disease and other dementias,3,Rate,2023,559.78293501006,648.0359300212,477.29943396281
1,All Population,5,Prevalence,162,Bhutan,3,Both,22,All ages,543,Alzheimer's disease and other dementias,3,Rate,2023,327.67744994453,370.02469331935,281.52514539763996
1,All Population,5,Prevalence,55,Slovenia,3,Both,22,All ages,543,Alzheimer's disease and other dementias,3,Rate,2023,1369.65590667809,1575.10218972842,1145.34165870146
1,All Population,5,Prevalence,16,Philippines,3,Both,22,All ages,543,Alzheimer's disease and other dementias,3,Rate,2023,254.39218340230002,291.25942967689,215.50847288933002
1,All Population,5,Prevalence,117,Saint Vincent and the Grenadines,3,Both,22,All ages,543,Alzheimer's disease and other dementias,3,Rate,2023,851.5427047085701,980.49868260625,735.75765463083
1,All Population,5,Prevalence,14,Maldives,3,Both,22,All ages,543,Alzheimer's disease and other dementias,3,Rate,2022,198.51625209385003,223.07866762224,171.68612497898
1,All Population,5,Prevalence,29,Tonga,3,Both,22,All ages,543,Alzheimer's disease and other dementias,3,Rate,2023,367.98444038773,419.45778327556,311.54492059930004
1,All Population,5,Prevalence,93,Sweden,3,Both,22,All ages,543,Alzheimer's disease and other dementias,3,Rate,2021,1377.43684413448,1576.92411585541,1147.63610310261
1,All Population,5,Prevalence,116,Saint Lucia,3,Both,22,All ages,543,Alzheimer's disease and other dementias,3,Rate,2022,780.27889836129,893.69845464384,669.49344120205
1,All Population,5,Prevalence,210,Liberia,3,Both,22,All ages,543,Alzheimer's disease and other dementias,3,Rate,2023,122.99163959471,137.37756541469,106.12608165583
1,All Population,5,Prevalence,177,Djibouti,3,Both,22,All ages,543,Alzheimer's disease and other dementias,3,Rate,2023,195.03839277153,219.22890522752,170.86920545137
1,All Population,5,Prevalence,54,Slovakia,3,Both,22,All ages,543,Alzheimer's disease and other dementias,3,Rate,2023,997.53040393072,1139.13455325323,848.83524153011
1,All Population,5,Prevalence,84,Ireland,3,Both,22,All ages,543,Alzheimer's disease and other dementias,3,Rate,2023,1055.15305473264,1207.45125854694,872.92600090747
1,All Population,5,Prevalence,125,Colombia,3,Both,22,All ages,543,Alzheimer's disease and other dementias,3,Rate,2023,727.82383663427,833.50925796936,627.98291833325
1,All Population,5,Prevalence,153,Syrian Arab Republic,3,Both,22,All ages,543,Alzheimer's disease and other dementias,3,Rate,2022,406.27642898064,463.1763948062,349.55703210829
1,All Population,5,Prevalence,416,Tuvalu,3,Both,22,All ages,543,Alzheimer's disease and other dementias,3,Rate,2021,294.19616965109003,334.57339103819004,250.24733671916
1,All Population,5,Prevalence,123,Peru,3,Both,22,All ages,543,Alzheimer's disease and other dementias,3,Rate,2023,444.70367411440003,510.2152173583,387.86618579599
1,All Population,5,Prevalence,12,Lao People's Democratic Republic,3,Both,22,All ages,543,Alzheimer's disease and other dementias,3,Rate,2023,228.86001700991002,258.81437656785,197.78810666488002
1,All Population,5,Prevalence,29,Tonga,3,Both,22,All ages,543,Alzheimer's disease and other dementias,3,Rate,2022,365.20494154118,417.95503415458,312.54175537789
1,All Population,5,Prevalence,89,Netherlands,3,Both,22,All ages,543,Alzheimer's disease and other dementias,3,Rate,2023,1632.38653379254,1854.8346000625,1357.9433993023001
1,All Population,5,Prevalence,71,Australia,3,Both,22,All ages,543,Alzheimer's disease and other dementias,3,Rate,2023,1681.3461863481803,1917.8698571336797,1392.7910018979
1,All Population,5,Prevalence,99,Uruguay,3,Both,22,All ages,543,Alzheimer's disease and other dementias,3,Rate,2023,1262.2782884292199,1459.3674968066,1085.10817461435
1,All Population,5,Prevalence,24,Marshall Islands,3,Both,22,All ages,543,Alzheimer's disease and other dementias,3,Rate,2022,165.56428805916,188.67361149383,140.97767865259
1,All Population,5,Prevalence,172,Equatorial Guinea,3,Both,22,All ages,543,Alzheimer's disease and other dementias,3,Rate,2023,165.85479669726,189.55548824681,142.08530945725
1,All Population,5,Prevalence,374,Niue,3,Both,22,All ages,543,Alzheimer's disease and other dementias,3,Rate,2023,712.9541100982,818.64582765559,598.08870675436
1,All Population,5,Prevalence,131,Nicaragua,3,Both,22,All ages,543,Alzheimer's disease and other dementias,3,Rate,2023,403.84045775811995,461.5096886575,347.48421258622
1,All Population,5,Prevalence,146,Lebanon,3,Both,22,All ages,543,Alzheimer's disease and other dementias,3,Rate,2023,768.59813282965,880.3844939157099,659.1112310621501
1,All Population,5,Prevalence,39,Tajikistan,3,Both,22,All ages,543,Alzheimer's disease and other dementias,3,Rate,2023,196.657892785,220.42842600841,172.02806639072
1,All Population,5,Prevalence,194,Lesotho,3,Both,22,All ages,543,Alzheimer's disease and other dementias,3,Rate,2023,322.27891593601,368.88679478657,276.85697521904
1,All Population,5,Prevalence,207,Ghana,3,Both,22,All ages,543,Alzheimer's disease and other dementias,3,Rate,2023,165.02226608733,186.42799004459002,142.48210920081002
1,All Population,5,Prevalence,123,Peru,3,Both,22,All ages,543,Alzheimer's disease and other dementias,3,Rate,2022,486.05638262919,551.34337806709,421.10836585754
1,All Population,5,Prevalence,416,Tuvalu,3,Both,22,All ages,543,Alzheimer's disease and other dementias,3,Rate,2022,294.42178878902,334.42177774328,249.91380889547997
1,All Population,5,Prevalence,183,Mauritius,3,Both,22,All ages,543,Alzheimer's disease and other dementias,3,Rate,2022,574.65539591199,655.79899626695,495.63526646766996
1,All Population,5,Prevalence,63,Ukraine,3,Both,22,All ages,543,Alzheimer's disease and other dementias,3,Rate,2023,1167.4221634059402,1362.27928891991,968.38657720711
1,All Population,5,Prevalence,76,Belgium,3,Both,22,All ages,543,Alzheimer's disease and other dementias,3,Rate,2023,1676.64528003456,1929.0762096533701,1398.66503663339
1,All Population,5,Prevalence,185,Rwanda,3,Both,22,All ages,543,Alzheimer's disease and other dementias,3,Rate,2021,201.90200670289997,227.7137827279,175.74148887278
1,All Population,5,Prevalence,119,Trinidad and Tobago,3,Both,22,All ages,543,Alzheimer's disease and other dementias,3,Rate,2023,744.15677441709,862.03129855896,635.21234212041
1,All Population,5,Prevalence,86,Italy,3,Both,22,All ages,543,Alzheimer's disease and other dementias,3,Rate,2023,2424.19769274701,2812.32286528642,2014.25818123068
1,All Population,5,Prevalence,101,Canada,3,Both,22,All ages,543,Alzheimer's disease and other dementias,3,Rate,2023,1755.43261308892,1998.7273791230098,1490.84464599341
1,All Population,5,Prevalence,216,Senegal,3,Both,22,All ages,543,Alzheimer's disease and other dementias,3,Rate,2022,163.615366112,185.59243215455,141.48357839302
1,All Population,5,Prevalence,170,Congo,3,Both,22,All ages,543,Alzheimer's disease and other dementias,3,Rate,2022,211.39786275786997,231.31058365847002,192.01366472199
1,All Population,5,Prevalence,170,Congo,3,Both,22,All ages,543,Alzheimer's disease and other dementias,3,Rate,2023,212.34730928918,232.80886054808,192.5290937525
1,All Population,5,Prevalence,106,Bahamas,3,Both,22,All ages,543,Alzheimer's disease and other dementias,3,Rate,2023,509.08616448648996,582.27726783534,444.23331059709
1,All Population,5,Prevalence,164,Nepal,3,Both,22,All ages,543,Alzheimer's disease and other dementias,3,Rate,2023,293.39722107522,335.22209524438,254.45911571060003
1,All Population,5,Prevalence,197,Eswatini,3,Both,22,All ages,543,Alzheimer's disease and other dementias,3,Rate,2023,288.29982568721,330.6793395501,246.80095202046002
1,All Population,5,Prevalence,140,Bahrain,3,Both,22,All ages,543,Alzheimer's disease and other dementias,3,Rate,2023,256.26699340092,292.37650389443996,221.03463941445003
1,All Population,5,Prevalence,181,Madagascar,3,Both,22,All ages,543,Alzheimer's disease and other dementias,3,Rate,2023,137.96780147586,157.37289129673,119.74582885614001
1,All Population,5,Prevalence,151,Qatar,3,Both,22,All ages,543,Alzheimer's disease and other dementias,3,Rate,2023,110.30545686183001,125.48076694314,95.93406665669
1,All Population,5,Prevalence,63,Ukraine,3,Both,22,All ages,543,Alzheimer's disease and other dementias,3,Rate,2022,1069.23460323746,1244.58364195154,900.46918228983
1,All Population,5,Prevalence,214,Nigeria,3,Both,22,All ages,543,Alzheimer's disease and other dementias,3,Rate,2023,111.83279452510999,127.92119974689999,96.41097626583999
1,All Population,5,Prevalence,385,Puerto Rico,3,Both,22,All ages,543,Alzheimer's disease and other dementias,3,Rate,2023,1794.49095743917,2075.27924462806,1515.38790007518
1,All Population,5,Prevalence,48,Hungary,3,Both,22,All ages,543,Alzheimer's disease and other dementias,3,Rate,2023,1229.60559980861,1396.76290423632,1043.8384001605
1,All Population,5,Prevalence,155,Türkiye,3,Both,22,All ages,543,Alzheimer's disease and other dementias,3,Rate,2022,708.46860304173,810.7469232719201,608.9101017481801
1,All Population,5,Prevalence,25,Micronesia (Federated States of),3,Both,22,All ages,543,Alzheimer's disease and other dementias,3,Rate,2023,252.95191320819998,287.61154990321,216.35260714217
1,All Population,5,Prevalence,72,New Zealand,3,Both,22,All ages,543,Alzheimer's disease and other dementias,3,Rate,2023,1584.23731275153,1830.7588793067298,1315.19361210174
1,All Population,5,Prevalence,91,Portugal,3,Both,22,All ages,543,Alzheimer's disease and other dementias,3,Rate,2023,1645.8478493401901,1912.2160980885,1374.22116648226
1,All Population,5,Prevalence,16,Philippines,3,Both,22,All ages,543,Alzheimer's disease and other dementias,3,Rate,2022,247.09675241209,282.19145849663,209.87692171615998
1,All Population,5,Prevalence,78,Denmark,3,Both,22,All ages,543,Alzheimer's disease and other dementias,3,Rate,2023,1144.36087299335,1307.95032969401,972.6356913907001
1,All Population,5,Prevalence,201,Burkina Faso,3,Both,22,All ages,543,Alzheimer's disease and other dementias,3,Rate,2023,147.36681565382,167.7579870921,127.49079421565999
1,All Population,5,Prevalence,183,Mauritius,3,Both,22,All ages,543,Alzheimer's disease and other dementias,3,Rate,2023,589.47333387327,669.5954715841,506.00219101872005
1,All Population,5,Prevalence,153,Syrian Arab Republic,3,Both,22,All ages,543,Alzheimer's disease and other dementias,3,Rate,2023,418.7306062589,482.32855204667004,355.47083205324
1,All Population,5,Prevalence,396,San Marino,3,Both,22,All ages,543,Alzheimer's disease and other dementias,3,Rate,2023,1560.66483695732,1795.72711800609,1299.91363473406
1,All Population,5,Prevalence,93,Sweden,3,Both,22,All ages,543,Alzheimer's disease and other dementias,3,Rate,2023,1452.6621535908,1675.3300720336401,1220.05693233518
1,All Population,5,Prevalence,185,Rwanda,3,Both,22,All ages,543,Alzheimer's disease and other dementias,3,Rate,2023,210.96976447377,240.13463832882002,181.55157049093998
1,All Population,5,Prevalence,416,Tuvalu,3,Both,22,All ages,543,Alzheimer's disease and other dementias,3,Rate,2023,294.40439030717,336.93843421668004,249.2601373772
