population_group_id,population_group_name,measure_id,measure_name,location_id,location_name,sex_id,sex_name,age_id,age_name,cause_id,cause_name,metric_id,metric_name,year,val,upper,lower
1,All Population,5,Prevalence,36,Kazakhstan,3,Both,22,All ages,975,Diabetes mellitus type 1,3,Rate,2014,80.76924212105,96.41629454862,67.38377514568
1,All Population,5,Prevalence,25,Micronesia (Federated States of),3,Both,22,All ages,975,Diabetes mellitus type 1,3,Rate,2014,39.63622612801,46.54739174493,32.92443564325
1,All Population,5,Prevalence,135,Brazil,3,Both,22,All ages,975,Diabetes mellitus type 1,3,Rate,2014,137.13506691347,167.96187716651,112.83173584329
1,All Population,5,Prevalence,11,Indonesia,3,Both,22,All ages,975,Diabetes mellitus type 1,3,Rate,2015,47.086560261790005,56.175604717720006,39.56879865443
1,All Population,5,Prevalence,374,Niue,3,Both,22,All ages,975,Diabetes mellitus type 1,3,Rate,2014,45.10473961327,52.6958537398,37.68977718677
1,All Population,5,Prevalence,30,Vanuatu,3,Both,22,All ages,975,Diabetes mellitus type 1,3,Rate,2014,36.35202745625,43.25844751052,30.140602781930003
1,All Population,5,Prevalence,77,Cyprus,3,Both,22,All ages,975,Diabetes mellitus type 1,3,Rate,2014,211.52718362222998,244.09115080062998,183.59411128423
1,All Population,5,Prevalence,194,Lesotho,3,Both,22,All ages,975,Diabetes mellitus type 1,3,Rate,2014,14.98464937839,18.17186856743,12.18618810052
1,All Population,5,Prevalence,41,Uzbekistan,3,Both,22,All ages,975,Diabetes mellitus type 1,3,Rate,2014,77.86473906488,93.70901696079,64.5588608627
1,All Population,5,Prevalence,201,Burkina Faso,3,Both,22,All ages,975,Diabetes mellitus type 1,3,Rate,2014,9.93381014671,12.17181577854,8.09285739403
1,All Population,5,Prevalence,130,Mexico,3,Both,22,All ages,975,Diabetes mellitus type 1,3,Rate,2014,55.778454749290006,68.33529766314,45.17663250415
1,All Population,5,Prevalence,132,Panama,3,Both,22,All ages,975,Diabetes mellitus type 1,3,Rate,2014,50.720436466929996,63.36876391475,40.46840441223
1,All Population,5,Prevalence,83,Iceland,3,Both,22,All ages,975,Diabetes mellitus type 1,3,Rate,2014,251.62136474437,290.22540738487004,217.72937016654998
1,All Population,5,Prevalence,61,Republic of Moldova,3,Both,22,All ages,975,Diabetes mellitus type 1,3,Rate,2014,181.91884871332,211.03685975712997,157.07484529108
1,All Population,5,Prevalence,101,Canada,3,Both,22,All ages,975,Diabetes mellitus type 1,3,Rate,2014,523.22604636456,583.8115423376299,468.6521824297
1,All Population,5,Prevalence,202,Cameroon,3,Both,22,All ages,975,Diabetes mellitus type 1,3,Rate,2014,10.259658126009999,12.50663891082,8.45500324106
1,All Population,5,Prevalence,27,Samoa,3,Both,22,All ages,975,Diabetes mellitus type 1,3,Rate,2014,37.68566891305,44.21204143137,31.232316436810002
1,All Population,5,Prevalence,72,New Zealand,3,Both,22,All ages,975,Diabetes mellitus type 1,3,Rate,2014,292.70708382651003,343.19885633747003,246.35132836039
1,All Population,5,Prevalence,6,China,3,Both,22,All ages,975,Diabetes mellitus type 1,3,Rate,2015,66.16256138756,75.64311606273999,56.893889809369995
1,All Population,5,Prevalence,191,Zambia,3,Both,22,All ages,975,Diabetes mellitus type 1,3,Rate,2014,22.75764674223,29.78478658946,17.87782336596
1,All Population,5,Prevalence,49,North Macedonia,3,Both,22,All ages,975,Diabetes mellitus type 1,3,Rate,2014,159.54510845983,187.98211829299998,135.41645885361
1,All Population,5,Prevalence,143,Iraq,3,Both,22,All ages,975,Diabetes mellitus type 1,3,Rate,2014,86.20996870486,106.4225613023,69.5744179409
1,All Population,5,Prevalence,38,Mongolia,3,Both,22,All ages,975,Diabetes mellitus type 1,3,Rate,2014,72.38143974743001,86.72514382149,60.726422492340006
1,All Population,5,Prevalence,53,Serbia,3,Both,22,All ages,975,Diabetes mellitus type 1,3,Rate,2015,210.46377475173998,233.80312584397,186.13193065382998
1,All Population,5,Prevalence,177,Djibouti,3,Both,22,All ages,975,Diabetes mellitus type 1,3,Rate,2014,25.6337028397,31.972184636499996,20.549851375819998
1,All Population,5,Prevalence,13,Malaysia,3,Both,22,All ages,975,Diabetes mellitus type 1,3,Rate,2015,49.16965271206,58.74798840989,40.52428935529
1,All Population,5,Prevalence,422,United States Virgin Islands,3,Both,22,All ages,975,Diabetes mellitus type 1,3,Rate,2014,68.96299724666,87.0357986967,53.981221745279996
1,All Population,5,Prevalence,14,Maldives,3,Both,22,All ages,975,Diabetes mellitus type 1,3,Rate,2014,55.529073971020004,67.40716764326,45.41502240507
1,All Population,5,Prevalence,380,Palau,3,Both,22,All ages,975,Diabetes mellitus type 1,3,Rate,2014,47.0380174204,54.84469518761,39.87164531503
1,All Population,5,Prevalence,88,Malta,3,Both,22,All ages,975,Diabetes mellitus type 1,3,Rate,2014,292.92931177039,341.05925663637,250.84644064988998
1,All Population,5,Prevalence,119,Trinidad and Tobago,3,Both,22,All ages,975,Diabetes mellitus type 1,3,Rate,2014,56.676865350789996,70.37616657297,45.885908318780004
1,All Population,5,Prevalence,182,Malawi,3,Both,22,All ages,975,Diabetes mellitus type 1,3,Rate,2014,23.20533887974,30.31210619538,18.23024528563
1,All Population,5,Prevalence,109,Cuba,3,Both,22,All ages,975,Diabetes mellitus type 1,3,Rate,2014,60.254696509009996,75.45188933029,48.1428902171
1,All Population,5,Prevalence,8,Taiwan,3,Both,22,All ages,975,Diabetes mellitus type 1,3,Rate,2015,93.22155050168,106.15374024093,81.3121049444
1,All Population,5,Prevalence,66,Brunei Darussalam,3,Both,22,All ages,975,Diabetes mellitus type 1,3,Rate,2015,50.62046507414,59.48350433698,43.50537842804
1,All Population,5,Prevalence,156,United Arab Emirates,3,Both,22,All ages,975,Diabetes mellitus type 1,3,Rate,2014,101.58595055053999,126.69383957138001,82.59292321836
1,All Population,5,Prevalence,89,Netherlands,3,Both,22,All ages,975,Diabetes mellitus type 1,3,Rate,2015,332.19556467252,368.51995100877,294.99592273279
1,All Population,5,Prevalence,58,Estonia,3,Both,22,All ages,975,Diabetes mellitus type 1,3,Rate,2015,297.7053378956,336.77607365023,260.56721506876
1,All Population,5,Prevalence,105,Antigua and Barbuda,3,Both,22,All ages,975,Diabetes mellitus type 1,3,Rate,2015,57.25744407092999,71.42051613277,46.50793550372
1,All Population,5,Prevalence,126,Costa Rica,3,Both,22,All ages,975,Diabetes mellitus type 1,3,Rate,2015,53.395186080399995,66.66188647486,42.809250684300004
1,All Population,5,Prevalence,148,Morocco,3,Both,22,All ages,975,Diabetes mellitus type 1,3,Rate,2014,92.40141954165,112.51712675081,74.09520534507
1,All Population,5,Prevalence,152,Saudi Arabia,3,Both,22,All ages,975,Diabetes mellitus type 1,3,Rate,2015,243.28183428977002,286.85239775164,204.7277372662
1,All Population,5,Prevalence,74,Andorra,3,Both,22,All ages,975,Diabetes mellitus type 1,3,Rate,2014,388.88826454291,452.40266953569,336.13421839584
1,All Population,5,Prevalence,204,Chad,3,Both,22,All ages,975,Diabetes mellitus type 1,3,Rate,2014,9.27379194042,11.56003586548,7.49739134776
1,All Population,5,Prevalence,179,Ethiopia,3,Both,22,All ages,975,Diabetes mellitus type 1,3,Rate,2014,21.95825277724,27.737260144279997,17.661459633619998
1,All Population,5,Prevalence,160,Afghanistan,3,Both,22,All ages,975,Diabetes mellitus type 1,3,Rate,2015,81.12310068376,103.00571237917,65.11465338891
1,All Population,5,Prevalence,43,Albania,3,Both,22,All ages,975,Diabetes mellitus type 1,3,Rate,2014,228.91200280041,264.65699476158,197.32949111723
1,All Population,5,Prevalence,51,Poland,3,Both,22,All ages,975,Diabetes mellitus type 1,3,Rate,2014,292.40110884793,332.02927057143,258.90862463289
1,All Population,5,Prevalence,113,Guyana,3,Both,22,All ages,975,Diabetes mellitus type 1,3,Rate,2015,52.693889298550005,65.58554469996,42.25779311742
1,All Population,5,Prevalence,145,Kuwait,3,Both,22,All ages,975,Diabetes mellitus type 1,3,Rate,2014,357.29599586054,419.74492298648,309.43223935399
1,All Population,5,Prevalence,85,Israel,3,Both,22,All ages,975,Diabetes mellitus type 1,3,Rate,2014,196.03700938769998,220.10397173943,174.94496372741
1,All Population,5,Prevalence,22,Fiji,3,Both,22,All ages,975,Diabetes mellitus type 1,3,Rate,2014,41.78916873899,49.20910669207,35.13515838125
1,All Population,5,Prevalence,33,Armenia,3,Both,22,All ages,975,Diabetes mellitus type 1,3,Rate,2014,88.15722054119,104.64533906262999,73.79597574566999
1,All Population,5,Prevalence,19,Timor-Leste,3,Both,22,All ages,975,Diabetes mellitus type 1,3,Rate,2015,41.74062845136,51.00227298317,33.77951861848
1,All Population,5,Prevalence,98,Chile,3,Both,22,All ages,975,Diabetes mellitus type 1,3,Rate,2014,109.01594060737001,122.64628030173,96.00199425628
1,All Population,5,Prevalence,90,Norway,3,Both,22,All ages,975,Diabetes mellitus type 1,3,Rate,2014,452.39624853436,521.47625622391,388.41299231866003
1,All Population,5,Prevalence,71,Australia,3,Both,22,All ages,975,Diabetes mellitus type 1,3,Rate,2015,394.30181272552,438.09503223512,359.72245730404
1,All Population,5,Prevalence,80,France,3,Both,22,All ages,975,Diabetes mellitus type 1,3,Rate,2014,234.61726862378998,261.52675250535,208.41969262097
1,All Population,5,Prevalence,305,Bermuda,3,Both,22,All ages,975,Diabetes mellitus type 1,3,Rate,2014,60.027743997179996,73.67100906844999,48.82664266752
1,All Population,5,Prevalence,69,Singapore,3,Both,22,All ages,975,Diabetes mellitus type 1,3,Rate,2014,52.54844570907,61.18525277095,45.54709796926
1,All Population,5,Prevalence,40,Turkmenistan,3,Both,22,All ages,975,Diabetes mellitus type 1,3,Rate,2014,75.62649876708001,90.54656348636999,62.54557831251
1,All Population,5,Prevalence,217,Sierra Leone,3,Both,22,All ages,975,Diabetes mellitus type 1,3,Rate,2014,10.69686380782,13.004747026339999,8.74445860605
1,All Population,5,Prevalence,193,Botswana,3,Both,22,All ages,975,Diabetes mellitus type 1,3,Rate,2014,15.68123510839,18.99531584031,12.7462274184
1,All Population,5,Prevalence,168,Angola,3,Both,22,All ages,975,Diabetes mellitus type 1,3,Rate,2014,12.999062308680001,16.33012219842,10.498327565979999
1,All Population,5,Prevalence,136,Paraguay,3,Both,22,All ages,975,Diabetes mellitus type 1,3,Rate,2014,96.0185872611,121.82081442983,75.37281646158
1,All Population,5,Prevalence,55,Slovenia,3,Both,22,All ages,975,Diabetes mellitus type 1,3,Rate,2015,266.41904558944,302.66312688101004,231.59021703024
1,All Population,5,Prevalence,16,Philippines,3,Both,22,All ages,975,Diabetes mellitus type 1,3,Rate,2014,42.963352732130005,51.01867576544,35.758403542180005
1,All Population,5,Prevalence,107,Barbados,3,Both,22,All ages,975,Diabetes mellitus type 1,3,Rate,2015,58.24996531276,72.11087179958,47.42141987782
1,All Population,5,Prevalence,393,Saint Kitts and Nevis,3,Both,22,All ages,975,Diabetes mellitus type 1,3,Rate,2014,56.563229179809994,70.408728267,45.650378424319996
1,All Population,5,Prevalence,87,Luxembourg,3,Both,22,All ages,975,Diabetes mellitus type 1,3,Rate,2014,378.90972318826,439.72557095046,327.52480472903
1,All Population,5,Prevalence,17,Sri Lanka,3,Both,22,All ages,975,Diabetes mellitus type 1,3,Rate,2014,50.429734157060004,59.71129594212,41.748723908740004
1,All Population,5,Prevalence,139,Algeria,3,Both,22,All ages,975,Diabetes mellitus type 1,3,Rate,2014,271.99403767754995,329.45853704132,231.31177749812
1,All Population,5,Prevalence,214,Nigeria,3,Both,22,All ages,975,Diabetes mellitus type 1,3,Rate,2014,9.77395249726,11.85362948879,8.02781141082
1,All Population,5,Prevalence,127,El Salvador,3,Both,22,All ages,975,Diabetes mellitus type 1,3,Rate,2014,50.13845188629,62.54481719863,39.97642083545
1,All Population,5,Prevalence,116,Saint Lucia,3,Both,22,All ages,975,Diabetes mellitus type 1,3,Rate,2014,56.70723446609,70.67586235989,45.8047792705
1,All Population,5,Prevalence,24,Marshall Islands,3,Both,22,All ages,975,Diabetes mellitus type 1,3,Rate,2015,37.90041816431,45.60875829944,31.36018087191
1,All Population,5,Prevalence,196,South Africa,3,Both,22,All ages,975,Diabetes mellitus type 1,3,Rate,2014,15.87815925873,18.959278151819998,13.11575129017
1,All Population,5,Prevalence,6,China,3,Both,22,All ages,975,Diabetes mellitus type 1,3,Rate,2014,65.67084415579001,75.55439857005,56.51289300173
1,All Population,5,Prevalence,34,Azerbaijan,3,Both,22,All ages,975,Diabetes mellitus type 1,3,Rate,2015,83.35288167242,99.84296150376,69.76184925577999
1,All Population,5,Prevalence,79,Finland,3,Both,22,All ages,975,Diabetes mellitus type 1,3,Rate,2015,862.9499411347399,921.14400760442,790.5219365352699
1,All Population,5,Prevalence,118,Suriname,3,Both,22,All ages,975,Diabetes mellitus type 1,3,Rate,2015,54.138685636889996,67.34766454101,43.66107909083
1,All Population,5,Prevalence,76,Belgium,3,Both,22,All ages,975,Diabetes mellitus type 1,3,Rate,2014,307.66578625969004,359.86134181763003,260.44197230691
1,All Population,5,Prevalence,150,Oman,3,Both,22,All ages,975,Diabetes mellitus type 1,3,Rate,2014,91.32799376421,112.73535281038001,74.0776611752
1,All Population,5,Prevalence,105,Antigua and Barbuda,3,Both,22,All ages,975,Diabetes mellitus type 1,3,Rate,2014,56.839214471700004,70.79490103497,45.86873738501
1,All Population,5,Prevalence,66,Brunei Darussalam,3,Both,22,All ages,975,Diabetes mellitus type 1,3,Rate,2014,49.70910270364,58.06548368844,42.72650081511
1,All Population,5,Prevalence,68,Republic of Korea,3,Both,22,All ages,975,Diabetes mellitus type 1,3,Rate,2015,57.44819232702,67.61110917621001,49.75517672323
1,All Population,5,Prevalence,45,Bulgaria,3,Both,22,All ages,975,Diabetes mellitus type 1,3,Rate,2014,241.29950865221997,280.49310413475,206.17494454471
1,All Population,5,Prevalence,184,Mozambique,3,Both,22,All ages,975,Diabetes mellitus type 1,3,Rate,2014,22.736200929949998,29.58494711631,17.839751165120003
1,All Population,5,Prevalence,298,American Samoa,3,Both,22,All ages,975,Diabetes mellitus type 1,3,Rate,2014,40.57623986284,47.749054626050004,33.81252705011
1,All Population,5,Prevalence,11,Indonesia,3,Both,22,All ages,975,Diabetes mellitus type 1,3,Rate,2014,46.47941442593,55.28916168721,39.12733863228
1,All Population,5,Prevalence,15,Myanmar,3,Both,22,All ages,975,Diabetes mellitus type 1,3,Rate,2015,47.651564434,56.983788845629995,39.229398118119995
1,All Population,5,Prevalence,53,Serbia,3,Both,22,All ages,975,Diabetes mellitus type 1,3,Rate,2014,207.45164741182998,231.31688370763,183.33065741528
1,All Population,5,Prevalence,60,Lithuania,3,Both,22,All ages,975,Diabetes mellitus type 1,3,Rate,2015,187.43010350354,209.94413034972,163.17477784514
1,All Population,5,Prevalence,108,Belize,3,Both,22,All ages,975,Diabetes mellitus type 1,3,Rate,2014,50.91197140632,63.60487462165,40.591743202070006
1,All Population,5,Prevalence,58,Estonia,3,Both,22,All ages,975,Diabetes mellitus type 1,3,Rate,2014,296.8730932434,337.01030771879,260.74376561003004
1,All Population,5,Prevalence,91,Portugal,3,Both,22,All ages,975,Diabetes mellitus type 1,3,Rate,2015,386.13498564834,449.57627807839,330.89022588836997
1,All Population,5,Prevalence,216,Senegal,3,Both,22,All ages,975,Diabetes mellitus type 1,3,Rate,2014,10.51531137685,12.724203020030002,8.58446026414
1,All Population,5,Prevalence,121,Bolivia (Plurinational State of),3,Both,22,All ages,975,Diabetes mellitus type 1,3,Rate,2014,47.005997090730006,57.40612135888,38.14138318915
1,All Population,5,Prevalence,369,Nauru,3,Both,22,All ages,975,Diabetes mellitus type 1,3,Rate,2014,36.56555465809,43.76565040402,30.28574501381
1,All Population,5,Prevalence,413,Tokelau,3,Both,22,All ages,975,Diabetes mellitus type 1,3,Rate,2014,41.90073772174,49.19389989322,34.74404120131
1,All Population,5,Prevalence,154,Tunisia,3,Both,22,All ages,975,Diabetes mellitus type 1,3,Rate,2015,115.34011517471,140.50642076356002,93.57603454487
1,All Population,5,Prevalence,211,Mali,3,Both,22,All ages,975,Diabetes mellitus type 1,3,Rate,2014,9.22463503825,11.13660350753,7.538974465590001
1,All Population,5,Prevalence,26,Papua New Guinea,3,Both,22,All ages,975,Diabetes mellitus type 1,3,Rate,2015,37.2541392513,44.878473974820004,30.82287788464
1,All Population,5,Prevalence,163,India,3,Both,22,All ages,975,Diabetes mellitus type 1,3,Rate,2014,62.538760213930004,74.80059969117,51.829394988169994
1,All Population,5,Prevalence,206,Gambia,3,Both,22,All ages,975,Diabetes mellitus type 1,3,Rate,2014,10.31735791947,12.619660055659999,8.44061376723
1,All Population,5,Prevalence,35,Georgia,3,Both,22,All ages,975,Diabetes mellitus type 1,3,Rate,2014,89.66161391705,106.43947481734,74.94922917841
1,All Population,5,Prevalence,111,Dominican Republic,3,Both,22,All ages,975,Diabetes mellitus type 1,3,Rate,2014,52.51656085884,65.24828384361,42.015556369529996
1,All Population,5,Prevalence,115,Jamaica,3,Both,22,All ages,975,Diabetes mellitus type 1,3,Rate,2015,55.16048604222,68.15998858844,44.45819082754
1,All Population,5,Prevalence,162,Bhutan,3,Both,22,All ages,975,Diabetes mellitus type 1,3,Rate,2015,43.54859256412,52.213449520539996,36.20122300206
1,All Population,5,Prevalence,36,Kazakhstan,3,Both,22,All ages,975,Diabetes mellitus type 1,3,Rate,2015,80.91902555863,97.00697240781001,67.77902610555
1,All Population,5,Prevalence,19,Timor-Leste,3,Both,22,All ages,975,Diabetes mellitus type 1,3,Rate,2014,41.09990697192,49.88872788716,33.35876991746
1,All Population,5,Prevalence,140,Bahrain,3,Both,22,All ages,975,Diabetes mellitus type 1,3,Rate,2014,97.83286476257,119.82215438711,78.31592711729
1,All Population,5,Prevalence,8,Taiwan,3,Both,22,All ages,975,Diabetes mellitus type 1,3,Rate,2014,92.19255638714,105.46213585014999,80.04121319206
1,All Population,5,Prevalence,133,Venezuela (Bolivarian Republic of),3,Both,22,All ages,975,Diabetes mellitus type 1,3,Rate,2015,51.56632938811,64.12932352108,41.25691314012
1,All Population,5,Prevalence,13,Malaysia,3,Both,22,All ages,975,Diabetes mellitus type 1,3,Rate,2014,48.431911820349995,57.665487205830004,40.051887630479996
1,All Population,5,Prevalence,92,Spain,3,Both,22,All ages,975,Diabetes mellitus type 1,3,Rate,2014,320.55959065368,353.76747360221,287.47773916238
1,All Population,5,Prevalence,75,Austria,3,Both,22,All ages,975,Diabetes mellitus type 1,3,Rate,2015,253.9188445721,294.11925418074003,216.12949900649002
1,All Population,5,Prevalence,44,Bosnia and Herzegovina,3,Both,22,All ages,975,Diabetes mellitus type 1,3,Rate,2015,165.6063735052,189.20809384804,143.08417492298
1,All Population,5,Prevalence,29,Tonga,3,Both,22,All ages,975,Diabetes mellitus type 1,3,Rate,2014,38.28965196543,44.91497266648,31.680800579130004
1,All Population,5,Prevalence,89,Netherlands,3,Both,22,All ages,975,Diabetes mellitus type 1,3,Rate,2014,327.54299408416,364.33983583915,290.69465710786
1,All Population,5,Prevalence,181,Madagascar,3,Both,22,All ages,975,Diabetes mellitus type 1,3,Rate,2014,23.763945583290003,30.963438743250002,18.67720037152
1,All Population,5,Prevalence,102,United States of America,3,Both,22,All ages,975,Diabetes mellitus type 1,3,Rate,2015,397.56482673838997,451.51147404549005,351.81611781517
1,All Population,5,Prevalence,94,Switzerland,3,Both,22,All ages,975,Diabetes mellitus type 1,3,Rate,2015,359.27282082343,430.67722313254,300.38034931954996
1,All Population,5,Prevalence,160,Afghanistan,3,Both,22,All ages,975,Diabetes mellitus type 1,3,Rate,2014,79.5403495098,101.18082262498001,64.35590243182
1,All Population,5,Prevalence,81,Germany,3,Both,22,All ages,975,Diabetes mellitus type 1,3,Rate,2015,264.09224658201,293.31162532609,236.21948675379002
1,All Population,5,Prevalence,208,Guinea,3,Both,22,All ages,975,Diabetes mellitus type 1,3,Rate,2014,10.08384884781,12.32387252679,8.2214244835
1,All Population,5,Prevalence,128,Guatemala,3,Both,22,All ages,975,Diabetes mellitus type 1,3,Rate,2015,46.82276061257,59.06205092465,37.2650615901
1,All Population,5,Prevalence,38,Mongolia,3,Both,22,All ages,975,Diabetes mellitus type 1,3,Rate,2015,72.56311056044001,87.07009545003,60.999531367909995
1,All Population,5,Prevalence,34,Azerbaijan,3,Both,22,All ages,975,Diabetes mellitus type 1,3,Rate,2014,82.79658177831,98.81428245389,68.98293149107
1,All Population,5,Prevalence,24,Marshall Islands,3,Both,22,All ages,975,Diabetes mellitus type 1,3,Rate,2014,37.19664492448,44.44516286096,30.85731183468
1,All Population,5,Prevalence,44,Bosnia and Herzegovina,3,Both,22,All ages,975,Diabetes mellitus type 1,3,Rate,2014,163.26686514042,186.83688450280002,141.29258942737
1,All Population,5,Prevalence,148,Morocco,3,Both,22,All ages,975,Diabetes mellitus type 1,3,Rate,2015,93.98281835203,115.30911151565999,75.39154615347
1,All Population,5,Prevalence,213,Niger,3,Both,22,All ages,975,Diabetes mellitus type 1,3,Rate,2014,9.226901216429999,11.50441105996,7.46628665281
1,All Population,5,Prevalence,186,Seychelles,3,Both,22,All ages,975,Diabetes mellitus type 1,3,Rate,2014,51.25743654277,60.453873478999995,42.77656312805
1,All Population,5,Prevalence,57,Belarus,3,Both,22,All ages,975,Diabetes mellitus type 1,3,Rate,2015,158.67580499099998,184.33099370976,134.41883080120002
1,All Population,5,Prevalence,107,Barbados,3,Both,22,All ages,975,Diabetes mellitus type 1,3,Rate,2014,57.86081176638,71.52046103249,46.995709890090005
1,All Population,5,Prevalence,28,Solomon Islands,3,Both,22,All ages,975,Diabetes mellitus type 1,3,Rate,2015,36.83742754307,44.43021620977,30.40806472936
1,All Population,5,Prevalence,152,Saudi Arabia,3,Both,22,All ages,975,Diabetes mellitus type 1,3,Rate,2014,240.06547902505,283.13386781035,201.46577547869
1,All Population,5,Prevalence,68,Republic of Korea,3,Both,22,All ages,975,Diabetes mellitus type 1,3,Rate,2014,56.462176792150004,66.29094659905,48.972566286859994
1,All Population,5,Prevalence,171,Democratic Republic of the Congo,3,Both,22,All ages,975,Diabetes mellitus type 1,3,Rate,2014,13.39427660273,16.73297000314,10.82524584194
1,All Population,5,Prevalence,349,Greenland,3,Both,22,All ages,975,Diabetes mellitus type 1,3,Rate,2014,395.70438755814,449.99001847723,342.89364375405
1,All Population,5,Prevalence,23,Kiribati,3,Both,22,All ages,975,Diabetes mellitus type 1,3,Rate,2015,38.58342433191,46.059119538050005,31.9586761241
1,All Population,5,Prevalence,176,Comoros,3,Both,22,All ages,975,Diabetes mellitus type 1,3,Rate,2014,25.189654302759998,32.198145004969994,19.98015641459
1,All Population,5,Prevalence,133,Venezuela (Bolivarian Republic of),3,Both,22,All ages,975,Diabetes mellitus type 1,3,Rate,2014,51.26076065782,64.30268321782,40.919238917870004
1,All Population,5,Prevalence,41,Uzbekistan,3,Both,22,All ages,975,Diabetes mellitus type 1,3,Rate,2015,78.29455061327,94.00512371137,65.20496593456
1,All Population,5,Prevalence,198,Zimbabwe,3,Both,22,All ages,975,Diabetes mellitus type 1,3,Rate,2014,13.944911774609999,17.236816637489998,11.30833016947
1,All Population,5,Prevalence,187,Somalia,3,Both,22,All ages,975,Diabetes mellitus type 1,3,Rate,2014,22.71671722335,29.500356926330003,17.870482915140002
1,All Population,5,Prevalence,178,Eritrea,3,Both,22,All ages,975,Diabetes mellitus type 1,3,Rate,2014,41.83409919469,54.06489464751,32.31725356525
1,All Population,5,Prevalence,129,Honduras,3,Both,22,All ages,975,Diabetes mellitus type 1,3,Rate,2014,46.85939467976,59.09878634604,37.38956379587
1,All Population,5,Prevalence,47,Czechia,3,Both,22,All ages,975,Diabetes mellitus type 1,3,Rate,2015,346.14291070239,393.00174312403,299.29567419717
1,All Population,5,Prevalence,130,Mexico,3,Both,22,All ages,975,Diabetes mellitus type 1,3,Rate,2015,56.13938799164001,68.80384712825,45.64768636852
1,All Population,5,Prevalence,141,Egypt,3,Both,22,All ages,975,Diabetes mellitus type 1,3,Rate,2015,87.43674615158,107.51726573156,70.4156743616
1,All Population,5,Prevalence,320,Cook Islands,3,Both,22,All ages,975,Diabetes mellitus type 1,3,Rate,2014,45.54436781722,53.15933351198999,38.14929788359
1,All Population,5,Prevalence,10,Cambodia,3,Both,22,All ages,975,Diabetes mellitus type 1,3,Rate,2015,45.81390705379,54.81305781769,37.5277640352
1,All Population,5,Prevalence,117,Saint Vincent and the Grenadines,3,Both,22,All ages,975,Diabetes mellitus type 1,3,Rate,2015,54.78121995371,68.06497217292001,44.39376850338
1,All Population,5,Prevalence,183,Mauritius,3,Both,22,All ages,975,Diabetes mellitus type 1,3,Rate,2014,53.78235758991,63.215433612350004,44.71301255647
1,All Population,5,Prevalence,126,Costa Rica,3,Both,22,All ages,975,Diabetes mellitus type 1,3,Rate,2014,53.085462749559994,66.47956816245001,42.453611970809995
1,All Population,5,Prevalence,48,Hungary,3,Both,22,All ages,975,Diabetes mellitus type 1,3,Rate,2014,316.64004065494,358.92800507544,276.53053115593
1,All Population,5,Prevalence,113,Guyana,3,Both,22,All ages,975,Diabetes mellitus type 1,3,Rate,2014,52.391553916979994,65.04491778375001,41.85082051588
1,All Population,5,Prevalence,82,Greece,3,Both,22,All ages,975,Diabetes mellitus type 1,3,Rate,2014,195.67831675022998,228.9776222907,167.11146244919001
1,All Population,5,Prevalence,190,Uganda,3,Both,22,All ages,975,Diabetes mellitus type 1,3,Rate,2014,22.47482974529,29.61368401456,17.545111631210002
1,All Population,5,Prevalence,131,Nicaragua,3,Both,22,All ages,975,Diabetes mellitus type 1,3,Rate,2014,48.61551884891,60.84964814299,38.79357317151
1,All Population,5,Prevalence,147,Libya,3,Both,22,All ages,975,Diabetes mellitus type 1,3,Rate,2014,168.12717064449998,198.62717483279,140.59286358053
1,All Population,5,Prevalence,83,Iceland,3,Both,22,All ages,975,Diabetes mellitus type 1,3,Rate,2015,255.59924404403998,293.3174947133,221.45191185536
1,All Population,5,Prevalence,79,Finland,3,Both,22,All ages,975,Diabetes mellitus type 1,3,Rate,2014,851.53154400642,909.24682752385,781.6833914609101
1,All Population,5,Prevalence,376,Northern Mariana Islands,3,Both,22,All ages,975,Diabetes mellitus type 1,3,Rate,2014,46.059906065759996,53.7531610398,38.95040326948
1,All Population,5,Prevalence,195,Namibia,3,Both,22,All ages,975,Diabetes mellitus type 1,3,Rate,2014,14.837865625369998,18.00954806725,12.05121313153
1,All Population,5,Prevalence,142,Iran (Islamic Republic of),3,Both,22,All ages,975,Diabetes mellitus type 1,3,Rate,2014,70.78345010327999,86.20444949505,57.195837371740005
1,All Population,5,Prevalence,62,Russian Federation,3,Both,22,All ages,975,Diabetes mellitus type 1,3,Rate,2015,217.35989468255,258.54798594953,182.94620226771
1,All Population,5,Prevalence,150,Oman,3,Both,22,All ages,975,Diabetes mellitus type 1,3,Rate,2015,92.45680771822,113.91158568864999,75.10397357242
1,All Population,5,Prevalence,215,Sao Tome and Principe,3,Both,22,All ages,975,Diabetes mellitus type 1,3,Rate,2014,10.90825875491,13.146874275639998,8.90291026907
1,All Population,5,Prevalence,46,Croatia,3,Both,22,All ages,975,Diabetes mellitus type 1,3,Rate,2015,262.3129749182,298.04221268753,229.94257250983
1,All Population,5,Prevalence,37,Kyrgyzstan,3,Both,22,All ages,975,Diabetes mellitus type 1,3,Rate,2014,74.58936003736,89.34791745726,61.636122020580004
1,All Population,5,Prevalence,50,Montenegro,3,Both,22,All ages,975,Diabetes mellitus type 1,3,Rate,2014,268.72213380422,313.51821326086997,230.21799999952
1,All Population,5,Prevalence,119,Trinidad and Tobago,3,Both,22,All ages,975,Diabetes mellitus type 1,3,Rate,2015,56.9474469377,70.8201736587,46.34042306285
1,All Population,5,Prevalence,102,United States of America,3,Both,22,All ages,975,Diabetes mellitus type 1,3,Rate,2014,393.37508906413996,446.89772595017,348.39358225834
1,All Population,5,Prevalence,93,Sweden,3,Both,22,All ages,975,Diabetes mellitus type 1,3,Rate,2015,641.51973115964,702.52200335952,589.19225161867
1,All Population,5,Prevalence,95,United Kingdom,3,Both,22,All ages,975,Diabetes mellitus type 1,3,Rate,2014,384.96321750188997,444.61150374508,322.22244127461
1,All Population,5,Prevalence,84,Ireland,3,Both,22,All ages,975,Diabetes mellitus type 1,3,Rate,2014,320.85649292136,362.26435386393,283.73601028968
1,All Population,5,Prevalence,91,Portugal,3,Both,22,All ages,975,Diabetes mellitus type 1,3,Rate,2014,380.58018413951,444.66040727826,326.07389932272
1,All Population,5,Prevalence,189,United Republic of Tanzania,3,Both,22,All ages,975,Diabetes mellitus type 1,3,Rate,2014,22.38139852583,28.913850322419997,17.70155484333
1,All Population,5,Prevalence,351,Guam,3,Both,22,All ages,975,Diabetes mellitus type 1,3,Rate,2014,44.38256697499,51.886540815820005,37.16230994059
1,All Population,5,Prevalence,98,Chile,3,Both,22,All ages,975,Diabetes mellitus type 1,3,Rate,2015,111.80451894446999,126.73351619351999,98.29727199428
1,All Population,5,Prevalence,86,Italy,3,Both,22,All ages,975,Diabetes mellitus type 1,3,Rate,2015,307.19290493758996,351.73601138069,267.56255589609003
1,All Population,5,Prevalence,122,Ecuador,3,Both,22,All ages,975,Diabetes mellitus type 1,3,Rate,2015,48.17476420637,58.23812098386,39.21339071515
1,All Population,5,Prevalence,173,Gabon,3,Both,22,All ages,975,Diabetes mellitus type 1,3,Rate,2014,14.883979961120001,17.85937225144,12.03971352387
1,All Population,5,Prevalence,55,Slovenia,3,Both,22,All ages,975,Diabetes mellitus type 1,3,Rate,2014,263.43313981252,300.62725806808,229.50711024321998
1,All Population,5,Prevalence,49,North Macedonia,3,Both,22,All ages,975,Diabetes mellitus type 1,3,Rate,2015,161.60425336172,189.68670317856,137.25401724475
1,All Population,5,Prevalence,101,Canada,3,Both,22,All ages,975,Diabetes mellitus type 1,3,Rate,2015,528.22620387879,588.8900967671,472.65160202992996
1,All Population,5,Prevalence,46,Croatia,3,Both,22,All ages,975,Diabetes mellitus type 1,3,Rate,2014,258.70748691127,295.19878015435,226.44067508656
1,All Population,5,Prevalence,23,Kiribati,3,Both,22,All ages,975,Diabetes mellitus type 1,3,Rate,2014,38.13755469501,44.95861456141,31.71430416497
1,All Population,5,Prevalence,60,Lithuania,3,Both,22,All ages,975,Diabetes mellitus type 1,3,Rate,2014,186.96454832450002,208.80289818904,162.97029944482
1,All Population,5,Prevalence,385,Puerto Rico,3,Both,22,All ages,975,Diabetes mellitus type 1,3,Rate,2014,57.918418315400004,71.52509319099,46.95657857426
1,All Population,5,Prevalence,135,Brazil,3,Both,22,All ages,975,Diabetes mellitus type 1,3,Rate,2015,137.76771114103,169.13182545143002,113.52804526521001
1,All Population,5,Prevalence,165,Pakistan,3,Both,22,All ages,975,Diabetes mellitus type 1,3,Rate,2014,35.54073404291,42.43546920641,29.477863499709997
1,All Population,5,Prevalence,367,Monaco,3,Both,22,All ages,975,Diabetes mellitus type 1,3,Rate,2014,384.10369614253,451.94533932684004,325.71951899966996
1,All Population,5,Prevalence,10,Cambodia,3,Both,22,All ages,975,Diabetes mellitus type 1,3,Rate,2014,45.08923493427,53.98313288965,37.07117466649
1,All Population,5,Prevalence,128,Guatemala,3,Both,22,All ages,975,Diabetes mellitus type 1,3,Rate,2014,46.47530392093,58.59023094666001,37.05328081574
1,All Population,5,Prevalence,77,Cyprus,3,Both,22,All ages,975,Diabetes mellitus type 1,3,Rate,2015,214.42564560219,246.65478527116997,186.80056516149
1,All Population,5,Prevalence,94,Switzerland,3,Both,22,All ages,975,Diabetes mellitus type 1,3,Rate,2014,354.81263113111004,427.36836187201,296.28551235479
1,All Population,5,Prevalence,143,Iraq,3,Both,22,All ages,975,Diabetes mellitus type 1,3,Rate,2015,87.85634227931,108.56288558245,70.87795961037
1,All Population,5,Prevalence,118,Suriname,3,Both,22,All ages,975,Diabetes mellitus type 1,3,Rate,2014,53.88434963518001,67.45218032933,43.295133576080005
1,All Population,5,Prevalence,123,Peru,3,Both,22,All ages,975,Diabetes mellitus type 1,3,Rate,2014,48.964757585970005,60.37096211472,39.72976327086
1,All Population,5,Prevalence,115,Jamaica,3,Both,22,All ages,975,Diabetes mellitus type 1,3,Rate,2014,54.689735760199994,67.77554315608,43.98119466728
1,All Population,5,Prevalence,15,Myanmar,3,Both,22,All ages,975,Diabetes mellitus type 1,3,Rate,2014,47.07912670748,56.19874108502,38.90067177492
1,All Population,5,Prevalence,12,Lao People's Democratic Republic,3,Both,22,All ages,975,Diabetes mellitus type 1,3,Rate,2015,44.490055052049996,53.816464888549994,36.32835700796
1,All Population,5,Prevalence,171,Democratic Republic of the Congo,3,Both,22,All ages,975,Diabetes mellitus type 1,3,Rate,2015,13.52413622281,17.070313814400002,10.888506252540001
1,All Population,5,Prevalence,175,Burundi,3,Both,22,All ages,975,Diabetes mellitus type 1,3,Rate,2014,22.96160337614,29.78173689806,18.10749360159
1,All Population,5,Prevalence,154,Tunisia,3,Both,22,All ages,975,Diabetes mellitus type 1,3,Rate,2014,114.19405157253,139.15104091964,92.3669773061
1,All Population,5,Prevalence,203,Cabo Verde,3,Both,22,All ages,975,Diabetes mellitus type 1,3,Rate,2014,12.3429099094,14.80977071628,10.074110895979999
1,All Population,5,Prevalence,72,New Zealand,3,Both,22,All ages,975,Diabetes mellitus type 1,3,Rate,2015,295.1407097507,344.15025756948,249.1273337249
1,All Population,5,Prevalence,71,Australia,3,Both,22,All ages,975,Diabetes mellitus type 1,3,Rate,2014,390.07635562247003,434.81228843787,354.85606070528
1,All Population,5,Prevalence,26,Papua New Guinea,3,Both,22,All ages,975,Diabetes mellitus type 1,3,Rate,2014,36.86194898639,43.91235981755,30.597543383339996
1,All Population,5,Prevalence,39,Tajikistan,3,Both,22,All ages,975,Diabetes mellitus type 1,3,Rate,2014,70.90527657073001,85.94626917308,58.652251111469994
1,All Population,5,Prevalence,162,Bhutan,3,Both,22,All ages,975,Diabetes mellitus type 1,3,Rate,2014,43.02567183875,51.38131822806,35.589839837599996
1,All Population,5,Prevalence,208,Guinea,3,Both,22,All ages,975,Diabetes mellitus type 1,3,Rate,2015,10.14107824607,12.51495931652,8.25675089674
1,All Population,5,Prevalence,197,Eswatini,3,Both,22,All ages,975,Diabetes mellitus type 1,3,Rate,2014,14.62484485661,17.92091948573,11.89431748775
1,All Population,5,Prevalence,156,United Arab Emirates,3,Both,22,All ages,975,Diabetes mellitus type 1,3,Rate,2015,102.53640448086,127.5316832796,83.91806447566
1,All Population,5,Prevalence,85,Israel,3,Both,22,All ages,975,Diabetes mellitus type 1,3,Rate,2015,198.72368991705,222.1839208112,178.31638601365998
1,All Population,5,Prevalence,25,Micronesia (Federated States of),3,Both,22,All ages,975,Diabetes mellitus type 1,3,Rate,2015,40.27782393337,47.822189949780004,33.30123652255
1,All Population,5,Prevalence,106,Bahamas,3,Both,22,All ages,975,Diabetes mellitus type 1,3,Rate,2015,56.23063361325,70.24753398006,45.35693721384
1,All Population,5,Prevalence,52,Romania,3,Both,22,All ages,975,Diabetes mellitus type 1,3,Rate,2014,133.35232088649002,151.7655134161,116.82940806758
1,All Population,5,Prevalence,416,Tuvalu,3,Both,22,All ages,975,Diabetes mellitus type 1,3,Rate,2014,40.59902791347,47.75804154213,33.85077402343
1,All Population,5,Prevalence,97,Argentina,3,Both,22,All ages,975,Diabetes mellitus type 1,3,Rate,2014,99.0578583255,117.25288974922,81.80303159912
1,All Population,5,Prevalence,185,Rwanda,3,Both,22,All ages,975,Diabetes mellitus type 1,3,Rate,2014,26.716558656230003,34.3137313315,21.40106922968
1,All Population,5,Prevalence,155,Türkiye,3,Both,22,All ages,975,Diabetes mellitus type 1,3,Rate,2014,95.41058991979,114.43163974843,79.54112161631
1,All Population,5,Prevalence,121,Bolivia (Plurinational State of),3,Both,22,All ages,975,Diabetes mellitus type 1,3,Rate,2015,47.3571972339,57.55783523209,38.377204521370004
1,All Population,5,Prevalence,200,Benin,3,Both,22,All ages,975,Diabetes mellitus type 1,3,Rate,2014,9.960279419379999,12.22395300025,8.12467978528
1,All Population,5,Prevalence,30,Vanuatu,3,Both,22,All ages,975,Diabetes mellitus type 1,3,Rate,2015,36.79742922791,44.295214998940004,30.39156659119
1,All Population,5,Prevalence,59,Latvia,3,Both,22,All ages,975,Diabetes mellitus type 1,3,Rate,2015,186.81582454264,214.39917609807,160.38515098831002
1,All Population,5,Prevalence,145,Kuwait,3,Both,22,All ages,975,Diabetes mellitus type 1,3,Rate,2015,363.46984320666,428.03847870527994,317.28994651666
1,All Population,5,Prevalence,93,Sweden,3,Both,22,All ages,975,Diabetes mellitus type 1,3,Rate,2014,634.54680953155,695.34143263814,581.58951870947
1,All Population,5,Prevalence,86,Italy,3,Both,22,All ages,975,Diabetes mellitus type 1,3,Rate,2014,303.46647492736,348.61497599521,263.9670614034
1,All Population,5,Prevalence,57,Belarus,3,Both,22,All ages,975,Diabetes mellitus type 1,3,Rate,2014,158.57859804057,184.07747680946,134.59402706897998
1,All Population,5,Prevalence,63,Ukraine,3,Both,22,All ages,975,Diabetes mellitus type 1,3,Rate,2014,161.43923980593001,188.63349707183,136.63547408363002
1,All Population,5,Prevalence,43,Albania,3,Both,22,All ages,975,Diabetes mellitus type 1,3,Rate,2015,233.34130886392998,269.97856033861,200.759797694
1,All Population,5,Prevalence,210,Liberia,3,Both,22,All ages,975,Diabetes mellitus type 1,3,Rate,2014,10.690046045599999,12.971269259540001,8.756646067410001
1,All Population,5,Prevalence,149,Palestine,3,Both,22,All ages,975,Diabetes mellitus type 1,3,Rate,2014,84.27852306467,104.74553644157,68.24762104912999
1,All Population,5,Prevalence,27,Samoa,3,Both,22,All ages,975,Diabetes mellitus type 1,3,Rate,2015,38.074830695930004,45.17629989596,31.40836991234
1,All Population,5,Prevalence,14,Maldives,3,Both,22,All ages,975,Diabetes mellitus type 1,3,Rate,2015,56.78322249272,69.15675388913999,46.29328699264
1,All Population,5,Prevalence,87,Luxembourg,3,Both,22,All ages,975,Diabetes mellitus type 1,3,Rate,2015,384.55657739647,444.22178575236995,332.51839849007
1,All Population,5,Prevalence,28,Solomon Islands,3,Both,22,All ages,975,Diabetes mellitus type 1,3,Rate,2014,36.30893807483,43.45231894979,30.0947445965
1,All Population,5,Prevalence,62,Russian Federation,3,Both,22,All ages,975,Diabetes mellitus type 1,3,Rate,2014,217.09631949263002,257.88993880188997,182.4396806802
1,All Population,5,Prevalence,88,Malta,3,Both,22,All ages,975,Diabetes mellitus type 1,3,Rate,2015,297.14268401786,344.32467916609,255.27460893670002
1,All Population,5,Prevalence,200,Benin,3,Both,22,All ages,975,Diabetes mellitus type 1,3,Rate,2015,10.04448781599,12.44209131891,8.17893799408
1,All Population,5,Prevalence,396,San Marino,3,Both,22,All ages,975,Diabetes mellitus type 1,3,Rate,2014,383.65238988399,448.7385832803,328.04718949502
1,All Population,5,Prevalence,12,Lao People's Democratic Republic,3,Both,22,All ages,975,Diabetes mellitus type 1,3,Rate,2014,43.76603066262,52.52628805639,35.85507184648
1,All Population,5,Prevalence,110,Dominica,3,Both,22,All ages,975,Diabetes mellitus type 1,3,Rate,2014,54.72787882406,68.1905268766,44.146690263029996
1,All Population,5,Prevalence,170,Congo,3,Both,22,All ages,975,Diabetes mellitus type 1,3,Rate,2014,14.205725277200001,17.38891078667,11.50204241826
1,All Population,5,Prevalence,144,Jordan,3,Both,22,All ages,975,Diabetes mellitus type 1,3,Rate,2014,73.65196793376,88.27993694944,60.31073487089
1,All Population,5,Prevalence,164,Nepal,3,Both,22,All ages,975,Diabetes mellitus type 1,3,Rate,2014,41.21302967017,49.28785264004,33.98763337564
1,All Population,5,Prevalence,413,Tokelau,3,Both,22,All ages,975,Diabetes mellitus type 1,3,Rate,2015,42.4514220294,49.57734283963,35.15818378945
1,All Population,5,Prevalence,47,Czechia,3,Both,22,All ages,975,Diabetes mellitus type 1,3,Rate,2014,342.01439862652,389.60114446027,295.31498113981
1,All Population,5,Prevalence,109,Cuba,3,Both,22,All ages,975,Diabetes mellitus type 1,3,Rate,2015,60.49317446219,75.87097205324,48.36933862744
1,All Population,5,Prevalence,51,Poland,3,Both,22,All ages,975,Diabetes mellitus type 1,3,Rate,2015,298.36430762228,337.33631115816,265.22704470798
1,All Population,5,Prevalence,522,Sudan,3,Both,22,All ages,975,Diabetes mellitus type 1,3,Rate,2014,84.22933616035,102.29386922224,70.35856250536
1,All Population,5,Prevalence,81,Germany,3,Both,22,All ages,975,Diabetes mellitus type 1,3,Rate,2014,260.95356952111996,290.71327425852,233.5210802548
1,All Population,5,Prevalence,165,Pakistan,3,Both,22,All ages,975,Diabetes mellitus type 1,3,Rate,2015,35.72892809252,43.16865739345,29.581692951959997
1,All Population,5,Prevalence,180,Kenya,3,Both,22,All ages,975,Diabetes mellitus type 1,3,Rate,2014,22.76885473643,28.75185539319,18.39088291533
1,All Population,5,Prevalence,173,Gabon,3,Both,22,All ages,975,Diabetes mellitus type 1,3,Rate,2015,15.01383999425,18.28118401344,12.16921362079
1,All Population,5,Prevalence,78,Denmark,3,Both,22,All ages,975,Diabetes mellitus type 1,3,Rate,2014,376.59891873111,434.71726566551,324.43696114776
1,All Population,5,Prevalence,157,Yemen,3,Both,22,All ages,975,Diabetes mellitus type 1,3,Rate,2014,22.49420800043,27.06858965548,19.10860233166
1,All Population,5,Prevalence,74,Andorra,3,Both,22,All ages,975,Diabetes mellitus type 1,3,Rate,2015,395.1130109779,457.96904750884,341.58523695082
1,All Population,5,Prevalence,7,Democratic People's Republic of Korea,3,Both,22,All ages,975,Diabetes mellitus type 1,3,Rate,2014,67.56915643512,77.29034138906,58.19378027009
1,All Population,5,Prevalence,18,Thailand,3,Both,22,All ages,975,Diabetes mellitus type 1,3,Rate,2014,55.42905404445,64.93287023330001,46.15543728725
1,All Population,5,Prevalence,54,Slovakia,3,Both,22,All ages,975,Diabetes mellitus type 1,3,Rate,2014,284.00859612391,323.42370806643,245.82668207963
1,All Population,5,Prevalence,45,Bulgaria,3,Both,22,All ages,975,Diabetes mellitus type 1,3,Rate,2015,244.33484415215997,283.13583327686,209.28275272989998
1,All Population,5,Prevalence,123,Peru,3,Both,22,All ages,975,Diabetes mellitus type 1,3,Rate,2015,49.308505179730005,60.659760714389996,40.137133020709996
1,All Population,5,Prevalence,39,Tajikistan,3,Both,22,All ages,975,Diabetes mellitus type 1,3,Rate,2015,71.29103602349001,87.15135295722,58.98835393299
1,All Population,5,Prevalence,99,Uruguay,3,Both,22,All ages,975,Diabetes mellitus type 1,3,Rate,2014,102.44072540022,121.81476775252999,84.53570016316
1,All Population,5,Prevalence,90,Norway,3,Both,22,All ages,975,Diabetes mellitus type 1,3,Rate,2015,457.53600375633005,524.89307087156,394.15620066533
1,All Population,5,Prevalence,213,Niger,3,Both,22,All ages,975,Diabetes mellitus type 1,3,Rate,2015,9.27954917098,11.61233323357,7.4878975060699995
1,All Population,5,Prevalence,141,Egypt,3,Both,22,All ages,975,Diabetes mellitus type 1,3,Rate,2014,86.19931450416,105.68428174181,69.43609650305001
1,All Population,5,Prevalence,50,Montenegro,3,Both,22,All ages,975,Diabetes mellitus type 1,3,Rate,2015,272.53382668339,317.17154664348,234.23647984695
1,All Population,5,Prevalence,163,India,3,Both,22,All ages,975,Diabetes mellitus type 1,3,Rate,2015,62.97577888507001,74.94742928448001,52.23801207464
1,All Population,5,Prevalence,218,Togo,3,Both,22,All ages,975,Diabetes mellitus type 1,3,Rate,2014,10.70158759385,12.92176257911,8.73060786388
1,All Population,5,Prevalence,146,Lebanon,3,Both,22,All ages,975,Diabetes mellitus type 1,3,Rate,2014,92.69619704871,113.44169055159999,74.11540750699
1,All Population,5,Prevalence,97,Argentina,3,Both,22,All ages,975,Diabetes mellitus type 1,3,Rate,2015,100.98591414449999,118.95234426873,83.15245942304
1,All Population,5,Prevalence,122,Ecuador,3,Both,22,All ages,975,Diabetes mellitus type 1,3,Rate,2014,47.77447645561,58.182311147200004,38.88092837354
1,All Population,5,Prevalence,186,Seychelles,3,Both,22,All ages,975,Diabetes mellitus type 1,3,Rate,2015,51.88866334572,61.42367567788,43.21802916153
1,All Population,5,Prevalence,29,Tonga,3,Both,22,All ages,975,Diabetes mellitus type 1,3,Rate,2015,38.783657396660004,46.01751425603,31.97186458233
1,All Population,5,Prevalence,112,Grenada,3,Both,22,All ages,975,Diabetes mellitus type 1,3,Rate,2014,54.71187434735,68.26530448817,44.10684980001
1,All Population,5,Prevalence,17,Sri Lanka,3,Both,22,All ages,975,Diabetes mellitus type 1,3,Rate,2015,51.07925953904,60.56098749131999,42.25174351972
1,All Population,5,Prevalence,20,Viet Nam,3,Both,22,All ages,975,Diabetes mellitus type 1,3,Rate,2014,49.673378440140006,58.88510156886999,41.3425769641
1,All Population,5,Prevalence,28,Solomon Islands,3,Both,22,All ages,975,Diabetes mellitus type 1,3,Rate,2016,37.364198129820004,45.26620700275,30.78126727995
1,All Population,5,Prevalence,178,Eritrea,3,Both,22,All ages,975,Diabetes mellitus type 1,3,Rate,2015,43.43709248516,56.160451519960006,33.36292085245
1,All Population,5,Prevalence,169,Central African Republic,3,Both,22,All ages,975,Diabetes mellitus type 1,3,Rate,2014,13.13287597479,16.43223825824,10.609412085619999
1,All Population,5,Prevalence,139,Algeria,3,Both,22,All ages,975,Diabetes mellitus type 1,3,Rate,2015,276.17822999713,333.7563410778,236.73640634568
1,All Population,5,Prevalence,172,Equatorial Guinea,3,Both,22,All ages,975,Diabetes mellitus type 1,3,Rate,2014,13.374958130069999,16.68273885489,10.86571632516
1,All Population,5,Prevalence,67,Japan,3,Both,22,All ages,975,Diabetes mellitus type 1,3,Rate,2014,42.1379087711,48.96042578539001,36.41210894108
1,All Population,5,Prevalence,205,Côte d'Ivoire,3,Both,22,All ages,975,Diabetes mellitus type 1,3,Rate,2014,10.622144464,12.85875918588,8.700899549199999
1,All Population,5,Prevalence,63,Ukraine,3,Both,22,All ages,975,Diabetes mellitus type 1,3,Rate,2015,161.79492230133,189.44867451985002,137.37354079297
1,All Population,5,Prevalence,18,Thailand,3,Both,22,All ages,975,Diabetes mellitus type 1,3,Rate,2015,56.223444782360005,65.94301346049,46.87051163836
1,All Population,5,Prevalence,151,Qatar,3,Both,22,All ages,975,Diabetes mellitus type 1,3,Rate,2014,186.67947497044,236.18804476046,150.76144179651
1,All Population,5,Prevalence,144,Jordan,3,Both,22,All ages,975,Diabetes mellitus type 1,3,Rate,2015,75.24159808828,91.60917406636,61.19117481084
1,All Population,5,Prevalence,52,Romania,3,Both,22,All ages,975,Diabetes mellitus type 1,3,Rate,2015,135.35401119364,153.23268281539,118.78021421774
1,All Population,5,Prevalence,61,Republic of Moldova,3,Both,22,All ages,975,Diabetes mellitus type 1,3,Rate,2015,182.47925928798,212.00981593129,158.02193569216
1,All Population,5,Prevalence,110,Dominica,3,Both,22,All ages,975,Diabetes mellitus type 1,3,Rate,2015,55.11247349826,68.18182289175,44.574532381219996
1,All Population,5,Prevalence,108,Belize,3,Both,22,All ages,975,Diabetes mellitus type 1,3,Rate,2015,51.32884954211,64.38355835677,40.86426164116
1,All Population,5,Prevalence,212,Mauritania,3,Both,22,All ages,975,Diabetes mellitus type 1,3,Rate,2014,10.418718110919999,12.62183137002,8.48349164278
1,All Population,5,Prevalence,99,Uruguay,3,Both,22,All ages,975,Diabetes mellitus type 1,3,Rate,2015,104.16984589746001,123.05671972558,85.82006726894
1,All Population,5,Prevalence,40,Turkmenistan,3,Both,22,All ages,975,Diabetes mellitus type 1,3,Rate,2015,76.09783386391,91.00972939089,63.18509886446
1,All Population,5,Prevalence,7,Democratic People's Republic of Korea,3,Both,22,All ages,975,Diabetes mellitus type 1,3,Rate,2015,68.65533862787,77.97686692268,59.05273901436
1,All Population,5,Prevalence,435,South Sudan,3,Both,22,All ages,975,Diabetes mellitus type 1,3,Rate,2014,23.34098795336,30.3740467631,18.368740838599997
1,All Population,5,Prevalence,215,Sao Tome and Principe,3,Both,22,All ages,975,Diabetes mellitus type 1,3,Rate,2015,11.06431376245,13.43094914586,9.01854304834
1,All Population,5,Prevalence,106,Bahamas,3,Both,22,All ages,975,Diabetes mellitus type 1,3,Rate,2014,55.79424006987,69.79761734637,44.80395642041
1,All Population,5,Prevalence,59,Latvia,3,Both,22,All ages,975,Diabetes mellitus type 1,3,Rate,2014,186.69546416263998,215.10733284250003,160.92978836855
1,All Population,5,Prevalence,125,Colombia,3,Both,22,All ages,975,Diabetes mellitus type 1,3,Rate,2014,52.1343150849,65.12630998737,41.67469307593
1,All Population,5,Prevalence,146,Lebanon,3,Both,22,All ages,975,Diabetes mellitus type 1,3,Rate,2015,93.41717929991,114.49349532687,75.17423802319
1,All Population,5,Prevalence,75,Austria,3,Both,22,All ages,975,Diabetes mellitus type 1,3,Rate,2014,250.74047752815,291.75160286753004,212.7568429252
1,All Population,5,Prevalence,161,Bangladesh,3,Both,22,All ages,975,Diabetes mellitus type 1,3,Rate,2014,33.91087356216,40.69871884237,28.08209999511
1,All Population,5,Prevalence,169,Central African Republic,3,Both,22,All ages,975,Diabetes mellitus type 1,3,Rate,2015,13.2448362015,16.740020220010003,10.65185006591
1,All Population,5,Prevalence,92,Spain,3,Both,22,All ages,975,Diabetes mellitus type 1,3,Rate,2015,325.18667617350997,358.00782672568,292.14050740464
1,All Population,5,Prevalence,20,Viet Nam,3,Both,22,All ages,975,Diabetes mellitus type 1,3,Rate,2015,50.256163354689996,59.803633827620004,41.74443544055
1,All Population,5,Prevalence,36,Kazakhstan,3,Both,22,All ages,975,Diabetes mellitus type 1,3,Rate,2016,81.08267933661,97.3671969549,68.38847231381
1,All Population,5,Prevalence,41,Uzbekistan,3,Both,22,All ages,975,Diabetes mellitus type 1,3,Rate,2016,78.63580206045,93.93099569168,65.72198669581
1,All Population,5,Prevalence,16,Philippines,3,Both,22,All ages,975,Diabetes mellitus type 1,3,Rate,2015,43.47564274279,51.21519017608,36.13129849614
1,All Population,5,Prevalence,147,Libya,3,Both,22,All ages,975,Diabetes mellitus type 1,3,Rate,2015,170.17958743600002,202.2487236625,141.46667550362
1,All Population,5,Prevalence,180,Kenya,3,Both,22,All ages,975,Diabetes mellitus type 1,3,Rate,2015,23.15997559676,29.34030327632,18.602963084840002
1,All Population,5,Prevalence,136,Paraguay,3,Both,22,All ages,975,Diabetes mellitus type 1,3,Rate,2015,96.57756834548,123.00849533956001,75.74951884922
1,All Population,5,Prevalence,320,Cook Islands,3,Both,22,All ages,975,Diabetes mellitus type 1,3,Rate,2015,46.20661731911,54.030491303750004,38.6383487027
1,All Population,5,Prevalence,117,Saint Vincent and the Grenadines,3,Both,22,All ages,975,Diabetes mellitus type 1,3,Rate,2014,54.45139288306,68.01821459761,43.907216131990005
1,All Population,5,Prevalence,153,Syrian Arab Republic,3,Both,22,All ages,975,Diabetes mellitus type 1,3,Rate,2014,88.37116069098,108.96289771363001,71.15809499322
1,All Population,5,Prevalence,195,Namibia,3,Both,22,All ages,975,Diabetes mellitus type 1,3,Rate,2015,14.983455869160002,18.40235311179,12.1435566148
1,All Population,5,Prevalence,114,Haiti,3,Both,22,All ages,975,Diabetes mellitus type 1,3,Rate,2014,48.83477902475,61.11276562371,39.08570729812
1,All Population,5,Prevalence,54,Slovakia,3,Both,22,All ages,975,Diabetes mellitus type 1,3,Rate,2015,288.05713905514,327.02964207011,248.94156859639
1,All Population,5,Prevalence,76,Belgium,3,Both,22,All ages,975,Diabetes mellitus type 1,3,Rate,2015,311.59884863618,362.17371219846,264.02083440088
1,All Population,5,Prevalence,112,Grenada,3,Both,22,All ages,975,Diabetes mellitus type 1,3,Rate,2015,55.08727531764001,68.24228702147,44.56754318362
1,All Population,5,Prevalence,175,Burundi,3,Both,22,All ages,975,Diabetes mellitus type 1,3,Rate,2015,23.42281290415,30.809060603899997,18.35526108863
1,All Population,5,Prevalence,111,Dominican Republic,3,Both,22,All ages,975,Diabetes mellitus type 1,3,Rate,2015,52.833198708560005,65.66835818883,42.40243476587
1,All Population,5,Prevalence,157,Yemen,3,Both,22,All ages,975,Diabetes mellitus type 1,3,Rate,2015,22.64725171275,27.27943266934,19.224554713969997
1,All Population,5,Prevalence,207,Ghana,3,Both,22,All ages,975,Diabetes mellitus type 1,3,Rate,2014,11.143764552150001,13.43549840991,9.11359185396
1,All Population,5,Prevalence,30,Vanuatu,3,Both,22,All ages,975,Diabetes mellitus type 1,3,Rate,2016,37.26144461929,45.023817848149996,30.721817811690002
1,All Population,5,Prevalence,183,Mauritius,3,Both,22,All ages,975,Diabetes mellitus type 1,3,Rate,2015,54.58028386387,64.32364419543,45.33441227737
1,All Population,5,Prevalence,78,Denmark,3,Both,22,All ages,975,Diabetes mellitus type 1,3,Rate,2015,381.0402508718,438.09781235851005,328.28061107388004
1,All Population,5,Prevalence,67,Japan,3,Both,22,All ages,975,Diabetes mellitus type 1,3,Rate,2015,42.470676448649996,49.179006142240006,36.542751279810005
1,All Population,5,Prevalence,376,Northern Mariana Islands,3,Both,22,All ages,975,Diabetes mellitus type 1,3,Rate,2015,46.60492642037,54.57297818302,39.32197684828
1,All Population,5,Prevalence,22,Fiji,3,Both,22,All ages,975,Diabetes mellitus type 1,3,Rate,2015,42.17843256378,49.897146832139995,35.32618590732
1,All Population,5,Prevalence,170,Congo,3,Both,22,All ages,975,Diabetes mellitus type 1,3,Rate,2015,14.317116612320001,17.70981562563,11.56188994952
1,All Population,5,Prevalence,149,Palestine,3,Both,22,All ages,975,Diabetes mellitus type 1,3,Rate,2015,85.96271534754,107.14118632997999,69.49391158807
1,All Population,5,Prevalence,189,United Republic of Tanzania,3,Both,22,All ages,975,Diabetes mellitus type 1,3,Rate,2015,22.82204662233,29.40070543067,18.00784725272
1,All Population,5,Prevalence,197,Eswatini,3,Both,22,All ages,975,Diabetes mellitus type 1,3,Rate,2015,14.82549270759,18.328346048580002,12.02959573729
1,All Population,5,Prevalence,43,Albania,3,Both,22,All ages,975,Diabetes mellitus type 1,3,Rate,2016,237.73438231830002,275.0788710328,204.72453103344003
1,All Population,5,Prevalence,114,Haiti,3,Both,22,All ages,975,Diabetes mellitus type 1,3,Rate,2015,49.10081273120001,61.725588477399995,39.24156983317
1,All Population,5,Prevalence,209,Guinea-Bissau,3,Both,22,All ages,975,Diabetes mellitus type 1,3,Rate,2014,10.17606932486,12.47563161793,8.34857823553
1,All Population,5,Prevalence,125,Colombia,3,Both,22,All ages,975,Diabetes mellitus type 1,3,Rate,2015,52.49415809662,64.98379520536,42.10048330283
1,All Population,5,Prevalence,33,Armenia,3,Both,22,All ages,975,Diabetes mellitus type 1,3,Rate,2015,88.69734727915,105.15865088865,74.61317979806
1,All Population,5,Prevalence,351,Guam,3,Both,22,All ages,975,Diabetes mellitus type 1,3,Rate,2015,44.99225749054,52.76264879671,37.594707936030005
1,All Population,5,Prevalence,194,Lesotho,3,Both,22,All ages,975,Diabetes mellitus type 1,3,Rate,2015,15.147959270380001,18.59174299407,12.29181638736
1,All Population,5,Prevalence,38,Mongolia,3,Both,22,All ages,975,Diabetes mellitus type 1,3,Rate,2016,72.73084652906,87.35001341377999,61.251840161329994
1,All Population,5,Prevalence,182,Malawi,3,Both,22,All ages,975,Diabetes mellitus type 1,3,Rate,2015,23.785339811100002,31.717073270249998,18.57587223571
1,All Population,5,Prevalence,172,Equatorial Guinea,3,Both,22,All ages,975,Diabetes mellitus type 1,3,Rate,2015,13.56265331454,16.93757267659,10.969805567949999
1,All Population,5,Prevalence,69,Singapore,3,Both,22,All ages,975,Diabetes mellitus type 1,3,Rate,2015,53.15945830299,61.89408778609,46.065091247969995
1,All Population,5,Prevalence,80,France,3,Both,22,All ages,975,Diabetes mellitus type 1,3,Rate,2015,238.26799228611,264.94378368264,211.27128368622
1,All Population,5,Prevalence,202,Cameroon,3,Both,22,All ages,975,Diabetes mellitus type 1,3,Rate,2015,10.34383339544,12.717060831289999,8.50406151534
1,All Population,5,Prevalence,422,United States Virgin Islands,3,Both,22,All ages,975,Diabetes mellitus type 1,3,Rate,2015,69.49612686049,87.75499916575,54.632198680580004
1,All Population,5,Prevalence,191,Zambia,3,Both,22,All ages,975,Diabetes mellitus type 1,3,Rate,2015,23.25346769211,31.00069703745,18.16690770843
1,All Population,5,Prevalence,151,Qatar,3,Both,22,All ages,975,Diabetes mellitus type 1,3,Rate,2015,189.31160560523,238.39023665602,153.94543019048
1,All Population,5,Prevalence,185,Rwanda,3,Both,22,All ages,975,Diabetes mellitus type 1,3,Rate,2015,27.32950233632,35.38861075144,21.81128490987
1,All Population,5,Prevalence,47,Czechia,3,Both,22,All ages,975,Diabetes mellitus type 1,3,Rate,2016,350.10717880566,396.24670768657006,303.21976763538004
1,All Population,5,Prevalence,385,Puerto Rico,3,Both,22,All ages,975,Diabetes mellitus type 1,3,Rate,2015,58.444648716770004,72.24297486897,47.58510954598
1,All Population,5,Prevalence,161,Bangladesh,3,Both,22,All ages,975,Diabetes mellitus type 1,3,Rate,2015,34.18537221669,40.81905376305,28.488864996340002
1,All Population,5,Prevalence,35,Georgia,3,Both,22,All ages,975,Diabetes mellitus type 1,3,Rate,2015,89.88918449394,106.29680385335,75.37511082377
1,All Population,5,Prevalence,48,Hungary,3,Both,22,All ages,975,Diabetes mellitus type 1,3,Rate,2015,320.59081935829,361.52790989337996,279.40013172112
1,All Population,5,Prevalence,12,Lao People's Democratic Republic,3,Both,22,All ages,975,Diabetes mellitus type 1,3,Rate,2016,45.19794352547,54.90182169318,36.88864606737
1,All Population,5,Prevalence,210,Liberia,3,Both,22,All ages,975,Diabetes mellitus type 1,3,Rate,2015,10.82714366269,13.26015265464,8.86178981217
1,All Population,5,Prevalence,164,Nepal,3,Both,22,All ages,975,Diabetes mellitus type 1,3,Rate,2015,41.699382930270005,49.73596175568,34.55203671366
1,All Population,5,Prevalence,45,Bulgaria,3,Both,22,All ages,975,Diabetes mellitus type 1,3,Rate,2016,247.23310912023,284.86002639267,212.41307496868
1,All Population,5,Prevalence,140,Bahrain,3,Both,22,All ages,975,Diabetes mellitus type 1,3,Rate,2015,99.02584036773001,120.93769382727001,80.03300100932
1,All Population,5,Prevalence,75,Austria,3,Both,22,All ages,975,Diabetes mellitus type 1,3,Rate,2016,257.19678535319,296.57133170771,219.43135124406
1,All Population,5,Prevalence,116,Saint Lucia,3,Both,22,All ages,975,Diabetes mellitus type 1,3,Rate,2015,57.19636417942,71.38344771001,46.49665010797
1,All Population,5,Prevalence,196,South Africa,3,Both,22,All ages,975,Diabetes mellitus type 1,3,Rate,2015,16.02014927786,19.14820159991,13.24107060256
1,All Population,5,Prevalence,177,Djibouti,3,Both,22,All ages,975,Diabetes mellitus type 1,3,Rate,2015,26.08192822888,33.20883707729,20.84979541449
1,All Population,5,Prevalence,127,El Salvador,3,Both,22,All ages,975,Diabetes mellitus type 1,3,Rate,2015,50.51724537905999,63.02517662371,40.34158001379
1,All Population,5,Prevalence,94,Switzerland,3,Both,22,All ages,975,Diabetes mellitus type 1,3,Rate,2016,364.04676999662996,433.28975767673,305.07378347952
1,All Population,5,Prevalence,396,San Marino,3,Both,22,All ages,975,Diabetes mellitus type 1,3,Rate,2015,389.35243558688,453.49142325056,333.2094834432
1,All Population,5,Prevalence,83,Iceland,3,Both,22,All ages,975,Diabetes mellitus type 1,3,Rate,2016,259.88086566378,297.42843566830004,225.36080487108
1,All Population,5,Prevalence,95,United Kingdom,3,Both,22,All ages,975,Diabetes mellitus type 1,3,Rate,2015,389.32226679094003,448.47080540297003,325.74347702486
1,All Population,5,Prevalence,17,Sri Lanka,3,Both,22,All ages,975,Diabetes mellitus type 1,3,Rate,2016,51.74154004184,61.5239349044,42.7729711157
1,All Population,5,Prevalence,82,Greece,3,Both,22,All ages,975,Diabetes mellitus type 1,3,Rate,2015,198.4697270787,231.54146590694998,169.65731106177998
1,All Population,5,Prevalence,184,Mozambique,3,Both,22,All ages,975,Diabetes mellitus type 1,3,Rate,2015,23.1838541383,30.796965553259998,18.09270578289
1,All Population,5,Prevalence,204,Chad,3,Both,22,All ages,975,Diabetes mellitus type 1,3,Rate,2015,9.32135748784,11.68202167177,7.515350354710001
1,All Population,5,Prevalence,14,Maldives,3,Both,22,All ages,975,Diabetes mellitus type 1,3,Rate,2016,58.02430356932,70.93370203291,47.24945212537
1,All Population,5,Prevalence,25,Micronesia (Federated States of),3,Both,22,All ages,975,Diabetes mellitus type 1,3,Rate,2016,40.90378937428,48.67952286022,33.78360598114
1,All Population,5,Prevalence,374,Niue,3,Both,22,All ages,975,Diabetes mellitus type 1,3,Rate,2015,45.64296150811,53.3316091524,38.087364556450005
1,All Population,5,Prevalence,187,Somalia,3,Both,22,All ages,975,Diabetes mellitus type 1,3,Rate,2015,23.13108273744,30.638554223729997,18.09192661906
1,All Population,5,Prevalence,77,Cyprus,3,Both,22,All ages,975,Diabetes mellitus type 1,3,Rate,2016,217.53197686745997,248.03989275877998,190.03789808117
1,All Population,5,Prevalence,122,Ecuador,3,Both,22,All ages,975,Diabetes mellitus type 1,3,Rate,2016,48.55229742806,59.25091139394,39.632507877319995
1,All Population,5,Prevalence,11,Indonesia,3,Both,22,All ages,975,Diabetes mellitus type 1,3,Rate,2016,47.70041593189,56.92227884782,40.0579341635
1,All Population,5,Prevalence,205,Côte d'Ivoire,3,Both,22,All ages,975,Diabetes mellitus type 1,3,Rate,2015,10.69920424573,13.06363809265,8.761313403860001
1,All Population,5,Prevalence,88,Malta,3,Both,22,All ages,975,Diabetes mellitus type 1,3,Rate,2016,301.46403225367,347.03259798495,259.67172223813003
1,All Population,5,Prevalence,24,Marshall Islands,3,Both,22,All ages,975,Diabetes mellitus type 1,3,Rate,2016,38.604611198149996,46.62808291672,31.88596001768
1,All Population,5,Prevalence,6,China,3,Both,22,All ages,975,Diabetes mellitus type 1,3,Rate,2016,66.60889437396,75.57908203907,57.350484991580004
1,All Population,5,Prevalence,176,Comoros,3,Both,22,All ages,975,Diabetes mellitus type 1,3,Rate,2015,25.707236629839997,33.44656010083,20.26366474002
1,All Population,5,Prevalence,298,American Samoa,3,Both,22,All ages,975,Diabetes mellitus type 1,3,Rate,2015,41.25780113596,48.27816722979,34.26249693667
1,All Population,5,Prevalence,367,Monaco,3,Both,22,All ages,975,Diabetes mellitus type 1,3,Rate,2015,388.00399367387,455.17890412854,329.28701359257997
1,All Population,5,Prevalence,59,Latvia,3,Both,22,All ages,975,Diabetes mellitus type 1,3,Rate,2016,186.92953173057998,213.57392863207,159.79799557611
1,All Population,5,Prevalence,212,Mauritania,3,Both,22,All ages,975,Diabetes mellitus type 1,3,Rate,2015,10.49838864315,12.81951046789,8.53495317976
1,All Population,5,Prevalence,193,Botswana,3,Both,22,All ages,975,Diabetes mellitus type 1,3,Rate,2015,15.84972751542,19.12030416757,12.909896383520001
1,All Population,5,Prevalence,141,Egypt,3,Both,22,All ages,975,Diabetes mellitus type 1,3,Rate,2016,88.80931877620999,109.74354338601,71.27159574611001
1,All Population,5,Prevalence,117,Saint Vincent and the Grenadines,3,Both,22,All ages,975,Diabetes mellitus type 1,3,Rate,2016,55.116921620679996,68.17147396756,44.75447803477
1,All Population,5,Prevalence,37,Kyrgyzstan,3,Both,22,All ages,975,Diabetes mellitus type 1,3,Rate,2015,74.89553699104,89.57466823739999,62.141617977589995
1,All Population,5,Prevalence,49,North Macedonia,3,Both,22,All ages,975,Diabetes mellitus type 1,3,Rate,2016,163.49645913935,191.13790882189,138.94839221930002
1,All Population,5,Prevalence,153,Syrian Arab Republic,3,Both,22,All ages,975,Diabetes mellitus type 1,3,Rate,2015,90.81018411682,111.93441419538,72.85119552974001
1,All Population,5,Prevalence,142,Iran (Islamic Republic of),3,Both,22,All ages,975,Diabetes mellitus type 1,3,Rate,2015,71.50854827051,86.55495258728,57.90879503397
1,All Population,5,Prevalence,218,Togo,3,Both,22,All ages,975,Diabetes mellitus type 1,3,Rate,2015,10.80328301973,13.128674675369998,8.8061919074
1,All Population,5,Prevalence,169,Central African Republic,3,Both,22,All ages,975,Diabetes mellitus type 1,3,Rate,2016,13.35881425717,16.90155394716,10.72317567867
1,All Population,5,Prevalence,129,Honduras,3,Both,22,All ages,975,Diabetes mellitus type 1,3,Rate,2015,47.139627363929996,59.50250456938999,37.531849244389996
1,All Population,5,Prevalence,101,Canada,3,Both,22,All ages,975,Diabetes mellitus type 1,3,Rate,2016,533.09183493243,592.89528103484,478.11255400438
1,All Population,5,Prevalence,106,Bahamas,3,Both,22,All ages,975,Diabetes mellitus type 1,3,Rate,2016,56.67755399412,70.42925223464,45.969174516959995
1,All Population,5,Prevalence,135,Brazil,3,Both,22,All ages,975,Diabetes mellitus type 1,3,Rate,2016,138.32645633062,171.1360496333,113.73003458061001
1,All Population,5,Prevalence,369,Nauru,3,Both,22,All ages,975,Diabetes mellitus type 1,3,Rate,2015,37.01884717056,44.67919307814,30.66034135876
1,All Population,5,Prevalence,201,Burkina Faso,3,Both,22,All ages,975,Diabetes mellitus type 1,3,Rate,2015,10.01095477662,12.36402944993,8.14426886665
1,All Population,5,Prevalence,214,Nigeria,3,Both,22,All ages,975,Diabetes mellitus type 1,3,Rate,2015,9.81599532582,12.02383830269,8.05408915417
1,All Population,5,Prevalence,198,Zimbabwe,3,Both,22,All ages,975,Diabetes mellitus type 1,3,Rate,2015,14.093511873469998,17.64384795601,11.38858243014
1,All Population,5,Prevalence,72,New Zealand,3,Both,22,All ages,975,Diabetes mellitus type 1,3,Rate,2016,297.58408008271,345.17631969329,252.12624931282
1,All Population,5,Prevalence,19,Timor-Leste,3,Both,22,All ages,975,Diabetes mellitus type 1,3,Rate,2016,42.38366082391,52.380007107089995,34.23473546474
1,All Population,5,Prevalence,130,Mexico,3,Both,22,All ages,975,Diabetes mellitus type 1,3,Rate,2016,56.50077196641,69.81508202090001,45.99522218614
1,All Population,5,Prevalence,119,Trinidad and Tobago,3,Both,22,All ages,975,Diabetes mellitus type 1,3,Rate,2016,57.22501424888,71.21411593133,46.81601427139
1,All Population,5,Prevalence,85,Israel,3,Both,22,All ages,975,Diabetes mellitus type 1,3,Rate,2016,201.33184292717,223.55300289015,180.99801201427
1,All Population,5,Prevalence,8,Taiwan,3,Both,22,All ages,975,Diabetes mellitus type 1,3,Rate,2016,94.30661075569999,106.51537265868,82.59176805256
1,All Population,5,Prevalence,206,Gambia,3,Both,22,All ages,975,Diabetes mellitus type 1,3,Rate,2015,10.41148335224,12.846343960239999,8.505873792960001
1,All Population,5,Prevalence,27,Samoa,3,Both,22,All ages,975,Diabetes mellitus type 1,3,Rate,2016,38.44303596438,45.74926464438,31.70186771113
1,All Population,5,Prevalence,194,Lesotho,3,Both,22,All ages,975,Diabetes mellitus type 1,3,Rate,2016,15.31541416257,18.93622785886,12.4122155904
1,All Population,5,Prevalence,13,Malaysia,3,Both,22,All ages,975,Diabetes mellitus type 1,3,Rate,2016,49.891453394429995,59.4308974326,41.07230703971
1,All Population,5,Prevalence,90,Norway,3,Both,22,All ages,975,Diabetes mellitus type 1,3,Rate,2016,462.67692793635007,527.48300168899,399.17725053564004
1,All Population,5,Prevalence,189,United Republic of Tanzania,3,Both,22,All ages,975,Diabetes mellitus type 1,3,Rate,2016,23.29295967461,30.20866781337,18.390316404300002
1,All Population,5,Prevalence,177,Djibouti,3,Both,22,All ages,975,Diabetes mellitus type 1,3,Rate,2016,26.5683910152,34.16952637911,21.17049021674
1,All Population,5,Prevalence,153,Syrian Arab Republic,3,Both,22,All ages,975,Diabetes mellitus type 1,3,Rate,2016,93.27191336486,115.35654707279001,74.48262478845
1,All Population,5,Prevalence,164,Nepal,3,Both,22,All ages,975,Diabetes mellitus type 1,3,Rate,2016,42.15235650425,50.086593796550005,35.08729004821
1,All Population,5,Prevalence,435,South Sudan,3,Both,22,All ages,975,Diabetes mellitus type 1,3,Rate,2015,23.901209397549998,31.61564501849,18.68748120294
1,All Population,5,Prevalence,26,Papua New Guinea,3,Both,22,All ages,975,Diabetes mellitus type 1,3,Rate,2016,37.63170010539,45.520279810400005,31.080908206929998
1,All Population,5,Prevalence,155,Türkiye,3,Both,22,All ages,975,Diabetes mellitus type 1,3,Rate,2015,96.77779147019,115.71383511730001,81.22073750142
1,All Population,5,Prevalence,351,Guam,3,Both,22,All ages,975,Diabetes mellitus type 1,3,Rate,2016,45.60003116381,53.53679932418,38.093731556499996
1,All Population,5,Prevalence,84,Ireland,3,Both,22,All ages,975,Diabetes mellitus type 1,3,Rate,2015,327.42183078313,367.90828971425,289.60652716779
1,All Population,5,Prevalence,148,Morocco,3,Both,22,All ages,975,Diabetes mellitus type 1,3,Rate,2016,95.58136723702,117.61099929779,76.88527089675
1,All Population,5,Prevalence,182,Malawi,3,Both,22,All ages,975,Diabetes mellitus type 1,3,Rate,2016,24.40461018502,32.77273575279,18.982581347180002
1,All Population,5,Prevalence,217,Sierra Leone,3,Both,22,All ages,975,Diabetes mellitus type 1,3,Rate,2015,10.8030684104,13.27503426121,8.82621132346
1,All Population,5,Prevalence,380,Palau,3,Both,22,All ages,975,Diabetes mellitus type 1,3,Rate,2015,47.742222534759996,55.649285561149995,40.46725868041
1,All Population,5,Prevalence,34,Azerbaijan,3,Both,22,All ages,975,Diabetes mellitus type 1,3,Rate,2016,83.92330078826,100.64674216603001,70.73980112231
1,All Population,5,Prevalence,211,Mali,3,Both,22,All ages,975,Diabetes mellitus type 1,3,Rate,2015,9.27948355436,11.27064842035,7.57794985364
1,All Population,5,Prevalence,190,Uganda,3,Both,22,All ages,975,Diabetes mellitus type 1,3,Rate,2015,23.00890026346,30.9134140984,17.905825658340003
1,All Population,5,Prevalence,16,Philippines,3,Both,22,All ages,975,Diabetes mellitus type 1,3,Rate,2016,43.99766465573,52.23479723068,36.53489262248
1,All Population,5,Prevalence,98,Chile,3,Both,22,All ages,975,Diabetes mellitus type 1,3,Rate,2016,114.53233255537,130.25310075483,100.45455083433
1,All Population,5,Prevalence,207,Ghana,3,Both,22,All ages,975,Diabetes mellitus type 1,3,Rate,2015,11.23432099067,13.576402180019999,9.18466235697
1,All Population,5,Prevalence,143,Iraq,3,Both,22,All ages,975,Diabetes mellitus type 1,3,Rate,2016,89.56869665932001,111.13827956365,71.99507148645
1,All Population,5,Prevalence,121,Bolivia (Plurinational State of),3,Both,22,All ages,975,Diabetes mellitus type 1,3,Rate,2016,47.68671440213,58.53750689646,38.786234689900006
1,All Population,5,Prevalence,212,Mauritania,3,Both,22,All ages,975,Diabetes mellitus type 1,3,Rate,2016,10.58285244849,13.081945574179999,8.59048425606
1,All Population,5,Prevalence,108,Belize,3,Both,22,All ages,975,Diabetes mellitus type 1,3,Rate,2016,51.724517574100005,65.64943315945,41.35674800526
1,All Population,5,Prevalence,61,Republic of Moldova,3,Both,22,All ages,975,Diabetes mellitus type 1,3,Rate,2016,183.0574550954,212.04713259334002,158.87056841515
1,All Population,5,Prevalence,131,Nicaragua,3,Both,22,All ages,975,Diabetes mellitus type 1,3,Rate,2015,48.92571328818,61.25333179518,39.017114012149996
1,All Population,5,Prevalence,168,Angola,3,Both,22,All ages,975,Diabetes mellitus type 1,3,Rate,2015,13.12103115569,16.54016946879,10.555631026870001
1,All Population,5,Prevalence,179,Ethiopia,3,Both,22,All ages,975,Diabetes mellitus type 1,3,Rate,2015,22.319147045330002,28.3158947422,17.83264223406
1,All Population,5,Prevalence,51,Poland,3,Both,22,All ages,975,Diabetes mellitus type 1,3,Rate,2016,304.21697319391,341.82944403469,269.47750491425
1,All Population,5,Prevalence,202,Cameroon,3,Both,22,All ages,975,Diabetes mellitus type 1,3,Rate,2016,10.43290185949,12.962543409719999,8.5505519028
1,All Population,5,Prevalence,15,Myanmar,3,Both,22,All ages,975,Diabetes mellitus type 1,3,Rate,2016,48.21453592863,57.66835925149,39.63311258654
1,All Population,5,Prevalence,422,United States Virgin Islands,3,Both,22,All ages,975,Diabetes mellitus type 1,3,Rate,2016,69.99508485507,88.35962591416,55.14230424578
1,All Population,5,Prevalence,58,Estonia,3,Both,22,All ages,975,Diabetes mellitus type 1,3,Rate,2016,298.35075368822,336.07448805822,260.56299620345004
1,All Population,5,Prevalence,374,Niue,3,Both,22,All ages,975,Diabetes mellitus type 1,3,Rate,2016,46.16900570206,54.02190098311,38.54586736409
1,All Population,5,Prevalence,71,Australia,3,Both,22,All ages,975,Diabetes mellitus type 1,3,Rate,2016,398.63835554002003,441.37901789423,364.56489311413
1,All Population,5,Prevalence,109,Cuba,3,Both,22,All ages,975,Diabetes mellitus type 1,3,Rate,2016,60.735023183600006,76.17724199493,48.71615302746
1,All Population,5,Prevalence,196,South Africa,3,Both,22,All ages,975,Diabetes mellitus type 1,3,Rate,2016,16.16816904364,19.38853978184,13.367363315330001
1,All Population,5,Prevalence,201,Burkina Faso,3,Both,22,All ages,975,Diabetes mellitus type 1,3,Rate,2016,10.08839320823,12.600587741410001,8.19396959292
1,All Population,5,Prevalence,92,Spain,3,Both,22,All ages,975,Diabetes mellitus type 1,3,Rate,2016,330.31542846248,363.36756836187,297.27310665123997
1,All Population,5,Prevalence,40,Turkmenistan,3,Both,22,All ages,975,Diabetes mellitus type 1,3,Rate,2016,76.57393682416,91.98060432893,63.77518408643
1,All Population,5,Prevalence,74,Andorra,3,Both,22,All ages,975,Diabetes mellitus type 1,3,Rate,2016,401.80754539631,462.50169994289996,347.84126292691
1,All Population,5,Prevalence,298,American Samoa,3,Both,22,All ages,975,Diabetes mellitus type 1,3,Rate,2016,41.94188598948,49.40410724142001,34.824428555589996
1,All Population,5,Prevalence,191,Zambia,3,Both,22,All ages,975,Diabetes mellitus type 1,3,Rate,2016,23.7897299155,31.9756878775,18.5129153466
1,All Population,5,Prevalence,139,Algeria,3,Both,22,All ages,975,Diabetes mellitus type 1,3,Rate,2016,280.45383581025,337.84615463687,241.50894517708
1,All Population,5,Prevalence,29,Tonga,3,Both,22,All ages,975,Diabetes mellitus type 1,3,Rate,2016,39.280841545419996,46.80325273796,32.332550782649996
1,All Population,5,Prevalence,184,Mozambique,3,Both,22,All ages,975,Diabetes mellitus type 1,3,Rate,2016,23.67002830653,31.70850448392,18.382511937129998
1,All Population,5,Prevalence,53,Serbia,3,Both,22,All ages,975,Diabetes mellitus type 1,3,Rate,2016,213.27031201679998,236.15278622346997,188.7638163837
1,All Population,5,Prevalence,393,Saint Kitts and Nevis,3,Both,22,All ages,975,Diabetes mellitus type 1,3,Rate,2015,56.948621101179995,70.98761632153,46.17011285358
1,All Population,5,Prevalence,23,Kiribati,3,Both,22,All ages,975,Diabetes mellitus type 1,3,Rate,2016,39.03457581799,46.77166893033,32.29134636098
1,All Population,5,Prevalence,156,United Arab Emirates,3,Both,22,All ages,975,Diabetes mellitus type 1,3,Rate,2016,103.4423950491,127.99015535994,85.30488684864
1,All Population,5,Prevalence,123,Peru,3,Both,22,All ages,975,Diabetes mellitus type 1,3,Rate,2016,49.63246041617,60.78251541916,40.54290451635
1,All Population,5,Prevalence,105,Antigua and Barbuda,3,Both,22,All ages,975,Diabetes mellitus type 1,3,Rate,2016,57.65666365711,71.97765271158,46.95387194147
1,All Population,5,Prevalence,216,Senegal,3,Both,22,All ages,975,Diabetes mellitus type 1,3,Rate,2015,10.58942774197,12.92554099535,8.63231556581
1,All Population,5,Prevalence,181,Madagascar,3,Both,22,All ages,975,Diabetes mellitus type 1,3,Rate,2015,24.29382563583,32.08671528449,19.01799174344
1,All Population,5,Prevalence,150,Oman,3,Both,22,All ages,975,Diabetes mellitus type 1,3,Rate,2016,93.65046542862,114.69985430636,76.05333350986
1,All Population,5,Prevalence,132,Panama,3,Both,22,All ages,975,Diabetes mellitus type 1,3,Rate,2015,50.94186155845,63.09118319645,40.84368319325
1,All Population,5,Prevalence,209,Guinea-Bissau,3,Both,22,All ages,975,Diabetes mellitus type 1,3,Rate,2015,10.25432325713,12.674784793439999,8.3996005341
1,All Population,5,Prevalence,22,Fiji,3,Both,22,All ages,975,Diabetes mellitus type 1,3,Rate,2016,42.57371787194,50.24007631601,35.60192175796
1,All Population,5,Prevalence,33,Armenia,3,Both,22,All ages,975,Diabetes mellitus type 1,3,Rate,2016,89.25979824366,105.75094838648,75.33618883409
1,All Population,5,Prevalence,305,Bermuda,3,Both,22,All ages,975,Diabetes mellitus type 1,3,Rate,2015,60.355528706730006,74.14890022712,49.09707139033001
1,All Population,5,Prevalence,111,Dominican Republic,3,Both,22,All ages,975,Diabetes mellitus type 1,3,Rate,2016,53.11697378894,66.69470860333,42.812652775050005
1,All Population,5,Prevalence,145,Kuwait,3,Both,22,All ages,975,Diabetes mellitus type 1,3,Rate,2016,369.74479365095,432.10657057421,323.92700481608
1,All Population,5,Prevalence,66,Brunei Darussalam,3,Both,22,All ages,975,Diabetes mellitus type 1,3,Rate,2016,51.50995999802001,60.54584317739,44.06944125818
1,All Population,5,Prevalence,204,Chad,3,Both,22,All ages,975,Diabetes mellitus type 1,3,Rate,2016,9.36995947546,11.74103147985,7.57428578984
1,All Population,5,Prevalence,179,Ethiopia,3,Both,22,All ages,975,Diabetes mellitus type 1,3,Rate,2016,22.68345177297,28.80966554832,18.10267202432
1,All Population,5,Prevalence,195,Namibia,3,Both,22,All ages,975,Diabetes mellitus type 1,3,Rate,2016,15.128887850419998,18.703833189460003,12.275809439449999
1,All Population,5,Prevalence,44,Bosnia and Herzegovina,3,Both,22,All ages,975,Diabetes mellitus type 1,3,Rate,2016,167.91319454254,191.87859466032,144.59879387131
1,All Population,5,Prevalence,214,Nigeria,3,Both,22,All ages,975,Diabetes mellitus type 1,3,Rate,2016,9.86483217038,12.19517599231,8.11053081355
1,All Population,5,Prevalence,60,Lithuania,3,Both,22,All ages,975,Diabetes mellitus type 1,3,Rate,2016,187.8354027269,210.304478228,163.38168947608
1,All Population,5,Prevalence,198,Zimbabwe,3,Both,22,All ages,975,Diabetes mellitus type 1,3,Rate,2016,14.24775506712,17.98264898294,11.48593906969
1,All Population,5,Prevalence,132,Panama,3,Both,22,All ages,975,Diabetes mellitus type 1,3,Rate,2016,51.14702181209,63.17527423642,41.27203205479
1,All Population,5,Prevalence,193,Botswana,3,Both,22,All ages,975,Diabetes mellitus type 1,3,Rate,2016,16.01304149514,19.466117242750002,13.08341184641
1,All Population,5,Prevalence,80,France,3,Both,22,All ages,975,Diabetes mellitus type 1,3,Rate,2016,242.02198836771,268.41955453073,214.462043742
1,All Population,5,Prevalence,380,Palau,3,Both,22,All ages,975,Diabetes mellitus type 1,3,Rate,2016,48.408742650440004,56.473930676479995,41.01470690549
1,All Population,5,Prevalence,211,Mali,3,Both,22,All ages,975,Diabetes mellitus type 1,3,Rate,2016,9.33616721241,11.43226452691,7.6576388413
1,All Population,5,Prevalence,118,Suriname,3,Both,22,All ages,975,Diabetes mellitus type 1,3,Rate,2016,54.39332369518,67.33570830264,44.13006729723
1,All Population,5,Prevalence,10,Cambodia,3,Both,22,All ages,975,Diabetes mellitus type 1,3,Rate,2016,46.52721101236,56.105380828799994,38.07798111853
1,All Population,5,Prevalence,181,Madagascar,3,Both,22,All ages,975,Diabetes mellitus type 1,3,Rate,2016,24.84796583407,33.121605264749995,19.32897362016
1,All Population,5,Prevalence,107,Barbados,3,Both,22,All ages,975,Diabetes mellitus type 1,3,Rate,2016,58.63181871522001,72.61349749963,47.78176350128
1,All Population,5,Prevalence,69,Singapore,3,Both,22,All ages,975,Diabetes mellitus type 1,3,Rate,2016,53.74186382046,62.4701908211,46.696679329409996
1,All Population,5,Prevalence,76,Belgium,3,Both,22,All ages,975,Diabetes mellitus type 1,3,Rate,2016,315.72862604129,365.89659120213,268.12287764269996
1,All Population,5,Prevalence,152,Saudi Arabia,3,Both,22,All ages,975,Diabetes mellitus type 1,3,Rate,2016,246.45672976709997,291.42871640499004,208.72280210071003
1,All Population,5,Prevalence,217,Sierra Leone,3,Both,22,All ages,975,Diabetes mellitus type 1,3,Rate,2016,10.91741493534,13.5238506108,8.90827280518
1,All Population,5,Prevalence,163,India,3,Both,22,All ages,975,Diabetes mellitus type 1,3,Rate,2016,63.40063504202,75.08674441599,52.83218274657
1,All Population,5,Prevalence,35,Georgia,3,Both,22,All ages,975,Diabetes mellitus type 1,3,Rate,2016,90.11236120646001,106.42050444357001,75.84010844815
1,All Population,5,Prevalence,147,Libya,3,Both,22,All ages,975,Diabetes mellitus type 1,3,Rate,2016,172.29714785604,205.51335735053,142.76075757674
1,All Population,5,Prevalence,87,Luxembourg,3,Both,22,All ages,975,Diabetes mellitus type 1,3,Rate,2016,390.59557111,447.83418547411003,338.43595514142
1,All Population,5,Prevalence,62,Russian Federation,3,Both,22,All ages,975,Diabetes mellitus type 1,3,Rate,2016,217.68769323182,258.73899343364997,183.24254273149
1,All Population,5,Prevalence,68,Republic of Korea,3,Both,22,All ages,975,Diabetes mellitus type 1,3,Rate,2016,58.58649881641,68.23059400137001,50.84242593802
1,All Population,5,Prevalence,46,Croatia,3,Both,22,All ages,975,Diabetes mellitus type 1,3,Rate,2016,265.79306844115,300.11136302546,232.32953815501
1,All Population,5,Prevalence,79,Finland,3,Both,22,All ages,975,Diabetes mellitus type 1,3,Rate,2016,874.5228880743401,932.69435267293,803.34943512507
1,All Population,5,Prevalence,183,Mauritius,3,Both,22,All ages,975,Diabetes mellitus type 1,3,Rate,2016,55.358436765549996,65.32591373913,45.94461694428
1,All Population,5,Prevalence,197,Eswatini,3,Both,22,All ages,975,Diabetes mellitus type 1,3,Rate,2016,15.03021386757,18.737793634979997,12.16811051134
1,All Population,5,Prevalence,6,China,3,Both,22,All ages,975,Diabetes mellitus type 1,3,Rate,2017,67.27017329211,76.31774546107,57.97202625225
1,All Population,5,Prevalence,17,Sri Lanka,3,Both,22,All ages,975,Diabetes mellitus type 1,3,Rate,2017,52.490753937040004,62.550097822779996,43.36459439946
1,All Population,5,Prevalence,116,Saint Lucia,3,Both,22,All ages,975,Diabetes mellitus type 1,3,Rate,2016,57.63735413134,71.9439809428,46.909287595660004
1,All Population,5,Prevalence,113,Guyana,3,Both,22,All ages,975,Diabetes mellitus type 1,3,Rate,2016,52.964061435,66.57417372439001,42.6679505499
1,All Population,5,Prevalence,126,Costa Rica,3,Both,22,All ages,975,Diabetes mellitus type 1,3,Rate,2016,53.67971532614,66.76434629459,43.34504030025
1,All Population,5,Prevalence,127,El Salvador,3,Both,22,All ages,975,Diabetes mellitus type 1,3,Rate,2016,50.87684379894,63.936403716639994,40.7280770475
1,All Population,5,Prevalence,48,Hungary,3,Both,22,All ages,975,Diabetes mellitus type 1,3,Rate,2016,324.42371073037,363.80791894807,281.97241329189
1,All Population,5,Prevalence,206,Gambia,3,Both,22,All ages,975,Diabetes mellitus type 1,3,Rate,2016,10.5119458771,13.07805783161,8.57218986998
1,All Population,5,Prevalence,369,Nauru,3,Both,22,All ages,975,Diabetes mellitus type 1,3,Rate,2016,37.48480126431,45.44185633333,30.97657682824
1,All Population,5,Prevalence,349,Greenland,3,Both,22,All ages,975,Diabetes mellitus type 1,3,Rate,2015,399.23043428747,453.67778288974995,346.66425227169
1,All Population,5,Prevalence,168,Angola,3,Both,22,All ages,975,Diabetes mellitus type 1,3,Rate,2016,13.25292148546,16.702235252850002,10.63443585314
1,All Population,5,Prevalence,171,Democratic Republic of the Congo,3,Both,22,All ages,975,Diabetes mellitus type 1,3,Rate,2016,13.65881461327,17.23901620413,10.96931300092
1,All Population,5,Prevalence,82,Greece,3,Both,22,All ages,975,Diabetes mellitus type 1,3,Rate,2016,201.33484718845997,233.49801823756,172.50580680371002
1,All Population,5,Prevalence,95,United Kingdom,3,Both,22,All ages,975,Diabetes mellitus type 1,3,Rate,2016,393.84419306442,453.96378530152003,329.91693252751
1,All Population,5,Prevalence,522,Sudan,3,Both,22,All ages,975,Diabetes mellitus type 1,3,Rate,2015,86.07265273825,104.42757599701,71.88014087871
1,All Population,5,Prevalence,140,Bahrain,3,Both,22,All ages,975,Diabetes mellitus type 1,3,Rate,2016,100.37130733315,122.75026632227,81.64804661968999
1,All Population,5,Prevalence,55,Slovenia,3,Both,22,All ages,975,Diabetes mellitus type 1,3,Rate,2016,269.4024035562,304.25245570736,233.21415236386002
1,All Population,5,Prevalence,50,Montenegro,3,Both,22,All ages,975,Diabetes mellitus type 1,3,Rate,2016,276.30283359247,321.47386983870996,236.62256669984998
1,All Population,5,Prevalence,200,Benin,3,Both,22,All ages,975,Diabetes mellitus type 1,3,Rate,2016,10.1309554351,12.708416617940001,8.23641652638
1,All Population,5,Prevalence,149,Palestine,3,Both,22,All ages,975,Diabetes mellitus type 1,3,Rate,2016,87.66817245256,110.08364783513,70.60754850366999
1,All Population,5,Prevalence,216,Senegal,3,Both,22,All ages,975,Diabetes mellitus type 1,3,Rate,2016,10.66548452831,13.18674080607,8.68163253232
1,All Population,5,Prevalence,393,Saint Kitts and Nevis,3,Both,22,All ages,975,Diabetes mellitus type 1,3,Rate,2016,57.26843498563,71.4294332395,46.71519219033
1,All Population,5,Prevalence,11,Indonesia,3,Both,22,All ages,975,Diabetes mellitus type 1,3,Rate,2017,48.35673419114,57.439588967009996,40.57830322884
1,All Population,5,Prevalence,86,Italy,3,Both,22,All ages,975,Diabetes mellitus type 1,3,Rate,2016,311.07241730009,354.19949179919996,271.34059458432
1,All Population,5,Prevalence,165,Pakistan,3,Both,22,All ages,975,Diabetes mellitus type 1,3,Rate,2016,35.90735095535,43.73087900017,29.666962015579998
1,All Population,5,Prevalence,154,Tunisia,3,Both,22,All ages,975,Diabetes mellitus type 1,3,Rate,2016,116.53631309945999,142.85590662638,94.41097603727
1,All Population,5,Prevalence,53,Serbia,3,Both,22,All ages,975,Diabetes mellitus type 1,3,Rate,2017,216.33350099047001,239.13249713637998,191.28935238199
1,All Population,5,Prevalence,185,Rwanda,3,Both,22,All ages,975,Diabetes mellitus type 1,3,Rate,2016,27.971223843679997,36.40521763509,22.2740568818
1,All Population,5,Prevalence,81,Germany,3,Both,22,All ages,975,Diabetes mellitus type 1,3,Rate,2016,267.59293787353,296.34879240742,239.46573232833
1,All Population,5,Prevalence,213,Niger,3,Both,22,All ages,975,Diabetes mellitus type 1,3,Rate,2016,9.33630723428,11.668477957859999,7.55715618844
1,All Population,5,Prevalence,37,Kyrgyzstan,3,Both,22,All ages,975,Diabetes mellitus type 1,3,Rate,2016,75.22582844871,90.48329983138,62.611243739630005
1,All Population,5,Prevalence,160,Afghanistan,3,Both,22,All ages,975,Diabetes mellitus type 1,3,Rate,2016,82.63612792997,104.59251285802,66.15272981885
1,All Population,5,Prevalence,136,Paraguay,3,Both,22,All ages,975,Diabetes mellitus type 1,3,Rate,2016,97.0860315641,124.83341033574,76.31634890115
1,All Population,5,Prevalence,416,Tuvalu,3,Both,22,All ages,975,Diabetes mellitus type 1,3,Rate,2015,41.02021038118,47.888000401220005,34.06346728828
1,All Population,5,Prevalence,7,Democratic People's Republic of Korea,3,Both,22,All ages,975,Diabetes mellitus type 1,3,Rate,2016,69.74180935717,79.31954414103001,59.96964421952
1,All Population,5,Prevalence,129,Honduras,3,Both,22,All ages,975,Diabetes mellitus type 1,3,Rate,2016,47.36687641755,60.32464055443,37.66216195338
1,All Population,5,Prevalence,24,Marshall Islands,3,Both,22,All ages,975,Diabetes mellitus type 1,3,Rate,2017,39.33820127633,47.65306138487,32.43849972835
1,All Population,5,Prevalence,203,Cabo Verde,3,Both,22,All ages,975,Diabetes mellitus type 1,3,Rate,2015,12.506312688240001,15.07445258014,10.21649259486
1,All Population,5,Prevalence,128,Guatemala,3,Both,22,All ages,975,Diabetes mellitus type 1,3,Rate,2016,47.13795827203,60.00580296592,37.47401134084
1,All Population,5,Prevalence,111,Dominican Republic,3,Both,22,All ages,975,Diabetes mellitus type 1,3,Rate,2017,53.41741976996,67.48283244169,43.10118124668
1,All Population,5,Prevalence,178,Eritrea,3,Both,22,All ages,975,Diabetes mellitus type 1,3,Rate,2016,45.23544189551,58.2225180421,35.34933007346
1,All Population,5,Prevalence,66,Brunei Darussalam,3,Both,22,All ages,975,Diabetes mellitus type 1,3,Rate,2017,52.44218706377,61.66838829771999,44.75945307397
1,All Population,5,Prevalence,8,Taiwan,3,Both,22,All ages,975,Diabetes mellitus type 1,3,Rate,2017,95.57500141535999,107.73170284994,83.97097147689999
1,All Population,5,Prevalence,176,Comoros,3,Both,22,All ages,975,Diabetes mellitus type 1,3,Rate,2016,26.254790742650002,34.40360254218,20.58390727719
1,All Population,5,Prevalence,115,Jamaica,3,Both,22,All ages,975,Diabetes mellitus type 1,3,Rate,2016,55.57912880166,69.27615155194,44.95045006737
1,All Population,5,Prevalence,58,Estonia,3,Both,22,All ages,975,Diabetes mellitus type 1,3,Rate,2017,298.93128664171,335.30483590564,260.70925644583
1,All Population,5,Prevalence,187,Somalia,3,Both,22,All ages,975,Diabetes mellitus type 1,3,Rate,2016,23.57365610895,31.44557612378,18.32970689755
1,All Population,5,Prevalence,89,Netherlands,3,Both,22,All ages,975,Diabetes mellitus type 1,3,Rate,2016,336.90370982490003,373.11860591517,299.0257746023
1,All Population,5,Prevalence,52,Romania,3,Both,22,All ages,975,Diabetes mellitus type 1,3,Rate,2016,137.37569348828998,154.52488498781,120.78827658064
1,All Population,5,Prevalence,105,Antigua and Barbuda,3,Both,22,All ages,975,Diabetes mellitus type 1,3,Rate,2017,58.055258662140005,72.29205307707001,47.234429898950005
1,All Population,5,Prevalence,413,Tokelau,3,Both,22,All ages,975,Diabetes mellitus type 1,3,Rate,2016,43.020982687490005,50.609828817200004,35.61397053465
1,All Population,5,Prevalence,84,Ireland,3,Both,22,All ages,975,Diabetes mellitus type 1,3,Rate,2016,333.84667074906,373.05534459462,295.40257973926003
1,All Population,5,Prevalence,39,Tajikistan,3,Both,22,All ages,975,Diabetes mellitus type 1,3,Rate,2016,71.61780366056,87.85209547033,59.306245836980004
1,All Population,5,Prevalence,97,Argentina,3,Both,22,All ages,975,Diabetes mellitus type 1,3,Rate,2016,102.90764355555999,121.44045408323001,84.68450449648
1,All Population,5,Prevalence,19,Timor-Leste,3,Both,22,All ages,975,Diabetes mellitus type 1,3,Rate,2017,43.05764188954,53.622455961140005,34.707197550349996
1,All Population,5,Prevalence,63,Ukraine,3,Both,22,All ages,975,Diabetes mellitus type 1,3,Rate,2016,162.29661523936,189.91413073658998,138.1569861382
1,All Population,5,Prevalence,142,Iran (Islamic Republic of),3,Both,22,All ages,975,Diabetes mellitus type 1,3,Rate,2016,72.26829425732001,88.42095674673999,58.89155476937
1,All Population,5,Prevalence,376,Northern Mariana Islands,3,Both,22,All ages,975,Diabetes mellitus type 1,3,Rate,2016,47.16552507006,55.29219704319,39.750956519249996
1,All Population,5,Prevalence,186,Seychelles,3,Both,22,All ages,975,Diabetes mellitus type 1,3,Rate,2016,52.51192414802,62.27042009896,43.693537501819996
1,All Population,5,Prevalence,102,United States of America,3,Both,22,All ages,975,Diabetes mellitus type 1,3,Rate,2016,401.84919125941,452.66841112819,355.6697339651
1,All Population,5,Prevalence,151,Qatar,3,Both,22,All ages,975,Diabetes mellitus type 1,3,Rate,2016,192.6495015857,240.99383808229,157.86710839898
1,All Population,5,Prevalence,131,Nicaragua,3,Both,22,All ages,975,Diabetes mellitus type 1,3,Rate,2016,49.21277417937,62.1577434675,39.26869993052
1,All Population,5,Prevalence,13,Malaysia,3,Both,22,All ages,975,Diabetes mellitus type 1,3,Rate,2017,50.649812975959996,60.64374086057,41.64047688369
1,All Population,5,Prevalence,133,Venezuela (Bolivarian Republic of),3,Both,22,All ages,975,Diabetes mellitus type 1,3,Rate,2016,51.85358503524,64.31880342861001,41.77108873578
1,All Population,5,Prevalence,26,Papua New Guinea,3,Both,22,All ages,975,Diabetes mellitus type 1,3,Rate,2017,38.032324658730005,46.16274910467,31.353811012
1,All Population,5,Prevalence,71,Australia,3,Both,22,All ages,975,Diabetes mellitus type 1,3,Rate,2017,403.39008207355005,445.20234639112,369.74893293847
1,All Population,5,Prevalence,173,Gabon,3,Both,22,All ages,975,Diabetes mellitus type 1,3,Rate,2016,15.14434273112,18.63274164834,12.33097925769
1,All Population,5,Prevalence,215,Sao Tome and Principe,3,Both,22,All ages,975,Diabetes mellitus type 1,3,Rate,2016,11.227502355859999,13.787548621800001,9.12492937705
1,All Population,5,Prevalence,163,India,3,Both,22,All ages,975,Diabetes mellitus type 1,3,Rate,2017,63.860672334949996,75.89010249264,53.446502662520004
1,All Population,5,Prevalence,152,Saudi Arabia,3,Both,22,All ages,975,Diabetes mellitus type 1,3,Rate,2017,250.13918454660998,296.78695881803003,212.60792455213
1,All Population,5,Prevalence,60,Lithuania,3,Both,22,All ages,975,Diabetes mellitus type 1,3,Rate,2017,188.25483484677,210.60356530804,163.42916599442998
1,All Population,5,Prevalence,57,Belarus,3,Both,22,All ages,975,Diabetes mellitus type 1,3,Rate,2016,158.83227659392,184.51682424743,134.46302225879
1,All Population,5,Prevalence,54,Slovakia,3,Both,22,All ages,975,Diabetes mellitus type 1,3,Rate,2016,291.89291118705,330.53135646369,252.71073868644
1,All Population,5,Prevalence,190,Uganda,3,Both,22,All ages,975,Diabetes mellitus type 1,3,Rate,2016,23.5721932402,32.08859549567,18.273646762389998
1,All Population,5,Prevalence,162,Bhutan,3,Both,22,All ages,975,Diabetes mellitus type 1,3,Rate,2016,44.06270984847,52.95222164311,36.76555693398
1,All Population,5,Prevalence,18,Thailand,3,Both,22,All ages,975,Diabetes mellitus type 1,3,Rate,2016,57.016506492839994,66.91865790936001,47.55193425553
1,All Population,5,Prevalence,15,Myanmar,3,Both,22,All ages,975,Diabetes mellitus type 1,3,Rate,2017,48.81246397719,58.74841704056,40.05936994017
1,All Population,5,Prevalence,99,Uruguay,3,Both,22,All ages,975,Diabetes mellitus type 1,3,Rate,2016,105.92554643732001,124.05006381545999,87.26214055922
1,All Population,5,Prevalence,155,Türkiye,3,Both,22,All ages,975,Diabetes mellitus type 1,3,Rate,2016,98.13880722641,116.88586657394,82.902716452
1,All Population,5,Prevalence,208,Guinea,3,Both,22,All ages,975,Diabetes mellitus type 1,3,Rate,2016,10.2026601132,12.69401070012,8.29538300077
1,All Population,5,Prevalence,144,Jordan,3,Both,22,All ages,975,Diabetes mellitus type 1,3,Rate,2016,76.91561577483,94.41602392508,62.35766414302
1,All Population,5,Prevalence,110,Dominica,3,Both,22,All ages,975,Diabetes mellitus type 1,3,Rate,2016,55.535296313029995,68.57679789599,44.959295727720004
1,All Population,5,Prevalence,320,Cook Islands,3,Both,22,All ages,975,Diabetes mellitus type 1,3,Rate,2016,46.808998099849994,54.83433080981,39.14766749772
1,All Population,5,Prevalence,118,Suriname,3,Both,22,All ages,975,Diabetes mellitus type 1,3,Rate,2017,54.671622978280006,68.13163521858999,44.331351173760005
1,All Population,5,Prevalence,67,Japan,3,Both,22,All ages,975,Diabetes mellitus type 1,3,Rate,2016,42.82070781544,49.38754429073,36.683055490330005
1,All Population,5,Prevalence,385,Puerto Rico,3,Both,22,All ages,975,Diabetes mellitus type 1,3,Rate,2016,58.94817667056,72.84350277831,48.014334061410004
1,All Population,5,Prevalence,79,Finland,3,Both,22,All ages,975,Diabetes mellitus type 1,3,Rate,2017,887.53654798655,946.3368018525899,817.10756880779
1,All Population,5,Prevalence,113,Guyana,3,Both,22,All ages,975,Diabetes mellitus type 1,3,Rate,2017,53.253819426679996,67.31904067688001,42.87280878448
1,All Population,5,Prevalence,125,Colombia,3,Both,22,All ages,975,Diabetes mellitus type 1,3,Rate,2016,52.825744639410004,65.45197268521,42.62403351198
1,All Population,5,Prevalence,91,Portugal,3,Both,22,All ages,975,Diabetes mellitus type 1,3,Rate,2016,391.70580063936,453.02353561698,336.37163145164
1,All Population,5,Prevalence,20,Viet Nam,3,Both,22,All ages,975,Diabetes mellitus type 1,3,Rate,2016,50.84096600967,60.61311540561999,42.20303847812
1,All Population,5,Prevalence,86,Italy,3,Both,22,All ages,975,Diabetes mellitus type 1,3,Rate,2017,315.14795170992,356.78653164919,275.28744207733996
1,All Population,5,Prevalence,157,Yemen,3,Both,22,All ages,975,Diabetes mellitus type 1,3,Rate,2016,22.81297017296,27.45492700711,19.43723524357
1,All Population,5,Prevalence,28,Solomon Islands,3,Both,22,All ages,975,Diabetes mellitus type 1,3,Rate,2017,37.9234122529,46.11509659539,31.178147282469997
1,All Population,5,Prevalence,154,Tunisia,3,Both,22,All ages,975,Diabetes mellitus type 1,3,Rate,2017,117.88343143144999,144.84728150556998,95.34588309861
1,All Population,5,Prevalence,146,Lebanon,3,Both,22,All ages,975,Diabetes mellitus type 1,3,Rate,2016,94.69999116048,116.65692077248998,76.30570667992
1,All Population,5,Prevalence,112,Grenada,3,Both,22,All ages,975,Diabetes mellitus type 1,3,Rate,2016,55.4415937341,68.50622819777,44.932880001550004
1,All Population,5,Prevalence,171,Democratic Republic of the Congo,3,Both,22,All ages,975,Diabetes mellitus type 1,3,Rate,2017,13.81272172898,17.44472911994,11.14509515607
1,All Population,5,Prevalence,107,Barbados,3,Both,22,All ages,975,Diabetes mellitus type 1,3,Rate,2017,59.033601756260005,73.13369195413,48.09025626007
1,All Population,5,Prevalence,180,Kenya,3,Both,22,All ages,975,Diabetes mellitus type 1,3,Rate,2016,23.56618717034,30.08046450782,18.885615178
1,All Population,5,Prevalence,62,Russian Federation,3,Both,22,All ages,975,Diabetes mellitus type 1,3,Rate,2017,218.16899231880998,259.11614824036,183.24291584743
1,All Population,5,Prevalence,210,Liberia,3,Both,22,All ages,975,Diabetes mellitus type 1,3,Rate,2016,10.97096850769,13.56426678069,8.9600137564
1,All Population,5,Prevalence,175,Burundi,3,Both,22,All ages,975,Diabetes mellitus type 1,3,Rate,2016,23.94030155625,31.660028183829997,18.693093471610002
1,All Population,5,Prevalence,78,Denmark,3,Both,22,All ages,975,Diabetes mellitus type 1,3,Rate,2016,385.78740769921,440.43703730267003,333.46262533666
1,All Population,5,Prevalence,165,Pakistan,3,Both,22,All ages,975,Diabetes mellitus type 1,3,Rate,2017,36.10181721826,44.27226849145,29.85135795224
1,All Population,5,Prevalence,68,Republic of Korea,3,Both,22,All ages,975,Diabetes mellitus type 1,3,Rate,2017,59.98970935291,68.98124997521,51.66961709014
1,All Population,5,Prevalence,170,Congo,3,Both,22,All ages,975,Diabetes mellitus type 1,3,Rate,2016,14.435637657260001,18.08035036954,11.67665852187
1,All Population,5,Prevalence,88,Malta,3,Both,22,All ages,975,Diabetes mellitus type 1,3,Rate,2017,306.11530637325,350.30867156789003,264.47325669466
1,All Population,5,Prevalence,206,Gambia,3,Both,22,All ages,975,Diabetes mellitus type 1,3,Rate,2017,10.62718091707,13.31619749123,8.63942788916
1,All Population,5,Prevalence,41,Uzbekistan,3,Both,22,All ages,975,Diabetes mellitus type 1,3,Rate,2017,78.98052351725,94.05230392067,66.48392876901
1,All Population,5,Prevalence,30,Vanuatu,3,Both,22,All ages,975,Diabetes mellitus type 1,3,Rate,2017,37.79558148015,45.80290248916,31.09671691456
1,All Population,5,Prevalence,133,Venezuela (Bolivarian Republic of),3,Both,22,All ages,975,Diabetes mellitus type 1,3,Rate,2017,52.17015997238,65.07121216684,42.16199162815
1,All Population,5,Prevalence,178,Eritrea,3,Both,22,All ages,975,Diabetes mellitus type 1,3,Rate,2017,47.330982626360004,60.616208533030004,37.694177507730004
1,All Population,5,Prevalence,114,Haiti,3,Both,22,All ages,975,Diabetes mellitus type 1,3,Rate,2016,49.33961408666,62.80681473253,39.3812797527
1,All Population,5,Prevalence,34,Azerbaijan,3,Both,22,All ages,975,Diabetes mellitus type 1,3,Rate,2017,84.55833600254,101.40860152827,71.69718550636
1,All Population,5,Prevalence,75,Austria,3,Both,22,All ages,975,Diabetes mellitus type 1,3,Rate,2017,260.66676384072,299.66337732591,222.99143502032
1,All Population,5,Prevalence,160,Afghanistan,3,Both,22,All ages,975,Diabetes mellitus type 1,3,Rate,2017,84.25659710993,106.52458744344,67.3523628816
1,All Population,5,Prevalence,90,Norway,3,Both,22,All ages,975,Diabetes mellitus type 1,3,Rate,2017,468.15784300836003,531.95811702667,404.85514507427
1,All Population,5,Prevalence,122,Ecuador,3,Both,22,All ages,975,Diabetes mellitus type 1,3,Rate,2017,48.942946146779995,60.188684141029995,40.20305727412
1,All Population,5,Prevalence,23,Kiribati,3,Both,22,All ages,975,Diabetes mellitus type 1,3,Rate,2017,39.52577493242,47.572058380230004,32.64558887688
1,All Population,5,Prevalence,172,Equatorial Guinea,3,Both,22,All ages,975,Diabetes mellitus type 1,3,Rate,2016,13.758178523460002,17.33418194678,11.07938178613
1,All Population,5,Prevalence,81,Germany,3,Both,22,All ages,975,Diabetes mellitus type 1,3,Rate,2017,271.17546188244,299.7275406237,243.03794580518
1,All Population,5,Prevalence,396,San Marino,3,Both,22,All ages,975,Diabetes mellitus type 1,3,Rate,2016,394.4647206002,458.08211054694004,338.28208007887
1,All Population,5,Prevalence,93,Sweden,3,Both,22,All ages,975,Diabetes mellitus type 1,3,Rate,2016,648.93081956388,709.7166700878499,597.27636870036
1,All Population,5,Prevalence,173,Gabon,3,Both,22,All ages,975,Diabetes mellitus type 1,3,Rate,2017,15.29274991715,18.93127476247,12.50861184777
1,All Population,5,Prevalence,115,Jamaica,3,Both,22,All ages,975,Diabetes mellitus type 1,3,Rate,2017,56.008223535540004,70.27819209208,45.3143388243
1,All Population,5,Prevalence,43,Albania,3,Both,22,All ages,975,Diabetes mellitus type 1,3,Rate,2017,241.95865059623,279.83436170759,208.59326182860997
1,All Population,5,Prevalence,180,Kenya,3,Both,22,All ages,975,Diabetes mellitus type 1,3,Rate,2017,24.009597670839998,30.618684367529998,19.20080013696
1,All Population,5,Prevalence,47,Czechia,3,Both,22,All ages,975,Diabetes mellitus type 1,3,Rate,2017,354.25875603476004,399.39527333728,306.77523022436
1,All Population,5,Prevalence,135,Brazil,3,Both,22,All ages,975,Diabetes mellitus type 1,3,Rate,2017,138.87665613713,172.25275314416,113.92158872421
1,All Population,5,Prevalence,169,Central African Republic,3,Both,22,All ages,975,Diabetes mellitus type 1,3,Rate,2017,13.463608207030001,17.014105884790002,10.88391347552
1,All Population,5,Prevalence,77,Cyprus,3,Both,22,All ages,975,Diabetes mellitus type 1,3,Rate,2017,220.85498442901,250.34677696087,192.88991948024
1,All Population,5,Prevalence,36,Kazakhstan,3,Both,22,All ages,975,Diabetes mellitus type 1,3,Rate,2017,81.30288713825,97.31257192772999,68.80890278460001
1,All Population,5,Prevalence,101,Canada,3,Both,22,All ages,975,Diabetes mellitus type 1,3,Rate,2017,537.98921005814,594.8981256047899,482.85757349507
1,All Population,5,Prevalence,92,Spain,3,Both,22,All ages,975,Diabetes mellitus type 1,3,Rate,2017,336.14517992813,369.49768950474,303.32824784451
1,All Population,5,Prevalence,186,Seychelles,3,Both,22,All ages,975,Diabetes mellitus type 1,3,Rate,2017,53.17046870991,63.135219589079995,44.20177303335
1,All Population,5,Prevalence,126,Costa Rica,3,Both,22,All ages,975,Diabetes mellitus type 1,3,Rate,2017,53.97640616356,66.99014759288,43.63709774632
1,All Population,5,Prevalence,40,Turkmenistan,3,Both,22,All ages,975,Diabetes mellitus type 1,3,Rate,2017,77.08411513725,93.2311037111,64.65883839652001
1,All Population,5,Prevalence,29,Tonga,3,Both,22,All ages,975,Diabetes mellitus type 1,3,Rate,2017,39.8215242235,47.85681485701,32.73145748325
1,All Population,5,Prevalence,45,Bulgaria,3,Both,22,All ages,975,Diabetes mellitus type 1,3,Rate,2017,250.28469458442999,287.89568153781,215.52272744206
1,All Population,5,Prevalence,305,Bermuda,3,Both,22,All ages,975,Diabetes mellitus type 1,3,Rate,2016,60.631601366130006,74.46867423236999,49.358588307850006
1,All Population,5,Prevalence,182,Malawi,3,Both,22,All ages,975,Diabetes mellitus type 1,3,Rate,2017,25.085744638460003,34.31274213435,19.34179001697
1,All Population,5,Prevalence,194,Lesotho,3,Both,22,All ages,975,Diabetes mellitus type 1,3,Rate,2017,15.50627930375,19.38696813991,12.60547639042
1,All Population,5,Prevalence,162,Bhutan,3,Both,22,All ages,975,Diabetes mellitus type 1,3,Rate,2017,44.59344592327,53.59203266122,37.38452728435
1,All Population,5,Prevalence,161,Bangladesh,3,Both,22,All ages,975,Diabetes mellitus type 1,3,Rate,2016,34.4367111075,41.22361212003,28.852500436249997
1,All Population,5,Prevalence,208,Guinea,3,Both,22,All ages,975,Diabetes mellitus type 1,3,Rate,2017,10.27918454967,12.902915055480001,8.358618913619999
1,All Population,5,Prevalence,83,Iceland,3,Both,22,All ages,975,Diabetes mellitus type 1,3,Rate,2017,264.70960171671,301.6998559268,229.75274921052997
1,All Population,5,Prevalence,148,Morocco,3,Both,22,All ages,975,Diabetes mellitus type 1,3,Rate,2017,97.29691359513,120.06417066713999,78.7891128049
1,All Population,5,Prevalence,175,Burundi,3,Both,22,All ages,975,Diabetes mellitus type 1,3,Rate,2017,24.527025235950003,33.13025706039,19.02678132883
1,All Population,5,Prevalence,139,Algeria,3,Both,22,All ages,975,Diabetes mellitus type 1,3,Rate,2017,285.27838305917,342.3140772652,246.82611465819
1,All Population,5,Prevalence,211,Mali,3,Both,22,All ages,975,Diabetes mellitus type 1,3,Rate,2017,9.40457859472,11.644135112559999,7.76092572451
1,All Population,5,Prevalence,184,Mozambique,3,Both,22,All ages,975,Diabetes mellitus type 1,3,Rate,2017,24.22080827605,33.03222591135,18.685838968469998
1,All Population,5,Prevalence,196,South Africa,3,Both,22,All ages,975,Diabetes mellitus type 1,3,Rate,2017,16.33510697653,19.4780488972,13.564775781289999
1,All Population,5,Prevalence,200,Benin,3,Both,22,All ages,975,Diabetes mellitus type 1,3,Rate,2017,10.23052662486,12.821571235390001,8.310595374090001
1,All Population,5,Prevalence,141,Egypt,3,Both,22,All ages,975,Diabetes mellitus type 1,3,Rate,2017,90.36208652725,112.26314124403001,72.90934667202
1,All Population,5,Prevalence,150,Oman,3,Both,22,All ages,975,Diabetes mellitus type 1,3,Rate,2017,95.02492441476001,115.9314544407,77.22139225671
1,All Population,5,Prevalence,10,Cambodia,3,Both,22,All ages,975,Diabetes mellitus type 1,3,Rate,2017,47.26853348544,57.34824621841,38.63875514768
1,All Population,5,Prevalence,44,Bosnia and Herzegovina,3,Both,22,All ages,975,Diabetes mellitus type 1,3,Rate,2017,170.29804495693,194.70934316538998,146.52995986029
1,All Population,5,Prevalence,213,Niger,3,Both,22,All ages,975,Diabetes mellitus type 1,3,Rate,2017,9.40482528451,11.81499369461,7.5910298887500005
1,All Population,5,Prevalence,55,Slovenia,3,Both,22,All ages,975,Diabetes mellitus type 1,3,Rate,2017,272.58826679637,306.86135125403,234.96792620505002
1,All Population,5,Prevalence,198,Zimbabwe,3,Both,22,All ages,975,Diabetes mellitus type 1,3,Rate,2017,14.420862593330002,18.209553422069998,11.673701158710001
1,All Population,5,Prevalence,413,Tokelau,3,Both,22,All ages,975,Diabetes mellitus type 1,3,Rate,2017,43.65330164575,51.68837883925001,36.10626847855
1,All Population,5,Prevalence,12,Lao People's Democratic Republic,3,Both,22,All ages,975,Diabetes mellitus type 1,3,Rate,2017,45.932351440939996,56.17127041312,37.45420030223
1,All Population,5,Prevalence,46,Croatia,3,Both,22,All ages,975,Diabetes mellitus type 1,3,Rate,2017,269.37126897239,302.77602305477,234.38640180265003
1,All Population,5,Prevalence,49,North Macedonia,3,Both,22,All ages,975,Diabetes mellitus type 1,3,Rate,2017,165.42476287716002,193.20045417749,140.71711823958
1,All Population,5,Prevalence,189,United Republic of Tanzania,3,Both,22,All ages,975,Diabetes mellitus type 1,3,Rate,2017,23.81844846254,30.92665585197,18.7700240198
1,All Population,5,Prevalence,38,Mongolia,3,Both,22,All ages,975,Diabetes mellitus type 1,3,Rate,2017,72.95041433408001,87.67908633693,61.73126984357
1,All Population,5,Prevalence,94,Switzerland,3,Both,22,All ages,975,Diabetes mellitus type 1,3,Rate,2017,368.92872158411996,435.77658613102,309.51465001033
1,All Population,5,Prevalence,215,Sao Tome and Principe,3,Both,22,All ages,975,Diabetes mellitus type 1,3,Rate,2017,11.40815833129,14.09427212045,9.31636336703
1,All Population,5,Prevalence,128,Guatemala,3,Both,22,All ages,975,Diabetes mellitus type 1,3,Rate,2017,47.44669426457,60.7651374531,37.73903721306
1,All Population,5,Prevalence,416,Tuvalu,3,Both,22,All ages,975,Diabetes mellitus type 1,3,Rate,2016,41.42233528429,48.77296976776,34.35654290451
1,All Population,5,Prevalence,57,Belarus,3,Both,22,All ages,975,Diabetes mellitus type 1,3,Rate,2017,159.12115216262,184.88952528936,134.39760886355
1,All Population,5,Prevalence,25,Micronesia (Federated States of),3,Both,22,All ages,975,Diabetes mellitus type 1,3,Rate,2017,41.55700887008,49.78955317216,34.28574972379
1,All Population,5,Prevalence,177,Djibouti,3,Both,22,All ages,975,Diabetes mellitus type 1,3,Rate,2017,27.11010743248,35.24201344302,21.53523130007
1,All Population,5,Prevalence,14,Maldives,3,Both,22,All ages,975,Diabetes mellitus type 1,3,Rate,2017,59.323711000500005,72.52352284028,48.21190929331
1,All Population,5,Prevalence,320,Cook Islands,3,Both,22,All ages,975,Diabetes mellitus type 1,3,Rate,2017,47.33939667623,55.53335324451,39.6107531609
1,All Population,5,Prevalence,85,Israel,3,Both,22,All ages,975,Diabetes mellitus type 1,3,Rate,2017,204.12257261938998,225.38847478661998,183.7463143099
1,All Population,5,Prevalence,349,Greenland,3,Both,22,All ages,975,Diabetes mellitus type 1,3,Rate,2016,402.51527552601,457.98292349333997,351.11329360997
1,All Population,5,Prevalence,191,Zambia,3,Both,22,All ages,975,Diabetes mellitus type 1,3,Rate,2017,24.394217136119998,33.3804041073,18.81887247944
1,All Population,5,Prevalence,109,Cuba,3,Both,22,All ages,975,Diabetes mellitus type 1,3,Rate,2017,61.000955647720005,76.50276248012,48.99612883277
1,All Population,5,Prevalence,143,Iraq,3,Both,22,All ages,975,Diabetes mellitus type 1,3,Rate,2017,91.41902848129,113.96792237198001,73.60034659626001
1,All Population,5,Prevalence,203,Cabo Verde,3,Both,22,All ages,975,Diabetes mellitus type 1,3,Rate,2016,12.6646667162,15.305585781189999,10.39713111969
1,All Population,5,Prevalence,51,Poland,3,Both,22,All ages,975,Diabetes mellitus type 1,3,Rate,2017,310.28763373779,348.39509761777,274.16391959953
1,All Population,5,Prevalence,27,Samoa,3,Both,22,All ages,975,Diabetes mellitus type 1,3,Rate,2017,38.82946419884,46.50717468031,32.00676896054
1,All Population,5,Prevalence,193,Botswana,3,Both,22,All ages,975,Diabetes mellitus type 1,3,Rate,2017,16.18725024954,19.87934617701,13.299712314050002
1,All Population,5,Prevalence,16,Philippines,3,Both,22,All ages,975,Diabetes mellitus type 1,3,Rate,2017,44.572253782880004,53.25950948076,36.97413587901
1,All Population,5,Prevalence,59,Latvia,3,Both,22,All ages,975,Diabetes mellitus type 1,3,Rate,2017,187.10450530471,212.91977662494998,159.72003092079
1,All Population,5,Prevalence,351,Guam,3,Both,22,All ages,975,Diabetes mellitus type 1,3,Rate,2017,46.24495189702,54.28676562907,38.62731368991
1,All Population,5,Prevalence,130,Mexico,3,Both,22,All ages,975,Diabetes mellitus type 1,3,Rate,2017,56.87522911748,70.68658109402,46.226280509359995
1,All Population,5,Prevalence,374,Niue,3,Both,22,All ages,975,Diabetes mellitus type 1,3,Rate,2017,46.7271051063,54.76503613974,39.03081432767
1,All Population,5,Prevalence,98,Chile,3,Both,22,All ages,975,Diabetes mellitus type 1,3,Rate,2017,117.41455528296999,132.58629781952,102.82850271399
1,All Population,5,Prevalence,145,Kuwait,3,Both,22,All ages,975,Diabetes mellitus type 1,3,Rate,2017,376.65506856311004,437.0238663274,330.92401280351
1,All Population,5,Prevalence,435,South Sudan,3,Both,22,All ages,975,Diabetes mellitus type 1,3,Rate,2016,24.514547282280002,32.71370897333,19.04774193196
1,All Population,5,Prevalence,205,Côte d'Ivoire,3,Both,22,All ages,975,Diabetes mellitus type 1,3,Rate,2016,10.782680301440001,13.33390227239,8.80637803769
1,All Population,5,Prevalence,72,New Zealand,3,Both,22,All ages,975,Diabetes mellitus type 1,3,Rate,2017,300.19512982275,346.68708886767,255.19468082800998
1,All Population,5,Prevalence,422,United States Virgin Islands,3,Both,22,All ages,975,Diabetes mellitus type 1,3,Rate,2017,70.48925874295,88.96813781014,55.59419083181999
1,All Population,5,Prevalence,202,Cameroon,3,Both,22,All ages,975,Diabetes mellitus type 1,3,Rate,2017,10.53165563455,13.122956909360001,8.59129953317
1,All Population,5,Prevalence,367,Monaco,3,Both,22,All ages,975,Diabetes mellitus type 1,3,Rate,2016,393.68192936769,460.38447231605005,335.24903502355
1,All Population,5,Prevalence,298,American Samoa,3,Both,22,All ages,975,Diabetes mellitus type 1,3,Rate,2017,42.67513144655,50.60700744805,35.43149341163
1,All Population,5,Prevalence,218,Togo,3,Both,22,All ages,975,Diabetes mellitus type 1,3,Rate,2016,10.908934426150001,13.41911042772,8.87542929677
1,All Population,5,Prevalence,380,Palau,3,Both,22,All ages,975,Diabetes mellitus type 1,3,Rate,2017,49.07298227627,57.275629782509995,41.55740796208
1,All Population,5,Prevalence,61,Republic of Moldova,3,Both,22,All ages,975,Diabetes mellitus type 1,3,Rate,2017,183.6697467923,212.64779964277002,159.12239229869
1,All Population,5,Prevalence,207,Ghana,3,Both,22,All ages,975,Diabetes mellitus type 1,3,Rate,2016,11.326377334590001,13.825850136809999,9.23912668845
1,All Population,5,Prevalence,156,United Arab Emirates,3,Both,22,All ages,975,Diabetes mellitus type 1,3,Rate,2017,104.40612377525,128.56567781377998,86.62449205494
1,All Population,5,Prevalence,74,Andorra,3,Both,22,All ages,975,Diabetes mellitus type 1,3,Rate,2017,409.33153848371,468.05017742236004,354.89438859933
1,All Population,5,Prevalence,393,Saint Kitts and Nevis,3,Both,22,All ages,975,Diabetes mellitus type 1,3,Rate,2017,57.583589281550005,71.70139819315,46.97730054664
1,All Population,5,Prevalence,209,Guinea-Bissau,3,Both,22,All ages,975,Diabetes mellitus type 1,3,Rate,2016,10.33659963883,12.913274383760001,8.449547299879999
1,All Population,5,Prevalence,204,Chad,3,Both,22,All ages,975,Diabetes mellitus type 1,3,Rate,2017,9.429081270520001,11.84556666752,7.61474350467
1,All Population,5,Prevalence,87,Luxembourg,3,Both,22,All ages,975,Diabetes mellitus type 1,3,Rate,2017,397.16185911286,451.98136285700997,344.7547141249
1,All Population,5,Prevalence,76,Belgium,3,Both,22,All ages,975,Diabetes mellitus type 1,3,Rate,2017,320.16396678827,370.12207393286,272.39693955284
1,All Population,5,Prevalence,217,Sierra Leone,3,Both,22,All ages,975,Diabetes mellitus type 1,3,Rate,2017,11.04736811172,13.82237626239,9.00287652505
1,All Population,5,Prevalence,89,Netherlands,3,Both,22,All ages,975,Diabetes mellitus type 1,3,Rate,2017,341.93055406953,378.1644080551,302.58526986822
1,All Population,5,Prevalence,123,Peru,3,Both,22,All ages,975,Diabetes mellitus type 1,3,Rate,2017,49.95000384686,61.006814894529995,41.060298133699995
1,All Population,5,Prevalence,181,Madagascar,3,Both,22,All ages,975,Diabetes mellitus type 1,3,Rate,2017,25.451020919869997,34.38560166298,19.68745100485
1,All Population,5,Prevalence,91,Portugal,3,Both,22,All ages,975,Diabetes mellitus type 1,3,Rate,2017,397.59405750905,457.50314684293994,342.13213734485004
1,All Population,5,Prevalence,136,Paraguay,3,Both,22,All ages,975,Diabetes mellitus type 1,3,Rate,2017,97.58417397892,126.50516736157999,77.22097744733
1,All Population,5,Prevalence,147,Libya,3,Both,22,All ages,975,Diabetes mellitus type 1,3,Rate,2017,174.50947180417,208.97139202123,144.1090174059
1,All Population,5,Prevalence,102,United States of America,3,Both,22,All ages,975,Diabetes mellitus type 1,3,Rate,2017,406.57010069015996,454.07095076691996,362.00431808813
1,All Population,5,Prevalence,195,Namibia,3,Both,22,All ages,975,Diabetes mellitus type 1,3,Rate,2017,15.289697510389999,19.09509127551,12.47225066599
1,All Population,5,Prevalence,149,Palestine,3,Both,22,All ages,975,Diabetes mellitus type 1,3,Rate,2017,89.50774182821999,113.29052890054,71.89386373753
1,All Population,5,Prevalence,183,Mauritius,3,Both,22,All ages,975,Diabetes mellitus type 1,3,Rate,2017,56.15227814783999,66.32019513095,46.56455116608
1,All Population,5,Prevalence,93,Sweden,3,Both,22,All ages,975,Diabetes mellitus type 1,3,Rate,2017,657.5901920827799,718.46360312114,605.88855142509
1,All Population,5,Prevalence,197,Eswatini,3,Both,22,All ages,975,Diabetes mellitus type 1,3,Rate,2017,15.2512532591,19.185665328659997,12.38700923392
1,All Population,5,Prevalence,376,Northern Mariana Islands,3,Both,22,All ages,975,Diabetes mellitus type 1,3,Rate,2017,47.72239182434,55.94270470406,40.19362397448
1,All Population,5,Prevalence,164,Nepal,3,Both,22,All ages,975,Diabetes mellitus type 1,3,Rate,2017,42.60844948771,50.83320749687999,35.55107836175
1,All Population,5,Prevalence,117,Saint Vincent and the Grenadines,3,Both,22,All ages,975,Diabetes mellitus type 1,3,Rate,2017,55.4976873069,68.80428562547,45.02242728597
1,All Population,5,Prevalence,210,Liberia,3,Both,22,All ages,975,Diabetes mellitus type 1,3,Rate,2017,11.132301611419999,13.87866611588,9.08731449763
1,All Population,5,Prevalence,106,Bahamas,3,Both,22,All ages,975,Diabetes mellitus type 1,3,Rate,2017,57.16029402734,71.4254663798,46.347115587240005
1,All Population,5,Prevalence,151,Qatar,3,Both,22,All ages,975,Diabetes mellitus type 1,3,Rate,2017,196.88730024531998,244.73530083502,162.6510985391
1,All Population,5,Prevalence,201,Burkina Faso,3,Both,22,All ages,975,Diabetes mellitus type 1,3,Rate,2017,10.17442807462,12.777386799590001,8.2666067988
1,All Population,5,Prevalence,132,Panama,3,Both,22,All ages,975,Diabetes mellitus type 1,3,Rate,2017,51.36056369405,63.820188263169996,41.421488152200006
1,All Population,5,Prevalence,185,Rwanda,3,Both,22,All ages,975,Diabetes mellitus type 1,3,Rate,2017,28.67065491484,37.54440144841,22.76775300529
1,All Population,5,Prevalence,119,Trinidad and Tobago,3,Both,22,All ages,975,Diabetes mellitus type 1,3,Rate,2017,57.546643402369995,71.64621668781,47.08860925234
1,All Population,5,Prevalence,212,Mauritania,3,Both,22,All ages,975,Diabetes mellitus type 1,3,Rate,2017,10.68252069096,13.318054741820001,8.706013892649999
1,All Population,5,Prevalence,385,Puerto Rico,3,Both,22,All ages,975,Diabetes mellitus type 1,3,Rate,2017,59.491922712430004,73.4659063169,48.454562868139995
1,All Population,5,Prevalence,153,Syrian Arab Republic,3,Both,22,All ages,975,Diabetes mellitus type 1,3,Rate,2017,95.76357382869,118.86630511992999,76.99940560165
1,All Population,5,Prevalence,108,Belize,3,Both,22,All ages,975,Diabetes mellitus type 1,3,Rate,2017,52.121061805989996,66.54360666473,41.82206293026
1,All Population,5,Prevalence,522,Sudan,3,Both,22,All ages,975,Diabetes mellitus type 1,3,Rate,2016,87.86118818605,106.52653051511001,74.03210399057
1,All Population,5,Prevalence,369,Nauru,3,Both,22,All ages,975,Diabetes mellitus type 1,3,Rate,2017,37.99894269891,46.23828234207,31.324686625530003
1,All Population,5,Prevalence,168,Angola,3,Both,22,All ages,975,Diabetes mellitus type 1,3,Rate,2017,13.406793466219998,16.950124447649998,10.81509029069
1,All Population,5,Prevalence,214,Nigeria,3,Both,22,All ages,975,Diabetes mellitus type 1,3,Rate,2017,9.92824129449,12.315291541399999,8.131597900780001
1,All Population,5,Prevalence,121,Bolivia (Plurinational State of),3,Both,22,All ages,975,Diabetes mellitus type 1,3,Rate,2017,48.03569172071,59.36459595718,39.21109316448
1,All Population,5,Prevalence,396,San Marino,3,Both,22,All ages,975,Diabetes mellitus type 1,3,Rate,2017,400.62977804329006,463.99863507425,344.34703855181004
1,All Population,5,Prevalence,179,Ethiopia,3,Both,22,All ages,975,Diabetes mellitus type 1,3,Rate,2017,23.07419972616,29.73184653384,18.37890460409
1,All Population,5,Prevalence,216,Senegal,3,Both,22,All ages,975,Diabetes mellitus type 1,3,Rate,2017,10.75366719008,13.418386420200001,8.76392766195
1,All Population,5,Prevalence,39,Tajikistan,3,Both,22,All ages,975,Diabetes mellitus type 1,3,Rate,2017,71.98131421369,88.51673586861999,59.82287146822001
1,All Population,5,Prevalence,18,Thailand,3,Both,22,All ages,975,Diabetes mellitus type 1,3,Rate,2017,57.84468572893,67.89813234458,48.23223564037
1,All Population,5,Prevalence,7,Democratic People's Republic of Korea,3,Both,22,All ages,975,Diabetes mellitus type 1,3,Rate,2017,70.88911743,80.74290594528,60.939004560090005
1,All Population,5,Prevalence,28,Solomon Islands,3,Both,22,All ages,975,Diabetes mellitus type 1,3,Rate,2018,38.48789858119,46.99358408466,31.57681369689
1,All Population,5,Prevalence,20,Viet Nam,3,Both,22,All ages,975,Diabetes mellitus type 1,3,Rate,2017,51.47278036776,61.45360237956999,42.69084650041
1,All Population,5,Prevalence,41,Uzbekistan,3,Both,22,All ages,975,Diabetes mellitus type 1,3,Rate,2018,79.18833118827,94.80323333724999,66.76518804922999
1,All Population,5,Prevalence,33,Armenia,3,Both,22,All ages,975,Diabetes mellitus type 1,3,Rate,2017,89.85583600211,106.40483196836,75.96965337313
1,All Population,5,Prevalence,30,Vanuatu,3,Both,22,All ages,975,Diabetes mellitus type 1,3,Rate,2018,38.36433941534,46.66399479004,31.49859244872
1,All Population,5,Prevalence,22,Fiji,3,Both,22,All ages,975,Diabetes mellitus type 1,3,Rate,2017,43.01080461047,50.56915601707,35.9140756493
1,All Population,5,Prevalence,35,Georgia,3,Both,22,All ages,975,Diabetes mellitus type 1,3,Rate,2017,90.3773637818,106.72413950075,76.24698031173
1,All Population,5,Prevalence,75,Austria,3,Both,22,All ages,975,Diabetes mellitus type 1,3,Rate,2018,264.29946984656,303.06742851307,226.58952533121
1,All Population,5,Prevalence,86,Italy,3,Both,22,All ages,975,Diabetes mellitus type 1,3,Rate,2018,319.41202827115,359.48236041714,279.45027565628004
1,All Population,5,Prevalence,43,Albania,3,Both,22,All ages,975,Diabetes mellitus type 1,3,Rate,2018,245.82263142903,283.71602417392,212.23283245595002
1,All Population,5,Prevalence,77,Cyprus,3,Both,22,All ages,975,Diabetes mellitus type 1,3,Rate,2018,224.19302390453998,252.8708987969,195.92005942109
1,All Population,5,Prevalence,133,Venezuela (Bolivarian Republic of),3,Both,22,All ages,975,Diabetes mellitus type 1,3,Rate,2018,52.547842691,65.71610294761,42.40388431032
1,All Population,5,Prevalence,88,Malta,3,Both,22,All ages,975,Diabetes mellitus type 1,3,Rate,2018,311.01766350417,354.63734341128,269.38333345148
1,All Population,5,Prevalence,11,Indonesia,3,Both,22,All ages,975,Diabetes mellitus type 1,3,Rate,2018,49.02546456952,57.9430901296,41.10040316699
1,All Population,5,Prevalence,122,Ecuador,3,Both,22,All ages,975,Diabetes mellitus type 1,3,Rate,2018,49.34487885948,61.0095078846,40.4813375355
1,All Population,5,Prevalence,45,Bulgaria,3,Both,22,All ages,975,Diabetes mellitus type 1,3,Rate,2018,253.32387323396,291.49956415061996,217.28598116039
1,All Population,5,Prevalence,37,Kyrgyzstan,3,Both,22,All ages,975,Diabetes mellitus type 1,3,Rate,2017,75.59802656624001,91.65288020295,63.39878855647
1,All Population,5,Prevalence,90,Norway,3,Both,22,All ages,975,Diabetes mellitus type 1,3,Rate,2018,473.77755827394,538.06768108347,410.19497499459004
1,All Population,5,Prevalence,169,Central African Republic,3,Both,22,All ages,975,Diabetes mellitus type 1,3,Rate,2018,13.574722086560001,17.25217236576,11.00875817474
1,All Population,5,Prevalence,135,Brazil,3,Both,22,All ages,975,Diabetes mellitus type 1,3,Rate,2018,139.40879374182,172.86924145464,114.07175696488
1,All Population,5,Prevalence,13,Malaysia,3,Both,22,All ages,975,Diabetes mellitus type 1,3,Rate,2018,51.421028760329996,61.82080062761,42.222667450900005
1,All Population,5,Prevalence,180,Kenya,3,Both,22,All ages,975,Diabetes mellitus type 1,3,Rate,2018,24.472778036070004,31.551090659369997,19.5216849384
1,All Population,5,Prevalence,58,Estonia,3,Both,22,All ages,975,Diabetes mellitus type 1,3,Rate,2018,299.47401043548,335.55114339078,261.07394943944
1,All Population,5,Prevalence,101,Canada,3,Both,22,All ages,975,Diabetes mellitus type 1,3,Rate,2018,543.02777266974,598.74126929595,487.0927653367
1,All Population,5,Prevalence,24,Marshall Islands,3,Both,22,All ages,975,Diabetes mellitus type 1,3,Rate,2018,40.07405923945,48.71284697363,32.99347623646
1,All Population,5,Prevalence,148,Morocco,3,Both,22,All ages,975,Diabetes mellitus type 1,3,Rate,2018,99.06014397798,122.6398267321,80.66631728601
1,All Population,5,Prevalence,92,Spain,3,Both,22,All ages,975,Diabetes mellitus type 1,3,Rate,2018,342.4990742565,376.21339222795,309.26926968868
1,All Population,5,Prevalence,60,Lithuania,3,Both,22,All ages,975,Diabetes mellitus type 1,3,Rate,2018,188.64282069263,211.21639502077997,163.59793485412
1,All Population,5,Prevalence,182,Malawi,3,Both,22,All ages,975,Diabetes mellitus type 1,3,Rate,2018,25.79919811202,35.85743894727,19.79956473114
1,All Population,5,Prevalence,15,Myanmar,3,Both,22,All ages,975,Diabetes mellitus type 1,3,Rate,2018,49.4169122545,59.749678215139994,40.49642138036
1,All Population,5,Prevalence,26,Papua New Guinea,3,Both,22,All ages,975,Diabetes mellitus type 1,3,Rate,2018,38.43130109492,46.80717636412,31.622794812460004
1,All Population,5,Prevalence,194,Lesotho,3,Both,22,All ages,975,Diabetes mellitus type 1,3,Rate,2018,15.70835988708,19.841467779320002,12.75768928228
1,All Population,5,Prevalence,71,Australia,3,Both,22,All ages,975,Diabetes mellitus type 1,3,Rate,2018,408.45060413496,449.44119838219,375.22291322079997
1,All Population,5,Prevalence,150,Oman,3,Both,22,All ages,975,Diabetes mellitus type 1,3,Rate,2018,96.52157410784,118.40890926834,78.90006257332
1,All Population,5,Prevalence,184,Mozambique,3,Both,22,All ages,975,Diabetes mellitus type 1,3,Rate,2018,24.80744928515,34.46372116618,19.06672533479
1,All Population,5,Prevalence,62,Russian Federation,3,Both,22,All ages,975,Diabetes mellitus type 1,3,Rate,2018,218.84512686860003,259.67568371344,183.8597946353
1,All Population,5,Prevalence,48,Hungary,3,Both,22,All ages,975,Diabetes mellitus type 1,3,Rate,2017,328.38949690422,366.28238323893,284.53756774895
1,All Population,5,Prevalence,139,Algeria,3,Both,22,All ages,975,Diabetes mellitus type 1,3,Rate,2018,290.44205563336,347.13124046972,252.46928359223
1,All Population,5,Prevalence,196,South Africa,3,Both,22,All ages,975,Diabetes mellitus type 1,3,Rate,2018,16.51187691179,19.60039902487,13.74069530958
1,All Population,5,Prevalence,105,Antigua and Barbuda,3,Both,22,All ages,975,Diabetes mellitus type 1,3,Rate,2018,58.43879361557,72.57140987008,47.44833228075
1,All Population,5,Prevalence,118,Suriname,3,Both,22,All ages,975,Diabetes mellitus type 1,3,Rate,2018,54.94800558338,68.78212820205,44.45224840999
1,All Population,5,Prevalence,152,Saudi Arabia,3,Both,22,All ages,975,Diabetes mellitus type 1,3,Rate,2018,253.98915946661998,302.63720540589,216.55739751506002
1,All Population,5,Prevalence,163,India,3,Both,22,All ages,975,Diabetes mellitus type 1,3,Rate,2018,64.34348686762,76.74230286891,53.74725908594
1,All Population,5,Prevalence,298,American Samoa,3,Both,22,All ages,975,Diabetes mellitus type 1,3,Rate,2018,43.44065790309,51.77650106211,36.06157784882
1,All Population,5,Prevalence,198,Zimbabwe,3,Both,22,All ages,975,Diabetes mellitus type 1,3,Rate,2018,14.602462669489999,18.460161156719998,11.85349962049
1,All Population,5,Prevalence,107,Barbados,3,Both,22,All ages,975,Diabetes mellitus type 1,3,Rate,2018,59.430106832060005,73.64356925681,48.34643736186
1,All Population,5,Prevalence,154,Tunisia,3,Both,22,All ages,975,Diabetes mellitus type 1,3,Rate,2018,119.31557303075999,147.05152673487,96.33834170605999
1,All Population,5,Prevalence,165,Pakistan,3,Both,22,All ages,975,Diabetes mellitus type 1,3,Rate,2018,36.30638576984,44.868494908689996,30.13279807159
1,All Population,5,Prevalence,211,Mali,3,Both,22,All ages,975,Diabetes mellitus type 1,3,Rate,2018,9.47744488647,11.747031513,7.818224778259999
1,All Population,5,Prevalence,178,Eritrea,3,Both,22,All ages,975,Diabetes mellitus type 1,3,Rate,2018,49.59171141697,63.71309901214,40.2111592614
1,All Population,5,Prevalence,23,Kiribati,3,Both,22,All ages,975,Diabetes mellitus type 1,3,Rate,2018,40.02720353716,48.435746757500006,32.997266721589995
1,All Population,5,Prevalence,200,Benin,3,Both,22,All ages,975,Diabetes mellitus type 1,3,Rate,2018,10.33675206542,12.9720013787,8.44394958569
1,All Population,5,Prevalence,34,Azerbaijan,3,Both,22,All ages,975,Diabetes mellitus type 1,3,Rate,2018,85.25273429498,102.07047483222001,72.19362699529
1,All Population,5,Prevalence,213,Niger,3,Both,22,All ages,975,Diabetes mellitus type 1,3,Rate,2018,9.47944110754,12.028391085159999,7.69302549779
1,All Population,5,Prevalence,47,Czechia,3,Both,22,All ages,975,Diabetes mellitus type 1,3,Rate,2018,358.47257567232003,402.09569928148,309.99922489315003
1,All Population,5,Prevalence,36,Kazakhstan,3,Both,22,All ages,975,Diabetes mellitus type 1,3,Rate,2018,81.55592851793,97.05858752057,68.91791525788
1,All Population,5,Prevalence,81,Germany,3,Both,22,All ages,975,Diabetes mellitus type 1,3,Rate,2018,275.13163533464996,303.72503618697,246.51911721268002
1,All Population,5,Prevalence,215,Sao Tome and Principe,3,Both,22,All ages,975,Diabetes mellitus type 1,3,Rate,2018,11.60036010727,14.435668481210001,9.53164220386
1,All Population,5,Prevalence,49,North Macedonia,3,Both,22,All ages,975,Diabetes mellitus type 1,3,Rate,2018,167.13656078037,194.96101363758999,142.30205406507
1,All Population,5,Prevalence,38,Mongolia,3,Both,22,All ages,975,Diabetes mellitus type 1,3,Rate,2018,73.22622499847,88.12842281547,62.03125783374
1,All Population,5,Prevalence,128,Guatemala,3,Both,22,All ages,975,Diabetes mellitus type 1,3,Rate,2018,47.75906343884,61.25253952941,37.93171223257
1,All Population,5,Prevalence,94,Switzerland,3,Both,22,All ages,975,Diabetes mellitus type 1,3,Rate,2018,374.1116224315,438.28012646652,314.05207275345
1,All Population,5,Prevalence,83,Iceland,3,Both,22,All ages,975,Diabetes mellitus type 1,3,Rate,2018,269.87576665531,305.31157063434,234.55278469502002
1,All Population,5,Prevalence,51,Poland,3,Both,22,All ages,975,Diabetes mellitus type 1,3,Rate,2018,316.44037043615003,355.23799574258004,279.61177464026
1,All Population,5,Prevalence,6,China,3,Both,22,All ages,975,Diabetes mellitus type 1,3,Rate,2018,68.08638229019,77.24444724576,58.538902613199994
1,All Population,5,Prevalence,17,Sri Lanka,3,Both,22,All ages,975,Diabetes mellitus type 1,3,Rate,2018,53.233137245,63.35108221184,43.9697666734
1,All Population,5,Prevalence,85,Israel,3,Both,22,All ages,975,Diabetes mellitus type 1,3,Rate,2018,207.07492602764,228.48040221965,186.46118632332
1,All Population,5,Prevalence,130,Mexico,3,Both,22,All ages,975,Diabetes mellitus type 1,3,Rate,2018,57.259208286639996,71.24230420092,46.45482170042
1,All Population,5,Prevalence,141,Egypt,3,Both,22,All ages,975,Diabetes mellitus type 1,3,Rate,2018,92.03447422077001,115.00644426308,74.86278182851001
1,All Population,5,Prevalence,175,Burundi,3,Both,22,All ages,975,Diabetes mellitus type 1,3,Rate,2018,25.14145633465,34.58829112373,19.43508323129
1,All Population,5,Prevalence,8,Taiwan,3,Both,22,All ages,975,Diabetes mellitus type 1,3,Rate,2018,96.95022242564,109.25841083476,85.44730664524
1,All Population,5,Prevalence,109,Cuba,3,Both,22,All ages,975,Diabetes mellitus type 1,3,Rate,2018,61.304862730859995,76.86742353875,49.216469428349995
1,All Population,5,Prevalence,53,Serbia,3,Both,22,All ages,975,Diabetes mellitus type 1,3,Rate,2018,219.17549036947,241.56203008295,194.11730640002
1,All Population,5,Prevalence,19,Timor-Leste,3,Both,22,All ages,975,Diabetes mellitus type 1,3,Rate,2018,43.7334300258,54.85144730767001,35.162110729780004
1,All Population,5,Prevalence,189,United Republic of Tanzania,3,Both,22,All ages,975,Diabetes mellitus type 1,3,Rate,2018,24.376326745020002,32.14903637743,19.16041729662
1,All Population,5,Prevalence,98,Chile,3,Both,22,All ages,975,Diabetes mellitus type 1,3,Rate,2018,120.40439739585,134.77268978608,105.20872469817999
1,All Population,5,Prevalence,143,Iraq,3,Both,22,All ages,975,Diabetes mellitus type 1,3,Rate,2018,93.33529902656001,117.3320670805,75.51599051208
1,All Population,5,Prevalence,177,Djibouti,3,Both,22,All ages,975,Diabetes mellitus type 1,3,Rate,2018,27.68161131273,36.15245456431,21.92130347661
1,All Population,5,Prevalence,111,Dominican Republic,3,Both,22,All ages,975,Diabetes mellitus type 1,3,Rate,2018,53.72071465514,68.13580138833,43.24301483367
1,All Population,5,Prevalence,156,United Arab Emirates,3,Both,22,All ages,975,Diabetes mellitus type 1,3,Rate,2018,105.40008972918,129.2496362142,87.90839006584
1,All Population,5,Prevalence,202,Cameroon,3,Both,22,All ages,975,Diabetes mellitus type 1,3,Rate,2018,10.63583321948,13.3077164028,8.6926206292
1,All Population,5,Prevalence,191,Zambia,3,Both,22,All ages,975,Diabetes mellitus type 1,3,Rate,2018,25.040178948499996,34.98196177218,19.231490328379998
1,All Population,5,Prevalence,66,Brunei Darussalam,3,Both,22,All ages,975,Diabetes mellitus type 1,3,Rate,2018,53.36958729402,62.85885802138999,45.38410907475
1,All Population,5,Prevalence,145,Kuwait,3,Both,22,All ages,975,Diabetes mellitus type 1,3,Rate,2018,383.85630267927,442.90526686139,337.25667459974
1,All Population,5,Prevalence,79,Finland,3,Both,22,All ages,975,Diabetes mellitus type 1,3,Rate,2018,900.9159459472701,961.56718964144,827.39384522233
1,All Population,5,Prevalence,351,Guam,3,Both,22,All ages,975,Diabetes mellitus type 1,3,Rate,2018,46.90483693804,54.92144102817,39.18161287708
1,All Population,5,Prevalence,113,Guyana,3,Both,22,All ages,975,Diabetes mellitus type 1,3,Rate,2018,53.54677785835,67.93597002994,43.013111393610004
1,All Population,5,Prevalence,50,Montenegro,3,Both,22,All ages,975,Diabetes mellitus type 1,3,Rate,2017,279.13137901018996,324.95311469981,238.49048542226
1,All Population,5,Prevalence,204,Chad,3,Both,22,All ages,975,Diabetes mellitus type 1,3,Rate,2018,9.49291993922,12.04004065767,7.71077247493
1,All Population,5,Prevalence,193,Botswana,3,Both,22,All ages,975,Diabetes mellitus type 1,3,Rate,2018,16.36432204175,20.202164854419998,13.45128737321
1,All Population,5,Prevalence,374,Niue,3,Both,22,All ages,975,Diabetes mellitus type 1,3,Rate,2018,47.28305394993,55.29992136448,39.51479080197
1,All Population,5,Prevalence,422,United States Virgin Islands,3,Both,22,All ages,975,Diabetes mellitus type 1,3,Rate,2018,70.95843606428,89.55768918874,55.97401821554
1,All Population,5,Prevalence,126,Costa Rica,3,Both,22,All ages,975,Diabetes mellitus type 1,3,Rate,2018,54.28723051951,67.55611183998,43.82265963834
1,All Population,5,Prevalence,68,Republic of Korea,3,Both,22,All ages,975,Diabetes mellitus type 1,3,Rate,2018,61.55349822808,69.83141104466,52.84174544059
1,All Population,5,Prevalence,115,Jamaica,3,Both,22,All ages,975,Diabetes mellitus type 1,3,Rate,2018,56.41956309099,71.10259743108,45.486590014869996
1,All Population,5,Prevalence,206,Gambia,3,Both,22,All ages,975,Diabetes mellitus type 1,3,Rate,2018,10.74999344035,13.461350487,8.78014512425
1,All Population,5,Prevalence,160,Afghanistan,3,Both,22,All ages,975,Diabetes mellitus type 1,3,Rate,2018,85.86432219687,108.90018075696,68.47557664768999
1,All Population,5,Prevalence,380,Palau,3,Both,22,All ages,975,Diabetes mellitus type 1,3,Rate,2018,49.720081335109995,57.98936802605,42.07507999113
1,All Population,5,Prevalence,171,Democratic Republic of the Congo,3,Both,22,All ages,975,Diabetes mellitus type 1,3,Rate,2018,13.97693100135,17.75542391526,11.32094761108
1,All Population,5,Prevalence,52,Romania,3,Both,22,All ages,975,Diabetes mellitus type 1,3,Rate,2017,139.43313626489,155.98310405514,122.30698514425
1,All Population,5,Prevalence,208,Guinea,3,Both,22,All ages,975,Diabetes mellitus type 1,3,Rate,2018,10.36533002993,12.9949054473,8.47960497603
1,All Population,5,Prevalence,217,Sierra Leone,3,Both,22,All ages,975,Diabetes mellitus type 1,3,Rate,2018,11.18353414833,14.011083904860001,9.150439463560001
1,All Population,5,Prevalence,63,Ukraine,3,Both,22,All ages,975,Diabetes mellitus type 1,3,Rate,2017,162.75022817324,190.3586738512,138.94469472167
1,All Population,5,Prevalence,173,Gabon,3,Both,22,All ages,975,Diabetes mellitus type 1,3,Rate,2018,15.45104009642,19.30225366514,12.619306019780002
1,All Population,5,Prevalence,162,Bhutan,3,Both,22,All ages,975,Diabetes mellitus type 1,3,Rate,2018,45.12343778976,53.925569482049994,37.76799616299
1,All Population,5,Prevalence,393,Saint Kitts and Nevis,3,Both,22,All ages,975,Diabetes mellitus type 1,3,Rate,2018,57.916726378789996,71.86162003553,47.14709638564
1,All Population,5,Prevalence,54,Slovakia,3,Both,22,All ages,975,Diabetes mellitus type 1,3,Rate,2017,295.73061080514003,334.61630690136997,256.12737201383
1,All Population,5,Prevalence,186,Seychelles,3,Both,22,All ages,975,Diabetes mellitus type 1,3,Rate,2018,53.84483484381,63.98075925156,44.73114503343
1,All Population,5,Prevalence,97,Argentina,3,Both,22,All ages,975,Diabetes mellitus type 1,3,Rate,2017,104.97925269791,124.40296084736,86.33532834216
1,All Population,5,Prevalence,413,Tokelau,3,Both,22,All ages,975,Diabetes mellitus type 1,3,Rate,2018,44.32126111267,52.76978341084,36.64615657046
1,All Population,5,Prevalence,320,Cook Islands,3,Both,22,All ages,975,Diabetes mellitus type 1,3,Rate,2018,47.7717498331,56.02512957385999,39.99305056685
1,All Population,5,Prevalence,110,Dominica,3,Both,22,All ages,975,Diabetes mellitus type 1,3,Rate,2017,56.04078224651,69.62395158607,45.34487568659
1,All Population,5,Prevalence,67,Japan,3,Both,22,All ages,975,Diabetes mellitus type 1,3,Rate,2017,43.19909334587,49.85573833888,36.78854513148
1,All Population,5,Prevalence,78,Denmark,3,Both,22,All ages,975,Diabetes mellitus type 1,3,Rate,2017,391.84002003799,445.72793197663,338.92306699722997
1,All Population,5,Prevalence,99,Uruguay,3,Both,22,All ages,975,Diabetes mellitus type 1,3,Rate,2017,107.87172915359,126.57905544546,88.87452367987001
1,All Population,5,Prevalence,144,Jordan,3,Both,22,All ages,975,Diabetes mellitus type 1,3,Rate,2017,78.66567067402,97.37589406332,63.60027824010999
1,All Population,5,Prevalence,69,Singapore,3,Both,22,All ages,975,Diabetes mellitus type 1,3,Rate,2017,54.29210205112,63.08480413569001,47.08603350068
1,All Population,5,Prevalence,10,Cambodia,3,Both,22,All ages,975,Diabetes mellitus type 1,3,Rate,2018,48.007307644490005,58.36236019207001,39.19851076846
1,All Population,5,Prevalence,112,Grenada,3,Both,22,All ages,975,Diabetes mellitus type 1,3,Rate,2017,55.81174715993,69.28985527741999,45.208077631900004
1,All Population,5,Prevalence,11,Indonesia,3,Both,22,All ages,975,Diabetes mellitus type 1,3,Rate,2019,49.67626863815,58.75330119808,41.59678976829
1,All Population,5,Prevalence,80,France,3,Both,22,All ages,975,Diabetes mellitus type 1,3,Rate,2017,246.12226603681,272.48849504018,217.87961068152
1,All Population,5,Prevalence,146,Lebanon,3,Both,22,All ages,975,Diabetes mellitus type 1,3,Rate,2017,96.26712122289001,119.00124249723001,77.95463789308
1,All Population,5,Prevalence,57,Belarus,3,Both,22,All ages,975,Diabetes mellitus type 1,3,Rate,2018,159.54598231356002,185.45050647253,134.69502047344
1,All Population,5,Prevalence,157,Yemen,3,Both,22,All ages,975,Diabetes mellitus type 1,3,Rate,2017,22.99448349191,27.63158616623,19.62342086589
1,All Population,5,Prevalence,46,Croatia,3,Both,22,All ages,975,Diabetes mellitus type 1,3,Rate,2018,272.93894666340003,307.0237998172,236.58646654948
1,All Population,5,Prevalence,12,Lao People's Democratic Republic,3,Both,22,All ages,975,Diabetes mellitus type 1,3,Rate,2018,46.666289618280004,57.22243171904,37.99132404313
1,All Population,5,Prevalence,25,Micronesia (Federated States of),3,Both,22,All ages,975,Diabetes mellitus type 1,3,Rate,2018,42.21097315571,50.80463642744999,34.785797750769994
1,All Population,5,Prevalence,45,Bulgaria,3,Both,22,All ages,975,Diabetes mellitus type 1,3,Rate,2019,256.30082479473003,295.10043434642,218.72478700409
1,All Population,5,Prevalence,13,Malaysia,3,Both,22,All ages,975,Diabetes mellitus type 1,3,Rate,2019,52.187864901329995,62.9692578497,42.80127997214
1,All Population,5,Prevalence,125,Colombia,3,Both,22,All ages,975,Diabetes mellitus type 1,3,Rate,2017,53.14898745114,66.14482232291,42.8519258947
1,All Population,5,Prevalence,59,Latvia,3,Both,22,All ages,975,Diabetes mellitus type 1,3,Rate,2018,187.35736024436,212.38158114234,159.94948460591002
1,All Population,5,Prevalence,24,Marshall Islands,3,Both,22,All ages,975,Diabetes mellitus type 1,3,Rate,2019,40.785633577709994,49.97392372672,33.52819153232
1,All Population,5,Prevalence,114,Haiti,3,Both,22,All ages,975,Diabetes mellitus type 1,3,Rate,2017,49.592249404659995,63.73681010598,39.76756546543
1,All Population,5,Prevalence,93,Sweden,3,Both,22,All ages,975,Diabetes mellitus type 1,3,Rate,2018,667.03573151448,728.32362502772,615.07464105241
1,All Population,5,Prevalence,58,Estonia,3,Both,22,All ages,975,Diabetes mellitus type 1,3,Rate,2019,300.05533653392,336.17467311295,261.4798245514
1,All Population,5,Prevalence,82,Greece,3,Both,22,All ages,975,Diabetes mellitus type 1,3,Rate,2017,204.32739533344997,236.39637386205,175.48652747171
1,All Population,5,Prevalence,170,Congo,3,Both,22,All ages,975,Diabetes mellitus type 1,3,Rate,2017,14.576031169930001,18.40318044113,11.86182041321
1,All Population,5,Prevalence,15,Myanmar,3,Both,22,All ages,975,Diabetes mellitus type 1,3,Rate,2019,50.00139906716999,60.6901933609,40.92464611016
1,All Population,5,Prevalence,27,Samoa,3,Both,22,All ages,975,Diabetes mellitus type 1,3,Rate,2018,39.216280966890004,47.30322259434,32.3081371475
1,All Population,5,Prevalence,14,Maldives,3,Both,22,All ages,975,Diabetes mellitus type 1,3,Rate,2018,60.63214481992,74.38517957631,49.15272585976
1,All Population,5,Prevalence,61,Republic of Moldova,3,Both,22,All ages,975,Diabetes mellitus type 1,3,Rate,2018,184.34962297869,213.33517945872998,158.91111997578
1,All Population,5,Prevalence,205,Côte d'Ivoire,3,Both,22,All ages,975,Diabetes mellitus type 1,3,Rate,2017,10.88176831053,13.57773031975,8.87687092361
1,All Population,5,Prevalence,127,El Salvador,3,Both,22,All ages,975,Diabetes mellitus type 1,3,Rate,2017,51.248236831679996,64.67480965046,41.00465102364
1,All Population,5,Prevalence,172,Equatorial Guinea,3,Both,22,All ages,975,Diabetes mellitus type 1,3,Rate,2017,13.976773499840002,17.78315213067,11.19690893612
1,All Population,5,Prevalence,116,Saint Lucia,3,Both,22,All ages,975,Diabetes mellitus type 1,3,Rate,2017,58.067229474849995,72.23659522641,47.2184288402
1,All Population,5,Prevalence,92,Spain,3,Both,22,All ages,975,Diabetes mellitus type 1,3,Rate,2019,349.0778113581,382.53515841812003,315.08127369515
1,All Population,5,Prevalence,72,New Zealand,3,Both,22,All ages,975,Diabetes mellitus type 1,3,Rate,2018,302.87963241351,349.08272387,257.74308365583
1,All Population,5,Prevalence,367,Monaco,3,Both,22,All ages,975,Diabetes mellitus type 1,3,Rate,2017,398.87329184588003,465.36073684630003,340.64630425719
1,All Population,5,Prevalence,84,Ireland,3,Both,22,All ages,975,Diabetes mellitus type 1,3,Rate,2017,340.73648084647,378.66477040756,301.9626506875
1,All Population,5,Prevalence,95,United Kingdom,3,Both,22,All ages,975,Diabetes mellitus type 1,3,Rate,2017,398.66329455005,458.86874384586,334.26923945
1,All Population,5,Prevalence,140,Bahrain,3,Both,22,All ages,975,Diabetes mellitus type 1,3,Rate,2017,101.70321334895999,124.66441939536,83.28436064794
1,All Population,5,Prevalence,40,Turkmenistan,3,Both,22,All ages,975,Diabetes mellitus type 1,3,Rate,2018,77.60933399438001,94.15259877251,65.18662186578
1,All Population,5,Prevalence,71,Australia,3,Both,22,All ages,975,Diabetes mellitus type 1,3,Rate,2019,413.49977532151,453.88608068889994,380.5966448625
1,All Population,5,Prevalence,218,Togo,3,Both,22,All ages,975,Diabetes mellitus type 1,3,Rate,2017,11.02834071826,13.659263204770001,9.013841182570001
1,All Population,5,Prevalence,26,Papua New Guinea,3,Both,22,All ages,975,Diabetes mellitus type 1,3,Rate,2019,38.80478698517,47.48722377018,31.867455204600002
1,All Population,5,Prevalence,117,Saint Vincent and the Grenadines,3,Both,22,All ages,975,Diabetes mellitus type 1,3,Rate,2018,55.91622536941,69.56704795967,45.28462758731
1,All Population,5,Prevalence,106,Bahamas,3,Both,22,All ages,975,Diabetes mellitus type 1,3,Rate,2018,57.646600521379995,72.3229653649,46.618075527369996
1,All Population,5,Prevalence,29,Tonga,3,Both,22,All ages,975,Diabetes mellitus type 1,3,Rate,2018,40.382553850739995,48.79293751779,33.16252723677
1,All Population,5,Prevalence,151,Qatar,3,Both,22,All ages,975,Diabetes mellitus type 1,3,Rate,2018,201.72396836257,249.30788993503998,167.95635937034
1,All Population,5,Prevalence,60,Lithuania,3,Both,22,All ages,975,Diabetes mellitus type 1,3,Rate,2019,189.04712941581,211.73493810456998,163.81685524643
1,All Population,5,Prevalence,161,Bangladesh,3,Both,22,All ages,975,Diabetes mellitus type 1,3,Rate,2017,34.68272271077,41.62667527896,29.142142707469997
1,All Population,5,Prevalence,16,Philippines,3,Both,22,All ages,975,Diabetes mellitus type 1,3,Rate,2018,45.17764491741,54.29224014024,37.42920129139
1,All Population,5,Prevalence,129,Honduras,3,Both,22,All ages,975,Diabetes mellitus type 1,3,Rate,2017,47.56777977413,60.93660817464,37.86764007729
1,All Population,5,Prevalence,435,South Sudan,3,Both,22,All ages,975,Diabetes mellitus type 1,3,Rate,2017,25.21418194863,34.215285775809996,19.507154195760002
1,All Population,5,Prevalence,28,Solomon Islands,3,Both,22,All ages,975,Diabetes mellitus type 1,3,Rate,2019,39.02941528349,48.071775070550004,31.953630957690002
1,All Population,5,Prevalence,142,Iran (Islamic Republic of),3,Both,22,All ages,975,Diabetes mellitus type 1,3,Rate,2017,73.1873324093,90.07176994457001,59.98833106263
1,All Population,5,Prevalence,105,Antigua and Barbuda,3,Both,22,All ages,975,Diabetes mellitus type 1,3,Rate,2019,58.80542364691,73.00083370905,47.63242431717
1,All Population,5,Prevalence,207,Ghana,3,Both,22,All ages,975,Diabetes mellitus type 1,3,Rate,2017,11.43079012608,14.08781661135,9.35869949684
1,All Population,5,Prevalence,74,Andorra,3,Both,22,All ages,975,Diabetes mellitus type 1,3,Rate,2018,416.07876589175004,473.29041697434,361.15958070769
1,All Population,5,Prevalence,139,Algeria,3,Both,22,All ages,975,Diabetes mellitus type 1,3,Rate,2019,295.73428260326,352.33303813464,258.11273689493
1,All Population,5,Prevalence,62,Russian Federation,3,Both,22,All ages,975,Diabetes mellitus type 1,3,Rate,2019,219.62838376859997,260.34981484985,184.61336068746002
1,All Population,5,Prevalence,131,Nicaragua,3,Both,22,All ages,975,Diabetes mellitus type 1,3,Rate,2017,49.50009712132,62.843374426349996,39.67006447867
1,All Population,5,Prevalence,41,Uzbekistan,3,Both,22,All ages,975,Diabetes mellitus type 1,3,Rate,2019,79.42419323775,95.70206133302,66.84565533705
1,All Population,5,Prevalence,107,Barbados,3,Both,22,All ages,975,Diabetes mellitus type 1,3,Rate,2019,59.79975949953,73.91844631358,48.59983478552
1,All Population,5,Prevalence,30,Vanuatu,3,Both,22,All ages,975,Diabetes mellitus type 1,3,Rate,2019,38.93114154131,47.63268549942,31.920832483479998
1,All Population,5,Prevalence,164,Nepal,3,Both,22,All ages,975,Diabetes mellitus type 1,3,Rate,2018,43.06047137583,51.83963152672,35.861831811230005
1,All Population,5,Prevalence,150,Oman,3,Both,22,All ages,975,Diabetes mellitus type 1,3,Rate,2019,98.07612767869999,121.11516592121,80.69505766303
1,All Population,5,Prevalence,119,Trinidad and Tobago,3,Both,22,All ages,975,Diabetes mellitus type 1,3,Rate,2018,57.88822736345,72.09802480092,47.27277257929
1,All Population,5,Prevalence,118,Suriname,3,Both,22,All ages,975,Diabetes mellitus type 1,3,Rate,2019,55.21513750296,69.28299638079,44.55283990895
1,All Population,5,Prevalence,86,Italy,3,Both,22,All ages,975,Diabetes mellitus type 1,3,Rate,2019,323.7136947091,362.19334091969,283.57067134372
1,All Population,5,Prevalence,108,Belize,3,Both,22,All ages,975,Diabetes mellitus type 1,3,Rate,2018,52.526479198669996,67.42215751295001,42.062037114540004
1,All Population,5,Prevalence,153,Syrian Arab Republic,3,Both,22,All ages,975,Diabetes mellitus type 1,3,Rate,2018,98.23398248139999,122.71064084227,79.41300319445
1,All Population,5,Prevalence,75,Austria,3,Both,22,All ages,975,Diabetes mellitus type 1,3,Rate,2019,267.92608283727,306.49161151584997,230.09828695702998
1,All Population,5,Prevalence,209,Guinea-Bissau,3,Both,22,All ages,975,Diabetes mellitus type 1,3,Rate,2017,10.43306905465,13.03958366306,8.498926463610001
1,All Population,5,Prevalence,155,Türkiye,3,Both,22,All ages,975,Diabetes mellitus type 1,3,Rate,2017,99.70024330387001,118.56301017782,84.54263351466
1,All Population,5,Prevalence,163,India,3,Both,22,All ages,975,Diabetes mellitus type 1,3,Rate,2019,64.83625157196,77.50377610234,54.04679664537
1,All Population,5,Prevalence,87,Luxembourg,3,Both,22,All ages,975,Diabetes mellitus type 1,3,Rate,2018,403.60194841751,455.69414186606,350.85107826675
1,All Population,5,Prevalence,43,Albania,3,Both,22,All ages,975,Diabetes mellitus type 1,3,Rate,2019,249.75216606516003,288.10471988458,214.82860922210998
1,All Population,5,Prevalence,187,Somalia,3,Both,22,All ages,975,Diabetes mellitus type 1,3,Rate,2017,24.05329697157,32.66810110088,18.60084025256
1,All Population,5,Prevalence,198,Zimbabwe,3,Both,22,All ages,975,Diabetes mellitus type 1,3,Rate,2019,14.783116339880001,18.84262384333,11.9787752486
1,All Population,5,Prevalence,76,Belgium,3,Both,22,All ages,975,Diabetes mellitus type 1,3,Rate,2018,324.77522173022004,374.54972465389,276.90904386859
1,All Population,5,Prevalence,132,Panama,3,Both,22,All ages,975,Diabetes mellitus type 1,3,Rate,2018,51.56025240176,64.28272740707,41.52413981344
1,All Population,5,Prevalence,176,Comoros,3,Both,22,All ages,975,Diabetes mellitus type 1,3,Rate,2017,26.85788704476,35.33492138688,20.98589239687
1,All Population,5,Prevalence,212,Mauritania,3,Both,22,All ages,975,Diabetes mellitus type 1,3,Rate,2018,10.79110824756,13.584066233849999,8.83541290711
1,All Population,5,Prevalence,201,Burkina Faso,3,Both,22,All ages,975,Diabetes mellitus type 1,3,Rate,2018,10.26310817698,12.87048907183,8.39005785494
1,All Population,5,Prevalence,152,Saudi Arabia,3,Both,22,All ages,975,Diabetes mellitus type 1,3,Rate,2019,257.69503120313,307.56227567621,220.66295918468
1,All Population,5,Prevalence,121,Bolivia (Plurinational State of),3,Both,22,All ages,975,Diabetes mellitus type 1,3,Rate,2018,48.3899471463,60.14876635667,39.4971584243
1,All Population,5,Prevalence,133,Venezuela (Bolivarian Republic of),3,Both,22,All ages,975,Diabetes mellitus type 1,3,Rate,2019,53.09900574892,66.34831137604,42.826865146559996
1,All Population,5,Prevalence,396,San Marino,3,Both,22,All ages,975,Diabetes mellitus type 1,3,Rate,2018,407.9313235666,471.33236179482,351.40618925679
1,All Population,5,Prevalence,77,Cyprus,3,Both,22,All ages,975,Diabetes mellitus type 1,3,Rate,2019,227.31103349960003,256.78580589507,198.67452180514002
1,All Population,5,Prevalence,88,Malta,3,Both,22,All ages,975,Diabetes mellitus type 1,3,Rate,2019,315.93496356040004,358.86931692279,274.21239418844
1,All Population,5,Prevalence,17,Sri Lanka,3,Both,22,All ages,975,Diabetes mellitus type 1,3,Rate,2019,53.98119437318,64.44988150534,44.58282599282
1,All Population,5,Prevalence,44,Bosnia and Herzegovina,3,Both,22,All ages,975,Diabetes mellitus type 1,3,Rate,2018,172.66157368261,197.46214634979,148.56423666876
1,All Population,5,Prevalence,200,Benin,3,Both,22,All ages,975,Diabetes mellitus type 1,3,Rate,2019,10.44388775282,13.176156280110002,8.50720996711
1,All Population,5,Prevalence,168,Angola,3,Both,22,All ages,975,Diabetes mellitus type 1,3,Rate,2018,13.573328402069999,17.31341025367,10.956296868739999
1,All Population,5,Prevalence,154,Tunisia,3,Both,22,All ages,975,Diabetes mellitus type 1,3,Rate,2019,120.77322025039,149.42505579271,97.32678113206
1,All Population,5,Prevalence,165,Pakistan,3,Both,22,All ages,975,Diabetes mellitus type 1,3,Rate,2019,36.51601510012,45.25451228161,30.228183676509996
1,All Population,5,Prevalence,211,Mali,3,Both,22,All ages,975,Diabetes mellitus type 1,3,Rate,2019,9.549005928689999,11.950096194270001,7.86089360426
1,All Population,5,Prevalence,305,Bermuda,3,Both,22,All ages,975,Diabetes mellitus type 1,3,Rate,2017,60.96098689448,74.85360443673001,49.65722749437
1,All Population,5,Prevalence,6,China,3,Both,22,All ages,975,Diabetes mellitus type 1,3,Rate,2019,68.93370515611001,78.22254829102,58.91666231513
1,All Population,5,Prevalence,89,Netherlands,3,Both,22,All ages,975,Diabetes mellitus type 1,3,Rate,2018,347.1739725587,383.55942894174,306.68966585676003
1,All Population,5,Prevalence,51,Poland,3,Both,22,All ages,975,Diabetes mellitus type 1,3,Rate,2019,322.57183585121,362.44700932815,284.9482402935
1,All Population,5,Prevalence,147,Libya,3,Both,22,All ages,975,Diabetes mellitus type 1,3,Rate,2018,176.72926047404002,212.69782790536,145.45394116254
1,All Population,5,Prevalence,178,Eritrea,3,Both,22,All ages,975,Diabetes mellitus type 1,3,Rate,2019,51.88103994404,66.36999530709,42.51926761915
1,All Population,5,Prevalence,102,United States of America,3,Both,22,All ages,975,Diabetes mellitus type 1,3,Rate,2018,411.5861784725,458.68700876817,367.95334441361
1,All Population,5,Prevalence,135,Brazil,3,Both,22,All ages,975,Diabetes mellitus type 1,3,Rate,2019,139.88946512701,173.37830952545,114.14350334483
1,All Population,5,Prevalence,122,Ecuador,3,Both,22,All ages,975,Diabetes mellitus type 1,3,Rate,2019,49.72855415798,61.76349349463,40.69118064432
1,All Population,5,Prevalence,179,Ethiopia,3,Both,22,All ages,975,Diabetes mellitus type 1,3,Rate,2018,23.4715130556,30.89957336578,18.62944826552
1,All Population,5,Prevalence,101,Canada,3,Both,22,All ages,975,Diabetes mellitus type 1,3,Rate,2019,548.04770987749,603.95431780308,491.52284611715
1,All Population,5,Prevalence,393,Saint Kitts and Nevis,3,Both,22,All ages,975,Diabetes mellitus type 1,3,Rate,2019,58.23590538181,72.17936692232,47.291549634140004
1,All Population,5,Prevalence,214,Nigeria,3,Both,22,All ages,975,Diabetes mellitus type 1,3,Rate,2018,10.00107110833,12.446743945340002,8.21698611923
1,All Population,5,Prevalence,90,Norway,3,Both,22,All ages,975,Diabetes mellitus type 1,3,Rate,2019,479.4209083729,544.2972596381001,414.18610325853996
1,All Population,5,Prevalence,123,Peru,3,Both,22,All ages,975,Diabetes mellitus type 1,3,Rate,2018,50.30100094775,61.65549362836,41.26245446186
1,All Population,5,Prevalence,19,Timor-Leste,3,Both,22,All ages,975,Diabetes mellitus type 1,3,Rate,2019,44.380451072510006,55.949085347410005,35.6251273724
1,All Population,5,Prevalence,190,Uganda,3,Both,22,All ages,975,Diabetes mellitus type 1,3,Rate,2017,24.191803444810002,33.47911830992,18.58773127488
1,All Population,5,Prevalence,8,Taiwan,3,Both,22,All ages,975,Diabetes mellitus type 1,3,Rate,2019,98.33752234847,110.85548993309999,86.87203763228
1,All Population,5,Prevalence,98,Chile,3,Both,22,All ages,975,Diabetes mellitus type 1,3,Rate,2019,123.46944865629,138.60270742623,107.56096425383001
1,All Population,5,Prevalence,213,Niger,3,Both,22,All ages,975,Diabetes mellitus type 1,3,Rate,2019,9.55373476218,12.322069380490001,7.6547701225600004
1,All Population,5,Prevalence,53,Serbia,3,Both,22,All ages,975,Diabetes mellitus type 1,3,Rate,2019,222.14317420316002,244.21354617113002,197.13746750626999
1,All Population,5,Prevalence,180,Kenya,3,Both,22,All ages,975,Diabetes mellitus type 1,3,Rate,2019,24.938507194110002,32.83154281669,19.83418346163
1,All Population,5,Prevalence,195,Namibia,3,Both,22,All ages,975,Diabetes mellitus type 1,3,Rate,2018,15.456958233029999,19.49835459574,12.608517637210001
1,All Population,5,Prevalence,66,Brunei Darussalam,3,Both,22,All ages,975,Diabetes mellitus type 1,3,Rate,2019,54.26251708872,64.11137787162001,45.99460440564
1,All Population,5,Prevalence,91,Portugal,3,Both,22,All ages,975,Diabetes mellitus type 1,3,Rate,2018,403.47264941186,463.4698212995,347.80473037835
1,All Population,5,Prevalence,203,Cabo Verde,3,Both,22,All ages,975,Diabetes mellitus type 1,3,Rate,2017,12.83303008036,15.50809910738,10.58641706446
1,All Population,5,Prevalence,136,Paraguay,3,Both,22,All ages,975,Diabetes mellitus type 1,3,Rate,2018,98.06664042975001,127.54361918998,77.47469023274
1,All Population,5,Prevalence,349,Greenland,3,Both,22,All ages,975,Diabetes mellitus type 1,3,Rate,2017,405.40791735267004,462.23258163674,353.7216520209
1,All Population,5,Prevalence,413,Tokelau,3,Both,22,All ages,975,Diabetes mellitus type 1,3,Rate,2019,44.99177906698,53.79892694861999,37.19224965123
1,All Population,5,Prevalence,216,Senegal,3,Both,22,All ages,975,Diabetes mellitus type 1,3,Rate,2018,10.848731599419999,13.63238702318,8.87629783644
1,All Population,5,Prevalence,181,Madagascar,3,Both,22,All ages,975,Diabetes mellitus type 1,3,Rate,2018,26.07444849546,35.79759731791,20.095696319119998
1,All Population,5,Prevalence,111,Dominican Republic,3,Both,22,All ages,975,Diabetes mellitus type 1,3,Rate,2019,54.007019579129995,68.64259320959,43.36975707492
1,All Population,5,Prevalence,34,Azerbaijan,3,Both,22,All ages,975,Diabetes mellitus type 1,3,Rate,2019,86.00722226762,102.45943970499,72.70509710295
1,All Population,5,Prevalence,169,Central African Republic,3,Both,22,All ages,975,Diabetes mellitus type 1,3,Rate,2019,13.68929995373,17.63738720892,11.01448261471
1,All Population,5,Prevalence,23,Kiribati,3,Both,22,All ages,975,Diabetes mellitus type 1,3,Rate,2019,40.51819470548,49.28719338533,33.32891743595
1,All Population,5,Prevalence,68,Republic of Korea,3,Both,22,All ages,975,Diabetes mellitus type 1,3,Rate,2019,63.10276078694,73.19014696862,54.361084643519995
1,All Population,5,Prevalence,79,Finland,3,Both,22,All ages,975,Diabetes mellitus type 1,3,Rate,2019,914.8709036956601,977.60893195123,839.392532786
1,All Population,5,Prevalence,148,Morocco,3,Both,22,All ages,975,Diabetes mellitus type 1,3,Rate,2019,100.80463494728,125.27198617153,82.02157426499001
1,All Population,5,Prevalence,182,Malawi,3,Both,22,All ages,975,Diabetes mellitus type 1,3,Rate,2019,26.51461821744,37.37654890948,20.1677375095
1,All Population,5,Prevalence,149,Palestine,3,Both,22,All ages,975,Diabetes mellitus type 1,3,Rate,2018,91.40691791261,116.22282021452001,73.53786192088
1,All Population,5,Prevalence,416,Tuvalu,3,Both,22,All ages,975,Diabetes mellitus type 1,3,Rate,2017,41.845245304529996,49.60444316953,34.66786449975
1,All Population,5,Prevalence,215,Sao Tome and Principe,3,Both,22,All ages,975,Diabetes mellitus type 1,3,Rate,2019,11.79724023729,14.80476462456,9.67456025547
1,All Population,5,Prevalence,194,Lesotho,3,Both,22,All ages,975,Diabetes mellitus type 1,3,Rate,2019,15.90817972872,20.17130715078,12.89594355216
1,All Population,5,Prevalence,55,Slovenia,3,Both,22,All ages,975,Diabetes mellitus type 1,3,Rate,2018,275.86518413709,309.93110478332,237.61282397137998
1,All Population,5,Prevalence,145,Kuwait,3,Both,22,All ages,975,Diabetes mellitus type 1,3,Rate,2019,391.17306024,449.36589483938,342.83104983045996
1,All Population,5,Prevalence,197,Eswatini,3,Both,22,All ages,975,Diabetes mellitus type 1,3,Rate,2018,15.47666995264,19.53720792243,12.59000224729
1,All Population,5,Prevalence,196,South Africa,3,Both,22,All ages,975,Diabetes mellitus type 1,3,Rate,2019,16.68976939357,19.8976026791,13.8591859652
1,All Population,5,Prevalence,184,Mozambique,3,Both,22,All ages,975,Diabetes mellitus type 1,3,Rate,2019,25.40073990082,35.761507598,19.26506760441
1,All Population,5,Prevalence,374,Niue,3,Both,22,All ages,975,Diabetes mellitus type 1,3,Rate,2019,47.81002821539,55.86829908488001,39.96818585444
1,All Population,5,Prevalence,113,Guyana,3,Both,22,All ages,975,Diabetes mellitus type 1,3,Rate,2019,53.76454958627,68.38571074010001,43.12027253086
1,All Population,5,Prevalence,183,Mauritius,3,Both,22,All ages,975,Diabetes mellitus type 1,3,Rate,2018,56.93587212058,67.27173751215,47.18704005362
1,All Population,5,Prevalence,47,Czechia,3,Both,22,All ages,975,Diabetes mellitus type 1,3,Rate,2019,362.62286888206,404.71077911592,313.3783153429
1,All Population,5,Prevalence,36,Kazakhstan,3,Both,22,All ages,975,Diabetes mellitus type 1,3,Rate,2019,81.80381789231,96.79339625911,69.01748775953
1,All Population,5,Prevalence,81,Germany,3,Both,22,All ages,975,Diabetes mellitus type 1,3,Rate,2019,279.3281755292,308.16481388679,250.25110506001
1,All Population,5,Prevalence,369,Nauru,3,Both,22,All ages,975,Diabetes mellitus type 1,3,Rate,2018,38.53346493165,47.081510888859995,31.68947667344
1,All Population,5,Prevalence,49,North Macedonia,3,Both,22,All ages,975,Diabetes mellitus type 1,3,Rate,2019,169.10223261263,197.02977597834,144.04649850176
1,All Population,5,Prevalence,126,Costa Rica,3,Both,22,All ages,975,Diabetes mellitus type 1,3,Rate,2019,54.61511709463,68.11359669998001,44.01305950903
1,All Population,5,Prevalence,115,Jamaica,3,Both,22,All ages,975,Diabetes mellitus type 1,3,Rate,2019,56.80332859827,71.80130431129,45.68829000366
1,All Population,5,Prevalence,193,Botswana,3,Both,22,All ages,975,Diabetes mellitus type 1,3,Rate,2019,16.53529016427,20.50193979536,13.567706648800002
1,All Population,5,Prevalence,298,American Samoa,3,Both,22,All ages,975,Diabetes mellitus type 1,3,Rate,2019,44.2140435862,52.86985222312,36.68982025105
1,All Population,5,Prevalence,38,Mongolia,3,Both,22,All ages,975,Diabetes mellitus type 1,3,Rate,2019,73.56377931083999,88.58030480167,62.36157232083
1,All Population,5,Prevalence,380,Palau,3,Both,22,All ages,975,Diabetes mellitus type 1,3,Rate,2019,50.31805245814,58.73231401078999,42.53524238725
1,All Population,5,Prevalence,171,Democratic Republic of the Congo,3,Both,22,All ages,975,Diabetes mellitus type 1,3,Rate,2019,14.142799123740001,18.15237037109,11.39383014288
1,All Population,5,Prevalence,94,Switzerland,3,Both,22,All ages,975,Diabetes mellitus type 1,3,Rate,2019,379.26653338935,440.49293830185997,318.40694085079997
1,All Population,5,Prevalence,83,Iceland,3,Both,22,All ages,975,Diabetes mellitus type 1,3,Rate,2019,274.83715711349004,308.54404603701,239.18230487006
1,All Population,5,Prevalence,185,Rwanda,3,Both,22,All ages,975,Diabetes mellitus type 1,3,Rate,2018,29.397400083660003,38.83042348016,23.26126784338
1,All Population,5,Prevalence,160,Afghanistan,3,Both,22,All ages,975,Diabetes mellitus type 1,3,Rate,2019,87.41835931233,113.21025971604999,69.5442842754
1,All Population,5,Prevalence,217,Sierra Leone,3,Both,22,All ages,975,Diabetes mellitus type 1,3,Rate,2019,11.31788069727,14.1696828374,9.25570037869
1,All Population,5,Prevalence,128,Guatemala,3,Both,22,All ages,975,Diabetes mellitus type 1,3,Rate,2019,48.076156637100006,61.79967019311,38.112180008799996
1,All Population,5,Prevalence,206,Gambia,3,Both,22,All ages,975,Diabetes mellitus type 1,3,Rate,2019,10.873134669799999,13.66489165972,8.87334905256
1,All Population,5,Prevalence,522,Sudan,3,Both,22,All ages,975,Diabetes mellitus type 1,3,Rate,2017,89.78967336070001,107.87780247535001,76.28936977351
1,All Population,5,Prevalence,141,Egypt,3,Both,22,All ages,975,Diabetes mellitus type 1,3,Rate,2019,93.79209701204,118.059779105,76.20280680409
1,All Population,5,Prevalence,173,Gabon,3,Both,22,All ages,975,Diabetes mellitus type 1,3,Rate,2019,15.61253793311,19.68670843575,12.72998854928
1,All Population,5,Prevalence,162,Bhutan,3,Both,22,All ages,975,Diabetes mellitus type 1,3,Rate,2019,45.6454350426,54.63767766296,38.10991021734
1,All Population,5,Prevalence,85,Israel,3,Both,22,All ages,975,Diabetes mellitus type 1,3,Rate,2019,210.0634631367,232.44782333102003,188.84380314209
1,All Population,5,Prevalence,15,Myanmar,3,Both,22,All ages,975,Diabetes mellitus type 1,3,Rate,2020,50.5369201757,61.455222799249995,41.31298938627
1,All Population,5,Prevalence,130,Mexico,3,Both,22,All ages,975,Diabetes mellitus type 1,3,Rate,2019,57.647107657119996,71.83293508981001,46.680024286270005
1,All Population,5,Prevalence,175,Burundi,3,Both,22,All ages,975,Diabetes mellitus type 1,3,Rate,2019,25.74548985234,35.843643122020005,19.72588269062
1,All Population,5,Prevalence,109,Cuba,3,Both,22,All ages,975,Diabetes mellitus type 1,3,Rate,2019,61.60358854018,77.21923485767,49.39376419131
1,All Population,5,Prevalence,143,Iraq,3,Both,22,All ages,975,Diabetes mellitus type 1,3,Rate,2019,95.27481612048,121.31786891772,76.85558101938001
1,All Population,5,Prevalence,16,Philippines,3,Both,22,All ages,975,Diabetes mellitus type 1,3,Rate,2019,45.78901382375,55.36403939765,37.877189079720004
1,All Population,5,Prevalence,208,Guinea,3,Both,22,All ages,975,Diabetes mellitus type 1,3,Rate,2019,10.45412438672,13.17235561914,8.53610665181
1,All Population,5,Prevalence,27,Samoa,3,Both,22,All ages,975,Diabetes mellitus type 1,3,Rate,2019,39.59168348286,48.01899356325,32.5945039728
1,All Population,5,Prevalence,210,Liberia,3,Both,22,All ages,975,Diabetes mellitus type 1,3,Rate,2018,11.30567649174,14.176259630210001,9.26497811783
1,All Population,5,Prevalence,376,Northern Mariana Islands,3,Both,22,All ages,975,Diabetes mellitus type 1,3,Rate,2018,48.25869455352,56.64378019137,40.62425015354
1,All Population,5,Prevalence,28,Solomon Islands,3,Both,22,All ages,975,Diabetes mellitus type 1,3,Rate,2020,39.5180712694,49.123666948339995,32.28260245286
1,All Population,5,Prevalence,177,Djibouti,3,Both,22,All ages,975,Diabetes mellitus type 1,3,Rate,2019,28.264816802229998,37.09593153372,22.31295309955
1,All Population,5,Prevalence,186,Seychelles,3,Both,22,All ages,975,Diabetes mellitus type 1,3,Rate,2019,54.506712255859995,64.78839177700999,45.25412021422
1,All Population,5,Prevalence,62,Russian Federation,3,Both,22,All ages,975,Diabetes mellitus type 1,3,Rate,2020,220.42111186341,261.05173755054,185.31075011536
1,All Population,5,Prevalence,320,Cook Islands,3,Both,22,All ages,975,Diabetes mellitus type 1,3,Rate,2019,48.09737604163,56.2474073617,40.27323055219
1,All Population,5,Prevalence,40,Turkmenistan,3,Both,22,All ages,975,Diabetes mellitus type 1,3,Rate,2019,78.13195941163,95.03615728950001,65.50636182014
1,All Population,5,Prevalence,30,Vanuatu,3,Both,22,All ages,975,Diabetes mellitus type 1,3,Rate,2020,39.45830632126,48.74223581351,32.29859666268
1,All Population,5,Prevalence,41,Uzbekistan,3,Both,22,All ages,975,Diabetes mellitus type 1,3,Rate,2020,79.65426328534001,96.47306281871,66.94533646849
1,All Population,5,Prevalence,189,United Republic of Tanzania,3,Both,22,All ages,975,Diabetes mellitus type 1,3,Rate,2019,24.94322962436,33.39165614818,19.52905596219
1,All Population,5,Prevalence,74,Andorra,3,Both,22,All ages,975,Diabetes mellitus type 1,3,Rate,2019,423.28457927061004,480.29133276348,367.86629149004
1,All Population,5,Prevalence,86,Italy,3,Both,22,All ages,975,Diabetes mellitus type 1,3,Rate,2020,327.87431858305996,364.75909395191,286.24859125772997
1,All Population,5,Prevalence,156,United Arab Emirates,3,Both,22,All ages,975,Diabetes mellitus type 1,3,Rate,2019,106.40713200274,130.11262495203,89.14197427334
1,All Population,5,Prevalence,351,Guam,3,Both,22,All ages,975,Diabetes mellitus type 1,3,Rate,2019,47.55787996209,55.546232341869995,39.72998212828
1,All Population,5,Prevalence,75,Austria,3,Both,22,All ages,975,Diabetes mellitus type 1,3,Rate,2020,271.3488809968,309.69254708614,233.29746793486
1,All Population,5,Prevalence,43,Albania,3,Both,22,All ages,975,Diabetes mellitus type 1,3,Rate,2020,253.69589335751,291.76244868628,217.02399122786
1,All Population,5,Prevalence,29,Tonga,3,Both,22,All ages,975,Diabetes mellitus type 1,3,Rate,2019,40.93797578717,49.67376011439,33.58359914832
1,All Population,5,Prevalence,202,Cameroon,3,Both,22,All ages,975,Diabetes mellitus type 1,3,Rate,2019,10.74191669662,13.502371756969998,8.77703344482
1,All Population,5,Prevalence,191,Zambia,3,Both,22,All ages,975,Diabetes mellitus type 1,3,Rate,2019,25.70023400488,36.39669024092,19.517914353069997
1,All Population,5,Prevalence,87,Luxembourg,3,Both,22,All ages,975,Diabetes mellitus type 1,3,Rate,2019,409.98391588788996,460.85241152318997,356.76171334591
1,All Population,5,Prevalence,77,Cyprus,3,Both,22,All ages,975,Diabetes mellitus type 1,3,Rate,2020,230.33611937573,260.85593081704,201.34371155769
1,All Population,5,Prevalence,385,Puerto Rico,3,Both,22,All ages,975,Diabetes mellitus type 1,3,Rate,2018,60.083244803709995,74.13369818384,48.93651395909
1,All Population,5,Prevalence,133,Venezuela (Bolivarian Republic of),3,Both,22,All ages,975,Diabetes mellitus type 1,3,Rate,2020,53.73596847003,67.03921278627,43.349234616080004
1,All Population,5,Prevalence,204,Chad,3,Both,22,All ages,975,Diabetes mellitus type 1,3,Rate,2019,9.55504792428,12.33209489969,7.66292908147
1,All Population,5,Prevalence,88,Malta,3,Both,22,All ages,975,Diabetes mellitus type 1,3,Rate,2020,320.68233986113,363.61084806102,278.86590014417
1,All Population,5,Prevalence,11,Indonesia,3,Both,22,All ages,975,Diabetes mellitus type 1,3,Rate,2020,50.274584167360004,59.73553863523,42.03792349512
1,All Population,5,Prevalence,45,Bulgaria,3,Both,22,All ages,975,Diabetes mellitus type 1,3,Rate,2020,259.09040040182,298.84781919075,219.73852278092
1,All Population,5,Prevalence,122,Ecuador,3,Both,22,All ages,975,Diabetes mellitus type 1,3,Rate,2020,50.096784184659995,62.59788322638,40.87821052084
1,All Population,5,Prevalence,76,Belgium,3,Both,22,All ages,975,Diabetes mellitus type 1,3,Rate,2019,329.44663598001,379.03290103539,281.11787807241996
1,All Population,5,Prevalence,101,Canada,3,Both,22,All ages,975,Diabetes mellitus type 1,3,Rate,2020,552.79041499055,609.97265365379,496.20543887615
1,All Population,5,Prevalence,24,Marshall Islands,3,Both,22,All ages,975,Diabetes mellitus type 1,3,Rate,2020,41.4404847169,51.217679819699995,34.01011767821
1,All Population,5,Prevalence,422,United States Virgin Islands,3,Both,22,All ages,975,Diabetes mellitus type 1,3,Rate,2019,71.39326160339,90.0997941979,56.31359880851001
1,All Population,5,Prevalence,135,Brazil,3,Both,22,All ages,975,Diabetes mellitus type 1,3,Rate,2020,140.30410101771,173.87291740564999,114.1344312264
1,All Population,5,Prevalence,20,Viet Nam,3,Both,22,All ages,975,Diabetes mellitus type 1,3,Rate,2018,52.121212382479996,62.2396741765,43.18617385765
1,All Population,5,Prevalence,89,Netherlands,3,Both,22,All ages,975,Diabetes mellitus type 1,3,Rate,2019,352.45158033095,388.98636077517,311.31985347169
1,All Population,5,Prevalence,90,Norway,3,Both,22,All ages,975,Diabetes mellitus type 1,3,Rate,2020,484.83893163964,549.99751471488,418.71611897484996
1,All Population,5,Prevalence,13,Malaysia,3,Both,22,All ages,975,Diabetes mellitus type 1,3,Rate,2020,52.934663570080005,64.01829145075999,43.3689516162
1,All Population,5,Prevalence,10,Cambodia,3,Both,22,All ages,975,Diabetes mellitus type 1,3,Rate,2019,48.703339225280004,59.43320810074,39.72832245914
1,All Population,5,Prevalence,26,Papua New Guinea,3,Both,22,All ages,975,Diabetes mellitus type 1,3,Rate,2020,39.1304056488,48.29661517005,32.06683598129
1,All Population,5,Prevalence,55,Slovenia,3,Both,22,All ages,975,Diabetes mellitus type 1,3,Rate,2019,279.13696207493,313.2966544889,240.30736676579
1,All Population,5,Prevalence,58,Estonia,3,Both,22,All ages,975,Diabetes mellitus type 1,3,Rate,2020,300.61209400304,337.04348079869,261.77533919956
1,All Population,5,Prevalence,92,Spain,3,Both,22,All ages,975,Diabetes mellitus type 1,3,Rate,2020,355.42241473352,389.01586852738,320.82353819548
1,All Population,5,Prevalence,71,Australia,3,Both,22,All ages,975,Diabetes mellitus type 1,3,Rate,2020,418.51766174482,458.38331247031,386.04794221865
1,All Population,5,Prevalence,102,United States of America,3,Both,22,All ages,975,Diabetes mellitus type 1,3,Rate,2019,416.63532138108,464.94495314508,373.24554272698
1,All Population,5,Prevalence,22,Fiji,3,Both,22,All ages,975,Diabetes mellitus type 1,3,Rate,2018,43.468047777049996,51.38892316352,36.24198303356
1,All Population,5,Prevalence,12,Lao People's Democratic Republic,3,Both,22,All ages,975,Diabetes mellitus type 1,3,Rate,2019,47.37145729192,58.328362629029996,38.4868057542
1,All Population,5,Prevalence,44,Bosnia and Herzegovina,3,Both,22,All ages,975,Diabetes mellitus type 1,3,Rate,2019,174.97435467238,200.28150978449,150.46888299537
1,All Population,5,Prevalence,23,Kiribati,3,Both,22,All ages,975,Diabetes mellitus type 1,3,Rate,2020,40.9753290989,50.25003805897,33.61986045524
1,All Population,5,Prevalence,105,Antigua and Barbuda,3,Both,22,All ages,975,Diabetes mellitus type 1,3,Rate,2020,59.12392260391999,73.60301922197,47.792791316
1,All Population,5,Prevalence,33,Armenia,3,Both,22,All ages,975,Diabetes mellitus type 1,3,Rate,2018,90.49690703202,107.18325677223999,76.48289244272999
1,All Population,5,Prevalence,148,Morocco,3,Both,22,All ages,975,Diabetes mellitus type 1,3,Rate,2020,102.46680445409,127.89749913873,83.12204887599
1,All Population,5,Prevalence,34,Azerbaijan,3,Both,22,All ages,975,Diabetes mellitus type 1,3,Rate,2020,86.77596575947,102.95175653657999,73.2434264822
1,All Population,5,Prevalence,57,Belarus,3,Both,22,All ages,975,Diabetes mellitus type 1,3,Rate,2019,160.02191835342998,186.13991188696,134.96267134929
1,All Population,5,Prevalence,91,Portugal,3,Both,22,All ages,975,Diabetes mellitus type 1,3,Rate,2019,409.33164224621,469.30173132154,353.37530207227
1,All Population,5,Prevalence,68,Republic of Korea,3,Both,22,All ages,975,Diabetes mellitus type 1,3,Rate,2020,64.45878904252,76.31146558774,55.116701597390005
1,All Population,5,Prevalence,25,Micronesia (Federated States of),3,Both,22,All ages,975,Diabetes mellitus type 1,3,Rate,2019,42.83874470305,51.757022006759996,35.26049726985
1,All Population,5,Prevalence,46,Croatia,3,Both,22,All ages,975,Diabetes mellitus type 1,3,Rate,2019,276.37718285125,311.34547951039,239.44744618257
1,All Population,5,Prevalence,14,Maldives,3,Both,22,All ages,975,Diabetes mellitus type 1,3,Rate,2019,61.90024471224999,76.31160360462,50.02822258568
1,All Population,5,Prevalence,59,Latvia,3,Both,22,All ages,975,Diabetes mellitus type 1,3,Rate,2019,187.64381218813,212.38071035196998,160.14850328602998
1,All Population,5,Prevalence,36,Kazakhstan,3,Both,22,All ages,975,Diabetes mellitus type 1,3,Rate,2020,81.99433536466,96.89828105693,69.07939978355
1,All Population,5,Prevalence,93,Sweden,3,Both,22,All ages,975,Diabetes mellitus type 1,3,Rate,2019,676.8937931397401,738.93363593248,624.42347259798
1,All Population,5,Prevalence,72,New Zealand,3,Both,22,All ages,975,Diabetes mellitus type 1,3,Rate,2019,305.4915300231,352.60457446695,259.89879715323
1,All Population,5,Prevalence,60,Lithuania,3,Both,22,All ages,975,Diabetes mellitus type 1,3,Rate,2020,189.41982628679,212.41817794931,164.0451871435
1,All Population,5,Prevalence,81,Germany,3,Both,22,All ages,975,Diabetes mellitus type 1,3,Rate,2020,283.21775979711003,312.30443469446,253.64918853674
1,All Population,5,Prevalence,47,Czechia,3,Both,22,All ages,975,Diabetes mellitus type 1,3,Rate,2020,366.47213973045,408.98623990874,316.20113328726
1,All Population,5,Prevalence,35,Georgia,3,Both,22,All ages,975,Diabetes mellitus type 1,3,Rate,2018,90.67058143457,107.17202645474,76.53549938133
1,All Population,5,Prevalence,115,Jamaica,3,Both,22,All ages,975,Diabetes mellitus type 1,3,Rate,2020,57.14061892198,72.33157051671,45.97175516688
1,All Population,5,Prevalence,106,Bahamas,3,Both,22,All ages,975,Diabetes mellitus type 1,3,Rate,2019,58.106912167450005,73.10912829726999,46.83434166722
1,All Population,5,Prevalence,6,China,3,Both,22,All ages,975,Diabetes mellitus type 1,3,Rate,2020,69.67119585438999,79.07129225352,59.184621098520005
1,All Population,5,Prevalence,139,Algeria,3,Both,22,All ages,975,Diabetes mellitus type 1,3,Rate,2020,300.93686904360004,358.01441296816,263.37825858522
1,All Population,5,Prevalence,38,Mongolia,3,Both,22,All ages,975,Diabetes mellitus type 1,3,Rate,2020,73.96313425693,88.96827264725,62.706200469900004
1,All Population,5,Prevalence,107,Barbados,3,Both,22,All ages,975,Diabetes mellitus type 1,3,Rate,2020,60.12604016704,74.20265190907,48.82877705569
1,All Population,5,Prevalence,83,Iceland,3,Both,22,All ages,975,Diabetes mellitus type 1,3,Rate,2020,279.4646377283,312.98493634992,243.35769706942003
1,All Population,5,Prevalence,94,Switzerland,3,Both,22,All ages,975,Diabetes mellitus type 1,3,Rate,2020,384.31076821406003,446.03789776864,323.12004311284
1,All Population,5,Prevalence,49,North Macedonia,3,Both,22,All ages,975,Diabetes mellitus type 1,3,Rate,2020,171.17418758207998,199.34812368717,145.05586763035998
1,All Population,5,Prevalence,61,Republic of Moldova,3,Both,22,All ages,975,Diabetes mellitus type 1,3,Rate,2019,185.06760318428,214.28034940652003,158.71556214656
1,All Population,5,Prevalence,117,Saint Vincent and the Grenadines,3,Both,22,All ages,975,Diabetes mellitus type 1,3,Rate,2019,56.31363444761,70.26584955889,45.50795261986
1,All Population,5,Prevalence,17,Sri Lanka,3,Both,22,All ages,975,Diabetes mellitus type 1,3,Rate,2020,54.643994178789995,65.54136231754,45.11826730209
1,All Population,5,Prevalence,150,Oman,3,Both,22,All ages,975,Diabetes mellitus type 1,3,Rate,2020,99.60741684069,124.08682329263999,82.33715905197
1,All Population,5,Prevalence,118,Suriname,3,Both,22,All ages,975,Diabetes mellitus type 1,3,Rate,2020,55.46384562336,69.87770984077,44.65710375903
1,All Population,5,Prevalence,128,Guatemala,3,Both,22,All ages,975,Diabetes mellitus type 1,3,Rate,2020,48.403025321979996,62.589848399619996,38.298673087619996
1,All Population,5,Prevalence,8,Taiwan,3,Both,22,All ages,975,Diabetes mellitus type 1,3,Rate,2020,99.65898151404001,112.31099892932001,87.98174999041
1,All Population,5,Prevalence,162,Bhutan,3,Both,22,All ages,975,Diabetes mellitus type 1,3,Rate,2020,46.14464180102,55.60015959694999,38.440635492700004
1,All Population,5,Prevalence,85,Israel,3,Both,22,All ages,975,Diabetes mellitus type 1,3,Rate,2020,212.99813611606,236.83455576559,190.85670335437
1,All Population,5,Prevalence,51,Poland,3,Both,22,All ages,975,Diabetes mellitus type 1,3,Rate,2020,328.48613105209,372.84181003461003,289.77537173373
1,All Population,5,Prevalence,37,Kyrgyzstan,3,Both,22,All ages,975,Diabetes mellitus type 1,3,Rate,2018,76.03565750949,92.44509117548,63.86366320767001
1,All Population,5,Prevalence,119,Trinidad and Tobago,3,Both,22,All ages,975,Diabetes mellitus type 1,3,Rate,2019,58.22573713879,72.26592010907001,47.43809612923
1,All Population,5,Prevalence,19,Timor-Leste,3,Both,22,All ages,975,Diabetes mellitus type 1,3,Rate,2020,44.948157364859995,56.8299410585,36.021092314250005
1,All Population,5,Prevalence,141,Egypt,3,Both,22,All ages,975,Diabetes mellitus type 1,3,Rate,2020,95.58823314221,121.70516944789,77.39931904275
1,All Population,5,Prevalence,186,Seychelles,3,Both,22,All ages,975,Diabetes mellitus type 1,3,Rate,2020,55.118653932739996,65.66013253908,45.7361039371
1,All Population,5,Prevalence,108,Belize,3,Both,22,All ages,975,Diabetes mellitus type 1,3,Rate,2019,52.921570766929996,68.0683698518,42.24228012105
1,All Population,5,Prevalence,109,Cuba,3,Both,22,All ages,975,Diabetes mellitus type 1,3,Rate,2020,61.878026881829996,77.55679722678,49.55396065024
1,All Population,5,Prevalence,175,Burundi,3,Both,22,All ages,975,Diabetes mellitus type 1,3,Rate,2020,26.32246864842,37.488133073659995,19.79780067466
1,All Population,5,Prevalence,98,Chile,3,Both,22,All ages,975,Diabetes mellitus type 1,3,Rate,2020,126.54475261716,143.23666859813,109.84864596723001
1,All Population,5,Prevalence,66,Brunei Darussalam,3,Both,22,All ages,975,Diabetes mellitus type 1,3,Rate,2020,55.07697821607,65.37625838903,46.647952315699996
1,All Population,5,Prevalence,152,Saudi Arabia,3,Both,22,All ages,975,Diabetes mellitus type 1,3,Rate,2020,260.97603311011,312.68320172617,222.57732360049
1,All Population,5,Prevalence,130,Mexico,3,Both,22,All ages,975,Diabetes mellitus type 1,3,Rate,2020,58.02385454319,72.48863373575999,46.91023617324
1,All Population,5,Prevalence,7,Democratic People's Republic of Korea,3,Both,22,All ages,975,Diabetes mellitus type 1,3,Rate,2018,72.05917720567,82.20153176218,61.91733367143
1,All Population,5,Prevalence,39,Tajikistan,3,Both,22,All ages,975,Diabetes mellitus type 1,3,Rate,2018,72.40104534336,89.09876794013,60.513793189880005
1,All Population,5,Prevalence,53,Serbia,3,Both,22,All ages,975,Diabetes mellitus type 1,3,Rate,2020,224.78165602513,246.68750952345,199.72395902157
1,All Population,5,Prevalence,143,Iraq,3,Both,22,All ages,975,Diabetes mellitus type 1,3,Rate,2020,97.15075538354,125.02575334046,78.06339988766
1,All Population,5,Prevalence,189,United Republic of Tanzania,3,Both,22,All ages,975,Diabetes mellitus type 1,3,Rate,2020,25.49332914454,34.36754132212,19.56407670197
1,All Population,5,Prevalence,18,Thailand,3,Both,22,All ages,975,Diabetes mellitus type 1,3,Rate,2018,58.67799885188,68.84118607489,48.933630191960006
1,All Population,5,Prevalence,121,Bolivia (Plurinational State of),3,Both,22,All ages,975,Diabetes mellitus type 1,3,Rate,2019,48.738433786870004,61.045022233809995,39.658541237390004
1,All Population,5,Prevalence,111,Dominican Republic,3,Both,22,All ages,975,Diabetes mellitus type 1,3,Rate,2020,54.26265328718,69.15449148363,43.487396457370004
1,All Population,5,Prevalence,177,Djibouti,3,Both,22,All ages,975,Diabetes mellitus type 1,3,Rate,2020,28.82887214323,37.988940214,22.672222947319998
1,All Population,5,Prevalence,320,Cook Islands,3,Both,22,All ages,975,Diabetes mellitus type 1,3,Rate,2020,48.32420931084,56.918533938109995,40.44625784861
1,All Population,5,Prevalence,202,Cameroon,3,Both,22,All ages,975,Diabetes mellitus type 1,3,Rate,2020,10.8447242055,13.77408989814,8.78619405535
1,All Population,5,Prevalence,154,Tunisia,3,Both,22,All ages,975,Diabetes mellitus type 1,3,Rate,2020,122.19775633799,151.90283821735,98.24675721513
1,All Population,5,Prevalence,79,Finland,3,Both,22,All ages,975,Diabetes mellitus type 1,3,Rate,2020,928.3237600470101,992.2933513326,851.25867275628
1,All Population,5,Prevalence,156,United Arab Emirates,3,Both,22,All ages,975,Diabetes mellitus type 1,3,Rate,2020,107.3858619971,131.21642902998,90.29761345712
1,All Population,5,Prevalence,145,Kuwait,3,Both,22,All ages,975,Diabetes mellitus type 1,3,Rate,2020,398.23071425728,454.83860612039,347.80417424944
1,All Population,5,Prevalence,113,Guyana,3,Both,22,All ages,975,Diabetes mellitus type 1,3,Rate,2020,53.97696634991,68.9173113754,43.21092563903
1,All Population,5,Prevalence,351,Guam,3,Both,22,All ages,975,Diabetes mellitus type 1,3,Rate,2020,48.17944857381,56.506217628159995,40.24283269192
1,All Population,5,Prevalence,191,Zambia,3,Both,22,All ages,975,Diabetes mellitus type 1,3,Rate,2020,26.34620827014,38.02570565289,19.72696889294
1,All Population,5,Prevalence,123,Peru,3,Both,22,All ages,975,Diabetes mellitus type 1,3,Rate,2019,50.593657528550004,62.24900446146,41.37484674811
1,All Population,5,Prevalence,204,Chad,3,Both,22,All ages,975,Diabetes mellitus type 1,3,Rate,2020,9.60879865089,12.7782923219,7.61578025069
1,All Population,5,Prevalence,422,United States Virgin Islands,3,Both,22,All ages,975,Diabetes mellitus type 1,3,Rate,2020,71.77929696862999,90.5472136523,56.60513487246
1,All Population,5,Prevalence,168,Angola,3,Both,22,All ages,975,Diabetes mellitus type 1,3,Rate,2019,13.743149570249999,17.75362503724,10.99702561881
1,All Population,5,Prevalence,160,Afghanistan,3,Both,22,All ages,975,Diabetes mellitus type 1,3,Rate,2020,88.90127559072,117.87871946388,69.79145497331
1,All Population,5,Prevalence,217,Sierra Leone,3,Both,22,All ages,975,Diabetes mellitus type 1,3,Rate,2020,11.44114356615,14.38322334911,9.31913041233
1,All Population,5,Prevalence,193,Botswana,3,Both,22,All ages,975,Diabetes mellitus type 1,3,Rate,2020,16.69218493255,20.91142050617,13.669367790030002
1,All Population,5,Prevalence,206,Gambia,3,Both,22,All ages,975,Diabetes mellitus type 1,3,Rate,2020,10.98662636488,13.955390433460002,8.872089945519999
1,All Population,5,Prevalence,126,Costa Rica,3,Both,22,All ages,975,Diabetes mellitus type 1,3,Rate,2020,54.95507020851,68.74344177502999,44.22175157131
1,All Population,5,Prevalence,171,Democratic Republic of the Congo,3,Both,22,All ages,975,Diabetes mellitus type 1,3,Rate,2020,14.299469938680001,18.694855041540002,11.44424780692
1,All Population,5,Prevalence,147,Libya,3,Both,22,All ages,975,Diabetes mellitus type 1,3,Rate,2019,178.88924142814,217.45922897901,146.72180355296
1,All Population,5,Prevalence,136,Paraguay,3,Both,22,All ages,975,Diabetes mellitus type 1,3,Rate,2019,98.52939098195,128.09674023925,77.62681406326
1,All Population,5,Prevalence,208,Guinea,3,Both,22,All ages,975,Diabetes mellitus type 1,3,Rate,2020,10.53714271094,13.429489279130001,8.50129415308
1,All Population,5,Prevalence,173,Gabon,3,Both,22,All ages,975,Diabetes mellitus type 1,3,Rate,2020,15.766835286460001,20.0361021286,12.831831552249998
1,All Population,5,Prevalence,149,Palestine,3,Both,22,All ages,975,Diabetes mellitus type 1,3,Rate,2019,93.30468687487,118.86285344975,74.87589850908
1,All Population,5,Prevalence,181,Madagascar,3,Both,22,All ages,975,Diabetes mellitus type 1,3,Rate,2019,26.69113492875,37.19811195578,20.50690440158
1,All Population,5,Prevalence,151,Qatar,3,Both,22,All ages,975,Diabetes mellitus type 1,3,Rate,2019,206.85900220995998,254.38171591045,172.21160864155001
1,All Population,5,Prevalence,164,Nepal,3,Both,22,All ages,975,Diabetes mellitus type 1,3,Rate,2019,43.49708933424,52.78410395446001,36.15145238729
1,All Population,5,Prevalence,183,Mauritius,3,Both,22,All ages,975,Diabetes mellitus type 1,3,Rate,2019,57.677358867360006,68.13432084271,47.79361010318
1,All Population,5,Prevalence,195,Namibia,3,Both,22,All ages,975,Diabetes mellitus type 1,3,Rate,2019,15.622348064370001,19.73825964238,12.719990002590002
1,All Population,5,Prevalence,67,Japan,3,Both,22,All ages,975,Diabetes mellitus type 1,3,Rate,2018,43.61563984816,50.395591428879996,36.991861750240005
1,All Population,5,Prevalence,132,Panama,3,Both,22,All ages,975,Diabetes mellitus type 1,3,Rate,2019,51.76313642880999,64.72511325362,41.6189090162
1,All Population,5,Prevalence,153,Syrian Arab Republic,3,Both,22,All ages,975,Diabetes mellitus type 1,3,Rate,2019,100.59289844034001,126.49254017240001,81.13506444058
1,All Population,5,Prevalence,185,Rwanda,3,Both,22,All ages,975,Diabetes mellitus type 1,3,Rate,2019,30.12715009136,40.48054034036,23.67429959638
1,All Population,5,Prevalence,197,Eswatini,3,Both,22,All ages,975,Diabetes mellitus type 1,3,Rate,2019,15.696641822620002,19.85678783166,12.74700706771
1,All Population,5,Prevalence,180,Kenya,3,Both,22,All ages,975,Diabetes mellitus type 1,3,Rate,2020,25.385082498000003,33.9692937018,20.13709932903
1,All Population,5,Prevalence,216,Senegal,3,Both,22,All ages,975,Diabetes mellitus type 1,3,Rate,2019,10.94456947578,13.73680578879,8.936821716519999
1,All Population,5,Prevalence,169,Central African Republic,3,Both,22,All ages,975,Diabetes mellitus type 1,3,Rate,2020,13.78295585241,18.17503634531,11.00004368716
1,All Population,5,Prevalence,69,Singapore,3,Both,22,All ages,975,Diabetes mellitus type 1,3,Rate,2018,54.89763280859,63.748152519570006,47.44456262814
1,All Population,5,Prevalence,210,Liberia,3,Both,22,All ages,975,Diabetes mellitus type 1,3,Rate,2019,11.47236423194,14.37127561428,9.40811272657
1,All Population,5,Prevalence,182,Malawi,3,Both,22,All ages,975,Diabetes mellitus type 1,3,Rate,2020,27.199434110240002,39.117281033939996,20.41269859459
1,All Population,5,Prevalence,163,India,3,Both,22,All ages,975,Diabetes mellitus type 1,3,Rate,2020,65.31505995743,78.29838269356,54.35234009377
1,All Population,5,Prevalence,179,Ethiopia,3,Both,22,All ages,975,Diabetes mellitus type 1,3,Rate,2019,23.85731690531,31.95328174357,18.88445784892
1,All Population,5,Prevalence,80,France,3,Both,22,All ages,975,Diabetes mellitus type 1,3,Rate,2018,250.44940805775,276.83543012774,221.80953444161
1,All Population,5,Prevalence,48,Hungary,3,Both,22,All ages,975,Diabetes mellitus type 1,3,Rate,2018,332.33296985155,369.38651692233003,287.18741662282
1,All Population,5,Prevalence,114,Haiti,3,Both,22,All ages,975,Diabetes mellitus type 1,3,Rate,2018,49.85028145428,64.3572110722,39.9615928849
1,All Population,5,Prevalence,194,Lesotho,3,Both,22,All ages,975,Diabetes mellitus type 1,3,Rate,2020,16.09254968407,20.555895024999998,13.01980154301
1,All Population,5,Prevalence,212,Mauritania,3,Both,22,All ages,975,Diabetes mellitus type 1,3,Rate,2019,10.903370344219999,13.72214763633,8.91270450154
1,All Population,5,Prevalence,184,Mozambique,3,Both,22,All ages,975,Diabetes mellitus type 1,3,Rate,2020,25.972522483869998,37.31868752637,19.41226387003
1,All Population,5,Prevalence,127,El Salvador,3,Both,22,All ages,975,Diabetes mellitus type 1,3,Rate,2018,51.633225313000004,65.34087181065,41.25434720968
1,All Population,5,Prevalence,165,Pakistan,3,Both,22,All ages,975,Diabetes mellitus type 1,3,Rate,2020,36.71526501626,45.543180774350006,30.309853234920002
1,All Population,5,Prevalence,50,Montenegro,3,Both,22,All ages,975,Diabetes mellitus type 1,3,Rate,2018,283.80962917096997,330.6290883465,241.22329341922
1,All Population,5,Prevalence,116,Saint Lucia,3,Both,22,All ages,975,Diabetes mellitus type 1,3,Rate,2018,58.46160394582999,72.58366993405,47.459713664910005
1,All Population,5,Prevalence,82,Greece,3,Both,22,All ages,975,Diabetes mellitus type 1,3,Rate,2018,207.53796885523,239.52684428166,178.57678320203001
1,All Population,5,Prevalence,201,Burkina Faso,3,Both,22,All ages,975,Diabetes mellitus type 1,3,Rate,2019,10.34772383853,13.040628183059999,8.4533637935
1,All Population,5,Prevalence,196,South Africa,3,Both,22,All ages,975,Diabetes mellitus type 1,3,Rate,2020,16.85523164218,20.25881847691,13.96294235068
1,All Population,5,Prevalence,95,United Kingdom,3,Both,22,All ages,975,Diabetes mellitus type 1,3,Rate,2018,403.73275011906,464.11842455356003,338.75971156585
1,All Population,5,Prevalence,161,Bangladesh,3,Both,22,All ages,975,Diabetes mellitus type 1,3,Rate,2018,34.919481114549995,42.01163864966,29.35675106996
1,All Population,5,Prevalence,214,Nigeria,3,Both,22,All ages,975,Diabetes mellitus type 1,3,Rate,2019,10.07807713931,12.60011045371,8.26663530729
1,All Population,5,Prevalence,63,Ukraine,3,Both,22,All ages,975,Diabetes mellitus type 1,3,Rate,2018,163.2224163946,190.90185248176,138.90392405923
1,All Population,5,Prevalence,52,Romania,3,Both,22,All ages,975,Diabetes mellitus type 1,3,Rate,2018,141.57527171276,157.55401301009,124.55906965108
1,All Population,5,Prevalence,129,Honduras,3,Both,22,All ages,975,Diabetes mellitus type 1,3,Rate,2018,47.74989208816,61.267013597600005,37.9455411183
1,All Population,5,Prevalence,84,Ireland,3,Both,22,All ages,975,Diabetes mellitus type 1,3,Rate,2018,347.93064426141,384.565476791,308.77376672254
1,All Population,5,Prevalence,140,Bahrain,3,Both,22,All ages,975,Diabetes mellitus type 1,3,Rate,2018,103.08161876996999,125.54545765745999,84.83030647308
1,All Population,5,Prevalence,97,Argentina,3,Both,22,All ages,975,Diabetes mellitus type 1,3,Rate,2018,107.18123626921,127.56627243716,88.10468346961
1,All Population,5,Prevalence,54,Slovakia,3,Both,22,All ages,975,Diabetes mellitus type 1,3,Rate,2018,299.53758645058997,338.68273036299,259.08291158671
1,All Population,5,Prevalence,198,Zimbabwe,3,Both,22,All ages,975,Diabetes mellitus type 1,3,Rate,2020,14.9523592867,19.32379843075,12.09171086323
1,All Population,5,Prevalence,131,Nicaragua,3,Both,22,All ages,975,Diabetes mellitus type 1,3,Rate,2018,49.78471186981999,63.326121365590005,39.82171492948
1,All Population,5,Prevalence,209,Guinea-Bissau,3,Both,22,All ages,975,Diabetes mellitus type 1,3,Rate,2018,10.5373500924,13.20339594547,8.603869384280001
1,All Population,5,Prevalence,142,Iran (Islamic Republic of),3,Both,22,All ages,975,Diabetes mellitus type 1,3,Rate,2018,74.23642591229,91.70657344329,61.1048079145
1,All Population,5,Prevalence,99,Uruguay,3,Both,22,All ages,975,Diabetes mellitus type 1,3,Rate,2018,109.93492956829999,129.50140361109,90.57339089549
1,All Population,5,Prevalence,187,Somalia,3,Both,22,All ages,975,Diabetes mellitus type 1,3,Rate,2018,24.55174540359,33.87787923107,18.92266782777
1,All Population,5,Prevalence,110,Dominica,3,Both,22,All ages,975,Diabetes mellitus type 1,3,Rate,2018,56.517089246139996,70.46744301824,45.663205317570004
1,All Population,5,Prevalence,78,Denmark,3,Both,22,All ages,975,Diabetes mellitus type 1,3,Rate,2018,398.36037354937,451.9051117391,344.07231932212
1,All Population,5,Prevalence,176,Comoros,3,Both,22,All ages,975,Diabetes mellitus type 1,3,Rate,2018,27.489039221680002,36.2246435626,21.39880845432
1,All Population,5,Prevalence,155,Türkiye,3,Both,22,All ages,975,Diabetes mellitus type 1,3,Rate,2018,101.34838416971999,120.44804198167,86.15108096934
1,All Population,5,Prevalence,144,Jordan,3,Both,22,All ages,975,Diabetes mellitus type 1,3,Rate,2018,80.41977180993,100.55557196645,64.84959870239
1,All Population,5,Prevalence,305,Bermuda,3,Both,22,All ages,975,Diabetes mellitus type 1,3,Rate,2018,61.292459294809994,75.24452726189,50.0345682224
1,All Population,5,Prevalence,112,Grenada,3,Both,22,All ages,975,Diabetes mellitus type 1,3,Rate,2018,56.191000499770006,69.97943631953,45.47507865986
1,All Population,5,Prevalence,200,Benin,3,Both,22,All ages,975,Diabetes mellitus type 1,3,Rate,2020,10.54576653414,13.454276192330001,8.48588254759
1,All Population,5,Prevalence,190,Uganda,3,Both,22,All ages,975,Diabetes mellitus type 1,3,Rate,2018,24.840699365779997,34.940809793540005,18.980999879040002
1,All Population,5,Prevalence,146,Lebanon,3,Both,22,All ages,975,Diabetes mellitus type 1,3,Rate,2018,97.88168106187,121.37291093879999,79.73130758014
1,All Population,5,Prevalence,178,Eritrea,3,Both,22,All ages,975,Diabetes mellitus type 1,3,Rate,2020,54.073354757000004,69.03154497277,43.78870123185
1,All Population,5,Prevalence,374,Niue,3,Both,22,All ages,975,Diabetes mellitus type 1,3,Rate,2020,48.2868044564,56.68851381436,40.372920218219996
1,All Population,5,Prevalence,125,Colombia,3,Both,22,All ages,975,Diabetes mellitus type 1,3,Rate,2018,53.459316026219994,66.67933256874,43.04130094227
1,All Population,5,Prevalence,211,Mali,3,Both,22,All ages,975,Diabetes mellitus type 1,3,Rate,2020,9.61179832717,12.11767684968,7.87458421835
1,All Population,5,Prevalence,349,Greenland,3,Both,22,All ages,975,Diabetes mellitus type 1,3,Rate,2018,409.03346697127006,466.7692357598,355.82972953716
1,All Population,5,Prevalence,157,Yemen,3,Both,22,All ages,975,Diabetes mellitus type 1,3,Rate,2018,23.18444548516,27.632802834350002,19.75655656879
1,All Population,5,Prevalence,203,Cabo Verde,3,Both,22,All ages,975,Diabetes mellitus type 1,3,Rate,2018,13.00692376226,15.66269802096,10.73320395389
1,All Population,5,Prevalence,170,Congo,3,Both,22,All ages,975,Diabetes mellitus type 1,3,Rate,2018,14.7305935634,18.571149039970003,12.03120512838
1,All Population,5,Prevalence,298,American Samoa,3,Both,22,All ages,975,Diabetes mellitus type 1,3,Rate,2020,44.96008732843,53.828738593519994,37.28710812021
1,All Population,5,Prevalence,205,Côte d'Ivoire,3,Both,22,All ages,975,Diabetes mellitus type 1,3,Rate,2018,10.99009098986,13.749719537439999,9.00215205706
1,All Population,5,Prevalence,416,Tuvalu,3,Both,22,All ages,975,Diabetes mellitus type 1,3,Rate,2018,42.2665613961,50.38491601975,34.97574233687
1,All Population,5,Prevalence,213,Niger,3,Both,22,All ages,975,Diabetes mellitus type 1,3,Rate,2020,9.618754915839999,12.776113877919999,7.612117009019999
1,All Population,5,Prevalence,380,Palau,3,Both,22,All ages,975,Diabetes mellitus type 1,3,Rate,2020,50.840830462060005,59.40220745669,42.92023481183
1,All Population,5,Prevalence,172,Equatorial Guinea,3,Both,22,All ages,975,Diabetes mellitus type 1,3,Rate,2018,14.20886645334,18.206646954089997,11.37672435647
1,All Population,5,Prevalence,367,Monaco,3,Both,22,All ages,975,Diabetes mellitus type 1,3,Rate,2018,404.14802950766006,470.743772463,346.00051567838
1,All Population,5,Prevalence,207,Ghana,3,Both,22,All ages,975,Diabetes mellitus type 1,3,Rate,2018,11.54174048474,14.31356786616,9.490667303699999
1,All Population,5,Prevalence,393,Saint Kitts and Nevis,3,Both,22,All ages,975,Diabetes mellitus type 1,3,Rate,2020,58.51036983487,72.73661518192999,47.41859030904
1,All Population,5,Prevalence,215,Sao Tome and Principe,3,Both,22,All ages,975,Diabetes mellitus type 1,3,Rate,2020,11.98778717637,15.069109921930002,9.806707745599999
1,All Population,5,Prevalence,218,Togo,3,Both,22,All ages,975,Diabetes mellitus type 1,3,Rate,2018,11.15607574203,13.92810355869,9.18242721067
1,All Population,5,Prevalence,435,South Sudan,3,Both,22,All ages,975,Diabetes mellitus type 1,3,Rate,2018,26.04070389675,35.766536132300004,20.11283632124
1,All Population,5,Prevalence,413,Tokelau,3,Both,22,All ages,975,Diabetes mellitus type 1,3,Rate,2020,45.63398486247,54.717171563280004,37.706955219040005
1,All Population,5,Prevalence,369,Nauru,3,Both,22,All ages,975,Diabetes mellitus type 1,3,Rate,2019,39.059294323779994,48.070402192580005,32.04324385088
1,All Population,5,Prevalence,376,Northern Mariana Islands,3,Both,22,All ages,975,Diabetes mellitus type 1,3,Rate,2019,48.7735438667,57.34790020177,41.030736792679996
1,All Population,5,Prevalence,385,Puerto Rico,3,Both,22,All ages,975,Diabetes mellitus type 1,3,Rate,2019,60.6850184014,74.75807657497,49.31422153612
1,All Population,5,Prevalence,396,San Marino,3,Both,22,All ages,975,Diabetes mellitus type 1,3,Rate,2019,414.63886296910994,478.13305277673,357.66730217504
1,All Population,5,Prevalence,522,Sudan,3,Both,22,All ages,975,Diabetes mellitus type 1,3,Rate,2018,91.77903855092,109.26521491787999,78.54242336672999
1,All Population,5,Prevalence,10,Cambodia,3,Both,22,All ages,975,Diabetes mellitus type 1,3,Rate,2020,49.33896526673,60.30627743373,40.21497895423
1,All Population,5,Prevalence,12,Lao People's Democratic Republic,3,Both,22,All ages,975,Diabetes mellitus type 1,3,Rate,2020,48.02049417929,59.69156632777,38.95642368784
1,All Population,5,Prevalence,57,Belarus,3,Both,22,All ages,975,Diabetes mellitus type 1,3,Rate,2020,160.49244878489,186.91809057877,135.17715469784
1,All Population,5,Prevalence,46,Croatia,3,Both,22,All ages,975,Diabetes mellitus type 1,3,Rate,2020,279.53381213205,315.6356091377,241.97777918235002
1,All Population,5,Prevalence,25,Micronesia (Federated States of),3,Both,22,All ages,975,Diabetes mellitus type 1,3,Rate,2020,43.413156674860005,52.89024470706,35.68605880782
1,All Population,5,Prevalence,14,Maldives,3,Both,22,All ages,975,Diabetes mellitus type 1,3,Rate,2020,63.07998900459,78.8222660713,50.79387198485
1,All Population,5,Prevalence,59,Latvia,3,Both,22,All ages,975,Diabetes mellitus type 1,3,Rate,2020,187.92732182863,213.01730668278003,160.31170575373
1,All Population,5,Prevalence,93,Sweden,3,Both,22,All ages,975,Diabetes mellitus type 1,3,Rate,2020,686.54372026227,748.47800393116,632.91899159867
1,All Population,5,Prevalence,27,Samoa,3,Both,22,All ages,975,Diabetes mellitus type 1,3,Rate,2020,39.92973969313,48.74052157768,32.84159102634
1,All Population,5,Prevalence,72,New Zealand,3,Both,22,All ages,975,Diabetes mellitus type 1,3,Rate,2020,308.04229509045,356.36431230338997,261.81801887788
1,All Population,5,Prevalence,16,Philippines,3,Both,22,All ages,975,Diabetes mellitus type 1,3,Rate,2020,46.37606897898,56.3993282457,38.29223897977
1,All Population,5,Prevalence,106,Bahamas,3,Both,22,All ages,975,Diabetes mellitus type 1,3,Rate,2020,58.52278341345,73.75266854064999,47.025083676929995
1,All Population,5,Prevalence,61,Republic of Moldova,3,Both,22,All ages,975,Diabetes mellitus type 1,3,Rate,2020,185.77472239166,215.3703240555,158.93272735195
1,All Population,5,Prevalence,29,Tonga,3,Both,22,All ages,975,Diabetes mellitus type 1,3,Rate,2020,41.45812307667,50.81905679438,33.96645026942
1,All Population,5,Prevalence,74,Andorra,3,Both,22,All ages,975,Diabetes mellitus type 1,3,Rate,2020,430.10178811504994,486.96835746769005,374.06473419098
1,All Population,5,Prevalence,108,Belize,3,Both,22,All ages,975,Diabetes mellitus type 1,3,Rate,2020,53.297309148059995,68.70472234058,42.41159294788
1,All Population,5,Prevalence,117,Saint Vincent and the Grenadines,3,Both,22,All ages,975,Diabetes mellitus type 1,3,Rate,2020,56.71537878221,71.01101212549,45.75017675762
1,All Population,5,Prevalence,151,Qatar,3,Both,22,All ages,975,Diabetes mellitus type 1,3,Rate,2020,211.95874032602,259.63253453900995,176.71275289873
1,All Population,5,Prevalence,7,Democratic People's Republic of Korea,3,Both,22,All ages,975,Diabetes mellitus type 1,3,Rate,2019,73.20902377557,83.65510588051,62.86101536609
1,All Population,5,Prevalence,50,Montenegro,3,Both,22,All ages,975,Diabetes mellitus type 1,3,Rate,2019,286.15393263347,333.76046905358,242.14292406616002
1,All Population,5,Prevalence,185,Rwanda,3,Both,22,All ages,975,Diabetes mellitus type 1,3,Rate,2020,30.82864134586,42.221998924219996,23.77757346847
1,All Population,5,Prevalence,76,Belgium,3,Both,22,All ages,975,Diabetes mellitus type 1,3,Rate,2020,333.99028415729,383.37885444168,284.81192306124
1,All Population,5,Prevalence,39,Tajikistan,3,Both,22,All ages,975,Diabetes mellitus type 1,3,Rate,2019,72.86701779957001,89.76340315854,60.78017749393
1,All Population,5,Prevalence,18,Thailand,3,Both,22,All ages,975,Diabetes mellitus type 1,3,Rate,2019,59.49388242477,69.70604863883,49.63525244425
1,All Population,5,Prevalence,40,Turkmenistan,3,Both,22,All ages,975,Diabetes mellitus type 1,3,Rate,2020,78.62205815734,96.07497485193001,65.80646799866
1,All Population,5,Prevalence,164,Nepal,3,Both,22,All ages,975,Diabetes mellitus type 1,3,Rate,2020,43.90203905337,53.49155930257,36.429721944049994
1,All Population,5,Prevalence,87,Luxembourg,3,Both,22,All ages,975,Diabetes mellitus type 1,3,Rate,2020,416.03141290070005,467.76976404831004,362.19106265671996
1,All Population,5,Prevalence,153,Syrian Arab Republic,3,Both,22,All ages,975,Diabetes mellitus type 1,3,Rate,2020,102.68713174275,130.95448417453,82.50672157234
1,All Population,5,Prevalence,63,Ukraine,3,Both,22,All ages,975,Diabetes mellitus type 1,3,Rate,2019,163.72828597008998,191.50930913054998,138.74375261997
1,All Population,5,Prevalence,20,Viet Nam,3,Both,22,All ages,975,Diabetes mellitus type 1,3,Rate,2019,52.7604047067,63.02102682535,43.66914610213
1,All Population,5,Prevalence,52,Romania,3,Both,22,All ages,975,Diabetes mellitus type 1,3,Rate,2019,143.75044219693999,159.32427102142,126.87243341991
1,All Population,5,Prevalence,119,Trinidad and Tobago,3,Both,22,All ages,975,Diabetes mellitus type 1,3,Rate,2020,58.544238674569996,72.62724630489001,47.599770943989995
1,All Population,5,Prevalence,210,Liberia,3,Both,22,All ages,975,Diabetes mellitus type 1,3,Rate,2020,11.61967747889,14.565509090459999,9.5072154012
1,All Population,5,Prevalence,55,Slovenia,3,Both,22,All ages,975,Diabetes mellitus type 1,3,Rate,2020,282.22220950563,317.27654123387003,242.73527345841
1,All Population,5,Prevalence,132,Panama,3,Both,22,All ages,975,Diabetes mellitus type 1,3,Rate,2020,51.98952977110999,65.24986790307,41.73573582153
1,All Population,5,Prevalence,22,Fiji,3,Both,22,All ages,975,Diabetes mellitus type 1,3,Rate,2019,43.919483169559996,52.235570808460004,36.55949816612
1,All Population,5,Prevalence,89,Netherlands,3,Both,22,All ages,975,Diabetes mellitus type 1,3,Rate,2020,357.48593914906,393.03898464452,314.98230558992003
1,All Population,5,Prevalence,201,Burkina Faso,3,Both,22,All ages,975,Diabetes mellitus type 1,3,Rate,2020,10.42069849461,13.27729387975,8.41547389937
1,All Population,5,Prevalence,54,Slovakia,3,Both,22,All ages,975,Diabetes mellitus type 1,3,Rate,2019,303.27712852881996,341.35858289682,261.88880865268
1,All Population,5,Prevalence,97,Argentina,3,Both,22,All ages,975,Diabetes mellitus type 1,3,Rate,2019,109.48093516379,130.86581920436,89.93592255019
1,All Population,5,Prevalence,121,Bolivia (Plurinational State of),3,Both,22,All ages,975,Diabetes mellitus type 1,3,Rate,2020,49.048639596479994,61.715485972260005,39.79990338447
1,All Population,5,Prevalence,179,Ethiopia,3,Both,22,All ages,975,Diabetes mellitus type 1,3,Rate,2020,24.21503525638,32.88903396584,19.12973006326
1,All Population,5,Prevalence,67,Japan,3,Both,22,All ages,975,Diabetes mellitus type 1,3,Rate,2019,44.02260289225,50.92030037333,37.36304667403
1,All Population,5,Prevalence,33,Armenia,3,Both,22,All ages,975,Diabetes mellitus type 1,3,Rate,2019,91.15351404073,108.07308389664,77.00768973418
1,All Population,5,Prevalence,212,Mauritania,3,Both,22,All ages,975,Diabetes mellitus type 1,3,Rate,2020,11.00981619677,13.93503935405,8.97563607322
1,All Population,5,Prevalence,44,Bosnia and Herzegovina,3,Both,22,All ages,975,Diabetes mellitus type 1,3,Rate,2020,177.08708014584,203.19579330644999,152.04418891658
1,All Population,5,Prevalence,110,Dominica,3,Both,22,All ages,975,Diabetes mellitus type 1,3,Rate,2019,56.98113819795,71.20515090687,46.000042608259996
1,All Population,5,Prevalence,168,Angola,3,Both,22,All ages,975,Diabetes mellitus type 1,3,Rate,2020,13.9053450876,18.35586017766,11.037961474709999
1,All Population,5,Prevalence,396,San Marino,3,Both,22,All ages,975,Diabetes mellitus type 1,3,Rate,2020,421.67832120209,485.13891347268003,363.05246977844996
1,All Population,5,Prevalence,91,Portugal,3,Both,22,All ages,975,Diabetes mellitus type 1,3,Rate,2020,414.96629917781996,474.89061376533,358.57612805213
1,All Population,5,Prevalence,99,Uruguay,3,Both,22,All ages,975,Diabetes mellitus type 1,3,Rate,2019,112.01511488201,132.47279389011,92.27497870304
1,All Population,5,Prevalence,69,Singapore,3,Both,22,All ages,975,Diabetes mellitus type 1,3,Rate,2019,55.521442237390005,64.46061502488,47.81777268969
1,All Population,5,Prevalence,78,Denmark,3,Both,22,All ages,975,Diabetes mellitus type 1,3,Rate,2019,404.63370423229003,458.24837826466006,349.50039832756
1,All Population,5,Prevalence,102,United States of America,3,Both,22,All ages,975,Diabetes mellitus type 1,3,Rate,2020,421.32653176711,474.30503267222,377.80980601384
1,All Population,5,Prevalence,147,Libya,3,Both,22,All ages,975,Diabetes mellitus type 1,3,Rate,2020,180.96213463452,223.27587733919,147.87075620712
1,All Population,5,Prevalence,123,Peru,3,Both,22,All ages,975,Diabetes mellitus type 1,3,Rate,2020,50.859170407769994,62.93011647139,41.47664944719
1,All Population,5,Prevalence,35,Georgia,3,Both,22,All ages,975,Diabetes mellitus type 1,3,Rate,2019,91.00463269002,107.74307075802001,76.84442929472
1,All Population,5,Prevalence,112,Grenada,3,Both,22,All ages,975,Diabetes mellitus type 1,3,Rate,2019,56.546778120229995,70.61332195157,45.70514609643
1,All Population,5,Prevalence,155,Türkiye,3,Both,22,All ages,975,Diabetes mellitus type 1,3,Rate,2019,102.98215079654,122.33770495802001,87.95005055959
1,All Population,5,Prevalence,144,Jordan,3,Both,22,All ages,975,Diabetes mellitus type 1,3,Rate,2019,82.12728287232001,104.05578019074,66.02893313714
1,All Population,5,Prevalence,181,Madagascar,3,Both,22,All ages,975,Diabetes mellitus type 1,3,Rate,2020,27.274681505400004,38.72967469986,20.64410158993
1,All Population,5,Prevalence,80,France,3,Both,22,All ages,975,Diabetes mellitus type 1,3,Rate,2019,254.77424459813997,281.03678406068997,225.80858429375002
1,All Population,5,Prevalence,214,Nigeria,3,Both,22,All ages,975,Diabetes mellitus type 1,3,Rate,2020,10.15288342248,12.7833617409,8.27996314549
1,All Population,5,Prevalence,136,Paraguay,3,Both,22,All ages,975,Diabetes mellitus type 1,3,Rate,2020,98.96304611423999,128.64694095688,77.74065513404
1,All Population,5,Prevalence,125,Colombia,3,Both,22,All ages,975,Diabetes mellitus type 1,3,Rate,2019,53.70855320207,67.16261771641001,43.155145664
1,All Population,5,Prevalence,48,Hungary,3,Both,22,All ages,975,Diabetes mellitus type 1,3,Rate,2019,336.10801483846,373.00329841261,290.47009523462
1,All Population,5,Prevalence,149,Palestine,3,Both,22,All ages,975,Diabetes mellitus type 1,3,Rate,2020,95.13258812565999,122.15224645531,76.07414193305999
1,All Population,5,Prevalence,37,Kyrgyzstan,3,Both,22,All ages,975,Diabetes mellitus type 1,3,Rate,2019,76.53920710391999,93.33527513823,64.17525121369
1,All Population,5,Prevalence,157,Yemen,3,Both,22,All ages,975,Diabetes mellitus type 1,3,Rate,2019,23.37935668,27.61141769115,19.889703000540003
1,All Population,5,Prevalence,114,Haiti,3,Both,22,All ages,975,Diabetes mellitus type 1,3,Rate,2019,50.098104022890006,64.92221803968,40.01301779152
1,All Population,5,Prevalence,146,Lebanon,3,Both,22,All ages,975,Diabetes mellitus type 1,3,Rate,2019,99.52972289203001,123.87795965766999,81.27697799686
1,All Population,5,Prevalence,183,Mauritius,3,Both,22,All ages,975,Diabetes mellitus type 1,3,Rate,2020,58.349682134039995,68.96837429326,48.3498989548
1,All Population,5,Prevalence,203,Cabo Verde,3,Both,22,All ages,975,Diabetes mellitus type 1,3,Rate,2019,13.181189508380001,15.900593900590001,10.86745107451
1,All Population,5,Prevalence,82,Greece,3,Both,22,All ages,975,Diabetes mellitus type 1,3,Rate,2019,210.64779557227,242.62068749706998,180.86110419518
1,All Population,5,Prevalence,127,El Salvador,3,Both,22,All ages,975,Diabetes mellitus type 1,3,Rate,2019,52.024891772749996,65.96189889701999,41.48801588312
1,All Population,5,Prevalence,195,Namibia,3,Both,22,All ages,975,Diabetes mellitus type 1,3,Rate,2020,15.77531567216,20.08610652568,12.81413261298
1,All Population,5,Prevalence,216,Senegal,3,Both,22,All ages,975,Diabetes mellitus type 1,3,Rate,2020,11.03416782137,13.980238793589999,8.962059253449999
1,All Population,5,Prevalence,116,Saint Lucia,3,Both,22,All ages,975,Diabetes mellitus type 1,3,Rate,2019,58.84230347571,72.90621690460999,47.67563918305
1,All Population,5,Prevalence,369,Nauru,3,Both,22,All ages,975,Diabetes mellitus type 1,3,Rate,2020,39.542644500259996,49.00989903115,32.34959368431
1,All Population,5,Prevalence,205,Côte d'Ivoire,3,Both,22,All ages,975,Diabetes mellitus type 1,3,Rate,2019,11.10056798304,13.90236117855,9.1113200861
1,All Population,5,Prevalence,84,Ireland,3,Both,22,All ages,975,Diabetes mellitus type 1,3,Rate,2019,355.1952525902,390.74014960668995,315.5122314416
1,All Population,5,Prevalence,170,Congo,3,Both,22,All ages,975,Diabetes mellitus type 1,3,Rate,2019,14.892258766090002,18.865069320099998,12.12983282553
1,All Population,5,Prevalence,129,Honduras,3,Both,22,All ages,975,Diabetes mellitus type 1,3,Rate,2019,47.92457870608,61.64903042578,38.001829974079996
1,All Population,5,Prevalence,95,United Kingdom,3,Both,22,All ages,975,Diabetes mellitus type 1,3,Rate,2019,408.91078991016,469.74649788697997,343.18560710163
1,All Population,5,Prevalence,140,Bahrain,3,Both,22,All ages,975,Diabetes mellitus type 1,3,Rate,2019,104.53776545829999,127.54260320357,86.32707878064001
1,All Population,5,Prevalence,207,Ghana,3,Both,22,All ages,975,Diabetes mellitus type 1,3,Rate,2019,11.65316986911,14.567603166499998,9.56499865915
1,All Population,5,Prevalence,172,Equatorial Guinea,3,Both,22,All ages,975,Diabetes mellitus type 1,3,Rate,2019,14.44434639679,18.77439556301,11.50433755124
1,All Population,5,Prevalence,161,Bangladesh,3,Both,22,All ages,975,Diabetes mellitus type 1,3,Rate,2019,35.14212403164,42.37823149604,29.551690460019998
1,All Population,5,Prevalence,197,Eswatini,3,Both,22,All ages,975,Diabetes mellitus type 1,3,Rate,2020,15.89790445793,20.29593388312,12.88178340303
1,All Population,5,Prevalence,367,Monaco,3,Both,22,All ages,975,Diabetes mellitus type 1,3,Rate,2019,409.28359583932,475.71074158944,350.97859807545
1,All Population,5,Prevalence,376,Northern Mariana Islands,3,Both,22,All ages,975,Diabetes mellitus type 1,3,Rate,2020,49.245365167930004,57.970506119789995,41.37435074005
1,All Population,5,Prevalence,142,Iran (Islamic Republic of),3,Both,22,All ages,975,Diabetes mellitus type 1,3,Rate,2019,75.37900487486,93.44607428453,61.90063607714
1,All Population,5,Prevalence,218,Togo,3,Both,22,All ages,975,Diabetes mellitus type 1,3,Rate,2019,11.28598697182,14.201743747290001,9.2724290836
1,All Population,5,Prevalence,131,Nicaragua,3,Both,22,All ages,975,Diabetes mellitus type 1,3,Rate,2019,50.06503785909,63.839798528109995,39.956775757369996
1,All Population,5,Prevalence,209,Guinea-Bissau,3,Both,22,All ages,975,Diabetes mellitus type 1,3,Rate,2019,10.64344426647,13.403394628860001,8.67725711291
1,All Population,5,Prevalence,435,South Sudan,3,Both,22,All ages,975,Diabetes mellitus type 1,3,Rate,2019,26.823102351259998,37.3865371968,20.65878975199
1,All Population,5,Prevalence,385,Puerto Rico,3,Both,22,All ages,975,Diabetes mellitus type 1,3,Rate,2020,61.111318693150004,75.32659315904999,49.53083098745
1,All Population,5,Prevalence,187,Somalia,3,Both,22,All ages,975,Diabetes mellitus type 1,3,Rate,2019,25.05266280335,35.0500277224,19.07860681077
1,All Population,5,Prevalence,38,Mongolia,3,Both,22,All ages,975,Diabetes mellitus type 1,3,Rate,2021,74.43233613135,89.86736893413,63.12945981157
1,All Population,5,Prevalence,6,China,3,Both,22,All ages,975,Diabetes mellitus type 1,3,Rate,2021,70.52705707412,79.8294453513,59.8355146498
1,All Population,5,Prevalence,176,Comoros,3,Both,22,All ages,975,Diabetes mellitus type 1,3,Rate,2019,28.11891652991,37.43002267679,21.8334574261
1,All Population,5,Prevalence,17,Sri Lanka,3,Both,22,All ages,975,Diabetes mellitus type 1,3,Rate,2021,55.407927432150004,66.36879585463,45.81026836163
1,All Population,5,Prevalence,190,Uganda,3,Both,22,All ages,975,Diabetes mellitus type 1,3,Rate,2019,25.491166661610002,36.30156945224,19.28368245786
1,All Population,5,Prevalence,8,Taiwan,3,Both,22,All ages,975,Diabetes mellitus type 1,3,Rate,2021,101.08854834055,113.58282279426001,89.02637373776
1,All Population,5,Prevalence,19,Timor-Leste,3,Both,22,All ages,975,Diabetes mellitus type 1,3,Rate,2021,45.544125406119996,57.3987407105,36.65802990188
1,All Population,5,Prevalence,305,Bermuda,3,Both,22,All ages,975,Diabetes mellitus type 1,3,Rate,2019,61.606869020910004,75.62906805251,50.31997571182
1,All Population,5,Prevalence,51,Poland,3,Both,22,All ages,975,Diabetes mellitus type 1,3,Rate,2021,334.62015858449,382.85106260051,296.67698956477
1,All Population,5,Prevalence,349,Greenland,3,Both,22,All ages,975,Diabetes mellitus type 1,3,Rate,2019,412.89718854641,472.01227172773,358.00334937913004
1,All Population,5,Prevalence,416,Tuvalu,3,Both,22,All ages,975,Diabetes mellitus type 1,3,Rate,2019,42.661889955599996,51.15546691466,35.25514341937
1,All Population,5,Prevalence,85,Israel,3,Both,22,All ages,975,Diabetes mellitus type 1,3,Rate,2021,215.96821589363,241.65108101937997,193.25674817832
1,All Population,5,Prevalence,53,Serbia,3,Both,22,All ages,975,Diabetes mellitus type 1,3,Rate,2021,227.32916779721998,248.21350899344998,203.19036691972002
1,All Population,5,Prevalence,66,Brunei Darussalam,3,Both,22,All ages,975,Diabetes mellitus type 1,3,Rate,2021,55.88098172643,67.04939474667,47.67674721141
1,All Population,5,Prevalence,23,Kiribati,3,Both,22,All ages,975,Diabetes mellitus type 1,3,Rate,2021,41.45914452482,51.305489409770004,34.11267930586
1,All Population,5,Prevalence,98,Chile,3,Both,22,All ages,975,Diabetes mellitus type 1,3,Rate,2021,129.5788033391,147.35918395515998,112.76148116538
1,All Population,5,Prevalence,34,Azerbaijan,3,Both,22,All ages,975,Diabetes mellitus type 1,3,Rate,2021,87.53915905862,103.27992938547999,74.00206965553
1,All Population,5,Prevalence,109,Cuba,3,Both,22,All ages,975,Diabetes mellitus type 1,3,Rate,2021,62.163353702449996,77.55823011522,49.84996796274
1,All Population,5,Prevalence,522,Sudan,3,Both,22,All ages,975,Diabetes mellitus type 1,3,Rate,2019,93.75362662837,111.60290773167,80.50882136883
1,All Population,5,Prevalence,68,Republic of Korea,3,Both,22,All ages,975,Diabetes mellitus type 1,3,Rate,2021,65.88204445318999,77.7127374043,56.401635078460004
1,All Population,5,Prevalence,79,Finland,3,Both,22,All ages,975,Diabetes mellitus type 1,3,Rate,2021,941.59965289081,1007.24407428185,864.72468118645
1,All Population,5,Prevalence,47,Czechia,3,Both,22,All ages,975,Diabetes mellitus type 1,3,Rate,2021,370.35399517182,415.07308007036994,320.73279847991
1,All Population,5,Prevalence,36,Kazakhstan,3,Both,22,All ages,975,Diabetes mellitus type 1,3,Rate,2021,82.19007240887,98.41007475041,69.30635125104
1,All Population,5,Prevalence,111,Dominican Republic,3,Both,22,All ages,975,Diabetes mellitus type 1,3,Rate,2021,54.519086598289995,69.30281091327,43.78448608133
1,All Population,5,Prevalence,145,Kuwait,3,Both,22,All ages,975,Diabetes mellitus type 1,3,Rate,2021,405.52911872636,465.61765848724,353.42679010117
1,All Population,5,Prevalence,156,United Arab Emirates,3,Both,22,All ages,975,Diabetes mellitus type 1,3,Rate,2021,108.45038376949002,131.82417642926,91.68082156678
1,All Population,5,Prevalence,81,Germany,3,Both,22,All ages,975,Diabetes mellitus type 1,3,Rate,2021,287.32445664429,316.28301211423,257.65049044125
1,All Population,5,Prevalence,113,Guyana,3,Both,22,All ages,975,Diabetes mellitus type 1,3,Rate,2021,54.24596521302,68.99467399643,43.52034555179
1,All Population,5,Prevalence,49,North Macedonia,3,Both,22,All ages,975,Diabetes mellitus type 1,3,Rate,2021,172.79622677071998,201.32738354128,146.55136989986
1,All Population,5,Prevalence,83,Iceland,3,Both,22,All ages,975,Diabetes mellitus type 1,3,Rate,2021,283.75922632467,318.35467188099,248.0485423797
1,All Population,5,Prevalence,160,Afghanistan,3,Both,22,All ages,975,Diabetes mellitus type 1,3,Rate,2021,90.43651517145,122.09355437842,70.65643886608
1,All Population,5,Prevalence,115,Jamaica,3,Both,22,All ages,975,Diabetes mellitus type 1,3,Rate,2021,57.45516348816,72.37312113088001,46.31440958503
1,All Population,5,Prevalence,20,Viet Nam,3,Both,22,All ages,975,Diabetes mellitus type 1,3,Rate,2020,53.37454648679,64.03356480414,44.13206076264
1,All Population,5,Prevalence,94,Switzerland,3,Both,22,All ages,975,Diabetes mellitus type 1,3,Rate,2021,389.55053668294,453.52474408622004,328.30206937531
1,All Population,5,Prevalence,193,Botswana,3,Both,22,All ages,975,Diabetes mellitus type 1,3,Rate,2021,16.85855107816,21.32364814817,13.8584295237
1,All Population,5,Prevalence,204,Chad,3,Both,22,All ages,975,Diabetes mellitus type 1,3,Rate,2021,9.67184017334,13.01961758936,7.6408863914300005
1,All Population,5,Prevalence,126,Costa Rica,3,Both,22,All ages,975,Diabetes mellitus type 1,3,Rate,2021,55.31561533188,69.27817564068,44.600504191
1,All Population,5,Prevalence,171,Democratic Republic of the Congo,3,Both,22,All ages,975,Diabetes mellitus type 1,3,Rate,2021,14.47382252526,19.35914325857,11.526780995560001
1,All Population,5,Prevalence,16,Philippines,3,Both,22,All ages,975,Diabetes mellitus type 1,3,Rate,2021,46.99257943451,57.32992318728,38.920760542619995
1,All Population,5,Prevalence,162,Bhutan,3,Both,22,All ages,975,Diabetes mellitus type 1,3,Rate,2021,46.6427465975,56.44948469533001,38.948471389560005
1,All Population,5,Prevalence,141,Egypt,3,Both,22,All ages,975,Diabetes mellitus type 1,3,Rate,2021,97.55233086057,125.45066971661001,79.10381273941
1,All Population,5,Prevalence,128,Guatemala,3,Both,22,All ages,975,Diabetes mellitus type 1,3,Rate,2021,48.735441555280005,63.1284045394,38.69982156499
1,All Population,5,Prevalence,27,Samoa,3,Both,22,All ages,975,Diabetes mellitus type 1,3,Rate,2021,40.285474175080004,49.48731608001,33.28043113371
1,All Population,5,Prevalence,206,Gambia,3,Both,22,All ages,975,Diabetes mellitus type 1,3,Rate,2021,11.10753888811,14.27930489045,8.93559774416
1,All Population,5,Prevalence,22,Fiji,3,Both,22,All ages,975,Diabetes mellitus type 1,3,Rate,2020,44.338484028269995,53.18565076961001,36.83971637736
1,All Population,5,Prevalence,33,Armenia,3,Both,22,All ages,975,Diabetes mellitus type 1,3,Rate,2020,91.78400487969,108.99153254874999,77.44671284825
1,All Population,5,Prevalence,217,Sierra Leone,3,Both,22,All ages,975,Diabetes mellitus type 1,3,Rate,2021,11.570805734870001,14.694227432859998,9.38438343607
1,All Population,5,Prevalence,173,Gabon,3,Both,22,All ages,975,Diabetes mellitus type 1,3,Rate,2021,15.93803878252,20.29681341708,13.03161688079
1,All Population,5,Prevalence,29,Tonga,3,Both,22,All ages,975,Diabetes mellitus type 1,3,Rate,2021,41.99566113163,51.86540271865,34.52454601635
1,All Population,5,Prevalence,143,Iraq,3,Both,22,All ages,975,Diabetes mellitus type 1,3,Rate,2021,99.11569590637,127.35911029808,80.05005458324
1,All Population,5,Prevalence,40,Turkmenistan,3,Both,22,All ages,975,Diabetes mellitus type 1,3,Rate,2021,79.13231156281,96.7992343991,66.41309943616
1,All Population,5,Prevalence,130,Mexico,3,Both,22,All ages,975,Diabetes mellitus type 1,3,Rate,2021,58.39127382468,72.70465815778999,47.30886012969
1,All Population,5,Prevalence,74,Andorra,3,Both,22,All ages,975,Diabetes mellitus type 1,3,Rate,2021,437.48171685187003,492.34524846656,381.27805706730004
1,All Population,5,Prevalence,35,Georgia,3,Both,22,All ages,975,Diabetes mellitus type 1,3,Rate,2020,91.33898568416,108.40340506949,76.73838943205
1,All Population,5,Prevalence,208,Guinea,3,Both,22,All ages,975,Diabetes mellitus type 1,3,Rate,2021,10.63144548088,13.717509598209999,8.51025114618
1,All Population,5,Prevalence,175,Burundi,3,Both,22,All ages,975,Diabetes mellitus type 1,3,Rate,2021,26.958551176700002,38.933358069789996,20.03213982859
1,All Population,5,Prevalence,186,Seychelles,3,Both,22,All ages,975,Diabetes mellitus type 1,3,Rate,2021,55.756396223269995,66.38653223865,46.337051757480005
1,All Population,5,Prevalence,67,Japan,3,Both,22,All ages,975,Diabetes mellitus type 1,3,Rate,2020,44.41279083333,51.396624328710004,37.73615922361
1,All Population,5,Prevalence,121,Bolivia (Plurinational State of),3,Both,22,All ages,975,Diabetes mellitus type 1,3,Rate,2021,49.34966681129,62.089934245849996,40.17083691989
1,All Population,5,Prevalence,132,Panama,3,Both,22,All ages,975,Diabetes mellitus type 1,3,Rate,2021,52.287375684109996,65.82597534644,42.09560834038
1,All Population,5,Prevalence,87,Luxembourg,3,Both,22,All ages,975,Diabetes mellitus type 1,3,Rate,2021,422.37852780952005,474.82737590218,368.79148705292
1,All Population,5,Prevalence,76,Belgium,3,Both,22,All ages,975,Diabetes mellitus type 1,3,Rate,2021,338.79155148175,386.62166380066,290.10402956263
1,All Population,5,Prevalence,55,Slovenia,3,Both,22,All ages,975,Diabetes mellitus type 1,3,Rate,2021,285.39500501323,320.30656738549,246.68347840228
1,All Population,5,Prevalence,10,Cambodia,3,Both,22,All ages,975,Diabetes mellitus type 1,3,Rate,2021,50.013395374670004,61.46422537459,40.89990261882
1,All Population,5,Prevalence,37,Kyrgyzstan,3,Both,22,All ages,975,Diabetes mellitus type 1,3,Rate,2020,77.0774382618,94.46514229666,64.53112693142
1,All Population,5,Prevalence,177,Djibouti,3,Both,22,All ages,975,Diabetes mellitus type 1,3,Rate,2021,29.44594667707,39.35390965842,23.22101240304
1,All Population,5,Prevalence,57,Belarus,3,Both,22,All ages,975,Diabetes mellitus type 1,3,Rate,2021,160.97843107669001,187.42251934815,136.27206721390002
1,All Population,5,Prevalence,89,Netherlands,3,Both,22,All ages,975,Diabetes mellitus type 1,3,Rate,2021,362.57412548924003,396.78313817130004,321.41789167836
1,All Population,5,Prevalence,123,Peru,3,Both,22,All ages,975,Diabetes mellitus type 1,3,Rate,2021,51.115387615239996,63.6473800664,41.80964377537
1,All Population,5,Prevalence,69,Singapore,3,Both,22,All ages,975,Diabetes mellitus type 1,3,Rate,2020,56.01979429204,65.0752057171,48.04360104078
1,All Population,5,Prevalence,189,United Republic of Tanzania,3,Both,22,All ages,975,Diabetes mellitus type 1,3,Rate,2021,26.09790735364,35.44576422276,19.865756755310002
1,All Population,5,Prevalence,12,Lao People's Democratic Republic,3,Both,22,All ages,975,Diabetes mellitus type 1,3,Rate,2021,48.70558081944,60.67095948525,39.65377839547
1,All Population,5,Prevalence,168,Angola,3,Both,22,All ages,975,Diabetes mellitus type 1,3,Rate,2021,14.08548642855,18.98770690591,11.123158979
1,All Population,5,Prevalence,179,Ethiopia,3,Both,22,All ages,975,Diabetes mellitus type 1,3,Rate,2021,24.59280748443,33.367395077759994,19.2515564088
1,All Population,5,Prevalence,44,Bosnia and Herzegovina,3,Both,22,All ages,975,Diabetes mellitus type 1,3,Rate,2021,179.18323743324,205.64631255045,154.49301886399002
1,All Population,5,Prevalence,59,Latvia,3,Both,22,All ages,975,Diabetes mellitus type 1,3,Rate,2021,188.2043140373,213.20753206774003,161.36396325227
1,All Population,5,Prevalence,91,Portugal,3,Both,22,All ages,975,Diabetes mellitus type 1,3,Rate,2021,420.89626744789,479.09734488326995,363.49749076256
1,All Population,5,Prevalence,80,France,3,Both,22,All ages,975,Diabetes mellitus type 1,3,Rate,2020,258.97943408473,285.84101260234996,228.53508479338998
1,All Population,5,Prevalence,202,Cameroon,3,Both,22,All ages,975,Diabetes mellitus type 1,3,Rate,2021,10.959236440409999,14.08199814753,8.81596895142
1,All Population,5,Prevalence,114,Haiti,3,Both,22,All ages,975,Diabetes mellitus type 1,3,Rate,2020,50.32120840097,65.69246195619,40.05453463024
1,All Population,5,Prevalence,102,United States of America,3,Both,22,All ages,975,Diabetes mellitus type 1,3,Rate,2021,426.22809341584,485.5083997163,382.72752797645
1,All Population,5,Prevalence,136,Paraguay,3,Both,22,All ages,975,Diabetes mellitus type 1,3,Rate,2021,99.38531497876,128.82639966187,78.35066265667
1,All Population,5,Prevalence,147,Libya,3,Both,22,All ages,975,Diabetes mellitus type 1,3,Rate,2021,183.11267207453,228.39919882259,150.12144899938
1,All Population,5,Prevalence,7,Democratic People's Republic of Korea,3,Both,22,All ages,975,Diabetes mellitus type 1,3,Rate,2020,74.2940279141,85.18206183049999,63.73438216937
1,All Population,5,Prevalence,48,Hungary,3,Both,22,All ages,975,Diabetes mellitus type 1,3,Rate,2020,339.54664556747,378.09908736911996,293.28645881607997
1,All Population,5,Prevalence,191,Zambia,3,Both,22,All ages,975,Diabetes mellitus type 1,3,Rate,2021,27.04969562739,39.59147714142,19.96943614169
1,All Population,5,Prevalence,320,Cook Islands,3,Both,22,All ages,975,Diabetes mellitus type 1,3,Rate,2021,48.57374766515,57.238566050749995,40.7457230216
1,All Population,5,Prevalence,181,Madagascar,3,Both,22,All ages,975,Diabetes mellitus type 1,3,Rate,2021,27.903381532610002,39.97731511003,20.9029974554
1,All Population,5,Prevalence,25,Micronesia (Federated States of),3,Both,22,All ages,975,Diabetes mellitus type 1,3,Rate,2021,43.98859733315,53.894526878810005,36.27207188262
1,All Population,5,Prevalence,149,Palestine,3,Both,22,All ages,975,Diabetes mellitus type 1,3,Rate,2021,97.06496699032,125.52061604973998,77.48921616895
1,All Population,5,Prevalence,93,Sweden,3,Both,22,All ages,975,Diabetes mellitus type 1,3,Rate,2021,696.71878077676,758.04668588605,643.88630524233
1,All Population,5,Prevalence,11,Indonesia,3,Both,22,All ages,975,Diabetes mellitus type 1,3,Rate,2021,50.8792116257,60.92802358009,42.64831406156
1,All Population,5,Prevalence,14,Maldives,3,Both,22,All ages,975,Diabetes mellitus type 1,3,Rate,2021,64.27761494695,80.76341657044,51.9338607572
1,All Population,5,Prevalence,216,Senegal,3,Both,22,All ages,975,Diabetes mellitus type 1,3,Rate,2021,11.13412549997,14.27889309102,8.97785858211
1,All Population,5,Prevalence,61,Republic of Moldova,3,Both,22,All ages,975,Diabetes mellitus type 1,3,Rate,2021,186.49365870606,215.67754227296,159.53327864186
1,All Population,5,Prevalence,46,Croatia,3,Both,22,All ages,975,Diabetes mellitus type 1,3,Rate,2021,282.65123909531,318.74133278246,245.58896098519
1,All Population,5,Prevalence,39,Tajikistan,3,Both,22,All ages,975,Diabetes mellitus type 1,3,Rate,2020,73.37444471286,90.66834665757,61.10523514492999
1,All Population,5,Prevalence,18,Thailand,3,Both,22,All ages,975,Diabetes mellitus type 1,3,Rate,2020,60.25117734332999,70.54467863335,50.264686306950004
1,All Population,5,Prevalence,116,Saint Lucia,3,Both,22,All ages,975,Diabetes mellitus type 1,3,Rate,2020,59.18279235195,73.46494734179001,47.87983349378
1,All Population,5,Prevalence,183,Mauritius,3,Both,22,All ages,975,Diabetes mellitus type 1,3,Rate,2021,59.03364543697,69.99009466047,48.98351375214
1,All Population,5,Prevalence,82,Greece,3,Both,22,All ages,975,Diabetes mellitus type 1,3,Rate,2020,213.69955409611998,245.74642823231002,183.59078052342
1,All Population,5,Prevalence,24,Marshall Islands,3,Both,22,All ages,975,Diabetes mellitus type 1,3,Rate,2021,42.0873571134,52.52831935737,34.65726939069
1,All Population,5,Prevalence,127,El Salvador,3,Both,22,All ages,975,Diabetes mellitus type 1,3,Rate,2020,52.40781520793,66.64042176428,41.71353471233
1,All Population,5,Prevalence,50,Montenegro,3,Both,22,All ages,975,Diabetes mellitus type 1,3,Rate,2020,290.55406590532,339.75843027525997,245.48244124839
1,All Population,5,Prevalence,351,Guam,3,Both,22,All ages,975,Diabetes mellitus type 1,3,Rate,2021,48.82794237172,57.50423230875,40.88188155089
1,All Population,5,Prevalence,369,Nauru,3,Both,22,All ages,975,Diabetes mellitus type 1,3,Rate,2021,40.03089887437,50.02275974549,32.85109898553
1,All Population,5,Prevalence,95,United Kingdom,3,Both,22,All ages,975,Diabetes mellitus type 1,3,Rate,2020,413.86246713848,476.3316647475,347.15536313081003
1,All Population,5,Prevalence,45,Bulgaria,3,Both,22,All ages,975,Diabetes mellitus type 1,3,Rate,2021,261.84796060198,302.25940012236003,221.89243816796
1,All Population,5,Prevalence,13,Malaysia,3,Both,22,All ages,975,Diabetes mellitus type 1,3,Rate,2021,53.732424589199994,64.93591094861,44.14939940549
1,All Population,5,Prevalence,195,Namibia,3,Both,22,All ages,975,Diabetes mellitus type 1,3,Rate,2021,15.934848816259999,20.476828216490002,13.008297164010001
1,All Population,5,Prevalence,106,Bahamas,3,Both,22,All ages,975,Diabetes mellitus type 1,3,Rate,2021,58.92161840276,73.88973896814,47.40605885948
1,All Population,5,Prevalence,185,Rwanda,3,Both,22,All ages,975,Diabetes mellitus type 1,3,Rate,2021,31.578940547480002,43.656175442439995,24.13205562967
1,All Population,5,Prevalence,151,Qatar,3,Both,22,All ages,975,Diabetes mellitus type 1,3,Rate,2021,217.56923041758,264.04644493105,182.5192455794
1,All Population,5,Prevalence,84,Ireland,3,Both,22,All ages,975,Diabetes mellitus type 1,3,Rate,2020,362.33696782246,398.8623158081,321.72991688195
1,All Population,5,Prevalence,108,Belize,3,Both,22,All ages,975,Diabetes mellitus type 1,3,Rate,2021,53.67828275327,69.59492255908,42.8381574618
1,All Population,5,Prevalence,376,Northern Mariana Islands,3,Both,22,All ages,975,Diabetes mellitus type 1,3,Rate,2021,49.72204471684,58.48725332976,41.80617227064
1,All Population,5,Prevalence,97,Argentina,3,Both,22,All ages,975,Diabetes mellitus type 1,3,Rate,2020,111.78954086296001,134.38408624058,91.72778651781
1,All Population,5,Prevalence,72,New Zealand,3,Both,22,All ages,975,Diabetes mellitus type 1,3,Rate,2021,310.89028866952003,359.58801639678,265.23189590737996
1,All Population,5,Prevalence,63,Ukraine,3,Both,22,All ages,975,Diabetes mellitus type 1,3,Rate,2020,164.25924215847002,192.13974011126,138.53401484145
1,All Population,5,Prevalence,161,Bangladesh,3,Both,22,All ages,975,Diabetes mellitus type 1,3,Rate,2020,35.34180420641,42.75729102161,29.72603453903
1,All Population,5,Prevalence,422,United States Virgin Islands,3,Both,22,All ages,975,Diabetes mellitus type 1,3,Rate,2021,72.16126921066,90.60949540161,56.93803043253
1,All Population,5,Prevalence,26,Papua New Guinea,3,Both,22,All ages,975,Diabetes mellitus type 1,3,Rate,2021,39.47778733831,48.98317367187,32.47636999889
1,All Population,5,Prevalence,15,Myanmar,3,Both,22,All ages,975,Diabetes mellitus type 1,3,Rate,2021,51.09369500262999,62.348081754830005,41.86270418417
1,All Population,5,Prevalence,117,Saint Vincent and the Grenadines,3,Both,22,All ages,975,Diabetes mellitus type 1,3,Rate,2021,57.10150827302,71.47799290724,46.17646059134
1,All Population,5,Prevalence,140,Bahrain,3,Both,22,All ages,975,Diabetes mellitus type 1,3,Rate,2020,106.05662008854001,130.47215277757002,87.70806403148
1,All Population,5,Prevalence,52,Romania,3,Both,22,All ages,975,Diabetes mellitus type 1,3,Rate,2020,145.86020671644,161.41676627047,128.96492933974
1,All Population,5,Prevalence,164,Nepal,3,Both,22,All ages,975,Diabetes mellitus type 1,3,Rate,2021,44.296478904379995,53.983750303520004,36.86649875534
1,All Population,5,Prevalence,58,Estonia,3,Both,22,All ages,975,Diabetes mellitus type 1,3,Rate,2021,301.04781709083,337.3991194174,263.13502118164
1,All Population,5,Prevalence,129,Honduras,3,Both,22,All ages,975,Diabetes mellitus type 1,3,Rate,2020,48.09420321757,62.37584177237,38.04422789836
1,All Population,5,Prevalence,197,Eswatini,3,Both,22,All ages,975,Diabetes mellitus type 1,3,Rate,2021,16.10402509379,20.67738910017,13.111519896539999
1,All Population,5,Prevalence,153,Syrian Arab Republic,3,Both,22,All ages,975,Diabetes mellitus type 1,3,Rate,2021,104.77290180396001,135.66558363202,84.5701435781
1,All Population,5,Prevalence,210,Liberia,3,Both,22,All ages,975,Diabetes mellitus type 1,3,Rate,2021,11.76362473368,14.856366972380002,9.590954548340001
1,All Population,5,Prevalence,28,Solomon Islands,3,Both,22,All ages,975,Diabetes mellitus type 1,3,Rate,2021,40.01795547215,49.93334149345,32.81431018147
1,All Population,5,Prevalence,119,Trinidad and Tobago,3,Both,22,All ages,975,Diabetes mellitus type 1,3,Rate,2021,58.88100674917,73.0649314452,47.93939432787
1,All Population,5,Prevalence,385,Puerto Rico,3,Both,22,All ages,975,Diabetes mellitus type 1,3,Rate,2021,61.55475442264999,75.45251717211,49.88830209102999
1,All Population,5,Prevalence,99,Uruguay,3,Both,22,All ages,975,Diabetes mellitus type 1,3,Rate,2020,114.03840790988,135.31756877303002,93.90843533882
1,All Population,5,Prevalence,142,Iran (Islamic Republic of),3,Both,22,All ages,975,Diabetes mellitus type 1,3,Rate,2020,76.54693232329001,95.31842283891,62.630753068439994
1,All Population,5,Prevalence,78,Denmark,3,Both,22,All ages,975,Diabetes mellitus type 1,3,Rate,2020,409.49021690788,463.38622441959,354.09888172128
1,All Population,5,Prevalence,54,Slovakia,3,Both,22,All ages,975,Diabetes mellitus type 1,3,Rate,2020,306.77862505691,345.66087404529,263.13350137731004
1,All Population,5,Prevalence,60,Lithuania,3,Both,22,All ages,975,Diabetes mellitus type 1,3,Rate,2021,189.77449354125002,213.1091215574,164.75606648252
1,All Population,5,Prevalence,212,Mauritania,3,Both,22,All ages,975,Diabetes mellitus type 1,3,Rate,2021,11.1266544947,14.26017725725,9.00007449059
1,All Population,5,Prevalence,396,San Marino,3,Both,22,All ages,975,Diabetes mellitus type 1,3,Rate,2021,427.78847066014,489.6506729541,368.19739496915
1,All Population,5,Prevalence,110,Dominica,3,Both,22,All ages,975,Diabetes mellitus type 1,3,Rate,2020,57.41637936095999,71.98894507025,46.30060091619
1,All Population,5,Prevalence,71,Australia,3,Both,22,All ages,975,Diabetes mellitus type 1,3,Rate,2021,423.74346611186,462.29176184868,391.74532936724
1,All Population,5,Prevalence,131,Nicaragua,3,Both,22,All ages,975,Diabetes mellitus type 1,3,Rate,2020,50.33393581496,64.40197068569,40.07906293662
1,All Population,5,Prevalence,30,Vanuatu,3,Both,22,All ages,975,Diabetes mellitus type 1,3,Rate,2021,40.00358951217,49.54567220383,32.88414353259
1,All Population,5,Prevalence,92,Spain,3,Both,22,All ages,975,Diabetes mellitus type 1,3,Rate,2021,362.22608801546,395.32328473908996,327.30667722342
1,All Population,5,Prevalence,209,Guinea-Bissau,3,Both,22,All ages,975,Diabetes mellitus type 1,3,Rate,2020,10.74368897943,13.67917834278,8.66758634186
1,All Population,5,Prevalence,214,Nigeria,3,Both,22,All ages,975,Diabetes mellitus type 1,3,Rate,2021,10.23911385072,12.98093770789,8.30901070823
1,All Population,5,Prevalence,176,Comoros,3,Both,22,All ages,975,Diabetes mellitus type 1,3,Rate,2020,28.71544570851,39.04189988498,22.23174009832
1,All Population,5,Prevalence,144,Jordan,3,Both,22,All ages,975,Diabetes mellitus type 1,3,Rate,2020,83.7689174487,107.00830017225,67.0890264523
1,All Population,5,Prevalence,187,Somalia,3,Both,22,All ages,975,Diabetes mellitus type 1,3,Rate,2020,25.51862404544,36.41970136602,19.15586253776
1,All Population,5,Prevalence,62,Russian Federation,3,Both,22,All ages,975,Diabetes mellitus type 1,3,Rate,2021,221.03896738495,260.96499300547,186.93584320547
1,All Population,5,Prevalence,155,Türkiye,3,Both,22,All ages,975,Diabetes mellitus type 1,3,Rate,2020,104.52568392859999,124.11422613140999,89.66390460552999
1,All Population,5,Prevalence,105,Antigua and Barbuda,3,Both,22,All ages,975,Diabetes mellitus type 1,3,Rate,2021,59.430873560100004,73.99368048242,48.155719113459995
1,All Population,5,Prevalence,201,Burkina Faso,3,Both,22,All ages,975,Diabetes mellitus type 1,3,Rate,2021,10.49999860826,13.555895594150002,8.41745985817
1,All Population,5,Prevalence,112,Grenada,3,Both,22,All ages,975,Diabetes mellitus type 1,3,Rate,2020,56.90200147054,71.23438153653,45.91564466017
1,All Population,5,Prevalence,305,Bermuda,3,Both,22,All ages,975,Diabetes mellitus type 1,3,Rate,2020,61.8826321137,75.99409229361,50.42121987952
1,All Population,5,Prevalence,41,Uzbekistan,3,Both,22,All ages,975,Diabetes mellitus type 1,3,Rate,2021,79.86760062504001,97.01518651277,67.31643805111
1,All Population,5,Prevalence,146,Lebanon,3,Both,22,All ages,975,Diabetes mellitus type 1,3,Rate,2020,101.14848176851999,126.40039146366,82.40935931282
1,All Population,5,Prevalence,190,Uganda,3,Both,22,All ages,975,Diabetes mellitus type 1,3,Rate,2020,26.115495669380003,37.89511729388,19.47147360667
1,All Population,5,Prevalence,139,Algeria,3,Both,22,All ages,975,Diabetes mellitus type 1,3,Rate,2021,306.44493040347,363.31379707791,268.94995699534996
1,All Population,5,Prevalence,125,Colombia,3,Both,22,All ages,975,Diabetes mellitus type 1,3,Rate,2020,53.92939686681999,67.70166763264,43.24414310889
1,All Population,5,Prevalence,10,Cambodia,3,Both,22,All ages,975,Diabetes mellitus type 1,3,Rate,2022,50.68018746155,62.767582313400005,41.55143535069
1,All Population,5,Prevalence,150,Oman,3,Both,22,All ages,975,Diabetes mellitus type 1,3,Rate,2021,101.30986092477,126.79376994069,84.19201077529
1,All Population,5,Prevalence,107,Barbados,3,Both,22,All ages,975,Diabetes mellitus type 1,3,Rate,2021,60.45504634704,74.36297084668,49.24496945326
1,All Population,5,Prevalence,157,Yemen,3,Both,22,All ages,975,Diabetes mellitus type 1,3,Rate,2020,23.57723982621,27.960812762179998,20.0302231889
1,All Population,5,Prevalence,44,Bosnia and Herzegovina,3,Both,22,All ages,975,Diabetes mellitus type 1,3,Rate,2022,181.33193529472,208.07386211917,156.9246449141
1,All Population,5,Prevalence,86,Italy,3,Both,22,All ages,975,Diabetes mellitus type 1,3,Rate,2021,332.12804075676,369.55427730418,289.82777090729
1,All Population,5,Prevalence,55,Slovenia,3,Both,22,All ages,975,Diabetes mellitus type 1,3,Rate,2022,288.64119635785,324.78167418429,250.57399158167001
1,All Population,5,Prevalence,43,Albania,3,Both,22,All ages,975,Diabetes mellitus type 1,3,Rate,2021,257.71070183522,296.05221939215,219.70164303546
1,All Population,5,Prevalence,75,Austria,3,Both,22,All ages,975,Diabetes mellitus type 1,3,Rate,2021,274.99341463085,312.23891847036,236.99076566114
1,All Population,5,Prevalence,152,Saudi Arabia,3,Both,22,All ages,975,Diabetes mellitus type 1,3,Rate,2021,264.71199801502,318.00905345656,223.96376619750998
1,All Population,5,Prevalence,12,Lao People's Democratic Republic,3,Both,22,All ages,975,Diabetes mellitus type 1,3,Rate,2022,49.401642382780004,61.2290965373,40.34501389239
1,All Population,5,Prevalence,118,Suriname,3,Both,22,All ages,975,Diabetes mellitus type 1,3,Rate,2021,55.69547851369,69.99743637379,44.96534123579
1,All Population,5,Prevalence,203,Cabo Verde,3,Both,22,All ages,975,Diabetes mellitus type 1,3,Rate,2020,13.34803335584,16.25545896971,10.99526883787
1,All Population,5,Prevalence,349,Greenland,3,Both,22,All ages,975,Diabetes mellitus type 1,3,Rate,2020,416.45468798090997,477.35743956016,360.23331709394
1,All Population,5,Prevalence,163,India,3,Both,22,All ages,975,Diabetes mellitus type 1,3,Rate,2021,65.78035071261999,79.54043792083,54.87868977075
1,All Population,5,Prevalence,46,Croatia,3,Both,22,All ages,975,Diabetes mellitus type 1,3,Rate,2022,285.73355032678,322.07560145711,249.03316181829
1,All Population,5,Prevalence,170,Congo,3,Both,22,All ages,975,Diabetes mellitus type 1,3,Rate,2020,15.05277069202,19.34757749705,12.21163824425
1,All Population,5,Prevalence,88,Malta,3,Both,22,All ages,975,Diabetes mellitus type 1,3,Rate,2021,325.82755768247,368.90636932431,284.0219433433
1,All Population,5,Prevalence,77,Cyprus,3,Both,22,All ages,975,Diabetes mellitus type 1,3,Rate,2021,233.64205689488,264.43472713317004,204.89943241364003
1,All Population,5,Prevalence,133,Venezuela (Bolivarian Republic of),3,Both,22,All ages,975,Diabetes mellitus type 1,3,Rate,2021,54.2414054831,67.81049446691999,43.92907888715
1,All Population,5,Prevalence,57,Belarus,3,Both,22,All ages,975,Diabetes mellitus type 1,3,Rate,2022,161.47387595833,189.04783222858,137.25584086506998
1,All Population,5,Prevalence,154,Tunisia,3,Both,22,All ages,975,Diabetes mellitus type 1,3,Rate,2021,123.75523242767999,153.94199970785002,99.86925589731
1,All Population,5,Prevalence,25,Micronesia (Federated States of),3,Both,22,All ages,975,Diabetes mellitus type 1,3,Rate,2022,44.565818260040004,55.0132041758,36.88583104904
1,All Population,5,Prevalence,416,Tuvalu,3,Both,22,All ages,975,Diabetes mellitus type 1,3,Rate,2020,43.00309516446,51.91506997697999,35.47485494735
1,All Population,5,Prevalence,198,Zimbabwe,3,Both,22,All ages,975,Diabetes mellitus type 1,3,Rate,2021,15.12807311027,19.843653445079998,12.23272092458
1,All Population,5,Prevalence,14,Maldives,3,Both,22,All ages,975,Diabetes mellitus type 1,3,Rate,2022,65.47711122253,81.71312012915,53.03419059167
1,All Population,5,Prevalence,205,Côte d'Ivoire,3,Both,22,All ages,975,Diabetes mellitus type 1,3,Rate,2020,11.20520037494,14.14639718886,9.122372210610001
1,All Population,5,Prevalence,165,Pakistan,3,Both,22,All ages,975,Diabetes mellitus type 1,3,Rate,2021,36.93100155207,45.88564283957,30.6435578395
1,All Population,5,Prevalence,90,Norway,3,Both,22,All ages,975,Diabetes mellitus type 1,3,Rate,2021,490.28776375274,557.5406075989999,425.43170444017
1,All Population,5,Prevalence,91,Portugal,3,Both,22,All ages,975,Diabetes mellitus type 1,3,Rate,2022,426.35505721518007,482.85952280553,369.33147875142004
1,All Population,5,Prevalence,102,United States of America,3,Both,22,All ages,975,Diabetes mellitus type 1,3,Rate,2022,430.80762064605995,495.42875552399,386.40560020197
1,All Population,5,Prevalence,172,Equatorial Guinea,3,Both,22,All ages,975,Diabetes mellitus type 1,3,Rate,2020,14.670684693030001,19.39275862421,11.61009393844
1,All Population,5,Prevalence,23,Kiribati,3,Both,22,All ages,975,Diabetes mellitus type 1,3,Rate,2022,41.95831263187,51.53299689063,34.65894164102
1,All Population,5,Prevalence,34,Azerbaijan,3,Both,22,All ages,975,Diabetes mellitus type 1,3,Rate,2022,88.32469558425,105.4728532245,74.67114293897
1,All Population,5,Prevalence,218,Togo,3,Both,22,All ages,975,Diabetes mellitus type 1,3,Rate,2020,11.41165576686,14.36044814852,9.352012982209999
1,All Population,5,Prevalence,135,Brazil,3,Both,22,All ages,975,Diabetes mellitus type 1,3,Rate,2021,140.71597548376,173.75144359104,114.8218885456
1,All Population,5,Prevalence,59,Latvia,3,Both,22,All ages,975,Diabetes mellitus type 1,3,Rate,2022,188.52784876820002,214.98182452606,162.30773042537
1,All Population,5,Prevalence,101,Canada,3,Both,22,All ages,975,Diabetes mellitus type 1,3,Rate,2021,557.55387798644,614.15672875692,501.24001896571
1,All Population,5,Prevalence,178,Eritrea,3,Both,22,All ages,975,Diabetes mellitus type 1,3,Rate,2021,56.356205842150004,71.94340665944,45.05516397201
1,All Population,5,Prevalence,122,Ecuador,3,Both,22,All ages,975,Diabetes mellitus type 1,3,Rate,2021,50.49077713585,63.15731814337,41.14126363357
1,All Population,5,Prevalence,200,Benin,3,Both,22,All ages,975,Diabetes mellitus type 1,3,Rate,2021,10.65877594398,13.755266239520001,8.53581576614
1,All Population,5,Prevalence,367,Monaco,3,Both,22,All ages,975,Diabetes mellitus type 1,3,Rate,2020,415.28944920829,481.44622543385003,355.0171447994
1,All Population,5,Prevalence,27,Samoa,3,Both,22,All ages,975,Diabetes mellitus type 1,3,Rate,2022,40.65707392291,50.137037852480006,33.80234337492
1,All Population,5,Prevalence,16,Philippines,3,Both,22,All ages,975,Diabetes mellitus type 1,3,Rate,2022,47.63299497718,58.54464000128,39.52818785556
1,All Population,5,Prevalence,207,Ghana,3,Both,22,All ages,975,Diabetes mellitus type 1,3,Rate,2020,11.758105557770001,14.74296032069,9.62949721944
1,All Population,5,Prevalence,68,Republic of Korea,3,Both,22,All ages,975,Diabetes mellitus type 1,3,Rate,2022,67.30834039387,80.93221017982,57.64264743514
1,All Population,5,Prevalence,211,Mali,3,Both,22,All ages,975,Diabetes mellitus type 1,3,Rate,2021,9.680114979999999,12.20120466402,7.9494089058699995
1,All Population,5,Prevalence,79,Finland,3,Both,22,All ages,975,Diabetes mellitus type 1,3,Rate,2022,955.5088406027601,1019.81958845155,879.1738471409001
1,All Population,5,Prevalence,36,Kazakhstan,3,Both,22,All ages,975,Diabetes mellitus type 1,3,Rate,2022,82.47542106665,99.82890064821001,69.23633981085
1,All Population,5,Prevalence,93,Sweden,3,Both,22,All ages,975,Diabetes mellitus type 1,3,Rate,2022,707.16854581064,768.32583767728,654.90711075556
1,All Population,5,Prevalence,149,Palestine,3,Both,22,All ages,975,Diabetes mellitus type 1,3,Rate,2022,99.04009637397,128.02782859791,77.61990334074
1,All Population,5,Prevalence,47,Czechia,3,Both,22,All ages,975,Diabetes mellitus type 1,3,Rate,2022,374.38889029941,420.50954494056003,325.09226099751
1,All Population,5,Prevalence,72,New Zealand,3,Both,22,All ages,975,Diabetes mellitus type 1,3,Rate,2022,313.43842220527,362.11653694182,267.78186992706
1,All Population,5,Prevalence,29,Tonga,3,Both,22,All ages,975,Diabetes mellitus type 1,3,Rate,2022,42.54444163231,52.71427400559,35.141049482970004
1,All Population,5,Prevalence,169,Central African Republic,3,Both,22,All ages,975,Diabetes mellitus type 1,3,Rate,2021,13.8890703783,18.704834948640002,11.018294539500001
1,All Population,5,Prevalence,6,China,3,Both,22,All ages,975,Diabetes mellitus type 1,3,Rate,2022,71.55134925149001,81.74036469885,60.690793742130005
1,All Population,5,Prevalence,40,Turkmenistan,3,Both,22,All ages,975,Diabetes mellitus type 1,3,Rate,2022,79.67137929328,97.68986287699,67.0236946442
1,All Population,5,Prevalence,106,Bahamas,3,Both,22,All ages,975,Diabetes mellitus type 1,3,Rate,2022,59.31749688237,74.07728202712,47.808620846
1,All Population,5,Prevalence,17,Sri Lanka,3,Both,22,All ages,975,Diabetes mellitus type 1,3,Rate,2022,56.29294693039999,67.33664059836,46.58869568396
1,All Population,5,Prevalence,435,South Sudan,3,Both,22,All ages,975,Diabetes mellitus type 1,3,Rate,2020,27.46714243008,39.20858461442,20.66100074119
1,All Population,5,Prevalence,61,Republic of Moldova,3,Both,22,All ages,975,Diabetes mellitus type 1,3,Rate,2022,187.28416677041,216.14665571553002,160.14166466615998
1,All Population,5,Prevalence,180,Kenya,3,Both,22,All ages,975,Diabetes mellitus type 1,3,Rate,2021,25.862711499850004,34.33312228371,20.57585048027
1,All Population,5,Prevalence,393,Saint Kitts and Nevis,3,Both,22,All ages,975,Diabetes mellitus type 1,3,Rate,2021,58.75035428599,73.07507778167,47.68892009909
1,All Population,5,Prevalence,38,Mongolia,3,Both,22,All ages,975,Diabetes mellitus type 1,3,Rate,2022,74.94774360741,90.52456757028,63.38537120631
1,All Population,5,Prevalence,81,Germany,3,Both,22,All ages,975,Diabetes mellitus type 1,3,Rate,2022,291.40339809688,321.1528535832,261.53748394036
1,All Population,5,Prevalence,148,Morocco,3,Both,22,All ages,975,Diabetes mellitus type 1,3,Rate,2021,104.19357471316,130.22201416155,84.94152081239
1,All Population,5,Prevalence,8,Taiwan,3,Both,22,All ages,975,Diabetes mellitus type 1,3,Rate,2022,102.56417852583002,114.90849311202,90.11773679142
1,All Population,5,Prevalence,213,Niger,3,Both,22,All ages,975,Diabetes mellitus type 1,3,Rate,2021,9.69382401416,13.03464223349,7.6723374907399995
1,All Population,5,Prevalence,49,North Macedonia,3,Both,22,All ages,975,Diabetes mellitus type 1,3,Rate,2022,174.4757692079,203.11765822339,148.51803295470998
1,All Population,5,Prevalence,117,Saint Vincent and the Grenadines,3,Both,22,All ages,975,Diabetes mellitus type 1,3,Rate,2022,57.50280407623,71.5782477079,46.635927927480004
1,All Population,5,Prevalence,74,Andorra,3,Both,22,All ages,975,Diabetes mellitus type 1,3,Rate,2022,445.03940499022,501.19696666206,388.11527462475
1,All Population,5,Prevalence,522,Sudan,3,Both,22,All ages,975,Diabetes mellitus type 1,3,Rate,2020,95.61759361667,115.51484689346,81.94524347794
1,All Population,5,Prevalence,19,Timor-Leste,3,Both,22,All ages,975,Diabetes mellitus type 1,3,Rate,2022,46.13106946542,58.078742125190004,37.23813316596
1,All Population,5,Prevalence,151,Qatar,3,Both,22,All ages,975,Diabetes mellitus type 1,3,Rate,2022,223.53138005724998,268.75242471458,187.65444881003998
1,All Population,5,Prevalence,83,Iceland,3,Both,22,All ages,975,Diabetes mellitus type 1,3,Rate,2022,288.05257525506,324.85638238016,252.55751360004
1,All Population,5,Prevalence,108,Belize,3,Both,22,All ages,975,Diabetes mellitus type 1,3,Rate,2022,54.07910787703,70.46428027766,43.34653607292
1,All Population,5,Prevalence,51,Poland,3,Both,22,All ages,975,Diabetes mellitus type 1,3,Rate,2022,340.94998888513004,392.23374246303,301.82970858066
1,All Population,5,Prevalence,94,Switzerland,3,Both,22,All ages,975,Diabetes mellitus type 1,3,Rate,2022,394.48500099512,462.61027547516,332.88489947713003
1,All Population,5,Prevalence,115,Jamaica,3,Both,22,All ages,975,Diabetes mellitus type 1,3,Rate,2022,57.75998146244999,72.44784987288,46.62136518342
1,All Population,5,Prevalence,126,Costa Rica,3,Both,22,All ages,975,Diabetes mellitus type 1,3,Rate,2022,55.69085491121,69.49965189462,45.02089651308
1,All Population,5,Prevalence,87,Luxembourg,3,Both,22,All ages,975,Diabetes mellitus type 1,3,Rate,2022,428.49788383615,482.28840781683004,375.14467805001004
1,All Population,5,Prevalence,185,Rwanda,3,Both,22,All ages,975,Diabetes mellitus type 1,3,Rate,2022,32.3543879004,45.84653312173,24.40383532195
1,All Population,5,Prevalence,197,Eswatini,3,Both,22,All ages,975,Diabetes mellitus type 1,3,Rate,2022,16.32000130024,20.99164330061,13.304683012699998
1,All Population,5,Prevalence,182,Malawi,3,Both,22,All ages,975,Diabetes mellitus type 1,3,Rate,2021,27.91750661084,40.71983500973,20.69788516181
1,All Population,5,Prevalence,119,Trinidad and Tobago,3,Both,22,All ages,975,Diabetes mellitus type 1,3,Rate,2022,59.23456722921,73.11951377356,48.357293370819995
1,All Population,5,Prevalence,413,Tokelau,3,Both,22,All ages,975,Diabetes mellitus type 1,3,Rate,2021,46.30543718784,55.40550273746,38.36845110619
1,All Population,5,Prevalence,194,Lesotho,3,Both,22,All ages,975,Diabetes mellitus type 1,3,Rate,2021,16.28604490524,20.86267950155,13.239017636269999
1,All Population,5,Prevalence,85,Israel,3,Both,22,All ages,975,Diabetes mellitus type 1,3,Rate,2022,218.93609088596,247.52218119928,196.02131926485
1,All Population,5,Prevalence,132,Panama,3,Both,22,All ages,975,Diabetes mellitus type 1,3,Rate,2022,52.61619315986,66.01273031804,42.53368971522
1,All Population,5,Prevalence,153,Syrian Arab Republic,3,Both,22,All ages,975,Diabetes mellitus type 1,3,Rate,2022,106.83021608378,138.71195325238,85.99237717945
1,All Population,5,Prevalence,128,Guatemala,3,Both,22,All ages,975,Diabetes mellitus type 1,3,Rate,2022,49.08060613219,63.607055706809994,39.19796373379
1,All Population,5,Prevalence,53,Serbia,3,Both,22,All ages,975,Diabetes mellitus type 1,3,Rate,2022,229.74419531708,249.77438234173,206.37660874075
1,All Population,5,Prevalence,89,Netherlands,3,Both,22,All ages,975,Diabetes mellitus type 1,3,Rate,2022,367.48838093114,404.28491792013,326.45611435483
1,All Population,5,Prevalence,76,Belgium,3,Both,22,All ages,975,Diabetes mellitus type 1,3,Rate,2022,343.36158047834004,390.37394707852,294.71506287348
1,All Population,5,Prevalence,215,Sao Tome and Principe,3,Both,22,All ages,975,Diabetes mellitus type 1,3,Rate,2021,12.18675013376,15.40263607222,10.02675378246
1,All Population,5,Prevalence,164,Nepal,3,Both,22,All ages,975,Diabetes mellitus type 1,3,Rate,2022,44.69225905145,54.83479089532,37.287820966700004
1,All Population,5,Prevalence,162,Bhutan,3,Both,22,All ages,975,Diabetes mellitus type 1,3,Rate,2022,47.123638199380004,57.14010272706,39.36766632338
1,All Population,5,Prevalence,173,Gabon,3,Both,22,All ages,975,Diabetes mellitus type 1,3,Rate,2022,16.12297020924,20.80105365498,13.23692883116
1,All Population,5,Prevalence,121,Bolivia (Plurinational State of),3,Both,22,All ages,975,Diabetes mellitus type 1,3,Rate,2022,49.67674647982,62.770079894060004,40.58696101862
1,All Population,5,Prevalence,210,Liberia,3,Both,22,All ages,975,Diabetes mellitus type 1,3,Rate,2022,11.91718716083,15.343472827069998,9.679327967579999
1,All Population,5,Prevalence,98,Chile,3,Both,22,All ages,975,Diabetes mellitus type 1,3,Rate,2022,132.58464039594,151.57503433361,115.52473086598
1,All Population,5,Prevalence,196,South Africa,3,Both,22,All ages,975,Diabetes mellitus type 1,3,Rate,2021,17.020599672230002,20.62217834783,14.16380374624
1,All Population,5,Prevalence,184,Mozambique,3,Both,22,All ages,975,Diabetes mellitus type 1,3,Rate,2021,26.599233539,38.78857418531,19.62732586527
1,All Population,5,Prevalence,130,Mexico,3,Both,22,All ages,975,Diabetes mellitus type 1,3,Rate,2022,58.77186080545,72.84485183597,47.68189980074
1,All Population,5,Prevalence,385,Puerto Rico,3,Both,22,All ages,975,Diabetes mellitus type 1,3,Rate,2022,61.93149529072,75.49548933806,50.178927083459996
1,All Population,5,Prevalence,109,Cuba,3,Both,22,All ages,975,Diabetes mellitus type 1,3,Rate,2022,62.48566748335,77.65762988954,50.01351747336
1,All Population,5,Prevalence,66,Brunei Darussalam,3,Both,22,All ages,975,Diabetes mellitus type 1,3,Rate,2022,56.67289427281,67.84720728019,48.54647025363
1,All Population,5,Prevalence,147,Libya,3,Both,22,All ages,975,Diabetes mellitus type 1,3,Rate,2022,185.29110501399,231.4086442297,151.69675348332
1,All Population,5,Prevalence,212,Mauritania,3,Both,22,All ages,975,Diabetes mellitus type 1,3,Rate,2022,11.25496011203,14.577224787630001,9.00573695304
1,All Population,5,Prevalence,141,Egypt,3,Both,22,All ages,975,Diabetes mellitus type 1,3,Rate,2022,99.56188268688,126.77923444537998,79.66072583716999
1,All Population,5,Prevalence,123,Peru,3,Both,22,All ages,975,Diabetes mellitus type 1,3,Rate,2022,51.38728247313,63.75396470322,42.18508849056
1,All Population,5,Prevalence,179,Ethiopia,3,Both,22,All ages,975,Diabetes mellitus type 1,3,Rate,2022,24.97270818929,33.707899105850004,19.4735696722
1,All Population,5,Prevalence,175,Burundi,3,Both,22,All ages,975,Diabetes mellitus type 1,3,Rate,2022,27.61947740707,40.466698084499996,20.20055728983
1,All Population,5,Prevalence,396,San Marino,3,Both,22,All ages,975,Diabetes mellitus type 1,3,Rate,2022,434.96138019524994,495.47336702460007,375.07148354737
1,All Population,5,Prevalence,186,Seychelles,3,Both,22,All ages,975,Diabetes mellitus type 1,3,Rate,2022,56.410482850659996,67.04807574792,46.9566864505
1,All Population,5,Prevalence,201,Burkina Faso,3,Both,22,All ages,975,Diabetes mellitus type 1,3,Rate,2022,10.58291516356,13.839417769089998,8.44856604792
1,All Population,5,Prevalence,111,Dominican Republic,3,Both,22,All ages,975,Diabetes mellitus type 1,3,Rate,2022,54.79469909856,69.50175259753,44.13376802023
1,All Population,5,Prevalence,136,Paraguay,3,Both,22,All ages,975,Diabetes mellitus type 1,3,Rate,2022,99.82150511196001,128.92231449245,79.02104303102
1,All Population,5,Prevalence,143,Iraq,3,Both,22,All ages,975,Diabetes mellitus type 1,3,Rate,2022,101.12530980774001,129.04354265597001,80.36667451088
1,All Population,5,Prevalence,374,Niue,3,Both,22,All ages,975,Diabetes mellitus type 1,3,Rate,2021,48.77299291802,57.41369730255,40.89205835439
1,All Population,5,Prevalence,177,Djibouti,3,Both,22,All ages,975,Diabetes mellitus type 1,3,Rate,2022,30.09773914182,41.44327109633,23.39867125756
1,All Population,5,Prevalence,168,Angola,3,Both,22,All ages,975,Diabetes mellitus type 1,3,Rate,2022,14.278776216039999,19.472473345330002,11.19419739531
1,All Population,5,Prevalence,214,Nigeria,3,Both,22,All ages,975,Diabetes mellitus type 1,3,Rate,2022,10.33342905808,13.34560860547,8.39498881655
1,All Population,5,Prevalence,156,United Arab Emirates,3,Both,22,All ages,975,Diabetes mellitus type 1,3,Rate,2022,109.57876881912999,133.21345659736,92.81414142965001
1,All Population,5,Prevalence,189,United Republic of Tanzania,3,Both,22,All ages,975,Diabetes mellitus type 1,3,Rate,2022,26.74346312658,37.497414984799995,20.0308036881
1,All Population,5,Prevalence,181,Madagascar,3,Both,22,All ages,975,Diabetes mellitus type 1,3,Rate,2022,28.5631683244,41.81706377544,21.18674559145
1,All Population,5,Prevalence,113,Guyana,3,Both,22,All ages,975,Diabetes mellitus type 1,3,Rate,2022,54.517302566110004,69.34369887187,43.83177217591
1,All Population,5,Prevalence,145,Kuwait,3,Both,22,All ages,975,Diabetes mellitus type 1,3,Rate,2022,413.12990971854003,476.62583908251,357.91216580812
1,All Population,5,Prevalence,298,American Samoa,3,Both,22,All ages,975,Diabetes mellitus type 1,3,Rate,2021,45.71243384865,54.623888329420005,38.04545201258
1,All Population,5,Prevalence,380,Palau,3,Both,22,All ages,975,Diabetes mellitus type 1,3,Rate,2021,51.36479741050999,59.988480650670006,43.41531355055
1,All Population,5,Prevalence,202,Cameroon,3,Both,22,All ages,975,Diabetes mellitus type 1,3,Rate,2022,11.08434585829,14.477348954550001,8.88318763202
1,All Population,5,Prevalence,191,Zambia,3,Both,22,All ages,975,Diabetes mellitus type 1,3,Rate,2022,27.802669259100004,41.36819551699,20.18498795112
1,All Population,5,Prevalence,320,Cook Islands,3,Both,22,All ages,975,Diabetes mellitus type 1,3,Rate,2022,48.872038274379996,57.50314016414,41.000842080969996
1,All Population,5,Prevalence,195,Namibia,3,Both,22,All ages,975,Diabetes mellitus type 1,3,Rate,2022,16.10939778485,20.90530231136,13.089431840489999
1,All Population,5,Prevalence,216,Senegal,3,Both,22,All ages,975,Diabetes mellitus type 1,3,Rate,2022,11.24572379976,14.625952921100001,9.00998586685
1,All Population,5,Prevalence,160,Afghanistan,3,Both,22,All ages,975,Diabetes mellitus type 1,3,Rate,2022,91.99571080326,123.98329364514001,71.09550495831
1,All Population,5,Prevalence,183,Mauritius,3,Both,22,All ages,975,Diabetes mellitus type 1,3,Rate,2022,59.7053765779,70.59617206311,49.609697530919995
1,All Population,5,Prevalence,204,Chad,3,Both,22,All ages,975,Diabetes mellitus type 1,3,Rate,2022,9.74159304446,13.286523623119999,7.61811309663
1,All Population,5,Prevalence,369,Nauru,3,Both,22,All ages,975,Diabetes mellitus type 1,3,Rate,2022,40.53496552056,50.47208504006,33.41800883567
1,All Population,5,Prevalence,351,Guam,3,Both,22,All ages,975,Diabetes mellitus type 1,3,Rate,2022,49.48085728205,58.15254986675,41.56000999433
1,All Population,5,Prevalence,193,Botswana,3,Both,22,All ages,975,Diabetes mellitus type 1,3,Rate,2022,17.032004913010002,21.50590716284,14.056640121229998
1,All Population,5,Prevalence,171,Democratic Republic of the Congo,3,Both,22,All ages,975,Diabetes mellitus type 1,3,Rate,2022,14.66198226402,19.72293046087,11.593723869809999
1,All Population,5,Prevalence,206,Gambia,3,Both,22,All ages,975,Diabetes mellitus type 1,3,Rate,2022,11.23744946263,14.70612185885,9.03205264763
1,All Population,5,Prevalence,14,Maldives,3,Both,22,All ages,975,Diabetes mellitus type 1,3,Rate,2023,66.68147078569,82.96673498573,54.31749737636
1,All Population,5,Prevalence,25,Micronesia (Federated States of),3,Both,22,All ages,975,Diabetes mellitus type 1,3,Rate,2023,45.15910491164,55.560286654200006,37.49415683068
1,All Population,5,Prevalence,376,Northern Mariana Islands,3,Both,22,All ages,975,Diabetes mellitus type 1,3,Rate,2022,50.17903285983,59.00197590787,42.21636656856
1,All Population,5,Prevalence,16,Philippines,3,Both,22,All ages,975,Diabetes mellitus type 1,3,Rate,2023,48.32502640948,59.730005218529996,40.27894004593
1,All Population,5,Prevalence,61,Republic of Moldova,3,Both,22,All ages,975,Diabetes mellitus type 1,3,Rate,2023,188.17950666916002,217.46126532991,161.42907402419002
1,All Population,5,Prevalence,217,Sierra Leone,3,Both,22,All ages,975,Diabetes mellitus type 1,3,Rate,2022,11.704053582470001,15.13705667368,9.50048616197
1,All Population,5,Prevalence,72,New Zealand,3,Both,22,All ages,975,Diabetes mellitus type 1,3,Rate,2023,316.04100725796,367.65062374654997,270.82794642342003
1,All Population,5,Prevalence,27,Samoa,3,Both,22,All ages,975,Diabetes mellitus type 1,3,Rate,2023,41.05079587729,50.853535363819994,34.176050235560005
1,All Population,5,Prevalence,208,Guinea,3,Both,22,All ages,975,Diabetes mellitus type 1,3,Rate,2022,10.73443969131,14.04208148338,8.56593278997
1,All Population,5,Prevalence,422,United States Virgin Islands,3,Both,22,All ages,975,Diabetes mellitus type 1,3,Rate,2022,72.52379603012,90.76233618043,57.133664979500004
1,All Population,5,Prevalence,40,Turkmenistan,3,Both,22,All ages,975,Diabetes mellitus type 1,3,Rate,2023,80.24191198536,98.54728106280001,67.49354646652
1,All Population,5,Prevalence,15,Myanmar,3,Both,22,All ages,975,Diabetes mellitus type 1,3,Rate,2022,51.662500217170006,63.697448959199995,42.41430608362
1,All Population,5,Prevalence,108,Belize,3,Both,22,All ages,975,Diabetes mellitus type 1,3,Rate,2023,54.49569895704,70.69918822523,43.82165830555
1,All Population,5,Prevalence,29,Tonga,3,Both,22,All ages,975,Diabetes mellitus type 1,3,Rate,2023,43.1138240189,53.42962883671,35.73680404902
1,All Population,5,Prevalence,26,Papua New Guinea,3,Both,22,All ages,975,Diabetes mellitus type 1,3,Rate,2022,39.8345315178,49.23655993112,32.94655428322
1,All Population,5,Prevalence,119,Trinidad and Tobago,3,Both,22,All ages,975,Diabetes mellitus type 1,3,Rate,2023,59.60950087769,72.96238025857001,48.84694756709
1,All Population,5,Prevalence,74,Andorra,3,Both,22,All ages,975,Diabetes mellitus type 1,3,Rate,2023,453.44141513869,511.10001016785,396.78386761400003
1,All Population,5,Prevalence,87,Luxembourg,3,Both,22,All ages,975,Diabetes mellitus type 1,3,Rate,2023,434.76949213088,492.22715940942,381.28168611345
1,All Population,5,Prevalence,76,Belgium,3,Both,22,All ages,975,Diabetes mellitus type 1,3,Rate,2023,348.22592848188003,396.03363908006,298.77847062818
1,All Population,5,Prevalence,121,Bolivia (Plurinational State of),3,Both,22,All ages,975,Diabetes mellitus type 1,3,Rate,2023,50.02913099994,63.60533212999,41.066216084379995
1,All Population,5,Prevalence,55,Slovenia,3,Both,22,All ages,975,Diabetes mellitus type 1,3,Rate,2023,291.98363548731,330.67317957677,254.58156724026
1,All Population,5,Prevalence,28,Solomon Islands,3,Both,22,All ages,975,Diabetes mellitus type 1,3,Rate,2022,40.51876116067,50.35301352282,33.38273588704
1,All Population,5,Prevalence,132,Panama,3,Both,22,All ages,975,Diabetes mellitus type 1,3,Rate,2023,52.831060141340004,66.21076978792,42.81669903134
1,All Population,5,Prevalence,44,Bosnia and Herzegovina,3,Both,22,All ages,975,Diabetes mellitus type 1,3,Rate,2023,183.59357880436,211.1927683506,159.31993797744002
1,All Population,5,Prevalence,57,Belarus,3,Both,22,All ages,975,Diabetes mellitus type 1,3,Rate,2023,162.05407578721002,191.31825730295,138.51138739801
1,All Population,5,Prevalence,10,Cambodia,3,Both,22,All ages,975,Diabetes mellitus type 1,3,Rate,2023,51.35541435612,63.632119537600005,42.28241310034
1,All Population,5,Prevalence,89,Netherlands,3,Both,22,All ages,975,Diabetes mellitus type 1,3,Rate,2023,372.47381292758996,412.38815246136,331.46863723697
1,All Population,5,Prevalence,168,Angola,3,Both,22,All ages,975,Diabetes mellitus type 1,3,Rate,2023,14.481431722639998,19.97628265722,11.188299086739999
1,All Population,5,Prevalence,179,Ethiopia,3,Both,22,All ages,975,Diabetes mellitus type 1,3,Rate,2023,25.347904994649998,35.16115145807,19.687188307550002
1,All Population,5,Prevalence,123,Peru,3,Both,22,All ages,975,Diabetes mellitus type 1,3,Rate,2023,51.75552984711,64.55287071943,42.6535406908
1,All Population,5,Prevalence,214,Nigeria,3,Both,22,All ages,975,Diabetes mellitus type 1,3,Rate,2023,10.43411596796,13.620674022340001,8.431961975090001
1,All Population,5,Prevalence,62,Russian Federation,3,Both,22,All ages,975,Diabetes mellitus type 1,3,Rate,2022,221.69115413423003,260.9168835843,188.28968359138
1,All Population,5,Prevalence,59,Latvia,3,Both,22,All ages,975,Diabetes mellitus type 1,3,Rate,2023,189.03556687201998,217.33249526789,163.52793841436
1,All Population,5,Prevalence,41,Uzbekistan,3,Both,22,All ages,975,Diabetes mellitus type 1,3,Rate,2022,80.07066531882,97.64092071459,67.66717551057
1,All Population,5,Prevalence,30,Vanuatu,3,Both,22,All ages,975,Diabetes mellitus type 1,3,Rate,2022,40.56084890811,49.987300397480006,33.53211406003
1,All Population,5,Prevalence,12,Lao People's Democratic Republic,3,Both,22,All ages,975,Diabetes mellitus type 1,3,Rate,2023,50.109996544729995,62.117312362650004,41.10780699642
1,All Population,5,Prevalence,46,Croatia,3,Both,22,All ages,975,Diabetes mellitus type 1,3,Rate,2023,288.91894519165,326.11550215439,252.91316316559
1,All Population,5,Prevalence,147,Libya,3,Both,22,All ages,975,Diabetes mellitus type 1,3,Rate,2023,187.47862116106998,234.03097377131,152.06842762006
1,All Population,5,Prevalence,102,United States of America,3,Both,22,All ages,975,Diabetes mellitus type 1,3,Rate,2023,435.4978412514,498.79281925583996,389.44608776988
1,All Population,5,Prevalence,91,Portugal,3,Both,22,All ages,975,Diabetes mellitus type 1,3,Rate,2023,431.94880991962,488.19166705705004,373.93465842724004
1,All Population,5,Prevalence,216,Senegal,3,Both,22,All ages,975,Diabetes mellitus type 1,3,Rate,2023,11.36795798407,15.03076733961,9.06736606078
1,All Population,5,Prevalence,181,Madagascar,3,Both,22,All ages,975,Diabetes mellitus type 1,3,Rate,2023,29.238789948900003,43.95009845231,21.39431289669
1,All Population,5,Prevalence,11,Indonesia,3,Both,22,All ages,975,Diabetes mellitus type 1,3,Rate,2022,51.49856401814,61.40162296419,43.22676674149
1,All Population,5,Prevalence,43,Albania,3,Both,22,All ages,975,Diabetes mellitus type 1,3,Rate,2022,260.77403781200996,299.27519366074,222.23463795054
1,All Population,5,Prevalence,136,Paraguay,3,Both,22,All ages,975,Diabetes mellitus type 1,3,Rate,2023,100.29357868762999,130.68889959208,79.60382998262999
1,All Population,5,Prevalence,195,Namibia,3,Both,22,All ages,975,Diabetes mellitus type 1,3,Rate,2023,16.3084532642,21.483538321570002,13.11672189786
1,All Population,5,Prevalence,93,Sweden,3,Both,22,All ages,975,Diabetes mellitus type 1,3,Rate,2023,718.07731999057,779.6003126002399,664.95226353307
1,All Population,5,Prevalence,149,Palestine,3,Both,22,All ages,975,Diabetes mellitus type 1,3,Rate,2023,100.99669337527001,135.81237090361,78.4957347915
1,All Population,5,Prevalence,86,Italy,3,Both,22,All ages,975,Diabetes mellitus type 1,3,Rate,2022,336.33318115057,377.35344351109,294.85043804851
1,All Population,5,Prevalence,75,Austria,3,Both,22,All ages,975,Diabetes mellitus type 1,3,Rate,2022,278.57452727793003,315.60226244568,240.88039602369003
1,All Population,5,Prevalence,183,Mauritius,3,Both,22,All ages,975,Diabetes mellitus type 1,3,Rate,2023,60.37708625942,71.42998552223,50.29988745591999
1,All Population,5,Prevalence,369,Nauru,3,Both,22,All ages,975,Diabetes mellitus type 1,3,Rate,2023,41.06676228239,51.56744168237,33.8475610013
1,All Population,5,Prevalence,197,Eswatini,3,Both,22,All ages,975,Diabetes mellitus type 1,3,Rate,2023,16.54756758152,21.55200265455,13.37178454705
1,All Population,5,Prevalence,106,Bahamas,3,Both,22,All ages,975,Diabetes mellitus type 1,3,Rate,2023,59.72112702428,74.78496435041001,48.32825225581
1,All Population,5,Prevalence,117,Saint Vincent and the Grenadines,3,Both,22,All ages,975,Diabetes mellitus type 1,3,Rate,2023,57.91614818993,71.85170918969,47.12685651787
1,All Population,5,Prevalence,151,Qatar,3,Both,22,All ages,975,Diabetes mellitus type 1,3,Rate,2023,229.50620035375002,275.28832472503,193.31871802479
1,All Population,5,Prevalence,13,Malaysia,3,Both,22,All ages,975,Diabetes mellitus type 1,3,Rate,2022,54.53438551579,65.73758398195001,44.87993356691
1,All Population,5,Prevalence,376,Northern Mariana Islands,3,Both,22,All ages,975,Diabetes mellitus type 1,3,Rate,2023,50.661440398260005,60.01600326276,42.64357653922
1,All Population,5,Prevalence,77,Cyprus,3,Both,22,All ages,975,Diabetes mellitus type 1,3,Rate,2022,236.72147931558,267.94510510938,207.74488246613998
1,All Population,5,Prevalence,210,Liberia,3,Both,22,All ages,975,Diabetes mellitus type 1,3,Rate,2023,12.08331219279,15.73266752525,9.89291694328
1,All Population,5,Prevalence,185,Rwanda,3,Both,22,All ages,975,Diabetes mellitus type 1,3,Rate,2023,33.14348410186,47.782220494389996,24.5542588885
1,All Population,5,Prevalence,164,Nepal,3,Both,22,All ages,975,Diabetes mellitus type 1,3,Rate,2023,45.10094793676,55.76732523371,37.772898917890004
1,All Population,5,Prevalence,45,Bulgaria,3,Both,22,All ages,975,Diabetes mellitus type 1,3,Rate,2022,264.48337007413,305.17367498446,224.55468510485
1,All Population,5,Prevalence,24,Marshall Islands,3,Both,22,All ages,975,Diabetes mellitus type 1,3,Rate,2022,42.72698686944,52.887613170090006,35.32732495052
1,All Population,5,Prevalence,88,Malta,3,Both,22,All ages,975,Diabetes mellitus type 1,3,Rate,2022,330.82166386301,374.40610280602,288.68711807872
1,All Population,5,Prevalence,153,Syrian Arab Republic,3,Both,22,All ages,975,Diabetes mellitus type 1,3,Rate,2023,108.83489989044,143.94848736593,86.7788087972
1,All Population,5,Prevalence,385,Puerto Rico,3,Both,22,All ages,975,Diabetes mellitus type 1,3,Rate,2023,62.319160213829996,75.83983745338999,50.78146138682
1,All Population,5,Prevalence,212,Mauritania,3,Both,22,All ages,975,Diabetes mellitus type 1,3,Rate,2023,11.39302285822,14.962049597630001,9.1154492314
1,All Population,5,Prevalence,122,Ecuador,3,Both,22,All ages,975,Diabetes mellitus type 1,3,Rate,2022,50.891087715670004,63.661501587889994,41.551303289450004
1,All Population,5,Prevalence,201,Burkina Faso,3,Both,22,All ages,975,Diabetes mellitus type 1,3,Rate,2023,10.66746190676,14.152751274179998,8.46200150897
1,All Population,5,Prevalence,396,San Marino,3,Both,22,All ages,975,Diabetes mellitus type 1,3,Rate,2023,440.95676134341,500.04013830702,380.99863726154
1,All Population,5,Prevalence,133,Venezuela (Bolivarian Republic of),3,Both,22,All ages,975,Diabetes mellitus type 1,3,Rate,2022,54.66989567976999,68.03786213833999,44.42694997657
1,All Population,5,Prevalence,7,Democratic People's Republic of Korea,3,Both,22,All ages,975,Diabetes mellitus type 1,3,Rate,2021,75.39870734959,86.44528078894,64.80252337316
1,All Population,5,Prevalence,58,Estonia,3,Both,22,All ages,975,Diabetes mellitus type 1,3,Rate,2022,301.40873489032003,339.21000471045,264.59413600028
1,All Population,5,Prevalence,90,Norway,3,Both,22,All ages,975,Diabetes mellitus type 1,3,Rate,2022,495.77254426406995,571.00596335764,431.84074704547004
1,All Population,5,Prevalence,39,Tajikistan,3,Both,22,All ages,975,Diabetes mellitus type 1,3,Rate,2021,73.87445537332,91.46266778173,61.74336216337001
1,All Population,5,Prevalence,50,Montenegro,3,Both,22,All ages,975,Diabetes mellitus type 1,3,Rate,2021,294.37027793658,344.44734007356,249.97870095618
1,All Population,5,Prevalence,18,Thailand,3,Both,22,All ages,975,Diabetes mellitus type 1,3,Rate,2021,61.01667932718,71.51895217949,50.95297915806
1,All Population,5,Prevalence,101,Canada,3,Both,22,All ages,975,Diabetes mellitus type 1,3,Rate,2022,562.01966375001,623.28937933368,504.47618061165
1,All Population,5,Prevalence,63,Ukraine,3,Both,22,All ages,975,Diabetes mellitus type 1,3,Rate,2021,164.73287911109,192.17129345872002,138.85783161422
1,All Population,5,Prevalence,52,Romania,3,Both,22,All ages,975,Diabetes mellitus type 1,3,Rate,2021,148.06571426973,163.3130775803,131.30391610530998
1,All Population,5,Prevalence,20,Viet Nam,3,Both,22,All ages,975,Diabetes mellitus type 1,3,Rate,2021,54.03959546519,64.80115130338,44.79452036769
1,All Population,5,Prevalence,135,Brazil,3,Both,22,All ages,975,Diabetes mellitus type 1,3,Rate,2022,141.16602689759,174.10769030151,115.38260087692998
1,All Population,5,Prevalence,6,China,3,Both,22,All ages,975,Diabetes mellitus type 1,3,Rate,2023,72.59485094521,83.22408698177,61.888773592659994
1,All Population,5,Prevalence,17,Sri Lanka,3,Both,22,All ages,975,Diabetes mellitus type 1,3,Rate,2023,57.093232404510005,68.20676439181,47.42484422026
1,All Population,5,Prevalence,38,Mongolia,3,Both,22,All ages,975,Diabetes mellitus type 1,3,Rate,2023,75.54391263759,91.63093634100001,63.82950195964
1,All Population,5,Prevalence,71,Australia,3,Both,22,All ages,975,Diabetes mellitus type 1,3,Rate,2022,429.16930871489,466.51255035522,397.71454748660005
1,All Population,5,Prevalence,49,North Macedonia,3,Both,22,All ages,975,Diabetes mellitus type 1,3,Rate,2023,176.39499235009998,205.10729441663,150.83460294972
1,All Population,5,Prevalence,148,Morocco,3,Both,22,All ages,975,Diabetes mellitus type 1,3,Rate,2022,105.93783561696,132.55535440468998,86.77232959666999
1,All Population,5,Prevalence,60,Lithuania,3,Both,22,All ages,975,Diabetes mellitus type 1,3,Rate,2022,190.13872374277,213.74617822289,165.22969481214
1,All Population,5,Prevalence,92,Spain,3,Both,22,All ages,975,Diabetes mellitus type 1,3,Rate,2022,369.04672196908,401.93732975962996,333.44728097379004
1,All Population,5,Prevalence,169,Central African Republic,3,Both,22,All ages,975,Diabetes mellitus type 1,3,Rate,2022,14.01679662853,19.16542965049,11.01215636983
1,All Population,5,Prevalence,19,Timor-Leste,3,Both,22,All ages,975,Diabetes mellitus type 1,3,Rate,2023,46.718591219980006,59.77231068804,37.75394010441
1,All Population,5,Prevalence,22,Fiji,3,Both,22,All ages,975,Diabetes mellitus type 1,3,Rate,2021,44.781406740550004,53.69117042051,37.28507447616
1,All Population,5,Prevalence,8,Taiwan,3,Both,22,All ages,975,Diabetes mellitus type 1,3,Rate,2023,104.04882316272001,116.12988897749001,91.27184812521
1,All Population,5,Prevalence,54,Slovakia,3,Both,22,All ages,975,Diabetes mellitus type 1,3,Rate,2021,310.34508582387,350.05777061583,266.59593925658
1,All Population,5,Prevalence,51,Poland,3,Both,22,All ages,975,Diabetes mellitus type 1,3,Rate,2023,347.39591753237,398.44284723210995,307.61046125203
1,All Population,5,Prevalence,97,Argentina,3,Both,22,All ages,975,Diabetes mellitus type 1,3,Rate,2021,114.1697563598,137.21626761147,93.90996565213
1,All Population,5,Prevalence,180,Kenya,3,Both,22,All ages,975,Diabetes mellitus type 1,3,Rate,2022,26.36499513625,34.92270705365,20.75863498487
1,All Population,5,Prevalence,150,Oman,3,Both,22,All ages,975,Diabetes mellitus type 1,3,Rate,2022,103.10213194682,128.33770050006999,85.58131787793
1,All Population,5,Prevalence,67,Japan,3,Both,22,All ages,975,Diabetes mellitus type 1,3,Rate,2021,44.82738891205,51.70503056671001,38.330204392
1,All Population,5,Prevalence,85,Israel,3,Both,22,All ages,975,Diabetes mellitus type 1,3,Rate,2023,222.14284425297,253.79120731785,199.30604735240001
1,All Population,5,Prevalence,105,Antigua and Barbuda,3,Both,22,All ages,975,Diabetes mellitus type 1,3,Rate,2022,59.73151158526,73.95232615049001,48.55181617566
1,All Population,5,Prevalence,33,Armenia,3,Both,22,All ages,975,Diabetes mellitus type 1,3,Rate,2021,92.41991326487,109.58921073667,77.74170627229
1,All Population,5,Prevalence,78,Denmark,3,Both,22,All ages,975,Diabetes mellitus type 1,3,Rate,2021,414.73284409761,467.13693973039,359.87192583688
1,All Population,5,Prevalence,99,Uruguay,3,Both,22,All ages,975,Diabetes mellitus type 1,3,Rate,2021,116.13778690923999,137.58136120922,95.93286361405
1,All Population,5,Prevalence,139,Algeria,3,Both,22,All ages,975,Diabetes mellitus type 1,3,Rate,2022,312.2433419216,369.42676614763997,274.33758189542004
1,All Population,5,Prevalence,215,Sao Tome and Principe,3,Both,22,All ages,975,Diabetes mellitus type 1,3,Rate,2022,12.39403711581,15.85224464773,10.110430552730001
1,All Population,5,Prevalence,152,Saudi Arabia,3,Both,22,All ages,975,Diabetes mellitus type 1,3,Rate,2022,268.93649471085,324.14740838795,225.48700226712
1,All Population,5,Prevalence,194,Lesotho,3,Both,22,All ages,975,Diabetes mellitus type 1,3,Rate,2022,16.48750324979,21.153822125650002,13.43996360964
1,All Population,5,Prevalence,182,Malawi,3,Both,22,All ages,975,Diabetes mellitus type 1,3,Rate,2022,28.663202566170003,42.55746932885,20.92184070019
1,All Population,5,Prevalence,118,Suriname,3,Both,22,All ages,975,Diabetes mellitus type 1,3,Rate,2022,55.958280457099995,70.06555303851,45.31690763354
1,All Population,5,Prevalence,107,Barbados,3,Both,22,All ages,975,Diabetes mellitus type 1,3,Rate,2022,60.777898084060006,74.60689048356001,49.601976894550006
1,All Population,5,Prevalence,69,Singapore,3,Both,22,All ages,975,Diabetes mellitus type 1,3,Rate,2021,56.501185628840005,65.35541565454,48.61432245891
1,All Population,5,Prevalence,53,Serbia,3,Both,22,All ages,975,Diabetes mellitus type 1,3,Rate,2023,232.35487850781,251.98070633576998,209.75420147926
1,All Population,5,Prevalence,163,India,3,Both,22,All ages,975,Diabetes mellitus type 1,3,Rate,2022,66.26872734049,80.02017183873001,55.36883783686
1,All Population,5,Prevalence,110,Dominica,3,Both,22,All ages,975,Diabetes mellitus type 1,3,Rate,2021,57.85792668532999,72.33570852321999,46.7781597731
1,All Population,5,Prevalence,154,Tunisia,3,Both,22,All ages,975,Diabetes mellitus type 1,3,Rate,2022,125.39640524942,155.97611293733002,101.65514804891
1,All Population,5,Prevalence,155,Türkiye,3,Both,22,All ages,975,Diabetes mellitus type 1,3,Rate,2021,106.17619838191,125.73317255061,91.33963973886
1,All Population,5,Prevalence,184,Mozambique,3,Both,22,All ages,975,Diabetes mellitus type 1,3,Rate,2022,27.26117429143,40.39519497141,19.78342341168
1,All Population,5,Prevalence,35,Georgia,3,Both,22,All ages,975,Diabetes mellitus type 1,3,Rate,2021,91.68042725461,108.73477084474999,76.82363059094
1,All Population,5,Prevalence,66,Brunei Darussalam,3,Both,22,All ages,975,Diabetes mellitus type 1,3,Rate,2023,57.46081117182,69.10196857014,49.25419978715001
1,All Population,5,Prevalence,196,South Africa,3,Both,22,All ages,975,Diabetes mellitus type 1,3,Rate,2022,17.191924301860002,21.03544420875,14.342400572559999
1,All Population,5,Prevalence,144,Jordan,3,Both,22,All ages,975,Diabetes mellitus type 1,3,Rate,2021,85.44854131175,108.67216546700999,68.76798366274001
1,All Population,5,Prevalence,23,Kiribati,3,Both,22,All ages,975,Diabetes mellitus type 1,3,Rate,2023,42.4759116357,52.26921290777,35.199879690660005
1,All Population,5,Prevalence,80,France,3,Both,22,All ages,975,Diabetes mellitus type 1,3,Rate,2021,263.15124177953,289.70596809671,232.3073516162
1,All Population,5,Prevalence,48,Hungary,3,Both,22,All ages,975,Diabetes mellitus type 1,3,Rate,2021,343.00247814547,381.96268350402,297.62276982829
1,All Population,5,Prevalence,165,Pakistan,3,Both,22,All ages,975,Diabetes mellitus type 1,3,Rate,2022,37.18041186131,47.10719891513,30.894914081
1,All Population,5,Prevalence,98,Chile,3,Both,22,All ages,975,Diabetes mellitus type 1,3,Rate,2023,135.67560661606998,156.70452953077,118.20317608631
1,All Population,5,Prevalence,112,Grenada,3,Both,22,All ages,975,Diabetes mellitus type 1,3,Rate,2021,57.242467745300004,71.65191755185,46.305771982509995
1,All Population,5,Prevalence,34,Azerbaijan,3,Both,22,All ages,975,Diabetes mellitus type 1,3,Rate,2023,89.15077039855001,106.53274465601,75.2528838293
1,All Population,5,Prevalence,157,Yemen,3,Both,22,All ages,975,Diabetes mellitus type 1,3,Rate,2021,23.7917801,28.69505443021,20.33941797236
1,All Population,5,Prevalence,125,Colombia,3,Both,22,All ages,975,Diabetes mellitus type 1,3,Rate,2021,54.19184359446,67.98732120873,43.54609225914
1,All Population,5,Prevalence,374,Niue,3,Both,22,All ages,975,Diabetes mellitus type 1,3,Rate,2022,49.258878048090004,57.91267726304999,41.37947439549
1,All Population,5,Prevalence,198,Zimbabwe,3,Both,22,All ages,975,Diabetes mellitus type 1,3,Rate,2022,15.313530059129999,20.24820448035,12.29705791028
1,All Population,5,Prevalence,37,Kyrgyzstan,3,Both,22,All ages,975,Diabetes mellitus type 1,3,Rate,2021,77.71277520773,95.37929148814,65.27343825891
1,All Population,5,Prevalence,146,Lebanon,3,Both,22,All ages,975,Diabetes mellitus type 1,3,Rate,2021,102.85554829569,128.78162097498,84.16171496541
1,All Population,5,Prevalence,82,Greece,3,Both,22,All ages,975,Diabetes mellitus type 1,3,Rate,2021,216.87788746341002,247.91990634624,186.69277874521
1,All Population,5,Prevalence,178,Eritrea,3,Both,22,All ages,975,Diabetes mellitus type 1,3,Rate,2022,58.720748643149996,76.14280266178,46.37171434837
1,All Population,5,Prevalence,298,American Samoa,3,Both,22,All ages,975,Diabetes mellitus type 1,3,Rate,2022,46.46386891553,55.5056808677,38.82178250708
1,All Population,5,Prevalence,200,Benin,3,Both,22,All ages,975,Diabetes mellitus type 1,3,Rate,2022,10.779454101619999,14.153388377069998,8.61986844573
1,All Population,5,Prevalence,211,Mali,3,Both,22,All ages,975,Diabetes mellitus type 1,3,Rate,2022,9.75631336452,12.39952903286,8.00908243108
1,All Population,5,Prevalence,109,Cuba,3,Both,22,All ages,975,Diabetes mellitus type 1,3,Rate,2023,62.821111258829994,78.6570984193,50.357381364220004
1,All Population,5,Prevalence,380,Palau,3,Both,22,All ages,975,Diabetes mellitus type 1,3,Rate,2022,51.87957365619,61.193801099990004,43.90200627222
1,All Population,5,Prevalence,143,Iraq,3,Both,22,All ages,975,Diabetes mellitus type 1,3,Rate,2023,103.14457775478,136.52779321292002,80.63618334412
1,All Population,5,Prevalence,79,Finland,3,Both,22,All ages,975,Diabetes mellitus type 1,3,Rate,2023,968.80670155837,1029.75205880132,892.1901625771901
1,All Population,5,Prevalence,114,Haiti,3,Both,22,All ages,975,Diabetes mellitus type 1,3,Rate,2021,50.55350250055,65.75861642673999,40.410529587730004
1,All Population,5,Prevalence,203,Cabo Verde,3,Both,22,All ages,975,Diabetes mellitus type 1,3,Rate,2021,13.523877934599998,16.53940198486,11.19462834844
1,All Population,5,Prevalence,127,El Salvador,3,Both,22,All ages,975,Diabetes mellitus type 1,3,Rate,2021,52.79415335218,66.87416193033,42.1515385923
1,All Population,5,Prevalence,84,Ireland,3,Both,22,All ages,975,Diabetes mellitus type 1,3,Rate,2021,369.35559812377,404.71416145162993,328.04295119511
1,All Population,5,Prevalence,68,Republic of Korea,3,Both,22,All ages,975,Diabetes mellitus type 1,3,Rate,2023,68.71050497178,83.59626862665,58.83490816538
1,All Population,5,Prevalence,170,Congo,3,Both,22,All ages,975,Diabetes mellitus type 1,3,Rate,2021,15.23755912908,20.0003078323,12.31738813342
1,All Population,5,Prevalence,205,Côte d'Ivoire,3,Both,22,All ages,975,Diabetes mellitus type 1,3,Rate,2021,11.31850924913,14.446813518189998,9.15502597977
1,All Population,5,Prevalence,95,United Kingdom,3,Both,22,All ages,975,Diabetes mellitus type 1,3,Rate,2021,419.11133372555,481.67953539295996,352.36935406681005
1,All Population,5,Prevalence,161,Bangladesh,3,Both,22,All ages,975,Diabetes mellitus type 1,3,Rate,2021,35.532611026190004,42.91709501116,29.862088898070002
1,All Population,5,Prevalence,213,Niger,3,Both,22,All ages,975,Diabetes mellitus type 1,3,Rate,2022,9.77588686712,13.316910767309999,7.639866251620001
1,All Population,5,Prevalence,393,Saint Kitts and Nevis,3,Both,22,All ages,975,Diabetes mellitus type 1,3,Rate,2022,59.022796339690004,73.05062184489,48.03593099377
1,All Population,5,Prevalence,129,Honduras,3,Both,22,All ages,975,Diabetes mellitus type 1,3,Rate,2021,48.26455195904,62.65713614935999,38.31332343724
1,All Population,5,Prevalence,36,Kazakhstan,3,Both,22,All ages,975,Diabetes mellitus type 1,3,Rate,2023,82.89172809428,99.8979388076,69.40027054566
1,All Population,5,Prevalence,111,Dominican Republic,3,Both,22,All ages,975,Diabetes mellitus type 1,3,Rate,2023,55.08714688572,70.11715339903,44.521348259910006
1,All Population,5,Prevalence,116,Saint Lucia,3,Both,22,All ages,975,Diabetes mellitus type 1,3,Rate,2021,59.50808005301,73.93282574222,48.28809819253
1,All Population,5,Prevalence,145,Kuwait,3,Both,22,All ages,975,Diabetes mellitus type 1,3,Rate,2023,420.63896696800003,488.84693613653,363.58812022484
1,All Population,5,Prevalence,140,Bahrain,3,Both,22,All ages,975,Diabetes mellitus type 1,3,Rate,2021,107.71168047113,133.11060369841,89.31916902983
1,All Population,5,Prevalence,47,Czechia,3,Both,22,All ages,975,Diabetes mellitus type 1,3,Rate,2023,378.06865449719004,425.02442378833996,330.19829857486997
1,All Population,5,Prevalence,172,Equatorial Guinea,3,Both,22,All ages,975,Diabetes mellitus type 1,3,Rate,2021,14.91676277244,20.11773303303,11.78042568779
1,All Population,5,Prevalence,207,Ghana,3,Both,22,All ages,975,Diabetes mellitus type 1,3,Rate,2021,11.87319070305,14.95172309636,9.73703638354
1,All Population,5,Prevalence,81,Germany,3,Both,22,All ages,975,Diabetes mellitus type 1,3,Rate,2023,295.84114849954,325.63694674734,266.88429943265
1,All Population,5,Prevalence,156,United Arab Emirates,3,Both,22,All ages,975,Diabetes mellitus type 1,3,Rate,2023,110.72240208424,134.60556819914,93.95630558687
1,All Population,5,Prevalence,367,Monaco,3,Both,22,All ages,975,Diabetes mellitus type 1,3,Rate,2021,419.92403692100004,484.58370294467994,360.44249960213
1,All Population,5,Prevalence,218,Togo,3,Both,22,All ages,975,Diabetes mellitus type 1,3,Rate,2021,11.5499864059,14.645479754799998,9.46546964034
1,All Population,5,Prevalence,113,Guyana,3,Both,22,All ages,975,Diabetes mellitus type 1,3,Rate,2023,54.81964107266,69.8480004284,44.24871420223
1,All Population,5,Prevalence,131,Nicaragua,3,Both,22,All ages,975,Diabetes mellitus type 1,3,Rate,2021,50.61291920849,64.53964750829999,40.435654578599994
1,All Population,5,Prevalence,191,Zambia,3,Both,22,All ages,975,Diabetes mellitus type 1,3,Rate,2023,28.586171471449997,43.65606780093,20.38393904701
1,All Population,5,Prevalence,142,Iran (Islamic Republic of),3,Both,22,All ages,975,Diabetes mellitus type 1,3,Rate,2021,77.80683556913,96.86614259074,63.93025246906
1,All Population,5,Prevalence,413,Tokelau,3,Both,22,All ages,975,Diabetes mellitus type 1,3,Rate,2022,46.98700382088,56.12567186588,39.06503279845
1,All Population,5,Prevalence,209,Guinea-Bissau,3,Both,22,All ages,975,Diabetes mellitus type 1,3,Rate,2021,10.85592304171,13.95682094568,8.72019090535
1,All Population,5,Prevalence,202,Cameroon,3,Both,22,All ages,975,Diabetes mellitus type 1,3,Rate,2023,11.21853566278,14.87603974087,8.98099957193
1,All Population,5,Prevalence,187,Somalia,3,Both,22,All ages,975,Diabetes mellitus type 1,3,Rate,2021,26.0251719169,37.717593811419995,19.28411875527
1,All Population,5,Prevalence,435,South Sudan,3,Both,22,All ages,975,Diabetes mellitus type 1,3,Rate,2021,28.15940556435,40.829998059240005,20.87448603486
1,All Population,5,Prevalence,176,Comoros,3,Both,22,All ages,975,Diabetes mellitus type 1,3,Rate,2021,29.348057147549998,40.444634767450005,22.57246586882
1,All Population,5,Prevalence,83,Iceland,3,Both,22,All ages,975,Diabetes mellitus type 1,3,Rate,2023,292.69852402763,330.93322203379,257.40860377142
1,All Population,5,Prevalence,115,Jamaica,3,Both,22,All ages,975,Diabetes mellitus type 1,3,Rate,2023,58.06929641608,72.58306693243999,47.04101902538
1,All Population,5,Prevalence,126,Costa Rica,3,Both,22,All ages,975,Diabetes mellitus type 1,3,Rate,2023,56.08258858616001,69.48869335679,45.454678204850005
1,All Population,5,Prevalence,94,Switzerland,3,Both,22,All ages,975,Diabetes mellitus type 1,3,Rate,2023,399.72796192383,470.84819289178995,338.24275397059
1,All Population,5,Prevalence,193,Botswana,3,Both,22,All ages,975,Diabetes mellitus type 1,3,Rate,2023,17.21363847164,21.88081883284,14.229995419509999
1,All Population,5,Prevalence,190,Uganda,3,Both,22,All ages,975,Diabetes mellitus type 1,3,Rate,2021,26.78598329914,39.37568641407,19.68520202084
1,All Population,5,Prevalence,171,Democratic Republic of the Congo,3,Both,22,All ages,975,Diabetes mellitus type 1,3,Rate,2023,14.85937469668,20.33534469521,11.56935721883
1,All Population,5,Prevalence,204,Chad,3,Both,22,All ages,975,Diabetes mellitus type 1,3,Rate,2023,9.813287045300001,13.470315335370001,7.49400782322
1,All Population,5,Prevalence,160,Afghanistan,3,Both,22,All ages,975,Diabetes mellitus type 1,3,Rate,2023,93.54935052389,131.91957127348,71.16631361526
1,All Population,5,Prevalence,305,Bermuda,3,Both,22,All ages,975,Diabetes mellitus type 1,3,Rate,2021,62.129320606389996,75.91302245009,50.76727253151
1,All Population,5,Prevalence,128,Guatemala,3,Both,22,All ages,975,Diabetes mellitus type 1,3,Rate,2023,49.44636292007,63.91368989131,39.67896036276
1,All Population,5,Prevalence,206,Gambia,3,Both,22,All ages,975,Diabetes mellitus type 1,3,Rate,2023,11.37386975692,15.117299845520002,9.091724918399999
1,All Population,5,Prevalence,173,Gabon,3,Both,22,All ages,975,Diabetes mellitus type 1,3,Rate,2023,16.31831419322,21.2437104837,13.214563271349999
1,All Population,5,Prevalence,217,Sierra Leone,3,Both,22,All ages,975,Diabetes mellitus type 1,3,Rate,2023,11.83746726821,15.45179542012,9.66857838693
1,All Population,5,Prevalence,162,Bhutan,3,Both,22,All ages,975,Diabetes mellitus type 1,3,Rate,2023,47.59581306696,57.92170996221,39.86489950016
1,All Population,5,Prevalence,141,Egypt,3,Both,22,All ages,975,Diabetes mellitus type 1,3,Rate,2023,101.53771441424001,133.15460058265998,79.9594602304
1,All Population,5,Prevalence,422,United States Virgin Islands,3,Both,22,All ages,975,Diabetes mellitus type 1,3,Rate,2023,72.88210254417,91.40686547393,57.631710691029994
1,All Population,5,Prevalence,130,Mexico,3,Both,22,All ages,975,Diabetes mellitus type 1,3,Rate,2023,59.17048490304,73.14420479507,48.13795279043
1,All Population,5,Prevalence,175,Burundi,3,Both,22,All ages,975,Diabetes mellitus type 1,3,Rate,2023,28.29540098016,42.58094538258,20.40114031697
1,All Population,5,Prevalence,208,Guinea,3,Both,22,All ages,975,Diabetes mellitus type 1,3,Rate,2023,10.84368876082,14.411913722980001,8.57928246055
1,All Population,5,Prevalence,349,Greenland,3,Both,22,All ages,975,Diabetes mellitus type 1,3,Rate,2021,420.29304720858994,482.03908970535997,364.20464550087
1,All Population,5,Prevalence,416,Tuvalu,3,Both,22,All ages,975,Diabetes mellitus type 1,3,Rate,2021,43.34823003983,52.29771053722,35.86561911567
1,All Population,5,Prevalence,177,Djibouti,3,Both,22,All ages,975,Diabetes mellitus type 1,3,Rate,2023,30.77483192059,43.4335065347,23.56176261654
1,All Population,5,Prevalence,186,Seychelles,3,Both,22,All ages,975,Diabetes mellitus type 1,3,Rate,2023,57.088999271560006,67.88815664148001,47.64026296466
1,All Population,5,Prevalence,43,Albania,3,Both,22,All ages,975,Diabetes mellitus type 1,3,Rate,2023,263.94756549449,303.60050970231003,225.65341142907
1,All Population,5,Prevalence,11,Indonesia,3,Both,22,All ages,975,Diabetes mellitus type 1,3,Rate,2023,52.138860374299995,62.26396575928,43.9194430796
1,All Population,5,Prevalence,189,United Republic of Tanzania,3,Both,22,All ages,975,Diabetes mellitus type 1,3,Rate,2023,27.414051988309996,39.707804683730004,20.08442659944
1,All Population,5,Prevalence,320,Cook Islands,3,Both,22,All ages,975,Diabetes mellitus type 1,3,Rate,2023,49.23159603158,58.57648261861,41.153401536770005
1,All Population,5,Prevalence,45,Bulgaria,3,Both,22,All ages,975,Diabetes mellitus type 1,3,Rate,2023,267.28784500605997,307.64663366152996,227.71177371817998
1,All Population,5,Prevalence,522,Sudan,3,Both,22,All ages,975,Diabetes mellitus type 1,3,Rate,2021,97.44883223586,119.31794117693,83.72668430302001
1,All Population,5,Prevalence,13,Malaysia,3,Both,22,All ages,975,Diabetes mellitus type 1,3,Rate,2023,55.34667726211,66.97617600716,45.73542538536
1,All Population,5,Prevalence,351,Guam,3,Both,22,All ages,975,Diabetes mellitus type 1,3,Rate,2023,50.14371200424,59.039489207420004,42.15234425009
1,All Population,5,Prevalence,24,Marshall Islands,3,Both,22,All ages,975,Diabetes mellitus type 1,3,Rate,2023,43.37550457171,53.57065898218,36.004460549
1,All Population,5,Prevalence,15,Myanmar,3,Both,22,All ages,975,Diabetes mellitus type 1,3,Rate,2023,52.25692307593,65.01809821254,43.06790307461
1,All Population,5,Prevalence,90,Norway,3,Both,22,All ages,975,Diabetes mellitus type 1,3,Rate,2023,501.2815872506,580.68169119131,437.52377333802997
1,All Population,5,Prevalence,58,Estonia,3,Both,22,All ages,975,Diabetes mellitus type 1,3,Rate,2023,301.87721313657,342.39822577973,265.77606327916
1,All Population,5,Prevalence,20,Viet Nam,3,Both,22,All ages,975,Diabetes mellitus type 1,3,Rate,2022,54.73051040979,65.57876421787999,45.44585416333
1,All Population,5,Prevalence,22,Fiji,3,Both,22,All ages,975,Diabetes mellitus type 1,3,Rate,2022,45.23937719252,54.24566314934,37.77717646784
1,All Population,5,Prevalence,71,Australia,3,Both,22,All ages,975,Diabetes mellitus type 1,3,Rate,2023,434.57542073734,470.06426707632994,403.65192469682995
1,All Population,5,Prevalence,60,Lithuania,3,Both,22,All ages,975,Diabetes mellitus type 1,3,Rate,2023,190.57493344030001,214.28544823379002,165.78956459251
1,All Population,5,Prevalence,92,Spain,3,Both,22,All ages,975,Diabetes mellitus type 1,3,Rate,2023,375.92762742492,410.64891369826,340.59338534824
1,All Population,5,Prevalence,33,Armenia,3,Both,22,All ages,975,Diabetes mellitus type 1,3,Rate,2022,93.06404824958,110.16161085827001,78.16551521125
1,All Population,5,Prevalence,26,Papua New Guinea,3,Both,22,All ages,975,Diabetes mellitus type 1,3,Rate,2023,40.19788814247,50.03167369836,33.20327889694
1,All Population,5,Prevalence,67,Japan,3,Both,22,All ages,975,Diabetes mellitus type 1,3,Rate,2022,45.203136985680004,52.64018863305,38.80581629969
1,All Population,5,Prevalence,78,Denmark,3,Both,22,All ages,975,Diabetes mellitus type 1,3,Rate,2022,420.83301978656004,472.83224402948997,365.51187984099
1,All Population,5,Prevalence,35,Georgia,3,Both,22,All ages,975,Diabetes mellitus type 1,3,Rate,2022,92.05625563873001,109.10393931598001,77.18122796883
1,All Population,5,Prevalence,62,Russian Federation,3,Both,22,All ages,975,Diabetes mellitus type 1,3,Rate,2023,222.33917658822,260.79604042088,189.79098058582
1,All Population,5,Prevalence,28,Solomon Islands,3,Both,22,All ages,975,Diabetes mellitus type 1,3,Rate,2023,41.0230164683,51.36589240996,33.82103137002
1,All Population,5,Prevalence,69,Singapore,3,Both,22,All ages,975,Diabetes mellitus type 1,3,Rate,2022,57.02629812541,66.77004832688999,49.10393604736001
1,All Population,5,Prevalence,80,France,3,Both,22,All ages,975,Diabetes mellitus type 1,3,Rate,2022,267.30339970614,294.74716688702,236.75796548065
1,All Population,5,Prevalence,37,Kyrgyzstan,3,Both,22,All ages,975,Diabetes mellitus type 1,3,Rate,2022,78.41108015258,96.46117356456,66.00994797385
1,All Population,5,Prevalence,105,Antigua and Barbuda,3,Both,22,All ages,975,Diabetes mellitus type 1,3,Rate,2023,60.04100871994,73.68424876796,48.984145124790004
1,All Population,5,Prevalence,48,Hungary,3,Both,22,All ages,975,Diabetes mellitus type 1,3,Rate,2022,346.48425457777,387.62170091797,301.75939032191997
1,All Population,5,Prevalence,41,Uzbekistan,3,Both,22,All ages,975,Diabetes mellitus type 1,3,Rate,2023,80.34099107304999,98.20769585858001,67.90302965693999
1,All Population,5,Prevalence,30,Vanuatu,3,Both,22,All ages,975,Diabetes mellitus type 1,3,Rate,2023,41.12639365335,50.961157362440005,34.02483211544
1,All Population,5,Prevalence,82,Greece,3,Both,22,All ages,975,Diabetes mellitus type 1,3,Rate,2022,219.98796160170997,250.46196565448,189.24327243683
1,All Population,5,Prevalence,75,Austria,3,Both,22,All ages,975,Diabetes mellitus type 1,3,Rate,2023,282.24974577992,317.9562221467,244.05475770548998
1,All Population,5,Prevalence,114,Haiti,3,Both,22,All ages,975,Diabetes mellitus type 1,3,Rate,2022,50.80298005115,66.11319997188,40.829636162919996
1,All Population,5,Prevalence,107,Barbados,3,Both,22,All ages,975,Diabetes mellitus type 1,3,Rate,2023,61.098846265800006,74.40277031306,49.94950574255999
1,All Population,5,Prevalence,139,Algeria,3,Both,22,All ages,975,Diabetes mellitus type 1,3,Rate,2023,318.22015919925,375.98758889124997,279.98439491593
1,All Population,5,Prevalence,7,Democratic People's Republic of Korea,3,Both,22,All ages,975,Diabetes mellitus type 1,3,Rate,2022,76.50370920529001,88.61468078746,65.67564522432001
1,All Population,5,Prevalence,125,Colombia,3,Both,22,All ages,975,Diabetes mellitus type 1,3,Rate,2022,54.47386279952,68.09593241594,43.93168750306
1,All Population,5,Prevalence,39,Tajikistan,3,Both,22,All ages,975,Diabetes mellitus type 1,3,Rate,2022,74.38020023659,92.74980217616,62.345724735359994
1,All Population,5,Prevalence,86,Italy,3,Both,22,All ages,975,Diabetes mellitus type 1,3,Rate,2023,340.5321450309,384.73842214452,299.88424411448
1,All Population,5,Prevalence,150,Oman,3,Both,22,All ages,975,Diabetes mellitus type 1,3,Rate,2023,104.91831857556,131.37199767779,85.99144686768
1,All Population,5,Prevalence,50,Montenegro,3,Both,22,All ages,975,Diabetes mellitus type 1,3,Rate,2022,297.90305546126,348.24904307445,253.76754854783
1,All Population,5,Prevalence,18,Thailand,3,Both,22,All ages,975,Diabetes mellitus type 1,3,Rate,2022,61.76197470556,73.11211456427999,51.42609502741
1,All Population,5,Prevalence,84,Ireland,3,Both,22,All ages,975,Diabetes mellitus type 1,3,Rate,2022,376.27918844763997,413.96554938233,334.85580807601997
1,All Population,5,Prevalence,63,Ukraine,3,Both,22,All ages,975,Diabetes mellitus type 1,3,Rate,2022,165.26967253153,192.37805448054,139.68128975226
1,All Population,5,Prevalence,77,Cyprus,3,Both,22,All ages,975,Diabetes mellitus type 1,3,Rate,2023,239.83871936711998,273.81317480883,210.89577812
1,All Population,5,Prevalence,118,Suriname,3,Both,22,All ages,975,Diabetes mellitus type 1,3,Rate,2023,56.24689563063,70.58066582226999,45.65061155661
1,All Population,5,Prevalence,95,United Kingdom,3,Both,22,All ages,975,Diabetes mellitus type 1,3,Rate,2022,424.20091121178996,488.00368352400005,357.41454335992
1,All Population,5,Prevalence,116,Saint Lucia,3,Both,22,All ages,975,Diabetes mellitus type 1,3,Rate,2022,59.836838236300004,73.87948901746,48.728582833619996
1,All Population,5,Prevalence,184,Mozambique,3,Both,22,All ages,975,Diabetes mellitus type 1,3,Rate,2023,27.93828740786,42.53726056296,19.921994646479998
1,All Population,5,Prevalence,127,El Salvador,3,Both,22,All ages,975,Diabetes mellitus type 1,3,Rate,2022,53.18161655031,67.18604508077,42.61464827872
1,All Population,5,Prevalence,88,Malta,3,Both,22,All ages,975,Diabetes mellitus type 1,3,Rate,2023,335.8017897637,382.61760958336,293.63586871278
1,All Population,5,Prevalence,163,India,3,Both,22,All ages,975,Diabetes mellitus type 1,3,Rate,2023,66.79319369277,80.38319685141,55.97486057282
1,All Population,5,Prevalence,152,Saudi Arabia,3,Both,22,All ages,975,Diabetes mellitus type 1,3,Rate,2023,273.154060383,333.49316502749997,225.89906575545
1,All Population,5,Prevalence,97,Argentina,3,Both,22,All ages,975,Diabetes mellitus type 1,3,Rate,2022,116.56981013557001,140.4417524964,96.08634590281
1,All Population,5,Prevalence,198,Zimbabwe,3,Both,22,All ages,975,Diabetes mellitus type 1,3,Rate,2023,15.51405770938,20.78465725625,12.317499359280001
1,All Population,5,Prevalence,172,Equatorial Guinea,3,Both,22,All ages,975,Diabetes mellitus type 1,3,Rate,2022,15.17681045131,20.68408562535,11.88676334606
1,All Population,5,Prevalence,52,Romania,3,Both,22,All ages,975,Diabetes mellitus type 1,3,Rate,2022,150.35700330985998,164.82381486868002,134.09147974347
1,All Population,5,Prevalence,154,Tunisia,3,Both,22,All ages,975,Diabetes mellitus type 1,3,Rate,2023,127.07812909858,158.4841518967,103.29125024540001
1,All Population,5,Prevalence,161,Bangladesh,3,Both,22,All ages,975,Diabetes mellitus type 1,3,Rate,2022,35.72911324151,43.0916401554,29.978334478609998
1,All Population,5,Prevalence,129,Honduras,3,Both,22,All ages,975,Diabetes mellitus type 1,3,Rate,2022,48.453564916670004,62.795407694960005,38.68779647583
1,All Population,5,Prevalence,165,Pakistan,3,Both,22,All ages,975,Diabetes mellitus type 1,3,Rate,2023,37.46821771068,48.08935256733,31.041909159870002
1,All Population,5,Prevalence,122,Ecuador,3,Both,22,All ages,975,Diabetes mellitus type 1,3,Rate,2023,51.310628454159996,64.77512619388,42.069823810289996
1,All Population,5,Prevalence,133,Venezuela (Bolivarian Republic of),3,Both,22,All ages,975,Diabetes mellitus type 1,3,Rate,2023,55.17312767765,68.03054733369001,45.04472970222
1,All Population,5,Prevalence,140,Bahrain,3,Both,22,All ages,975,Diabetes mellitus type 1,3,Rate,2022,109.26033451053999,135.33944224639998,90.919874735
1,All Population,5,Prevalence,101,Canada,3,Both,22,All ages,975,Diabetes mellitus type 1,3,Rate,2023,566.82760883494,628.07922879777,509.58120995908
1,All Population,5,Prevalence,200,Benin,3,Both,22,All ages,975,Diabetes mellitus type 1,3,Rate,2023,10.90289258088,14.50545977632,8.6295857682
1,All Population,5,Prevalence,298,American Samoa,3,Both,22,All ages,975,Diabetes mellitus type 1,3,Rate,2023,47.23273859187,57.01227854682,39.51847210109
1,All Population,5,Prevalence,211,Mali,3,Both,22,All ages,975,Diabetes mellitus type 1,3,Rate,2023,9.839758905490001,12.56528861234,7.869693202400001
1,All Population,5,Prevalence,99,Uruguay,3,Both,22,All ages,975,Diabetes mellitus type 1,3,Rate,2022,118.30694524964001,140.49823940255,98.06206586457999
1,All Population,5,Prevalence,54,Slovakia,3,Both,22,All ages,975,Diabetes mellitus type 1,3,Rate,2022,313.95643072232997,354.69746239872995,270.37340610815
1,All Population,5,Prevalence,110,Dominica,3,Both,22,All ages,975,Diabetes mellitus type 1,3,Rate,2022,58.301561219359996,72.46406335837,47.215483479759996
1,All Population,5,Prevalence,135,Brazil,3,Both,22,All ages,975,Diabetes mellitus type 1,3,Rate,2023,141.6893620388,174.19383481825,116.53372246705001
1,All Population,5,Prevalence,178,Eritrea,3,Both,22,All ages,975,Diabetes mellitus type 1,3,Rate,2023,61.091930547820006,81.37186086561,47.81365060671
1,All Population,5,Prevalence,131,Nicaragua,3,Both,22,All ages,975,Diabetes mellitus type 1,3,Rate,2022,50.906952963680006,65.26447506484,40.877405109979996
1,All Population,5,Prevalence,142,Iran (Islamic Republic of),3,Both,22,All ages,975,Diabetes mellitus type 1,3,Rate,2022,79.11863505405,98.5704609676,65.22275620996
1,All Population,5,Prevalence,213,Niger,3,Both,22,All ages,975,Diabetes mellitus type 1,3,Rate,2023,9.86103286168,13.517212226420002,7.5235170909899995
1,All Population,5,Prevalence,209,Guinea-Bissau,3,Both,22,All ages,975,Diabetes mellitus type 1,3,Rate,2022,10.97820997819,14.4178483402,8.82070822488
1,All Population,5,Prevalence,169,Central African Republic,3,Both,22,All ages,975,Diabetes mellitus type 1,3,Rate,2023,14.14732741652,19.48275226136,10.92482918917
1,All Population,5,Prevalence,180,Kenya,3,Both,22,All ages,975,Diabetes mellitus type 1,3,Rate,2023,26.88311073729,36.64720328121,21.10302662254
1,All Population,5,Prevalence,112,Grenada,3,Both,22,All ages,975,Diabetes mellitus type 1,3,Rate,2022,57.587954131459995,71.68913593208,46.65815900164
1,All Population,5,Prevalence,176,Comoros,3,Both,22,All ages,975,Diabetes mellitus type 1,3,Rate,2022,29.997758225280002,42.06907526965,22.663624456289998
1,All Population,5,Prevalence,187,Somalia,3,Both,22,All ages,975,Diabetes mellitus type 1,3,Rate,2022,26.565915671229998,39.165724086640004,19.38542812823
1,All Population,5,Prevalence,393,Saint Kitts and Nevis,3,Both,22,All ages,975,Diabetes mellitus type 1,3,Rate,2023,59.28523831214999,72.75383861402,48.47347820553
1,All Population,5,Prevalence,148,Morocco,3,Both,22,All ages,975,Diabetes mellitus type 1,3,Rate,2023,107.6756841281,136.05325853878,87.65738277806
1,All Population,5,Prevalence,144,Jordan,3,Both,22,All ages,975,Diabetes mellitus type 1,3,Rate,2022,87.140484673,110.62722066432,69.85651650679
1,All Population,5,Prevalence,215,Sao Tome and Principe,3,Both,22,All ages,975,Diabetes mellitus type 1,3,Rate,2023,12.60835834686,16.24568384936,10.249971245660001
1,All Population,5,Prevalence,182,Malawi,3,Both,22,All ages,975,Diabetes mellitus type 1,3,Rate,2023,29.427100250770003,44.88800466238,21.17586957426
1,All Population,5,Prevalence,413,Tokelau,3,Both,22,All ages,975,Diabetes mellitus type 1,3,Rate,2023,47.69463432348,57.21516925523,39.742299887179996
1,All Population,5,Prevalence,155,Türkiye,3,Both,22,All ages,975,Diabetes mellitus type 1,3,Rate,2022,107.91192716120999,127.21565716882999,92.70838100934999
1,All Population,5,Prevalence,194,Lesotho,3,Both,22,All ages,975,Diabetes mellitus type 1,3,Rate,2023,16.69777195185,21.702937226979998,13.489063870769998
1,All Population,5,Prevalence,190,Uganda,3,Both,22,All ages,975,Diabetes mellitus type 1,3,Rate,2022,27.487819187390002,41.04649873484,19.885449351800002
1,All Population,5,Prevalence,203,Cabo Verde,3,Both,22,All ages,975,Diabetes mellitus type 1,3,Rate,2022,13.711016709039999,17.024155248579998,11.37691863547
1,All Population,5,Prevalence,146,Lebanon,3,Both,22,All ages,975,Diabetes mellitus type 1,3,Rate,2022,104.61916502415,131.45079773505,85.81220510035
1,All Population,5,Prevalence,305,Bermuda,3,Both,22,All ages,975,Diabetes mellitus type 1,3,Rate,2022,62.445935387569996,75.88098349832,51.02391765365
1,All Population,5,Prevalence,196,South Africa,3,Both,22,All ages,975,Diabetes mellitus type 1,3,Rate,2023,17.37507914324,21.45257179588,14.55676291928
1,All Population,5,Prevalence,170,Congo,3,Both,22,All ages,975,Diabetes mellitus type 1,3,Rate,2022,15.4411422,20.478460682919998,12.384108085529999
1,All Population,5,Prevalence,157,Yemen,3,Both,22,All ages,975,Diabetes mellitus type 1,3,Rate,2022,24.01788561653,29.27878236384,20.51628232685
1,All Population,5,Prevalence,374,Niue,3,Both,22,All ages,975,Diabetes mellitus type 1,3,Rate,2023,49.75927868231,58.702697433720004,41.674650999
1,All Population,5,Prevalence,349,Greenland,3,Both,22,All ages,975,Diabetes mellitus type 1,3,Rate,2022,424.60169171144,491.60079804419,367.75391085702
1,All Population,5,Prevalence,205,Côte d'Ivoire,3,Both,22,All ages,975,Diabetes mellitus type 1,3,Rate,2022,11.43577335551,14.88888436202,9.25179466101
1,All Population,5,Prevalence,380,Palau,3,Both,22,All ages,975,Diabetes mellitus type 1,3,Rate,2023,52.41481065703,61.6751918013,44.36624475075
1,All Population,5,Prevalence,416,Tuvalu,3,Both,22,All ages,975,Diabetes mellitus type 1,3,Rate,2022,43.700307824460005,52.95325868607,36.30023016835
1,All Population,5,Prevalence,218,Togo,3,Both,22,All ages,975,Diabetes mellitus type 1,3,Rate,2022,11.69768818414,14.95666271846,9.48115229497
1,All Population,5,Prevalence,522,Sudan,3,Both,22,All ages,975,Diabetes mellitus type 1,3,Rate,2022,99.28955449757,121.14334195894999,85.21040133023
1,All Population,5,Prevalence,207,Ghana,3,Both,22,All ages,975,Diabetes mellitus type 1,3,Rate,2022,11.99648872813,15.261443153930001,9.74353362382
1,All Population,5,Prevalence,367,Monaco,3,Both,22,All ages,975,Diabetes mellitus type 1,3,Rate,2022,425.83723976125003,488.4085391792,366.33653397845
1,All Population,5,Prevalence,435,South Sudan,3,Both,22,All ages,975,Diabetes mellitus type 1,3,Rate,2022,28.880905611259998,42.3838099296,21.182457945670002
1,All Population,5,Prevalence,37,Kyrgyzstan,3,Both,22,All ages,975,Diabetes mellitus type 1,3,Rate,2023,79.17936000639999,97.43822076377,66.4465970718
1,All Population,5,Prevalence,7,Democratic People's Republic of Korea,3,Both,22,All ages,975,Diabetes mellitus type 1,3,Rate,2023,77.63926409189,89.6887815033,66.64429984766
1,All Population,5,Prevalence,50,Montenegro,3,Both,22,All ages,975,Diabetes mellitus type 1,3,Rate,2023,301.50911313488,352.84994922822,257.91857033837
1,All Population,5,Prevalence,39,Tajikistan,3,Both,22,All ages,975,Diabetes mellitus type 1,3,Rate,2023,74.93092332980001,93.50243450126999,62.542197212960005
1,All Population,5,Prevalence,84,Ireland,3,Both,22,All ages,975,Diabetes mellitus type 1,3,Rate,2023,383.33422708174004,424.12959944105,342.46366756144
1,All Population,5,Prevalence,18,Thailand,3,Both,22,All ages,975,Diabetes mellitus type 1,3,Rate,2023,62.51932481495,74.4072360669,52.030628569479994
1,All Population,5,Prevalence,52,Romania,3,Both,22,All ages,975,Diabetes mellitus type 1,3,Rate,2023,152.81493760181002,167.62616614904002,136.65316603737
1,All Population,5,Prevalence,97,Argentina,3,Both,22,All ages,975,Diabetes mellitus type 1,3,Rate,2023,119.02957467545001,146.293728268,98.65641451378
1,All Population,5,Prevalence,63,Ukraine,3,Both,22,All ages,975,Diabetes mellitus type 1,3,Rate,2023,168.53834396831,194.83177969542,142.88007911794
1,All Population,5,Prevalence,20,Viet Nam,3,Both,22,All ages,975,Diabetes mellitus type 1,3,Rate,2023,55.4432419852,66.5268678744,46.17596553066
1,All Population,5,Prevalence,131,Nicaragua,3,Both,22,All ages,975,Diabetes mellitus type 1,3,Rate,2023,51.22311925511,65.81373810178,41.28721924159
1,All Population,5,Prevalence,33,Armenia,3,Both,22,All ages,975,Diabetes mellitus type 1,3,Rate,2023,93.76648367275,110.94285772007,78.74072429745
1,All Population,5,Prevalence,54,Slovakia,3,Both,22,All ages,975,Diabetes mellitus type 1,3,Rate,2023,317.82488240183,359.07677379594,274.60611569856
1,All Population,5,Prevalence,110,Dominica,3,Both,22,All ages,975,Diabetes mellitus type 1,3,Rate,2023,58.74935231652999,72.80512946034,47.699793729010004
1,All Population,5,Prevalence,99,Uruguay,3,Both,22,All ages,975,Diabetes mellitus type 1,3,Rate,2023,120.55774102136,144.46688361839,100.45107880064
1,All Population,5,Prevalence,78,Denmark,3,Both,22,All ages,975,Diabetes mellitus type 1,3,Rate,2023,426.65440869483,482.13340267363,371.28017316316
1,All Population,5,Prevalence,22,Fiji,3,Both,22,All ages,975,Diabetes mellitus type 1,3,Rate,2023,45.72853354433,55.43274668347,38.27226907176
1,All Population,5,Prevalence,35,Georgia,3,Both,22,All ages,975,Diabetes mellitus type 1,3,Rate,2023,92.51630408722,109.73305573264999,77.48767754413
1,All Population,5,Prevalence,155,Türkiye,3,Both,22,All ages,975,Diabetes mellitus type 1,3,Rate,2023,109.6511420651,129.66374971899,94.10715139055
1,All Population,5,Prevalence,144,Jordan,3,Both,22,All ages,975,Diabetes mellitus type 1,3,Rate,2023,88.79758832018001,116.39586768556,70.4268545222
1,All Population,5,Prevalence,67,Japan,3,Both,22,All ages,975,Diabetes mellitus type 1,3,Rate,2023,45.58195258726,53.50288929498,39.325879298989996
1,All Population,5,Prevalence,112,Grenada,3,Both,22,All ages,975,Diabetes mellitus type 1,3,Rate,2023,57.930099566429995,71.61030072643,47.08266910764
1,All Population,5,Prevalence,80,France,3,Both,22,All ages,975,Diabetes mellitus type 1,3,Rate,2023,271.83101096536,299.90185182993,241.48800974917
1,All Population,5,Prevalence,157,Yemen,3,Both,22,All ages,975,Diabetes mellitus type 1,3,Rate,2023,24.250432786730002,29.86769391432,20.53180545864
1,All Population,5,Prevalence,69,Singapore,3,Both,22,All ages,975,Diabetes mellitus type 1,3,Rate,2023,57.51452129721,68.06778573966,49.56170834709
1,All Population,5,Prevalence,146,Lebanon,3,Both,22,All ages,975,Diabetes mellitus type 1,3,Rate,2023,106.41405615097,133.80128094353,86.43433859986
1,All Population,5,Prevalence,203,Cabo Verde,3,Both,22,All ages,975,Diabetes mellitus type 1,3,Rate,2023,13.90911638728,17.39759270306,11.57616451401
1,All Population,5,Prevalence,114,Haiti,3,Both,22,All ages,975,Diabetes mellitus type 1,3,Rate,2023,51.061170138310004,67.04958516046,40.9474138924
1,All Population,5,Prevalence,125,Colombia,3,Both,22,All ages,975,Diabetes mellitus type 1,3,Rate,2023,54.76018396053,68.29440869158,44.285474465200004
1,All Population,5,Prevalence,82,Greece,3,Both,22,All ages,975,Diabetes mellitus type 1,3,Rate,2023,223.26703802349,254.17415836239002,192.96668623662
1,All Population,5,Prevalence,48,Hungary,3,Both,22,All ages,975,Diabetes mellitus type 1,3,Rate,2023,350.15005163122,395.28837925615,306.08837345241
1,All Population,5,Prevalence,205,Côte d'Ivoire,3,Both,22,All ages,975,Diabetes mellitus type 1,3,Rate,2023,11.55422397183,15.2224430438,9.37830168297
1,All Population,5,Prevalence,170,Congo,3,Both,22,All ages,975,Diabetes mellitus type 1,3,Rate,2023,15.65958577873,21.11206517642,12.40732924724
1,All Population,5,Prevalence,116,Saint Lucia,3,Both,22,All ages,975,Diabetes mellitus type 1,3,Rate,2023,60.17197158967,73.67521942752,49.19333961414
1,All Population,5,Prevalence,95,United Kingdom,3,Both,22,All ages,975,Diabetes mellitus type 1,3,Rate,2023,429.33657773103,494.53800740354,363.08068578763
1,All Population,5,Prevalence,127,El Salvador,3,Both,22,All ages,975,Diabetes mellitus type 1,3,Rate,2023,53.58291441857,67.74980764877,43.09076729626
1,All Population,5,Prevalence,367,Monaco,3,Both,22,All ages,975,Diabetes mellitus type 1,3,Rate,2023,430.75730101844,491.03853722961,370.61258179237
1,All Population,5,Prevalence,140,Bahrain,3,Both,22,All ages,975,Diabetes mellitus type 1,3,Rate,2023,110.74364391188,137.31811570605,92.33635065656
1,All Population,5,Prevalence,161,Bangladesh,3,Both,22,All ages,975,Diabetes mellitus type 1,3,Rate,2023,35.94306476099,43.4287959048,30.16276510678
1,All Population,5,Prevalence,218,Togo,3,Both,22,All ages,975,Diabetes mellitus type 1,3,Rate,2023,11.85221835292,15.337504337699999,9.58435895045
1,All Population,5,Prevalence,207,Ghana,3,Both,22,All ages,975,Diabetes mellitus type 1,3,Rate,2023,12.12627914613,15.6225084819,9.89548797502
1,All Population,5,Prevalence,172,Equatorial Guinea,3,Both,22,All ages,975,Diabetes mellitus type 1,3,Rate,2023,15.44325523808,21.28908047482,11.9277989502
1,All Population,5,Prevalence,435,South Sudan,3,Both,22,All ages,975,Diabetes mellitus type 1,3,Rate,2023,29.58961405467,44.67992305268,21.474930110240003
1,All Population,5,Prevalence,129,Honduras,3,Both,22,All ages,975,Diabetes mellitus type 1,3,Rate,2023,48.67538517865,62.812362136539996,39.07143546357
1,All Population,5,Prevalence,142,Iran (Islamic Republic of),3,Both,22,All ages,975,Diabetes mellitus type 1,3,Rate,2023,80.39746623306,102.57093710116,65.67340039660999
1,All Population,5,Prevalence,209,Guinea-Bissau,3,Both,22,All ages,975,Diabetes mellitus type 1,3,Rate,2023,11.10728459345,14.77991775457,8.86925281346
1,All Population,5,Prevalence,305,Bermuda,3,Both,22,All ages,975,Diabetes mellitus type 1,3,Rate,2023,62.721246542479996,76.25210443282,51.448264699899994
1,All Population,5,Prevalence,176,Comoros,3,Both,22,All ages,975,Diabetes mellitus type 1,3,Rate,2023,30.64735512784,44.11980343499,23.06829730036
1,All Population,5,Prevalence,187,Somalia,3,Both,22,All ages,975,Diabetes mellitus type 1,3,Rate,2023,27.1326714111,41.05761432581,19.45851894507
1,All Population,5,Prevalence,349,Greenland,3,Both,22,All ages,975,Diabetes mellitus type 1,3,Rate,2023,429.05953354082993,503.40834169638003,372.547511529
1,All Population,5,Prevalence,190,Uganda,3,Both,22,All ages,975,Diabetes mellitus type 1,3,Rate,2023,28.20443063067,43.20398788442,20.07150768528
1,All Population,5,Prevalence,416,Tuvalu,3,Both,22,All ages,975,Diabetes mellitus type 1,3,Rate,2023,44.07198840319,53.83800190552,36.71474671977
1,All Population,5,Prevalence,522,Sudan,3,Both,22,All ages,975,Diabetes mellitus type 1,3,Rate,2023,101.14423847264,124.08103306324001,85.54646185086
