population_group_id,population_group_name,measure_id,measure_name,location_id,location_name,sex_id,sex_name,age_id,age_name,cause_id,cause_name,metric_id,metric_name,year,val,upper,lower
1,All Population,5,Prevalence,33,Armenia,3,Both,22,All ages,976,Diabetes mellitus type 2,3,Rate,2014,5495.5274133883295,5861.74978726904,5156.80029847458
1,All Population,5,Prevalence,25,Micronesia (Federated States of),3,Both,22,All ages,976,Diabetes mellitus type 2,3,Rate,2014,12950.54049090586,13676.54937066682,12172.59717131876
1,All Population,5,Prevalence,22,Fiji,3,Both,22,All ages,976,Diabetes mellitus type 2,3,Rate,2014,13341.27871486274,14229.27272616101,12553.6171735674
1,All Population,5,Prevalence,41,Uzbekistan,3,Both,22,All ages,976,Diabetes mellitus type 2,3,Rate,2014,3398.7603137483397,3703.72106865467,3119.27121103407
1,All Population,5,Prevalence,127,El Salvador,3,Both,22,All ages,976,Diabetes mellitus type 2,3,Rate,2014,5753.96023669478,6207.07142418368,5253.27232497893
1,All Population,5,Prevalence,30,Vanuatu,3,Both,22,All ages,976,Diabetes mellitus type 2,3,Rate,2014,5813.11891653793,6267.787179087531,5380.4651985168
1,All Population,5,Prevalence,69,Singapore,3,Both,22,All ages,976,Diabetes mellitus type 2,3,Rate,2014,5931.59239219338,6498.683500583401,5442.72261768059
1,All Population,5,Prevalence,88,Malta,3,Both,22,All ages,976,Diabetes mellitus type 2,3,Rate,2014,5578.50794014265,6009.76705885937,5193.36651307885
1,All Population,5,Prevalence,77,Cyprus,3,Both,22,All ages,976,Diabetes mellitus type 2,3,Rate,2014,6042.27640077821,6625.77953563487,5530.8269991519
1,All Population,5,Prevalence,80,France,3,Both,22,All ages,976,Diabetes mellitus type 2,3,Rate,2014,5612.8902566497,6005.52674129062,5146.431893689371
1,All Population,5,Prevalence,43,Albania,3,Both,22,All ages,976,Diabetes mellitus type 2,3,Rate,2014,3351.3273448465698,3767.22159289054,2977.16057683362
1,All Population,5,Prevalence,305,Bermuda,3,Both,22,All ages,976,Diabetes mellitus type 2,3,Rate,2014,7669.2599282683,8371.00927363083,7033.54409495786
1,All Population,5,Prevalence,116,Saint Lucia,3,Both,22,All ages,976,Diabetes mellitus type 2,3,Rate,2014,11599.809702067621,12365.94507726993,10709.88579917414
1,All Population,5,Prevalence,182,Malawi,3,Both,22,All ages,976,Diabetes mellitus type 2,3,Rate,2014,1133.60404095571,1224.94636379012,1055.76954593577
1,All Population,5,Prevalence,374,Niue,3,Both,22,All ages,976,Diabetes mellitus type 2,3,Rate,2014,18181.70678140776,19521.66688568423,16853.95730076019
1,All Population,5,Prevalence,90,Norway,3,Both,22,All ages,976,Diabetes mellitus type 2,3,Rate,2014,5693.24940734397,6377.416293691569,5013.7040600765795
1,All Population,5,Prevalence,135,Brazil,3,Both,22,All ages,976,Diabetes mellitus type 2,3,Rate,2014,4979.83727872442,5485.20785366748,4480.54311166138
1,All Population,5,Prevalence,72,New Zealand,3,Both,22,All ages,976,Diabetes mellitus type 2,3,Rate,2014,4675.33753352921,4906.66557231864,4475.48284800094
1,All Population,5,Prevalence,14,Maldives,3,Both,22,All ages,976,Diabetes mellitus type 2,3,Rate,2014,3410.56399783673,3738.31991120004,3084.04408016055
1,All Population,5,Prevalence,35,Georgia,3,Both,22,All ages,976,Diabetes mellitus type 2,3,Rate,2014,5313.85399466973,5708.11349755746,4932.458943494919
1,All Population,5,Prevalence,129,Honduras,3,Both,22,All ages,976,Diabetes mellitus type 2,3,Rate,2014,3458.95264449695,3794.1924472903197,3150.1869462607697
1,All Population,5,Prevalence,36,Kazakhstan,3,Both,22,All ages,976,Diabetes mellitus type 2,3,Rate,2014,4789.21786196614,5114.67276226974,4459.5387411225
1,All Population,5,Prevalence,45,Bulgaria,3,Both,22,All ages,976,Diabetes mellitus type 2,3,Rate,2014,7380.990839612759,7802.4322502473,6924.136088791661
1,All Population,5,Prevalence,83,Iceland,3,Both,22,All ages,976,Diabetes mellitus type 2,3,Rate,2014,3978.63916873229,4376.95831424243,3620.6302986430396
1,All Population,5,Prevalence,61,Republic of Moldova,3,Both,22,All ages,976,Diabetes mellitus type 2,3,Rate,2014,5578.226991441839,5998.686208303689,5220.42153378422
1,All Population,5,Prevalence,153,Syrian Arab Republic,3,Both,22,All ages,976,Diabetes mellitus type 2,3,Rate,2014,6758.673287416001,7441.063064051601,6152.54284087994
1,All Population,5,Prevalence,298,American Samoa,3,Both,22,All ages,976,Diabetes mellitus type 2,3,Rate,2014,13850.32474327624,14793.39022667018,13061.99575659026
1,All Population,5,Prevalence,130,Mexico,3,Both,22,All ages,976,Diabetes mellitus type 2,3,Rate,2014,10554.03508589185,11519.2861920984,9584.044513297391
1,All Population,5,Prevalence,95,United Kingdom,3,Both,22,All ages,976,Diabetes mellitus type 2,3,Rate,2014,6601.50045789762,7078.33957023187,6093.26844504689
1,All Population,5,Prevalence,48,Hungary,3,Both,22,All ages,976,Diabetes mellitus type 2,3,Rate,2014,5249.97098731849,5553.35502740462,4844.14438831771
1,All Population,5,Prevalence,177,Djibouti,3,Both,22,All ages,976,Diabetes mellitus type 2,3,Rate,2014,1900.7039008586498,2090.80517396617,1746.06311770653
1,All Population,5,Prevalence,92,Spain,3,Both,22,All ages,976,Diabetes mellitus type 2,3,Rate,2014,7494.80667850206,8055.12804995005,7001.26979915616
1,All Population,5,Prevalence,148,Morocco,3,Both,22,All ages,976,Diabetes mellitus type 2,3,Rate,2014,7260.3703946161695,7879.139817222331,6702.484903610351
1,All Population,5,Prevalence,11,Indonesia,3,Both,22,All ages,976,Diabetes mellitus type 2,3,Rate,2015,3858.7536158214,4274.589847510861,3447.7034392468404
1,All Population,5,Prevalence,422,United States Virgin Islands,3,Both,22,All ages,976,Diabetes mellitus type 2,3,Rate,2014,11176.61773717475,12197.18496142337,10307.826592060961
1,All Population,5,Prevalence,202,Cameroon,3,Both,22,All ages,976,Diabetes mellitus type 2,3,Rate,2014,2511.89098046872,2752.68654661765,2296.256414483
1,All Population,5,Prevalence,201,Burkina Faso,3,Both,22,All ages,976,Diabetes mellitus type 2,3,Rate,2014,1292.83395535977,1400.94152929482,1196.71294409897
1,All Population,5,Prevalence,143,Iraq,3,Both,22,All ages,976,Diabetes mellitus type 2,3,Rate,2014,7290.104995098901,7827.2576193719,6719.24268564945
1,All Population,5,Prevalence,49,North Macedonia,3,Both,22,All ages,976,Diabetes mellitus type 2,3,Rate,2014,7949.259194487079,8726.42460855318,7155.3993957782795
1,All Population,5,Prevalence,85,Israel,3,Both,22,All ages,976,Diabetes mellitus type 2,3,Rate,2014,3960.24317461659,4212.717795194179,3735.6936388547797
1,All Population,5,Prevalence,140,Bahrain,3,Both,22,All ages,976,Diabetes mellitus type 2,3,Rate,2014,13374.10231265842,14554.59075480455,12187.50448156335
1,All Population,5,Prevalence,27,Samoa,3,Both,22,All ages,976,Diabetes mellitus type 2,3,Rate,2014,9704.16440625325,10425.555557391459,9013.02602503064
1,All Population,5,Prevalence,53,Serbia,3,Both,22,All ages,976,Diabetes mellitus type 2,3,Rate,2015,6706.180583083659,7305.28790770386,6155.42461285031
1,All Population,5,Prevalence,24,Marshall Islands,3,Both,22,All ages,976,Diabetes mellitus type 2,3,Rate,2014,11459.815897667031,12378.01011709542,10445.66886840685
1,All Population,5,Prevalence,109,Cuba,3,Both,22,All ages,976,Diabetes mellitus type 2,3,Rate,2014,5435.09566188381,5865.87084432325,5039.55874696373
1,All Population,5,Prevalence,38,Mongolia,3,Both,22,All ages,976,Diabetes mellitus type 2,3,Rate,2014,3116.52553092485,3398.5635659886702,2840.04088304585
1,All Population,5,Prevalence,191,Zambia,3,Both,22,All ages,976,Diabetes mellitus type 2,3,Rate,2014,2144.65309270153,2319.6876931173697,1974.3420570582302
1,All Population,5,Prevalence,196,South Africa,3,Both,22,All ages,976,Diabetes mellitus type 2,3,Rate,2014,5650.73856261329,6149.16195805217,5142.51504181504
1,All Population,5,Prevalence,380,Palau,3,Both,22,All ages,976,Diabetes mellitus type 2,3,Rate,2014,13448.46686289785,14354.94581155714,12547.30913395865
1,All Population,5,Prevalence,156,United Arab Emirates,3,Both,22,All ages,976,Diabetes mellitus type 2,3,Rate,2014,11716.48883141987,13028.31962859094,10410.73814889487
1,All Population,5,Prevalence,6,China,3,Both,22,All ages,976,Diabetes mellitus type 2,3,Rate,2015,7369.4708114654395,8018.58996418883,6798.332097561511
1,All Population,5,Prevalence,39,Tajikistan,3,Both,22,All ages,976,Diabetes mellitus type 2,3,Rate,2015,3170.53741298342,3455.0204949885997,2924.0352812472897
1,All Population,5,Prevalence,58,Estonia,3,Both,22,All ages,976,Diabetes mellitus type 2,3,Rate,2014,5616.15895084588,6091.51547935417,5061.1107128086305
1,All Population,5,Prevalence,155,Türkiye,3,Both,22,All ages,976,Diabetes mellitus type 2,3,Rate,2014,7193.94994348467,7680.01355395649,6736.09132085241
1,All Population,5,Prevalence,204,Chad,3,Both,22,All ages,976,Diabetes mellitus type 2,3,Rate,2014,1976.1837255329901,2165.50136640217,1802.71516284879
1,All Population,5,Prevalence,145,Kuwait,3,Both,22,All ages,976,Diabetes mellitus type 2,3,Rate,2014,12445.26720395069,13353.764721998552,11505.321510217791
1,All Population,5,Prevalence,193,Botswana,3,Both,22,All ages,976,Diabetes mellitus type 2,3,Rate,2014,3164.20976985999,3445.0592558041303,2919.66646399952
1,All Population,5,Prevalence,51,Poland,3,Both,22,All ages,976,Diabetes mellitus type 2,3,Rate,2014,9077.432289979211,9767.66879391692,8487.50851153868
1,All Population,5,Prevalence,37,Kyrgyzstan,3,Both,22,All ages,976,Diabetes mellitus type 2,3,Rate,2014,2769.34320071283,2997.53465696592,2561.54278273735
1,All Population,5,Prevalence,82,Greece,3,Both,22,All ages,976,Diabetes mellitus type 2,3,Rate,2014,5623.02978157416,6114.52296193663,5174.33337930752
1,All Population,5,Prevalence,176,Comoros,3,Both,22,All ages,976,Diabetes mellitus type 2,3,Rate,2014,2537.40801345183,2710.8166259416303,2366.71744220604
1,All Population,5,Prevalence,55,Slovenia,3,Both,22,All ages,976,Diabetes mellitus type 2,3,Rate,2015,6144.49212581262,6624.96603078974,5590.581809409769
1,All Population,5,Prevalence,98,Chile,3,Both,22,All ages,976,Diabetes mellitus type 2,3,Rate,2014,2543.99164398318,2708.98216398908,2404.2701914143
1,All Population,5,Prevalence,6,China,3,Both,22,All ages,976,Diabetes mellitus type 2,3,Rate,2014,7245.88253264377,7894.34832173794,6691.49264569127
1,All Population,5,Prevalence,19,Timor-Leste,3,Both,22,All ages,976,Diabetes mellitus type 2,3,Rate,2015,2170.21766779808,2387.2871007417602,1983.95984459851
1,All Population,5,Prevalence,187,Somalia,3,Both,22,All ages,976,Diabetes mellitus type 2,3,Rate,2014,1563.3826184498398,1694.78787112596,1424.32832791463
1,All Population,5,Prevalence,50,Montenegro,3,Both,22,All ages,976,Diabetes mellitus type 2,3,Rate,2015,7858.42148224043,8827.95646671044,7130.20568207397
1,All Population,5,Prevalence,119,Trinidad and Tobago,3,Both,22,All ages,976,Diabetes mellitus type 2,3,Rate,2014,18585.99020065838,19623.1456473451,17516.39233766323
1,All Population,5,Prevalence,131,Nicaragua,3,Both,22,All ages,976,Diabetes mellitus type 2,3,Rate,2014,3648.48178017569,3923.27870894642,3397.25040052722
1,All Population,5,Prevalence,214,Nigeria,3,Both,22,All ages,976,Diabetes mellitus type 2,3,Rate,2014,1907.9935735539798,2096.1856778809,1723.75703851213
1,All Population,5,Prevalence,47,Czechia,3,Both,22,All ages,976,Diabetes mellitus type 2,3,Rate,2015,6604.12984343594,7161.0020007697,6096.396701517459
1,All Population,5,Prevalence,179,Ethiopia,3,Both,22,All ages,976,Diabetes mellitus type 2,3,Rate,2014,1462.20729288093,1603.29336742349,1321.80189227846
1,All Population,5,Prevalence,108,Belize,3,Both,22,All ages,976,Diabetes mellitus type 2,3,Rate,2014,6951.83526124206,7389.54288785153,6520.32151237618
1,All Population,5,Prevalence,50,Montenegro,3,Both,22,All ages,976,Diabetes mellitus type 2,3,Rate,2014,7547.518309440699,8475.45630084122,6888.9826528413705
1,All Population,5,Prevalence,416,Tuvalu,3,Both,22,All ages,976,Diabetes mellitus type 2,3,Rate,2014,8944.14953568293,9705.844432365519,8310.51751892554
1,All Population,5,Prevalence,349,Greenland,3,Both,22,All ages,976,Diabetes mellitus type 2,3,Rate,2014,2904.09957106723,3237.55584737476,2586.58085971976
1,All Population,5,Prevalence,97,Argentina,3,Both,22,All ages,976,Diabetes mellitus type 2,3,Rate,2014,3726.45634496469,3958.5043261686,3436.29097166456
1,All Population,5,Prevalence,66,Brunei Darussalam,3,Both,22,All ages,976,Diabetes mellitus type 2,3,Rate,2015,6597.8869513482005,7153.56882029965,6067.14180059396
1,All Population,5,Prevalence,74,Andorra,3,Both,22,All ages,976,Diabetes mellitus type 2,3,Rate,2014,3810.9596760731597,4224.4172002470405,3431.95851994825
1,All Population,5,Prevalence,47,Czechia,3,Both,22,All ages,976,Diabetes mellitus type 2,3,Rate,2014,6345.73241876117,6807.67611608755,5894.10872954586
1,All Population,5,Prevalence,369,Nauru,3,Both,22,All ages,976,Diabetes mellitus type 2,3,Rate,2014,9104.04335265112,9754.50565271263,8500.93081182609
1,All Population,5,Prevalence,111,Dominican Republic,3,Both,22,All ages,976,Diabetes mellitus type 2,3,Rate,2014,6154.68104755837,6649.4955319705505,5685.04349081256
1,All Population,5,Prevalence,8,Taiwan,3,Both,22,All ages,976,Diabetes mellitus type 2,3,Rate,2015,8466.648867735881,9058.74107306576,7849.22202211874
1,All Population,5,Prevalence,181,Madagascar,3,Both,22,All ages,976,Diabetes mellitus type 2,3,Rate,2014,1425.65033535286,1561.21665899462,1296.0377443484401
1,All Population,5,Prevalence,66,Brunei Darussalam,3,Both,22,All ages,976,Diabetes mellitus type 2,3,Rate,2014,6352.00723986975,6870.59778234074,5882.45527353914
1,All Population,5,Prevalence,126,Costa Rica,3,Both,22,All ages,976,Diabetes mellitus type 2,3,Rate,2014,7197.218863870281,7811.164105720541,6687.17732646554
1,All Population,5,Prevalence,8,Taiwan,3,Both,22,All ages,976,Diabetes mellitus type 2,3,Rate,2014,8359.52927829249,8925.118924310511,7792.272784173219
1,All Population,5,Prevalence,58,Estonia,3,Both,22,All ages,976,Diabetes mellitus type 2,3,Rate,2015,5812.86182995493,6302.582885475499,5226.802375864921
1,All Population,5,Prevalence,16,Philippines,3,Both,22,All ages,976,Diabetes mellitus type 2,3,Rate,2014,4060.22045824691,4435.8411715595,3676.02255984511
1,All Population,5,Prevalence,18,Thailand,3,Both,22,All ages,976,Diabetes mellitus type 2,3,Rate,2014,6126.40017254543,6645.3171705675995,5645.691559217969
1,All Population,5,Prevalence,184,Mozambique,3,Both,22,All ages,976,Diabetes mellitus type 2,3,Rate,2014,1226.73630833272,1321.91108357684,1137.06290538744
1,All Population,5,Prevalence,17,Sri Lanka,3,Both,22,All ages,976,Diabetes mellitus type 2,3,Rate,2014,8384.02809084093,8832.20810088198,7924.7001695215995
1,All Population,5,Prevalence,18,Thailand,3,Both,22,All ages,976,Diabetes mellitus type 2,3,Rate,2015,6312.24217805596,6945.480229894491,5765.77062010437
1,All Population,5,Prevalence,157,Yemen,3,Both,22,All ages,976,Diabetes mellitus type 2,3,Rate,2014,2365.35445856486,2611.3320785463598,2154.46641092478
1,All Population,5,Prevalence,40,Turkmenistan,3,Both,22,All ages,976,Diabetes mellitus type 2,3,Rate,2014,3286.94511242316,3548.30703091601,3020.1155305861803
1,All Population,5,Prevalence,84,Ireland,3,Both,22,All ages,976,Diabetes mellitus type 2,3,Rate,2014,3233.5382651606396,3553.14075442269,2932.52890071539
1,All Population,5,Prevalence,99,Uruguay,3,Both,22,All ages,976,Diabetes mellitus type 2,3,Rate,2014,4299.75371277613,4571.11614975465,4028.4413969542597
1,All Population,5,Prevalence,132,Panama,3,Both,22,All ages,976,Diabetes mellitus type 2,3,Rate,2014,6371.7244276806805,6875.15441523575,5843.49697558771
1,All Population,5,Prevalence,121,Bolivia (Plurinational State of),3,Both,22,All ages,976,Diabetes mellitus type 2,3,Rate,2014,3747.7717128909703,4103.95790881678,3437.7660317868
1,All Population,5,Prevalence,183,Mauritius,3,Both,22,All ages,976,Diabetes mellitus type 2,3,Rate,2014,16362.41107212271,17202.940242606142,15654.20856178341
1,All Population,5,Prevalence,7,Democratic People's Republic of Korea,3,Both,22,All ages,976,Diabetes mellitus type 2,3,Rate,2015,5639.20165390447,6231.70389558648,5146.1751205522205
1,All Population,5,Prevalence,190,Uganda,3,Both,22,All ages,976,Diabetes mellitus type 2,3,Rate,2014,1723.81785786418,1857.42488364865,1569.12873005405
1,All Population,5,Prevalence,79,Finland,3,Both,22,All ages,976,Diabetes mellitus type 2,3,Rate,2015,8436.066815786291,9127.53385437463,7697.95948644963
1,All Population,5,Prevalence,97,Argentina,3,Both,22,All ages,976,Diabetes mellitus type 2,3,Rate,2015,3784.94762886465,4048.03993042553,3481.98490538513
1,All Population,5,Prevalence,29,Tonga,3,Both,22,All ages,976,Diabetes mellitus type 2,3,Rate,2014,9782.36974436205,10400.25803205631,9170.19871397484
1,All Population,5,Prevalence,147,Libya,3,Both,22,All ages,976,Diabetes mellitus type 2,3,Rate,2015,9358.789037062721,10321.30657075365,8536.10733375372
1,All Population,5,Prevalence,102,United States of America,3,Both,22,All ages,976,Diabetes mellitus type 2,3,Rate,2014,9123.3484415414,9622.429707051939,8672.726490564279
1,All Population,5,Prevalence,113,Guyana,3,Both,22,All ages,976,Diabetes mellitus type 2,3,Rate,2015,9066.21983430906,9996.2912775398,8355.77124210962
1,All Population,5,Prevalence,53,Serbia,3,Both,22,All ages,976,Diabetes mellitus type 2,3,Rate,2014,6531.715945143431,7066.23690166539,5985.5020171484
1,All Population,5,Prevalence,13,Malaysia,3,Both,22,All ages,976,Diabetes mellitus type 2,3,Rate,2015,6388.99114490497,6982.54462017871,5857.07345265809
1,All Population,5,Prevalence,20,Viet Nam,3,Both,22,All ages,976,Diabetes mellitus type 2,3,Rate,2015,3172.47898820291,3427.78402594678,2867.5953983732497
1,All Population,5,Prevalence,150,Oman,3,Both,22,All ages,976,Diabetes mellitus type 2,3,Rate,2014,6034.0476372858,6494.8101904735295,5570.35723573961
1,All Population,5,Prevalence,68,Republic of Korea,3,Both,22,All ages,976,Diabetes mellitus type 2,3,Rate,2014,7163.78638598267,7364.5744532033195,6951.500479363321
1,All Population,5,Prevalence,147,Libya,3,Both,22,All ages,976,Diabetes mellitus type 2,3,Rate,2014,8916.94139242494,9807.414470112399,8140.85806234498
1,All Population,5,Prevalence,68,Republic of Korea,3,Both,22,All ages,976,Diabetes mellitus type 2,3,Rate,2015,7377.31919355437,7595.61948602982,7151.95952357501
1,All Population,5,Prevalence,522,Sudan,3,Both,22,All ages,976,Diabetes mellitus type 2,3,Rate,2014,4897.0346890562105,5379.4142060231,4485.8094972933795
1,All Population,5,Prevalence,113,Guyana,3,Both,22,All ages,976,Diabetes mellitus type 2,3,Rate,2014,8910.06471315599,9749.01500789122,8234.22821562529
1,All Population,5,Prevalence,126,Costa Rica,3,Both,22,All ages,976,Diabetes mellitus type 2,3,Rate,2015,7434.968189137569,8059.7597006898295,6885.308143429291
1,All Population,5,Prevalence,206,Gambia,3,Both,22,All ages,976,Diabetes mellitus type 2,3,Rate,2014,3352.6096760195705,3684.8373658494497,3040.3492519584697
1,All Population,5,Prevalence,185,Rwanda,3,Both,22,All ages,976,Diabetes mellitus type 2,3,Rate,2014,1365.95979862588,1484.6039177070202,1258.84697588913
1,All Population,5,Prevalence,160,Afghanistan,3,Both,22,All ages,976,Diabetes mellitus type 2,3,Rate,2014,4284.8602198687195,4629.96283368008,3906.85497439255
1,All Population,5,Prevalence,11,Indonesia,3,Both,22,All ages,976,Diabetes mellitus type 2,3,Rate,2014,3785.883990296,4190.836263557881,3383.01016746705
1,All Population,5,Prevalence,393,Saint Kitts and Nevis,3,Both,22,All ages,976,Diabetes mellitus type 2,3,Rate,2014,8984.01992556005,9819.8460963554,8232.236582617
1,All Population,5,Prevalence,216,Senegal,3,Both,22,All ages,976,Diabetes mellitus type 2,3,Rate,2014,4237.78037119987,4673.45543068521,3828.2672891554203
1,All Population,5,Prevalence,105,Antigua and Barbuda,3,Both,22,All ages,976,Diabetes mellitus type 2,3,Rate,2015,9251.771715252311,10021.46006469756,8439.6357403831
1,All Population,5,Prevalence,60,Lithuania,3,Both,22,All ages,976,Diabetes mellitus type 2,3,Rate,2014,5052.44176597164,5448.70881514693,4654.26116612845
1,All Population,5,Prevalence,142,Iran (Islamic Republic of),3,Both,22,All ages,976,Diabetes mellitus type 2,3,Rate,2014,6381.829770953281,7038.64526955391,5759.77027874768
1,All Population,5,Prevalence,86,Italy,3,Both,22,All ages,976,Diabetes mellitus type 2,3,Rate,2014,6103.55111426734,6828.408295331679,5423.667317020439
1,All Population,5,Prevalence,139,Algeria,3,Both,22,All ages,976,Diabetes mellitus type 2,3,Rate,2014,7255.87464397615,7959.997844515181,6663.729515448879
1,All Population,5,Prevalence,76,Belgium,3,Both,22,All ages,976,Diabetes mellitus type 2,3,Rate,2014,4741.05778960715,5139.9682408543595,4344.3375885962
1,All Population,5,Prevalence,94,Switzerland,3,Both,22,All ages,976,Diabetes mellitus type 2,3,Rate,2015,4941.60841779386,5373.20263289917,4450.27058348706
1,All Population,5,Prevalence,171,Democratic Republic of the Congo,3,Both,22,All ages,976,Diabetes mellitus type 2,3,Rate,2014,3030.2165833231797,3334.26569393991,2748.07420291559
1,All Population,5,Prevalence,7,Democratic People's Republic of Korea,3,Both,22,All ages,976,Diabetes mellitus type 2,3,Rate,2014,5546.321844603351,6127.55251430889,5081.74354664017
1,All Population,5,Prevalence,52,Romania,3,Both,22,All ages,976,Diabetes mellitus type 2,3,Rate,2015,4599.8129531451295,4969.938162455291,4173.2914363856
1,All Population,5,Prevalence,203,Cabo Verde,3,Both,22,All ages,976,Diabetes mellitus type 2,3,Rate,2014,4326.170112141331,4700.075518204029,3977.31515650031
1,All Population,5,Prevalence,128,Guatemala,3,Both,22,All ages,976,Diabetes mellitus type 2,3,Rate,2014,5994.50541685614,6387.618029871441,5706.24205692749
1,All Population,5,Prevalence,23,Kiribati,3,Both,22,All ages,976,Diabetes mellitus type 2,3,Rate,2015,10076.67010710663,10760.99082286106,9381.40889573147
1,All Population,5,Prevalence,171,Democratic Republic of the Congo,3,Both,22,All ages,976,Diabetes mellitus type 2,3,Rate,2015,3047.90159609913,3388.31377891263,2751.60501103895
1,All Population,5,Prevalence,105,Antigua and Barbuda,3,Both,22,All ages,976,Diabetes mellitus type 2,3,Rate,2014,9057.51781163805,9850.83433489245,8296.31063265394
1,All Population,5,Prevalence,19,Timor-Leste,3,Both,22,All ages,976,Diabetes mellitus type 2,3,Rate,2014,2125.2262306052103,2336.37272092008,1939.14451353955
1,All Population,5,Prevalence,163,India,3,Both,22,All ages,976,Diabetes mellitus type 2,3,Rate,2014,5972.44669806147,6502.27467445826,5469.11399635533
1,All Population,5,Prevalence,39,Tajikistan,3,Both,22,All ages,976,Diabetes mellitus type 2,3,Rate,2014,3070.20174873612,3341.91673140861,2840.4058099425497
1,All Population,5,Prevalence,52,Romania,3,Both,22,All ages,976,Diabetes mellitus type 2,3,Rate,2014,4459.74974048354,4759.1323651999,4100.3455345121
1,All Population,5,Prevalence,71,Australia,3,Both,22,All ages,976,Diabetes mellitus type 2,3,Rate,2015,3613.51685258112,3915.12353429902,3356.4096753426197
1,All Population,5,Prevalence,101,Canada,3,Both,22,All ages,976,Diabetes mellitus type 2,3,Rate,2014,4639.10138913005,4916.2381595630795,4369.267589980011
1,All Population,5,Prevalence,63,Ukraine,3,Both,22,All ages,976,Diabetes mellitus type 2,3,Rate,2015,3691.0131161951595,4149.04715583323,3271.83357576854
1,All Population,5,Prevalence,60,Lithuania,3,Both,22,All ages,976,Diabetes mellitus type 2,3,Rate,2015,5318.00238460157,5756.501075747,4886.01855405905
1,All Population,5,Prevalence,63,Ukraine,3,Both,22,All ages,976,Diabetes mellitus type 2,3,Rate,2014,3629.3946651202896,4083.76222020195,3234.8587010770398
1,All Population,5,Prevalence,89,Netherlands,3,Both,22,All ages,976,Diabetes mellitus type 2,3,Rate,2015,4696.7329137428205,5089.37407371284,4338.69957908721
1,All Population,5,Prevalence,110,Dominica,3,Both,22,All ages,976,Diabetes mellitus type 2,3,Rate,2014,11098.20338340231,12034.10149874543,10223.28323866376
1,All Population,5,Prevalence,198,Zimbabwe,3,Both,22,All ages,976,Diabetes mellitus type 2,3,Rate,2014,2224.1987610052897,2428.73884584091,2028.7372091217
1,All Population,5,Prevalence,107,Barbados,3,Both,22,All ages,976,Diabetes mellitus type 2,3,Rate,2015,14510.319561241038,15498.635705451292,13413.123878252181
1,All Population,5,Prevalence,71,Australia,3,Both,22,All ages,976,Diabetes mellitus type 2,3,Rate,2014,3600.2274502489195,3885.93078699291,3356.89958186349
1,All Population,5,Prevalence,123,Peru,3,Both,22,All ages,976,Diabetes mellitus type 2,3,Rate,2014,2547.19799516411,2778.07305147767,2345.10665260641
1,All Population,5,Prevalence,178,Eritrea,3,Both,22,All ages,976,Diabetes mellitus type 2,3,Rate,2014,1859.17651658065,2015.99658252067,1707.74005443442
1,All Population,5,Prevalence,62,Russian Federation,3,Both,22,All ages,976,Diabetes mellitus type 2,3,Rate,2014,4487.78062877702,5051.22153588761,4025.1957491480002
1,All Population,5,Prevalence,161,Bangladesh,3,Both,22,All ages,976,Diabetes mellitus type 2,3,Rate,2014,5017.50731361802,5364.26880246835,4659.31752201735
1,All Population,5,Prevalence,15,Myanmar,3,Both,22,All ages,976,Diabetes mellitus type 2,3,Rate,2015,5125.07780992335,5577.13432159233,4747.59041653919
1,All Population,5,Prevalence,99,Uruguay,3,Both,22,All ages,976,Diabetes mellitus type 2,3,Rate,2015,4368.23081635684,4657.86470009609,4084.8149946521903
1,All Population,5,Prevalence,81,Germany,3,Both,22,All ages,976,Diabetes mellitus type 2,3,Rate,2015,7428.36874473387,7897.63832104693,6871.77027030993
1,All Population,5,Prevalence,115,Jamaica,3,Both,22,All ages,976,Diabetes mellitus type 2,3,Rate,2014,7953.42537142418,8416.90910028802,7544.67016942453
1,All Population,5,Prevalence,55,Slovenia,3,Both,22,All ages,976,Diabetes mellitus type 2,3,Rate,2014,5975.81144152092,6444.06201725821,5452.62621343022
1,All Population,5,Prevalence,34,Azerbaijan,3,Both,22,All ages,976,Diabetes mellitus type 2,3,Rate,2015,4716.5814279060805,5109.13401764662,4334.117651680071
1,All Population,5,Prevalence,54,Slovakia,3,Both,22,All ages,976,Diabetes mellitus type 2,3,Rate,2015,4362.54492904419,4904.78867536322,3875.98255157902
1,All Population,5,Prevalence,152,Saudi Arabia,3,Both,22,All ages,976,Diabetes mellitus type 2,3,Rate,2014,14884.61065117522,16192.59172263035,13533.255388513491
1,All Population,5,Prevalence,106,Bahamas,3,Both,22,All ages,976,Diabetes mellitus type 2,3,Rate,2014,7910.059983095601,8472.80135433748,7318.90898169051
1,All Population,5,Prevalence,211,Mali,3,Both,22,All ages,976,Diabetes mellitus type 2,3,Rate,2014,4428.83659977605,4888.31872384083,3954.26764175372
1,All Population,5,Prevalence,26,Papua New Guinea,3,Both,22,All ages,976,Diabetes mellitus type 2,3,Rate,2014,4955.597865238899,5405.1547351706195,4564.823636850189
1,All Population,5,Prevalence,26,Papua New Guinea,3,Both,22,All ages,976,Diabetes mellitus type 2,3,Rate,2015,5025.55718134544,5477.21598298309,4634.13707447447
1,All Population,5,Prevalence,115,Jamaica,3,Both,22,All ages,976,Diabetes mellitus type 2,3,Rate,2015,8085.7517365059,8621.03656394706,7655.05582350936
1,All Population,5,Prevalence,10,Cambodia,3,Both,22,All ages,976,Diabetes mellitus type 2,3,Rate,2014,2394.29064581136,2627.82076396511,2198.68443157471
1,All Population,5,Prevalence,87,Luxembourg,3,Both,22,All ages,976,Diabetes mellitus type 2,3,Rate,2014,4025.3005446060697,4424.38112964824,3679.5791665991096
1,All Population,5,Prevalence,91,Portugal,3,Both,22,All ages,976,Diabetes mellitus type 2,3,Rate,2015,7462.856483903151,7973.157808934229,6920.76872368966
1,All Population,5,Prevalence,168,Angola,3,Both,22,All ages,976,Diabetes mellitus type 2,3,Rate,2014,3515.03250296009,3818.69095577653,3236.8934585780803
1,All Population,5,Prevalence,136,Paraguay,3,Both,22,All ages,976,Diabetes mellitus type 2,3,Rate,2014,5496.08905711364,5893.86336145372,5077.26940298605
1,All Population,5,Prevalence,22,Fiji,3,Both,22,All ages,976,Diabetes mellitus type 2,3,Rate,2015,13687.425637482489,14625.12440695519,12880.19175511726
1,All Population,5,Prevalence,194,Lesotho,3,Both,22,All ages,976,Diabetes mellitus type 2,3,Rate,2014,2760.01248676446,2988.22417149069,2570.94782193102
1,All Population,5,Prevalence,110,Dominica,3,Both,22,All ages,976,Diabetes mellitus type 2,3,Rate,2015,11405.20694361319,12402.48375857342,10481.15548399579
1,All Population,5,Prevalence,218,Togo,3,Both,22,All ages,976,Diabetes mellitus type 2,3,Rate,2014,1987.31651654332,2178.1885897981,1815.62437468853
1,All Population,5,Prevalence,33,Armenia,3,Both,22,All ages,976,Diabetes mellitus type 2,3,Rate,2015,5539.2671015470605,5936.38104313025,5162.6776857236
1,All Population,5,Prevalence,205,Côte d'Ivoire,3,Both,22,All ages,976,Diabetes mellitus type 2,3,Rate,2014,2676.3930050659997,2955.98460541623,2420.0326764332503
1,All Population,5,Prevalence,144,Jordan,3,Both,22,All ages,976,Diabetes mellitus type 2,3,Rate,2015,7638.94263684419,8130.2828549844,7154.97672911487
1,All Population,5,Prevalence,125,Colombia,3,Both,22,All ages,976,Diabetes mellitus type 2,3,Rate,2014,4651.10124886581,4999.89722145964,4341.07676583711
1,All Population,5,Prevalence,101,Canada,3,Both,22,All ages,976,Diabetes mellitus type 2,3,Rate,2015,4699.1518254893,5019.2601612096705,4408.11933519737
1,All Population,5,Prevalence,44,Bosnia and Herzegovina,3,Both,22,All ages,976,Diabetes mellitus type 2,3,Rate,2015,7751.248786378689,8512.14721159806,7042.488449626349
1,All Population,5,Prevalence,13,Malaysia,3,Both,22,All ages,976,Diabetes mellitus type 2,3,Rate,2014,6305.93241784977,6864.7256770066,5809.15394956731
1,All Population,5,Prevalence,118,Suriname,3,Both,22,All ages,976,Diabetes mellitus type 2,3,Rate,2015,10391.39805084366,11196.62509972304,9528.76932512529
1,All Population,5,Prevalence,107,Barbados,3,Both,22,All ages,976,Diabetes mellitus type 2,3,Rate,2014,14167.658234684899,15085.188704841441,13057.06840748732
1,All Population,5,Prevalence,128,Guatemala,3,Both,22,All ages,976,Diabetes mellitus type 2,3,Rate,2015,6193.18615711082,6648.29334743109,5862.73311267012
1,All Population,5,Prevalence,94,Switzerland,3,Both,22,All ages,976,Diabetes mellitus type 2,3,Rate,2014,4916.68424661145,5317.82481367359,4475.3113364274395
1,All Population,5,Prevalence,173,Gabon,3,Both,22,All ages,976,Diabetes mellitus type 2,3,Rate,2014,5069.66050765567,5535.69658432216,4589.5936195740605
1,All Population,5,Prevalence,367,Monaco,3,Both,22,All ages,976,Diabetes mellitus type 2,3,Rate,2014,5517.39872400556,6131.59673150848,4961.98857335416
1,All Population,5,Prevalence,376,Northern Mariana Islands,3,Both,22,All ages,976,Diabetes mellitus type 2,3,Rate,2014,11674.41450152966,12592.195669283179,10655.67232990722
1,All Population,5,Prevalence,208,Guinea,3,Both,22,All ages,976,Diabetes mellitus type 2,3,Rate,2014,2162.38946592276,2336.0265042759397,1991.6408624202302
1,All Population,5,Prevalence,160,Afghanistan,3,Both,22,All ages,976,Diabetes mellitus type 2,3,Rate,2015,4381.23313189984,4748.70989224395,3992.20063130667
1,All Population,5,Prevalence,112,Grenada,3,Both,22,All ages,976,Diabetes mellitus type 2,3,Rate,2014,12049.438260621211,12779.4031943147,11355.151627752059
1,All Population,5,Prevalence,118,Suriname,3,Both,22,All ages,976,Diabetes mellitus type 2,3,Rate,2014,10084.19714174365,10869.93848059684,9283.956271692081
1,All Population,5,Prevalence,180,Kenya,3,Both,22,All ages,976,Diabetes mellitus type 2,3,Rate,2014,1795.98953723266,1967.0355473820198,1617.90328013371
1,All Population,5,Prevalence,93,Sweden,3,Both,22,All ages,976,Diabetes mellitus type 2,3,Rate,2015,6088.29724349989,6540.83067306601,5625.94629837467
1,All Population,5,Prevalence,62,Russian Federation,3,Both,22,All ages,976,Diabetes mellitus type 2,3,Rate,2015,4668.035183887951,5263.27901903621,4195.59039768525
1,All Population,5,Prevalence,54,Slovakia,3,Both,22,All ages,976,Diabetes mellitus type 2,3,Rate,2014,4228.34325588643,4709.75094896735,3781.36078926926
1,All Population,5,Prevalence,86,Italy,3,Both,22,All ages,976,Diabetes mellitus type 2,3,Rate,2015,6098.81193234923,6844.24459151331,5413.68304114568
1,All Population,5,Prevalence,78,Denmark,3,Both,22,All ages,976,Diabetes mellitus type 2,3,Rate,2014,4569.19269715639,4924.67096608044,4207.73145216182
1,All Population,5,Prevalence,78,Denmark,3,Both,22,All ages,976,Diabetes mellitus type 2,3,Rate,2015,4634.75667640968,5030.20318999352,4265.47177431243
1,All Population,5,Prevalence,144,Jordan,3,Both,22,All ages,976,Diabetes mellitus type 2,3,Rate,2014,7428.34631606159,7882.51526792918,6984.44855889608
1,All Population,5,Prevalence,413,Tokelau,3,Both,22,All ages,976,Diabetes mellitus type 2,3,Rate,2014,15510.895346248779,16633.76424059621,14361.7985731884
1,All Population,5,Prevalence,57,Belarus,3,Both,22,All ages,976,Diabetes mellitus type 2,3,Rate,2014,4626.55623617255,4988.7207131199,4202.06521731235
1,All Population,5,Prevalence,200,Benin,3,Both,22,All ages,976,Diabetes mellitus type 2,3,Rate,2014,2132.0718611678,2303.37715916892,1960.0774646990099
1,All Population,5,Prevalence,213,Niger,3,Both,22,All ages,976,Diabetes mellitus type 2,3,Rate,2014,1912.0622615586901,2099.10178595792,1734.98923681975
1,All Population,5,Prevalence,28,Solomon Islands,3,Both,22,All ages,976,Diabetes mellitus type 2,3,Rate,2014,5349.59992596363,5781.177000224559,4953.99162435884
1,All Population,5,Prevalence,28,Solomon Islands,3,Both,22,All ages,976,Diabetes mellitus type 2,3,Rate,2015,5485.6438543024005,5943.86392435592,5055.05373376157
1,All Population,5,Prevalence,152,Saudi Arabia,3,Both,22,All ages,976,Diabetes mellitus type 2,3,Rate,2015,15339.41561151684,16816.16525736869,13892.25390228907
1,All Population,5,Prevalence,34,Azerbaijan,3,Both,22,All ages,976,Diabetes mellitus type 2,3,Rate,2014,4585.13704257817,4958.6327542198005,4209.27828407761
1,All Population,5,Prevalence,10,Cambodia,3,Both,22,All ages,976,Diabetes mellitus type 2,3,Rate,2015,2461.24844735898,2696.73341182888,2258.78443194069
1,All Population,5,Prevalence,36,Kazakhstan,3,Both,22,All ages,976,Diabetes mellitus type 2,3,Rate,2015,4852.37816927149,5206.59580379375,4499.92264579909
1,All Population,5,Prevalence,435,South Sudan,3,Both,22,All ages,976,Diabetes mellitus type 2,3,Rate,2014,1325.20640535656,1451.7732295554401,1194.79831840449
1,All Population,5,Prevalence,83,Iceland,3,Both,22,All ages,976,Diabetes mellitus type 2,3,Rate,2015,4043.3992709171202,4475.31033486051,3666.41776873324
1,All Population,5,Prevalence,149,Palestine,3,Both,22,All ages,976,Diabetes mellitus type 2,3,Rate,2014,6352.94934022619,6774.1516158572795,5883.06108136273
1,All Population,5,Prevalence,162,Bhutan,3,Both,22,All ages,976,Diabetes mellitus type 2,3,Rate,2014,3865.87390420405,4170.57464130936,3617.4422179238
1,All Population,5,Prevalence,173,Gabon,3,Both,22,All ages,976,Diabetes mellitus type 2,3,Rate,2015,5128.4486264200295,5616.8382699597505,4596.74884285815
1,All Population,5,Prevalence,320,Cook Islands,3,Both,22,All ages,976,Diabetes mellitus type 2,3,Rate,2014,17562.155039207562,18809.926085284227,16457.12346085515
1,All Population,5,Prevalence,79,Finland,3,Both,22,All ages,976,Diabetes mellitus type 2,3,Rate,2014,8327.68425730489,8989.47702851378,7627.964489119559
1,All Population,5,Prevalence,41,Uzbekistan,3,Both,22,All ages,976,Diabetes mellitus type 2,3,Rate,2015,3499.8972957379997,3824.06601147998,3200.19247955964
1,All Population,5,Prevalence,133,Venezuela (Bolivarian Republic of),3,Both,22,All ages,976,Diabetes mellitus type 2,3,Rate,2014,5810.23999075194,6268.27235020326,5401.396464276139
1,All Population,5,Prevalence,157,Yemen,3,Both,22,All ages,976,Diabetes mellitus type 2,3,Rate,2015,2503.0197966437,2774.71720886126,2274.35899510687
1,All Population,5,Prevalence,102,United States of America,3,Both,22,All ages,976,Diabetes mellitus type 2,3,Rate,2015,9362.16722017726,9868.377665166241,8907.43881188074
1,All Population,5,Prevalence,112,Grenada,3,Both,22,All ages,976,Diabetes mellitus type 2,3,Rate,2015,12275.486978736271,13084.229713234548,11470.19519524578
1,All Population,5,Prevalence,367,Monaco,3,Both,22,All ages,976,Diabetes mellitus type 2,3,Rate,2015,5627.41361928126,6259.05574811647,5050.11174214921
1,All Population,5,Prevalence,207,Ghana,3,Both,22,All ages,976,Diabetes mellitus type 2,3,Rate,2014,3094.24865030196,3351.0652299435296,2866.7409067569
1,All Population,5,Prevalence,172,Equatorial Guinea,3,Both,22,All ages,976,Diabetes mellitus type 2,3,Rate,2014,3173.7588609189597,3524.2693156229097,2879.09534450993
1,All Population,5,Prevalence,24,Marshall Islands,3,Both,22,All ages,976,Diabetes mellitus type 2,3,Rate,2015,11736.746421024161,12788.651684274319,10613.53970672856
1,All Population,5,Prevalence,136,Paraguay,3,Both,22,All ages,976,Diabetes mellitus type 2,3,Rate,2015,5697.22919330097,6179.89352578681,5224.71019764596
1,All Population,5,Prevalence,200,Benin,3,Both,22,All ages,976,Diabetes mellitus type 2,3,Rate,2015,2169.22921520006,2342.00939946973,2004.53290700407
1,All Population,5,Prevalence,75,Austria,3,Both,22,All ages,976,Diabetes mellitus type 2,3,Rate,2015,4331.69816966899,4672.29091703203,4036.44467705599
1,All Population,5,Prevalence,75,Austria,3,Both,22,All ages,976,Diabetes mellitus type 2,3,Rate,2014,4289.01648987512,4613.46073453174,4014.8607662019804
1,All Population,5,Prevalence,165,Pakistan,3,Both,22,All ages,976,Diabetes mellitus type 2,3,Rate,2014,5211.09247515315,5706.63972748216,4755.62635073541
1,All Population,5,Prevalence,154,Tunisia,3,Both,22,All ages,976,Diabetes mellitus type 2,3,Rate,2014,8877.01791266388,9623.40504144437,8155.97123231909
1,All Population,5,Prevalence,12,Lao People's Democratic Republic,3,Both,22,All ages,976,Diabetes mellitus type 2,3,Rate,2014,3195.7601890484702,3489.1861149462097,2933.24784934936
1,All Population,5,Prevalence,195,Namibia,3,Both,22,All ages,976,Diabetes mellitus type 2,3,Rate,2014,2989.5552221999,3253.65122661624,2772.30249883522
1,All Population,5,Prevalence,80,France,3,Both,22,All ages,976,Diabetes mellitus type 2,3,Rate,2015,5662.20062269399,6065.69733507999,5170.21269154565
1,All Population,5,Prevalence,20,Viet Nam,3,Both,22,All ages,976,Diabetes mellitus type 2,3,Rate,2014,3091.6177165897197,3353.5861952823097,2810.00943617538
1,All Population,5,Prevalence,170,Congo,3,Both,22,All ages,976,Diabetes mellitus type 2,3,Rate,2014,3969.87948671485,4371.2863823444995,3566.2959627227
1,All Population,5,Prevalence,49,North Macedonia,3,Both,22,All ages,976,Diabetes mellitus type 2,3,Rate,2015,8302.91221906584,9109.98542482928,7443.13512332415
1,All Population,5,Prevalence,146,Lebanon,3,Both,22,All ages,976,Diabetes mellitus type 2,3,Rate,2014,9595.732098379001,10368.59867744063,8843.79806561148
1,All Population,5,Prevalence,130,Mexico,3,Both,22,All ages,976,Diabetes mellitus type 2,3,Rate,2015,10819.59360534207,11787.93443213223,9836.003875511149
1,All Population,5,Prevalence,141,Egypt,3,Both,22,All ages,976,Diabetes mellitus type 2,3,Rate,2015,8201.42880857659,8878.27556571343,7465.28714316046
1,All Population,5,Prevalence,175,Burundi,3,Both,22,All ages,976,Diabetes mellitus type 2,3,Rate,2014,1413.97033755979,1539.58507900523,1295.5600719041402
1,All Population,5,Prevalence,413,Tokelau,3,Both,22,All ages,976,Diabetes mellitus type 2,3,Rate,2015,15646.27100093495,16744.784379227378,14485.98470276743
1,All Population,5,Prevalence,186,Seychelles,3,Both,22,All ages,976,Diabetes mellitus type 2,3,Rate,2014,7971.937670141239,8751.52061511666,7238.3748831834
1,All Population,5,Prevalence,46,Croatia,3,Both,22,All ages,976,Diabetes mellitus type 2,3,Rate,2015,8401.470559169371,8927.89461322646,7961.63751314269
1,All Population,5,Prevalence,15,Myanmar,3,Both,22,All ages,976,Diabetes mellitus type 2,3,Rate,2014,5021.54245100769,5443.57587160899,4646.51969421183
1,All Population,5,Prevalence,351,Guam,3,Both,22,All ages,976,Diabetes mellitus type 2,3,Rate,2014,7130.00810149448,7766.81338160344,6569.51935195589
1,All Population,5,Prevalence,89,Netherlands,3,Both,22,All ages,976,Diabetes mellitus type 2,3,Rate,2014,4651.35419707615,5029.18960213139,4291.0544124281805
1,All Population,5,Prevalence,44,Bosnia and Herzegovina,3,Both,22,All ages,976,Diabetes mellitus type 2,3,Rate,2014,7445.6055206927895,8129.0650346291095,6800.0525793548095
1,All Population,5,Prevalence,23,Kiribati,3,Both,22,All ages,976,Diabetes mellitus type 2,3,Rate,2014,9889.87620141206,10495.912873897589,9228.524364425319
1,All Population,5,Prevalence,85,Israel,3,Both,22,All ages,976,Diabetes mellitus type 2,3,Rate,2015,3975.12599702855,4237.44985894199,3740.41311827071
1,All Population,5,Prevalence,208,Guinea,3,Both,22,All ages,976,Diabetes mellitus type 2,3,Rate,2015,2162.83742713995,2339.69232461381,1997.06550552529
1,All Population,5,Prevalence,38,Mongolia,3,Both,22,All ages,976,Diabetes mellitus type 2,3,Rate,2015,3168.56470832286,3462.2982381529796,2880.8815686297803
1,All Population,5,Prevalence,98,Chile,3,Both,22,All ages,976,Diabetes mellitus type 2,3,Rate,2015,2622.2428167658,2799.02848526448,2470.0004189176097
1,All Population,5,Prevalence,109,Cuba,3,Both,22,All ages,976,Diabetes mellitus type 2,3,Rate,2015,5594.36500682811,6079.44880277114,5155.23939197291
1,All Population,5,Prevalence,81,Germany,3,Both,22,All ages,976,Diabetes mellitus type 2,3,Rate,2014,7366.1862341716305,7807.95928390855,6812.01377383642
1,All Population,5,Prevalence,186,Seychelles,3,Both,22,All ages,976,Diabetes mellitus type 2,3,Rate,2015,8193.20876925819,8998.12437713437,7450.8930790412805
1,All Population,5,Prevalence,162,Bhutan,3,Both,22,All ages,976,Diabetes mellitus type 2,3,Rate,2015,3981.42566918372,4309.966087337791,3714.7122604281103
1,All Population,5,Prevalence,154,Tunisia,3,Both,22,All ages,976,Diabetes mellitus type 2,3,Rate,2015,9228.902711239389,10055.36055528603,8491.27194390019
1,All Population,5,Prevalence,146,Lebanon,3,Both,22,All ages,976,Diabetes mellitus type 2,3,Rate,2015,9391.13621336221,10148.13243956143,8637.25944549991
1,All Population,5,Prevalence,194,Lesotho,3,Both,22,All ages,976,Diabetes mellitus type 2,3,Rate,2015,2800.83926354593,3021.43212866238,2611.95534479657
1,All Population,5,Prevalence,88,Malta,3,Both,22,All ages,976,Diabetes mellitus type 2,3,Rate,2015,5640.03185502984,6081.141771587089,5230.36090718551
1,All Population,5,Prevalence,51,Poland,3,Both,22,All ages,976,Diabetes mellitus type 2,3,Rate,2015,9357.61461836255,10079.29156844258,8740.131559461819
1,All Population,5,Prevalence,205,Côte d'Ivoire,3,Both,22,All ages,976,Diabetes mellitus type 2,3,Rate,2015,2691.47324633795,2994.40903445268,2430.95812443859
1,All Population,5,Prevalence,189,United Republic of Tanzania,3,Both,22,All ages,976,Diabetes mellitus type 2,3,Rate,2014,1463.99681509566,1581.69573913664,1352.63236664173
1,All Population,5,Prevalence,141,Egypt,3,Both,22,All ages,976,Diabetes mellitus type 2,3,Rate,2014,7962.650163610991,8611.65801466986,7277.70353679794
1,All Population,5,Prevalence,175,Burundi,3,Both,22,All ages,976,Diabetes mellitus type 2,3,Rate,2015,1421.3798159304902,1551.3834425771302,1296.56996894762
1,All Population,5,Prevalence,67,Japan,3,Both,22,All ages,976,Diabetes mellitus type 2,3,Rate,2014,10598.9354698836,11754.97923488839,9597.612426397829
1,All Population,5,Prevalence,114,Haiti,3,Both,22,All ages,976,Diabetes mellitus type 2,3,Rate,2014,4122.19699091957,4481.35819074698,3768.85772689587
1,All Population,5,Prevalence,178,Eritrea,3,Both,22,All ages,976,Diabetes mellitus type 2,3,Rate,2015,1882.2502722316701,2043.06086168974,1727.38749711053
1,All Population,5,Prevalence,213,Niger,3,Both,22,All ages,976,Diabetes mellitus type 2,3,Rate,2015,1919.9193602087698,2110.89275011981,1738.51775879005
1,All Population,5,Prevalence,67,Japan,3,Both,22,All ages,976,Diabetes mellitus type 2,3,Rate,2015,10697.77289775955,11893.6705605958,9687.96927961785
1,All Population,5,Prevalence,117,Saint Vincent and the Grenadines,3,Both,22,All ages,976,Diabetes mellitus type 2,3,Rate,2015,11731.80024522428,12605.55514172361,10873.9170838434
1,All Population,5,Prevalence,111,Dominican Republic,3,Both,22,All ages,976,Diabetes mellitus type 2,3,Rate,2015,6322.19211844542,6868.8890862526705,5803.610870548479
1,All Population,5,Prevalence,209,Guinea-Bissau,3,Both,22,All ages,976,Diabetes mellitus type 2,3,Rate,2014,2676.65750402039,2917.9039170279702,2443.68744660294
1,All Population,5,Prevalence,35,Georgia,3,Both,22,All ages,976,Diabetes mellitus type 2,3,Rate,2015,5396.7599574461,5782.91137180027,4997.577773838309
1,All Population,5,Prevalence,183,Mauritius,3,Both,22,All ages,976,Diabetes mellitus type 2,3,Rate,2015,16790.206709293077,17728.69218625668,16032.98057536166
1,All Population,5,Prevalence,151,Qatar,3,Both,22,All ages,976,Diabetes mellitus type 2,3,Rate,2014,11738.56834017766,12977.091868074669,10574.39898453228
1,All Population,5,Prevalence,435,South Sudan,3,Both,22,All ages,976,Diabetes mellitus type 2,3,Rate,2015,1350.04769088295,1481.81269553871,1214.02411275701
1,All Population,5,Prevalence,46,Croatia,3,Both,22,All ages,976,Diabetes mellitus type 2,3,Rate,2014,8003.57295328185,8530.58477033546,7527.883653542181
1,All Population,5,Prevalence,122,Ecuador,3,Both,22,All ages,976,Diabetes mellitus type 2,3,Rate,2015,4928.586184281769,5189.42948832265,4672.22251447986
1,All Population,5,Prevalence,43,Albania,3,Both,22,All ages,976,Diabetes mellitus type 2,3,Rate,2015,3539.4332875127498,3988.46785034862,3121.23417282626
1,All Population,5,Prevalence,165,Pakistan,3,Both,22,All ages,976,Diabetes mellitus type 2,3,Rate,2015,5280.85490777636,5786.368120614669,4808.58732585255
1,All Population,5,Prevalence,59,Latvia,3,Both,22,All ages,976,Diabetes mellitus type 2,3,Rate,2014,6152.98506796644,6642.90790087554,5614.36694112816
1,All Population,5,Prevalence,133,Venezuela (Bolivarian Republic of),3,Both,22,All ages,976,Diabetes mellitus type 2,3,Rate,2015,5970.91517520225,6432.1191225085895,5546.79801177644
1,All Population,5,Prevalence,77,Cyprus,3,Both,22,All ages,976,Diabetes mellitus type 2,3,Rate,2015,6163.30270717107,6807.2186693682,5611.93324731189
1,All Population,5,Prevalence,215,Sao Tome and Principe,3,Both,22,All ages,976,Diabetes mellitus type 2,3,Rate,2014,3406.80323250759,3744.3340557578504,3099.18674306913
1,All Population,5,Prevalence,218,Togo,3,Both,22,All ages,976,Diabetes mellitus type 2,3,Rate,2015,2018.87177716727,2222.4017823439,1836.81117015114
1,All Population,5,Prevalence,122,Ecuador,3,Both,22,All ages,976,Diabetes mellitus type 2,3,Rate,2014,4784.43771289306,5033.54156450989,4531.21389665822
1,All Population,5,Prevalence,197,Eswatini,3,Both,22,All ages,976,Diabetes mellitus type 2,3,Rate,2014,3766.5472749821597,4053.61938966056,3494.06590315386
1,All Population,5,Prevalence,12,Lao People's Democratic Republic,3,Both,22,All ages,976,Diabetes mellitus type 2,3,Rate,2015,3271.4044272771603,3577.49084664843,2991.9560462353
1,All Population,5,Prevalence,30,Vanuatu,3,Both,22,All ages,976,Diabetes mellitus type 2,3,Rate,2015,5902.10714892563,6363.620686868179,5468.33337708106
1,All Population,5,Prevalence,180,Kenya,3,Both,22,All ages,976,Diabetes mellitus type 2,3,Rate,2015,1830.49294645206,2004.43337976586,1646.8128054471401
1,All Population,5,Prevalence,90,Norway,3,Both,22,All ages,976,Diabetes mellitus type 2,3,Rate,2015,5749.728297834919,6434.86916168077,5067.1757010336705
1,All Population,5,Prevalence,385,Puerto Rico,3,Both,22,All ages,976,Diabetes mellitus type 2,3,Rate,2014,11709.96083545761,12514.19208923331,10905.09896540482
1,All Population,5,Prevalence,207,Ghana,3,Both,22,All ages,976,Diabetes mellitus type 2,3,Rate,2015,3139.1208782574004,3407.24053787725,2905.19786943181
1,All Population,5,Prevalence,125,Colombia,3,Both,22,All ages,976,Diabetes mellitus type 2,3,Rate,2015,4785.0632978253,5133.80571653659,4476.7559658011805
1,All Population,5,Prevalence,114,Haiti,3,Both,22,All ages,976,Diabetes mellitus type 2,3,Rate,2015,4174.35045832029,4553.3163602982495,3791.6243643779803
1,All Population,5,Prevalence,117,Saint Vincent and the Grenadines,3,Both,22,All ages,976,Diabetes mellitus type 2,3,Rate,2014,11524.4989902285,12324.46547183816,10749.12790928345
1,All Population,5,Prevalence,82,Greece,3,Both,22,All ages,976,Diabetes mellitus type 2,3,Rate,2015,5732.511372477,6268.141877196411,5261.493821727519
1,All Population,5,Prevalence,169,Central African Republic,3,Both,22,All ages,976,Diabetes mellitus type 2,3,Rate,2014,3314.60293201166,3592.9260623481405,3012.13611007171
1,All Population,5,Prevalence,91,Portugal,3,Both,22,All ages,976,Diabetes mellitus type 2,3,Rate,2014,7375.32672255925,7832.7582868360405,6858.83662391852
1,All Population,5,Prevalence,149,Palestine,3,Both,22,All ages,976,Diabetes mellitus type 2,3,Rate,2015,6573.43185301956,7040.239898137759,6060.58995983336
1,All Population,5,Prevalence,195,Namibia,3,Both,22,All ages,976,Diabetes mellitus type 2,3,Rate,2015,3032.46835055959,3302.5837447631498,2797.39864892921
1,All Population,5,Prevalence,57,Belarus,3,Both,22,All ages,976,Diabetes mellitus type 2,3,Rate,2015,4760.67819737034,5156.49282251903,4310.71192330933
1,All Population,5,Prevalence,172,Equatorial Guinea,3,Both,22,All ages,976,Diabetes mellitus type 2,3,Rate,2015,3220.0336845119796,3587.2465218951197,2917.6171865168
1,All Population,5,Prevalence,72,New Zealand,3,Both,22,All ages,976,Diabetes mellitus type 2,3,Rate,2015,4785.15866773756,5028.82987696441,4574.97080190497
1,All Population,5,Prevalence,320,Cook Islands,3,Both,22,All ages,976,Diabetes mellitus type 2,3,Rate,2015,17701.1646866158,19129.786274762762,16525.461259966858
1,All Population,5,Prevalence,36,Kazakhstan,3,Both,22,All ages,976,Diabetes mellitus type 2,3,Rate,2016,4929.3713150086005,5255.69205497553,4598.45437671862
1,All Population,5,Prevalence,143,Iraq,3,Both,22,All ages,976,Diabetes mellitus type 2,3,Rate,2015,7535.01367907296,8129.99726754063,6908.6506437885
1,All Population,5,Prevalence,17,Sri Lanka,3,Both,22,All ages,976,Diabetes mellitus type 2,3,Rate,2015,8533.01037031299,8959.18669038866,8061.42425385523
1,All Population,5,Prevalence,48,Hungary,3,Both,22,All ages,976,Diabetes mellitus type 2,3,Rate,2015,5421.28671270144,5746.95344268262,4965.72622612085
1,All Population,5,Prevalence,217,Sierra Leone,3,Both,22,All ages,976,Diabetes mellitus type 2,3,Rate,2014,2601.21080223768,2842.67321267959,2379.9367707485303
1,All Population,5,Prevalence,135,Brazil,3,Both,22,All ages,976,Diabetes mellitus type 2,3,Rate,2015,5136.85418632709,5669.6048746223105,4625.50517941195
1,All Population,5,Prevalence,182,Malawi,3,Both,22,All ages,976,Diabetes mellitus type 2,3,Rate,2015,1141.96630032868,1237.18389482514,1061.5771574359899
1,All Population,5,Prevalence,127,El Salvador,3,Both,22,All ages,976,Diabetes mellitus type 2,3,Rate,2015,5929.49058484798,6421.39668040441,5414.95973356326
1,All Population,5,Prevalence,161,Bangladesh,3,Both,22,All ages,976,Diabetes mellitus type 2,3,Rate,2015,5118.243096489699,5457.32822021852,4754.78703172259
1,All Population,5,Prevalence,148,Morocco,3,Both,22,All ages,976,Diabetes mellitus type 2,3,Rate,2015,7532.10157117564,8196.30024143932,6931.84953712547
1,All Population,5,Prevalence,189,United Republic of Tanzania,3,Both,22,All ages,976,Diabetes mellitus type 2,3,Rate,2015,1476.70475967116,1590.0472349153001,1359.21460603979
1,All Population,5,Prevalence,84,Ireland,3,Both,22,All ages,976,Diabetes mellitus type 2,3,Rate,2015,3308.57769658695,3666.75324189995,2962.18201636122
1,All Population,5,Prevalence,215,Sao Tome and Principe,3,Both,22,All ages,976,Diabetes mellitus type 2,3,Rate,2015,3489.00698511177,3851.7155943049897,3172.0326969602
1,All Population,5,Prevalence,69,Singapore,3,Both,22,All ages,976,Diabetes mellitus type 2,3,Rate,2015,6017.85294334872,6610.17232908835,5488.1601326663695
1,All Population,5,Prevalence,185,Rwanda,3,Both,22,All ages,976,Diabetes mellitus type 2,3,Rate,2015,1384.94130713892,1506.63693710794,1267.61309870069
1,All Population,5,Prevalence,119,Trinidad and Tobago,3,Both,22,All ages,976,Diabetes mellitus type 2,3,Rate,2015,18974.57979172823,20063.211609381,17935.53436145567
1,All Population,5,Prevalence,37,Kyrgyzstan,3,Both,22,All ages,976,Diabetes mellitus type 2,3,Rate,2015,2810.8475141582203,3060.5484171497,2600.79949867198
1,All Population,5,Prevalence,209,Guinea-Bissau,3,Both,22,All ages,976,Diabetes mellitus type 2,3,Rate,2015,2698.20087617153,2954.30143346639,2457.27290579581
1,All Population,5,Prevalence,59,Latvia,3,Both,22,All ages,976,Diabetes mellitus type 2,3,Rate,2015,6452.14963396732,6988.74346214472,5834.01019167652
1,All Population,5,Prevalence,45,Bulgaria,3,Both,22,All ages,976,Diabetes mellitus type 2,3,Rate,2015,7534.04936269204,8029.400745910741,7030.888787882909
1,All Population,5,Prevalence,116,Saint Lucia,3,Both,22,All ages,976,Diabetes mellitus type 2,3,Rate,2015,11894.67861204676,12735.67199400511,10930.53267059244
1,All Population,5,Prevalence,305,Bermuda,3,Both,22,All ages,976,Diabetes mellitus type 2,3,Rate,2015,7835.768190651871,8622.72454460149,7118.6146187178
1,All Population,5,Prevalence,169,Central African Republic,3,Both,22,All ages,976,Diabetes mellitus type 2,3,Rate,2015,3370.5104435229496,3663.68323040864,3062.07198686913
1,All Population,5,Prevalence,92,Spain,3,Both,22,All ages,976,Diabetes mellitus type 2,3,Rate,2015,7594.422527741141,8196.11968788954,7059.86635025152
1,All Population,5,Prevalence,298,American Samoa,3,Both,22,All ages,976,Diabetes mellitus type 2,3,Rate,2015,14111.818706718728,15154.651899092289,13282.87786834316
1,All Population,5,Prevalence,28,Solomon Islands,3,Both,22,All ages,976,Diabetes mellitus type 2,3,Rate,2016,5625.9690640432,6076.09258674127,5178.26393414091
1,All Population,5,Prevalence,197,Eswatini,3,Both,22,All ages,976,Diabetes mellitus type 2,3,Rate,2015,3847.51311900796,4152.375003711721,3548.55108845643
1,All Population,5,Prevalence,38,Mongolia,3,Both,22,All ages,976,Diabetes mellitus type 2,3,Rate,2016,3221.91718514264,3506.6116897523098,2933.0603519323004
1,All Population,5,Prevalence,25,Micronesia (Federated States of),3,Both,22,All ages,976,Diabetes mellitus type 2,3,Rate,2015,13444.646973551138,14247.79848727465,12616.91217952901
1,All Population,5,Prevalence,140,Bahrain,3,Both,22,All ages,976,Diabetes mellitus type 2,3,Rate,2015,13832.859668167519,15098.303836567451,12629.89132625639
1,All Population,5,Prevalence,196,South Africa,3,Both,22,All ages,976,Diabetes mellitus type 2,3,Rate,2015,5740.74396573191,6258.5831462879705,5230.91726573602
1,All Population,5,Prevalence,95,United Kingdom,3,Both,22,All ages,976,Diabetes mellitus type 2,3,Rate,2015,6730.44404555092,7240.49120084663,6213.016890542221
1,All Population,5,Prevalence,33,Armenia,3,Both,22,All ages,976,Diabetes mellitus type 2,3,Rate,2016,5661.50811476916,6052.36321608455,5289.17637608335
1,All Population,5,Prevalence,94,Switzerland,3,Both,22,All ages,976,Diabetes mellitus type 2,3,Rate,2016,4979.90737024753,5383.48440075725,4534.41016607498
1,All Population,5,Prevalence,156,United Arab Emirates,3,Both,22,All ages,976,Diabetes mellitus type 2,3,Rate,2015,12416.66522650058,13822.62303861718,11041.80165971432
1,All Population,5,Prevalence,177,Djibouti,3,Both,22,All ages,976,Diabetes mellitus type 2,3,Rate,2015,1938.57435990508,2125.1680969045,1778.1291970067898
1,All Population,5,Prevalence,14,Maldives,3,Both,22,All ages,976,Diabetes mellitus type 2,3,Rate,2015,3496.07619927957,3873.75520135411,3138.2353292095695
1,All Population,5,Prevalence,150,Oman,3,Both,22,All ages,976,Diabetes mellitus type 2,3,Rate,2015,6306.9998283492,6807.501403968449,5773.2008128751695
1,All Population,5,Prevalence,376,Northern Mariana Islands,3,Both,22,All ages,976,Diabetes mellitus type 2,3,Rate,2015,11894.95432107367,12863.87046445375,10811.9289277093
1,All Population,5,Prevalence,49,North Macedonia,3,Both,22,All ages,976,Diabetes mellitus type 2,3,Rate,2016,8570.517610917961,9412.45428780062,7757.9702307689595
1,All Population,5,Prevalence,75,Austria,3,Both,22,All ages,976,Diabetes mellitus type 2,3,Rate,2016,4347.47454771046,4643.81869573118,4059.00288023895
1,All Population,5,Prevalence,351,Guam,3,Both,22,All ages,976,Diabetes mellitus type 2,3,Rate,2015,7296.932695355709,7973.069822112399,6680.08563115915
1,All Population,5,Prevalence,41,Uzbekistan,3,Both,22,All ages,976,Diabetes mellitus type 2,3,Rate,2016,3585.4423332770098,3908.4860467592903,3292.74953104538
1,All Population,5,Prevalence,422,United States Virgin Islands,3,Both,22,All ages,976,Diabetes mellitus type 2,3,Rate,2015,11483.79232778235,12575.51816913649,10610.42155762901
1,All Population,5,Prevalence,83,Iceland,3,Both,22,All ages,976,Diabetes mellitus type 2,3,Rate,2016,4121.85223637472,4515.42808964162,3756.57338882288
1,All Population,5,Prevalence,74,Andorra,3,Both,22,All ages,976,Diabetes mellitus type 2,3,Rate,2015,3879.0643532404897,4316.08630840526,3494.30554629332
1,All Population,5,Prevalence,202,Cameroon,3,Both,22,All ages,976,Diabetes mellitus type 2,3,Rate,2015,2556.81176444031,2801.98288566498,2325.70952806244
1,All Population,5,Prevalence,396,San Marino,3,Both,22,All ages,976,Diabetes mellitus type 2,3,Rate,2014,5583.20931946331,6205.80609389115,5073.59956115948
1,All Population,5,Prevalence,22,Fiji,3,Both,22,All ages,976,Diabetes mellitus type 2,3,Rate,2016,13961.0618913298,14864.82794845336,13221.730277705352
1,All Population,5,Prevalence,191,Zambia,3,Both,22,All ages,976,Diabetes mellitus type 2,3,Rate,2015,2160.4267437807302,2336.86562945459,1984.74469203439
1,All Population,5,Prevalence,184,Mozambique,3,Both,22,All ages,976,Diabetes mellitus type 2,3,Rate,2015,1230.78919650172,1328.19825150223,1142.25339070296
1,All Population,5,Prevalence,217,Sierra Leone,3,Both,22,All ages,976,Diabetes mellitus type 2,3,Rate,2015,2620.3732545819603,2854.1680346981902,2395.02665650007
1,All Population,5,Prevalence,145,Kuwait,3,Both,22,All ages,976,Diabetes mellitus type 2,3,Rate,2015,12900.62760111271,13859.65117398102,11861.02141452158
1,All Population,5,Prevalence,210,Liberia,3,Both,22,All ages,976,Diabetes mellitus type 2,3,Rate,2015,2931.17689100519,3177.28018238176,2677.5225811051
1,All Population,5,Prevalence,51,Poland,3,Both,22,All ages,976,Diabetes mellitus type 2,3,Rate,2016,9616.60756061401,10348.98877557578,8982.03744320256
1,All Population,5,Prevalence,210,Liberia,3,Both,22,All ages,976,Diabetes mellitus type 2,3,Rate,2014,2881.8605637403903,3129.40431322089,2635.85107546694
1,All Population,5,Prevalence,141,Egypt,3,Both,22,All ages,976,Diabetes mellitus type 2,3,Rate,2016,8449.01993807194,9167.80100969932,7699.163224474611
1,All Population,5,Prevalence,176,Comoros,3,Both,22,All ages,976,Diabetes mellitus type 2,3,Rate,2015,2581.18023075632,2759.96399106564,2404.39850444219
1,All Population,5,Prevalence,93,Sweden,3,Both,22,All ages,976,Diabetes mellitus type 2,3,Rate,2014,6030.66221068012,6468.72589950724,5612.7468829437
1,All Population,5,Prevalence,69,Singapore,3,Both,22,All ages,976,Diabetes mellitus type 2,3,Rate,2016,6132.63607924591,6750.18989158705,5580.38492606304
1,All Population,5,Prevalence,187,Somalia,3,Both,22,All ages,976,Diabetes mellitus type 2,3,Rate,2015,1571.67988141368,1701.5725562395198,1428.0373425997
1,All Population,5,Prevalence,198,Zimbabwe,3,Both,22,All ages,976,Diabetes mellitus type 2,3,Rate,2015,2258.76623309215,2474.5602409914,2059.59513472131
1,All Population,5,Prevalence,106,Bahamas,3,Both,22,All ages,976,Diabetes mellitus type 2,3,Rate,2015,8108.93497457109,8721.63390437298,7465.0130643204
1,All Population,5,Prevalence,130,Mexico,3,Both,22,All ages,976,Diabetes mellitus type 2,3,Rate,2016,11005.42270609997,11973.61843974212,9994.910289535059
1,All Population,5,Prevalence,374,Niue,3,Both,22,All ages,976,Diabetes mellitus type 2,3,Rate,2015,18395.09170716873,19783.36375450221,17038.40958833869
1,All Population,5,Prevalence,193,Botswana,3,Both,22,All ages,976,Diabetes mellitus type 2,3,Rate,2015,3202.3603397892502,3489.1057603119502,2950.73199851988
1,All Population,5,Prevalence,204,Chad,3,Both,22,All ages,976,Diabetes mellitus type 2,3,Rate,2015,1965.05985983195,2159.273241984,1792.90159220535
1,All Population,5,Prevalence,122,Ecuador,3,Both,22,All ages,976,Diabetes mellitus type 2,3,Rate,2016,5091.71600158219,5339.13311679095,4831.54090869314
1,All Population,5,Prevalence,164,Nepal,3,Both,22,All ages,976,Diabetes mellitus type 2,3,Rate,2015,4571.65444043526,4940.17269439267,4195.95795384448
1,All Population,5,Prevalence,16,Philippines,3,Both,22,All ages,976,Diabetes mellitus type 2,3,Rate,2015,4153.29734767077,4532.84268655653,3769.77823852835
1,All Population,5,Prevalence,61,Republic of Moldova,3,Both,22,All ages,976,Diabetes mellitus type 2,3,Rate,2015,5765.7287655445,6219.812627403609,5375.92969313878
1,All Population,5,Prevalence,349,Greenland,3,Both,22,All ages,976,Diabetes mellitus type 2,3,Rate,2015,2993.9356419691003,3374.63989394203,2643.48092526404
1,All Population,5,Prevalence,108,Belize,3,Both,22,All ages,976,Diabetes mellitus type 2,3,Rate,2015,7132.75669723934,7637.78722370555,6658.3146586824405
1,All Population,5,Prevalence,76,Belgium,3,Both,22,All ages,976,Diabetes mellitus type 2,3,Rate,2015,4788.22109921745,5185.04566292729,4375.510368111691
1,All Population,5,Prevalence,80,France,3,Both,22,All ages,976,Diabetes mellitus type 2,3,Rate,2016,5699.4351508923,6122.298664082859,5271.18004827685
1,All Population,5,Prevalence,98,Chile,3,Both,22,All ages,976,Diabetes mellitus type 2,3,Rate,2016,2692.30752670097,2866.99681270703,2537.02680483185
1,All Population,5,Prevalence,151,Qatar,3,Both,22,All ages,976,Diabetes mellitus type 2,3,Rate,2015,11945.258380378911,13245.82538160323,10730.38089242654
1,All Population,5,Prevalence,24,Marshall Islands,3,Both,22,All ages,976,Diabetes mellitus type 2,3,Rate,2016,12055.198315187441,13092.703294401259,10898.46722184189
1,All Population,5,Prevalence,121,Bolivia (Plurinational State of),3,Both,22,All ages,976,Diabetes mellitus type 2,3,Rate,2015,3864.25701089424,4247.6504341236805,3523.69001131103
1,All Population,5,Prevalence,53,Serbia,3,Both,22,All ages,976,Diabetes mellitus type 2,3,Rate,2016,6837.73012604494,7440.22602971343,6269.041616431301
1,All Population,5,Prevalence,85,Israel,3,Both,22,All ages,976,Diabetes mellitus type 2,3,Rate,2016,3990.8372322173905,4228.39410670999,3774.6435622340596
1,All Population,5,Prevalence,109,Cuba,3,Both,22,All ages,976,Diabetes mellitus type 2,3,Rate,2016,5759.35749884834,6238.60200752968,5347.62574303763
1,All Population,5,Prevalence,30,Vanuatu,3,Both,22,All ages,976,Diabetes mellitus type 2,3,Rate,2016,6001.94917720158,6464.59629012065,5555.316042619031
1,All Population,5,Prevalence,369,Nauru,3,Both,22,All ages,976,Diabetes mellitus type 2,3,Rate,2015,9187.532420043739,9821.96642574541,8576.54127522236
1,All Population,5,Prevalence,27,Samoa,3,Both,22,All ages,976,Diabetes mellitus type 2,3,Rate,2015,9922.2716103418,10737.51057827434,9215.6485740189
1,All Population,5,Prevalence,169,Central African Republic,3,Both,22,All ages,976,Diabetes mellitus type 2,3,Rate,2016,3428.6473994945604,3714.0199697389603,3124.8985248342897
1,All Population,5,Prevalence,164,Nepal,3,Both,22,All ages,976,Diabetes mellitus type 2,3,Rate,2014,4458.85585254714,4807.159310974151,4102.87852779891
1,All Population,5,Prevalence,143,Iraq,3,Both,22,All ages,976,Diabetes mellitus type 2,3,Rate,2016,7810.832346941721,8442.1689689497,7190.43043061657
1,All Population,5,Prevalence,212,Mauritania,3,Both,22,All ages,976,Diabetes mellitus type 2,3,Rate,2015,3343.3799505984803,3640.2894164044997,3035.45730034494
1,All Population,5,Prevalence,177,Djibouti,3,Both,22,All ages,976,Diabetes mellitus type 2,3,Rate,2016,1973.9054832561199,2162.29930990089,1810.62170383391
1,All Population,5,Prevalence,132,Panama,3,Both,22,All ages,976,Diabetes mellitus type 2,3,Rate,2015,6568.67970457602,7116.57993923506,6003.86108890389
1,All Population,5,Prevalence,206,Gambia,3,Both,22,All ages,976,Diabetes mellitus type 2,3,Rate,2015,3383.08541476206,3727.88371779817,3069.15495097889
1,All Population,5,Prevalence,189,United Republic of Tanzania,3,Both,22,All ages,976,Diabetes mellitus type 2,3,Rate,2016,1493.36389561503,1612.86559099405,1377.00914280338
1,All Population,5,Prevalence,139,Algeria,3,Both,22,All ages,976,Diabetes mellitus type 2,3,Rate,2015,7597.87324787878,8365.28161825921,6950.3951995342095
1,All Population,5,Prevalence,17,Sri Lanka,3,Both,22,All ages,976,Diabetes mellitus type 2,3,Rate,2016,8705.10232622914,9181.61275301303,8208.817724588089
1,All Population,5,Prevalence,385,Puerto Rico,3,Both,22,All ages,976,Diabetes mellitus type 2,3,Rate,2015,12020.10942957162,12878.6388770983,11146.59756663792
1,All Population,5,Prevalence,43,Albania,3,Both,22,All ages,976,Diabetes mellitus type 2,3,Rate,2016,3751.85234580956,4211.59426460896,3338.61697275564
1,All Population,5,Prevalence,129,Honduras,3,Both,22,All ages,976,Diabetes mellitus type 2,3,Rate,2015,3535.60741963687,3888.4011223559,3203.04316776166
1,All Population,5,Prevalence,163,India,3,Both,22,All ages,976,Diabetes mellitus type 2,3,Rate,2015,6168.69201131204,6719.17455691701,5647.630465363411
1,All Population,5,Prevalence,55,Slovenia,3,Both,22,All ages,976,Diabetes mellitus type 2,3,Rate,2016,6299.250143013311,6771.650342785129,5777.41763409693
1,All Population,5,Prevalence,66,Brunei Darussalam,3,Both,22,All ages,976,Diabetes mellitus type 2,3,Rate,2016,6842.79774279731,7378.73264403915,6364.369423009481
1,All Population,5,Prevalence,35,Georgia,3,Both,22,All ages,976,Diabetes mellitus type 2,3,Rate,2016,5488.942668816079,5893.23163348261,5087.70499433269
1,All Population,5,Prevalence,351,Guam,3,Both,22,All ages,976,Diabetes mellitus type 2,3,Rate,2016,7476.240842428209,8171.88119494302,6897.08766206114
1,All Population,5,Prevalence,88,Malta,3,Both,22,All ages,976,Diabetes mellitus type 2,3,Rate,2016,5693.48458714365,6154.87379910357,5348.58157745002
1,All Population,5,Prevalence,211,Mali,3,Both,22,All ages,976,Diabetes mellitus type 2,3,Rate,2015,4440.93007674017,4926.03205797294,3930.5730241860597
1,All Population,5,Prevalence,12,Lao People's Democratic Republic,3,Both,22,All ages,976,Diabetes mellitus type 2,3,Rate,2016,3351.4125108315097,3650.66472815494,3070.81913517094
1,All Population,5,Prevalence,45,Bulgaria,3,Both,22,All ages,976,Diabetes mellitus type 2,3,Rate,2016,7622.97922502947,8111.402848418579,7154.854889749319
1,All Population,5,Prevalence,77,Cyprus,3,Both,22,All ages,976,Diabetes mellitus type 2,3,Rate,2016,6109.7960201363,6715.837705234309,5617.9909972758405
1,All Population,5,Prevalence,135,Brazil,3,Both,22,All ages,976,Diabetes mellitus type 2,3,Rate,2016,5338.39272169396,5888.35650283243,4794.41053850108
1,All Population,5,Prevalence,11,Indonesia,3,Both,22,All ages,976,Diabetes mellitus type 2,3,Rate,2016,3981.04346501142,4420.62860970133,3554.87752497458
1,All Population,5,Prevalence,380,Palau,3,Both,22,All ages,976,Diabetes mellitus type 2,3,Rate,2015,13899.312382790622,14842.64595014143,12972.46130606432
1,All Population,5,Prevalence,217,Sierra Leone,3,Both,22,All ages,976,Diabetes mellitus type 2,3,Rate,2016,2648.63794060748,2884.38595342794,2418.77335111327
1,All Population,5,Prevalence,182,Malawi,3,Both,22,All ages,976,Diabetes mellitus type 2,3,Rate,2016,1155.35903470544,1245.94141164031,1077.42579740259
1,All Population,5,Prevalence,148,Morocco,3,Both,22,All ages,976,Diabetes mellitus type 2,3,Rate,2016,7834.7432721779505,8485.63370630421,7239.765258250939
1,All Population,5,Prevalence,212,Mauritania,3,Both,22,All ages,976,Diabetes mellitus type 2,3,Rate,2014,3316.4549744932997,3598.94932550619,3023.41755237901
1,All Population,5,Prevalence,90,Norway,3,Both,22,All ages,976,Diabetes mellitus type 2,3,Rate,2016,5798.42357279689,6494.69770800228,5116.4304302645
1,All Population,5,Prevalence,142,Iran (Islamic Republic of),3,Both,22,All ages,976,Diabetes mellitus type 2,3,Rate,2015,6628.66847590448,7303.32948333388,5979.93367460034
1,All Population,5,Prevalence,95,United Kingdom,3,Both,22,All ages,976,Diabetes mellitus type 2,3,Rate,2016,6857.40796893197,7375.519898324159,6327.67466830431
1,All Population,5,Prevalence,393,Saint Kitts and Nevis,3,Both,22,All ages,976,Diabetes mellitus type 2,3,Rate,2015,9211.58851951249,10090.65126570563,8370.70866725351
1,All Population,5,Prevalence,190,Uganda,3,Both,22,All ages,976,Diabetes mellitus type 2,3,Rate,2015,1733.1658501331299,1881.2529287478199,1569.83813985744
1,All Population,5,Prevalence,374,Niue,3,Both,22,All ages,976,Diabetes mellitus type 2,3,Rate,2016,18627.57956385769,19990.7475473489,17270.53106214068
1,All Population,5,Prevalence,201,Burkina Faso,3,Both,22,All ages,976,Diabetes mellitus type 2,3,Rate,2015,1298.43111747996,1415.46200836472,1198.98019681589
1,All Population,5,Prevalence,48,Hungary,3,Both,22,All ages,976,Diabetes mellitus type 2,3,Rate,2016,5546.12940843323,5874.13418939038,5059.847047034819
1,All Population,5,Prevalence,82,Greece,3,Both,22,All ages,976,Diabetes mellitus type 2,3,Rate,2016,5834.60653289527,6366.64313978578,5365.58439411962
1,All Population,5,Prevalence,87,Luxembourg,3,Both,22,All ages,976,Diabetes mellitus type 2,3,Rate,2015,4057.7271844752004,4455.44628979949,3698.3516026587804
1,All Population,5,Prevalence,47,Czechia,3,Both,22,All ages,976,Diabetes mellitus type 2,3,Rate,2016,6849.21253800097,7402.72486887721,6371.686844277289
1,All Population,5,Prevalence,140,Bahrain,3,Both,22,All ages,976,Diabetes mellitus type 2,3,Rate,2016,14418.2156930754,15755.53257813106,13181.55322634037
1,All Population,5,Prevalence,25,Micronesia (Federated States of),3,Both,22,All ages,976,Diabetes mellitus type 2,3,Rate,2016,13943.408445671148,14761.129345713889,13140.201402216051
1,All Population,5,Prevalence,396,San Marino,3,Both,22,All ages,976,Diabetes mellitus type 2,3,Rate,2015,5693.1859295221,6351.21427131968,5171.190910886609
1,All Population,5,Prevalence,59,Latvia,3,Both,22,All ages,976,Diabetes mellitus type 2,3,Rate,2016,6736.41075520353,7245.625177223949,6185.73096232146
1,All Population,5,Prevalence,111,Dominican Republic,3,Both,22,All ages,976,Diabetes mellitus type 2,3,Rate,2016,6483.088148806949,7027.420708564,5985.92635249422
1,All Population,5,Prevalence,127,El Salvador,3,Both,22,All ages,976,Diabetes mellitus type 2,3,Rate,2016,6093.77058098426,6559.40134020888,5593.68655923128
1,All Population,5,Prevalence,19,Timor-Leste,3,Both,22,All ages,976,Diabetes mellitus type 2,3,Rate,2016,2211.5862764447497,2425.5251366837897,2021.9007645942
1,All Population,5,Prevalence,145,Kuwait,3,Both,22,All ages,976,Diabetes mellitus type 2,3,Rate,2016,13469.514601967188,14487.08894002314,12445.044761067691
1,All Population,5,Prevalence,156,United Arab Emirates,3,Both,22,All ages,976,Diabetes mellitus type 2,3,Rate,2016,13206.37163122638,14697.22918153524,11862.99239268721
1,All Population,5,Prevalence,202,Cameroon,3,Both,22,All ages,976,Diabetes mellitus type 2,3,Rate,2016,2603.79276549715,2849.91115962289,2362.10437793903
1,All Population,5,Prevalence,168,Angola,3,Both,22,All ages,976,Diabetes mellitus type 2,3,Rate,2015,3554.56745655376,3863.38547669562,3284.4241094948397
1,All Population,5,Prevalence,155,Türkiye,3,Both,22,All ages,976,Diabetes mellitus type 2,3,Rate,2015,7407.883139351031,7944.4216692725095,6902.3642600453
1,All Population,5,Prevalence,116,Saint Lucia,3,Both,22,All ages,976,Diabetes mellitus type 2,3,Rate,2016,12196.76064520923,13027.78672675721,11214.33403866339
1,All Population,5,Prevalence,71,Australia,3,Both,22,All ages,976,Diabetes mellitus type 2,3,Rate,2016,3629.63363549929,3918.58393842453,3363.2179935742
1,All Population,5,Prevalence,184,Mozambique,3,Both,22,All ages,976,Diabetes mellitus type 2,3,Rate,2016,1241.40854977665,1340.92717690897,1142.89826599195
1,All Population,5,Prevalence,92,Spain,3,Both,22,All ages,976,Diabetes mellitus type 2,3,Rate,2016,7708.34799503505,8308.41106584579,7177.49286726925
1,All Population,5,Prevalence,58,Estonia,3,Both,22,All ages,976,Diabetes mellitus type 2,3,Rate,2016,6024.776411803679,6510.67754164013,5456.25464659552
1,All Population,5,Prevalence,422,United States Virgin Islands,3,Both,22,All ages,976,Diabetes mellitus type 2,3,Rate,2016,11820.8569252681,12891.25689306132,10904.08579416705
1,All Population,5,Prevalence,63,Ukraine,3,Both,22,All ages,976,Diabetes mellitus type 2,3,Rate,2016,3788.0275652205196,4237.73290076871,3378.76512215168
1,All Population,5,Prevalence,105,Antigua and Barbuda,3,Both,22,All ages,976,Diabetes mellitus type 2,3,Rate,2016,9459.11382196098,10198.33934704041,8660.81435486836
1,All Population,5,Prevalence,37,Kyrgyzstan,3,Both,22,All ages,976,Diabetes mellitus type 2,3,Rate,2016,2859.70511893087,3096.8768607197003,2648.72912092351
1,All Population,5,Prevalence,131,Nicaragua,3,Both,22,All ages,976,Diabetes mellitus type 2,3,Rate,2015,3765.9336765462203,4051.73171157465,3501.9805802177902
1,All Population,5,Prevalence,126,Costa Rica,3,Both,22,All ages,976,Diabetes mellitus type 2,3,Rate,2016,7647.38761433106,8241.82079402277,7115.31134572881
1,All Population,5,Prevalence,97,Argentina,3,Both,22,All ages,976,Diabetes mellitus type 2,3,Rate,2016,3848.48707309318,4104.32387018152,3577.09335410214
1,All Population,5,Prevalence,79,Finland,3,Both,22,All ages,976,Diabetes mellitus type 2,3,Rate,2016,8514.46807467495,9169.242098119661,7799.607880541739
1,All Population,5,Prevalence,40,Turkmenistan,3,Both,22,All ages,976,Diabetes mellitus type 2,3,Rate,2015,3368.83165550237,3659.4504704819597,3078.70330902342
1,All Population,5,Prevalence,522,Sudan,3,Both,22,All ages,976,Diabetes mellitus type 2,3,Rate,2015,5047.64487943015,5532.7024759427695,4609.29568657068
1,All Population,5,Prevalence,123,Peru,3,Both,22,All ages,976,Diabetes mellitus type 2,3,Rate,2015,2641.8345729524904,2874.1786385642,2428.79995575052
1,All Population,5,Prevalence,380,Palau,3,Both,22,All ages,976,Diabetes mellitus type 2,3,Rate,2016,14315.54889395947,15269.95855131948,13384.217345682939
1,All Population,5,Prevalence,147,Libya,3,Both,22,All ages,976,Diabetes mellitus type 2,3,Rate,2016,9787.57654108085,10801.071468202359,8912.72668842347
1,All Population,5,Prevalence,50,Montenegro,3,Both,22,All ages,976,Diabetes mellitus type 2,3,Rate,2016,8165.112122907441,9140.72951227011,7410.208019190801
1,All Population,5,Prevalence,84,Ireland,3,Both,22,All ages,976,Diabetes mellitus type 2,3,Rate,2016,3399.93692454843,3732.47888127305,3087.26052835554
1,All Population,5,Prevalence,204,Chad,3,Both,22,All ages,976,Diabetes mellitus type 2,3,Rate,2016,1961.4613309344602,2150.14715722727,1788.48246491922
1,All Population,5,Prevalence,68,Republic of Korea,3,Both,22,All ages,976,Diabetes mellitus type 2,3,Rate,2016,7611.33692001992,7823.624042212001,7377.22448801004
1,All Population,5,Prevalence,298,American Samoa,3,Both,22,All ages,976,Diabetes mellitus type 2,3,Rate,2016,14470.435917395149,15400.737828656089,13673.84457889494
1,All Population,5,Prevalence,305,Bermuda,3,Both,22,All ages,976,Diabetes mellitus type 2,3,Rate,2016,8056.980424157629,8775.17070027424,7393.98554955772
1,All Population,5,Prevalence,196,South Africa,3,Both,22,All ages,976,Diabetes mellitus type 2,3,Rate,2016,5857.62664407746,6377.916396121939,5325.725179614689
1,All Population,5,Prevalence,13,Malaysia,3,Both,22,All ages,976,Diabetes mellitus type 2,3,Rate,2016,6496.00029176225,7072.4895415145,5949.80335640536
1,All Population,5,Prevalence,139,Algeria,3,Both,22,All ages,976,Diabetes mellitus type 2,3,Rate,2016,7927.00091717129,8692.970716189311,7263.15372972571
1,All Population,5,Prevalence,113,Guyana,3,Both,22,All ages,976,Diabetes mellitus type 2,3,Rate,2016,9223.065299872831,10111.05626405172,8526.90221658421
1,All Population,5,Prevalence,150,Oman,3,Both,22,All ages,976,Diabetes mellitus type 2,3,Rate,2016,6606.33707946124,7142.817920228001,6058.57839678482
1,All Population,5,Prevalence,153,Syrian Arab Republic,3,Both,22,All ages,976,Diabetes mellitus type 2,3,Rate,2015,7394.274365090029,8095.97933060965,6756.79561884223
1,All Population,5,Prevalence,99,Uruguay,3,Both,22,All ages,976,Diabetes mellitus type 2,3,Rate,2016,4418.1110812839,4704.27597703032,4145.56387169219
1,All Population,5,Prevalence,117,Saint Vincent and the Grenadines,3,Both,22,All ages,976,Diabetes mellitus type 2,3,Rate,2016,12009.05920056823,12802.07714949857,11197.14864684489
1,All Population,5,Prevalence,106,Bahamas,3,Both,22,All ages,976,Diabetes mellitus type 2,3,Rate,2016,8333.42302159195,8952.61738170938,7692.868210499621
1,All Population,5,Prevalence,29,Tonga,3,Both,22,All ages,976,Diabetes mellitus type 2,3,Rate,2015,9995.522530773269,10650.58851986544,9375.59411511955
1,All Population,5,Prevalence,416,Tuvalu,3,Both,22,All ages,976,Diabetes mellitus type 2,3,Rate,2015,9170.661905444511,9955.07324370613,8522.765555140819
1,All Population,5,Prevalence,187,Somalia,3,Both,22,All ages,976,Diabetes mellitus type 2,3,Rate,2016,1582.28322011814,1712.4761476323101,1445.6187950410401
1,All Population,5,Prevalence,6,China,3,Both,22,All ages,976,Diabetes mellitus type 2,3,Rate,2016,7515.602089131359,8176.65497792417,6940.187024203299
1,All Population,5,Prevalence,14,Maldives,3,Both,22,All ages,976,Diabetes mellitus type 2,3,Rate,2016,3586.50372442043,3963.17307990322,3231.0346127762105
1,All Population,5,Prevalence,118,Suriname,3,Both,22,All ages,976,Diabetes mellitus type 2,3,Rate,2016,10675.60454095292,11475.61773163824,9895.36822364144
1,All Population,5,Prevalence,26,Papua New Guinea,3,Both,22,All ages,976,Diabetes mellitus type 2,3,Rate,2016,5109.854892345899,5557.77201019565,4723.87798311811
1,All Population,5,Prevalence,198,Zimbabwe,3,Both,22,All ages,976,Diabetes mellitus type 2,3,Rate,2016,2299.36536133045,2512.273106745,2098.39792232164
1,All Population,5,Prevalence,23,Kiribati,3,Both,22,All ages,976,Diabetes mellitus type 2,3,Rate,2016,10275.49303122709,10953.11973756871,9565.51179190209
1,All Population,5,Prevalence,72,New Zealand,3,Both,22,All ages,976,Diabetes mellitus type 2,3,Rate,2016,4908.99608248828,5155.70267244812,4694.120987219339
1,All Population,5,Prevalence,128,Guatemala,3,Both,22,All ages,976,Diabetes mellitus type 2,3,Rate,2016,6369.899261559391,6801.67484231793,6055.0368133394495
1,All Population,5,Prevalence,129,Honduras,3,Both,22,All ages,976,Diabetes mellitus type 2,3,Rate,2016,3612.3552831899697,3973.2885078577,3281.14127639373
1,All Population,5,Prevalence,369,Nauru,3,Both,22,All ages,976,Diabetes mellitus type 2,3,Rate,2016,9344.108521179629,9982.68019373324,8724.744512495281
1,All Population,5,Prevalence,60,Lithuania,3,Both,22,All ages,976,Diabetes mellitus type 2,3,Rate,2016,5555.16564394285,6007.17493713634,5127.34074825218
1,All Population,5,Prevalence,152,Saudi Arabia,3,Both,22,All ages,976,Diabetes mellitus type 2,3,Rate,2016,15726.99719992714,17238.978044539897,14262.75669778188
1,All Population,5,Prevalence,179,Ethiopia,3,Both,22,All ages,976,Diabetes mellitus type 2,3,Rate,2015,1476.8869384641,1617.8698180272797,1335.1557217627198
1,All Population,5,Prevalence,17,Sri Lanka,3,Both,22,All ages,976,Diabetes mellitus type 2,3,Rate,2017,8924.043821605641,9433.04742701588,8417.36227392699
1,All Population,5,Prevalence,203,Cabo Verde,3,Both,22,All ages,976,Diabetes mellitus type 2,3,Rate,2016,4502.83735117925,4896.54191756917,4137.462985594831
1,All Population,5,Prevalence,142,Iran (Islamic Republic of),3,Both,22,All ages,976,Diabetes mellitus type 2,3,Rate,2016,6814.192398811069,7509.30690297114,6130.48079298976
1,All Population,5,Prevalence,39,Tajikistan,3,Both,22,All ages,976,Diabetes mellitus type 2,3,Rate,2016,3249.8603455299403,3537.94454475148,3009.46156516456
1,All Population,5,Prevalence,61,Republic of Moldova,3,Both,22,All ages,976,Diabetes mellitus type 2,3,Rate,2016,5968.29057494796,6406.34693881853,5551.7791861448995
1,All Population,5,Prevalence,393,Saint Kitts and Nevis,3,Both,22,All ages,976,Diabetes mellitus type 2,3,Rate,2016,9469.549193596751,10397.86068803234,8650.46735117467
1,All Population,5,Prevalence,164,Nepal,3,Both,22,All ages,976,Diabetes mellitus type 2,3,Rate,2016,4683.69535979564,5056.58700928021,4309.15543655927
1,All Population,5,Prevalence,115,Jamaica,3,Both,22,All ages,976,Diabetes mellitus type 2,3,Rate,2016,8278.99834498865,8774.779819033469,7800.12762928844
1,All Population,5,Prevalence,27,Samoa,3,Both,22,All ages,976,Diabetes mellitus type 2,3,Rate,2016,10107.39813784706,10936.40009867376,9411.31419474174
1,All Population,5,Prevalence,191,Zambia,3,Both,22,All ages,976,Diabetes mellitus type 2,3,Rate,2016,2193.6201146876897,2362.89096813033,2013.2639280273
1,All Population,5,Prevalence,107,Barbados,3,Both,22,All ages,976,Diabetes mellitus type 2,3,Rate,2016,14836.555756479069,15832.749129717698,13704.84524572301
1,All Population,5,Prevalence,153,Syrian Arab Republic,3,Both,22,All ages,976,Diabetes mellitus type 2,3,Rate,2016,8044.66602480956,8769.70994256289,7407.771595009221
1,All Population,5,Prevalence,81,Germany,3,Both,22,All ages,976,Diabetes mellitus type 2,3,Rate,2016,7479.46776219722,7947.37271040863,6943.38595162196
1,All Population,5,Prevalence,52,Romania,3,Both,22,All ages,976,Diabetes mellitus type 2,3,Rate,2016,4723.85367035552,5055.481796379159,4346.147773742369
1,All Population,5,Prevalence,203,Cabo Verde,3,Both,22,All ages,976,Diabetes mellitus type 2,3,Rate,2015,4419.373027363909,4805.5847843213805,4068.28842734097
1,All Population,5,Prevalence,16,Philippines,3,Both,22,All ages,976,Diabetes mellitus type 2,3,Rate,2016,4231.6681526072,4617.54154289891,3838.8925104399
1,All Population,5,Prevalence,163,India,3,Both,22,All ages,976,Diabetes mellitus type 2,3,Rate,2016,6341.13986701423,6911.30445055652,5808.90519178692
1,All Population,5,Prevalence,160,Afghanistan,3,Both,22,All ages,976,Diabetes mellitus type 2,3,Rate,2016,4488.31298476041,4855.81076302577,4093.79693359426
1,All Population,5,Prevalence,154,Tunisia,3,Both,22,All ages,976,Diabetes mellitus type 2,3,Rate,2016,9576.66426270873,10407.50958416186,8826.605997535129
1,All Population,5,Prevalence,206,Gambia,3,Both,22,All ages,976,Diabetes mellitus type 2,3,Rate,2016,3419.4010208334403,3758.4509483220204,3110.0747969477898
1,All Population,5,Prevalence,62,Russian Federation,3,Both,22,All ages,976,Diabetes mellitus type 2,3,Rate,2016,4805.650029859,5419.55780256711,4319.2474858573405
1,All Population,5,Prevalence,101,Canada,3,Both,22,All ages,976,Diabetes mellitus type 2,3,Rate,2016,4782.58732543066,5097.539236546951,4499.72931349866
1,All Population,5,Prevalence,201,Burkina Faso,3,Both,22,All ages,976,Diabetes mellitus type 2,3,Rate,2016,1305.82553660551,1415.44385654588,1207.58129563762
1,All Population,5,Prevalence,144,Jordan,3,Both,22,All ages,976,Diabetes mellitus type 2,3,Rate,2016,7937.886503665991,8437.035920806129,7470.46123270753
1,All Population,5,Prevalence,349,Greenland,3,Both,22,All ages,976,Diabetes mellitus type 2,3,Rate,2016,3097.74809925941,3461.8284683832303,2748.48162422801
1,All Population,5,Prevalence,155,Türkiye,3,Both,22,All ages,976,Diabetes mellitus type 2,3,Rate,2016,7597.96524400263,8134.98886018704,7087.59960573528
1,All Population,5,Prevalence,413,Tokelau,3,Both,22,All ages,976,Diabetes mellitus type 2,3,Rate,2016,15820.858106001831,16928.47393810869,14676.67223474969
1,All Population,5,Prevalence,170,Congo,3,Both,22,All ages,976,Diabetes mellitus type 2,3,Rate,2015,3999.5001030674703,4418.04818575917,3577.1942949818504
1,All Population,5,Prevalence,6,China,3,Both,22,All ages,976,Diabetes mellitus type 2,3,Rate,2017,7712.039044728521,8388.11277905534,7114.07864621111
1,All Population,5,Prevalence,212,Mauritania,3,Both,22,All ages,976,Diabetes mellitus type 2,3,Rate,2016,3381.4705392862297,3676.9078267816703,3080.21290224506
1,All Population,5,Prevalence,176,Comoros,3,Both,22,All ages,976,Diabetes mellitus type 2,3,Rate,2016,2619.38009846355,2797.7487831363596,2441.23537890195
1,All Population,5,Prevalence,133,Venezuela (Bolivarian Republic of),3,Both,22,All ages,976,Diabetes mellitus type 2,3,Rate,2016,6137.37883217736,6607.506953327399,5731.60126682606
1,All Population,5,Prevalence,205,Côte d'Ivoire,3,Both,22,All ages,976,Diabetes mellitus type 2,3,Rate,2016,2712.12159022794,3008.99593735825,2453.21092251036
1,All Population,5,Prevalence,11,Indonesia,3,Both,22,All ages,976,Diabetes mellitus type 2,3,Rate,2017,4167.90075178303,4639.958860368481,3715.64816300936
1,All Population,5,Prevalence,7,Democratic People's Republic of Korea,3,Both,22,All ages,976,Diabetes mellitus type 2,3,Rate,2016,5741.1561060884105,6366.96377360597,5245.19219473945
1,All Population,5,Prevalence,211,Mali,3,Both,22,All ages,976,Diabetes mellitus type 2,3,Rate,2016,4414.19345067088,4895.3574707404805,3921.86382796156
1,All Population,5,Prevalence,132,Panama,3,Both,22,All ages,976,Diabetes mellitus type 2,3,Rate,2016,6732.18283687874,7242.331661175271,6183.73621682072
1,All Population,5,Prevalence,8,Taiwan,3,Both,22,All ages,976,Diabetes mellitus type 2,3,Rate,2016,8562.91342967675,9100.33371412489,8003.857440679641
1,All Population,5,Prevalence,193,Botswana,3,Both,22,All ages,976,Diabetes mellitus type 2,3,Rate,2016,3263.7589618656802,3553.39237377561,3007.3627581700403
1,All Population,5,Prevalence,29,Tonga,3,Both,22,All ages,976,Diabetes mellitus type 2,3,Rate,2016,10229.734634524839,10907.66750720616,9611.4212356736
1,All Population,5,Prevalence,214,Nigeria,3,Both,22,All ages,976,Diabetes mellitus type 2,3,Rate,2015,1930.70661082453,2120.57424135478,1742.2933704137602
1,All Population,5,Prevalence,108,Belize,3,Both,22,All ages,976,Diabetes mellitus type 2,3,Rate,2016,7312.52148965329,7797.38009653822,6838.00117285234
1,All Population,5,Prevalence,162,Bhutan,3,Both,22,All ages,976,Diabetes mellitus type 2,3,Rate,2016,4080.6795285061703,4429.08243528438,3784.7706840591704
1,All Population,5,Prevalence,19,Timor-Leste,3,Both,22,All ages,976,Diabetes mellitus type 2,3,Rate,2017,2255.1561872617704,2469.21379297854,2061.60666429241
1,All Population,5,Prevalence,181,Madagascar,3,Both,22,All ages,976,Diabetes mellitus type 2,3,Rate,2015,1435.43559949259,1572.57025114559,1303.12999263143
1,All Population,5,Prevalence,200,Benin,3,Both,22,All ages,976,Diabetes mellitus type 2,3,Rate,2016,2223.82519034331,2389.4574584278403,2050.6987245434498
1,All Population,5,Prevalence,8,Taiwan,3,Both,22,All ages,976,Diabetes mellitus type 2,3,Rate,2017,8633.19587840826,9201.282334575519,8097.78642175659
1,All Population,5,Prevalence,74,Andorra,3,Both,22,All ages,976,Diabetes mellitus type 2,3,Rate,2016,3975.27240942453,4437.411140985329,3579.0536260805097
1,All Population,5,Prevalence,15,Myanmar,3,Both,22,All ages,976,Diabetes mellitus type 2,3,Rate,2016,5220.093565174249,5649.89699559996,4828.17711503973
1,All Population,5,Prevalence,416,Tuvalu,3,Both,22,All ages,976,Diabetes mellitus type 2,3,Rate,2016,9361.7987506069,10136.00679757016,8714.81747355642
1,All Population,5,Prevalence,34,Azerbaijan,3,Both,22,All ages,976,Diabetes mellitus type 2,3,Rate,2016,4855.66153363279,5285.6862964641505,4473.22201734803
1,All Population,5,Prevalence,171,Democratic Republic of the Congo,3,Both,22,All ages,976,Diabetes mellitus type 2,3,Rate,2016,3075.40544054605,3412.8786102046697,2783.20037666907
1,All Population,5,Prevalence,186,Seychelles,3,Both,22,All ages,976,Diabetes mellitus type 2,3,Rate,2016,8416.82134828945,9250.165954690361,7698.91136566291
1,All Population,5,Prevalence,54,Slovakia,3,Both,22,All ages,976,Diabetes mellitus type 2,3,Rate,2016,4511.972557781,5034.01314958314,4029.6380403704097
1,All Population,5,Prevalence,111,Dominican Republic,3,Both,22,All ages,976,Diabetes mellitus type 2,3,Rate,2017,6639.81733332849,7194.44413846839,6163.71830078012
1,All Population,5,Prevalence,53,Serbia,3,Both,22,All ages,976,Diabetes mellitus type 2,3,Rate,2017,7100.033165550431,7768.55676018058,6494.294990451881
1,All Population,5,Prevalence,58,Estonia,3,Both,22,All ages,976,Diabetes mellitus type 2,3,Rate,2017,6265.1947302054605,6742.24637603446,5726.3575482905
1,All Population,5,Prevalence,18,Thailand,3,Both,22,All ages,976,Diabetes mellitus type 2,3,Rate,2016,6503.890425036129,7103.38789961191,5965.34679846127
1,All Population,5,Prevalence,47,Czechia,3,Both,22,All ages,976,Diabetes mellitus type 2,3,Rate,2017,7100.23728871485,7642.625217639259,6657.4086838391095
1,All Population,5,Prevalence,86,Italy,3,Both,22,All ages,976,Diabetes mellitus type 2,3,Rate,2016,6174.00761213306,6931.75946255147,5468.092892565131
1,All Population,5,Prevalence,110,Dominica,3,Both,22,All ages,976,Diabetes mellitus type 2,3,Rate,2016,11698.5359837336,12640.467653209158,10803.43955722984
1,All Population,5,Prevalence,67,Japan,3,Both,22,All ages,976,Diabetes mellitus type 2,3,Rate,2016,10729.14009273801,11918.83363565978,9725.58946530564
1,All Population,5,Prevalence,157,Yemen,3,Both,22,All ages,976,Diabetes mellitus type 2,3,Rate,2016,2667.0737302062003,2955.14742031825,2427.18364412558
1,All Population,5,Prevalence,119,Trinidad and Tobago,3,Both,22,All ages,976,Diabetes mellitus type 2,3,Rate,2016,19332.79498015783,20384.64920613068,18306.07605864579
1,All Population,5,Prevalence,66,Brunei Darussalam,3,Both,22,All ages,976,Diabetes mellitus type 2,3,Rate,2017,7090.44473724849,7628.10752805977,6610.4663894655705
1,All Population,5,Prevalence,178,Eritrea,3,Both,22,All ages,976,Diabetes mellitus type 2,3,Rate,2016,1908.43451403304,2069.85330250685,1761.3622950521199
1,All Population,5,Prevalence,522,Sudan,3,Both,22,All ages,976,Diabetes mellitus type 2,3,Rate,2016,5179.74517520236,5673.68798976389,4738.58725860327
1,All Population,5,Prevalence,213,Niger,3,Both,22,All ages,976,Diabetes mellitus type 2,3,Rate,2016,1927.71105762429,2112.63639839512,1749.37964501705
1,All Population,5,Prevalence,113,Guyana,3,Both,22,All ages,976,Diabetes mellitus type 2,3,Rate,2017,9378.4550632885,10186.670532299311,8695.18547151568
1,All Population,5,Prevalence,168,Angola,3,Both,22,All ages,976,Diabetes mellitus type 2,3,Rate,2016,3603.05127839331,3924.93258624019,3332.10201465812
1,All Population,5,Prevalence,105,Antigua and Barbuda,3,Both,22,All ages,976,Diabetes mellitus type 2,3,Rate,2017,9701.972693268799,10416.53513819687,8917.42272725351
1,All Population,5,Prevalence,165,Pakistan,3,Both,22,All ages,976,Diabetes mellitus type 2,3,Rate,2016,5349.79256005991,5867.82043052222,4895.6029846702695
1,All Population,5,Prevalence,34,Azerbaijan,3,Both,22,All ages,976,Diabetes mellitus type 2,3,Rate,2017,4996.19643018216,5462.92810536292,4604.5441072228205
1,All Population,5,Prevalence,40,Turkmenistan,3,Both,22,All ages,976,Diabetes mellitus type 2,3,Rate,2016,3447.9470307338097,3731.0789520033404,3161.8270223176396
1,All Population,5,Prevalence,87,Luxembourg,3,Both,22,All ages,976,Diabetes mellitus type 2,3,Rate,2016,4096.14899994194,4487.95749589399,3751.46192506216
1,All Population,5,Prevalence,214,Nigeria,3,Both,22,All ages,976,Diabetes mellitus type 2,3,Rate,2016,1957.43634019794,2150.18891343944,1764.52622937205
1,All Population,5,Prevalence,13,Malaysia,3,Both,22,All ages,976,Diabetes mellitus type 2,3,Rate,2017,6616.95795057244,7189.82460616588,6052.103164911509
1,All Population,5,Prevalence,76,Belgium,3,Both,22,All ages,976,Diabetes mellitus type 2,3,Rate,2016,4854.389703449169,5284.949090400451,4448.45318937753
1,All Population,5,Prevalence,131,Nicaragua,3,Both,22,All ages,976,Diabetes mellitus type 2,3,Rate,2016,3876.5988451342096,4179.01676526542,3612.5711870082305
1,All Population,5,Prevalence,179,Ethiopia,3,Both,22,All ages,976,Diabetes mellitus type 2,3,Rate,2016,1496.45414504189,1639.0686071523198,1355.4067808832099
1,All Population,5,Prevalence,190,Uganda,3,Both,22,All ages,976,Diabetes mellitus type 2,3,Rate,2016,1751.7745586148399,1893.62825817193,1593.3944236060702
1,All Population,5,Prevalence,147,Libya,3,Both,22,All ages,976,Diabetes mellitus type 2,3,Rate,2017,10213.39123768968,11264.74432114606,9288.81988313906
1,All Population,5,Prevalence,50,Montenegro,3,Both,22,All ages,976,Diabetes mellitus type 2,3,Rate,2017,8062.11358143971,9016.0860407933,7336.42004170321
1,All Population,5,Prevalence,170,Congo,3,Both,22,All ages,976,Diabetes mellitus type 2,3,Rate,2016,4037.40813889129,4435.01856235875,3632.36587060328
1,All Population,5,Prevalence,26,Papua New Guinea,3,Both,22,All ages,976,Diabetes mellitus type 2,3,Rate,2017,5210.71047880051,5652.2421887076,4828.415269087321
1,All Population,5,Prevalence,180,Kenya,3,Both,22,All ages,976,Diabetes mellitus type 2,3,Rate,2016,1868.9902377150102,2046.7733213799602,1681.66956821
1,All Population,5,Prevalence,71,Australia,3,Both,22,All ages,976,Diabetes mellitus type 2,3,Rate,2017,3647.29814083369,3910.7702466097303,3370.8712887491797
1,All Population,5,Prevalence,118,Suriname,3,Both,22,All ages,976,Diabetes mellitus type 2,3,Rate,2017,10964.17878303443,11738.035040583469,10213.96659754603
1,All Population,5,Prevalence,216,Senegal,3,Both,22,All ages,976,Diabetes mellitus type 2,3,Rate,2015,4272.30378290742,4726.12843077852,3864.70602248571
1,All Population,5,Prevalence,195,Namibia,3,Both,22,All ages,976,Diabetes mellitus type 2,3,Rate,2016,3079.71106275254,3353.43418309601,2850.63277609025
1,All Population,5,Prevalence,216,Senegal,3,Both,22,All ages,976,Diabetes mellitus type 2,3,Rate,2016,4294.0281809483295,4733.70305897931,3889.61095954095
1,All Population,5,Prevalence,207,Ghana,3,Both,22,All ages,976,Diabetes mellitus type 2,3,Rate,2016,3187.3532634757903,3447.0134486138995,2939.09210609535
1,All Population,5,Prevalence,152,Saudi Arabia,3,Both,22,All ages,976,Diabetes mellitus type 2,3,Rate,2017,16197.08295993757,17689.50298199763,14653.45902735902
1,All Population,5,Prevalence,60,Lithuania,3,Both,22,All ages,976,Diabetes mellitus type 2,3,Rate,2017,5786.38856167782,6237.24401174502,5346.10542925332
1,All Population,5,Prevalence,39,Tajikistan,3,Both,22,All ages,976,Diabetes mellitus type 2,3,Rate,2017,3319.9150943173204,3604.69212091392,3076.92555168501
1,All Population,5,Prevalence,20,Viet Nam,3,Both,22,All ages,976,Diabetes mellitus type 2,3,Rate,2016,3266.0793277689804,3550.8079264641,2958.24094773246
1,All Population,5,Prevalence,89,Netherlands,3,Both,22,All ages,976,Diabetes mellitus type 2,3,Rate,2016,4744.23761828158,5108.210077773169,4379.90654374641
1,All Population,5,Prevalence,146,Lebanon,3,Both,22,All ages,976,Diabetes mellitus type 2,3,Rate,2016,9619.91914638316,10426.5750932143,8836.59612281651
1,All Population,5,Prevalence,97,Argentina,3,Both,22,All ages,976,Diabetes mellitus type 2,3,Rate,2017,3921.56174741978,4167.53600223709,3673.8538012763797
1,All Population,5,Prevalence,63,Ukraine,3,Both,22,All ages,976,Diabetes mellitus type 2,3,Rate,2017,3911.55780971,4368.719633998639,3528.3581274685
1,All Population,5,Prevalence,7,Democratic People's Republic of Korea,3,Both,22,All ages,976,Diabetes mellitus type 2,3,Rate,2017,5852.34610631977,6483.88524380871,5317.0384302290095
1,All Population,5,Prevalence,112,Grenada,3,Both,22,All ages,976,Diabetes mellitus type 2,3,Rate,2016,12532.035072803921,13292.63467179872,11766.48176370048
1,All Population,5,Prevalence,367,Monaco,3,Both,22,All ages,976,Diabetes mellitus type 2,3,Rate,2016,5701.326100950229,6308.41445287701,5146.33535031049
1,All Population,5,Prevalence,208,Guinea,3,Both,22,All ages,976,Diabetes mellitus type 2,3,Rate,2016,2163.1170802451497,2339.03605848483,2000.57152835461
1,All Population,5,Prevalence,163,India,3,Both,22,All ages,976,Diabetes mellitus type 2,3,Rate,2017,6538.82138947974,7130.6614769587395,5989.45185797785
1,All Population,5,Prevalence,173,Gabon,3,Both,22,All ages,976,Diabetes mellitus type 2,3,Rate,2016,5201.02157159424,5684.11674370501,4703.81277589527
1,All Population,5,Prevalence,144,Jordan,3,Both,22,All ages,976,Diabetes mellitus type 2,3,Rate,2017,8254.39846390844,8781.91099381929,7728.5004091664405
1,All Population,5,Prevalence,211,Mali,3,Both,22,All ages,976,Diabetes mellitus type 2,3,Rate,2017,4341.1381528298,4804.46194012031,3880.35738436696
1,All Population,5,Prevalence,15,Myanmar,3,Both,22,All ages,976,Diabetes mellitus type 2,3,Rate,2017,5319.12619607517,5736.7265535201395,4902.616681702781
1,All Population,5,Prevalence,79,Finland,3,Both,22,All ages,976,Diabetes mellitus type 2,3,Rate,2017,8561.955882597531,9195.13460054818,7910.315145013209
1,All Population,5,Prevalence,200,Benin,3,Both,22,All ages,976,Diabetes mellitus type 2,3,Rate,2017,2296.1965877124903,2477.10530226763,2110.27457240814
1,All Population,5,Prevalence,171,Democratic Republic of the Congo,3,Both,22,All ages,976,Diabetes mellitus type 2,3,Rate,2017,3111.08857732855,3440.5455268972996,2823.42344003848
1,All Population,5,Prevalence,121,Bolivia (Plurinational State of),3,Both,22,All ages,976,Diabetes mellitus type 2,3,Rate,2016,3974.88505560012,4346.06201922643,3640.59598157863
1,All Population,5,Prevalence,23,Kiribati,3,Both,22,All ages,976,Diabetes mellitus type 2,3,Rate,2017,10494.29537120527,11183.55375629585,9755.73779727034
1,All Population,5,Prevalence,55,Slovenia,3,Both,22,All ages,976,Diabetes mellitus type 2,3,Rate,2017,6454.37125243559,6945.58302147316,5969.18179854984
1,All Population,5,Prevalence,157,Yemen,3,Both,22,All ages,976,Diabetes mellitus type 2,3,Rate,2017,2861.93033867705,3169.9900321480295,2595.4510696638704
1,All Population,5,Prevalence,78,Denmark,3,Both,22,All ages,976,Diabetes mellitus type 2,3,Rate,2016,4697.93302274338,5070.9328635497,4337.8903068472
1,All Population,5,Prevalence,125,Colombia,3,Both,22,All ages,976,Diabetes mellitus type 2,3,Rate,2016,4944.01650391998,5287.846960255501,4619.47116069828
1,All Population,5,Prevalence,181,Madagascar,3,Both,22,All ages,976,Diabetes mellitus type 2,3,Rate,2016,1451.49559219828,1582.89382651104,1320.06456201437
1,All Population,5,Prevalence,215,Sao Tome and Principe,3,Both,22,All ages,976,Diabetes mellitus type 2,3,Rate,2016,3586.34879767219,3956.06922358995,3266.57859592862
1,All Population,5,Prevalence,99,Uruguay,3,Both,22,All ages,976,Diabetes mellitus type 2,3,Rate,2017,4461.12566364506,4746.01755601383,4201.87740817212
1,All Population,5,Prevalence,206,Gambia,3,Both,22,All ages,976,Diabetes mellitus type 2,3,Rate,2017,3462.7893422409397,3811.6130330315195,3138.42841130866
1,All Population,5,Prevalence,107,Barbados,3,Both,22,All ages,976,Diabetes mellitus type 2,3,Rate,2017,15180.79567761866,16179.370769116491,14018.78584909774
1,All Population,5,Prevalence,126,Costa Rica,3,Both,22,All ages,976,Diabetes mellitus type 2,3,Rate,2017,7862.53224939307,8461.287742679111,7336.278157311491
1,All Population,5,Prevalence,115,Jamaica,3,Both,22,All ages,976,Diabetes mellitus type 2,3,Rate,2017,8529.51532699243,9058.89728895006,8009.82307472875
1,All Population,5,Prevalence,68,Republic of Korea,3,Both,22,All ages,976,Diabetes mellitus type 2,3,Rate,2017,7896.5030160353,8110.39067354932,7633.3746161835
1,All Population,5,Prevalence,320,Cook Islands,3,Both,22,All ages,976,Diabetes mellitus type 2,3,Rate,2016,18002.84311118054,19351.11986811247,16838.70738520632
1,All Population,5,Prevalence,86,Italy,3,Both,22,All ages,976,Diabetes mellitus type 2,3,Rate,2017,6320.402626043329,7084.40889451232,5589.22292612471
1,All Population,5,Prevalence,154,Tunisia,3,Both,22,All ages,976,Diabetes mellitus type 2,3,Rate,2017,9937.944856319631,10745.80763889204,9167.6811503395
1,All Population,5,Prevalence,435,South Sudan,3,Both,22,All ages,976,Diabetes mellitus type 2,3,Rate,2016,1382.7492764706199,1514.91913681226,1253.10259528217
1,All Population,5,Prevalence,209,Guinea-Bissau,3,Both,22,All ages,976,Diabetes mellitus type 2,3,Rate,2016,2725.55625520998,2959.9212048196,2480.77915172201
1,All Population,5,Prevalence,36,Kazakhstan,3,Both,22,All ages,976,Diabetes mellitus type 2,3,Rate,2017,5022.47979917678,5359.76151451618,4686.19914773799
1,All Population,5,Prevalence,367,Monaco,3,Both,22,All ages,976,Diabetes mellitus type 2,3,Rate,2017,5830.67498388217,6460.415029479689,5275.97197278716
1,All Population,5,Prevalence,52,Romania,3,Both,22,All ages,976,Diabetes mellitus type 2,3,Rate,2017,4831.97818875188,5121.20481975654,4488.46006023274
1,All Population,5,Prevalence,197,Eswatini,3,Both,22,All ages,976,Diabetes mellitus type 2,3,Rate,2016,3931.65108241446,4234.31880630369,3612.0040275323404
1,All Population,5,Prevalence,28,Solomon Islands,3,Both,22,All ages,976,Diabetes mellitus type 2,3,Rate,2017,5775.99328035641,6227.56427194591,5312.35803348366
1,All Population,5,Prevalence,175,Burundi,3,Both,22,All ages,976,Diabetes mellitus type 2,3,Rate,2016,1437.1948595707102,1561.1861578298099,1313.88783628591
1,All Population,5,Prevalence,160,Afghanistan,3,Both,22,All ages,976,Diabetes mellitus type 2,3,Rate,2017,4611.33790523036,4990.90085584234,4209.00393693625
1,All Population,5,Prevalence,136,Paraguay,3,Both,22,All ages,976,Diabetes mellitus type 2,3,Rate,2016,5887.99340127769,6358.13029512619,5447.768542016361
1,All Population,5,Prevalence,172,Equatorial Guinea,3,Both,22,All ages,976,Diabetes mellitus type 2,3,Rate,2016,3281.14941380204,3661.6503509535296,2978.90093077563
1,All Population,5,Prevalence,110,Dominica,3,Both,22,All ages,976,Diabetes mellitus type 2,3,Rate,2017,11995.48937408408,12872.29633329049,11101.27627363345
1,All Population,5,Prevalence,194,Lesotho,3,Both,22,All ages,976,Diabetes mellitus type 2,3,Rate,2016,2845.51906046986,3072.25485294674,2656.63211291491
1,All Population,5,Prevalence,173,Gabon,3,Both,22,All ages,976,Diabetes mellitus type 2,3,Rate,2017,5282.1660580658,5768.09552695316,4803.582962209401
1,All Population,5,Prevalence,81,Germany,3,Both,22,All ages,976,Diabetes mellitus type 2,3,Rate,2017,7556.94646720004,8021.93927255416,7032.40490810312
1,All Population,5,Prevalence,94,Switzerland,3,Both,22,All ages,976,Diabetes mellitus type 2,3,Rate,2017,5041.43731934514,5473.56514879362,4628.06780536942
1,All Population,5,Prevalence,141,Egypt,3,Both,22,All ages,976,Diabetes mellitus type 2,3,Rate,2017,8709.16428460685,9476.962346518141,7947.404438347789
1,All Population,5,Prevalence,102,United States of America,3,Both,22,All ages,976,Diabetes mellitus type 2,3,Rate,2016,9585.521709982391,10110.36000466171,9118.36440437055
1,All Population,5,Prevalence,41,Uzbekistan,3,Both,22,All ages,976,Diabetes mellitus type 2,3,Rate,2017,3675.49899994898,4000.9032204011196,3381.47635091811
1,All Population,5,Prevalence,122,Ecuador,3,Both,22,All ages,976,Diabetes mellitus type 2,3,Rate,2017,5271.93325873632,5535.09771393711,5003.49249485273
1,All Population,5,Prevalence,128,Guatemala,3,Both,22,All ages,976,Diabetes mellitus type 2,3,Rate,2017,6547.80390184084,6934.51888976655,6241.1147511022
1,All Population,5,Prevalence,165,Pakistan,3,Both,22,All ages,976,Diabetes mellitus type 2,3,Rate,2017,5427.0608609007395,5967.71485827138,4945.082465857839
1,All Population,5,Prevalence,123,Peru,3,Both,22,All ages,976,Diabetes mellitus type 2,3,Rate,2016,2751.0651576198497,2984.76093995102,2526.1977596757
1,All Population,5,Prevalence,18,Thailand,3,Both,22,All ages,976,Diabetes mellitus type 2,3,Rate,2017,6701.73780918191,7270.17151135236,6145.5612094916
1,All Population,5,Prevalence,38,Mongolia,3,Both,22,All ages,976,Diabetes mellitus type 2,3,Rate,2017,3280.86065215738,3570.3867484164703,2982.18447665328
1,All Population,5,Prevalence,75,Austria,3,Both,22,All ages,976,Diabetes mellitus type 2,3,Rate,2017,4360.15025370848,4644.55005264329,4071.45674557909
1,All Population,5,Prevalence,178,Eritrea,3,Both,22,All ages,976,Diabetes mellitus type 2,3,Rate,2017,1936.1129705833102,2095.62920244922,1784.9709875248798
1,All Population,5,Prevalence,208,Guinea,3,Both,22,All ages,976,Diabetes mellitus type 2,3,Rate,2017,2166.2370054787298,2337.63908355903,1997.57453988151
1,All Population,5,Prevalence,101,Canada,3,Both,22,All ages,976,Diabetes mellitus type 2,3,Rate,2017,4895.04157706344,5211.26837284479,4596.33968673241
1,All Population,5,Prevalence,435,South Sudan,3,Both,22,All ages,976,Diabetes mellitus type 2,3,Rate,2017,1425.71555196511,1557.0651678249799,1299.88989938342
1,All Population,5,Prevalence,40,Turkmenistan,3,Both,22,All ages,976,Diabetes mellitus type 2,3,Rate,2017,3522.7182712631698,3793.85374612412,3209.61164561309
1,All Population,5,Prevalence,205,Côte d'Ivoire,3,Both,22,All ages,976,Diabetes mellitus type 2,3,Rate,2017,2741.31585234763,3023.24383582769,2482.9508476523697
1,All Population,5,Prevalence,413,Tokelau,3,Both,22,All ages,976,Diabetes mellitus type 2,3,Rate,2017,16034.283463613941,17194.379428481298,14932.49278804138
1,All Population,5,Prevalence,91,Portugal,3,Both,22,All ages,976,Diabetes mellitus type 2,3,Rate,2016,7565.507105774,8057.5285117352,7043.23768247513
1,All Population,5,Prevalence,54,Slovakia,3,Both,22,All ages,976,Diabetes mellitus type 2,3,Rate,2017,4681.14870465348,5183.0434179427,4197.924748637301
1,All Population,5,Prevalence,112,Grenada,3,Both,22,All ages,976,Diabetes mellitus type 2,3,Rate,2017,12816.50033483707,13554.54859542921,12092.82972355535
1,All Population,5,Prevalence,88,Malta,3,Both,22,All ages,976,Diabetes mellitus type 2,3,Rate,2017,5752.126387665679,6198.38589682494,5398.2535463492995
1,All Population,5,Prevalence,62,Russian Federation,3,Both,22,All ages,976,Diabetes mellitus type 2,3,Rate,2017,4935.23238826889,5552.225044413571,4436.409204976189
1,All Population,5,Prevalence,10,Cambodia,3,Both,22,All ages,976,Diabetes mellitus type 2,3,Rate,2016,2524.8377729936,2762.83701305511,2317.65461282349
1,All Population,5,Prevalence,218,Togo,3,Both,22,All ages,976,Diabetes mellitus type 2,3,Rate,2016,2051.88959252121,2251.40175979114,1871.95700300198
1,All Population,5,Prevalence,67,Japan,3,Both,22,All ages,976,Diabetes mellitus type 2,3,Rate,2017,10732.43685795547,11910.70687249507,9726.29382220021
1,All Population,5,Prevalence,183,Mauritius,3,Both,22,All ages,976,Diabetes mellitus type 2,3,Rate,2016,17093.53434980749,17930.39565991325,16338.26894782995
1,All Population,5,Prevalence,175,Burundi,3,Both,22,All ages,976,Diabetes mellitus type 2,3,Rate,2017,1459.33146091277,1588.16851016889,1335.97984671672
1,All Population,5,Prevalence,213,Niger,3,Both,22,All ages,976,Diabetes mellitus type 2,3,Rate,2017,1939.5202885108101,2123.40297247356,1758.7420461385998
1,All Population,5,Prevalence,44,Bosnia and Herzegovina,3,Both,22,All ages,976,Diabetes mellitus type 2,3,Rate,2016,8042.815485718729,8843.63310184232,7277.421975238591
1,All Population,5,Prevalence,30,Vanuatu,3,Both,22,All ages,976,Diabetes mellitus type 2,3,Rate,2017,6118.7930555268795,6603.70956180366,5670.32616033844
1,All Population,5,Prevalence,161,Bangladesh,3,Both,22,All ages,976,Diabetes mellitus type 2,3,Rate,2016,5206.82754012465,5560.26729902966,4834.636451888559
1,All Population,5,Prevalence,376,Northern Mariana Islands,3,Both,22,All ages,976,Diabetes mellitus type 2,3,Rate,2016,12158.64637074683,13106.031664607279,11095.71140429749
1,All Population,5,Prevalence,162,Bhutan,3,Both,22,All ages,976,Diabetes mellitus type 2,3,Rate,2017,4174.05882486033,4541.469677731559,3879.0352498808097
1,All Population,5,Prevalence,29,Tonga,3,Both,22,All ages,976,Diabetes mellitus type 2,3,Rate,2017,10490.19622152255,11200.61180819594,9871.86283005201
1,All Population,5,Prevalence,49,North Macedonia,3,Both,22,All ages,976,Diabetes mellitus type 2,3,Rate,2017,8862.64547403338,9744.323588788879,8090.32170799022
1,All Population,5,Prevalence,149,Palestine,3,Both,22,All ages,976,Diabetes mellitus type 2,3,Rate,2016,6810.97962642989,7289.285357474,6303.122864130591
1,All Population,5,Prevalence,83,Iceland,3,Both,22,All ages,976,Diabetes mellitus type 2,3,Rate,2017,4195.16586557009,4597.75526371428,3825.65175874787
1,All Population,5,Prevalence,133,Venezuela (Bolivarian Republic of),3,Both,22,All ages,976,Diabetes mellitus type 2,3,Rate,2017,6315.83221762138,6798.361119192189,5863.35882154023
1,All Population,5,Prevalence,146,Lebanon,3,Both,22,All ages,976,Diabetes mellitus type 2,3,Rate,2017,10050.88394710896,10878.4164518649,9229.58050838031
1,All Population,5,Prevalence,114,Haiti,3,Both,22,All ages,976,Diabetes mellitus type 2,3,Rate,2017,4297.02966193569,4662.2724999108395,3922.1003297837196
1,All Population,5,Prevalence,90,Norway,3,Both,22,All ages,976,Diabetes mellitus type 2,3,Rate,2017,5851.18062645079,6554.98305599463,5169.9937355518805
1,All Population,5,Prevalence,186,Seychelles,3,Both,22,All ages,976,Diabetes mellitus type 2,3,Rate,2017,8640.69906036121,9501.0319592065,7914.82430974704
1,All Population,5,Prevalence,57,Belarus,3,Both,22,All ages,976,Diabetes mellitus type 2,3,Rate,2016,4910.09262790938,5294.40555805593,4472.45885083402
1,All Population,5,Prevalence,77,Cyprus,3,Both,22,All ages,976,Diabetes mellitus type 2,3,Rate,2017,6397.2536568961405,6987.016024961031,5907.13717175708
1,All Population,5,Prevalence,87,Luxembourg,3,Both,22,All ages,976,Diabetes mellitus type 2,3,Rate,2017,4145.68231468109,4543.48669469753,3806.31393035697
1,All Population,5,Prevalence,43,Albania,3,Both,22,All ages,976,Diabetes mellitus type 2,3,Rate,2017,3958.51020450606,4453.26494409462,3568.17548328439
1,All Population,5,Prevalence,130,Mexico,3,Both,22,All ages,976,Diabetes mellitus type 2,3,Rate,2017,11163.68704111909,12127.52867379972,10128.92662744509
1,All Population,5,Prevalence,114,Haiti,3,Both,22,All ages,976,Diabetes mellitus type 2,3,Rate,2016,4232.34084250781,4599.53009390286,3857.36388673839
1,All Population,5,Prevalence,194,Lesotho,3,Both,22,All ages,976,Diabetes mellitus type 2,3,Rate,2017,2896.92814246947,3129.95702337745,2705.97805318441
1,All Population,5,Prevalence,207,Ghana,3,Both,22,All ages,976,Diabetes mellitus type 2,3,Rate,2017,3243.5644792030803,3504.4181233318495,2977.00889542909
1,All Population,5,Prevalence,172,Equatorial Guinea,3,Both,22,All ages,976,Diabetes mellitus type 2,3,Rate,2017,3357.22124487478,3733.30136423401,3042.64467238343
1,All Population,5,Prevalence,92,Spain,3,Both,22,All ages,976,Diabetes mellitus type 2,3,Rate,2017,7856.723072827899,8475.29052145185,7264.91385658832
1,All Population,5,Prevalence,76,Belgium,3,Both,22,All ages,976,Diabetes mellitus type 2,3,Rate,2017,4945.630454356719,5396.40518255641,4550.2070044287
1,All Population,5,Prevalence,218,Togo,3,Both,22,All ages,976,Diabetes mellitus type 2,3,Rate,2017,2088.14211935811,2275.3851726667904,1904.05688752754
1,All Population,5,Prevalence,185,Rwanda,3,Both,22,All ages,976,Diabetes mellitus type 2,3,Rate,2016,1410.32420062163,1533.42284144492,1297.20822622866
1,All Population,5,Prevalence,20,Viet Nam,3,Both,22,All ages,976,Diabetes mellitus type 2,3,Rate,2017,3371.92142772965,3671.99384540703,3052.35870117702
1,All Population,5,Prevalence,215,Sao Tome and Principe,3,Both,22,All ages,976,Diabetes mellitus type 2,3,Rate,2017,3698.40420215239,4080.18375394074,3364.3826566331995
1,All Population,5,Prevalence,161,Bangladesh,3,Both,22,All ages,976,Diabetes mellitus type 2,3,Rate,2017,5292.20493931685,5660.65117602793,4937.19817678481
1,All Population,5,Prevalence,123,Peru,3,Both,22,All ages,976,Diabetes mellitus type 2,3,Rate,2017,2885.90217539136,3122.3034556552902,2655.78694935065
1,All Population,5,Prevalence,143,Iraq,3,Both,22,All ages,976,Diabetes mellitus type 2,3,Rate,2017,8103.237068228281,8760.8605602262,7487.90913617913
1,All Population,5,Prevalence,80,France,3,Both,22,All ages,976,Diabetes mellitus type 2,3,Rate,2017,5734.68115060192,6201.13073174905,5332.72741264841
1,All Population,5,Prevalence,46,Croatia,3,Both,22,All ages,976,Diabetes mellitus type 2,3,Rate,2016,8750.26651423914,9316.44513510169,8298.43480235029
1,All Population,5,Prevalence,69,Singapore,3,Both,22,All ages,976,Diabetes mellitus type 2,3,Rate,2017,6251.07818377519,6865.778308319601,5716.39317003873
1,All Population,5,Prevalence,93,Sweden,3,Both,22,All ages,976,Diabetes mellitus type 2,3,Rate,2016,6177.8918444807605,6640.16913992988,5742.91846541435
1,All Population,5,Prevalence,51,Poland,3,Both,22,All ages,976,Diabetes mellitus type 2,3,Rate,2017,9892.50470660403,10638.61446168136,9240.325790673349
1,All Population,5,Prevalence,385,Puerto Rico,3,Both,22,All ages,976,Diabetes mellitus type 2,3,Rate,2016,12398.34517361195,13240.249530771589,11501.025178318268
1,All Population,5,Prevalence,209,Guinea-Bissau,3,Both,22,All ages,976,Diabetes mellitus type 2,3,Rate,2017,2758.89419135764,3011.5096187304102,2511.88045769659
1,All Population,5,Prevalence,33,Armenia,3,Both,22,All ages,976,Diabetes mellitus type 2,3,Rate,2017,5801.03552188556,6199.3968445686405,5393.37324009824
1,All Population,5,Prevalence,180,Kenya,3,Both,22,All ages,976,Diabetes mellitus type 2,3,Rate,2017,1911.17877820003,2093.51048936919,1720.86896271795
1,All Population,5,Prevalence,86,Italy,3,Both,22,All ages,976,Diabetes mellitus type 2,3,Rate,2018,6488.233408278429,7258.02143939922,5730.438785932391
1,All Population,5,Prevalence,28,Solomon Islands,3,Both,22,All ages,976,Diabetes mellitus type 2,3,Rate,2018,5927.20157744948,6421.31739179245,5465.61570564003
1,All Population,5,Prevalence,89,Netherlands,3,Both,22,All ages,976,Diabetes mellitus type 2,3,Rate,2017,4802.43493382979,5137.86972923396,4448.399358886581
1,All Population,5,Prevalence,169,Central African Republic,3,Both,22,All ages,976,Diabetes mellitus type 2,3,Rate,2017,3469.17823469041,3752.95677067298,3187.19920843614
1,All Population,5,Prevalence,210,Liberia,3,Both,22,All ages,976,Diabetes mellitus type 2,3,Rate,2016,2994.2928629511302,3246.6041613950897,2738.40825170046
1,All Population,5,Prevalence,10,Cambodia,3,Both,22,All ages,976,Diabetes mellitus type 2,3,Rate,2017,2587.11866428372,2826.7663587870297,2373.6367762209097
1,All Population,5,Prevalence,196,South Africa,3,Both,22,All ages,976,Diabetes mellitus type 2,3,Rate,2017,6001.4841453423205,6554.563077051071,5448.952994329969
1,All Population,5,Prevalence,75,Austria,3,Both,22,All ages,976,Diabetes mellitus type 2,3,Rate,2018,4372.3742948433,4671.09757371469,4070.36716380006
1,All Population,5,Prevalence,22,Fiji,3,Both,22,All ages,976,Diabetes mellitus type 2,3,Rate,2017,14206.35706946268,15074.659228366349,13507.122531134211
1,All Population,5,Prevalence,45,Bulgaria,3,Both,22,All ages,976,Diabetes mellitus type 2,3,Rate,2017,7745.84001596198,8270.21049825479,7244.778229598341
1,All Population,5,Prevalence,170,Congo,3,Both,22,All ages,976,Diabetes mellitus type 2,3,Rate,2017,4082.20346116707,4465.6168660089,3683.3389909859598
1,All Population,5,Prevalence,135,Brazil,3,Both,22,All ages,976,Diabetes mellitus type 2,3,Rate,2017,5597.4757964581695,6175.76888856681,5013.0982301597705
1,All Population,5,Prevalence,116,Saint Lucia,3,Both,22,All ages,976,Diabetes mellitus type 2,3,Rate,2017,12496.58409616419,13326.90597070602,11445.29581321188
1,All Population,5,Prevalence,82,Greece,3,Both,22,All ages,976,Diabetes mellitus type 2,3,Rate,2017,5925.682040632601,6436.81648721771,5404.4856560395
1,All Population,5,Prevalence,151,Qatar,3,Both,22,All ages,976,Diabetes mellitus type 2,3,Rate,2016,12167.84943495637,13409.54797324504,11003.80143289288
1,All Population,5,Prevalence,125,Colombia,3,Both,22,All ages,976,Diabetes mellitus type 2,3,Rate,2017,5150.610693004231,5503.86050801092,4781.430975080811
1,All Population,5,Prevalence,181,Madagascar,3,Both,22,All ages,976,Diabetes mellitus type 2,3,Rate,2017,1472.9806641014,1607.72936757879,1344.45947985886
1,All Population,5,Prevalence,44,Bosnia and Herzegovina,3,Both,22,All ages,976,Diabetes mellitus type 2,3,Rate,2017,8348.26296908867,9200.45811604174,7545.896843064211
1,All Population,5,Prevalence,30,Vanuatu,3,Both,22,All ages,976,Diabetes mellitus type 2,3,Rate,2018,6245.620193853791,6766.27332973245,5790.51818203142
1,All Population,5,Prevalence,81,Germany,3,Both,22,All ages,976,Diabetes mellitus type 2,3,Rate,2018,7630.335328726879,8121.48551472669,7091.03628896487
1,All Population,5,Prevalence,35,Georgia,3,Both,22,All ages,976,Diabetes mellitus type 2,3,Rate,2017,5588.71136986944,5990.9233631078005,5188.61917201461
1,All Population,5,Prevalence,23,Kiribati,3,Both,22,All ages,976,Diabetes mellitus type 2,3,Rate,2018,10706.27327884167,11456.86533389243,9935.09296994284
1,All Population,5,Prevalence,177,Djibouti,3,Both,22,All ages,976,Diabetes mellitus type 2,3,Rate,2017,2009.64233562035,2202.50172968658,1846.1220302847098
1,All Population,5,Prevalence,109,Cuba,3,Both,22,All ages,976,Diabetes mellitus type 2,3,Rate,2017,5948.32324040979,6409.716699553041,5544.23416247016
1,All Population,5,Prevalence,320,Cook Islands,3,Both,22,All ages,976,Diabetes mellitus type 2,3,Rate,2017,18340.94129458811,19596.631014712777,17153.34972320832
1,All Population,5,Prevalence,48,Hungary,3,Both,22,All ages,976,Diabetes mellitus type 2,3,Rate,2017,5654.74496623425,6010.97923475345,5145.40565313908
1,All Population,5,Prevalence,187,Somalia,3,Both,22,All ages,976,Diabetes mellitus type 2,3,Rate,2017,1591.9918995979901,1726.64780399723,1466.68322577519
1,All Population,5,Prevalence,78,Denmark,3,Both,22,All ages,976,Diabetes mellitus type 2,3,Rate,2017,4771.9390711624,5162.27684467189,4395.1044964774
1,All Population,5,Prevalence,88,Malta,3,Both,22,All ages,976,Diabetes mellitus type 2,3,Rate,2018,5806.94953446973,6291.8339935694,5434.5547066283
1,All Population,5,Prevalence,83,Iceland,3,Both,22,All ages,976,Diabetes mellitus type 2,3,Rate,2018,4274.48438069066,4674.816653773079,3895.25796696977
1,All Population,5,Prevalence,145,Kuwait,3,Both,22,All ages,976,Diabetes mellitus type 2,3,Rate,2017,14184.162116820658,15278.26024557373,13168.81405455722
1,All Population,5,Prevalence,374,Niue,3,Both,22,All ages,976,Diabetes mellitus type 2,3,Rate,2017,18902.99951106586,20267.9624891897,17598.10627109209
1,All Population,5,Prevalence,133,Venezuela (Bolivarian Republic of),3,Both,22,All ages,976,Diabetes mellitus type 2,3,Rate,2018,6538.79279563563,7046.236037969281,6056.05425193443
1,All Population,5,Prevalence,217,Sierra Leone,3,Both,22,All ages,976,Diabetes mellitus type 2,3,Rate,2017,2685.69659162978,2928.21938964476,2443.3718846809697
1,All Population,5,Prevalence,305,Bermuda,3,Both,22,All ages,976,Diabetes mellitus type 2,3,Rate,2017,8314.98658885928,9039.71146830822,7629.96989659593
1,All Population,5,Prevalence,34,Azerbaijan,3,Both,22,All ages,976,Diabetes mellitus type 2,3,Rate,2018,5142.10237124523,5646.10831766358,4752.75244830863
1,All Population,5,Prevalence,98,Chile,3,Both,22,All ages,976,Diabetes mellitus type 2,3,Rate,2017,2769.44477768942,2942.9615331883997,2609.0195351160796
1,All Population,5,Prevalence,122,Ecuador,3,Both,22,All ages,976,Diabetes mellitus type 2,3,Rate,2018,5457.03361157971,5726.6571504578405,5151.20511173399
1,All Population,5,Prevalence,195,Namibia,3,Both,22,All ages,976,Diabetes mellitus type 2,3,Rate,2017,3130.9992663378903,3399.85168178987,2909.33189731091
1,All Population,5,Prevalence,148,Morocco,3,Both,22,All ages,976,Diabetes mellitus type 2,3,Rate,2017,8170.81210036181,8844.601795647899,7572.8271247348
1,All Population,5,Prevalence,189,United Republic of Tanzania,3,Both,22,All ages,976,Diabetes mellitus type 2,3,Rate,2017,1511.67788030865,1636.59428368528,1396.3625480933902
1,All Population,5,Prevalence,94,Switzerland,3,Both,22,All ages,976,Diabetes mellitus type 2,3,Rate,2018,5108.18425834574,5565.96744060198,4677.17095739743
1,All Population,5,Prevalence,396,San Marino,3,Both,22,All ages,976,Diabetes mellitus type 2,3,Rate,2016,5836.223104581751,6472.560134564161,5310.80261826822
1,All Population,5,Prevalence,149,Palestine,3,Both,22,All ages,976,Diabetes mellitus type 2,3,Rate,2017,7065.73679748908,7539.16549366864,6564.34988112222
1,All Population,5,Prevalence,136,Paraguay,3,Both,22,All ages,976,Diabetes mellitus type 2,3,Rate,2017,6083.43078947059,6541.41485777692,5609.87895059797
1,All Population,5,Prevalence,128,Guatemala,3,Both,22,All ages,976,Diabetes mellitus type 2,3,Rate,2018,6718.03222334918,7074.8925929383295,6400.3809204894405
1,All Population,5,Prevalence,202,Cameroon,3,Both,22,All ages,976,Diabetes mellitus type 2,3,Rate,2017,2656.72180213604,2905.80353347566,2408.70239277151
1,All Population,5,Prevalence,182,Malawi,3,Both,22,All ages,976,Diabetes mellitus type 2,3,Rate,2017,1174.06843428764,1262.5545689488101,1087.43774047862
1,All Population,5,Prevalence,41,Uzbekistan,3,Both,22,All ages,976,Diabetes mellitus type 2,3,Rate,2018,3715.40672286838,4042.57887073365,3413.1984043317298
1,All Population,5,Prevalence,85,Israel,3,Both,22,All ages,976,Diabetes mellitus type 2,3,Rate,2018,4051.22641440505,4289.71945806087,3842.33400250006
1,All Population,5,Prevalence,102,United States of America,3,Both,22,All ages,976,Diabetes mellitus type 2,3,Rate,2017,9819.929639890961,10365.09387463577,9343.40763701902
1,All Population,5,Prevalence,24,Marshall Islands,3,Both,22,All ages,976,Diabetes mellitus type 2,3,Rate,2017,12413.550292985221,13508.315696577949,11217.746909019801
1,All Population,5,Prevalence,176,Comoros,3,Both,22,All ages,976,Diabetes mellitus type 2,3,Rate,2017,2664.18993617548,2848.46280546164,2482.78475119
1,All Population,5,Prevalence,12,Lao People's Democratic Republic,3,Both,22,All ages,976,Diabetes mellitus type 2,3,Rate,2017,3436.92363626684,3730.71626004361,3156.91013606645
1,All Population,5,Prevalence,85,Israel,3,Both,22,All ages,976,Diabetes mellitus type 2,3,Rate,2017,4023.90649326949,4266.12508828092,3824.8644089805503
1,All Population,5,Prevalence,183,Mauritius,3,Both,22,All ages,976,Diabetes mellitus type 2,3,Rate,2017,17333.981415458198,18070.88702825973,16571.929306116177
1,All Population,5,Prevalence,351,Guam,3,Both,22,All ages,976,Diabetes mellitus type 2,3,Rate,2017,7674.457079872631,8375.30045092422,7077.538040857249
1,All Population,5,Prevalence,46,Croatia,3,Both,22,All ages,976,Diabetes mellitus type 2,3,Rate,2017,9101.55943034704,9742.83447974842,8612.79540905246
1,All Population,5,Prevalence,156,United Arab Emirates,3,Both,22,All ages,976,Diabetes mellitus type 2,3,Rate,2017,14117.810570748521,15620.93315010632,12791.47338513334
1,All Population,5,Prevalence,84,Ireland,3,Both,22,All ages,976,Diabetes mellitus type 2,3,Rate,2017,3510.78374240203,3808.61920646326,3197.05511747911
1,All Population,5,Prevalence,127,El Salvador,3,Both,22,All ages,976,Diabetes mellitus type 2,3,Rate,2017,6265.24485823895,6740.353064516929,5771.89979226787
1,All Population,5,Prevalence,91,Portugal,3,Both,22,All ages,976,Diabetes mellitus type 2,3,Rate,2017,7676.27491937439,8208.47794719082,7131.45476819627
1,All Population,5,Prevalence,198,Zimbabwe,3,Both,22,All ages,976,Diabetes mellitus type 2,3,Rate,2017,2344.4116513186,2555.81898814134,2140.38227451383
1,All Population,5,Prevalence,380,Palau,3,Both,22,All ages,976,Diabetes mellitus type 2,3,Rate,2017,14737.40687338675,15709.26671966315,13781.514394385238
1,All Population,5,Prevalence,135,Brazil,3,Both,22,All ages,976,Diabetes mellitus type 2,3,Rate,2018,5872.81742406093,6483.316128124141,5253.11570244405
1,All Population,5,Prevalence,36,Kazakhstan,3,Both,22,All ages,976,Diabetes mellitus type 2,3,Rate,2018,5123.99652020526,5469.49725061231,4772.69077961338
1,All Population,5,Prevalence,150,Oman,3,Both,22,All ages,976,Diabetes mellitus type 2,3,Rate,2017,6941.01321908534,7513.16192789301,6348.228576723421
1,All Population,5,Prevalence,95,United Kingdom,3,Both,22,All ages,976,Diabetes mellitus type 2,3,Rate,2017,7025.6640170765895,7559.91356154435,6481.193924800829
1,All Population,5,Prevalence,180,Kenya,3,Both,22,All ages,976,Diabetes mellitus type 2,3,Rate,2018,1956.36497259314,2144.97925126467,1762.8551390206098
1,All Population,5,Prevalence,77,Cyprus,3,Both,22,All ages,976,Diabetes mellitus type 2,3,Rate,2018,6525.6820102195,7116.506284186739,6037.719799851559
1,All Population,5,Prevalence,98,Chile,3,Both,22,All ages,976,Diabetes mellitus type 2,3,Rate,2018,2835.82758542519,3017.64251335794,2663.94414053901
1,All Population,5,Prevalence,376,Northern Mariana Islands,3,Both,22,All ages,976,Diabetes mellitus type 2,3,Rate,2017,12395.3158183309,13431.868811718301,11367.3608685786
1,All Population,5,Prevalence,422,United States Virgin Islands,3,Both,22,All ages,976,Diabetes mellitus type 2,3,Rate,2017,12182.618197802989,13258.63606137003,11175.90215039393
1,All Population,5,Prevalence,169,Central African Republic,3,Both,22,All ages,976,Diabetes mellitus type 2,3,Rate,2018,3509.26281514444,3825.39633334618,3208.9666112675495
1,All Population,5,Prevalence,90,Norway,3,Both,22,All ages,976,Diabetes mellitus type 2,3,Rate,2018,5904.9596481453,6634.96466992398,5224.33768478703
1,All Population,5,Prevalence,43,Albania,3,Both,22,All ages,976,Diabetes mellitus type 2,3,Rate,2018,4106.83755457056,4655.38415336405,3734.9027658679
1,All Population,5,Prevalence,217,Sierra Leone,3,Both,22,All ages,976,Diabetes mellitus type 2,3,Rate,2018,2727.74328976375,2976.03636832815,2479.25876436082
1,All Population,5,Prevalence,393,Saint Kitts and Nevis,3,Both,22,All ages,976,Diabetes mellitus type 2,3,Rate,2017,9765.78050247456,10694.244967337881,8945.463500558839
1,All Population,5,Prevalence,184,Mozambique,3,Both,22,All ages,976,Diabetes mellitus type 2,3,Rate,2017,1258.40758224039,1355.77203062741,1157.15838385412
1,All Population,5,Prevalence,182,Malawi,3,Both,22,All ages,976,Diabetes mellitus type 2,3,Rate,2018,1195.64819716032,1292.17227016411,1104.45938799941
1,All Population,5,Prevalence,49,North Macedonia,3,Both,22,All ages,976,Diabetes mellitus type 2,3,Rate,2018,9023.558101467861,9881.32159676969,8220.00380627246
1,All Population,5,Prevalence,191,Zambia,3,Both,22,All ages,976,Diabetes mellitus type 2,3,Rate,2017,2244.74857056532,2429.72431045113,2055.31177003287
1,All Population,5,Prevalence,6,China,3,Both,22,All ages,976,Diabetes mellitus type 2,3,Rate,2018,7919.20042798762,8620.6095141155,7306.27363889533
1,All Population,5,Prevalence,298,American Samoa,3,Both,22,All ages,976,Diabetes mellitus type 2,3,Rate,2017,14906.20298055589,15885.55439417049,14100.98002099437
1,All Population,5,Prevalence,204,Chad,3,Both,22,All ages,976,Diabetes mellitus type 2,3,Rate,2017,1960.8351275167101,2141.2019952066103,1788.63551485786
1,All Population,5,Prevalence,197,Eswatini,3,Both,22,All ages,976,Diabetes mellitus type 2,3,Rate,2017,4020.18305126714,4327.5007054544,3695.67358583657
1,All Population,5,Prevalence,14,Maldives,3,Both,22,All ages,976,Diabetes mellitus type 2,3,Rate,2017,3687.3840707012896,4068.0498993580604,3317.1638209145303
1,All Population,5,Prevalence,141,Egypt,3,Both,22,All ages,976,Diabetes mellitus type 2,3,Rate,2018,8989.58035548084,9748.00326240047,8198.06945456533
1,All Population,5,Prevalence,190,Uganda,3,Both,22,All ages,976,Diabetes mellitus type 2,3,Rate,2017,1775.86367747562,1906.10578916913,1620.9605428514199
1,All Population,5,Prevalence,140,Bahrain,3,Both,22,All ages,976,Diabetes mellitus type 2,3,Rate,2017,14936.931480885809,16297.50738753096,13771.36830766639
1,All Population,5,Prevalence,164,Nepal,3,Both,22,All ages,976,Diabetes mellitus type 2,3,Rate,2017,4799.71211654505,5185.13303556385,4435.26996857097
1,All Population,5,Prevalence,130,Mexico,3,Both,22,All ages,976,Diabetes mellitus type 2,3,Rate,2018,11315.5484897558,12284.89147515018,10266.92593241742
1,All Population,5,Prevalence,57,Belarus,3,Both,22,All ages,976,Diabetes mellitus type 2,3,Rate,2017,5087.81104301121,5462.1976126155605,4652.77444977122
1,All Population,5,Prevalence,151,Qatar,3,Both,22,All ages,976,Diabetes mellitus type 2,3,Rate,2017,12426.32850220761,13675.478445195771,11241.12376643907
1,All Population,5,Prevalence,175,Burundi,3,Both,22,All ages,976,Diabetes mellitus type 2,3,Rate,2018,1478.8050652305,1612.58172673048,1350.2436031897998
1,All Population,5,Prevalence,38,Mongolia,3,Both,22,All ages,976,Diabetes mellitus type 2,3,Rate,2018,3346.57253106991,3631.3488441433105,3038.5767924761003
1,All Population,5,Prevalence,17,Sri Lanka,3,Both,22,All ages,976,Diabetes mellitus type 2,3,Rate,2018,9108.67430799555,9676.48223598228,8573.242869044401
1,All Population,5,Prevalence,37,Kyrgyzstan,3,Both,22,All ages,976,Diabetes mellitus type 2,3,Rate,2017,2913.9063824577397,3153.93680092046,2704.30950062051
1,All Population,5,Prevalence,374,Niue,3,Both,22,All ages,976,Diabetes mellitus type 2,3,Rate,2018,19189.01546562438,20575.488568823268,17776.72544772331
1,All Population,5,Prevalence,139,Algeria,3,Both,22,All ages,976,Diabetes mellitus type 2,3,Rate,2017,8262.4893474085,9021.98906433023,7572.75044642332
1,All Population,5,Prevalence,148,Morocco,3,Both,22,All ages,976,Diabetes mellitus type 2,3,Rate,2018,8531.64177970407,9234.10250571781,7902.14616151349
1,All Population,5,Prevalence,349,Greenland,3,Both,22,All ages,976,Diabetes mellitus type 2,3,Rate,2017,3197.58217418186,3564.23284136953,2861.53167794232
1,All Population,5,Prevalence,8,Taiwan,3,Both,22,All ages,976,Diabetes mellitus type 2,3,Rate,2018,8702.92519529428,9285.93574224488,8186.42146624832
1,All Population,5,Prevalence,16,Philippines,3,Both,22,All ages,976,Diabetes mellitus type 2,3,Rate,2017,4308.68225721386,4705.42119851549,3906.7390944159897
1,All Population,5,Prevalence,385,Puerto Rico,3,Both,22,All ages,976,Diabetes mellitus type 2,3,Rate,2017,12825.61941561873,13667.42329995688,11871.77077242975
1,All Population,5,Prevalence,129,Honduras,3,Both,22,All ages,976,Diabetes mellitus type 2,3,Rate,2017,3696.3614138754297,4048.70307686902,3365.96920421048
1,All Population,5,Prevalence,109,Cuba,3,Both,22,All ages,976,Diabetes mellitus type 2,3,Rate,2018,6141.74037201592,6629.38668069799,5712.8539609850395
1,All Population,5,Prevalence,153,Syrian Arab Republic,3,Both,22,All ages,976,Diabetes mellitus type 2,3,Rate,2017,8681.01262344599,9492.5397211906,8044.6731011867405
1,All Population,5,Prevalence,25,Micronesia (Federated States of),3,Both,22,All ages,976,Diabetes mellitus type 2,3,Rate,2017,14476.77383654917,15318.79281108678,13656.51655290272
1,All Population,5,Prevalence,185,Rwanda,3,Both,22,All ages,976,Diabetes mellitus type 2,3,Rate,2017,1439.56733119665,1565.4508852850702,1329.86815679601
1,All Population,5,Prevalence,150,Oman,3,Both,22,All ages,976,Diabetes mellitus type 2,3,Rate,2018,7300.258856515949,7930.5509370735,6663.170892831689
1,All Population,5,Prevalence,93,Sweden,3,Both,22,All ages,976,Diabetes mellitus type 2,3,Rate,2017,6314.145762049079,6792.6041721555,5872.59146350829
1,All Population,5,Prevalence,59,Latvia,3,Both,22,All ages,976,Diabetes mellitus type 2,3,Rate,2017,7032.09908130043,7533.41644800381,6497.127189414289
1,All Population,5,Prevalence,19,Timor-Leste,3,Both,22,All ages,976,Diabetes mellitus type 2,3,Rate,2018,2299.84600062014,2512.48409641237,2099.67956586238
1,All Population,5,Prevalence,117,Saint Vincent and the Grenadines,3,Both,22,All ages,976,Diabetes mellitus type 2,3,Rate,2017,12327.34680327173,13126.65672131188,11496.30993361067
1,All Population,5,Prevalence,58,Estonia,3,Both,22,All ages,976,Diabetes mellitus type 2,3,Rate,2018,6504.357512440371,6997.22807705395,5922.305972389609
1,All Population,5,Prevalence,193,Botswana,3,Both,22,All ages,976,Diabetes mellitus type 2,3,Rate,2017,3343.5848070441302,3626.7519317036904,3095.6980483634397
1,All Population,5,Prevalence,522,Sudan,3,Both,22,All ages,976,Diabetes mellitus type 2,3,Rate,2017,5306.08132902856,5810.7809046761595,4872.41120722372
1,All Population,5,Prevalence,184,Mozambique,3,Both,22,All ages,976,Diabetes mellitus type 2,3,Rate,2018,1278.23761264458,1382.00607843305,1177.35956632275
1,All Population,5,Prevalence,51,Poland,3,Both,22,All ages,976,Diabetes mellitus type 2,3,Rate,2018,10164.85228399287,10927.96347170578,9490.93928930166
1,All Population,5,Prevalence,92,Spain,3,Both,22,All ages,976,Diabetes mellitus type 2,3,Rate,2018,8017.08218556043,8674.24960950561,7402.321575000589
1,All Population,5,Prevalence,196,South Africa,3,Both,22,All ages,976,Diabetes mellitus type 2,3,Rate,2018,6154.0412215153,6721.54440065354,5583.14672747379
1,All Population,5,Prevalence,298,American Samoa,3,Both,22,All ages,976,Diabetes mellitus type 2,3,Rate,2018,15381.316145538909,16391.01887009441,14500.071158486719
1,All Population,5,Prevalence,139,Algeria,3,Both,22,All ages,976,Diabetes mellitus type 2,3,Rate,2018,8608.846514621111,9360.98482850491,7902.346178053141
1,All Population,5,Prevalence,189,United Republic of Tanzania,3,Both,22,All ages,976,Diabetes mellitus type 2,3,Rate,2018,1529.8103616025,1653.83205293706,1410.5327757770901
1,All Population,5,Prevalence,61,Republic of Moldova,3,Both,22,All ages,976,Diabetes mellitus type 2,3,Rate,2017,6202.61252302514,6662.325813244451,5731.34129174344
1,All Population,5,Prevalence,177,Djibouti,3,Both,22,All ages,976,Diabetes mellitus type 2,3,Rate,2018,2044.7746890941798,2242.55090080597,1876.6068680391002
1,All Population,5,Prevalence,111,Dominican Republic,3,Both,22,All ages,976,Diabetes mellitus type 2,3,Rate,2018,6797.55517840683,7386.1655876141795,6311.50788266165
1,All Population,5,Prevalence,201,Burkina Faso,3,Both,22,All ages,976,Diabetes mellitus type 2,3,Rate,2017,1317.95724593158,1428.7074545037601,1217.35276898338
1,All Population,5,Prevalence,179,Ethiopia,3,Both,22,All ages,976,Diabetes mellitus type 2,3,Rate,2017,1520.66573303224,1663.7799474260698,1379.78435983124
1,All Population,5,Prevalence,396,San Marino,3,Both,22,All ages,976,Diabetes mellitus type 2,3,Rate,2017,5975.56399531779,6632.329434560979,5486.12550295607
1,All Population,5,Prevalence,10,Cambodia,3,Both,22,All ages,976,Diabetes mellitus type 2,3,Rate,2018,2652.11227710227,2900.86126375033,2422.08926968001
1,All Population,5,Prevalence,369,Nauru,3,Both,22,All ages,976,Diabetes mellitus type 2,3,Rate,2017,9572.28506587239,10213.24868609372,8915.41321272204
1,All Population,5,Prevalence,168,Angola,3,Both,22,All ages,976,Diabetes mellitus type 2,3,Rate,2017,3661.1853721706498,4001.8406731856103,3384.0932032731503
1,All Population,5,Prevalence,72,New Zealand,3,Both,22,All ages,976,Diabetes mellitus type 2,3,Rate,2017,5063.88640730132,5311.68078202595,4843.725041802631
1,All Population,5,Prevalence,211,Mali,3,Both,22,All ages,976,Diabetes mellitus type 2,3,Rate,2018,4250.41904750021,4681.28154880326,3815.8081302763403
1,All Population,5,Prevalence,45,Bulgaria,3,Both,22,All ages,976,Diabetes mellitus type 2,3,Rate,2018,7828.72212920144,8399.022664433709,7272.52572994178
1,All Population,5,Prevalence,143,Iraq,3,Both,22,All ages,976,Diabetes mellitus type 2,3,Rate,2018,8404.65523835495,9078.00272532379,7760.94791565201
1,All Population,5,Prevalence,66,Brunei Darussalam,3,Both,22,All ages,976,Diabetes mellitus type 2,3,Rate,2018,7347.18180458843,7902.45908128685,6854.629812120119
1,All Population,5,Prevalence,106,Bahamas,3,Both,22,All ages,976,Diabetes mellitus type 2,3,Rate,2017,8593.78413197049,9266.95549332275,7922.546646357589
1,All Population,5,Prevalence,210,Liberia,3,Both,22,All ages,976,Diabetes mellitus type 2,3,Rate,2017,3071.12664889128,3332.10889186777,2807.23863393297
1,All Population,5,Prevalence,191,Zambia,3,Both,22,All ages,976,Diabetes mellitus type 2,3,Rate,2018,2303.2373298596203,2499.5539340159403,2108.57730259818
1,All Population,5,Prevalence,156,United Arab Emirates,3,Both,22,All ages,976,Diabetes mellitus type 2,3,Rate,2018,15118.02256053466,16687.246608512778,13742.149595745328
1,All Population,5,Prevalence,53,Serbia,3,Both,22,All ages,976,Diabetes mellitus type 2,3,Rate,2018,7242.90549194561,7971.51029988048,6603.173160355
1,All Population,5,Prevalence,26,Papua New Guinea,3,Both,22,All ages,976,Diabetes mellitus type 2,3,Rate,2018,5314.2923383118605,5746.51890701035,4930.79383997663
1,All Population,5,Prevalence,113,Guyana,3,Both,22,All ages,976,Diabetes mellitus type 2,3,Rate,2018,9529.45990026271,10290.50065093828,8839.978747296249
1,All Population,5,Prevalence,163,India,3,Both,22,All ages,976,Diabetes mellitus type 2,3,Rate,2018,6741.140551516341,7353.43462792976,6169.47834454376
1,All Population,5,Prevalence,60,Lithuania,3,Both,22,All ages,976,Diabetes mellitus type 2,3,Rate,2018,6009.535272233999,6487.361819555131,5564.42291661308
1,All Population,5,Prevalence,105,Antigua and Barbuda,3,Both,22,All ages,976,Diabetes mellitus type 2,3,Rate,2018,9962.36054338216,10679.914596971079,9166.26418234346
1,All Population,5,Prevalence,11,Indonesia,3,Both,22,All ages,976,Diabetes mellitus type 2,3,Rate,2018,4386.94767676102,4883.85580180883,3910.4757589325004
1,All Population,5,Prevalence,152,Saudi Arabia,3,Both,22,All ages,976,Diabetes mellitus type 2,3,Rate,2018,16712.34955227064,18309.752280273762,15025.90925458305
1,All Population,5,Prevalence,380,Palau,3,Both,22,All ages,976,Diabetes mellitus type 2,3,Rate,2018,15147.00277671773,16193.9448240872,14144.814861120842
1,All Population,5,Prevalence,202,Cameroon,3,Both,22,All ages,976,Diabetes mellitus type 2,3,Rate,2018,2710.90505962214,2967.5252361805597,2449.26657509572
1,All Population,5,Prevalence,27,Samoa,3,Both,22,All ages,976,Diabetes mellitus type 2,3,Rate,2017,10280.882700111011,11110.40237301243,9590.36109141129
1,All Population,5,Prevalence,68,Republic of Korea,3,Both,22,All ages,976,Diabetes mellitus type 2,3,Rate,2018,8200.70255046848,8417.76138538505,7916.23541755114
1,All Population,5,Prevalence,142,Iran (Islamic Republic of),3,Both,22,All ages,976,Diabetes mellitus type 2,3,Rate,2017,6972.96715689679,7686.48171051085,6255.53807502158
1,All Population,5,Prevalence,108,Belize,3,Both,22,All ages,976,Diabetes mellitus type 2,3,Rate,2017,7517.692155829481,7991.3282600139,7013.26509215343
1,All Population,5,Prevalence,71,Australia,3,Both,22,All ages,976,Diabetes mellitus type 2,3,Rate,2018,3662.0423591829704,3937.9381694993,3370.7646777163
1,All Population,5,Prevalence,154,Tunisia,3,Both,22,All ages,976,Diabetes mellitus type 2,3,Rate,2018,10308.83887536905,11089.32040248408,9504.16180852556
1,All Population,5,Prevalence,47,Czechia,3,Both,22,All ages,976,Diabetes mellitus type 2,3,Rate,2018,7342.79172299504,7891.14431233949,6910.50773527379
1,All Population,5,Prevalence,213,Niger,3,Both,22,All ages,976,Diabetes mellitus type 2,3,Rate,2018,1953.08189014292,2137.52780083389,1766.2761937881198
1,All Population,5,Prevalence,126,Costa Rica,3,Both,22,All ages,976,Diabetes mellitus type 2,3,Rate,2018,8087.22302787454,8735.38272818582,7497.03601117543
1,All Population,5,Prevalence,203,Cabo Verde,3,Both,22,All ages,976,Diabetes mellitus type 2,3,Rate,2017,4581.65518555148,4964.5956162147595,4206.29245837729
1,All Population,5,Prevalence,107,Barbados,3,Both,22,All ages,976,Diabetes mellitus type 2,3,Rate,2018,15528.44096978272,16551.33813995621,14354.27848920905
1,All Population,5,Prevalence,20,Viet Nam,3,Both,22,All ages,976,Diabetes mellitus type 2,3,Rate,2018,3487.76614619508,3793.49730510886,3174.9415830289595
1,All Population,5,Prevalence,165,Pakistan,3,Both,22,All ages,976,Diabetes mellitus type 2,3,Rate,2018,5506.57030770452,6071.851266945269,5001.00485295058
1,All Population,5,Prevalence,351,Guam,3,Both,22,All ages,976,Diabetes mellitus type 2,3,Rate,2018,7877.79348256727,8597.02035618189,7252.22283695004
1,All Population,5,Prevalence,131,Nicaragua,3,Both,22,All ages,976,Diabetes mellitus type 2,3,Rate,2017,3990.98577362006,4309.7397342759805,3718.08346167247
1,All Population,5,Prevalence,13,Malaysia,3,Both,22,All ages,976,Diabetes mellitus type 2,3,Rate,2018,6750.4237381479,7354.132379977139,6142.29327553238
1,All Population,5,Prevalence,62,Russian Federation,3,Both,22,All ages,976,Diabetes mellitus type 2,3,Rate,2018,5068.28101193029,5700.30792233819,4564.267097987909
1,All Population,5,Prevalence,118,Suriname,3,Both,22,All ages,976,Diabetes mellitus type 2,3,Rate,2018,11257.33527256003,12118.63371996057,10452.826960919601
1,All Population,5,Prevalence,145,Kuwait,3,Both,22,All ages,976,Diabetes mellitus type 2,3,Rate,2018,15004.04396765331,16178.18990749882,13967.80405798089
1,All Population,5,Prevalence,79,Finland,3,Both,22,All ages,976,Diabetes mellitus type 2,3,Rate,2018,8606.66292809825,9293.23691345711,7957.9151237672395
1,All Population,5,Prevalence,198,Zimbabwe,3,Both,22,All ages,976,Diabetes mellitus type 2,3,Rate,2018,2392.39081432476,2601.5122962563,2185.17604135696
1,All Population,5,Prevalence,393,Saint Kitts and Nevis,3,Both,22,All ages,976,Diabetes mellitus type 2,3,Rate,2018,10063.05178838995,10970.10370179013,9257.10309374363
1,All Population,5,Prevalence,193,Botswana,3,Both,22,All ages,976,Diabetes mellitus type 2,3,Rate,2018,3432.09314246817,3709.94957496614,3161.6093164452604
1,All Population,5,Prevalence,119,Trinidad and Tobago,3,Both,22,All ages,976,Diabetes mellitus type 2,3,Rate,2017,19660.4498391706,20617.26428505982,18632.02267952959
1,All Population,5,Prevalence,55,Slovenia,3,Both,22,All ages,976,Diabetes mellitus type 2,3,Rate,2018,6604.2101117764805,7120.781310248,6143.07985322435
1,All Population,5,Prevalence,12,Lao People's Democratic Republic,3,Both,22,All ages,976,Diabetes mellitus type 2,3,Rate,2018,3525.3754109276,3831.1485408781905,3231.1234023279303
1,All Population,5,Prevalence,212,Mauritania,3,Both,22,All ages,976,Diabetes mellitus type 2,3,Rate,2017,3428.37227965291,3726.55197485938,3131.35154269588
1,All Population,5,Prevalence,215,Sao Tome and Principe,3,Both,22,All ages,976,Diabetes mellitus type 2,3,Rate,2018,3822.12150931613,4238.77398108876,3453.99843087501
1,All Population,5,Prevalence,15,Myanmar,3,Both,22,All ages,976,Diabetes mellitus type 2,3,Rate,2018,5419.5272262526805,5866.89369084318,4979.065979064199
1,All Population,5,Prevalence,204,Chad,3,Both,22,All ages,976,Diabetes mellitus type 2,3,Rate,2018,1961.3948307137,2141.12760530465,1784.3168292803898
1,All Population,5,Prevalence,67,Japan,3,Both,22,All ages,976,Diabetes mellitus type 2,3,Rate,2018,10720.62456963149,11887.54104301848,9706.2673220741
1,All Population,5,Prevalence,33,Armenia,3,Both,22,All ages,976,Diabetes mellitus type 2,3,Rate,2018,5949.9887063097,6346.28516994777,5503.08317272315
1,All Population,5,Prevalence,416,Tuvalu,3,Both,22,All ages,976,Diabetes mellitus type 2,3,Rate,2017,9540.09719680357,10256.39836928567,8913.40703792154
1,All Population,5,Prevalence,155,Türkiye,3,Both,22,All ages,976,Diabetes mellitus type 2,3,Rate,2017,7840.64026851926,8397.50068896973,7304.5587181580995
1,All Population,5,Prevalence,115,Jamaica,3,Both,22,All ages,976,Diabetes mellitus type 2,3,Rate,2018,8809.62266049301,9383.61616338832,8225.523832279549
1,All Population,5,Prevalence,57,Belarus,3,Both,22,All ages,976,Diabetes mellitus type 2,3,Rate,2018,5274.01110464375,5676.47571744152,4850.8002536942995
1,All Population,5,Prevalence,46,Croatia,3,Both,22,All ages,976,Diabetes mellitus type 2,3,Rate,2018,9448.600559731129,10099.25100936966,8836.489704272379
1,All Population,5,Prevalence,74,Andorra,3,Both,22,All ages,976,Diabetes mellitus type 2,3,Rate,2017,4097.678793314661,4584.088630938621,3698.17079326129
1,All Population,5,Prevalence,413,Tokelau,3,Both,22,All ages,976,Diabetes mellitus type 2,3,Rate,2018,16269.524596161169,17471.19049260362,15042.317573093611
1,All Population,5,Prevalence,200,Benin,3,Both,22,All ages,976,Diabetes mellitus type 2,3,Rate,2018,2377.77464396908,2569.77430557094,2188.48879135484
1,All Population,5,Prevalence,171,Democratic Republic of the Congo,3,Both,22,All ages,976,Diabetes mellitus type 2,3,Rate,2018,3152.19339798064,3478.43355642206,2857.67768573101
1,All Population,5,Prevalence,121,Bolivia (Plurinational State of),3,Both,22,All ages,976,Diabetes mellitus type 2,3,Rate,2017,4087.2497211758596,4469.510152996129,3723.09229597656
1,All Population,5,Prevalence,132,Panama,3,Both,22,All ages,976,Diabetes mellitus type 2,3,Rate,2017,6889.7912521218,7391.178554446399,6387.28391367611
1,All Population,5,Prevalence,214,Nigeria,3,Both,22,All ages,976,Diabetes mellitus type 2,3,Rate,2017,1993.69034316904,2191.93676027708,1795.1875744318402
1,All Population,5,Prevalence,22,Fiji,3,Both,22,All ages,976,Diabetes mellitus type 2,3,Rate,2018,14443.763543731518,15284.960089324279,13711.02684097972
1,All Population,5,Prevalence,422,United States Virgin Islands,3,Both,22,All ages,976,Diabetes mellitus type 2,3,Rate,2018,12551.195123788711,13686.551337482892,11543.8350238399
1,All Population,5,Prevalence,35,Georgia,3,Both,22,All ages,976,Diabetes mellitus type 2,3,Rate,2018,5695.06178781758,6092.517937110751,5264.79745211412
1,All Population,5,Prevalence,69,Singapore,3,Both,22,All ages,976,Diabetes mellitus type 2,3,Rate,2018,6349.876844352791,6973.223991250679,5823.13982636384
1,All Population,5,Prevalence,25,Micronesia (Federated States of),3,Both,22,All ages,976,Diabetes mellitus type 2,3,Rate,2018,15026.59811713635,15935.04935599194,14171.236457196479
1,All Population,5,Prevalence,178,Eritrea,3,Both,22,All ages,976,Diabetes mellitus type 2,3,Rate,2018,1963.8140146785902,2123.5542499677,1806.86738981672
1,All Population,5,Prevalence,80,France,3,Both,22,All ages,976,Diabetes mellitus type 2,3,Rate,2018,5767.74178606845,6236.832554083279,5377.356549033991
1,All Population,5,Prevalence,160,Afghanistan,3,Both,22,All ages,976,Diabetes mellitus type 2,3,Rate,2018,4742.35683909432,5154.46351638698,4322.20736112866
1,All Population,5,Prevalence,14,Maldives,3,Both,22,All ages,976,Diabetes mellitus type 2,3,Rate,2018,3796.49280636554,4207.0214609132,3427.23292819248
1,All Population,5,Prevalence,147,Libya,3,Both,22,All ages,976,Diabetes mellitus type 2,3,Rate,2018,10652.033659224611,11774.04887079815,9721.9450110771
1,All Population,5,Prevalence,206,Gambia,3,Both,22,All ages,976,Diabetes mellitus type 2,3,Rate,2018,3510.21281944958,3854.26508651816,3188.6239387962296
1,All Population,5,Prevalence,59,Latvia,3,Both,22,All ages,976,Diabetes mellitus type 2,3,Rate,2018,7333.50639441899,7835.85478133877,6770.94541904741
1,All Population,5,Prevalence,216,Senegal,3,Both,22,All ages,976,Diabetes mellitus type 2,3,Rate,2017,4309.5040053576295,4759.817786891201,3905.97326689835
1,All Population,5,Prevalence,114,Haiti,3,Both,22,All ages,976,Diabetes mellitus type 2,3,Rate,2018,4365.58618019443,4736.23493458574,3988.1051950293304
1,All Population,5,Prevalence,93,Sweden,3,Both,22,All ages,976,Diabetes mellitus type 2,3,Rate,2018,6472.59495610953,6946.75864931858,6037.962623320281
1,All Population,5,Prevalence,369,Nauru,3,Both,22,All ages,976,Diabetes mellitus type 2,3,Rate,2018,9832.14774721582,10514.33648627547,9136.78899260483
1,All Population,5,Prevalence,173,Gabon,3,Both,22,All ages,976,Diabetes mellitus type 2,3,Rate,2018,5369.34402811181,5845.90991081429,4915.16130246271
1,All Population,5,Prevalence,24,Marshall Islands,3,Both,22,All ages,976,Diabetes mellitus type 2,3,Rate,2018,12790.32256342714,13903.80096611955,11538.33556408715
1,All Population,5,Prevalence,45,Bulgaria,3,Both,22,All ages,976,Diabetes mellitus type 2,3,Rate,2019,7922.20562452377,8552.59576516358,7327.74464600332
1,All Population,5,Prevalence,27,Samoa,3,Both,22,All ages,976,Diabetes mellitus type 2,3,Rate,2018,10445.547103378789,11271.33083896671,9715.56991951262
1,All Population,5,Prevalence,11,Indonesia,3,Both,22,All ages,976,Diabetes mellitus type 2,3,Rate,2019,4603.11539347382,5125.53438276636,4102.34847811097
1,All Population,5,Prevalence,40,Turkmenistan,3,Both,22,All ages,976,Diabetes mellitus type 2,3,Rate,2018,3597.2867749764,3860.3851904831504,3268.8939027685096
1,All Population,5,Prevalence,82,Greece,3,Both,22,All ages,976,Diabetes mellitus type 2,3,Rate,2018,6013.9646621149495,6514.775259770519,5423.59061403671
1,All Population,5,Prevalence,48,Hungary,3,Both,22,All ages,976,Diabetes mellitus type 2,3,Rate,2018,5754.66470998131,6149.91074296222,5197.52053905104
1,All Population,5,Prevalence,127,El Salvador,3,Both,22,All ages,976,Diabetes mellitus type 2,3,Rate,2018,6438.4974506359795,6933.99361222606,5937.84653619588
1,All Population,5,Prevalence,208,Guinea,3,Both,22,All ages,976,Diabetes mellitus type 2,3,Rate,2018,2173.02821930591,2355.51195452808,2001.30440167746
1,All Population,5,Prevalence,72,New Zealand,3,Both,22,All ages,976,Diabetes mellitus type 2,3,Rate,2018,5235.10896659421,5510.07294209813,4992.14850463506
1,All Population,5,Prevalence,162,Bhutan,3,Both,22,All ages,976,Diabetes mellitus type 2,3,Rate,2018,4267.65136976063,4660.1804772709,3939.64296194942
1,All Population,5,Prevalence,37,Kyrgyzstan,3,Both,22,All ages,976,Diabetes mellitus type 2,3,Rate,2018,2977.2851847539,3242.29954702352,2761.9498797165297
1,All Population,5,Prevalence,106,Bahamas,3,Both,22,All ages,976,Diabetes mellitus type 2,3,Rate,2018,8872.23620494623,9587.07571052438,8185.832356970831
1,All Population,5,Prevalence,47,Czechia,3,Both,22,All ages,976,Diabetes mellitus type 2,3,Rate,2019,7580.993524097749,8127.71704021826,7115.98736468306
1,All Population,5,Prevalence,16,Philippines,3,Both,22,All ages,976,Diabetes mellitus type 2,3,Rate,2018,4388.20012528737,4794.2218155386,3976.82344262024
1,All Population,5,Prevalence,116,Saint Lucia,3,Both,22,All ages,976,Diabetes mellitus type 2,3,Rate,2018,12822.255638398312,13674.333861648649,11710.99909040198
1,All Population,5,Prevalence,58,Estonia,3,Both,22,All ages,976,Diabetes mellitus type 2,3,Rate,2019,6711.2716938042995,7244.98946997513,6062.2787578773405
1,All Population,5,Prevalence,92,Spain,3,Both,22,All ages,976,Diabetes mellitus type 2,3,Rate,2019,8171.73278877005,8829.78819735728,7516.125716867369
1,All Population,5,Prevalence,61,Republic of Moldova,3,Both,22,All ages,976,Diabetes mellitus type 2,3,Rate,2018,6457.83094004706,7015.5828200225105,5923.1532615652195
1,All Population,5,Prevalence,84,Ireland,3,Both,22,All ages,976,Diabetes mellitus type 2,3,Rate,2018,3633.7071809844897,3918.1594317764198,3319.8426495956896
1,All Population,5,Prevalence,129,Honduras,3,Both,22,All ages,976,Diabetes mellitus type 2,3,Rate,2018,3783.26823177441,4147.44294918581,3443.18575871413
1,All Population,5,Prevalence,13,Malaysia,3,Both,22,All ages,976,Diabetes mellitus type 2,3,Rate,2019,6895.47319837522,7572.977300813941,6238.17252739378
1,All Population,5,Prevalence,161,Bangladesh,3,Both,22,All ages,976,Diabetes mellitus type 2,3,Rate,2018,5373.73337094201,5757.78324488802,5024.35721396095
1,All Population,5,Prevalence,29,Tonga,3,Both,22,All ages,976,Diabetes mellitus type 2,3,Rate,2018,10761.18447439989,11478.921431843039,10133.05630314628
1,All Population,5,Prevalence,186,Seychelles,3,Both,22,All ages,976,Diabetes mellitus type 2,3,Rate,2018,8872.24217909858,9757.18990954432,8114.797327235269
1,All Population,5,Prevalence,50,Montenegro,3,Both,22,All ages,976,Diabetes mellitus type 2,3,Rate,2018,8662.88520485641,9691.5476550247,7865.07154306746
1,All Population,5,Prevalence,7,Democratic People's Republic of Korea,3,Both,22,All ages,976,Diabetes mellitus type 2,3,Rate,2018,5967.604368544859,6633.32240928058,5377.098330543789
1,All Population,5,Prevalence,108,Belize,3,Both,22,All ages,976,Diabetes mellitus type 2,3,Rate,2018,7726.9713459042405,8206.14311580249,7189.66209637181
1,All Population,5,Prevalence,74,Andorra,3,Both,22,All ages,976,Diabetes mellitus type 2,3,Rate,2018,4236.29166616254,4751.6852327795405,3822.55234722945
1,All Population,5,Prevalence,87,Luxembourg,3,Both,22,All ages,976,Diabetes mellitus type 2,3,Rate,2018,4206.6697019402,4641.2506586971995,3846.4432580134803
1,All Population,5,Prevalence,320,Cook Islands,3,Both,22,All ages,976,Diabetes mellitus type 2,3,Rate,2018,18642.77833451187,19894.95705415817,17365.78238279363
1,All Population,5,Prevalence,105,Antigua and Barbuda,3,Both,22,All ages,976,Diabetes mellitus type 2,3,Rate,2019,10223.25719105055,10990.0702008275,9384.244344315499
1,All Population,5,Prevalence,95,United Kingdom,3,Both,22,All ages,976,Diabetes mellitus type 2,3,Rate,2018,7203.80830491516,7756.163799750259,6642.034135106061
1,All Population,5,Prevalence,39,Tajikistan,3,Both,22,All ages,976,Diabetes mellitus type 2,3,Rate,2018,3389.48190590739,3671.83219502117,3141.44633818616
1,All Population,5,Prevalence,140,Bahrain,3,Both,22,All ages,976,Diabetes mellitus type 2,3,Rate,2018,15464.75152023552,16840.635203516093,14324.60075655393
1,All Population,5,Prevalence,60,Lithuania,3,Both,22,All ages,976,Diabetes mellitus type 2,3,Rate,2019,6217.12779959011,6747.5171666490505,5741.3107075628
1,All Population,5,Prevalence,71,Australia,3,Both,22,All ages,976,Diabetes mellitus type 2,3,Rate,2019,3683.9319273932697,3974.05478612476,3376.99197016214
1,All Population,5,Prevalence,15,Myanmar,3,Both,22,All ages,976,Diabetes mellitus type 2,3,Rate,2019,5517.29518831357,5996.75227135347,5047.01461080965
1,All Population,5,Prevalence,44,Bosnia and Herzegovina,3,Both,22,All ages,976,Diabetes mellitus type 2,3,Rate,2018,8640.993789407581,9546.63956812989,7729.6660589178
1,All Population,5,Prevalence,63,Ukraine,3,Both,22,All ages,976,Diabetes mellitus type 2,3,Rate,2018,4046.1725339366103,4507.266044655949,3659.53871791672
1,All Population,5,Prevalence,131,Nicaragua,3,Both,22,All ages,976,Diabetes mellitus type 2,3,Rate,2018,4106.16713659945,4428.4797698273505,3815.33855444325
1,All Population,5,Prevalence,26,Papua New Guinea,3,Both,22,All ages,976,Diabetes mellitus type 2,3,Rate,2019,5406.59042013669,5875.4781647736,5004.58470122237
1,All Population,5,Prevalence,52,Romania,3,Both,22,All ages,976,Diabetes mellitus type 2,3,Rate,2018,4946.4978026177805,5235.88336915449,4609.16412013916
1,All Population,5,Prevalence,209,Guinea-Bissau,3,Both,22,All ages,976,Diabetes mellitus type 2,3,Rate,2018,2794.7027999399,3062.85668846842,2537.8732090572903
1,All Population,5,Prevalence,18,Thailand,3,Both,22,All ages,976,Diabetes mellitus type 2,3,Rate,2018,6902.95191810892,7471.99057470601,6325.8894560208
1,All Population,5,Prevalence,107,Barbados,3,Both,22,All ages,976,Diabetes mellitus type 2,3,Rate,2019,15865.05175314134,16925.22545136522,14680.9494205592
1,All Population,5,Prevalence,97,Argentina,3,Both,22,All ages,976,Diabetes mellitus type 2,3,Rate,2018,4001.2525153877395,4258.00819655303,3756.40065981908
1,All Population,5,Prevalence,89,Netherlands,3,Both,22,All ages,976,Diabetes mellitus type 2,3,Rate,2018,4861.25632688087,5168.26994796973,4506.04453985823
1,All Population,5,Prevalence,76,Belgium,3,Both,22,All ages,976,Diabetes mellitus type 2,3,Rate,2018,5046.55451880916,5497.6551184234095,4655.24811690287
1,All Population,5,Prevalence,142,Iran (Islamic Republic of),3,Both,22,All ages,976,Diabetes mellitus type 2,3,Rate,2018,7129.75522466344,7861.754937135181,6388.11630387338
1,All Population,5,Prevalence,118,Suriname,3,Both,22,All ages,976,Diabetes mellitus type 2,3,Rate,2019,11554.51065449523,12530.61713547879,10652.384822199889
1,All Population,5,Prevalence,62,Russian Federation,3,Both,22,All ages,976,Diabetes mellitus type 2,3,Rate,2019,5218.712679895731,5868.36889993716,4703.06252336604
1,All Population,5,Prevalence,176,Comoros,3,Both,22,All ages,976,Diabetes mellitus type 2,3,Rate,2018,2711.26246027327,2896.593223929,2519.85801216388
1,All Population,5,Prevalence,6,China,3,Both,22,All ages,976,Diabetes mellitus type 2,3,Rate,2019,8090.87174227963,8815.668407640249,7462.29981132346
1,All Population,5,Prevalence,17,Sri Lanka,3,Both,22,All ages,976,Diabetes mellitus type 2,3,Rate,2019,9299.483625723171,9922.82630575584,8730.16132027702
1,All Population,5,Prevalence,28,Solomon Islands,3,Both,22,All ages,976,Diabetes mellitus type 2,3,Rate,2019,6070.95179072913,6547.92550771158,5596.67891221418
1,All Population,5,Prevalence,54,Slovakia,3,Both,22,All ages,976,Diabetes mellitus type 2,3,Rate,2018,4855.16827883277,5357.75792186339,4335.2078796956
1,All Population,5,Prevalence,102,United States of America,3,Both,22,All ages,976,Diabetes mellitus type 2,3,Rate,2018,10059.26101919394,10623.967205445831,9573.78200671831
1,All Population,5,Prevalence,86,Italy,3,Both,22,All ages,976,Diabetes mellitus type 2,3,Rate,2019,6654.463387949259,7438.06839521988,5867.85411032859
1,All Population,5,Prevalence,187,Somalia,3,Both,22,All ages,976,Diabetes mellitus type 2,3,Rate,2018,1601.20926361178,1739.37437006722,1473.04376263987
1,All Population,5,Prevalence,110,Dominica,3,Both,22,All ages,976,Diabetes mellitus type 2,3,Rate,2018,12326.372447717029,13209.1789769554,11425.1428487341
1,All Population,5,Prevalence,75,Austria,3,Both,22,All ages,976,Diabetes mellitus type 2,3,Rate,2019,4386.07001487438,4708.11014624198,4072.5769134036095
1,All Population,5,Prevalence,91,Portugal,3,Both,22,All ages,976,Diabetes mellitus type 2,3,Rate,2018,7797.901917286421,8333.87922443445,7241.598362482091
1,All Population,5,Prevalence,99,Uruguay,3,Both,22,All ages,976,Diabetes mellitus type 2,3,Rate,2018,4507.95711028035,4798.31147642026,4232.049443840529
1,All Population,5,Prevalence,144,Jordan,3,Both,22,All ages,976,Diabetes mellitus type 2,3,Rate,2018,8589.084607848401,9176.36363469364,8022.50071444845
1,All Population,5,Prevalence,78,Denmark,3,Both,22,All ages,976,Diabetes mellitus type 2,3,Rate,2018,4848.10298696437,5240.49502185473,4451.1767630391
1,All Population,5,Prevalence,41,Uzbekistan,3,Both,22,All ages,976,Diabetes mellitus type 2,3,Rate,2019,3787.98044458925,4110.23202121741,3489.12330516615
1,All Population,5,Prevalence,8,Taiwan,3,Both,22,All ages,976,Diabetes mellitus type 2,3,Rate,2019,8799.49950234382,9413.13939328961,8203.819728036
1,All Population,5,Prevalence,30,Vanuatu,3,Both,22,All ages,976,Diabetes mellitus type 2,3,Rate,2019,6373.9815879507905,6898.135010398571,5904.149764861861
1,All Population,5,Prevalence,19,Timor-Leste,3,Both,22,All ages,976,Diabetes mellitus type 2,3,Rate,2019,2346.78607726851,2570.19358101448,2134.28310880167
1,All Population,5,Prevalence,88,Malta,3,Both,22,All ages,976,Diabetes mellitus type 2,3,Rate,2019,5861.9085904780395,6391.55399526499,5480.50757502595
1,All Population,5,Prevalence,146,Lebanon,3,Both,22,All ages,976,Diabetes mellitus type 2,3,Rate,2018,10483.79704823832,11324.87845019253,9666.84419445297
1,All Population,5,Prevalence,155,Türkiye,3,Both,22,All ages,976,Diabetes mellitus type 2,3,Rate,2018,8109.391820198621,8724.71071645132,7527.53757074421
1,All Population,5,Prevalence,190,Uganda,3,Both,22,All ages,976,Diabetes mellitus type 2,3,Rate,2018,1803.034919256,1944.4481167223598,1644.8049176670002
1,All Population,5,Prevalence,112,Grenada,3,Both,22,All ages,976,Diabetes mellitus type 2,3,Rate,2018,13115.29336955928,13912.439382698161,12367.53296616443
1,All Population,5,Prevalence,133,Venezuela (Bolivarian Republic of),3,Both,22,All ages,976,Diabetes mellitus type 2,3,Rate,2019,6959.26015048601,7520.44395454362,6451.76675104325
1,All Population,5,Prevalence,122,Ecuador,3,Both,22,All ages,976,Diabetes mellitus type 2,3,Rate,2019,5613.7020878432695,5942.66902584518,5267.68820845778
1,All Population,5,Prevalence,203,Cabo Verde,3,Both,22,All ages,976,Diabetes mellitus type 2,3,Rate,2018,4660.211966851,5037.34695149085,4274.04324579271
1,All Population,5,Prevalence,77,Cyprus,3,Both,22,All ages,976,Diabetes mellitus type 2,3,Rate,2019,6648.64850541336,7238.55937945985,6107.51157429415
1,All Population,5,Prevalence,101,Canada,3,Both,22,All ages,976,Diabetes mellitus type 2,3,Rate,2018,5018.52194220448,5331.34683891768,4694.89409175244
1,All Population,5,Prevalence,43,Albania,3,Both,22,All ages,976,Diabetes mellitus type 2,3,Rate,2019,4315.51825838606,4900.56743666063,3899.89028943147
1,All Population,5,Prevalence,125,Colombia,3,Both,22,All ages,976,Diabetes mellitus type 2,3,Rate,2018,5379.249941563819,5744.82625109556,4974.22067574262
1,All Population,5,Prevalence,157,Yemen,3,Both,22,All ages,976,Diabetes mellitus type 2,3,Rate,2018,3081.4349664381903,3405.62996464644,2791.61338274381
1,All Population,5,Prevalence,135,Brazil,3,Both,22,All ages,976,Diabetes mellitus type 2,3,Rate,2019,6122.89311675796,6763.87952901011,5471.41621722214
1,All Population,5,Prevalence,90,Norway,3,Both,22,All ages,976,Diabetes mellitus type 2,3,Rate,2019,5963.21569759834,6719.486763045609,5275.2107947805
1,All Population,5,Prevalence,205,Côte d'Ivoire,3,Both,22,All ages,976,Diabetes mellitus type 2,3,Rate,2018,2775.68976498747,3050.52337559201,2518.91535501725
1,All Population,5,Prevalence,23,Kiribati,3,Both,22,All ages,976,Diabetes mellitus type 2,3,Rate,2019,10889.5963693649,11688.01674671313,10089.98128749716
1,All Population,5,Prevalence,172,Equatorial Guinea,3,Both,22,All ages,976,Diabetes mellitus type 2,3,Rate,2018,3444.27256120941,3816.00332013664,3111.69221770231
1,All Population,5,Prevalence,194,Lesotho,3,Both,22,All ages,976,Diabetes mellitus type 2,3,Rate,2018,2951.89030546487,3199.8660528934497,2754.91276847933
1,All Population,5,Prevalence,218,Togo,3,Both,22,All ages,976,Diabetes mellitus type 2,3,Rate,2018,2127.3942351133596,2307.8794830696697,1943.014740985
1,All Population,5,Prevalence,207,Ghana,3,Both,22,All ages,976,Diabetes mellitus type 2,3,Rate,2018,3303.88307369916,3567.1306683803405,3026.92085258696
1,All Population,5,Prevalence,117,Saint Vincent and the Grenadines,3,Both,22,All ages,976,Diabetes mellitus type 2,3,Rate,2018,12678.20240613196,13512.14615153396,11841.69423983676
1,All Population,5,Prevalence,151,Qatar,3,Both,22,All ages,976,Diabetes mellitus type 2,3,Rate,2018,12718.69756829142,14032.85817914747,11484.249324794011
1,All Population,5,Prevalence,119,Trinidad and Tobago,3,Both,22,All ages,976,Diabetes mellitus type 2,3,Rate,2018,19965.42845949808,20869.71464344528,18854.43991685567
1,All Population,5,Prevalence,164,Nepal,3,Both,22,All ages,976,Diabetes mellitus type 2,3,Rate,2018,4920.21526546471,5333.19065209804,4541.95231654916
1,All Population,5,Prevalence,121,Bolivia (Plurinational State of),3,Both,22,All ages,976,Diabetes mellitus type 2,3,Rate,2018,4200.04645534873,4593.13719474166,3822.28673943643
1,All Population,5,Prevalence,153,Syrian Arab Republic,3,Both,22,All ages,976,Diabetes mellitus type 2,3,Rate,2018,9313.37507504331,10182.31307333716,8611.66322384572
1,All Population,5,Prevalence,201,Burkina Faso,3,Both,22,All ages,976,Diabetes mellitus type 2,3,Rate,2018,1331.4854413640999,1441.4569569880798,1227.74861150922
1,All Population,5,Prevalence,212,Mauritania,3,Both,22,All ages,976,Diabetes mellitus type 2,3,Rate,2018,3484.0459276098004,3785.49638879089,3169.9200590995
1,All Population,5,Prevalence,132,Panama,3,Both,22,All ages,976,Diabetes mellitus type 2,3,Rate,2018,7030.22288076371,7526.63167085416,6554.3890684959
1,All Population,5,Prevalence,123,Peru,3,Both,22,All ages,976,Diabetes mellitus type 2,3,Rate,2018,3014.64439939831,3259.4203262465003,2759.6633994881
1,All Population,5,Prevalence,168,Angola,3,Both,22,All ages,976,Diabetes mellitus type 2,3,Rate,2018,3725.30702426012,4063.00366490987,3443.36356900772
1,All Population,5,Prevalence,179,Ethiopia,3,Both,22,All ages,976,Diabetes mellitus type 2,3,Rate,2018,1547.82970776683,1692.98973126782,1405.4535598308
1,All Population,5,Prevalence,396,San Marino,3,Both,22,All ages,976,Diabetes mellitus type 2,3,Rate,2018,6117.51099424791,6816.73595864569,5610.077606505401
1,All Population,5,Prevalence,214,Nigeria,3,Both,22,All ages,976,Diabetes mellitus type 2,3,Rate,2018,2034.8974621350098,2239.6118786636,1830.1377276119
1,All Population,5,Prevalence,195,Namibia,3,Both,22,All ages,976,Diabetes mellitus type 2,3,Rate,2018,3185.1584970721,3452.6855349201505,2962.80633388312
1,All Population,5,Prevalence,170,Congo,3,Both,22,All ages,976,Diabetes mellitus type 2,3,Rate,2018,4132.48816629221,4501.83448326373,3751.34486316095
1,All Population,5,Prevalence,136,Paraguay,3,Both,22,All ages,976,Diabetes mellitus type 2,3,Rate,2018,6280.313952053871,6740.50498785835,5795.1386318477
1,All Population,5,Prevalence,181,Madagascar,3,Both,22,All ages,976,Diabetes mellitus type 2,3,Rate,2018,1497.3878790579802,1634.7241256352602,1365.89721309188
1,All Population,5,Prevalence,416,Tuvalu,3,Both,22,All ages,976,Diabetes mellitus type 2,3,Rate,2018,9708.75027448606,10414.46379989826,9042.0256307566
1,All Population,5,Prevalence,216,Senegal,3,Both,22,All ages,976,Diabetes mellitus type 2,3,Rate,2018,4323.60211626127,4787.73581877636,3922.6856124339397
1,All Population,5,Prevalence,149,Palestine,3,Both,22,All ages,976,Diabetes mellitus type 2,3,Rate,2018,7328.57475189308,7848.9376908163,6833.98455249501
1,All Population,5,Prevalence,197,Eswatini,3,Both,22,All ages,976,Diabetes mellitus type 2,3,Rate,2018,4109.85552799783,4428.19921915841,3770.23953422721
1,All Population,5,Prevalence,305,Bermuda,3,Both,22,All ages,976,Diabetes mellitus type 2,3,Rate,2018,8593.86519706531,9353.31615200647,7872.82073586851
1,All Population,5,Prevalence,183,Mauritius,3,Both,22,All ages,976,Diabetes mellitus type 2,3,Rate,2018,17534.45915348834,18237.49591543448,16781.83401151716
1,All Population,5,Prevalence,349,Greenland,3,Both,22,All ages,976,Diabetes mellitus type 2,3,Rate,2018,3304.96117275901,3691.31520495273,2954.3310892094
1,All Population,5,Prevalence,376,Northern Mariana Islands,3,Both,22,All ages,976,Diabetes mellitus type 2,3,Rate,2018,12600.070228986371,13614.49686793058,11561.10193067958
1,All Population,5,Prevalence,185,Rwanda,3,Both,22,All ages,976,Diabetes mellitus type 2,3,Rate,2018,1469.69194278794,1599.16347996628,1363.00481076902
1,All Population,5,Prevalence,139,Algeria,3,Both,22,All ages,976,Diabetes mellitus type 2,3,Rate,2019,8971.00946063255,9752.6177644405,8241.25896504923
1,All Population,5,Prevalence,51,Poland,3,Both,22,All ages,976,Diabetes mellitus type 2,3,Rate,2019,10440.057333573111,11220.85512078027,9751.65866825278
1,All Population,5,Prevalence,150,Oman,3,Both,22,All ages,976,Diabetes mellitus type 2,3,Rate,2019,7671.92946644991,8346.38057989705,6986.09301187373
1,All Population,5,Prevalence,210,Liberia,3,Both,22,All ages,976,Diabetes mellitus type 2,3,Rate,2018,3159.27973979028,3443.20906047497,2867.67272992484
1,All Population,5,Prevalence,385,Puerto Rico,3,Both,22,All ages,976,Diabetes mellitus type 2,3,Rate,2018,13301.32484812182,14222.7461210555,12299.83599982737
1,All Population,5,Prevalence,53,Serbia,3,Both,22,All ages,976,Diabetes mellitus type 2,3,Rate,2019,7454.47161201709,8279.62336905909,6754.08107821386
1,All Population,5,Prevalence,367,Monaco,3,Both,22,All ages,976,Diabetes mellitus type 2,3,Rate,2018,5987.94203926198,6653.21894341934,5423.20686071135
1,All Population,5,Prevalence,522,Sudan,3,Both,22,All ages,976,Diabetes mellitus type 2,3,Rate,2018,5419.80510597219,5929.4254499215795,4963.43791634267
1,All Population,5,Prevalence,98,Chile,3,Both,22,All ages,976,Diabetes mellitus type 2,3,Rate,2019,2888.52837360875,3095.88633049265,2697.62659261293
1,All Population,5,Prevalence,435,South Sudan,3,Both,22,All ages,976,Diabetes mellitus type 2,3,Rate,2018,1502.37482832162,1633.21827650773,1379.49171495323
1,All Population,5,Prevalence,66,Brunei Darussalam,3,Both,22,All ages,976,Diabetes mellitus type 2,3,Rate,2019,7598.51919340436,8160.78433890559,7117.0410015736
1,All Population,5,Prevalence,34,Azerbaijan,3,Both,22,All ages,976,Diabetes mellitus type 2,3,Rate,2019,5298.95786593457,5819.60632962934,4876.67264725288
1,All Population,5,Prevalence,55,Slovenia,3,Both,22,All ages,976,Diabetes mellitus type 2,3,Rate,2019,6758.452355976249,7327.689938150431,6266.685870022259
1,All Population,5,Prevalence,163,India,3,Both,22,All ages,976,Diabetes mellitus type 2,3,Rate,2019,6925.801379709,7555.0940802449395,6332.44667093413
1,All Population,5,Prevalence,152,Saudi Arabia,3,Both,22,All ages,976,Diabetes mellitus type 2,3,Rate,2019,17235.51331837078,18825.59645665438,15507.871834647549
1,All Population,5,Prevalence,16,Philippines,3,Both,22,All ages,976,Diabetes mellitus type 2,3,Rate,2019,4472.0631615250795,4888.00641187993,4050.04065829562
1,All Population,5,Prevalence,111,Dominican Republic,3,Both,22,All ages,976,Diabetes mellitus type 2,3,Rate,2019,6962.787148392779,7576.99287876335,6462.60206437292
1,All Population,5,Prevalence,27,Samoa,3,Both,22,All ages,976,Diabetes mellitus type 2,3,Rate,2019,10604.9745405378,11462.130869117731,9798.68886850557
1,All Population,5,Prevalence,198,Zimbabwe,3,Both,22,All ages,976,Diabetes mellitus type 2,3,Rate,2019,2440.71845719672,2655.60898878654,2226.8004901636
1,All Population,5,Prevalence,36,Kazakhstan,3,Both,22,All ages,976,Diabetes mellitus type 2,3,Rate,2019,5223.47263718825,5578.569286788989,4855.70522815317
1,All Population,5,Prevalence,113,Guyana,3,Both,22,All ages,976,Diabetes mellitus type 2,3,Rate,2019,9525.359243888779,10257.18829690558,8850.467243498571
1,All Population,5,Prevalence,68,Republic of Korea,3,Both,22,All ages,976,Diabetes mellitus type 2,3,Rate,2019,8504.28956675903,8728.602806015271,8211.0536954251
1,All Population,5,Prevalence,154,Tunisia,3,Both,22,All ages,976,Diabetes mellitus type 2,3,Rate,2019,10685.66067544125,11485.45311697352,9825.750043322561
1,All Population,5,Prevalence,79,Finland,3,Both,22,All ages,976,Diabetes mellitus type 2,3,Rate,2019,8658.043971810659,9393.59267637369,8021.9698382283295
1,All Population,5,Prevalence,29,Tonga,3,Both,22,All ages,976,Diabetes mellitus type 2,3,Rate,2019,11025.32888583971,11782.2472220243,10343.23152175871
1,All Population,5,Prevalence,40,Turkmenistan,3,Both,22,All ages,976,Diabetes mellitus type 2,3,Rate,2019,3676.1321955570697,3946.3558475409604,3338.28834478926
1,All Population,5,Prevalence,165,Pakistan,3,Both,22,All ages,976,Diabetes mellitus type 2,3,Rate,2019,5582.06024700473,6171.26546719671,5032.25037615619
1,All Population,5,Prevalence,74,Andorra,3,Both,22,All ages,976,Diabetes mellitus type 2,3,Rate,2019,4362.1460014293,4903.72898648509,3944.52852384872
1,All Population,5,Prevalence,145,Kuwait,3,Both,22,All ages,976,Diabetes mellitus type 2,3,Rate,2019,15864.933907105791,17184.32377605154,14659.39368219507
1,All Population,5,Prevalence,211,Mali,3,Both,22,All ages,976,Diabetes mellitus type 2,3,Rate,2019,4174.31793176337,4599.13474201612,3760.75567784125
1,All Population,5,Prevalence,200,Benin,3,Both,22,All ages,976,Diabetes mellitus type 2,3,Rate,2019,2453.85296968027,2671.8528817793504,2246.012365721
1,All Population,5,Prevalence,115,Jamaica,3,Both,22,All ages,976,Diabetes mellitus type 2,3,Rate,2019,9078.95149192869,9688.06161906801,8432.82210325579
1,All Population,5,Prevalence,38,Mongolia,3,Both,22,All ages,976,Diabetes mellitus type 2,3,Rate,2019,3416.20267844019,3716.47728752841,3100.11045922915
1,All Population,5,Prevalence,81,Germany,3,Both,22,All ages,976,Diabetes mellitus type 2,3,Rate,2019,7705.3147145579105,8218.549366355379,7164.51517476375
1,All Population,5,Prevalence,178,Eritrea,3,Both,22,All ages,976,Diabetes mellitus type 2,3,Rate,2019,1989.56887338487,2159.16752194974,1823.87204885799
1,All Population,5,Prevalence,49,North Macedonia,3,Both,22,All ages,976,Diabetes mellitus type 2,3,Rate,2019,9403.186989548749,10351.607239733481,8501.19813482363
1,All Population,5,Prevalence,147,Libya,3,Both,22,All ages,976,Diabetes mellitus type 2,3,Rate,2019,11126.03191740304,12273.38493509652,10179.57494640786
1,All Population,5,Prevalence,393,Saint Kitts and Nevis,3,Both,22,All ages,976,Diabetes mellitus type 2,3,Rate,2019,10355.432578898339,11339.35038945362,9566.38574042067
1,All Population,5,Prevalence,126,Costa Rica,3,Both,22,All ages,976,Diabetes mellitus type 2,3,Rate,2019,8325.86814491744,9024.049146375839,7667.37080388083
1,All Population,5,Prevalence,94,Switzerland,3,Both,22,All ages,976,Diabetes mellitus type 2,3,Rate,2019,5175.71246359004,5672.37788843399,4735.89092755852
1,All Population,5,Prevalence,193,Botswana,3,Both,22,All ages,976,Diabetes mellitus type 2,3,Rate,2019,3518.60337689864,3807.9852429668595,3220.62133920126
1,All Population,5,Prevalence,87,Luxembourg,3,Both,22,All ages,976,Diabetes mellitus type 2,3,Rate,2019,4267.60494801166,4710.97411144621,3858.7194342467697
1,All Population,5,Prevalence,213,Niger,3,Both,22,All ages,976,Diabetes mellitus type 2,3,Rate,2019,1966.8999096076702,2157.82820268182,1776.4940969737902
1,All Population,5,Prevalence,83,Iceland,3,Both,22,All ages,976,Diabetes mellitus type 2,3,Rate,2019,4363.978564566521,4790.6267967078,3967.77302929359
1,All Population,5,Prevalence,76,Belgium,3,Both,22,All ages,976,Diabetes mellitus type 2,3,Rate,2019,5150.2179015049605,5614.89855756784,4763.65737155094
1,All Population,5,Prevalence,169,Central African Republic,3,Both,22,All ages,976,Diabetes mellitus type 2,3,Rate,2019,3549.4429523482704,3875.0002289443896,3218.87184905954
1,All Population,5,Prevalence,180,Kenya,3,Both,22,All ages,976,Diabetes mellitus type 2,3,Rate,2019,2003.4153752236698,2199.12689735118,1806.53736119597
1,All Population,5,Prevalence,160,Afghanistan,3,Both,22,All ages,976,Diabetes mellitus type 2,3,Rate,2019,4880.20724198778,5306.28438618741,4447.5887766777205
1,All Population,5,Prevalence,10,Cambodia,3,Both,22,All ages,976,Diabetes mellitus type 2,3,Rate,2019,2719.31098138983,2996.79744788253,2472.44350391725
1,All Population,5,Prevalence,206,Gambia,3,Both,22,All ages,976,Diabetes mellitus type 2,3,Rate,2019,3558.14250661302,3905.0996406276504,3245.5547794775603
1,All Population,5,Prevalence,128,Guatemala,3,Both,22,All ages,976,Diabetes mellitus type 2,3,Rate,2019,6896.4688047728,7260.830782742831,6569.96035970747
1,All Population,5,Prevalence,171,Democratic Republic of the Congo,3,Both,22,All ages,976,Diabetes mellitus type 2,3,Rate,2019,3196.15625604361,3522.77550464688,2908.05209705998
1,All Population,5,Prevalence,89,Netherlands,3,Both,22,All ages,976,Diabetes mellitus type 2,3,Rate,2019,4915.398498655551,5217.38865749182,4551.774220452679
1,All Population,5,Prevalence,413,Tokelau,3,Both,22,All ages,976,Diabetes mellitus type 2,3,Rate,2019,16512.02709796976,17768.898986338318,15224.8750019361
1,All Population,5,Prevalence,39,Tajikistan,3,Both,22,All ages,976,Diabetes mellitus type 2,3,Rate,2019,3464.2707829105098,3756.947953008,3202.86985141039
1,All Population,5,Prevalence,50,Montenegro,3,Both,22,All ages,976,Diabetes mellitus type 2,3,Rate,2019,8353.68747240246,9361.56272096154,7547.44424494794
1,All Population,5,Prevalence,78,Denmark,3,Both,22,All ages,976,Diabetes mellitus type 2,3,Rate,2019,4916.71935179477,5350.890505902689,4488.32975697401
1,All Population,5,Prevalence,162,Bhutan,3,Both,22,All ages,976,Diabetes mellitus type 2,3,Rate,2019,4374.006270629,4813.58171436863,4019.1793440219503
1,All Population,5,Prevalence,141,Egypt,3,Both,22,All ages,976,Diabetes mellitus type 2,3,Rate,2019,9298.45220750847,10112.87808536552,8479.51110443918
1,All Population,5,Prevalence,215,Sao Tome and Principe,3,Both,22,All ages,976,Diabetes mellitus type 2,3,Rate,2019,3954.04104754506,4393.82740775677,3551.48133613344
1,All Population,5,Prevalence,85,Israel,3,Both,22,All ages,976,Diabetes mellitus type 2,3,Rate,2019,4090.2192985378997,4331.16212195202,3875.78894072462
1,All Population,5,Prevalence,208,Guinea,3,Both,22,All ages,976,Diabetes mellitus type 2,3,Rate,2019,2182.06152778367,2368.04724480995,2002.86109557175
1,All Population,5,Prevalence,148,Morocco,3,Both,22,All ages,976,Diabetes mellitus type 2,3,Rate,2019,8908.39111249792,9634.46745916231,8184.61581596486
1,All Population,5,Prevalence,44,Bosnia and Herzegovina,3,Both,22,All ages,976,Diabetes mellitus type 2,3,Rate,2019,8949.96102464269,10013.77644114585,7952.726073762879
1,All Population,5,Prevalence,182,Malawi,3,Both,22,All ages,976,Diabetes mellitus type 2,3,Rate,2019,1219.1260515152,1322.8564941654,1114.98247820686
1,All Population,5,Prevalence,7,Democratic People's Republic of Korea,3,Both,22,All ages,976,Diabetes mellitus type 2,3,Rate,2019,6081.82903770368,6725.36394242072,5448.415605424009
1,All Population,5,Prevalence,130,Mexico,3,Both,22,All ages,976,Diabetes mellitus type 2,3,Rate,2019,11483.0481248424,12463.13988083281,10416.44138187353
1,All Population,5,Prevalence,12,Lao People's Democratic Republic,3,Both,22,All ages,976,Diabetes mellitus type 2,3,Rate,2019,3613.93716333556,3944.3732666775295,3295.1683728283797
1,All Population,5,Prevalence,57,Belarus,3,Both,22,All ages,976,Diabetes mellitus type 2,3,Rate,2019,5473.37397017554,5941.32472243193,5037.30492027071
1,All Population,5,Prevalence,369,Nauru,3,Both,22,All ages,976,Diabetes mellitus type 2,3,Rate,2019,10083.66685927892,10786.98188013269,9338.6715335547
1,All Population,5,Prevalence,173,Gabon,3,Both,22,All ages,976,Diabetes mellitus type 2,3,Rate,2019,5455.62058025142,5926.10692960849,4976.07965345781
1,All Population,5,Prevalence,91,Portugal,3,Both,22,All ages,976,Diabetes mellitus type 2,3,Rate,2019,7915.63224816545,8498.44740011316,7323.2833905587
1,All Population,5,Prevalence,18,Thailand,3,Both,22,All ages,976,Diabetes mellitus type 2,3,Rate,2019,7107.13371974075,7738.6896837800605,6499.356972973231
1,All Population,5,Prevalence,196,South Africa,3,Both,22,All ages,976,Diabetes mellitus type 2,3,Rate,2019,6303.85448449835,6893.144245660609,5711.69386799604
1,All Population,5,Prevalence,109,Cuba,3,Both,22,All ages,976,Diabetes mellitus type 2,3,Rate,2019,6337.9073797132605,6875.41800675852,5854.53729142885
1,All Population,5,Prevalence,186,Seychelles,3,Both,22,All ages,976,Diabetes mellitus type 2,3,Rate,2019,9120.58582928995,10073.48959310413,8314.657572264721
1,All Population,5,Prevalence,217,Sierra Leone,3,Both,22,All ages,976,Diabetes mellitus type 2,3,Rate,2019,2772.77891844856,3043.6360633836202,2509.0348603783
1,All Population,5,Prevalence,102,United States of America,3,Both,22,All ages,976,Diabetes mellitus type 2,3,Rate,2019,10307.55479253956,10892.07911082886,9807.6665266937
1,All Population,5,Prevalence,143,Iraq,3,Both,22,All ages,976,Diabetes mellitus type 2,3,Rate,2019,8710.93565932716,9426.876768896229,8032.950177157621
1,All Population,5,Prevalence,14,Maldives,3,Both,22,All ages,976,Diabetes mellitus type 2,3,Rate,2019,3909.97844395567,4340.17334056662,3502.6050540849596
1,All Population,5,Prevalence,184,Mozambique,3,Both,22,All ages,976,Diabetes mellitus type 2,3,Rate,2019,1296.41733295949,1414.30621737901,1194.63904882514
1,All Population,5,Prevalence,52,Romania,3,Both,22,All ages,976,Diabetes mellitus type 2,3,Rate,2019,5060.06073457804,5363.00624666907,4684.21460473583
1,All Population,5,Prevalence,46,Croatia,3,Both,22,All ages,976,Diabetes mellitus type 2,3,Rate,2019,9796.67998323217,10479.20750904299,9118.82140291127
1,All Population,5,Prevalence,59,Latvia,3,Both,22,All ages,976,Diabetes mellitus type 2,3,Rate,2019,7639.27980533326,8130.1404118203,7052.9150481243405
1,All Population,5,Prevalence,93,Sweden,3,Both,22,All ages,976,Diabetes mellitus type 2,3,Rate,2019,6633.78731132048,7144.670557309,6192.92898971644
1,All Population,5,Prevalence,63,Ukraine,3,Both,22,All ages,976,Diabetes mellitus type 2,3,Rate,2019,4178.55233975463,4655.72643100022,3785.40127833661
1,All Population,5,Prevalence,374,Niue,3,Both,22,All ages,976,Diabetes mellitus type 2,3,Rate,2019,19442.51185676014,20857.78877655421,17967.673417659822
1,All Population,5,Prevalence,298,American Samoa,3,Both,22,All ages,976,Diabetes mellitus type 2,3,Rate,2019,15850.42635195619,17000.28345051204,14877.168333975771
1,All Population,5,Prevalence,25,Micronesia (Federated States of),3,Both,22,All ages,976,Diabetes mellitus type 2,3,Rate,2019,15573.262590986918,16601.03738238325,14613.820878056442
1,All Population,5,Prevalence,175,Burundi,3,Both,22,All ages,976,Diabetes mellitus type 2,3,Rate,2019,1490.25013599187,1630.90685820171,1356.5603125457199
1,All Population,5,Prevalence,189,United Republic of Tanzania,3,Both,22,All ages,976,Diabetes mellitus type 2,3,Rate,2019,1547.75025390878,1672.30915007818,1426.45145724594
1,All Population,5,Prevalence,117,Saint Vincent and the Grenadines,3,Both,22,All ages,976,Diabetes mellitus type 2,3,Rate,2019,13035.65129154668,14030.537157953879,12140.20171659629
1,All Population,5,Prevalence,61,Republic of Moldova,3,Both,22,All ages,976,Diabetes mellitus type 2,3,Rate,2019,6731.3051710092595,7412.150806752959,6126.74354203097
1,All Population,5,Prevalence,20,Viet Nam,3,Both,22,All ages,976,Diabetes mellitus type 2,3,Rate,2019,3611.50432179902,3934.8992749768495,3292.67246619281
1,All Population,5,Prevalence,54,Slovakia,3,Both,22,All ages,976,Diabetes mellitus type 2,3,Rate,2019,5028.30126947189,5542.29587506117,4473.08558327891
1,All Population,5,Prevalence,380,Palau,3,Both,22,All ages,976,Diabetes mellitus type 2,3,Rate,2019,15505.533090160488,16663.17586400695,14488.04340112294
1,All Population,5,Prevalence,33,Armenia,3,Both,22,All ages,976,Diabetes mellitus type 2,3,Rate,2019,6105.563623697511,6496.839636709879,5637.76022182277
1,All Population,5,Prevalence,72,New Zealand,3,Both,22,All ages,976,Diabetes mellitus type 2,3,Rate,2019,5415.36531482771,5710.620136495831,5148.4552428935
1,All Population,5,Prevalence,106,Bahamas,3,Both,22,All ages,976,Diabetes mellitus type 2,3,Rate,2019,9146.27104988282,9928.10932396559,8421.04740246751
1,All Population,5,Prevalence,177,Djibouti,3,Both,22,All ages,976,Diabetes mellitus type 2,3,Rate,2019,2082.22127713293,2285.5108731223,1891.5584440622101
1,All Population,5,Prevalence,156,United Arab Emirates,3,Both,22,All ages,976,Diabetes mellitus type 2,3,Rate,2019,16160.63925059438,17810.05301284837,14661.29444501487
1,All Population,5,Prevalence,320,Cook Islands,3,Both,22,All ages,976,Diabetes mellitus type 2,3,Rate,2019,18855.54749519576,20184.04103446082,17485.49279256366
1,All Population,5,Prevalence,202,Cameroon,3,Both,22,All ages,976,Diabetes mellitus type 2,3,Rate,2019,2758.3563061934,3016.0342741545,2481.0328754038
1,All Population,5,Prevalence,191,Zambia,3,Both,22,All ages,976,Diabetes mellitus type 2,3,Rate,2019,2358.21827754092,2561.69613163728,2155.76498783351
1,All Population,5,Prevalence,119,Trinidad and Tobago,3,Both,22,All ages,976,Diabetes mellitus type 2,3,Rate,2019,20254.605238706972,21189.62077950357,19086.72032306936
1,All Population,5,Prevalence,204,Chad,3,Both,22,All ages,976,Diabetes mellitus type 2,3,Rate,2019,1961.88055071994,2139.68364796793,1778.7815286139303
1,All Population,5,Prevalence,22,Fiji,3,Both,22,All ages,976,Diabetes mellitus type 2,3,Rate,2019,14688.41327977031,15538.61674659433,13904.99907856381
1,All Population,5,Prevalence,351,Guam,3,Both,22,All ages,976,Diabetes mellitus type 2,3,Rate,2019,8080.75243517513,8867.10140505947,7414.6230091909
1,All Population,5,Prevalence,108,Belize,3,Both,22,All ages,976,Diabetes mellitus type 2,3,Rate,2019,7950.86136691536,8464.47121550321,7370.69620727495
1,All Population,5,Prevalence,35,Georgia,3,Both,22,All ages,976,Diabetes mellitus type 2,3,Rate,2019,5808.61313343542,6245.18221838915,5343.28372731461
1,All Population,5,Prevalence,67,Japan,3,Both,22,All ages,976,Diabetes mellitus type 2,3,Rate,2019,10721.9494826637,11881.94139050822,9700.86205426398
1,All Population,5,Prevalence,24,Marshall Islands,3,Both,22,All ages,976,Diabetes mellitus type 2,3,Rate,2019,13162.25647962124,14305.60153505077,11882.701206565389
1,All Population,5,Prevalence,37,Kyrgyzstan,3,Both,22,All ages,976,Diabetes mellitus type 2,3,Rate,2019,3046.992795832,3303.5667661697203,2814.24986055015
1,All Population,5,Prevalence,121,Bolivia (Plurinational State of),3,Both,22,All ages,976,Diabetes mellitus type 2,3,Rate,2019,4312.14556388621,4731.64786356909,3905.2791958467196
1,All Population,5,Prevalence,422,United States Virgin Islands,3,Both,22,All ages,976,Diabetes mellitus type 2,3,Rate,2019,12908.15943194497,14111.23148607033,11837.82688573625
1,All Population,5,Prevalence,69,Singapore,3,Both,22,All ages,976,Diabetes mellitus type 2,3,Rate,2019,6432.462906916569,7062.51534620074,5844.75508463366
1,All Population,5,Prevalence,48,Hungary,3,Both,22,All ages,976,Diabetes mellitus type 2,3,Rate,2019,5858.99242361532,6305.32974311195,5259.7608827021995
1,All Population,5,Prevalence,123,Peru,3,Both,22,All ages,976,Diabetes mellitus type 2,3,Rate,2019,3136.7221306562,3395.0559319446,2867.35990658757
1,All Population,5,Prevalence,136,Paraguay,3,Both,22,All ages,976,Diabetes mellitus type 2,3,Rate,2019,6473.83996701097,6951.84185237407,5950.51082943885
1,All Population,5,Prevalence,168,Angola,3,Both,22,All ages,976,Diabetes mellitus type 2,3,Rate,2019,3791.7767483410603,4141.89452949174,3485.50093426712
1,All Population,5,Prevalence,149,Palestine,3,Both,22,All ages,976,Diabetes mellitus type 2,3,Rate,2019,7589.59447584988,8154.66988431907,7063.47460163045
1,All Population,5,Prevalence,170,Congo,3,Both,22,All ages,976,Diabetes mellitus type 2,3,Rate,2019,4187.15500894467,4544.83691625057,3791.9492396815
1,All Population,5,Prevalence,181,Madagascar,3,Both,22,All ages,976,Diabetes mellitus type 2,3,Rate,2019,1521.6842811582899,1663.59048954448,1384.4771122940501
1,All Population,5,Prevalence,151,Qatar,3,Both,22,All ages,976,Diabetes mellitus type 2,3,Rate,2019,13036.347158866329,14489.66080099711,11776.892536142721
1,All Population,5,Prevalence,195,Namibia,3,Both,22,All ages,976,Diabetes mellitus type 2,3,Rate,2019,3241.11769440438,3504.54244414743,3008.09193201724
1,All Population,5,Prevalence,183,Mauritius,3,Both,22,All ages,976,Diabetes mellitus type 2,3,Rate,2019,17709.553500595,18435.10331693759,16890.9925809319
1,All Population,5,Prevalence,153,Syrian Arab Republic,3,Both,22,All ages,976,Diabetes mellitus type 2,3,Rate,2019,9968.40820546661,10888.737744894759,9124.128376921251
1,All Population,5,Prevalence,164,Nepal,3,Both,22,All ages,976,Diabetes mellitus type 2,3,Rate,2019,5045.68902564069,5465.69224816348,4645.14161440897
1,All Population,5,Prevalence,132,Panama,3,Both,22,All ages,976,Diabetes mellitus type 2,3,Rate,2019,7146.265192801319,7663.91677461146,6660.3500871631195
1,All Population,5,Prevalence,197,Eswatini,3,Both,22,All ages,976,Diabetes mellitus type 2,3,Rate,2019,4198.82904777605,4524.83456316239,3834.17212800808
1,All Population,5,Prevalence,185,Rwanda,3,Both,22,All ages,976,Diabetes mellitus type 2,3,Rate,2019,1501.80491182429,1634.27353153843,1396.53664621443
1,All Population,5,Prevalence,97,Argentina,3,Both,22,All ages,976,Diabetes mellitus type 2,3,Rate,2019,4088.3497713198103,4350.48815419787,3843.79870049452
1,All Population,5,Prevalence,99,Uruguay,3,Both,22,All ages,976,Diabetes mellitus type 2,3,Rate,2019,4564.7522014716205,4868.2474167991295,4261.49816970034
1,All Population,5,Prevalence,101,Canada,3,Both,22,All ages,976,Diabetes mellitus type 2,3,Rate,2019,5139.70691999811,5455.61472541924,4818.2718023006
1,All Population,5,Prevalence,201,Burkina Faso,3,Both,22,All ages,976,Diabetes mellitus type 2,3,Rate,2019,1344.66355227989,1458.1318704388,1236.95337502646
1,All Population,5,Prevalence,110,Dominica,3,Both,22,All ages,976,Diabetes mellitus type 2,3,Rate,2019,12663.52000357612,13611.410607922811,11699.88678969271
1,All Population,5,Prevalence,144,Jordan,3,Both,22,All ages,976,Diabetes mellitus type 2,3,Rate,2019,8938.44492483134,9611.54421854622,8334.44147111116
1,All Population,5,Prevalence,155,Türkiye,3,Both,22,All ages,976,Diabetes mellitus type 2,3,Rate,2019,8373.7680225443,9079.03642318825,7734.1551566295
1,All Population,5,Prevalence,179,Ethiopia,3,Both,22,All ages,976,Diabetes mellitus type 2,3,Rate,2019,1574.3336336971802,1722.30101288792,1428.44513126025
1,All Population,5,Prevalence,112,Grenada,3,Both,22,All ages,976,Diabetes mellitus type 2,3,Rate,2019,13413.44767728734,14247.55505818612,12613.87815853963
1,All Population,5,Prevalence,216,Senegal,3,Both,22,All ages,976,Diabetes mellitus type 2,3,Rate,2019,4341.76609043442,4787.595776057,3931.38687124735
1,All Population,5,Prevalence,210,Liberia,3,Both,22,All ages,976,Diabetes mellitus type 2,3,Rate,2019,3238.11275373993,3548.0356720770196,2938.0665075453503
1,All Population,5,Prevalence,146,Lebanon,3,Both,22,All ages,976,Diabetes mellitus type 2,3,Rate,2019,10922.663675371321,11792.08596205647,10030.32096316623
1,All Population,5,Prevalence,80,France,3,Both,22,All ages,976,Diabetes mellitus type 2,3,Rate,2019,5804.201906502561,6284.725467436931,5381.6291730946
1,All Population,5,Prevalence,157,Yemen,3,Both,22,All ages,976,Diabetes mellitus type 2,3,Rate,2019,3318.63050465881,3641.9102330771802,2988.85296389186
1,All Population,5,Prevalence,125,Colombia,3,Both,22,All ages,976,Diabetes mellitus type 2,3,Rate,2019,5582.37814178212,5980.3854645028,5145.0816747413
1,All Population,5,Prevalence,203,Cabo Verde,3,Both,22,All ages,976,Diabetes mellitus type 2,3,Rate,2019,4743.4578639582805,5147.9048900614,4338.44755839546
1,All Population,5,Prevalence,114,Haiti,3,Both,22,All ages,976,Diabetes mellitus type 2,3,Rate,2019,4435.46183882532,4834.46629212995,4045.5849625407295
1,All Population,5,Prevalence,82,Greece,3,Both,22,All ages,976,Diabetes mellitus type 2,3,Rate,2019,6112.96785680477,6588.39373541036,5460.51818784202
1,All Population,5,Prevalence,212,Mauritania,3,Both,22,All ages,976,Diabetes mellitus type 2,3,Rate,2019,3541.65705607754,3841.79111327679,3221.6297177924403
1,All Population,5,Prevalence,95,United Kingdom,3,Both,22,All ages,976,Diabetes mellitus type 2,3,Rate,2019,7373.564302678021,7960.177437720151,6788.8188551537
1,All Population,5,Prevalence,127,El Salvador,3,Both,22,All ages,976,Diabetes mellitus type 2,3,Rate,2019,6607.83082531949,7138.802412815071,6095.75293597769
1,All Population,5,Prevalence,116,Saint Lucia,3,Both,22,All ages,976,Diabetes mellitus type 2,3,Rate,2019,13138.069577564602,14080.942725556819,11955.15390431022
1,All Population,5,Prevalence,84,Ireland,3,Both,22,All ages,976,Diabetes mellitus type 2,3,Rate,2019,3758.36880947214,4036.96934400979,3431.06781489063
1,All Population,5,Prevalence,194,Lesotho,3,Both,22,All ages,976,Diabetes mellitus type 2,3,Rate,2019,3005.62472733615,3270.92264226959,2786.74313903147
1,All Population,5,Prevalence,205,Côte d'Ivoire,3,Both,22,All ages,976,Diabetes mellitus type 2,3,Rate,2019,2812.41540402274,3094.75287518763,2555.35339671943
1,All Population,5,Prevalence,161,Bangladesh,3,Both,22,All ages,976,Diabetes mellitus type 2,3,Rate,2019,5450.21951561759,5849.51701927638,5086.13689359101
1,All Population,5,Prevalence,214,Nigeria,3,Both,22,All ages,976,Diabetes mellitus type 2,3,Rate,2019,2077.6209627998096,2289.0063222914,1866.39197069318
1,All Population,5,Prevalence,129,Honduras,3,Both,22,All ages,976,Diabetes mellitus type 2,3,Rate,2019,3869.01197785366,4251.32317083421,3513.42376704363
1,All Population,5,Prevalence,140,Bahrain,3,Both,22,All ages,976,Diabetes mellitus type 2,3,Rate,2019,16051.43679296678,17507.26736687854,14851.827954206632
1,All Population,5,Prevalence,376,Northern Mariana Islands,3,Both,22,All ages,976,Diabetes mellitus type 2,3,Rate,2019,12794.55035096192,13911.405392602699,11768.221173752221
1,All Population,5,Prevalence,218,Togo,3,Both,22,All ages,976,Diabetes mellitus type 2,3,Rate,2019,2173.61689456061,2350.5234614411697,1985.53748501393
1,All Population,5,Prevalence,367,Monaco,3,Both,22,All ages,976,Diabetes mellitus type 2,3,Rate,2019,6142.91270848958,6815.2030318204,5582.5403754687395
1,All Population,5,Prevalence,207,Ghana,3,Both,22,All ages,976,Diabetes mellitus type 2,3,Rate,2019,3364.30813129096,3643.2537947830897,3081.26993798062
1,All Population,5,Prevalence,142,Iran (Islamic Republic of),3,Both,22,All ages,976,Diabetes mellitus type 2,3,Rate,2019,7317.49486812882,8114.70297084258,6546.40624648378
1,All Population,5,Prevalence,385,Puerto Rico,3,Both,22,All ages,976,Diabetes mellitus type 2,3,Rate,2019,13919.34014870959,14916.60542032355,12882.429176222771
1,All Population,5,Prevalence,172,Equatorial Guinea,3,Both,22,All ages,976,Diabetes mellitus type 2,3,Rate,2019,3537.00704413532,3940.13870955394,3176.99381385985
1,All Population,5,Prevalence,435,South Sudan,3,Both,22,All ages,976,Diabetes mellitus type 2,3,Rate,2019,1555.9662651345,1690.0855807570701,1428.3778784027
1,All Population,5,Prevalence,131,Nicaragua,3,Both,22,All ages,976,Diabetes mellitus type 2,3,Rate,2019,4216.94129486881,4550.01234633499,3895.8035685010204
1,All Population,5,Prevalence,15,Myanmar,3,Both,22,All ages,976,Diabetes mellitus type 2,3,Rate,2020,5608.1274997747305,6119.2754201454,5115.00626816397
1,All Population,5,Prevalence,209,Guinea-Bissau,3,Both,22,All ages,976,Diabetes mellitus type 2,3,Rate,2019,2829.34324051368,3106.99087965117,2571.32384759431
1,All Population,5,Prevalence,187,Somalia,3,Both,22,All ages,976,Diabetes mellitus type 2,3,Rate,2019,1611.77341185005,1756.6060399318999,1485.66376684498
1,All Population,5,Prevalence,305,Bermuda,3,Both,22,All ages,976,Diabetes mellitus type 2,3,Rate,2019,8868.6209155118,9737.05133124135,8113.193355696991
1,All Population,5,Prevalence,396,San Marino,3,Both,22,All ages,976,Diabetes mellitus type 2,3,Rate,2019,6282.51166213922,7036.299425448379,5730.18963028304
1,All Population,5,Prevalence,176,Comoros,3,Both,22,All ages,976,Diabetes mellitus type 2,3,Rate,2019,2756.3848527906302,2948.55355622912,2556.55365906345
1,All Population,5,Prevalence,190,Uganda,3,Both,22,All ages,976,Diabetes mellitus type 2,3,Rate,2019,1831.59296233143,1989.90385047638,1667.2202758714598
1,All Population,5,Prevalence,349,Greenland,3,Both,22,All ages,976,Diabetes mellitus type 2,3,Rate,2019,3407.59763080711,3853.17366635922,3051.5309308055903
1,All Population,5,Prevalence,416,Tuvalu,3,Both,22,All ages,976,Diabetes mellitus type 2,3,Rate,2019,9872.73860146741,10621.09535939681,9227.79765976328
1,All Population,5,Prevalence,11,Indonesia,3,Both,22,All ages,976,Diabetes mellitus type 2,3,Rate,2020,4776.65865839821,5335.53404357259,4248.152497711831
1,All Population,5,Prevalence,13,Malaysia,3,Both,22,All ages,976,Diabetes mellitus type 2,3,Rate,2020,7050.89499139001,7814.1451907612,6341.849497443371
1,All Population,5,Prevalence,28,Solomon Islands,3,Both,22,All ages,976,Diabetes mellitus type 2,3,Rate,2020,6197.158639200969,6704.05773284245,5718.525906519631
1,All Population,5,Prevalence,30,Vanuatu,3,Both,22,All ages,976,Diabetes mellitus type 2,3,Rate,2020,6493.9390255648195,7057.370284322929,6000.46051077191
1,All Population,5,Prevalence,26,Papua New Guinea,3,Both,22,All ages,976,Diabetes mellitus type 2,3,Rate,2020,5473.66932202698,5985.91326418637,5048.4107241336405
1,All Population,5,Prevalence,522,Sudan,3,Both,22,All ages,976,Diabetes mellitus type 2,3,Rate,2019,5546.36400365431,6055.54805015713,5068.4835099142
1,All Population,5,Prevalence,41,Uzbekistan,3,Both,22,All ages,976,Diabetes mellitus type 2,3,Rate,2020,3886.92965407504,4213.44187183581,3575.6078950957103
1,All Population,5,Prevalence,20,Viet Nam,3,Both,22,All ages,976,Diabetes mellitus type 2,3,Rate,2020,3739.67284548069,4083.96624423418,3379.3202239706497
1,All Population,5,Prevalence,43,Albania,3,Both,22,All ages,976,Diabetes mellitus type 2,3,Rate,2020,4621.47248366676,5240.39436420066,4173.60376477759
1,All Population,5,Prevalence,22,Fiji,3,Both,22,All ages,976,Diabetes mellitus type 2,3,Rate,2020,14953.942108635229,15838.698875355938,14112.613766487888
1,All Population,5,Prevalence,45,Bulgaria,3,Both,22,All ages,976,Diabetes mellitus type 2,3,Rate,2020,8033.96561399214,8717.60325733532,7384.860771204891
1,All Population,5,Prevalence,10,Cambodia,3,Both,22,All ages,976,Diabetes mellitus type 2,3,Rate,2020,2795.8774619058604,3088.6149287297203,2532.39976533055
1,All Population,5,Prevalence,33,Armenia,3,Both,22,All ages,976,Diabetes mellitus type 2,3,Rate,2020,6243.0537439612,6646.790721324091,5754.78053297067
1,All Population,5,Prevalence,23,Kiribati,3,Both,22,All ages,976,Diabetes mellitus type 2,3,Rate,2020,11024.89474598087,11973.94114444683,10221.56772246497
1,All Population,5,Prevalence,62,Russian Federation,3,Both,22,All ages,976,Diabetes mellitus type 2,3,Rate,2020,5397.97547608502,6072.9135219440495,4857.34526852263
1,All Population,5,Prevalence,47,Czechia,3,Both,22,All ages,976,Diabetes mellitus type 2,3,Rate,2020,7807.04625083697,8363.10088412226,7299.1074101385
1,All Population,5,Prevalence,6,China,3,Both,22,All ages,976,Diabetes mellitus type 2,3,Rate,2020,8174.042972575559,8914.483739637059,7512.864788550321
1,All Population,5,Prevalence,67,Japan,3,Both,22,All ages,976,Diabetes mellitus type 2,3,Rate,2020,10753.158223125909,11907.03066149255,9706.51908601225
1,All Population,5,Prevalence,34,Azerbaijan,3,Both,22,All ages,976,Diabetes mellitus type 2,3,Rate,2020,5454.26606137569,6035.2801590035,5009.71536104649
1,All Population,5,Prevalence,24,Marshall Islands,3,Both,22,All ages,976,Diabetes mellitus type 2,3,Rate,2020,13497.66051034354,14662.65115309075,12170.280183339879
1,All Population,5,Prevalence,35,Georgia,3,Both,22,All ages,976,Diabetes mellitus type 2,3,Rate,2020,5922.896860462,6399.15590492759,5408.19002484479
1,All Population,5,Prevalence,12,Lao People's Democratic Republic,3,Both,22,All ages,976,Diabetes mellitus type 2,3,Rate,2020,3700.44648859657,4053.2606184291103,3360.8278989639502
1,All Population,5,Prevalence,17,Sri Lanka,3,Both,22,All ages,976,Diabetes mellitus type 2,3,Rate,2020,9401.824131827261,10046.11329732985,8759.809696268441
1,All Population,5,Prevalence,8,Taiwan,3,Both,22,All ages,976,Diabetes mellitus type 2,3,Rate,2020,8944.62258045571,9596.925996254251,8276.81865284214
1,All Population,5,Prevalence,36,Kazakhstan,3,Both,22,All ages,976,Diabetes mellitus type 2,3,Rate,2020,5302.92241047544,5669.68589929141,4926.73144315973
1,All Population,5,Prevalence,48,Hungary,3,Both,22,All ages,976,Diabetes mellitus type 2,3,Rate,2020,5969.990866053669,6497.207598381589,5331.3029960372205
1,All Population,5,Prevalence,69,Singapore,3,Both,22,All ages,976,Diabetes mellitus type 2,3,Rate,2020,6503.26285374133,7179.85097401445,5900.96045693527
1,All Population,5,Prevalence,37,Kyrgyzstan,3,Both,22,All ages,976,Diabetes mellitus type 2,3,Rate,2020,3114.65951576095,3405.13956843443,2848.71189969231
1,All Population,5,Prevalence,80,France,3,Both,22,All ages,976,Diabetes mellitus type 2,3,Rate,2020,5840.29900258125,6349.73374208949,5387.52629190091
1,All Population,5,Prevalence,75,Austria,3,Both,22,All ages,976,Diabetes mellitus type 2,3,Rate,2020,4403.79873472064,4749.022923768291,4071.16191031158
1,All Population,5,Prevalence,57,Belarus,3,Both,22,All ages,976,Diabetes mellitus type 2,3,Rate,2020,5667.64228678716,6197.40754230773,5178.56314637635
1,All Population,5,Prevalence,114,Haiti,3,Both,22,All ages,976,Diabetes mellitus type 2,3,Rate,2020,4503.6434236977,4934.47027844714,4091.65729488871
1,All Population,5,Prevalence,46,Croatia,3,Both,22,All ages,976,Diabetes mellitus type 2,3,Rate,2020,10165.25592433841,10892.47217242835,9385.72737494703
1,All Population,5,Prevalence,86,Italy,3,Both,22,All ages,976,Diabetes mellitus type 2,3,Rate,2020,6776.028816466061,7576.56585603685,5981.13963188309
1,All Population,5,Prevalence,25,Micronesia (Federated States of),3,Both,22,All ages,976,Diabetes mellitus type 2,3,Rate,2020,16092.00045205313,17187.62605446601,14990.70984416839
1,All Population,5,Prevalence,14,Maldives,3,Both,22,All ages,976,Diabetes mellitus type 2,3,Rate,2020,4022.57138902855,4451.64897508366,3578.28453260838
1,All Population,5,Prevalence,19,Timor-Leste,3,Both,22,All ages,976,Diabetes mellitus type 2,3,Rate,2020,2399.6151548317202,2636.0636072837,2170.95800059441
1,All Population,5,Prevalence,91,Portugal,3,Both,22,All ages,976,Diabetes mellitus type 2,3,Rate,2020,8027.66868730268,8680.14626982498,7399.68146825825
1,All Population,5,Prevalence,38,Mongolia,3,Both,22,All ages,976,Diabetes mellitus type 2,3,Rate,2020,3488.65519862271,3804.0098995727503,3161.0357238074803
1,All Population,5,Prevalence,68,Republic of Korea,3,Both,22,All ages,976,Diabetes mellitus type 2,3,Rate,2020,8797.02614361377,9046.07562035093,8500.70507353512
1,All Population,5,Prevalence,7,Democratic People's Republic of Korea,3,Both,22,All ages,976,Diabetes mellitus type 2,3,Rate,2020,6188.6066848236405,6839.12851345365,5516.86927286674
1,All Population,5,Prevalence,59,Latvia,3,Both,22,All ages,976,Diabetes mellitus type 2,3,Rate,2020,7950.05656513053,8491.00163879466,7283.46297332188
1,All Population,5,Prevalence,16,Philippines,3,Both,22,All ages,976,Diabetes mellitus type 2,3,Rate,2020,4560.46757718567,4988.1656263797595,4126.42528565733
1,All Population,5,Prevalence,50,Montenegro,3,Both,22,All ages,976,Diabetes mellitus type 2,3,Rate,2020,9026.851906857999,10136.94375971019,8120.189028777359
1,All Population,5,Prevalence,49,North Macedonia,3,Both,22,All ages,976,Diabetes mellitus type 2,3,Rate,2020,9948.733932244131,11057.93661823368,8837.63726387852
1,All Population,5,Prevalence,82,Greece,3,Both,22,All ages,976,Diabetes mellitus type 2,3,Rate,2020,6216.38601456639,6725.347992035389,5506.02845215779
1,All Population,5,Prevalence,77,Cyprus,3,Both,22,All ages,976,Diabetes mellitus type 2,3,Rate,2020,6647.32321337417,7254.911816010031,6081.36611790203
1,All Population,5,Prevalence,39,Tajikistan,3,Both,22,All ages,976,Diabetes mellitus type 2,3,Rate,2020,3551.27095523309,3885.8108585468503,3266.7982844575804
1,All Population,5,Prevalence,116,Saint Lucia,3,Both,22,All ages,976,Diabetes mellitus type 2,3,Rate,2020,13455.40854005817,14486.579540770032,12179.23247097459
1,All Population,5,Prevalence,58,Estonia,3,Both,22,All ages,976,Diabetes mellitus type 2,3,Rate,2020,6866.74937879011,7436.3981055984,6154.85048416972
1,All Population,5,Prevalence,127,El Salvador,3,Both,22,All ages,976,Diabetes mellitus type 2,3,Rate,2020,6761.79617541887,7295.32443071528,6199.4793678593005
1,All Population,5,Prevalence,93,Sweden,3,Both,22,All ages,976,Diabetes mellitus type 2,3,Rate,2020,6773.4950197425605,7330.31213853906,6295.01807463564
1,All Population,5,Prevalence,27,Samoa,3,Both,22,All ages,976,Diabetes mellitus type 2,3,Rate,2020,10758.43752126399,11667.10414766962,9890.643522600109
1,All Population,5,Prevalence,88,Malta,3,Both,22,All ages,976,Diabetes mellitus type 2,3,Rate,2020,5915.8025914367,6512.16303939565,5484.97052062065
1,All Population,5,Prevalence,81,Germany,3,Both,22,All ages,976,Diabetes mellitus type 2,3,Rate,2020,7772.236145850669,8365.83836616516,7212.93484330946
1,All Population,5,Prevalence,51,Poland,3,Both,22,All ages,976,Diabetes mellitus type 2,3,Rate,2020,10714.35696581607,11510.71323596388,10010.86712991805
1,All Population,5,Prevalence,72,New Zealand,3,Both,22,All ages,976,Diabetes mellitus type 2,3,Rate,2020,5579.24378380257,5890.60260058048,5298.85252468906
1,All Population,5,Prevalence,29,Tonga,3,Both,22,All ages,976,Diabetes mellitus type 2,3,Rate,2020,11260.24919329741,12071.01647988685,10527.59944931501
1,All Population,5,Prevalence,61,Republic of Moldova,3,Both,22,All ages,976,Diabetes mellitus type 2,3,Rate,2020,7000.52930584453,7799.120448053749,6286.0061762677
1,All Population,5,Prevalence,18,Thailand,3,Both,22,All ages,976,Diabetes mellitus type 2,3,Rate,2020,7309.7835061407795,8059.47989770442,6656.75571321692
1,All Population,5,Prevalence,84,Ireland,3,Both,22,All ages,976,Diabetes mellitus type 2,3,Rate,2020,3874.13876037288,4170.32203716673,3530.6034990682897
1,All Population,5,Prevalence,40,Turkmenistan,3,Both,22,All ages,976,Diabetes mellitus type 2,3,Rate,2020,3760.93336355411,4033.52775260521,3417.4870005926796
1,All Population,5,Prevalence,60,Lithuania,3,Both,22,All ages,976,Diabetes mellitus type 2,3,Rate,2020,6417.87318070029,7024.97075700379,5863.24734497018
1,All Population,5,Prevalence,52,Romania,3,Both,22,All ages,976,Diabetes mellitus type 2,3,Rate,2020,5171.24542363332,5554.32620487872,4728.676423043919
1,All Population,5,Prevalence,117,Saint Vincent and the Grenadines,3,Both,22,All ages,976,Diabetes mellitus type 2,3,Rate,2020,13336.747042494351,14468.91998020845,12377.80131505251
1,All Population,5,Prevalence,95,United Kingdom,3,Both,22,All ages,976,Diabetes mellitus type 2,3,Rate,2020,7516.3924793777605,8138.817147003389,6900.292461957711
1,All Population,5,Prevalence,129,Honduras,3,Both,22,All ages,976,Diabetes mellitus type 2,3,Rate,2020,3942.46825197026,4346.04107756787,3555.22251491847
1,All Population,5,Prevalence,90,Norway,3,Both,22,All ages,976,Diabetes mellitus type 2,3,Rate,2020,6022.61782373551,6799.416544664349,5337.083527738941
1,All Population,5,Prevalence,53,Serbia,3,Both,22,All ages,976,Diabetes mellitus type 2,3,Rate,2020,7665.54981400574,8534.70697386545,6882.74109322598
1,All Population,5,Prevalence,106,Bahamas,3,Both,22,All ages,976,Diabetes mellitus type 2,3,Rate,2020,9393.35848585596,10218.888448469279,8629.18644965443
1,All Population,5,Prevalence,83,Iceland,3,Both,22,All ages,976,Diabetes mellitus type 2,3,Rate,2020,4445.02125021286,4897.88483127371,4037.6527257631396
1,All Population,5,Prevalence,115,Jamaica,3,Both,22,All ages,976,Diabetes mellitus type 2,3,Rate,2020,9301.25207340114,9985.37637918728,8602.69274135802
1,All Population,5,Prevalence,151,Qatar,3,Both,22,All ages,976,Diabetes mellitus type 2,3,Rate,2020,13369.415970844331,14914.512014232609,12087.72908133389
1,All Population,5,Prevalence,161,Bangladesh,3,Both,22,All ages,976,Diabetes mellitus type 2,3,Rate,2020,5515.87762211714,5907.01134114236,5090.6660111838
1,All Population,5,Prevalence,74,Andorra,3,Both,22,All ages,976,Diabetes mellitus type 2,3,Rate,2020,4489.91677939259,5044.41876382867,4058.33678809664
1,All Population,5,Prevalence,94,Switzerland,3,Both,22,All ages,976,Diabetes mellitus type 2,3,Rate,2020,5230.76469419352,5786.48067578153,4773.19788745946
1,All Population,5,Prevalence,122,Ecuador,3,Both,22,All ages,976,Diabetes mellitus type 2,3,Rate,2020,5722.2034040462095,6095.5732230331305,5325.01208422992
1,All Population,5,Prevalence,119,Trinidad and Tobago,3,Both,22,All ages,976,Diabetes mellitus type 2,3,Rate,2020,20518.51488246419,21506.538625678,19232.98819984107
1,All Population,5,Prevalence,85,Israel,3,Both,22,All ages,976,Diabetes mellitus type 2,3,Rate,2020,4105.446005626251,4357.16405858337,3887.1691390305505
1,All Population,5,Prevalence,140,Bahrain,3,Both,22,All ages,976,Diabetes mellitus type 2,3,Rate,2020,16757.97150783225,18363.98494372461,15442.97430062182
1,All Population,5,Prevalence,63,Ukraine,3,Both,22,All ages,976,Diabetes mellitus type 2,3,Rate,2020,4285.57543106263,4795.26928863745,3873.3785737035205
1,All Population,5,Prevalence,185,Rwanda,3,Both,22,All ages,976,Diabetes mellitus type 2,3,Rate,2020,1534.00199242095,1672.4570489479102,1422.65322428547
1,All Population,5,Prevalence,55,Slovenia,3,Both,22,All ages,976,Diabetes mellitus type 2,3,Rate,2020,6921.95410308213,7545.43297815229,6359.47838587107
1,All Population,5,Prevalence,109,Cuba,3,Both,22,All ages,976,Diabetes mellitus type 2,3,Rate,2020,6523.56624792113,7147.52209079292,5963.649944250849
1,All Population,5,Prevalence,133,Venezuela (Bolivarian Republic of),3,Both,22,All ages,976,Diabetes mellitus type 2,3,Rate,2020,7481.53155426904,8140.13814536199,6938.251309552081
1,All Population,5,Prevalence,108,Belize,3,Both,22,All ages,976,Diabetes mellitus type 2,3,Rate,2020,8176.60257309256,8795.39816551847,7559.83498520478
1,All Population,5,Prevalence,44,Bosnia and Herzegovina,3,Both,22,All ages,976,Diabetes mellitus type 2,3,Rate,2020,9255.99764343266,10359.327034036469,8115.25262329294
1,All Population,5,Prevalence,153,Syrian Arab Republic,3,Both,22,All ages,976,Diabetes mellitus type 2,3,Rate,2020,10514.30255212291,11555.59282691844,9529.72757692324
1,All Population,5,Prevalence,76,Belgium,3,Both,22,All ages,976,Diabetes mellitus type 2,3,Rate,2020,5241.67329457798,5716.37102181885,4836.60537589007
1,All Population,5,Prevalence,71,Australia,3,Both,22,All ages,976,Diabetes mellitus type 2,3,Rate,2020,3706.04717111918,4024.9196804845196,3357.5369470042797
1,All Population,5,Prevalence,164,Nepal,3,Both,22,All ages,976,Diabetes mellitus type 2,3,Rate,2020,5173.82111176644,5632.70952148546,4761.88054820717
1,All Population,5,Prevalence,132,Panama,3,Both,22,All ages,976,Diabetes mellitus type 2,3,Rate,2020,7277.53537830884,7866.95269101622,6745.05032978681
1,All Population,5,Prevalence,121,Bolivia (Plurinational State of),3,Both,22,All ages,976,Diabetes mellitus type 2,3,Rate,2020,4395.0193614444,4850.52213685179,3973.11289933927
1,All Population,5,Prevalence,66,Brunei Darussalam,3,Both,22,All ages,976,Diabetes mellitus type 2,3,Rate,2020,7844.595264206921,8459.4985918653,7284.88760171626
1,All Population,5,Prevalence,128,Guatemala,3,Both,22,All ages,976,Diabetes mellitus type 2,3,Rate,2020,7059.8135410913,7461.006834478249,6704.839427196351
1,All Population,5,Prevalence,210,Liberia,3,Both,22,All ages,976,Diabetes mellitus type 2,3,Rate,2020,3291.1908350292597,3629.00449712597,2986.8626180648903
1,All Population,5,Prevalence,54,Slovakia,3,Both,22,All ages,976,Diabetes mellitus type 2,3,Rate,2020,5183.74983721035,5738.13362153116,4643.94540416394
1,All Population,5,Prevalence,111,Dominican Republic,3,Both,22,All ages,976,Diabetes mellitus type 2,3,Rate,2020,7136.91884226406,7802.94083036199,6623.0338741325195
1,All Population,5,Prevalence,79,Finland,3,Both,22,All ages,976,Diabetes mellitus type 2,3,Rate,2020,8739.760339110431,9551.327969789749,8120.97221000244
1,All Population,5,Prevalence,97,Argentina,3,Both,22,All ages,976,Diabetes mellitus type 2,3,Rate,2020,4169.57619506679,4448.7505959768105,3872.85461039805
1,All Population,5,Prevalence,78,Denmark,3,Both,22,All ages,976,Diabetes mellitus type 2,3,Rate,2020,4974.2194592160495,5444.56722989895,4517.85799344092
1,All Population,5,Prevalence,131,Nicaragua,3,Both,22,All ages,976,Diabetes mellitus type 2,3,Rate,2020,4313.49091991186,4660.24858151275,3970.34824741477
1,All Population,5,Prevalence,87,Luxembourg,3,Both,22,All ages,976,Diabetes mellitus type 2,3,Rate,2020,4325.10916250975,4808.75799543512,3864.8157369703904
1,All Population,5,Prevalence,98,Chile,3,Both,22,All ages,976,Diabetes mellitus type 2,3,Rate,2020,2929.99032954306,3151.40075478523,2712.75449719
1,All Population,5,Prevalence,212,Mauritania,3,Both,22,All ages,976,Diabetes mellitus type 2,3,Rate,2020,3592.64504586728,3913.9270875801603,3256.93532720334
1,All Population,5,Prevalence,130,Mexico,3,Both,22,All ages,976,Diabetes mellitus type 2,3,Rate,2020,11663.94665806792,12672.39956017801,10576.91621069596
1,All Population,5,Prevalence,102,United States of America,3,Both,22,All ages,976,Diabetes mellitus type 2,3,Rate,2020,10569.661428981079,11175.47442751837,10038.69551168697
1,All Population,5,Prevalence,201,Burkina Faso,3,Both,22,All ages,976,Diabetes mellitus type 2,3,Rate,2020,1354.713608327,1469.7506366035,1239.23861795831
1,All Population,5,Prevalence,141,Egypt,3,Both,22,All ages,976,Diabetes mellitus type 2,3,Rate,2020,9645.29117030872,10572.71463918147,8813.839367361321
1,All Population,5,Prevalence,123,Peru,3,Both,22,All ages,976,Diabetes mellitus type 2,3,Rate,2020,3235.76703826475,3514.02387023443,2951.85151464483
1,All Population,5,Prevalence,92,Spain,3,Both,22,All ages,976,Diabetes mellitus type 2,3,Rate,2020,8302.1175756377,8965.83375743141,7557.5142390663
1,All Population,5,Prevalence,113,Guyana,3,Both,22,All ages,976,Diabetes mellitus type 2,3,Rate,2020,9556.55088341644,10309.32083905651,8857.5351753304
1,All Population,5,Prevalence,142,Iran (Islamic Republic of),3,Both,22,All ages,976,Diabetes mellitus type 2,3,Rate,2020,7525.55073536333,8396.43806358602,6721.205506585121
1,All Population,5,Prevalence,110,Dominica,3,Both,22,All ages,976,Diabetes mellitus type 2,3,Rate,2020,12989.455584599491,14036.01698503699,11956.03878867474
1,All Population,5,Prevalence,209,Guinea-Bissau,3,Both,22,All ages,976,Diabetes mellitus type 2,3,Rate,2020,2856.3410001761504,3145.97849934123,2581.3596096893502
1,All Population,5,Prevalence,162,Bhutan,3,Both,22,All ages,976,Diabetes mellitus type 2,3,Rate,2020,4498.55432981149,4982.82296743289,4108.8118917721895
1,All Population,5,Prevalence,136,Paraguay,3,Both,22,All ages,976,Diabetes mellitus type 2,3,Rate,2020,6656.228802129361,7170.49517943222,6083.927255798209
1,All Population,5,Prevalence,135,Brazil,3,Both,22,All ages,976,Diabetes mellitus type 2,3,Rate,2020,6291.55167297543,6953.66264205437,5626.85611231261
1,All Population,5,Prevalence,168,Angola,3,Both,22,All ages,976,Diabetes mellitus type 2,3,Rate,2020,3855.2222193269704,4223.13648241717,3517.05473356286
1,All Population,5,Prevalence,396,San Marino,3,Both,22,All ages,976,Diabetes mellitus type 2,3,Rate,2020,6425.199761651989,7206.23894337228,5817.1952963574895
1,All Population,5,Prevalence,105,Antigua and Barbuda,3,Both,22,All ages,976,Diabetes mellitus type 2,3,Rate,2020,10478.72245669033,11275.89751059722,9611.94551898229
1,All Population,5,Prevalence,214,Nigeria,3,Both,22,All ages,976,Diabetes mellitus type 2,3,Rate,2020,2119.0030464684596,2336.2829493160298,1901.88563786297
1,All Population,5,Prevalence,99,Uruguay,3,Both,22,All ages,976,Diabetes mellitus type 2,3,Rate,2020,4628.552257576131,4966.88161652861,4291.52803560136
1,All Population,5,Prevalence,176,Comoros,3,Both,22,All ages,976,Diabetes mellitus type 2,3,Rate,2020,2793.98439712796,2994.3896322892497,2582.54531975627
1,All Population,5,Prevalence,143,Iraq,3,Both,22,All ages,976,Diabetes mellitus type 2,3,Rate,2020,9014.28638234966,9801.654755352129,8287.084936393969
1,All Population,5,Prevalence,89,Netherlands,3,Both,22,All ages,976,Diabetes mellitus type 2,3,Rate,2020,4960.09125865252,5268.31524649568,4550.22801877073
1,All Population,5,Prevalence,155,Türkiye,3,Both,22,All ages,976,Diabetes mellitus type 2,3,Rate,2020,8618.1400408754,9390.49916115983,7904.858563330259
1,All Population,5,Prevalence,187,Somalia,3,Both,22,All ages,976,Diabetes mellitus type 2,3,Rate,2020,1617.50259181647,1773.23161386217,1483.44144477433
1,All Population,5,Prevalence,144,Jordan,3,Both,22,All ages,976,Diabetes mellitus type 2,3,Rate,2020,9298.81492486862,10007.73263627627,8662.67135952683
1,All Population,5,Prevalence,175,Burundi,3,Both,22,All ages,976,Diabetes mellitus type 2,3,Rate,2020,1500.9721773199701,1645.06790668844,1365.92482936858
1,All Population,5,Prevalence,107,Barbados,3,Both,22,All ages,976,Diabetes mellitus type 2,3,Rate,2020,16171.45312814652,17276.99677926741,14930.982723075389
1,All Population,5,Prevalence,179,Ethiopia,3,Both,22,All ages,976,Diabetes mellitus type 2,3,Rate,2020,1596.1335194987598,1746.9469352733202,1444.66444721565
1,All Population,5,Prevalence,126,Costa Rica,3,Both,22,All ages,976,Diabetes mellitus type 2,3,Rate,2020,8573.90728120034,9288.699510498489,7844.728619750679
1,All Population,5,Prevalence,305,Bermuda,3,Both,22,All ages,976,Diabetes mellitus type 2,3,Rate,2020,9113.35700875212,10085.75507390197,8262.15486435291
1,All Population,5,Prevalence,416,Tuvalu,3,Both,22,All ages,976,Diabetes mellitus type 2,3,Rate,2020,10031.9195504216,10844.03732399619,9326.04120257244
1,All Population,5,Prevalence,112,Grenada,3,Both,22,All ages,976,Diabetes mellitus type 2,3,Rate,2020,13655.79011569677,14557.74307043403,12806.86886357097
1,All Population,5,Prevalence,170,Congo,3,Both,22,All ages,976,Diabetes mellitus type 2,3,Rate,2020,4237.71547236884,4602.21839264565,3817.96504242264
1,All Population,5,Prevalence,216,Senegal,3,Both,22,All ages,976,Diabetes mellitus type 2,3,Rate,2020,4364.132048663219,4818.57230838948,3957.2217547883697
1,All Population,5,Prevalence,145,Kuwait,3,Both,22,All ages,976,Diabetes mellitus type 2,3,Rate,2020,16703.02903650445,18199.97849305305,15309.31634345957
1,All Population,5,Prevalence,149,Palestine,3,Both,22,All ages,976,Diabetes mellitus type 2,3,Rate,2020,7833.76170512468,8437.39119288129,7267.800727087801
1,All Population,5,Prevalence,156,United Arab Emirates,3,Both,22,All ages,976,Diabetes mellitus type 2,3,Rate,2020,17189.55805436019,19075.70201312641,15494.39856178777
1,All Population,5,Prevalence,148,Morocco,3,Both,22,All ages,976,Diabetes mellitus type 2,3,Rate,2020,9286.713982535739,10062.85181379966,8510.75565245073
1,All Population,5,Prevalence,186,Seychelles,3,Both,22,All ages,976,Diabetes mellitus type 2,3,Rate,2020,9372.70177901336,10413.65295632107,8513.37111355072
1,All Population,5,Prevalence,101,Canada,3,Both,22,All ages,976,Diabetes mellitus type 2,3,Rate,2020,5243.99150928297,5585.869537843019,4921.03388171838
1,All Population,5,Prevalence,190,Uganda,3,Both,22,All ages,976,Diabetes mellitus type 2,3,Rate,2020,1855.39950740811,2030.40194334521,1681.80772687315
1,All Population,5,Prevalence,125,Colombia,3,Both,22,All ages,976,Diabetes mellitus type 2,3,Rate,2020,5756.68381146066,6215.15428298762,5274.19475944935
1,All Population,5,Prevalence,195,Namibia,3,Both,22,All ages,976,Diabetes mellitus type 2,3,Rate,2020,3293.60381794232,3574.1632550841,3044.44717338303
1,All Population,5,Prevalence,157,Yemen,3,Both,22,All ages,976,Diabetes mellitus type 2,3,Rate,2020,3563.49183588761,3916.4798313621104,3192.9294149932
1,All Population,5,Prevalence,169,Central African Republic,3,Both,22,All ages,976,Diabetes mellitus type 2,3,Rate,2020,3568.4548802945997,3890.2722449809803,3210.1401801903803
1,All Population,5,Prevalence,139,Algeria,3,Both,22,All ages,976,Diabetes mellitus type 2,3,Rate,2020,9351.19590922312,10180.98974009502,8591.37266749829
1,All Population,5,Prevalence,118,Suriname,3,Both,22,All ages,976,Diabetes mellitus type 2,3,Rate,2020,11851.26179835384,12921.435941995802,10915.80618596742
1,All Population,5,Prevalence,146,Lebanon,3,Both,22,All ages,976,Diabetes mellitus type 2,3,Rate,2020,11370.55360633455,12287.17799374125,10410.33844517987
1,All Population,5,Prevalence,177,Djibouti,3,Both,22,All ages,976,Diabetes mellitus type 2,3,Rate,2020,2118.9235958698,2325.09774059847,1902.50269561844
1,All Population,5,Prevalence,147,Libya,3,Both,22,All ages,976,Diabetes mellitus type 2,3,Rate,2020,11653.036507541741,12898.3600213822,10669.44212650819
1,All Population,5,Prevalence,181,Madagascar,3,Both,22,All ages,976,Diabetes mellitus type 2,3,Rate,2020,1542.44795677647,1685.1925001502,1400.5791859809601
1,All Population,5,Prevalence,189,United Republic of Tanzania,3,Both,22,All ages,976,Diabetes mellitus type 2,3,Rate,2020,1562.9752541694,1700.71331102924,1433.23772115113
1,All Population,5,Prevalence,349,Greenland,3,Both,22,All ages,976,Diabetes mellitus type 2,3,Rate,2020,3493.08912683958,3980.6989502158503,3122.3533701768997
1,All Population,5,Prevalence,150,Oman,3,Both,22,All ages,976,Diabetes mellitus type 2,3,Rate,2020,8036.653801947501,8790.115905366929,7273.305958914219
1,All Population,5,Prevalence,180,Kenya,3,Both,22,All ages,976,Diabetes mellitus type 2,3,Rate,2020,2047.57378049315,2250.42694811188,1846.64672517228
1,All Population,5,Prevalence,203,Cabo Verde,3,Both,22,All ages,976,Diabetes mellitus type 2,3,Rate,2020,4831.5160297290095,5274.8118663367695,4387.82658886608
1,All Population,5,Prevalence,197,Eswatini,3,Both,22,All ages,976,Diabetes mellitus type 2,3,Rate,2020,4273.2148440827195,4627.35671285002,3892.7729502217103
1,All Population,5,Prevalence,183,Mauritius,3,Both,22,All ages,976,Diabetes mellitus type 2,3,Rate,2020,17894.66627241435,18697.774871964688,17012.3217847454
1,All Population,5,Prevalence,376,Northern Mariana Islands,3,Both,22,All ages,976,Diabetes mellitus type 2,3,Rate,2020,12975.11855093526,14209.19682364852,11942.64483081092
1,All Population,5,Prevalence,191,Zambia,3,Both,22,All ages,976,Diabetes mellitus type 2,3,Rate,2020,2394.69369283032,2631.42134361625,2170.02125621309
1,All Population,5,Prevalence,160,Afghanistan,3,Both,22,All ages,976,Diabetes mellitus type 2,3,Rate,2020,5015.71220700558,5467.0603984889,4570.35914983966
1,All Population,5,Prevalence,182,Malawi,3,Both,22,All ages,976,Diabetes mellitus type 2,3,Rate,2020,1241.20881629685,1354.18986194338,1124.4828809514
1,All Population,5,Prevalence,320,Cook Islands,3,Both,22,All ages,976,Diabetes mellitus type 2,3,Rate,2020,18941.10964106919,20351.77509242008,17463.91017784297
1,All Population,5,Prevalence,202,Cameroon,3,Both,22,All ages,976,Diabetes mellitus type 2,3,Rate,2020,2790.7470286204302,3048.98617590592,2511.95303807639
1,All Population,5,Prevalence,152,Saudi Arabia,3,Both,22,All ages,976,Diabetes mellitus type 2,3,Rate,2020,17718.249030978568,19386.74376963333,15903.8911611352
1,All Population,5,Prevalence,163,India,3,Both,22,All ages,976,Diabetes mellitus type 2,3,Rate,2020,7063.731945150161,7701.6828511335,6453.221180274691
1,All Population,5,Prevalence,171,Democratic Republic of the Congo,3,Both,22,All ages,976,Diabetes mellitus type 2,3,Rate,2020,3235.4544285235397,3551.64992488902,2934.32124506743
1,All Population,5,Prevalence,205,Côte d'Ivoire,3,Both,22,All ages,976,Diabetes mellitus type 2,3,Rate,2020,2846.24066990519,3145.9262978700103,2587.26359423413
1,All Population,5,Prevalence,385,Puerto Rico,3,Both,22,All ages,976,Diabetes mellitus type 2,3,Rate,2020,14141.73119690588,15182.8281381684,13098.26338847358
1,All Population,5,Prevalence,193,Botswana,3,Both,22,All ages,976,Diabetes mellitus type 2,3,Rate,2020,3587.7654794333102,3896.71822869951,3267.6794861055596
1,All Population,5,Prevalence,184,Mozambique,3,Both,22,All ages,976,Diabetes mellitus type 2,3,Rate,2020,1308.8152102030401,1430.24258052736,1201.06789506089
1,All Population,5,Prevalence,154,Tunisia,3,Both,22,All ages,976,Diabetes mellitus type 2,3,Rate,2020,11052.47068174983,11941.59983442563,10131.110029207819
1,All Population,5,Prevalence,196,South Africa,3,Both,22,All ages,976,Diabetes mellitus type 2,3,Rate,2020,6421.436949223549,7025.939904348639,5797.65532005512
1,All Population,5,Prevalence,194,Lesotho,3,Both,22,All ages,976,Diabetes mellitus type 2,3,Rate,2020,3051.22097859769,3339.96019989921,2806.01077180452
1,All Population,5,Prevalence,367,Monaco,3,Both,22,All ages,976,Diabetes mellitus type 2,3,Rate,2020,6276.8157812544305,6969.066704655449,5718.54364537854
1,All Population,5,Prevalence,217,Sierra Leone,3,Both,22,All ages,976,Diabetes mellitus type 2,3,Rate,2020,2817.26445441104,3099.61815341556,2549.66946790284
1,All Population,5,Prevalence,218,Togo,3,Both,22,All ages,976,Diabetes mellitus type 2,3,Rate,2020,2223.63305598242,2402.76155248865,2021.0995714959702
1,All Population,5,Prevalence,172,Equatorial Guinea,3,Both,22,All ages,976,Diabetes mellitus type 2,3,Rate,2020,3626.6028991109797,4055.4751338017004,3257.25012602758
1,All Population,5,Prevalence,165,Pakistan,3,Both,22,All ages,976,Diabetes mellitus type 2,3,Rate,2020,5639.16490829788,6238.03982078282,5073.13646588384
1,All Population,5,Prevalence,204,Chad,3,Both,22,All ages,976,Diabetes mellitus type 2,3,Rate,2020,1958.53000567703,2134.12226364266,1773.13446230211
1,All Population,5,Prevalence,207,Ghana,3,Both,22,All ages,976,Diabetes mellitus type 2,3,Rate,2020,3418.91997092452,3711.17084937931,3102.13311835961
1,All Population,5,Prevalence,351,Guam,3,Both,22,All ages,976,Diabetes mellitus type 2,3,Rate,2020,8280.723160507141,9147.179061777131,7595.20116639348
1,All Population,5,Prevalence,173,Gabon,3,Both,22,All ages,976,Diabetes mellitus type 2,3,Rate,2020,5536.77121501275,6025.49191215013,5067.863170937309
1,All Population,5,Prevalence,198,Zimbabwe,3,Both,22,All ages,976,Diabetes mellitus type 2,3,Rate,2020,2483.68204178834,2701.76012610084,2265.62876350678
1,All Population,5,Prevalence,435,South Sudan,3,Both,22,All ages,976,Diabetes mellitus type 2,3,Rate,2020,1566.5108345405702,1703.90709208511,1431.17806428396
1,All Population,5,Prevalence,522,Sudan,3,Both,22,All ages,976,Diabetes mellitus type 2,3,Rate,2020,5713.85112161912,6257.75398535803,5206.52413651604
1,All Population,5,Prevalence,206,Gambia,3,Both,22,All ages,976,Diabetes mellitus type 2,3,Rate,2020,3597.56694310486,3963.31746187373,3257.0719355342103
1,All Population,5,Prevalence,200,Benin,3,Both,22,All ages,976,Diabetes mellitus type 2,3,Rate,2020,2508.75691366501,2747.44733471402,2291.23852315364
1,All Population,5,Prevalence,178,Eritrea,3,Both,22,All ages,976,Diabetes mellitus type 2,3,Rate,2020,2011.23374894338,2193.31076866141,1839.2422608068798
1,All Population,5,Prevalence,298,American Samoa,3,Both,22,All ages,976,Diabetes mellitus type 2,3,Rate,2020,16257.26540235081,17572.42494615951,15196.690214107799
1,All Population,5,Prevalence,374,Niue,3,Both,22,All ages,976,Diabetes mellitus type 2,3,Rate,2020,19629.72687030043,21083.4208767357,17976.270232635
1,All Population,5,Prevalence,211,Mali,3,Both,22,All ages,976,Diabetes mellitus type 2,3,Rate,2020,4139.15560473467,4561.03171501684,3734.0903739352198
1,All Population,5,Prevalence,369,Nauru,3,Both,22,All ages,976,Diabetes mellitus type 2,3,Rate,2020,10280.45759916032,11098.69131182647,9476.51236421931
1,All Population,5,Prevalence,208,Guinea,3,Both,22,All ages,976,Diabetes mellitus type 2,3,Rate,2020,2191.17924425935,2385.4184998014402,2005.12808192706
1,All Population,5,Prevalence,422,United States Virgin Islands,3,Both,22,All ages,976,Diabetes mellitus type 2,3,Rate,2020,13231.10156812261,14557.545667568662,12091.770323773759
1,All Population,5,Prevalence,380,Palau,3,Both,22,All ages,976,Diabetes mellitus type 2,3,Rate,2020,15779.10172280279,17088.790453420548,14749.22781145358
1,All Population,5,Prevalence,213,Niger,3,Both,22,All ages,976,Diabetes mellitus type 2,3,Rate,2020,1979.6071248661299,2179.2044412323,1781.72893927569
1,All Population,5,Prevalence,393,Saint Kitts and Nevis,3,Both,22,All ages,976,Diabetes mellitus type 2,3,Rate,2020,10628.65652451694,11669.91057632655,9864.40552851373
1,All Population,5,Prevalence,215,Sao Tome and Principe,3,Both,22,All ages,976,Diabetes mellitus type 2,3,Rate,2020,4083.9427013208,4546.56968353507,3670.2602003920197
1,All Population,5,Prevalence,413,Tokelau,3,Both,22,All ages,976,Diabetes mellitus type 2,3,Rate,2020,16750.750119177803,18058.39831160331,15351.355691798699
1,All Population,5,Prevalence,16,Philippines,3,Both,22,All ages,976,Diabetes mellitus type 2,3,Rate,2021,4667.84341005239,5099.6205301942,4215.87797284526
1,All Population,5,Prevalence,27,Samoa,3,Both,22,All ages,976,Diabetes mellitus type 2,3,Rate,2021,10918.73585585616,11753.15698021234,10073.157935757481
1,All Population,5,Prevalence,40,Turkmenistan,3,Both,22,All ages,976,Diabetes mellitus type 2,3,Rate,2021,3903.45975507839,4181.41494741245,3572.3270343840404
1,All Population,5,Prevalence,29,Tonga,3,Both,22,All ages,976,Diabetes mellitus type 2,3,Rate,2021,11450.11547086744,12253.33243895529,10657.10399773403
1,All Population,5,Prevalence,74,Andorra,3,Both,22,All ages,976,Diabetes mellitus type 2,3,Rate,2021,4616.29403754789,5135.59671735781,4165.55010214772
1,All Population,5,Prevalence,10,Cambodia,3,Both,22,All ages,976,Diabetes mellitus type 2,3,Rate,2021,2958.2990892338403,3220.3396045963,2698.7459723431502
1,All Population,5,Prevalence,44,Bosnia and Herzegovina,3,Both,22,All ages,976,Diabetes mellitus type 2,3,Rate,2021,9549.88489887043,10626.34704584739,8565.32320495127
1,All Population,5,Prevalence,76,Belgium,3,Both,22,All ages,976,Diabetes mellitus type 2,3,Rate,2021,5345.27714526782,5843.6585292585805,4911.54077867675
1,All Population,5,Prevalence,87,Luxembourg,3,Both,22,All ages,976,Diabetes mellitus type 2,3,Rate,2021,4393.96069652479,4839.4956124374,4005.2398581028297
1,All Population,5,Prevalence,12,Lao People's Democratic Republic,3,Both,22,All ages,976,Diabetes mellitus type 2,3,Rate,2021,3790.3587194341,4139.216234391361,3447.1966629532503
1,All Population,5,Prevalence,121,Bolivia (Plurinational State of),3,Both,22,All ages,976,Diabetes mellitus type 2,3,Rate,2021,4463.471420297,4921.86142061121,4061.5556041851996
1,All Population,5,Prevalence,132,Panama,3,Both,22,All ages,976,Diabetes mellitus type 2,3,Rate,2021,7539.584107727281,8073.962917374911,7027.427606677659
1,All Population,5,Prevalence,46,Croatia,3,Both,22,All ages,976,Diabetes mellitus type 2,3,Rate,2021,10556.10416715073,11202.39413586845,9894.30051115826
1,All Population,5,Prevalence,78,Denmark,3,Both,22,All ages,976,Diabetes mellitus type 2,3,Rate,2021,5079.25991336292,5501.10623686288,4678.9870549776
1,All Population,5,Prevalence,39,Tajikistan,3,Both,22,All ages,976,Diabetes mellitus type 2,3,Rate,2021,3642.65047090841,3930.8435374540604,3330.5320745096997
1,All Population,5,Prevalence,7,Democratic People's Republic of Korea,3,Both,22,All ages,976,Diabetes mellitus type 2,3,Rate,2021,6292.189690029911,6996.48601487189,5663.61053268698
1,All Population,5,Prevalence,123,Peru,3,Both,22,All ages,976,Diabetes mellitus type 2,3,Rate,2021,3347.82416841492,3635.42495595463,3056.8265488850598
1,All Population,5,Prevalence,89,Netherlands,3,Both,22,All ages,976,Diabetes mellitus type 2,3,Rate,2021,5000.25501625022,5359.11179274251,4595.9590860811595
1,All Population,5,Prevalence,14,Maldives,3,Both,22,All ages,976,Diabetes mellitus type 2,3,Rate,2021,4150.31852019904,4595.05571047448,3733.0154383310105
1,All Population,5,Prevalence,50,Montenegro,3,Both,22,All ages,976,Diabetes mellitus type 2,3,Rate,2021,9441.04992649071,10644.65805385274,8593.57478613078
1,All Population,5,Prevalence,25,Micronesia (Federated States of),3,Both,22,All ages,976,Diabetes mellitus type 2,3,Rate,2021,16587.7731976597,17607.5473560586,15665.784378751272
1,All Population,5,Prevalence,18,Thailand,3,Both,22,All ages,976,Diabetes mellitus type 2,3,Rate,2021,7536.8707447486095,8243.93598328568,6847.2114139818295
1,All Population,5,Prevalence,168,Angola,3,Both,22,All ages,976,Diabetes mellitus type 2,3,Rate,2021,3920.6564105074995,4280.71872019721,3595.20826168458
1,All Population,5,Prevalence,102,United States of America,3,Both,22,All ages,976,Diabetes mellitus type 2,3,Rate,2021,10825.63739641123,11491.493034392319,10239.1091938769
1,All Population,5,Prevalence,57,Belarus,3,Both,22,All ages,976,Diabetes mellitus type 2,3,Rate,2021,5865.797610429619,6437.795379392381,5410.12045476416
1,All Population,5,Prevalence,179,Ethiopia,3,Both,22,All ages,976,Diabetes mellitus type 2,3,Rate,2021,1608.8613017937298,1766.61096201337,1450.5545761287901
1,All Population,5,Prevalence,63,Ukraine,3,Both,22,All ages,976,Diabetes mellitus type 2,3,Rate,2021,4360.55346071108,4853.1520365243105,3946.29390723467
1,All Population,5,Prevalence,91,Portugal,3,Both,22,All ages,976,Diabetes mellitus type 2,3,Rate,2021,8152.4112586149995,8775.79233552043,7576.01539858128
1,All Population,5,Prevalence,52,Romania,3,Both,22,All ages,976,Diabetes mellitus type 2,3,Rate,2021,5289.40746290657,5667.22325077336,4844.6855261173305
1,All Population,5,Prevalence,170,Congo,3,Both,22,All ages,976,Diabetes mellitus type 2,3,Rate,2021,4295.550360499769,4727.94058441967,3876.74211306215
1,All Population,5,Prevalence,136,Paraguay,3,Both,22,All ages,976,Diabetes mellitus type 2,3,Rate,2021,6814.24825013005,7308.624159848599,6304.0544996913
1,All Population,5,Prevalence,20,Viet Nam,3,Both,22,All ages,976,Diabetes mellitus type 2,3,Rate,2021,3901.35828788047,4255.4559855771595,3569.1200769984
1,All Population,5,Prevalence,149,Palestine,3,Both,22,All ages,976,Diabetes mellitus type 2,3,Rate,2021,8054.18150232962,8698.71630195041,7535.1515115518005
1,All Population,5,Prevalence,59,Latvia,3,Both,22,All ages,976,Diabetes mellitus type 2,3,Rate,2021,8306.16615083245,8882.24511357743,7632.16614900398
1,All Population,5,Prevalence,181,Madagascar,3,Both,22,All ages,976,Diabetes mellitus type 2,3,Rate,2021,1560.17192485331,1705.67350988724,1419.46545709523
1,All Population,5,Prevalence,72,New Zealand,3,Both,22,All ages,976,Diabetes mellitus type 2,3,Rate,2021,5727.38990433092,6042.76390878877,5437.08683874535
1,All Population,5,Prevalence,97,Argentina,3,Both,22,All ages,976,Diabetes mellitus type 2,3,Rate,2021,4248.55747492337,4488.5830481666,4008.9351605555303
1,All Population,5,Prevalence,106,Bahamas,3,Both,22,All ages,976,Diabetes mellitus type 2,3,Rate,2021,9632.12235479198,10489.0284122756,8884.91495950216
1,All Population,5,Prevalence,54,Slovakia,3,Both,22,All ages,976,Diabetes mellitus type 2,3,Rate,2021,5309.85479458922,5869.76534943195,4804.82549872475
1,All Population,5,Prevalence,22,Fiji,3,Both,22,All ages,976,Diabetes mellitus type 2,3,Rate,2021,15285.760903894368,16267.152358800291,14466.105814401539
1,All Population,5,Prevalence,93,Sweden,3,Both,22,All ages,976,Diabetes mellitus type 2,3,Rate,2021,6895.504860022999,7391.97361031147,6475.608014072411
1,All Population,5,Prevalence,33,Armenia,3,Both,22,All ages,976,Diabetes mellitus type 2,3,Rate,2021,6225.13870693627,6663.86941927285,5819.657067852841
1,All Population,5,Prevalence,67,Japan,3,Both,22,All ages,976,Diabetes mellitus type 2,3,Rate,2021,10786.87930745234,11953.59181031367,9726.87846780449
1,All Population,5,Prevalence,131,Nicaragua,3,Both,22,All ages,976,Diabetes mellitus type 2,3,Rate,2021,4413.458195446,4768.16874931821,4053.78809973845
1,All Population,5,Prevalence,216,Senegal,3,Both,22,All ages,976,Diabetes mellitus type 2,3,Rate,2021,4411.87034506861,4869.10477263231,4011.2027699157497
1,All Population,5,Prevalence,99,Uruguay,3,Both,22,All ages,976,Diabetes mellitus type 2,3,Rate,2021,4762.71286787709,5042.74510912952,4471.78538944554
1,All Population,5,Prevalence,110,Dominica,3,Both,22,All ages,976,Diabetes mellitus type 2,3,Rate,2021,13344.89296127381,14407.453387930998,12376.39573505351
1,All Population,5,Prevalence,195,Namibia,3,Both,22,All ages,976,Diabetes mellitus type 2,3,Rate,2021,3333.42558124418,3615.25826627885,3081.79500763881
1,All Population,5,Prevalence,183,Mauritius,3,Both,22,All ages,976,Diabetes mellitus type 2,3,Rate,2021,18028.345657161528,18916.69209683686,17136.508605857438
1,All Population,5,Prevalence,61,Republic of Moldova,3,Both,22,All ages,976,Diabetes mellitus type 2,3,Rate,2021,7259.773890609999,7795.658100356451,6575.868425923751
1,All Population,5,Prevalence,24,Marshall Islands,3,Both,22,All ages,976,Diabetes mellitus type 2,3,Rate,2021,13772.04695258559,14791.4817052673,12542.912327906868
1,All Population,5,Prevalence,117,Saint Vincent and the Grenadines,3,Both,22,All ages,976,Diabetes mellitus type 2,3,Rate,2021,13573.97252433212,14601.48441137695,12542.44441166508
1,All Population,5,Prevalence,69,Singapore,3,Both,22,All ages,976,Diabetes mellitus type 2,3,Rate,2021,6440.77382388915,7146.501337199269,5871.76034955854
1,All Population,5,Prevalence,151,Qatar,3,Both,22,All ages,976,Diabetes mellitus type 2,3,Rate,2021,13754.50092385185,15142.22672696052,12377.23516375004
1,All Population,5,Prevalence,35,Georgia,3,Both,22,All ages,976,Diabetes mellitus type 2,3,Rate,2021,6074.74924090195,6589.61918052412,5571.14980722705
1,All Population,5,Prevalence,155,Türkiye,3,Both,22,All ages,976,Diabetes mellitus type 2,3,Rate,2021,8827.031618887191,9579.132725345591,8152.23115868465
1,All Population,5,Prevalence,80,France,3,Both,22,All ages,976,Diabetes mellitus type 2,3,Rate,2021,5903.98925008129,6337.349296801461,5487.22532309324
1,All Population,5,Prevalence,112,Grenada,3,Both,22,All ages,976,Diabetes mellitus type 2,3,Rate,2021,13837.2949331354,14678.248707071682,12963.87796060531
1,All Population,5,Prevalence,108,Belize,3,Both,22,All ages,976,Diabetes mellitus type 2,3,Rate,2021,8450.58718735717,9074.74629932801,7720.47236518688
1,All Population,5,Prevalence,144,Jordan,3,Both,22,All ages,976,Diabetes mellitus type 2,3,Rate,2021,9682.40997321604,10428.77382328242,9028.43355130087
1,All Population,5,Prevalence,164,Nepal,3,Both,22,All ages,976,Diabetes mellitus type 2,3,Rate,2021,5324.64857089111,5775.51156707109,4908.951644292671
1,All Population,5,Prevalence,101,Canada,3,Both,22,All ages,976,Diabetes mellitus type 2,3,Rate,2021,5343.89305069683,5695.46944956142,4949.00984540229
1,All Population,5,Prevalence,185,Rwanda,3,Both,22,All ages,976,Diabetes mellitus type 2,3,Rate,2021,1567.7418384707,1702.46878351377,1443.7256762065902
1,All Population,5,Prevalence,48,Hungary,3,Both,22,All ages,976,Diabetes mellitus type 2,3,Rate,2021,6087.25180188102,6557.87728772846,5633.98037882096
1,All Population,5,Prevalence,119,Trinidad and Tobago,3,Both,22,All ages,976,Diabetes mellitus type 2,3,Rate,2021,20578.33133975258,21670.50944541254,19463.40357947654
1,All Population,5,Prevalence,197,Eswatini,3,Both,22,All ages,976,Diabetes mellitus type 2,3,Rate,2021,4326.35880280003,4673.48864264603,3932.0605019220097
1,All Population,5,Prevalence,157,Yemen,3,Both,22,All ages,976,Diabetes mellitus type 2,3,Rate,2021,3830.31349171808,4237.21663474333,3465.01715495857
1,All Population,5,Prevalence,114,Haiti,3,Both,22,All ages,976,Diabetes mellitus type 2,3,Rate,2021,4586.51655461483,5003.41680008353,4180.8417334243595
1,All Population,5,Prevalence,82,Greece,3,Both,22,All ages,976,Diabetes mellitus type 2,3,Rate,2021,6402.81983643401,6949.14116060163,5814.31211997195
1,All Population,5,Prevalence,153,Syrian Arab Republic,3,Both,22,All ages,976,Diabetes mellitus type 2,3,Rate,2021,11068.566013041709,12058.49085293704,10061.42508661792
1,All Population,5,Prevalence,37,Kyrgyzstan,3,Both,22,All ages,976,Diabetes mellitus type 2,3,Rate,2021,3208.81291468725,3480.55121019214,2932.4590318300598
1,All Population,5,Prevalence,146,Lebanon,3,Both,22,All ages,976,Diabetes mellitus type 2,3,Rate,2021,11910.14256011436,12911.95988911592,11026.16275975314
1,All Population,5,Prevalence,125,Colombia,3,Both,22,All ages,976,Diabetes mellitus type 2,3,Rate,2021,6040.958472051851,6457.02305672175,5606.98672127259
1,All Population,5,Prevalence,376,Northern Mariana Islands,3,Both,22,All ages,976,Diabetes mellitus type 2,3,Rate,2021,13063.49792819738,14169.27521938181,12075.57586236552
1,All Population,5,Prevalence,116,Saint Lucia,3,Both,22,All ages,976,Diabetes mellitus type 2,3,Rate,2021,13889.46078503692,14734.00454866311,12779.57733544211
1,All Population,5,Prevalence,203,Cabo Verde,3,Both,22,All ages,976,Diabetes mellitus type 2,3,Rate,2021,4967.69989984102,5420.87568269528,4525.0732976968
1,All Population,5,Prevalence,210,Liberia,3,Both,22,All ages,976,Diabetes mellitus type 2,3,Rate,2021,3293.6440329359,3609.92035851212,2979.82497953139
1,All Population,5,Prevalence,84,Ireland,3,Both,22,All ages,976,Diabetes mellitus type 2,3,Rate,2021,4007.4656371006804,4336.324629733001,3668.79927951742
1,All Population,5,Prevalence,385,Puerto Rico,3,Both,22,All ages,976,Diabetes mellitus type 2,3,Rate,2021,14339.5051436238,15197.75046327727,13324.041488191959
1,All Population,5,Prevalence,201,Burkina Faso,3,Both,22,All ages,976,Diabetes mellitus type 2,3,Rate,2021,1361.2516760122,1474.45088439164,1242.24482275231
1,All Population,5,Prevalence,212,Mauritania,3,Both,22,All ages,976,Diabetes mellitus type 2,3,Rate,2021,3653.67277443679,4001.9771575720397,3320.3078651672804
1,All Population,5,Prevalence,127,El Salvador,3,Both,22,All ages,976,Diabetes mellitus type 2,3,Rate,2021,6902.647837412711,7452.02030374669,6354.849910223349
1,All Population,5,Prevalence,161,Bangladesh,3,Both,22,All ages,976,Diabetes mellitus type 2,3,Rate,2021,5563.645114917181,6023.1522293438,5163.81294878079
1,All Population,5,Prevalence,396,San Marino,3,Both,22,All ages,976,Diabetes mellitus type 2,3,Rate,2021,6637.42025557968,7397.0608980733,6028.2842649108
1,All Population,5,Prevalence,205,Côte d'Ivoire,3,Both,22,All ages,976,Diabetes mellitus type 2,3,Rate,2021,2876.84766303501,3146.93070055327,2617.31453295674
1,All Population,5,Prevalence,38,Mongolia,3,Both,22,All ages,976,Diabetes mellitus type 2,3,Rate,2021,3572.91043119411,3901.59361996984,3266.4626194274
1,All Population,5,Prevalence,194,Lesotho,3,Both,22,All ages,976,Diabetes mellitus type 2,3,Rate,2021,3077.98730360659,3345.93661686726,2862.52895695597
1,All Population,5,Prevalence,214,Nigeria,3,Both,22,All ages,976,Diabetes mellitus type 2,3,Rate,2021,2153.43241974893,2372.9500124445,1931.4390551656397
1,All Population,5,Prevalence,6,China,3,Both,22,All ages,976,Diabetes mellitus type 2,3,Rate,2021,7772.64559403225,8492.10295390216,7128.34115740823
1,All Population,5,Prevalence,95,United Kingdom,3,Both,22,All ages,976,Diabetes mellitus type 2,3,Rate,2021,7634.542820759941,8290.25287740644,6991.50268865476
1,All Population,5,Prevalence,17,Sri Lanka,3,Both,22,All ages,976,Diabetes mellitus type 2,3,Rate,2021,9512.27882205789,10191.3702805212,8847.5312906005
1,All Population,5,Prevalence,140,Bahrain,3,Both,22,All ages,976,Diabetes mellitus type 2,3,Rate,2021,17645.67562712004,19123.20758650351,16297.85451697974
1,All Population,5,Prevalence,416,Tuvalu,3,Both,22,All ages,976,Diabetes mellitus type 2,3,Rate,2021,10190.22241791982,11008.480857231121,9445.81529352428
1,All Population,5,Prevalence,367,Monaco,3,Both,22,All ages,976,Diabetes mellitus type 2,3,Rate,2021,6492.23868855717,7225.247794878591,5884.07640484217
1,All Population,5,Prevalence,129,Honduras,3,Both,22,All ages,976,Diabetes mellitus type 2,3,Rate,2021,4004.4172776937803,4401.84162973949,3622.00907954315
1,All Population,5,Prevalence,172,Equatorial Guinea,3,Both,22,All ages,976,Diabetes mellitus type 2,3,Rate,2021,3721.85201541676,4123.48600860091,3355.2387021855297
1,All Population,5,Prevalence,51,Poland,3,Both,22,All ages,976,Diabetes mellitus type 2,3,Rate,2021,10974.68708648186,11798.213229721161,10240.87910336072
1,All Population,5,Prevalence,207,Ghana,3,Both,22,All ages,976,Diabetes mellitus type 2,3,Rate,2021,3470.1765249147697,3765.29057330149,3161.5572893239496
1,All Population,5,Prevalence,218,Togo,3,Both,22,All ages,976,Diabetes mellitus type 2,3,Rate,2021,2288.76115243083,2488.10285511775,2082.95442005909
1,All Population,5,Prevalence,142,Iran (Islamic Republic of),3,Both,22,All ages,976,Diabetes mellitus type 2,3,Rate,2021,7848.72829125184,8747.459815894059,7030.43993330517
1,All Population,5,Prevalence,19,Timor-Leste,3,Both,22,All ages,976,Diabetes mellitus type 2,3,Rate,2021,2465.40788472303,2712.14677148259,2255.5996104994097
1,All Population,5,Prevalence,11,Indonesia,3,Both,22,All ages,976,Diabetes mellitus type 2,3,Rate,2021,4905.815050477389,5475.814105818999,4366.83545326615
1,All Population,5,Prevalence,8,Taiwan,3,Both,22,All ages,976,Diabetes mellitus type 2,3,Rate,2021,9146.089317509979,9742.26051792082,8508.373130233029
1,All Population,5,Prevalence,209,Guinea-Bissau,3,Both,22,All ages,976,Diabetes mellitus type 2,3,Rate,2021,2875.69374626103,3152.1525702292497,2598.15273018747
1,All Population,5,Prevalence,53,Serbia,3,Both,22,All ages,976,Diabetes mellitus type 2,3,Rate,2021,7760.06587168087,8516.68396012489,7040.09459025082
1,All Population,5,Prevalence,435,South Sudan,3,Both,22,All ages,976,Diabetes mellitus type 2,3,Rate,2021,1580.99469009757,1715.95412354906,1449.53780289324
1,All Population,5,Prevalence,45,Bulgaria,3,Both,22,All ages,976,Diabetes mellitus type 2,3,Rate,2021,8095.6586410050295,8633.17927150093,7572.0401043504
1,All Population,5,Prevalence,176,Comoros,3,Both,22,All ages,976,Diabetes mellitus type 2,3,Rate,2021,2825.23777762234,3034.3852904598302,2617.05490394185
1,All Population,5,Prevalence,13,Malaysia,3,Both,22,All ages,976,Diabetes mellitus type 2,3,Rate,2021,7284.452685466269,7969.6503272257705,6585.081798613391
1,All Population,5,Prevalence,10,Cambodia,3,Both,22,All ages,976,Diabetes mellitus type 2,3,Rate,2022,3120.69755268762,3406.6145555084604,2826.58934127599
1,All Population,5,Prevalence,187,Somalia,3,Both,22,All ages,976,Diabetes mellitus type 2,3,Rate,2021,1610.6955511843798,1744.29468051342,1483.6007395287
1,All Population,5,Prevalence,305,Bermuda,3,Both,22,All ages,976,Diabetes mellitus type 2,3,Rate,2021,9349.218416975471,10268.91563606026,8510.09600653361
1,All Population,5,Prevalence,44,Bosnia and Herzegovina,3,Both,22,All ages,976,Diabetes mellitus type 2,3,Rate,2022,9884.06435259762,11019.53207902364,8849.40293491487
1,All Population,5,Prevalence,47,Czechia,3,Both,22,All ages,976,Diabetes mellitus type 2,3,Rate,2021,8016.077669682841,8657.773464696531,7474.78968721227
1,All Population,5,Prevalence,58,Estonia,3,Both,22,All ages,976,Diabetes mellitus type 2,3,Rate,2021,6948.95954277656,7578.7510042461,6199.0656673762505
1,All Population,5,Prevalence,85,Israel,3,Both,22,All ages,976,Diabetes mellitus type 2,3,Rate,2021,4072.8532082642896,4307.68116797533,3855.1978511618795
1,All Population,5,Prevalence,26,Papua New Guinea,3,Both,22,All ages,976,Diabetes mellitus type 2,3,Rate,2021,5502.16126636255,5998.11144580988,5050.38104338449
1,All Population,5,Prevalence,12,Lao People's Democratic Republic,3,Both,22,All ages,976,Diabetes mellitus type 2,3,Rate,2022,3878.79446174327,4273.83173778301,3484.54158640745
1,All Population,5,Prevalence,15,Myanmar,3,Both,22,All ages,976,Diabetes mellitus type 2,3,Rate,2021,5696.20811061962,6144.20585261005,5212.75054843571
1,All Population,5,Prevalence,55,Slovenia,3,Both,22,All ages,976,Diabetes mellitus type 2,3,Rate,2021,7236.92045378863,7779.52486283819,6683.68344434472
1,All Population,5,Prevalence,23,Kiribati,3,Both,22,All ages,976,Diabetes mellitus type 2,3,Rate,2021,11082.96913002523,11842.81934325717,10301.200154941951
1,All Population,5,Prevalence,190,Uganda,3,Both,22,All ages,976,Diabetes mellitus type 2,3,Rate,2021,1879.5335461715,2034.86278331096,1721.09736797569
1,All Population,5,Prevalence,349,Greenland,3,Both,22,All ages,976,Diabetes mellitus type 2,3,Rate,2021,3571.2394010154,4042.44275081877,3209.07050177191
1,All Population,5,Prevalence,46,Croatia,3,Both,22,All ages,976,Diabetes mellitus type 2,3,Rate,2022,11028.85063976958,11718.76648359749,10177.64414473481
1,All Population,5,Prevalence,57,Belarus,3,Both,22,All ages,976,Diabetes mellitus type 2,3,Rate,2022,6067.44942968739,6690.358072833349,5482.8893574966005
1,All Population,5,Prevalence,102,United States of America,3,Both,22,All ages,976,Diabetes mellitus type 2,3,Rate,2022,11126.401652468181,11843.34906226838,10483.39508592482
1,All Population,5,Prevalence,60,Lithuania,3,Both,22,All ages,976,Diabetes mellitus type 2,3,Rate,2021,6628.3216832162,7204.68996555934,6041.54205832056
1,All Population,5,Prevalence,14,Maldives,3,Both,22,All ages,976,Diabetes mellitus type 2,3,Rate,2022,4283.17276175533,4746.1454750871,3858.3052633637803
1,All Population,5,Prevalence,66,Brunei Darussalam,3,Both,22,All ages,976,Diabetes mellitus type 2,3,Rate,2021,8041.23600042259,8628.0840895533,7562.3918602022595
1,All Population,5,Prevalence,91,Portugal,3,Both,22,All ages,976,Diabetes mellitus type 2,3,Rate,2022,8310.98217762553,9046.403323698722,7610.811336377531
1,All Population,5,Prevalence,92,Spain,3,Both,22,All ages,976,Diabetes mellitus type 2,3,Rate,2021,8377.33940473095,8946.62344538478,7726.0340801983
1,All Population,5,Prevalence,98,Chile,3,Both,22,All ages,976,Diabetes mellitus type 2,3,Rate,2021,2990.23867220506,3208.32584260142,2783.29858191291
1,All Population,5,Prevalence,28,Solomon Islands,3,Both,22,All ages,976,Diabetes mellitus type 2,3,Rate,2021,6303.70710892173,6799.64319550288,5802.901917833319
1,All Population,5,Prevalence,109,Cuba,3,Both,22,All ages,976,Diabetes mellitus type 2,3,Rate,2021,6728.62883718361,7259.200524649489,6177.045716486839
1,All Population,5,Prevalence,25,Micronesia (Federated States of),3,Both,22,All ages,976,Diabetes mellitus type 2,3,Rate,2022,17033.976503983133,18019.15405309935,16032.00819226594
1,All Population,5,Prevalence,16,Philippines,3,Both,22,All ages,976,Diabetes mellitus type 2,3,Rate,2022,4773.64037264994,5211.49746035227,4304.41017646343
1,All Population,5,Prevalence,59,Latvia,3,Both,22,All ages,976,Diabetes mellitus type 2,3,Rate,2022,8588.78172632489,9416.18993443919,7812.92086260717
1,All Population,5,Prevalence,93,Sweden,3,Both,22,All ages,976,Diabetes mellitus type 2,3,Rate,2022,7025.976776598911,7585.3424837169105,6538.33922379011
1,All Population,5,Prevalence,41,Uzbekistan,3,Both,22,All ages,976,Diabetes mellitus type 2,3,Rate,2021,4019.1535087626103,4332.90938674484,3713.08894919834
1,All Population,5,Prevalence,79,Finland,3,Both,22,All ages,976,Diabetes mellitus type 2,3,Rate,2021,8903.604113608151,9744.06865052429,8184.42101923532
1,All Population,5,Prevalence,34,Azerbaijan,3,Both,22,All ages,976,Diabetes mellitus type 2,3,Rate,2021,5616.8546988115,6174.56657337026,5201.87626715029
1,All Population,5,Prevalence,149,Palestine,3,Both,22,All ages,976,Diabetes mellitus type 2,3,Rate,2022,8291.300164460099,9114.00084114076,7621.675071037271
1,All Population,5,Prevalence,68,Republic of Korea,3,Both,22,All ages,976,Diabetes mellitus type 2,3,Rate,2021,9038.77829358676,9280.702671339359,8763.42480759884
1,All Population,5,Prevalence,72,New Zealand,3,Both,22,All ages,976,Diabetes mellitus type 2,3,Rate,2022,5923.44894043373,6283.79713404672,5582.56200131273
1,All Population,5,Prevalence,62,Russian Federation,3,Both,22,All ages,976,Diabetes mellitus type 2,3,Rate,2021,5692.56211444086,6380.80953482936,5110.26707549336
1,All Population,5,Prevalence,71,Australia,3,Both,22,All ages,976,Diabetes mellitus type 2,3,Rate,2021,3730.8610532148105,4032.81458031228,3429.24747799737
1,All Population,5,Prevalence,27,Samoa,3,Both,22,All ages,976,Diabetes mellitus type 2,3,Rate,2022,11060.44798376602,11967.384545685909,10196.49478368772
1,All Population,5,Prevalence,111,Dominican Republic,3,Both,22,All ages,976,Diabetes mellitus type 2,3,Rate,2021,7384.70445030161,8027.61921573384,6898.640816475669
1,All Population,5,Prevalence,117,Saint Vincent and the Grenadines,3,Both,22,All ages,976,Diabetes mellitus type 2,3,Rate,2022,13776.594344828769,14796.27382902326,12665.474421842098
1,All Population,5,Prevalence,61,Republic of Moldova,3,Both,22,All ages,976,Diabetes mellitus type 2,3,Rate,2022,7556.06153959137,8166.19336977324,6822.491405021209
1,All Population,5,Prevalence,30,Vanuatu,3,Both,22,All ages,976,Diabetes mellitus type 2,3,Rate,2021,6592.082542514189,7171.61789412442,6080.778866323671
1,All Population,5,Prevalence,151,Qatar,3,Both,22,All ages,976,Diabetes mellitus type 2,3,Rate,2022,14145.17613922228,15605.2317781178,12665.72360732647
1,All Population,5,Prevalence,106,Bahamas,3,Both,22,All ages,976,Diabetes mellitus type 2,3,Rate,2022,9847.84777541119,10737.98022707527,9075.96646752068
1,All Population,5,Prevalence,74,Andorra,3,Both,22,All ages,976,Diabetes mellitus type 2,3,Rate,2022,4743.60764743996,5338.59799816623,4263.8189859676695
1,All Population,5,Prevalence,40,Turkmenistan,3,Both,22,All ages,976,Diabetes mellitus type 2,3,Rate,2022,4066.62090171438,4409.75729644933,3731.1318856112503
1,All Population,5,Prevalence,197,Eswatini,3,Both,22,All ages,976,Diabetes mellitus type 2,3,Rate,2022,4391.36969853961,4745.45287068535,3969.7367896165297
1,All Population,5,Prevalence,43,Albania,3,Both,22,All ages,976,Diabetes mellitus type 2,3,Rate,2021,4990.92996393295,5659.36151656745,4556.16517052988
1,All Population,5,Prevalence,105,Antigua and Barbuda,3,Both,22,All ages,976,Diabetes mellitus type 2,3,Rate,2021,10812.4698306566,11585.79724390279,10042.495325467491
1,All Population,5,Prevalence,185,Rwanda,3,Both,22,All ages,976,Diabetes mellitus type 2,3,Rate,2022,1602.75689438104,1753.5592492874198,1474.87410416398
1,All Population,5,Prevalence,81,Germany,3,Both,22,All ages,976,Diabetes mellitus type 2,3,Rate,2021,7867.46547529687,8348.83254453293,7388.987129284789
1,All Population,5,Prevalence,119,Trinidad and Tobago,3,Both,22,All ages,976,Diabetes mellitus type 2,3,Rate,2022,20575.23625746195,22170.83457046947,19307.70825408194
1,All Population,5,Prevalence,36,Kazakhstan,3,Both,22,All ages,976,Diabetes mellitus type 2,3,Rate,2021,5362.91621842083,5736.83615313846,4993.181356827899
1,All Population,5,Prevalence,156,United Arab Emirates,3,Both,22,All ages,976,Diabetes mellitus type 2,3,Rate,2021,18192.68633437138,19982.88134442355,16513.57240104274
1,All Population,5,Prevalence,86,Italy,3,Both,22,All ages,976,Diabetes mellitus type 2,3,Rate,2021,6828.637785418499,7669.11546728838,6057.69452475797
1,All Population,5,Prevalence,153,Syrian Arab Republic,3,Both,22,All ages,976,Diabetes mellitus type 2,3,Rate,2022,11700.9246501807,12903.019128614249,10544.00078682781
1,All Population,5,Prevalence,29,Tonga,3,Both,22,All ages,976,Diabetes mellitus type 2,3,Rate,2022,11625.87578410021,12434.26092635132,10761.18812504823
1,All Population,5,Prevalence,113,Guyana,3,Both,22,All ages,976,Diabetes mellitus type 2,3,Rate,2021,9558.667522436439,10261.785178096,8941.7618601108
1,All Population,5,Prevalence,164,Nepal,3,Both,22,All ages,976,Diabetes mellitus type 2,3,Rate,2022,5483.62805758625,5937.37971674439,5056.06784661986
1,All Population,5,Prevalence,145,Kuwait,3,Both,22,All ages,976,Diabetes mellitus type 2,3,Rate,2021,17524.69428754465,19069.09530425187,16160.193402763029
1,All Population,5,Prevalence,108,Belize,3,Both,22,All ages,976,Diabetes mellitus type 2,3,Rate,2022,8704.70265676447,9330.962524550949,7845.93283770946
1,All Population,5,Prevalence,76,Belgium,3,Both,22,All ages,976,Diabetes mellitus type 2,3,Rate,2022,5443.09610682737,5972.55844307555,4933.68422185324
1,All Population,5,Prevalence,210,Liberia,3,Both,22,All ages,976,Diabetes mellitus type 2,3,Rate,2022,3302.0389218930504,3609.2903685650804,2979.99615305986
1,All Population,5,Prevalence,385,Puerto Rico,3,Both,22,All ages,976,Diabetes mellitus type 2,3,Rate,2022,14465.29983936054,15435.162101555188,13410.43880325743
1,All Population,5,Prevalence,49,North Macedonia,3,Both,22,All ages,976,Diabetes mellitus type 2,3,Rate,2021,10160.10928491775,11174.98832575744,9184.44536127786
1,All Population,5,Prevalence,121,Bolivia (Plurinational State of),3,Both,22,All ages,976,Diabetes mellitus type 2,3,Rate,2022,4557.95339487674,5074.35648364948,4140.02846707179
1,All Population,5,Prevalence,75,Austria,3,Both,22,All ages,976,Diabetes mellitus type 2,3,Rate,2021,4421.5122884129505,4735.400593982779,4129.94576204584
1,All Population,5,Prevalence,150,Oman,3,Both,22,All ages,976,Diabetes mellitus type 2,3,Rate,2021,8385.24241347369,9252.10216602832,7647.7842050883
1,All Population,5,Prevalence,139,Algeria,3,Both,22,All ages,976,Diabetes mellitus type 2,3,Rate,2021,9767.0056467486,10639.71792963061,9017.3978485703
1,All Population,5,Prevalence,115,Jamaica,3,Both,22,All ages,976,Diabetes mellitus type 2,3,Rate,2021,9505.02825283171,10221.70226025078,8868.293993714111
1,All Population,5,Prevalence,83,Iceland,3,Both,22,All ages,976,Diabetes mellitus type 2,3,Rate,2021,4553.00884173249,4982.19132407403,4179.40024147447
1,All Population,5,Prevalence,522,Sudan,3,Both,22,All ages,976,Diabetes mellitus type 2,3,Rate,2021,5957.42148770241,6483.564238722921,5457.94745604085
1,All Population,5,Prevalence,132,Panama,3,Both,22,All ages,976,Diabetes mellitus type 2,3,Rate,2022,7834.497778447901,8400.187827132651,7255.64557741724
1,All Population,5,Prevalence,107,Barbados,3,Both,22,All ages,976,Diabetes mellitus type 2,3,Rate,2021,16427.5096627359,17566.6985703987,15205.54843566439
1,All Population,5,Prevalence,201,Burkina Faso,3,Both,22,All ages,976,Diabetes mellitus type 2,3,Rate,2022,1368.3418993958699,1489.79388426616,1242.51242968181
1,All Population,5,Prevalence,78,Denmark,3,Both,22,All ages,976,Diabetes mellitus type 2,3,Rate,2022,5208.28319934107,5704.90672862482,4813.68460780448
1,All Population,5,Prevalence,396,San Marino,3,Both,22,All ages,976,Diabetes mellitus type 2,3,Rate,2022,6827.26548892219,7599.39296623197,6146.9641750888695
1,All Population,5,Prevalence,147,Libya,3,Both,22,All ages,976,Diabetes mellitus type 2,3,Rate,2021,12314.9527710808,13540.1372364839,11163.48513752262
1,All Population,5,Prevalence,87,Luxembourg,3,Both,22,All ages,976,Diabetes mellitus type 2,3,Rate,2022,4477.83539908978,4933.32817950405,4049.0699986491995
1,All Population,5,Prevalence,88,Malta,3,Both,22,All ages,976,Diabetes mellitus type 2,3,Rate,2021,5973.39228715143,6602.230169270811,5544.19104965224
1,All Population,5,Prevalence,77,Cyprus,3,Both,22,All ages,976,Diabetes mellitus type 2,3,Rate,2021,6795.07819022738,7391.27160625077,6224.52770950692
1,All Population,5,Prevalence,179,Ethiopia,3,Both,22,All ages,976,Diabetes mellitus type 2,3,Rate,2022,1623.6810304553,1789.0298480933798,1458.7636414477001
1,All Population,5,Prevalence,118,Suriname,3,Both,22,All ages,976,Diabetes mellitus type 2,3,Rate,2021,12215.71052902673,13319.96909640302,11305.15619587391
1,All Population,5,Prevalence,94,Switzerland,3,Both,22,All ages,976,Diabetes mellitus type 2,3,Rate,2021,5274.4337464441705,5750.32202617772,4873.19544983935
1,All Population,5,Prevalence,126,Costa Rica,3,Both,22,All ages,976,Diabetes mellitus type 2,3,Rate,2021,8978.63447278468,9748.32569267755,8181.71226693752
1,All Population,5,Prevalence,212,Mauritania,3,Both,22,All ages,976,Diabetes mellitus type 2,3,Rate,2022,3719.3070808939797,4084.45604683327,3365.12390797064
1,All Population,5,Prevalence,123,Peru,3,Both,22,All ages,976,Diabetes mellitus type 2,3,Rate,2022,3466.12877235706,3803.9499543807196,3174.8596373422497
1,All Population,5,Prevalence,163,India,3,Both,22,All ages,976,Diabetes mellitus type 2,3,Rate,2021,7077.12246264231,7718.16520000883,6430.137206812101
1,All Population,5,Prevalence,168,Angola,3,Both,22,All ages,976,Diabetes mellitus type 2,3,Rate,2022,3984.2511473017603,4364.6085556447,3584.56535168221
1,All Population,5,Prevalence,160,Afghanistan,3,Both,22,All ages,976,Diabetes mellitus type 2,3,Rate,2021,5156.14672844246,5593.185156914849,4744.52257809751
1,All Population,5,Prevalence,152,Saudi Arabia,3,Both,22,All ages,976,Diabetes mellitus type 2,3,Rate,2021,18305.01512350804,20109.50970571665,16651.68956150464
1,All Population,5,Prevalence,416,Tuvalu,3,Both,22,All ages,976,Diabetes mellitus type 2,3,Rate,2022,10347.707299936399,11263.037559861019,9526.22023701478
1,All Population,5,Prevalence,193,Botswana,3,Both,22,All ages,976,Diabetes mellitus type 2,3,Rate,2021,3625.64411112495,3906.04762125984,3324.1578299590797
1,All Population,5,Prevalence,181,Madagascar,3,Both,22,All ages,976,Diabetes mellitus type 2,3,Rate,2022,1578.78633507786,1723.44341575923,1429.26402018317
1,All Population,5,Prevalence,89,Netherlands,3,Both,22,All ages,976,Diabetes mellitus type 2,3,Rate,2022,5040.87925883034,5489.89270675163,4564.98793209162
1,All Population,5,Prevalence,128,Guatemala,3,Both,22,All ages,976,Diabetes mellitus type 2,3,Rate,2021,7220.193681838211,7580.363109338629,6848.250352692719
1,All Population,5,Prevalence,90,Norway,3,Both,22,All ages,976,Diabetes mellitus type 2,3,Rate,2021,6069.31772277225,6829.01714862969,5346.9495489197
1,All Population,5,Prevalence,170,Congo,3,Both,22,All ages,976,Diabetes mellitus type 2,3,Rate,2022,4357.45349013468,4837.275635695841,3929.1938709602405
1,All Population,5,Prevalence,204,Chad,3,Both,22,All ages,976,Diabetes mellitus type 2,3,Rate,2021,1952.12882277091,2143.81877422465,1764.6612185078102
1,All Population,5,Prevalence,154,Tunisia,3,Both,22,All ages,976,Diabetes mellitus type 2,3,Rate,2021,11403.45828575571,12365.04216338967,10482.56881496612
1,All Population,5,Prevalence,214,Nigeria,3,Both,22,All ages,976,Diabetes mellitus type 2,3,Rate,2022,2192.29664709549,2415.67738868294,1966.9062568028899
1,All Population,5,Prevalence,171,Democratic Republic of the Congo,3,Both,22,All ages,976,Diabetes mellitus type 2,3,Rate,2021,3283.92278289736,3584.21434892442,2992.5177605180797
1,All Population,5,Prevalence,165,Pakistan,3,Both,22,All ages,976,Diabetes mellitus type 2,3,Rate,2021,5589.469782744281,6171.30060954586,5028.95622286371
1,All Population,5,Prevalence,162,Bhutan,3,Both,22,All ages,976,Diabetes mellitus type 2,3,Rate,2021,4657.85242463327,5123.06635237438,4279.88670525351
1,All Population,5,Prevalence,198,Zimbabwe,3,Both,22,All ages,976,Diabetes mellitus type 2,3,Rate,2021,2518.42597836014,2748.0589430345,2294.11064171706
1,All Population,5,Prevalence,183,Mauritius,3,Both,22,All ages,976,Diabetes mellitus type 2,3,Rate,2022,18187.25348086233,19209.69212019347,16827.64196121681
1,All Population,5,Prevalence,130,Mexico,3,Both,22,All ages,976,Diabetes mellitus type 2,3,Rate,2021,11968.53957969973,13044.83865121257,10826.90015157314
1,All Population,5,Prevalence,141,Egypt,3,Both,22,All ages,976,Diabetes mellitus type 2,3,Rate,2021,10071.56461319424,10923.61191957027,9161.49105553359
1,All Population,5,Prevalence,206,Gambia,3,Both,22,All ages,976,Diabetes mellitus type 2,3,Rate,2021,3629.20526505444,3987.55447746656,3307.3619339775
1,All Population,5,Prevalence,216,Senegal,3,Both,22,All ages,976,Diabetes mellitus type 2,3,Rate,2022,4470.06799084422,4922.08880953282,4047.5851113816198
1,All Population,5,Prevalence,122,Ecuador,3,Both,22,All ages,976,Diabetes mellitus type 2,3,Rate,2021,5854.9592264245,6222.06790495566,5507.35597163903
1,All Population,5,Prevalence,173,Gabon,3,Both,22,All ages,976,Diabetes mellitus type 2,3,Rate,2021,5630.85444450371,6120.25076015133,5168.60724837555
1,All Population,5,Prevalence,195,Namibia,3,Both,22,All ages,976,Diabetes mellitus type 2,3,Rate,2022,3376.1008598791,3661.1706105386297,3107.88890674693
1,All Population,5,Prevalence,136,Paraguay,3,Both,22,All ages,976,Diabetes mellitus type 2,3,Rate,2022,6983.07297298684,7544.14721332755,6416.41331386253
1,All Population,5,Prevalence,369,Nauru,3,Both,22,All ages,976,Diabetes mellitus type 2,3,Rate,2021,10404.24336895916,11194.78981202685,9574.41100806425
1,All Population,5,Prevalence,208,Guinea,3,Both,22,All ages,976,Diabetes mellitus type 2,3,Rate,2021,2203.35272204411,2419.21428765027,2017.58101366586
1,All Population,5,Prevalence,143,Iraq,3,Both,22,All ages,976,Diabetes mellitus type 2,3,Rate,2021,9324.00602408253,10093.127179693869,8597.39027248995
1,All Population,5,Prevalence,200,Benin,3,Both,22,All ages,976,Diabetes mellitus type 2,3,Rate,2021,2549.73329188879,2787.59255103501,2324.4003337500303
1,All Population,5,Prevalence,175,Burundi,3,Both,22,All ages,976,Diabetes mellitus type 2,3,Rate,2021,1511.55838005314,1645.25862600669,1372.80346331222
1,All Population,5,Prevalence,211,Mali,3,Both,22,All ages,976,Diabetes mellitus type 2,3,Rate,2021,4144.05246195895,4555.5853124060695,3724.34132943982
1,All Population,5,Prevalence,133,Venezuela (Bolivarian Republic of),3,Both,22,All ages,976,Diabetes mellitus type 2,3,Rate,2021,7890.07711167975,8462.86236165451,7302.2214385466705
1,All Population,5,Prevalence,186,Seychelles,3,Both,22,All ages,976,Diabetes mellitus type 2,3,Rate,2021,9664.60988230403,10624.50315742717,8794.99710754085
1,All Population,5,Prevalence,178,Eritrea,3,Both,22,All ages,976,Diabetes mellitus type 2,3,Rate,2021,2019.8066481300102,2204.65724614206,1851.52289410777
1,All Population,5,Prevalence,14,Maldives,3,Both,22,All ages,976,Diabetes mellitus type 2,3,Rate,2023,4420.8593026891,4906.25811049267,3986.16581976781
1,All Population,5,Prevalence,169,Central African Republic,3,Both,22,All ages,976,Diabetes mellitus type 2,3,Rate,2021,3556.296164407,3862.78348778801,3209.6214899208303
1,All Population,5,Prevalence,20,Viet Nam,3,Both,22,All ages,976,Diabetes mellitus type 2,3,Rate,2022,4053.31667625072,4421.75855196112,3722.9484625407804
1,All Population,5,Prevalence,177,Djibouti,3,Both,22,All ages,976,Diabetes mellitus type 2,3,Rate,2021,2149.43683502184,2330.99405266428,1943.4283180774
1,All Population,5,Prevalence,25,Micronesia (Federated States of),3,Both,22,All ages,976,Diabetes mellitus type 2,3,Rate,2023,17438.135815458038,18521.86058932547,16403.42719376021
1,All Population,5,Prevalence,376,Northern Mariana Islands,3,Both,22,All ages,976,Diabetes mellitus type 2,3,Rate,2022,13085.49609525638,14333.44824565564,12050.357187034258
1,All Population,5,Prevalence,180,Kenya,3,Both,22,All ages,976,Diabetes mellitus type 2,3,Rate,2021,2090.10621052754,2299.85669389132,1883.98651904213
1,All Population,5,Prevalence,33,Armenia,3,Both,22,All ages,976,Diabetes mellitus type 2,3,Rate,2022,6191.54473229185,6701.150955323131,5716.24993149754
1,All Population,5,Prevalence,189,United Republic of Tanzania,3,Both,22,All ages,976,Diabetes mellitus type 2,3,Rate,2021,1577.2625274228399,1704.86800825859,1448.9294268593799
1,All Population,5,Prevalence,202,Cameroon,3,Both,22,All ages,976,Diabetes mellitus type 2,3,Rate,2021,2807.57838343677,3067.09236838866,2532.99195836057
1,All Population,5,Prevalence,393,Saint Kitts and Nevis,3,Both,22,All ages,976,Diabetes mellitus type 2,3,Rate,2021,10964.65071892504,11987.62543896494,10151.369052018661
1,All Population,5,Prevalence,16,Philippines,3,Both,22,All ages,976,Diabetes mellitus type 2,3,Rate,2023,4875.13122112684,5332.22353004773,4411.02994739337
1,All Population,5,Prevalence,320,Cook Islands,3,Both,22,All ages,976,Diabetes mellitus type 2,3,Rate,2021,18862.73185966396,20238.073242467162,17489.82473476535
1,All Population,5,Prevalence,72,New Zealand,3,Both,22,All ages,976,Diabetes mellitus type 2,3,Rate,2023,6218.10488832324,6613.031498132491,5831.0332633173
1,All Population,5,Prevalence,135,Brazil,3,Both,22,All ages,976,Diabetes mellitus type 2,3,Rate,2021,6258.73193499641,6898.469707457,5594.27778965297
1,All Population,5,Prevalence,213,Niger,3,Both,22,All ages,976,Diabetes mellitus type 2,3,Rate,2021,1990.28439398873,2184.68260117225,1794.78606275915
1,All Population,5,Prevalence,61,Republic of Moldova,3,Both,22,All ages,976,Diabetes mellitus type 2,3,Rate,2023,7949.5204635638,8622.82391581799,7164.929039002781
1,All Population,5,Prevalence,22,Fiji,3,Both,22,All ages,976,Diabetes mellitus type 2,3,Rate,2022,15777.8177684531,16955.8915342755,14743.111054360312
1,All Population,5,Prevalence,191,Zambia,3,Both,22,All ages,976,Diabetes mellitus type 2,3,Rate,2021,2410.2913380701502,2642.58952188078,2204.39167572666
1,All Population,5,Prevalence,67,Japan,3,Both,22,All ages,976,Diabetes mellitus type 2,3,Rate,2022,10845.9689635294,12043.299167553829,9766.447678557739
1,All Population,5,Prevalence,35,Georgia,3,Both,22,All ages,976,Diabetes mellitus type 2,3,Rate,2022,6240.37193517705,6902.708714149309,5665.96303094669
1,All Population,5,Prevalence,27,Samoa,3,Both,22,All ages,976,Diabetes mellitus type 2,3,Rate,2023,11179.99345355953,12155.37640721045,10326.23502142001
1,All Population,5,Prevalence,182,Malawi,3,Both,22,All ages,976,Diabetes mellitus type 2,3,Rate,2021,1254.59361116702,1368.17205083255,1151.42879871987
1,All Population,5,Prevalence,351,Guam,3,Both,22,All ages,976,Diabetes mellitus type 2,3,Rate,2021,8482.38164462575,9196.83555498497,7813.10152862624
1,All Population,5,Prevalence,148,Morocco,3,Both,22,All ages,976,Diabetes mellitus type 2,3,Rate,2021,9677.54048672778,10421.14979772063,8858.52211953748
1,All Population,5,Prevalence,108,Belize,3,Both,22,All ages,976,Diabetes mellitus type 2,3,Rate,2023,8789.69704164987,9417.964987336069,8192.05313482088
1,All Population,5,Prevalence,74,Andorra,3,Both,22,All ages,976,Diabetes mellitus type 2,3,Rate,2023,4823.64926019495,5433.365611202709,4310.18184136529
1,All Population,5,Prevalence,413,Tokelau,3,Both,22,All ages,976,Diabetes mellitus type 2,3,Rate,2021,16965.3204796232,18247.3642555674,15613.55879784169
1,All Population,5,Prevalence,24,Marshall Islands,3,Both,22,All ages,976,Diabetes mellitus type 2,3,Rate,2022,14049.230534165468,15228.875406863579,12839.119013945161
1,All Population,5,Prevalence,119,Trinidad and Tobago,3,Both,22,All ages,976,Diabetes mellitus type 2,3,Rate,2023,20691.7507404539,21895.65222801094,19329.34869347959
1,All Population,5,Prevalence,69,Singapore,3,Both,22,All ages,976,Diabetes mellitus type 2,3,Rate,2022,6377.751105332511,7123.970183544349,5829.88332737302
1,All Population,5,Prevalence,80,France,3,Both,22,All ages,976,Diabetes mellitus type 2,3,Rate,2022,5985.25915943656,6470.9628974593,5481.72895338808
1,All Population,5,Prevalence,40,Turkmenistan,3,Both,22,All ages,976,Diabetes mellitus type 2,3,Rate,2023,4192.930413766259,4508.74765770821,3873.30275919669
1,All Population,5,Prevalence,184,Mozambique,3,Both,22,All ages,976,Diabetes mellitus type 2,3,Rate,2021,1316.05003898469,1435.6252114848,1210.6561386952
1,All Population,5,Prevalence,29,Tonga,3,Both,22,All ages,976,Diabetes mellitus type 2,3,Rate,2023,11783.712595733161,12660.479254191332,10852.99544013846
1,All Population,5,Prevalence,132,Panama,3,Both,22,All ages,976,Diabetes mellitus type 2,3,Rate,2023,7898.84827648491,8503.35198101958,7339.10805789041
1,All Population,5,Prevalence,37,Kyrgyzstan,3,Both,22,All ages,976,Diabetes mellitus type 2,3,Rate,2022,3318.8340160858497,3609.76848859225,2997.40465202428
1,All Population,5,Prevalence,422,United States Virgin Islands,3,Both,22,All ages,976,Diabetes mellitus type 2,3,Rate,2021,13525.318219251581,14803.990582740451,12545.57091508656
1,All Population,5,Prevalence,87,Luxembourg,3,Both,22,All ages,976,Diabetes mellitus type 2,3,Rate,2023,4575.527982677,5097.1051991238,4145.49601691463
1,All Population,5,Prevalence,76,Belgium,3,Both,22,All ages,976,Diabetes mellitus type 2,3,Rate,2023,5448.84214753504,5998.49769559027,5007.5411492759
1,All Population,5,Prevalence,121,Bolivia (Plurinational State of),3,Both,22,All ages,976,Diabetes mellitus type 2,3,Rate,2023,4706.74494262498,5195.38208590974,4304.63828267633
1,All Population,5,Prevalence,215,Sao Tome and Principe,3,Both,22,All ages,976,Diabetes mellitus type 2,3,Rate,2021,4220.54924394736,4678.76973460675,3772.0737875541804
1,All Population,5,Prevalence,114,Haiti,3,Both,22,All ages,976,Diabetes mellitus type 2,3,Rate,2022,4660.31584545358,5101.89360385523,4212.33162099343
1,All Population,5,Prevalence,125,Colombia,3,Both,22,All ages,976,Diabetes mellitus type 2,3,Rate,2022,6319.428657615341,6813.22101291167,5850.6397423176895
1,All Population,5,Prevalence,7,Democratic People's Republic of Korea,3,Both,22,All ages,976,Diabetes mellitus type 2,3,Rate,2022,6398.81242049241,7150.8994540567,5744.232153512859
1,All Population,5,Prevalence,48,Hungary,3,Both,22,All ages,976,Diabetes mellitus type 2,3,Rate,2022,6265.7513055425,6757.40415426024,5808.8234870518
1,All Population,5,Prevalence,196,South Africa,3,Both,22,All ages,976,Diabetes mellitus type 2,3,Rate,2021,6470.568873208619,7086.20914854742,5809.45229048168
1,All Population,5,Prevalence,179,Ethiopia,3,Both,22,All ages,976,Diabetes mellitus type 2,3,Rate,2023,1653.95936423753,1813.7193935649402,1479.61578435092
1,All Population,5,Prevalence,82,Greece,3,Both,22,All ages,976,Diabetes mellitus type 2,3,Rate,2022,6585.288651829011,7317.176745782419,5968.66058130927
1,All Population,5,Prevalence,18,Thailand,3,Both,22,All ages,976,Diabetes mellitus type 2,3,Rate,2022,7778.94876783253,8555.3477548744,7104.2145500991
1,All Population,5,Prevalence,123,Peru,3,Both,22,All ages,976,Diabetes mellitus type 2,3,Rate,2023,3580.0992142772297,3913.7620003907805,3286.79531349624
1,All Population,5,Prevalence,78,Denmark,3,Both,22,All ages,976,Diabetes mellitus type 2,3,Rate,2023,5363.09132409978,5801.5902227159795,4786.92809953962
1,All Population,5,Prevalence,10,Cambodia,3,Both,22,All ages,976,Diabetes mellitus type 2,3,Rate,2023,3199.59675254465,3488.7094231045803,2895.21738022797
1,All Population,5,Prevalence,214,Nigeria,3,Both,22,All ages,976,Diabetes mellitus type 2,3,Rate,2023,2254.25020078708,2481.02486889588,2024.87440991982
1,All Population,5,Prevalence,89,Netherlands,3,Both,22,All ages,976,Diabetes mellitus type 2,3,Rate,2023,5034.17101596177,5467.30047518525,4649.26362850724
1,All Population,5,Prevalence,168,Angola,3,Both,22,All ages,976,Diabetes mellitus type 2,3,Rate,2023,4039.2486165160203,4439.11252670439,3652.45250225184
1,All Population,5,Prevalence,136,Paraguay,3,Both,22,All ages,976,Diabetes mellitus type 2,3,Rate,2023,7295.59741150053,7849.95781257885,6737.74289834686
1,All Population,5,Prevalence,39,Tajikistan,3,Both,22,All ages,976,Diabetes mellitus type 2,3,Rate,2022,3739.88770142084,4063.3294004517998,3393.30266343296
1,All Population,5,Prevalence,44,Bosnia and Herzegovina,3,Both,22,All ages,976,Diabetes mellitus type 2,3,Rate,2023,10370.87099591986,11416.953689749269,9167.20492257731
1,All Population,5,Prevalence,217,Sierra Leone,3,Both,22,All ages,976,Diabetes mellitus type 2,3,Rate,2021,2864.8433795703,3157.1458444382797,2598.28052662315
1,All Population,5,Prevalence,57,Belarus,3,Both,22,All ages,976,Diabetes mellitus type 2,3,Rate,2023,6295.99430217492,6937.64817758037,5740.70647026599
1,All Population,5,Prevalence,374,Niue,3,Both,22,All ages,976,Diabetes mellitus type 2,3,Rate,2021,19748.028351145287,21147.553343498872,18272.52592789481
1,All Population,5,Prevalence,127,El Salvador,3,Both,22,All ages,976,Diabetes mellitus type 2,3,Rate,2022,7054.398238601239,7740.393892532619,6479.25546027201
1,All Population,5,Prevalence,12,Lao People's Democratic Republic,3,Both,22,All ages,976,Diabetes mellitus type 2,3,Rate,2023,3985.6971973543396,4370.53812404543,3616.64969122962
1,All Population,5,Prevalence,181,Madagascar,3,Both,22,All ages,976,Diabetes mellitus type 2,3,Rate,2023,1607.2832601799098,1756.22377471393,1441.8980732339799
1,All Population,5,Prevalence,50,Montenegro,3,Both,22,All ages,976,Diabetes mellitus type 2,3,Rate,2022,9779.77998991245,10999.32039129949,8909.881505801539
1,All Population,5,Prevalence,102,United States of America,3,Both,22,All ages,976,Diabetes mellitus type 2,3,Rate,2023,11636.43077746547,12417.20455593585,10898.33333984528
1,All Population,5,Prevalence,95,United Kingdom,3,Both,22,All ages,976,Diabetes mellitus type 2,3,Rate,2022,7751.71047164427,8430.03561731311,7070.09881642379
1,All Population,5,Prevalence,46,Croatia,3,Both,22,All ages,976,Diabetes mellitus type 2,3,Rate,2023,11821.69106350357,12661.86751289311,10924.81790312322
1,All Population,5,Prevalence,170,Congo,3,Both,22,All ages,976,Diabetes mellitus type 2,3,Rate,2023,4424.880613223009,4845.93582932966,3975.77166999835
1,All Population,5,Prevalence,84,Ireland,3,Both,22,All ages,976,Diabetes mellitus type 2,3,Rate,2022,4142.34800570576,4618.1207846409,3748.9380336952504
1,All Population,5,Prevalence,116,Saint Lucia,3,Both,22,All ages,976,Diabetes mellitus type 2,3,Rate,2022,14304.173400545938,15229.65883152202,13191.380422064469
1,All Population,5,Prevalence,63,Ukraine,3,Both,22,All ages,976,Diabetes mellitus type 2,3,Rate,2022,4449.3592756301205,4968.04964493075,3991.7049939233098
1,All Population,5,Prevalence,91,Portugal,3,Both,22,All ages,976,Diabetes mellitus type 2,3,Rate,2023,8549.27654389639,9195.72860924562,7937.43073254374
1,All Population,5,Prevalence,149,Palestine,3,Both,22,All ages,976,Diabetes mellitus type 2,3,Rate,2023,8638.27097376418,9493.441681215629,7843.361034724269
1,All Population,5,Prevalence,216,Senegal,3,Both,22,All ages,976,Diabetes mellitus type 2,3,Rate,2023,4521.92262945165,4974.96698678706,4050.94486031545
1,All Population,5,Prevalence,172,Equatorial Guinea,3,Both,22,All ages,976,Diabetes mellitus type 2,3,Rate,2022,3821.3337946841,4228.97201701682,3455.21171850487
1,All Population,5,Prevalence,376,Northern Mariana Islands,3,Both,22,All ages,976,Diabetes mellitus type 2,3,Rate,2023,13215.399214955209,14338.231303839599,12119.14834775108
1,All Population,5,Prevalence,59,Latvia,3,Both,22,All ages,976,Diabetes mellitus type 2,3,Rate,2023,8763.15519058876,9450.14211602953,8058.83696805853
1,All Population,5,Prevalence,183,Mauritius,3,Both,22,All ages,976,Diabetes mellitus type 2,3,Rate,2023,18614.292467163577,19841.9507092319,17618.4455336947
1,All Population,5,Prevalence,161,Bangladesh,3,Both,22,All ages,976,Diabetes mellitus type 2,3,Rate,2022,5626.67400364658,6101.15366933037,5211.46329860279
1,All Population,5,Prevalence,195,Namibia,3,Both,22,All ages,976,Diabetes mellitus type 2,3,Rate,2023,3444.39227676699,3749.5499663212204,3165.63401308544
1,All Population,5,Prevalence,385,Puerto Rico,3,Both,22,All ages,976,Diabetes mellitus type 2,3,Rate,2023,15131.216115964018,16283.13221347825,13899.64666957439
1,All Population,5,Prevalence,93,Sweden,3,Both,22,All ages,976,Diabetes mellitus type 2,3,Rate,2023,7191.75174300127,7771.028155741989,6703.89904144076
1,All Population,5,Prevalence,380,Palau,3,Both,22,All ages,976,Diabetes mellitus type 2,3,Rate,2021,15866.981646378861,17143.58283408561,14880.72477984144
1,All Population,5,Prevalence,129,Honduras,3,Both,22,All ages,976,Diabetes mellitus type 2,3,Rate,2022,4082.97803615326,4489.56982315566,3655.0048769659497
1,All Population,5,Prevalence,97,Argentina,3,Both,22,All ages,976,Diabetes mellitus type 2,3,Rate,2022,4346.88861617187,4650.91840858077,4090.84178627111
1,All Population,5,Prevalence,52,Romania,3,Both,22,All ages,976,Diabetes mellitus type 2,3,Rate,2022,5460.359708194959,5923.45577877548,4924.26664057277
1,All Population,5,Prevalence,151,Qatar,3,Both,22,All ages,976,Diabetes mellitus type 2,3,Rate,2023,14344.874367123039,15842.15902045196,12854.74414227352
1,All Population,5,Prevalence,140,Bahrain,3,Both,22,All ages,976,Diabetes mellitus type 2,3,Rate,2022,18469.58919237044,20043.20791280856,16856.96961390974
1,All Population,5,Prevalence,396,San Marino,3,Both,22,All ages,976,Diabetes mellitus type 2,3,Rate,2023,7050.19524819782,7908.06646048472,6337.61295486988
1,All Population,5,Prevalence,185,Rwanda,3,Both,22,All ages,976,Diabetes mellitus type 2,3,Rate,2023,1642.37931029304,1792.09261580069,1514.59875513483
1,All Population,5,Prevalence,298,American Samoa,3,Both,22,All ages,976,Diabetes mellitus type 2,3,Rate,2021,16511.563488558208,17778.482085948897,15497.827389807939
1,All Population,5,Prevalence,117,Saint Vincent and the Grenadines,3,Both,22,All ages,976,Diabetes mellitus type 2,3,Rate,2023,13938.66918893722,14853.0675788086,12946.562118605909
1,All Population,5,Prevalence,416,Tuvalu,3,Both,22,All ages,976,Diabetes mellitus type 2,3,Rate,2023,10548.95306199532,11367.49974969832,9669.34284609767
1,All Population,5,Prevalence,197,Eswatini,3,Both,22,All ages,976,Diabetes mellitus type 2,3,Rate,2023,4522.42867539722,4894.1431122884005,4113.4374370939
1,All Population,5,Prevalence,153,Syrian Arab Republic,3,Both,22,All ages,976,Diabetes mellitus type 2,3,Rate,2023,12246.10962964489,13425.50899994498,11112.63074691207
1,All Population,5,Prevalence,106,Bahamas,3,Both,22,All ages,976,Diabetes mellitus type 2,3,Rate,2023,10027.36951526006,11119.948017283908,9167.03077696391
1,All Population,5,Prevalence,210,Liberia,3,Both,22,All ages,976,Diabetes mellitus type 2,3,Rate,2023,3402.6640754876403,3762.4730710798103,3088.48720997314
1,All Population,5,Prevalence,54,Slovakia,3,Both,22,All ages,976,Diabetes mellitus type 2,3,Rate,2022,5439.0906946714595,6057.03122754207,4892.99178852226
1,All Population,5,Prevalence,209,Guinea-Bissau,3,Both,22,All ages,976,Diabetes mellitus type 2,3,Rate,2022,2898.36848385398,3190.53971026925,2606.56346810554
1,All Population,5,Prevalence,164,Nepal,3,Both,22,All ages,976,Diabetes mellitus type 2,3,Rate,2023,5629.13209332641,6134.42567543504,5190.33465933537
1,All Population,5,Prevalence,131,Nicaragua,3,Both,22,All ages,976,Diabetes mellitus type 2,3,Rate,2022,4539.8515545769,4958.29445786699,4122.52927679758
1,All Population,5,Prevalence,99,Uruguay,3,Both,22,All ages,976,Diabetes mellitus type 2,3,Rate,2022,4935.10986461672,5302.19971587388,4567.18420804054
1,All Population,5,Prevalence,142,Iran (Islamic Republic of),3,Both,22,All ages,976,Diabetes mellitus type 2,3,Rate,2022,8291.60545937204,9257.68810078478,7410.38225502879
1,All Population,5,Prevalence,187,Somalia,3,Both,22,All ages,976,Diabetes mellitus type 2,3,Rate,2022,1603.7346377330002,1738.16488003227,1453.65917489666
1,All Population,5,Prevalence,176,Comoros,3,Both,22,All ages,976,Diabetes mellitus type 2,3,Rate,2022,2859.43062607785,3076.31537990065,2632.84044102614
1,All Population,5,Prevalence,212,Mauritania,3,Both,22,All ages,976,Diabetes mellitus type 2,3,Rate,2023,3776.47715698382,4139.19626884648,3396.249850468
1,All Population,5,Prevalence,110,Dominica,3,Both,22,All ages,976,Diabetes mellitus type 2,3,Rate,2022,13663.73364799388,14807.33571146263,12702.53058843085
1,All Population,5,Prevalence,201,Burkina Faso,3,Both,22,All ages,976,Diabetes mellitus type 2,3,Rate,2023,1382.6493000845198,1513.14000942277,1268.76162893737
1,All Population,5,Prevalence,305,Bermuda,3,Both,22,All ages,976,Diabetes mellitus type 2,3,Rate,2022,9556.28446721699,10498.819412071809,8628.39907021065
1,All Population,5,Prevalence,190,Uganda,3,Both,22,All ages,976,Diabetes mellitus type 2,3,Rate,2022,1901.3387505019598,2070.7363959429,1721.36625314647
1,All Population,5,Prevalence,112,Grenada,3,Both,22,All ages,976,Diabetes mellitus type 2,3,Rate,2022,14005.05451921921,14997.861006553409,12935.081221213979
1,All Population,5,Prevalence,101,Canada,3,Both,22,All ages,976,Diabetes mellitus type 2,3,Rate,2022,5465.35733338081,5884.43415704854,4971.26143931058
1,All Population,5,Prevalence,144,Jordan,3,Both,22,All ages,976,Diabetes mellitus type 2,3,Rate,2022,10095.20087624813,10864.97794018169,9358.95903049299
1,All Population,5,Prevalence,23,Kiribati,3,Both,22,All ages,976,Diabetes mellitus type 2,3,Rate,2022,11148.133545478291,11955.58952077415,10332.90796720091
1,All Population,5,Prevalence,55,Slovenia,3,Both,22,All ages,976,Diabetes mellitus type 2,3,Rate,2022,7656.77459445269,8328.86159444554,6857.15670481812
1,All Population,5,Prevalence,34,Azerbaijan,3,Both,22,All ages,976,Diabetes mellitus type 2,3,Rate,2022,5796.08837069542,6353.289959115819,5330.38515713852
1,All Population,5,Prevalence,349,Greenland,3,Both,22,All ages,976,Diabetes mellitus type 2,3,Rate,2022,3660.6174273140705,4176.91907380887,3268.35007205884
1,All Population,5,Prevalence,68,Republic of Korea,3,Both,22,All ages,976,Diabetes mellitus type 2,3,Rate,2022,9296.95967270123,9560.26903232727,8942.406902832881
1,All Population,5,Prevalence,155,Türkiye,3,Both,22,All ages,976,Diabetes mellitus type 2,3,Rate,2022,9096.72042058747,9928.293913577669,8326.44336704728
1,All Population,5,Prevalence,203,Cabo Verde,3,Both,22,All ages,976,Diabetes mellitus type 2,3,Rate,2022,5136.65012958633,5629.736912387711,4652.882461328791
1,All Population,5,Prevalence,146,Lebanon,3,Both,22,All ages,976,Diabetes mellitus type 2,3,Rate,2022,12488.14037015286,13606.833878592139,11575.11053593392
1,All Population,5,Prevalence,79,Finland,3,Both,22,All ages,976,Diabetes mellitus type 2,3,Rate,2022,9089.317475995149,10101.194517461221,8207.59517232872
1,All Population,5,Prevalence,36,Kazakhstan,3,Both,22,All ages,976,Diabetes mellitus type 2,3,Rate,2022,5424.2448298043,5805.53746929313,5050.04637706029
1,All Population,5,Prevalence,194,Lesotho,3,Both,22,All ages,976,Diabetes mellitus type 2,3,Rate,2022,3103.6810547557,3394.81125357483,2871.2658659652798
1,All Population,5,Prevalence,15,Myanmar,3,Both,22,All ages,976,Diabetes mellitus type 2,3,Rate,2022,5783.01923570519,6233.41366241529,5332.65873029819
1,All Population,5,Prevalence,205,Côte d'Ivoire,3,Both,22,All ages,976,Diabetes mellitus type 2,3,Rate,2022,2909.15054742242,3192.5180588443404,2628.97604080661
1,All Population,5,Prevalence,6,China,3,Both,22,All ages,976,Diabetes mellitus type 2,3,Rate,2022,7400.6415016970805,8100.88450394323,6773.973686006319
1,All Population,5,Prevalence,26,Papua New Guinea,3,Both,22,All ages,976,Diabetes mellitus type 2,3,Rate,2022,5528.180249889289,6052.94926434805,5036.58668063355
1,All Population,5,Prevalence,81,Germany,3,Both,22,All ages,976,Diabetes mellitus type 2,3,Rate,2022,7971.47732072698,8534.09094992894,7422.155516717439
1,All Population,5,Prevalence,157,Yemen,3,Both,22,All ages,976,Diabetes mellitus type 2,3,Rate,2022,4121.6800149452,4587.63425092162,3696.1614549881497
1,All Population,5,Prevalence,367,Monaco,3,Both,22,All ages,976,Diabetes mellitus type 2,3,Rate,2022,6658.42353709344,7467.078348566911,6007.895618525589
1,All Population,5,Prevalence,28,Solomon Islands,3,Both,22,All ages,976,Diabetes mellitus type 2,3,Rate,2022,6400.80437451776,6907.652824884291,5826.66679157425
1,All Population,5,Prevalence,38,Mongolia,3,Both,22,All ages,976,Diabetes mellitus type 2,3,Rate,2022,3667.43530632284,4023.0517653785796,3350.9590740055705
1,All Population,5,Prevalence,207,Ghana,3,Both,22,All ages,976,Diabetes mellitus type 2,3,Rate,2022,3526.12778680096,3835.7612159382,3199.5863944596103
1,All Population,5,Prevalence,218,Togo,3,Both,22,All ages,976,Diabetes mellitus type 2,3,Rate,2022,2357.01405242094,2583.07089529447,2105.42359370929
1,All Population,5,Prevalence,62,Russian Federation,3,Both,22,All ages,976,Diabetes mellitus type 2,3,Rate,2022,5999.85077793982,6703.601454575971,5370.997595533549
1,All Population,5,Prevalence,8,Taiwan,3,Both,22,All ages,976,Diabetes mellitus type 2,3,Rate,2022,9367.41539339325,10131.91608275352,8612.77670838146
1,All Population,5,Prevalence,30,Vanuatu,3,Both,22,All ages,976,Diabetes mellitus type 2,3,Rate,2022,6708.76541078311,7298.30568310196,6154.58763087926
1,All Population,5,Prevalence,83,Iceland,3,Both,22,All ages,976,Diabetes mellitus type 2,3,Rate,2022,4662.51595886092,5143.59918274125,4252.937302433011
1,All Population,5,Prevalence,49,North Macedonia,3,Both,22,All ages,976,Diabetes mellitus type 2,3,Rate,2022,10407.80483471645,11521.48992139802,9312.60966832943
1,All Population,5,Prevalence,17,Sri Lanka,3,Both,22,All ages,976,Diabetes mellitus type 2,3,Rate,2022,9749.67503381636,10456.3127254199,8922.76095008101
1,All Population,5,Prevalence,522,Sudan,3,Both,22,All ages,976,Diabetes mellitus type 2,3,Rate,2022,6243.150709923711,6793.834212708411,5689.55815153175
1,All Population,5,Prevalence,11,Indonesia,3,Both,22,All ages,976,Diabetes mellitus type 2,3,Rate,2022,5020.76854611911,5583.77115244452,4466.362763450949
1,All Population,5,Prevalence,41,Uzbekistan,3,Both,22,All ages,976,Diabetes mellitus type 2,3,Rate,2022,4154.18883224697,4488.38975878827,3817.46769717922
1,All Population,5,Prevalence,94,Switzerland,3,Both,22,All ages,976,Diabetes mellitus type 2,3,Rate,2022,5321.53114539002,5882.18149894699,4835.25967540317
1,All Population,5,Prevalence,126,Costa Rica,3,Both,22,All ages,976,Diabetes mellitus type 2,3,Rate,2022,9404.15243087502,10349.189360873339,8441.021301476221
1,All Population,5,Prevalence,115,Jamaica,3,Both,22,All ages,976,Diabetes mellitus type 2,3,Rate,2022,9693.45199600655,10655.5671699507,8920.404432963409
1,All Population,5,Prevalence,435,South Sudan,3,Both,22,All ages,976,Diabetes mellitus type 2,3,Rate,2022,1603.98215697269,1766.1620858517801,1454.3683935849099
1,All Population,5,Prevalence,75,Austria,3,Both,22,All ages,976,Diabetes mellitus type 2,3,Rate,2022,4450.9129405678705,4783.54216029058,4127.48757793465
1,All Population,5,Prevalence,86,Italy,3,Both,22,All ages,976,Diabetes mellitus type 2,3,Rate,2022,6894.362097480671,7766.2415350769,6112.88760596737
1,All Population,5,Prevalence,13,Malaysia,3,Both,22,All ages,976,Diabetes mellitus type 2,3,Rate,2022,7538.16760726717,8269.74808685735,6888.8899152043605
1,All Population,5,Prevalence,43,Albania,3,Both,22,All ages,976,Diabetes mellitus type 2,3,Rate,2022,5109.13531855517,5795.58593554263,4590.12429739456
1,All Population,5,Prevalence,77,Cyprus,3,Both,22,All ages,976,Diabetes mellitus type 2,3,Rate,2022,6932.525494696861,7544.82755522238,6263.166354724679
1,All Population,5,Prevalence,19,Timor-Leste,3,Both,22,All ages,976,Diabetes mellitus type 2,3,Rate,2022,2527.7942897736402,2797.9628312174,2314.83123162806
1,All Population,5,Prevalence,85,Israel,3,Both,22,All ages,976,Diabetes mellitus type 2,3,Rate,2022,4061.7495968186904,4343.91170020555,3804.2975065789797
1,All Population,5,Prevalence,45,Bulgaria,3,Both,22,All ages,976,Diabetes mellitus type 2,3,Rate,2022,8100.3072398768,8767.2823363488,7567.405292067971
1,All Population,5,Prevalence,51,Poland,3,Both,22,All ages,976,Diabetes mellitus type 2,3,Rate,2022,11303.53286541969,12129.97524604017,10526.84328531153
1,All Population,5,Prevalence,88,Malta,3,Both,22,All ages,976,Diabetes mellitus type 2,3,Rate,2022,6053.76957662739,6694.941817497831,5599.109032536289
1,All Population,5,Prevalence,128,Guatemala,3,Both,22,All ages,976,Diabetes mellitus type 2,3,Rate,2022,7391.26457528055,7886.83133193144,6916.22195385319
1,All Population,5,Prevalence,47,Czechia,3,Both,22,All ages,976,Diabetes mellitus type 2,3,Rate,2022,8279.9943822811,9159.211434339259,7598.73280702737
1,All Population,5,Prevalence,58,Estonia,3,Both,22,All ages,976,Diabetes mellitus type 2,3,Rate,2022,7013.078729128109,7767.05674390803,6149.35584515939
1,All Population,5,Prevalence,122,Ecuador,3,Both,22,All ages,976,Diabetes mellitus type 2,3,Rate,2022,6006.5934608507005,6470.04068384731,5588.42992996115
1,All Population,5,Prevalence,90,Norway,3,Both,22,All ages,976,Diabetes mellitus type 2,3,Rate,2022,6133.74452112232,6868.80945132982,5358.80942141947
1,All Population,5,Prevalence,173,Gabon,3,Both,22,All ages,976,Diabetes mellitus type 2,3,Rate,2022,5727.4409520217905,6269.15259078705,5234.354842614241
1,All Population,5,Prevalence,162,Bhutan,3,Both,22,All ages,976,Diabetes mellitus type 2,3,Rate,2022,4832.40355221134,5317.43198093632,4400.136394649589
1,All Population,5,Prevalence,133,Venezuela (Bolivarian Republic of),3,Both,22,All ages,976,Diabetes mellitus type 2,3,Rate,2022,8220.209622270511,8934.926967643609,7544.483883084011
1,All Population,5,Prevalence,71,Australia,3,Both,22,All ages,976,Diabetes mellitus type 2,3,Rate,2022,3747.05350236361,4058.1943644195803,3396.5535384686505
1,All Population,5,Prevalence,92,Spain,3,Both,22,All ages,976,Diabetes mellitus type 2,3,Rate,2022,8461.7778289954,9196.07466537594,7822.545694745791
1,All Population,5,Prevalence,60,Lithuania,3,Both,22,All ages,976,Diabetes mellitus type 2,3,Rate,2022,6872.86178799551,7560.50932255167,6200.52705800071
1,All Population,5,Prevalence,53,Serbia,3,Both,22,All ages,976,Diabetes mellitus type 2,3,Rate,2022,7781.35053311606,8525.89680822502,6915.2906963743
1,All Population,5,Prevalence,109,Cuba,3,Both,22,All ages,976,Diabetes mellitus type 2,3,Rate,2022,6892.686672114661,7554.88895899859,6208.69638919991
1,All Population,5,Prevalence,66,Brunei Darussalam,3,Both,22,All ages,976,Diabetes mellitus type 2,3,Rate,2022,8224.13031497285,8921.190055531519,7649.47260618623
1,All Population,5,Prevalence,130,Mexico,3,Both,22,All ages,976,Diabetes mellitus type 2,3,Rate,2022,12323.898637659151,13415.87412744997,11139.52993620401
1,All Population,5,Prevalence,98,Chile,3,Both,22,All ages,976,Diabetes mellitus type 2,3,Rate,2022,3084.30051293275,3349.8622173562103,2837.4861151776
1,All Population,5,Prevalence,135,Brazil,3,Both,22,All ages,976,Diabetes mellitus type 2,3,Rate,2022,6224.09493426056,6845.3372670504705,5571.83971122766
1,All Population,5,Prevalence,141,Egypt,3,Both,22,All ages,976,Diabetes mellitus type 2,3,Rate,2022,10540.732136445089,11457.7787699752,9639.82257267982
1,All Population,5,Prevalence,175,Burundi,3,Both,22,All ages,976,Diabetes mellitus type 2,3,Rate,2022,1521.86821545013,1658.4938954169602,1373.38706086925
1,All Population,5,Prevalence,180,Kenya,3,Both,22,All ages,976,Diabetes mellitus type 2,3,Rate,2022,2137.94262411476,2349.94752328362,1922.1575648407998
1,All Population,5,Prevalence,169,Central African Republic,3,Both,22,All ages,976,Diabetes mellitus type 2,3,Rate,2022,3558.4178403361902,3894.9867421669496,3184.5500506253397
1,All Population,5,Prevalence,186,Seychelles,3,Both,22,All ages,976,Diabetes mellitus type 2,3,Rate,2022,9990.43400532446,10959.346262884661,9058.869687459011
1,All Population,5,Prevalence,105,Antigua and Barbuda,3,Both,22,All ages,976,Diabetes mellitus type 2,3,Rate,2022,11135.75595672386,11999.43926874831,10378.06192010233
1,All Population,5,Prevalence,148,Morocco,3,Both,22,All ages,976,Diabetes mellitus type 2,3,Rate,2022,10086.89311795229,10899.03964727055,9282.47241842581
1,All Population,5,Prevalence,111,Dominican Republic,3,Both,22,All ages,976,Diabetes mellitus type 2,3,Rate,2022,7601.5116456843,8261.31372383713,7025.65451469916
1,All Population,5,Prevalence,182,Malawi,3,Both,22,All ages,976,Diabetes mellitus type 2,3,Rate,2022,1269.4737815844298,1381.83371388415,1167.25795876827
1,All Population,5,Prevalence,215,Sao Tome and Principe,3,Both,22,All ages,976,Diabetes mellitus type 2,3,Rate,2022,4359.91451649458,4826.95550795298,3878.15492265361
1,All Population,5,Prevalence,143,Iraq,3,Both,22,All ages,976,Diabetes mellitus type 2,3,Rate,2022,9666.20111700602,10500.944475872991,8860.66003986871
1,All Population,5,Prevalence,118,Suriname,3,Both,22,All ages,976,Diabetes mellitus type 2,3,Rate,2022,12533.39023391509,13656.78630459396,11487.76490034518
1,All Population,5,Prevalence,37,Kyrgyzstan,3,Both,22,All ages,976,Diabetes mellitus type 2,3,Rate,2023,3446.0866693673,3805.17051650619,3133.41947237081
1,All Population,5,Prevalence,107,Barbados,3,Both,22,All ages,976,Diabetes mellitus type 2,3,Rate,2022,16645.99057531483,17949.42276068008,15372.44398467132
1,All Population,5,Prevalence,177,Djibouti,3,Both,22,All ages,976,Diabetes mellitus type 2,3,Rate,2022,2180.90573059205,2378.3413168571196,1973.12870909204
1,All Population,5,Prevalence,139,Algeria,3,Both,22,All ages,976,Diabetes mellitus type 2,3,Rate,2022,10211.118774680319,11216.997021492909,9427.73550707896
1,All Population,5,Prevalence,184,Mozambique,3,Both,22,All ages,976,Diabetes mellitus type 2,3,Rate,2022,1322.32677059485,1438.47133734771,1212.91071264966
1,All Population,5,Prevalence,217,Sierra Leone,3,Both,22,All ages,976,Diabetes mellitus type 2,3,Rate,2022,2915.66988603197,3222.12099987092,2616.08499853476
1,All Population,5,Prevalence,150,Oman,3,Both,22,All ages,976,Diabetes mellitus type 2,3,Rate,2022,8763.92521159006,9721.445059936199,7927.35088021056
1,All Population,5,Prevalence,196,South Africa,3,Both,22,All ages,976,Diabetes mellitus type 2,3,Rate,2022,6521.686482474461,7154.089123795119,5844.34176499584
1,All Population,5,Prevalence,156,United Arab Emirates,3,Both,22,All ages,976,Diabetes mellitus type 2,3,Rate,2022,19236.99696566645,21386.62753966634,17262.27530060566
1,All Population,5,Prevalence,163,India,3,Both,22,All ages,976,Diabetes mellitus type 2,3,Rate,2022,7104.14280325107,7775.10543748522,6424.5716226779505
1,All Population,5,Prevalence,189,United Republic of Tanzania,3,Both,22,All ages,976,Diabetes mellitus type 2,3,Rate,2022,1593.46201704816,1737.3684121815202,1447.01773929995
1,All Population,5,Prevalence,152,Saudi Arabia,3,Both,22,All ages,976,Diabetes mellitus type 2,3,Rate,2022,19035.21137904115,20825.07580145741,17228.69626234813
1,All Population,5,Prevalence,145,Kuwait,3,Both,22,All ages,976,Diabetes mellitus type 2,3,Rate,2022,18377.8121951031,20188.91796411243,16855.96300882495
1,All Population,5,Prevalence,198,Zimbabwe,3,Both,22,All ages,976,Diabetes mellitus type 2,3,Rate,2022,2553.21920576821,2810.5870716893,2318.22684710788
1,All Population,5,Prevalence,113,Guyana,3,Both,22,All ages,976,Diabetes mellitus type 2,3,Rate,2022,9503.892157256789,10285.185838934302,8775.68643347544
1,All Population,5,Prevalence,165,Pakistan,3,Both,22,All ages,976,Diabetes mellitus type 2,3,Rate,2022,5547.36261270578,6128.35470060393,4993.76967618052
1,All Population,5,Prevalence,39,Tajikistan,3,Both,22,All ages,976,Diabetes mellitus type 2,3,Rate,2023,3868.46186571116,4212.5262849212395,3560.4400111615196
1,All Population,5,Prevalence,374,Niue,3,Both,22,All ages,976,Diabetes mellitus type 2,3,Rate,2022,19834.772772156382,21316.62564612236,18398.28978251786
1,All Population,5,Prevalence,320,Cook Islands,3,Both,22,All ages,976,Diabetes mellitus type 2,3,Rate,2022,18796.41497489472,20335.147978440753,17242.11334428433
1,All Population,5,Prevalence,50,Montenegro,3,Both,22,All ages,976,Diabetes mellitus type 2,3,Rate,2023,10276.46756847195,11576.71857308441,9301.458409553661
1,All Population,5,Prevalence,202,Cameroon,3,Both,22,All ages,976,Diabetes mellitus type 2,3,Rate,2022,2823.19270937247,3111.0902676962,2520.6345677539402
1,All Population,5,Prevalence,7,Democratic People's Republic of Korea,3,Both,22,All ages,976,Diabetes mellitus type 2,3,Rate,2023,6551.87706412651,7271.5923066284395,5820.36935547522
1,All Population,5,Prevalence,154,Tunisia,3,Both,22,All ages,976,Diabetes mellitus type 2,3,Rate,2022,11778.11874778059,12905.907078761942,10803.72539150553
1,All Population,5,Prevalence,18,Thailand,3,Both,22,All ages,976,Diabetes mellitus type 2,3,Rate,2023,8071.40105462877,8846.93574612436,7368.49431794291
1,All Population,5,Prevalence,84,Ireland,3,Both,22,All ages,976,Diabetes mellitus type 2,3,Rate,2023,4308.9363382068905,4806.75794557395,3883.59754190005
1,All Population,5,Prevalence,200,Benin,3,Both,22,All ages,976,Diabetes mellitus type 2,3,Rate,2022,2587.90823357709,2826.46210488582,2333.22319258789
1,All Population,5,Prevalence,147,Libya,3,Both,22,All ages,976,Diabetes mellitus type 2,3,Rate,2022,13027.47944329191,14380.108639944841,11673.689205569939
1,All Population,5,Prevalence,380,Palau,3,Both,22,All ages,976,Diabetes mellitus type 2,3,Rate,2022,15943.34686661313,17138.650237927068,14884.66294936818
1,All Population,5,Prevalence,191,Zambia,3,Both,22,All ages,976,Diabetes mellitus type 2,3,Rate,2022,2429.27803917551,2671.87461021546,2207.4722214068
1,All Population,5,Prevalence,52,Romania,3,Both,22,All ages,976,Diabetes mellitus type 2,3,Rate,2023,5773.80633531687,6256.6560727798205,5209.82161564996
1,All Population,5,Prevalence,63,Ukraine,3,Both,22,All ages,976,Diabetes mellitus type 2,3,Rate,2023,4914.33236656767,5511.17776083795,4425.398652431651
1,All Population,5,Prevalence,211,Mali,3,Both,22,All ages,976,Diabetes mellitus type 2,3,Rate,2022,4164.6701969236,4621.4294763984,3714.50533668923
1,All Population,5,Prevalence,298,American Samoa,3,Both,22,All ages,976,Diabetes mellitus type 2,3,Rate,2022,16754.53750779356,18180.8555377032,15540.7360349097
1,All Population,5,Prevalence,178,Eritrea,3,Both,22,All ages,976,Diabetes mellitus type 2,3,Rate,2022,2026.29362270506,2231.802731495,1837.58488943488
1,All Population,5,Prevalence,20,Viet Nam,3,Both,22,All ages,976,Diabetes mellitus type 2,3,Rate,2023,4164.713832874801,4550.56831377601,3814.8402518592598
1,All Population,5,Prevalence,160,Afghanistan,3,Both,22,All ages,976,Diabetes mellitus type 2,3,Rate,2022,5293.77215203157,5759.85490541636,4834.31537072262
1,All Population,5,Prevalence,97,Argentina,3,Both,22,All ages,976,Diabetes mellitus type 2,3,Rate,2023,4620.80011755155,5014.46041601341,4192.99477933506
1,All Population,5,Prevalence,351,Guam,3,Both,22,All ages,976,Diabetes mellitus type 2,3,Rate,2022,8675.878228086,9489.71508750677,7967.49220141557
1,All Population,5,Prevalence,204,Chad,3,Both,22,All ages,976,Diabetes mellitus type 2,3,Rate,2022,1947.3516999753801,2151.8371445685702,1753.812773359
1,All Population,5,Prevalence,193,Botswana,3,Both,22,All ages,976,Diabetes mellitus type 2,3,Rate,2022,3660.05790391591,3949.93052377628,3362.1535610008505
1,All Population,5,Prevalence,54,Slovakia,3,Both,22,All ages,976,Diabetes mellitus type 2,3,Rate,2023,5648.61787502646,6205.36321463363,5154.14949180893
1,All Population,5,Prevalence,393,Saint Kitts and Nevis,3,Both,22,All ages,976,Diabetes mellitus type 2,3,Rate,2022,11258.42759122102,12327.937920572029,10318.86341924185
1,All Population,5,Prevalence,171,Democratic Republic of the Congo,3,Both,22,All ages,976,Diabetes mellitus type 2,3,Rate,2022,3332.82640945905,3636.80589517598,3011.97189461913
1,All Population,5,Prevalence,131,Nicaragua,3,Both,22,All ages,976,Diabetes mellitus type 2,3,Rate,2023,4732.87613159436,5076.87654848772,4284.2241446035805
1,All Population,5,Prevalence,99,Uruguay,3,Both,22,All ages,976,Diabetes mellitus type 2,3,Rate,2023,5136.5142165997195,5519.53106173153,4689.09611101733
1,All Population,5,Prevalence,213,Niger,3,Both,22,All ages,976,Diabetes mellitus type 2,3,Rate,2022,2001.83400278098,2208.28026411754,1803.03915160974
1,All Population,5,Prevalence,22,Fiji,3,Both,22,All ages,976,Diabetes mellitus type 2,3,Rate,2023,16865.66475458644,17961.963619217087,15665.314510047509
1,All Population,5,Prevalence,422,United States Virgin Islands,3,Both,22,All ages,976,Diabetes mellitus type 2,3,Rate,2022,13790.874153604509,14963.81323802467,12683.84417506718
1,All Population,5,Prevalence,206,Gambia,3,Both,22,All ages,976,Diabetes mellitus type 2,3,Rate,2022,3667.85262624598,4035.97313664952,3310.0480959401802
1,All Population,5,Prevalence,110,Dominica,3,Both,22,All ages,976,Diabetes mellitus type 2,3,Rate,2023,13895.242604868448,15183.01927637806,12717.221835265822
1,All Population,5,Prevalence,33,Armenia,3,Both,22,All ages,976,Diabetes mellitus type 2,3,Rate,2023,6478.31021881575,7193.52142537954,6037.87479947486
1,All Population,5,Prevalence,369,Nauru,3,Both,22,All ages,976,Diabetes mellitus type 2,3,Rate,2022,10532.27323615694,11392.44343789372,9586.65149424165
1,All Population,5,Prevalence,413,Tokelau,3,Both,22,All ages,976,Diabetes mellitus type 2,3,Rate,2022,17197.03304007993,18630.19508609658,15728.36808175325
1,All Population,5,Prevalence,101,Canada,3,Both,22,All ages,976,Diabetes mellitus type 2,3,Rate,2023,5768.46438938627,6291.17167066358,5293.70263448668
1,All Population,5,Prevalence,67,Japan,3,Both,22,All ages,976,Diabetes mellitus type 2,3,Rate,2023,11069.951088802089,12300.88664348776,9990.64672141508
1,All Population,5,Prevalence,24,Marshall Islands,3,Both,22,All ages,976,Diabetes mellitus type 2,3,Rate,2023,14577.778493984431,15867.280389290761,13270.58289929634
1,All Population,5,Prevalence,155,Türkiye,3,Both,22,All ages,976,Diabetes mellitus type 2,3,Rate,2023,10085.523640067511,11051.47607948366,9158.94018641396
1,All Population,5,Prevalence,144,Jordan,3,Both,22,All ages,976,Diabetes mellitus type 2,3,Rate,2023,10586.84902341511,11393.451239222679,9802.02356165912
1,All Population,5,Prevalence,35,Georgia,3,Both,22,All ages,976,Diabetes mellitus type 2,3,Rate,2023,6458.41758186723,7053.664468207669,5961.62842000877
1,All Population,5,Prevalence,208,Guinea,3,Both,22,All ages,976,Diabetes mellitus type 2,3,Rate,2022,2219.8889189639,2475.48300113525,2033.64992715418
1,All Population,5,Prevalence,112,Grenada,3,Both,22,All ages,976,Diabetes mellitus type 2,3,Rate,2023,14228.83227305807,15137.411036037041,13323.888536981021
1,All Population,5,Prevalence,80,France,3,Both,22,All ages,976,Diabetes mellitus type 2,3,Rate,2023,6105.68342766357,6666.7098032494005,5596.83309076476
1,All Population,5,Prevalence,69,Singapore,3,Both,22,All ages,976,Diabetes mellitus type 2,3,Rate,2023,6500.44335740889,7272.8012419939,5915.6442617474295
1,All Population,5,Prevalence,125,Colombia,3,Both,22,All ages,976,Diabetes mellitus type 2,3,Rate,2023,6472.20894388585,7043.30178414725,5863.7345043141695
1,All Population,5,Prevalence,146,Lebanon,3,Both,22,All ages,976,Diabetes mellitus type 2,3,Rate,2023,13003.190310835,14073.57436374,11924.53771732559
1,All Population,5,Prevalence,157,Yemen,3,Both,22,All ages,976,Diabetes mellitus type 2,3,Rate,2023,4428.31527596442,4860.30674177014,3952.6399269269605
1,All Population,5,Prevalence,203,Cabo Verde,3,Both,22,All ages,976,Diabetes mellitus type 2,3,Rate,2023,5329.0009547645805,5820.82442459952,4784.90463267291
1,All Population,5,Prevalence,82,Greece,3,Both,22,All ages,976,Diabetes mellitus type 2,3,Rate,2023,6648.22536573018,7288.56878013371,6076.26044494148
1,All Population,5,Prevalence,114,Haiti,3,Both,22,All ages,976,Diabetes mellitus type 2,3,Rate,2023,4656.88054146468,5100.18447961672,4190.46049285842
1,All Population,5,Prevalence,48,Hungary,3,Both,22,All ages,976,Diabetes mellitus type 2,3,Rate,2023,6771.878711873141,7440.992335600639,5913.41584880292
1,All Population,5,Prevalence,194,Lesotho,3,Both,22,All ages,976,Diabetes mellitus type 2,3,Rate,2023,3157.17565162406,3431.0084310059897,2891.13191908719
1,All Population,5,Prevalence,95,United Kingdom,3,Both,22,All ages,976,Diabetes mellitus type 2,3,Rate,2023,7844.70571887992,8550.473666063759,7081.051920530231
1,All Population,5,Prevalence,205,Côte d'Ivoire,3,Both,22,All ages,976,Diabetes mellitus type 2,3,Rate,2023,2955.0315757333497,3275.86782798676,2659.28968966544
1,All Population,5,Prevalence,127,El Salvador,3,Both,22,All ages,976,Diabetes mellitus type 2,3,Rate,2023,7290.171656052879,7955.2025573560195,6706.073112930911
1,All Population,5,Prevalence,116,Saint Lucia,3,Both,22,All ages,976,Diabetes mellitus type 2,3,Rate,2023,14216.37791438762,15223.61056504024,12877.987255830769
1,All Population,5,Prevalence,172,Equatorial Guinea,3,Both,22,All ages,976,Diabetes mellitus type 2,3,Rate,2023,3929.47416308944,4390.57363760968,3538.29113713565
1,All Population,5,Prevalence,367,Monaco,3,Both,22,All ages,976,Diabetes mellitus type 2,3,Rate,2023,6815.577264062809,7638.148158766669,6123.8442580832
1,All Population,5,Prevalence,161,Bangladesh,3,Both,22,All ages,976,Diabetes mellitus type 2,3,Rate,2023,5934.19272785036,6443.244921774941,5498.52890855448
1,All Population,5,Prevalence,140,Bahrain,3,Both,22,All ages,976,Diabetes mellitus type 2,3,Rate,2023,19482.76416989271,21177.860241472878,17833.44293068943
1,All Population,5,Prevalence,129,Honduras,3,Both,22,All ages,976,Diabetes mellitus type 2,3,Rate,2023,4320.386794297689,4774.75322181294,3917.8871944279103
1,All Population,5,Prevalence,207,Ghana,3,Both,22,All ages,976,Diabetes mellitus type 2,3,Rate,2023,3606.22481861562,3952.9622653587303,3277.069373548
1,All Population,5,Prevalence,218,Togo,3,Both,22,All ages,976,Diabetes mellitus type 2,3,Rate,2023,2415.46239950207,2649.02655597245,2186.2270402438403
1,All Population,5,Prevalence,11,Indonesia,3,Both,22,All ages,976,Diabetes mellitus type 2,3,Rate,2023,5136.7402447084705,5737.03214004104,4574.10053035097
1,All Population,5,Prevalence,43,Albania,3,Both,22,All ages,976,Diabetes mellitus type 2,3,Rate,2023,5194.18778820315,5826.28996960219,4675.83276621885
1,All Population,5,Prevalence,435,South Sudan,3,Both,22,All ages,976,Diabetes mellitus type 2,3,Rate,2023,1628.48145711845,1774.86462458449,1476.28004617146
1,All Population,5,Prevalence,142,Iran (Islamic Republic of),3,Both,22,All ages,976,Diabetes mellitus type 2,3,Rate,2023,8897.27561100407,9883.8517378119,7955.781813403651
1,All Population,5,Prevalence,38,Mongolia,3,Both,22,All ages,976,Diabetes mellitus type 2,3,Rate,2023,3799.4136161201895,4178.75866510414,3419.0393704908297
1,All Population,5,Prevalence,49,North Macedonia,3,Both,22,All ages,976,Diabetes mellitus type 2,3,Rate,2023,10779.76118006051,12051.147573755181,9744.2886001049
1,All Population,5,Prevalence,209,Guinea-Bissau,3,Both,22,All ages,976,Diabetes mellitus type 2,3,Rate,2023,2954.60175849831,3269.82788455447,2649.64245422671
1,All Population,5,Prevalence,17,Sri Lanka,3,Both,22,All ages,976,Diabetes mellitus type 2,3,Rate,2023,9927.447873366289,10671.14190673408,9218.8784283369
1,All Population,5,Prevalence,45,Bulgaria,3,Both,22,All ages,976,Diabetes mellitus type 2,3,Rate,2023,8361.33105055666,9024.637676769811,7776.9745109057
1,All Population,5,Prevalence,51,Poland,3,Both,22,All ages,976,Diabetes mellitus type 2,3,Rate,2023,11572.1723655954,12418.29125971263,10793.353869396551
1,All Population,5,Prevalence,13,Malaysia,3,Both,22,All ages,976,Diabetes mellitus type 2,3,Rate,2023,7762.862836294521,8516.1956772041,7087.03095785557
1,All Population,5,Prevalence,6,China,3,Both,22,All ages,976,Diabetes mellitus type 2,3,Rate,2023,7576.66737491378,8318.427185437511,6927.29506521491
1,All Population,5,Prevalence,90,Norway,3,Both,22,All ages,976,Diabetes mellitus type 2,3,Rate,2023,6415.69100121514,7211.2855192895995,5670.19754962038
1,All Population,5,Prevalence,47,Czechia,3,Both,22,All ages,976,Diabetes mellitus type 2,3,Rate,2023,8642.68306958938,9467.136181023341,7887.30205206319
1,All Population,5,Prevalence,26,Papua New Guinea,3,Both,22,All ages,976,Diabetes mellitus type 2,3,Rate,2023,5639.0036113900105,6183.93737806608,5179.43737568939
1,All Population,5,Prevalence,176,Comoros,3,Both,22,All ages,976,Diabetes mellitus type 2,3,Rate,2023,2912.54543622926,3170.31476157895,2659.50749211308
1,All Population,5,Prevalence,187,Somalia,3,Both,22,All ages,976,Diabetes mellitus type 2,3,Rate,2023,1615.78860619494,1769.2012250625298,1475.51822123732
1,All Population,5,Prevalence,85,Israel,3,Both,22,All ages,976,Diabetes mellitus type 2,3,Rate,2023,4170.604875951351,4472.76028376701,3885.02890445779
1,All Population,5,Prevalence,305,Bermuda,3,Both,22,All ages,976,Diabetes mellitus type 2,3,Rate,2023,9832.26899830438,10808.72595727531,8899.692559217181
1,All Population,5,Prevalence,19,Timor-Leste,3,Both,22,All ages,976,Diabetes mellitus type 2,3,Rate,2023,2576.83044742372,2860.90433571194,2332.57876043921
1,All Population,5,Prevalence,53,Serbia,3,Both,22,All ages,976,Diabetes mellitus type 2,3,Rate,2023,8053.23419797119,8963.65282803325,7385.15729080452
1,All Population,5,Prevalence,58,Estonia,3,Both,22,All ages,976,Diabetes mellitus type 2,3,Rate,2023,7293.239291632531,8006.490507417099,6588.97490953972
1,All Population,5,Prevalence,15,Myanmar,3,Both,22,All ages,976,Diabetes mellitus type 2,3,Rate,2023,5889.05789014982,6376.281513021249,5420.36638881158
1,All Population,5,Prevalence,8,Taiwan,3,Both,22,All ages,976,Diabetes mellitus type 2,3,Rate,2023,9719.85641872279,10509.360479528359,8984.58780282316
1,All Population,5,Prevalence,92,Spain,3,Both,22,All ages,976,Diabetes mellitus type 2,3,Rate,2023,8584.18650596276,9435.47457278503,7795.16707960851
1,All Population,5,Prevalence,349,Greenland,3,Both,22,All ages,976,Diabetes mellitus type 2,3,Rate,2023,3894.54168667824,4431.11321358867,3509.4240200223503
1,All Population,5,Prevalence,28,Solomon Islands,3,Both,22,All ages,976,Diabetes mellitus type 2,3,Rate,2023,6521.62414365386,7168.33632913583,5932.92238155597
1,All Population,5,Prevalence,190,Uganda,3,Both,22,All ages,976,Diabetes mellitus type 2,3,Rate,2023,1873.47275333529,2047.26087717911,1693.9900508001701
1,All Population,5,Prevalence,98,Chile,3,Both,22,All ages,976,Diabetes mellitus type 2,3,Rate,2023,3299.81866117474,3593.15196764464,3020.28099711279
1,All Population,5,Prevalence,60,Lithuania,3,Both,22,All ages,976,Diabetes mellitus type 2,3,Rate,2023,7247.55198996075,7857.147764036989,6479.4718983927205
1,All Population,5,Prevalence,71,Australia,3,Both,22,All ages,976,Diabetes mellitus type 2,3,Rate,2023,3756.46824183844,4104.93267499635,3403.32597698303
1,All Population,5,Prevalence,109,Cuba,3,Both,22,All ages,976,Diabetes mellitus type 2,3,Rate,2023,6988.19925867369,7734.621773130621,6353.92122761681
1,All Population,5,Prevalence,55,Slovenia,3,Both,22,All ages,976,Diabetes mellitus type 2,3,Rate,2023,8032.68437431138,8732.25664860338,7247.509865407829
1,All Population,5,Prevalence,105,Antigua and Barbuda,3,Both,22,All ages,976,Diabetes mellitus type 2,3,Rate,2023,11283.137579664939,12418.861700368368,10525.880280779309
1,All Population,5,Prevalence,30,Vanuatu,3,Both,22,All ages,976,Diabetes mellitus type 2,3,Rate,2023,6956.49828893502,7613.60120528928,6349.469716264481
1,All Population,5,Prevalence,66,Brunei Darussalam,3,Both,22,All ages,976,Diabetes mellitus type 2,3,Rate,2023,8535.12584431096,9231.930033210629,7817.2402275061695
1,All Population,5,Prevalence,143,Iraq,3,Both,22,All ages,976,Diabetes mellitus type 2,3,Rate,2023,10074.98708953175,10953.35479534908,9132.49868969765
1,All Population,5,Prevalence,62,Russian Federation,3,Both,22,All ages,976,Diabetes mellitus type 2,3,Rate,2023,6192.50968285128,6929.917257432119,5567.00635057066
1,All Population,5,Prevalence,79,Finland,3,Both,22,All ages,976,Diabetes mellitus type 2,3,Rate,2023,9355.57467927303,10359.51286157133,8457.05683970602
1,All Population,5,Prevalence,139,Algeria,3,Both,22,All ages,976,Diabetes mellitus type 2,3,Rate,2023,10685.68258371533,11636.6919438152,9855.43405260977
1,All Population,5,Prevalence,34,Azerbaijan,3,Both,22,All ages,976,Diabetes mellitus type 2,3,Rate,2023,6048.36959362666,6670.0597840827,5512.29998322637
1,All Population,5,Prevalence,150,Oman,3,Both,22,All ages,976,Diabetes mellitus type 2,3,Rate,2023,9236.71639524662,10103.46481055731,8311.9265533702
1,All Population,5,Prevalence,118,Suriname,3,Both,22,All ages,976,Diabetes mellitus type 2,3,Rate,2023,12710.92302232308,13848.40649031407,11665.30317893185
1,All Population,5,Prevalence,107,Barbados,3,Both,22,All ages,976,Diabetes mellitus type 2,3,Rate,2023,16833.54211969587,18331.98718202968,15607.73209148895
1,All Population,5,Prevalence,111,Dominican Republic,3,Both,22,All ages,976,Diabetes mellitus type 2,3,Rate,2023,7666.8764277379205,8421.95242330684,7036.50361842285
1,All Population,5,Prevalence,86,Italy,3,Both,22,All ages,976,Diabetes mellitus type 2,3,Rate,2023,7082.50539115536,7900.47264518556,6275.45808802142
1,All Population,5,Prevalence,23,Kiribati,3,Both,22,All ages,976,Diabetes mellitus type 2,3,Rate,2023,11402.22475637971,12294.92528007434,10462.55264223074
1,All Population,5,Prevalence,41,Uzbekistan,3,Both,22,All ages,976,Diabetes mellitus type 2,3,Rate,2023,4281.66589920529,4731.48653842826,3969.63433596135
1,All Population,5,Prevalence,75,Austria,3,Both,22,All ages,976,Diabetes mellitus type 2,3,Rate,2023,4495.56233706446,4899.71694354008,4162.48280528249
1,All Population,5,Prevalence,184,Mozambique,3,Both,22,All ages,976,Diabetes mellitus type 2,3,Rate,2023,1334.58345224322,1447.1754696037399,1218.88463654715
1,All Population,5,Prevalence,68,Republic of Korea,3,Both,22,All ages,976,Diabetes mellitus type 2,3,Rate,2023,9819.51958950002,10129.54321716429,9495.8877116506
1,All Population,5,Prevalence,156,United Arab Emirates,3,Both,22,All ages,976,Diabetes mellitus type 2,3,Rate,2023,20452.38170307161,22423.76850726761,18412.85411261959
1,All Population,5,Prevalence,152,Saudi Arabia,3,Both,22,All ages,976,Diabetes mellitus type 2,3,Rate,2023,19875.846402582258,21788.73038504945,18142.39843357191
1,All Population,5,Prevalence,36,Kazakhstan,3,Both,22,All ages,976,Diabetes mellitus type 2,3,Rate,2023,5452.16780057762,5890.0184701279095,4973.58861915549
1,All Population,5,Prevalence,163,India,3,Both,22,All ages,976,Diabetes mellitus type 2,3,Rate,2023,7322.5171916829895,8008.788441407571,6627.35868853664
1,All Population,5,Prevalence,113,Guyana,3,Both,22,All ages,976,Diabetes mellitus type 2,3,Rate,2023,9848.55581458123,10895.6152945361,9134.79913793996
1,All Population,5,Prevalence,81,Germany,3,Both,22,All ages,976,Diabetes mellitus type 2,3,Rate,2023,7929.72113555039,8619.73614602441,7273.87917049034
1,All Population,5,Prevalence,88,Malta,3,Both,22,All ages,976,Diabetes mellitus type 2,3,Rate,2023,6182.78992820029,6682.184449280349,5738.4016121246
1,All Population,5,Prevalence,145,Kuwait,3,Both,22,All ages,976,Diabetes mellitus type 2,3,Rate,2023,19439.26420636625,21289.61512544007,17800.88087095143
1,All Population,5,Prevalence,202,Cameroon,3,Both,22,All ages,976,Diabetes mellitus type 2,3,Rate,2023,2813.1687963896297,3084.04065788424,2526.93652635719
1,All Population,5,Prevalence,191,Zambia,3,Both,22,All ages,976,Diabetes mellitus type 2,3,Rate,2023,2472.0667016006796,2700.3245628946,2250.07891350897
1,All Population,5,Prevalence,198,Zimbabwe,3,Both,22,All ages,976,Diabetes mellitus type 2,3,Rate,2023,2595.51948000195,2841.93811805703,2366.78876583927
1,All Population,5,Prevalence,77,Cyprus,3,Both,22,All ages,976,Diabetes mellitus type 2,3,Rate,2023,6902.88798939021,7599.58205625976,6243.1140041751005
1,All Population,5,Prevalence,522,Sudan,3,Both,22,All ages,976,Diabetes mellitus type 2,3,Rate,2023,6532.75362134688,7184.13908917733,6004.275802519321
1,All Population,5,Prevalence,94,Switzerland,3,Both,22,All ages,976,Diabetes mellitus type 2,3,Rate,2023,5353.64365063628,5906.53990747059,4849.15650904928
1,All Population,5,Prevalence,133,Venezuela (Bolivarian Republic of),3,Both,22,All ages,976,Diabetes mellitus type 2,3,Rate,2023,8485.77168483551,9219.25575099366,7764.34821072961
1,All Population,5,Prevalence,83,Iceland,3,Both,22,All ages,976,Diabetes mellitus type 2,3,Rate,2023,4783.7982986527795,5279.30778220521,4337.08453118967
1,All Population,5,Prevalence,126,Costa Rica,3,Both,22,All ages,976,Diabetes mellitus type 2,3,Rate,2023,9740.01477615949,10880.46495666351,8915.20060265401
1,All Population,5,Prevalence,165,Pakistan,3,Both,22,All ages,976,Diabetes mellitus type 2,3,Rate,2023,5653.57618562607,6246.626696758361,5081.51358806309
1,All Population,5,Prevalence,115,Jamaica,3,Both,22,All ages,976,Diabetes mellitus type 2,3,Rate,2023,9850.85485880341,10629.70411740419,9132.65772943692
1,All Population,5,Prevalence,147,Libya,3,Both,22,All ages,976,Diabetes mellitus type 2,3,Rate,2023,13706.476983526,15171.347513687899,12429.3126758294
1,All Population,5,Prevalence,154,Tunisia,3,Both,22,All ages,976,Diabetes mellitus type 2,3,Rate,2023,12234.99791969374,13312.37704755662,11242.81283596186
1,All Population,5,Prevalence,204,Chad,3,Both,22,All ages,976,Diabetes mellitus type 2,3,Rate,2023,1955.38179370321,2153.99156518399,1760.3693951567
1,All Population,5,Prevalence,122,Ecuador,3,Both,22,All ages,976,Diabetes mellitus type 2,3,Rate,2023,6169.20337740772,6551.1774784588,5742.67025625709
1,All Population,5,Prevalence,193,Botswana,3,Both,22,All ages,976,Diabetes mellitus type 2,3,Rate,2023,3723.83974606255,4074.7005421879403,3414.98671318893
1,All Population,5,Prevalence,298,American Samoa,3,Both,22,All ages,976,Diabetes mellitus type 2,3,Rate,2023,17293.30160870966,18658.14257277039,15956.0813055345
1,All Population,5,Prevalence,211,Mali,3,Both,22,All ages,976,Diabetes mellitus type 2,3,Rate,2023,4222.18226581204,4646.80142513762,3802.7542673242
1,All Population,5,Prevalence,160,Afghanistan,3,Both,22,All ages,976,Diabetes mellitus type 2,3,Rate,2023,5519.60693108776,6061.2960033132695,5017.65259204826
1,All Population,5,Prevalence,422,United States Virgin Islands,3,Both,22,All ages,976,Diabetes mellitus type 2,3,Rate,2023,14208.15168897289,15648.415554344841,12902.494966722381
1,All Population,5,Prevalence,128,Guatemala,3,Both,22,All ages,976,Diabetes mellitus type 2,3,Rate,2023,7680.47391742335,8351.161444713149,7187.84157787225
1,All Population,5,Prevalence,135,Brazil,3,Both,22,All ages,976,Diabetes mellitus type 2,3,Rate,2023,6532.6921576759705,7175.24083947578,5846.6327915048505
1,All Population,5,Prevalence,171,Democratic Republic of the Congo,3,Both,22,All ages,976,Diabetes mellitus type 2,3,Rate,2023,3361.6463013452303,3679.1165959713,3044.80892622672
1,All Population,5,Prevalence,206,Gambia,3,Both,22,All ages,976,Diabetes mellitus type 2,3,Rate,2023,3747.16599612229,4120.24070533098,3358.09005528251
1,All Population,5,Prevalence,200,Benin,3,Both,22,All ages,976,Diabetes mellitus type 2,3,Rate,2023,2639.29689606529,2873.6162415708,2414.68694913531
1,All Population,5,Prevalence,369,Nauru,3,Both,22,All ages,976,Diabetes mellitus type 2,3,Rate,2023,10812.94959978049,11648.04388850456,9947.39343606671
1,All Population,5,Prevalence,178,Eritrea,3,Both,22,All ages,976,Diabetes mellitus type 2,3,Rate,2023,2051.03664945347,2245.3766957341,1851.14434900161
1,All Population,5,Prevalence,141,Egypt,3,Both,22,All ages,976,Diabetes mellitus type 2,3,Rate,2023,11026.76630687731,11963.00601068949,10150.39256680238
1,All Population,5,Prevalence,393,Saint Kitts and Nevis,3,Both,22,All ages,976,Diabetes mellitus type 2,3,Rate,2023,11371.357204521031,12433.68469903251,10510.65468138833
1,All Population,5,Prevalence,213,Niger,3,Both,22,All ages,976,Diabetes mellitus type 2,3,Rate,2023,2019.6280386129602,2209.24938193903,1830.3077396201102
1,All Population,5,Prevalence,148,Morocco,3,Both,22,All ages,976,Diabetes mellitus type 2,3,Rate,2023,10529.14767182164,11363.4775223095,9668.64745562532
1,All Population,5,Prevalence,162,Bhutan,3,Both,22,All ages,976,Diabetes mellitus type 2,3,Rate,2023,5025.453944300571,5535.1046414693,4590.45392378779
1,All Population,5,Prevalence,169,Central African Republic,3,Both,22,All ages,976,Diabetes mellitus type 2,3,Rate,2023,3601.6338225308505,3931.32585199254,3273.18563183135
1,All Population,5,Prevalence,130,Mexico,3,Both,22,All ages,976,Diabetes mellitus type 2,3,Rate,2023,12449.7002794582,13569.32183324171,11232.0603609941
1,All Population,5,Prevalence,208,Guinea,3,Both,22,All ages,976,Diabetes mellitus type 2,3,Rate,2023,2248.09063192828,2471.6284069642697,2024.19989591784
1,All Population,5,Prevalence,173,Gabon,3,Both,22,All ages,976,Diabetes mellitus type 2,3,Rate,2023,5840.20867201468,6379.237225229919,5321.83589349475
1,All Population,5,Prevalence,180,Kenya,3,Both,22,All ages,976,Diabetes mellitus type 2,3,Rate,2023,2197.85501025556,2419.2519129408297,1973.4202562094
1,All Population,5,Prevalence,413,Tokelau,3,Both,22,All ages,976,Diabetes mellitus type 2,3,Rate,2023,17689.147460790962,19076.84567648164,16122.173860505309
1,All Population,5,Prevalence,215,Sao Tome and Principe,3,Both,22,All ages,976,Diabetes mellitus type 2,3,Rate,2023,4499.70153168056,5033.17728182794,4012.89773527593
1,All Population,5,Prevalence,186,Seychelles,3,Both,22,All ages,976,Diabetes mellitus type 2,3,Rate,2023,10357.60713034521,11412.38002861431,9473.36299779764
1,All Population,5,Prevalence,175,Burundi,3,Both,22,All ages,976,Diabetes mellitus type 2,3,Rate,2023,1543.6653731269,1695.2827633474901,1380.89736741259
1,All Population,5,Prevalence,182,Malawi,3,Both,22,All ages,976,Diabetes mellitus type 2,3,Rate,2023,1296.82533738339,1413.2795139832901,1184.46518748295
1,All Population,5,Prevalence,217,Sierra Leone,3,Both,22,All ages,976,Diabetes mellitus type 2,3,Rate,2023,2979.69312601084,3268.7854304504403,2698.88830503271
1,All Population,5,Prevalence,189,United Republic of Tanzania,3,Both,22,All ages,976,Diabetes mellitus type 2,3,Rate,2023,1622.07447921052,1761.34092660922,1483.48629499433
1,All Population,5,Prevalence,177,Djibouti,3,Both,22,All ages,976,Diabetes mellitus type 2,3,Rate,2023,2224.2663579557498,2423.38320535709,2032.29383112764
1,All Population,5,Prevalence,320,Cook Islands,3,Both,22,All ages,976,Diabetes mellitus type 2,3,Rate,2023,19107.59129801438,20635.120111158813,17691.70227090229
1,All Population,5,Prevalence,196,South Africa,3,Both,22,All ages,976,Diabetes mellitus type 2,3,Rate,2023,6618.16955302037,7237.30153314922,5958.36131669178
1,All Population,5,Prevalence,351,Guam,3,Both,22,All ages,976,Diabetes mellitus type 2,3,Rate,2023,8895.75529421592,9695.29922893396,8133.5315652013505
1,All Population,5,Prevalence,374,Niue,3,Both,22,All ages,976,Diabetes mellitus type 2,3,Rate,2023,19614.981976289182,21314.066914276867,18041.23073414749
1,All Population,5,Prevalence,380,Palau,3,Both,22,All ages,976,Diabetes mellitus type 2,3,Rate,2023,16376.678799113339,17517.54209669299,15051.81755630418
