population_group_id,population_group_name,measure_id,measure_name,location_id,location_name,sex_id,sex_name,age_id,age_name,cause_id,cause_name,metric_id,metric_name,year,val,upper,lower
1,All Population,5,Prevalence,83,Iceland,3,Both,22,All ages,557,Other neurological disorders,3,Rate,2014,0.53634778515,0.77118323615,0.35183468803
1,All Population,5,Prevalence,177,Djibouti,3,Both,22,All ages,557,Other neurological disorders,3,Rate,2014,0.31643506253000003,0.46605017650999997,0.20263844678
1,All Population,5,Prevalence,143,Iraq,3,Both,22,All ages,557,Other neurological disorders,3,Rate,2014,0.33250870500999996,0.48410882224,0.2085386548
1,All Population,5,Prevalence,38,Mongolia,3,Both,22,All ages,557,Other neurological disorders,3,Rate,2014,0.40309041102000004,0.58911335294,0.25664400989
1,All Population,5,Prevalence,130,Mexico,3,Both,22,All ages,557,Other neurological disorders,3,Rate,2014,0.5389864022,0.74289010704,0.36736103455
1,All Population,5,Prevalence,119,Trinidad and Tobago,3,Both,22,All ages,557,Other neurological disorders,3,Rate,2014,0.64450326599,0.94295300873,0.41077874525999997
1,All Population,5,Prevalence,25,Micronesia (Federated States of),3,Both,22,All ages,557,Other neurological disorders,3,Rate,2014,0.26125402035,0.38560865895,0.16492558831999998
1,All Population,5,Prevalence,191,Zambia,3,Both,22,All ages,557,Other neurological disorders,3,Rate,2014,0.28597724238,0.41277928903000005,0.18213947202
1,All Population,5,Prevalence,369,Nauru,3,Both,22,All ages,557,Other neurological disorders,3,Rate,2014,0.23716595300999999,0.34622908365,0.14982262455
1,All Population,5,Prevalence,145,Kuwait,3,Both,22,All ages,557,Other neurological disorders,3,Rate,2014,0.32956795199,0.49119619894,0.21030575272000002
1,All Population,5,Prevalence,66,Brunei Darussalam,3,Both,22,All ages,557,Other neurological disorders,3,Rate,2015,0.8577181343199999,1.26912474182,0.55607244361
1,All Population,5,Prevalence,68,Republic of Korea,3,Both,22,All ages,557,Other neurological disorders,3,Rate,2015,0.76628133429,0.97923530719,0.52605438463
1,All Population,5,Prevalence,40,Turkmenistan,3,Both,22,All ages,557,Other neurological disorders,3,Rate,2014,0.41122658836,0.59935823163,0.26012845575
1,All Population,5,Prevalence,147,Libya,3,Both,22,All ages,557,Other neurological disorders,3,Rate,2014,0.36017687218,0.52853359827,0.22640719457000003
1,All Population,5,Prevalence,376,Northern Mariana Islands,3,Both,22,All ages,557,Other neurological disorders,3,Rate,2014,0.29465596235,0.43040392021,0.18647641611
1,All Population,5,Prevalence,193,Botswana,3,Both,22,All ages,557,Other neurological disorders,3,Rate,2014,0.35580758576,0.53469644722,0.22709681642
1,All Population,5,Prevalence,72,New Zealand,3,Both,22,All ages,557,Other neurological disorders,3,Rate,2014,0.5780550318,0.81349548823,0.37473310882
1,All Population,5,Prevalence,85,Israel,3,Both,22,All ages,557,Other neurological disorders,3,Rate,2014,0.49887307770000006,0.7253066259300001,0.31858119619
1,All Population,5,Prevalence,113,Guyana,3,Both,22,All ages,557,Other neurological disorders,3,Rate,2015,0.57482352121,0.8311270319199999,0.36919804968000003
1,All Population,5,Prevalence,149,Palestine,3,Both,22,All ages,557,Other neurological disorders,3,Rate,2014,0.33229601824,0.47493513678,0.20926547239999999
1,All Population,5,Prevalence,195,Namibia,3,Both,22,All ages,557,Other neurological disorders,3,Rate,2014,0.34462534877,0.49522401591000004,0.21690605872000002
1,All Population,5,Prevalence,206,Gambia,3,Both,22,All ages,557,Other neurological disorders,3,Rate,2014,0.32737547909,0.47817412741,0.20462230881000001
1,All Population,5,Prevalence,179,Ethiopia,3,Both,22,All ages,557,Other neurological disorders,3,Rate,2014,0.31063931755,0.45975853171,0.19593207232999998
1,All Population,5,Prevalence,8,Taiwan,3,Both,22,All ages,557,Other neurological disorders,3,Rate,2015,0.35930353051999997,0.49050035982999995,0.23148625724000002
1,All Population,5,Prevalence,102,United States of America,3,Both,22,All ages,557,Other neurological disorders,3,Rate,2015,0.60714551345,0.84597936343,0.39799645615
1,All Population,5,Prevalence,72,New Zealand,3,Both,22,All ages,557,Other neurological disorders,3,Rate,2015,0.5771828648299999,0.81345752071,0.37509224689000004
1,All Population,5,Prevalence,132,Panama,3,Both,22,All ages,557,Other neurological disorders,3,Rate,2014,0.5706515202,0.8310019387400001,0.37242610115999997
1,All Population,5,Prevalence,197,Eswatini,3,Both,22,All ages,557,Other neurological disorders,3,Rate,2014,0.3392674091,0.48430021428000003,0.21172240607
1,All Population,5,Prevalence,51,Poland,3,Both,22,All ages,557,Other neurological disorders,3,Rate,2014,0.37510270447,0.53700235885,0.24994793956
1,All Population,5,Prevalence,27,Samoa,3,Both,22,All ages,557,Other neurological disorders,3,Rate,2014,0.2617569552,0.37985115332999997,0.16388328302
1,All Population,5,Prevalence,351,Guam,3,Both,22,All ages,557,Other neurological disorders,3,Rate,2014,0.29986964611,0.43979539971,0.19274318375
1,All Population,5,Prevalence,181,Madagascar,3,Both,22,All ages,557,Other neurological disorders,3,Rate,2014,0.29782008357,0.43471427368,0.1897294459
1,All Population,5,Prevalence,208,Guinea,3,Both,22,All ages,557,Other neurological disorders,3,Rate,2014,0.32626236796,0.4605599271,0.20924824336
1,All Population,5,Prevalence,87,Luxembourg,3,Both,22,All ages,557,Other neurological disorders,3,Rate,2014,0.56597798796,0.8149679611399999,0.3602595314
1,All Population,5,Prevalence,149,Palestine,3,Both,22,All ages,557,Other neurological disorders,3,Rate,2015,0.33293723852,0.47566479587,0.21007915026
1,All Population,5,Prevalence,128,Guatemala,3,Both,22,All ages,557,Other neurological disorders,3,Rate,2014,0.5143396959100001,0.7526476439700001,0.32897374904000004
1,All Population,5,Prevalence,6,China,3,Both,22,All ages,557,Other neurological disorders,3,Rate,2015,0.2885368029,0.42615928335,0.17939969836
1,All Population,5,Prevalence,376,Northern Mariana Islands,3,Both,22,All ages,557,Other neurological disorders,3,Rate,2015,0.29740343995999996,0.43594532937,0.18899020617
1,All Population,5,Prevalence,55,Slovenia,3,Both,22,All ages,557,Other neurological disorders,3,Rate,2015,0.41117719996,0.5933067641800001,0.2612947304
1,All Population,5,Prevalence,160,Afghanistan,3,Both,22,All ages,557,Other neurological disorders,3,Rate,2015,0.31865780049,0.46355184644,0.19517804838
1,All Population,5,Prevalence,195,Namibia,3,Both,22,All ages,557,Other neurological disorders,3,Rate,2015,0.34536831973,0.49631094387,0.21748508651
1,All Population,5,Prevalence,10,Cambodia,3,Both,22,All ages,557,Other neurological disorders,3,Rate,2015,0.18155215032,0.26663054286,0.11618182686
1,All Population,5,Prevalence,115,Jamaica,3,Both,22,All ages,557,Other neurological disorders,3,Rate,2015,0.61359295191,0.89033207799,0.38945188998
1,All Population,5,Prevalence,208,Guinea,3,Both,22,All ages,557,Other neurological disorders,3,Rate,2015,0.32600135268,0.46078184845000003,0.20906538943
1,All Population,5,Prevalence,175,Burundi,3,Both,22,All ages,557,Other neurological disorders,3,Rate,2015,0.29167860186,0.42284059861,0.18157961108
1,All Population,5,Prevalence,210,Liberia,3,Both,22,All ages,557,Other neurological disorders,3,Rate,2014,0.32907497574,0.48670148838,0.20272930186
1,All Population,5,Prevalence,197,Eswatini,3,Both,22,All ages,557,Other neurological disorders,3,Rate,2015,0.34115840297,0.48665622379999995,0.21320073392
1,All Population,5,Prevalence,6,China,3,Both,22,All ages,557,Other neurological disorders,3,Rate,2014,0.28588361916,0.42148698821999997,0.17812159676
1,All Population,5,Prevalence,98,Chile,3,Both,22,All ages,557,Other neurological disorders,3,Rate,2015,0.6141694507700001,0.82536126939,0.41283955123000005
1,All Population,5,Prevalence,210,Liberia,3,Both,22,All ages,557,Other neurological disorders,3,Rate,2015,0.3303018635,0.48932890981,0.20354602013000003
1,All Population,5,Prevalence,98,Chile,3,Both,22,All ages,557,Other neurological disorders,3,Rate,2014,0.60945593339,0.82398362216,0.40851096573
1,All Population,5,Prevalence,177,Djibouti,3,Both,22,All ages,557,Other neurological disorders,3,Rate,2015,0.31746490447,0.467599482,0.20318971036000003
1,All Population,5,Prevalence,33,Armenia,3,Both,22,All ages,557,Other neurological disorders,3,Rate,2014,0.47691528706,0.6908531233,0.30515903046000004
1,All Population,5,Prevalence,51,Poland,3,Both,22,All ages,557,Other neurological disorders,3,Rate,2015,0.37663278912,0.5376944849599999,0.25082550277
1,All Population,5,Prevalence,212,Mauritania,3,Both,22,All ages,557,Other neurological disorders,3,Rate,2015,0.33372221134,0.48279551212,0.212546219
1,All Population,5,Prevalence,53,Serbia,3,Both,22,All ages,557,Other neurological disorders,3,Rate,2014,0.3025664093,0.4323791795,0.20175249547000002
1,All Population,5,Prevalence,80,France,3,Both,22,All ages,557,Other neurological disorders,3,Rate,2014,0.54547876647,0.75692662288,0.36194260124
1,All Population,5,Prevalence,12,Lao People's Democratic Republic,3,Both,22,All ages,557,Other neurological disorders,3,Rate,2015,0.17594598912,0.25746609949,0.11049877098
1,All Population,5,Prevalence,117,Saint Vincent and the Grenadines,3,Both,22,All ages,557,Other neurological disorders,3,Rate,2015,0.63388834423,0.9224814596199999,0.40280760266
1,All Population,5,Prevalence,66,Brunei Darussalam,3,Both,22,All ages,557,Other neurological disorders,3,Rate,2014,0.8520266512700001,1.26297442318,0.55150774646
1,All Population,5,Prevalence,162,Bhutan,3,Both,22,All ages,557,Other neurological disorders,3,Rate,2015,0.31648333091999997,0.45192602649,0.20177709402000002
1,All Population,5,Prevalence,179,Ethiopia,3,Both,22,All ages,557,Other neurological disorders,3,Rate,2015,0.31140460872,0.46057390457999997,0.19658348491
1,All Population,5,Prevalence,23,Kiribati,3,Both,22,All ages,557,Other neurological disorders,3,Rate,2015,0.25092777384,0.36692580289,0.15844413227999998
1,All Population,5,Prevalence,36,Kazakhstan,3,Both,22,All ages,557,Other neurological disorders,3,Rate,2015,0.43444068004999997,0.63430727734,0.28525897418
1,All Population,5,Prevalence,53,Serbia,3,Both,22,All ages,557,Other neurological disorders,3,Rate,2015,0.30337590585,0.43376910613999997,0.20219580446000002
1,All Population,5,Prevalence,8,Taiwan,3,Both,22,All ages,557,Other neurological disorders,3,Rate,2014,0.35559528593,0.4811070765,0.23070379696999999
1,All Population,5,Prevalence,351,Guam,3,Both,22,All ages,557,Other neurological disorders,3,Rate,2015,0.30239210629,0.44439282892,0.19447215252
1,All Population,5,Prevalence,113,Guyana,3,Both,22,All ages,557,Other neurological disorders,3,Rate,2014,0.57212008195,0.82575984064,0.3674061174
1,All Population,5,Prevalence,212,Mauritania,3,Both,22,All ages,557,Other neurological disorders,3,Rate,2014,0.33312892959,0.4820113883,0.2122274006
1,All Population,5,Prevalence,181,Madagascar,3,Both,22,All ages,557,Other neurological disorders,3,Rate,2015,0.29838541200999996,0.43642553943,0.19000839024
1,All Population,5,Prevalence,46,Croatia,3,Both,22,All ages,557,Other neurological disorders,3,Rate,2014,0.41177839166,0.5866202256999999,0.26295556793999997
1,All Population,5,Prevalence,127,El Salvador,3,Both,22,All ages,557,Other neurological disorders,3,Rate,2014,0.52929546241,0.7693645152199999,0.33246018255
1,All Population,5,Prevalence,93,Sweden,3,Both,22,All ages,557,Other neurological disorders,3,Rate,2014,0.60933597713,0.84320669317,0.39481116813000006
1,All Population,5,Prevalence,151,Qatar,3,Both,22,All ages,557,Other neurological disorders,3,Rate,2014,0.33027400277,0.51968097869,0.2124568252
1,All Population,5,Prevalence,35,Georgia,3,Both,22,All ages,557,Other neurological disorders,3,Rate,2014,0.48871664807,0.68575824014,0.32454398353
1,All Population,5,Prevalence,57,Belarus,3,Both,22,All ages,557,Other neurological disorders,3,Rate,2015,0.45453663597,0.66005086582,0.28529441891
1,All Population,5,Prevalence,187,Somalia,3,Both,22,All ages,557,Other neurological disorders,3,Rate,2014,0.29463571834999996,0.43258708114,0.19148066461
1,All Population,5,Prevalence,396,San Marino,3,Both,22,All ages,557,Other neurological disorders,3,Rate,2014,0.61107967501,0.8888116617299999,0.38430306743
1,All Population,5,Prevalence,83,Iceland,3,Both,22,All ages,557,Other neurological disorders,3,Rate,2015,0.5392249657,0.77586435538,0.3537848278
1,All Population,5,Prevalence,48,Hungary,3,Both,22,All ages,557,Other neurological disorders,3,Rate,2014,0.40308205447,0.56187506756,0.25843809754
1,All Population,5,Prevalence,140,Bahrain,3,Both,22,All ages,557,Other neurological disorders,3,Rate,2014,0.33825811542,0.49486017134000004,0.21514564041
1,All Population,5,Prevalence,119,Trinidad and Tobago,3,Both,22,All ages,557,Other neurological disorders,3,Rate,2015,0.64883751043,0.95047080299,0.41340776431000004
1,All Population,5,Prevalence,128,Guatemala,3,Both,22,All ages,557,Other neurological disorders,3,Rate,2015,0.5156301986499999,0.75676119106,0.33003800300999997
1,All Population,5,Prevalence,369,Nauru,3,Both,22,All ages,557,Other neurological disorders,3,Rate,2015,0.23793593306000002,0.34696199324,0.15051807303
1,All Population,5,Prevalence,85,Israel,3,Both,22,All ages,557,Other neurological disorders,3,Rate,2015,0.5002986234,0.7264704414100001,0.31914842732
1,All Population,5,Prevalence,59,Latvia,3,Both,22,All ages,557,Other neurological disorders,3,Rate,2014,0.47468770971,0.69531886715,0.29625248973
1,All Population,5,Prevalence,95,United Kingdom,3,Both,22,All ages,557,Other neurological disorders,3,Rate,2014,0.25356783824,0.36269080398000003,0.16449562685
1,All Population,5,Prevalence,349,Greenland,3,Both,22,All ages,557,Other neurological disorders,3,Rate,2014,0.47118641769999997,0.71328908473,0.30088385946
1,All Population,5,Prevalence,74,Andorra,3,Both,22,All ages,557,Other neurological disorders,3,Rate,2015,0.58224200796,0.8525095504,0.36589905196
1,All Population,5,Prevalence,201,Burkina Faso,3,Both,22,All ages,557,Other neurological disorders,3,Rate,2014,0.320376675,0.46307055036999994,0.19946619307
1,All Population,5,Prevalence,191,Zambia,3,Both,22,All ages,557,Other neurological disorders,3,Rate,2015,0.28642901378,0.41350866698,0.18228738587999999
1,All Population,5,Prevalence,106,Bahamas,3,Both,22,All ages,557,Other neurological disorders,3,Rate,2014,0.60292022154,0.88607977694,0.38040565766
1,All Population,5,Prevalence,63,Ukraine,3,Both,22,All ages,557,Other neurological disorders,3,Rate,2015,0.48453804635000003,0.7246196899,0.30865971544000004
1,All Population,5,Prevalence,160,Afghanistan,3,Both,22,All ages,557,Other neurological disorders,3,Rate,2014,0.31941430667000004,0.46583991993999996,0.19596998252
1,All Population,5,Prevalence,25,Micronesia (Federated States of),3,Both,22,All ages,557,Other neurological disorders,3,Rate,2015,0.26281314811,0.38655808109,0.16595659962
1,All Population,5,Prevalence,142,Iran (Islamic Republic of),3,Both,22,All ages,557,Other neurological disorders,3,Rate,2014,0.26150052661,0.38295131590000003,0.16829887388
1,All Population,5,Prevalence,16,Philippines,3,Both,22,All ages,557,Other neurological disorders,3,Rate,2015,0.2110427118,0.30885494168,0.13292163123
1,All Population,5,Prevalence,68,Republic of Korea,3,Both,22,All ages,557,Other neurological disorders,3,Rate,2014,0.76022441158,0.97251391903,0.5235373937700001
1,All Population,5,Prevalence,153,Syrian Arab Republic,3,Both,22,All ages,557,Other neurological disorders,3,Rate,2014,0.33943809978,0.49635647054,0.21594575571000002
1,All Population,5,Prevalence,61,Republic of Moldova,3,Both,22,All ages,557,Other neurological disorders,3,Rate,2014,0.44904156405000006,0.66115256412,0.28224234651999996
1,All Population,5,Prevalence,416,Tuvalu,3,Both,22,All ages,557,Other neurological disorders,3,Rate,2014,0.27525167367,0.39579480905,0.1737548079
1,All Population,5,Prevalence,203,Cabo Verde,3,Both,22,All ages,557,Other neurological disorders,3,Rate,2014,0.3694760351,0.53504627589,0.23287073015999998
1,All Population,5,Prevalence,115,Jamaica,3,Both,22,All ages,557,Other neurological disorders,3,Rate,2014,0.61112167964,0.88768270869,0.38771108973
1,All Population,5,Prevalence,55,Slovenia,3,Both,22,All ages,557,Other neurological disorders,3,Rate,2014,0.40923652786,0.59181668896,0.26000758072999997
1,All Population,5,Prevalence,50,Montenegro,3,Both,22,All ages,557,Other neurological disorders,3,Rate,2014,0.35012851119,0.50285898054,0.22701537801
1,All Population,5,Prevalence,76,Belgium,3,Both,22,All ages,557,Other neurological disorders,3,Rate,2015,0.5933641327,0.8617146221199999,0.37145473998
1,All Population,5,Prevalence,29,Tonga,3,Both,22,All ages,557,Other neurological disorders,3,Rate,2015,0.26442948537,0.38033624640999997,0.16876266885
1,All Population,5,Prevalence,10,Cambodia,3,Both,22,All ages,557,Other neurological disorders,3,Rate,2014,0.18043797468,0.26521521539000004,0.11534510793
1,All Population,5,Prevalence,102,United States of America,3,Both,22,All ages,557,Other neurological disorders,3,Rate,2014,0.60439402382,0.8424786767800001,0.39617939526
1,All Population,5,Prevalence,164,Nepal,3,Both,22,All ages,557,Other neurological disorders,3,Rate,2015,0.271084971,0.38681605769000005,0.17216573612
1,All Population,5,Prevalence,108,Belize,3,Both,22,All ages,557,Other neurological disorders,3,Rate,2014,0.55259494738,0.8100693056,0.35409318323
1,All Population,5,Prevalence,74,Andorra,3,Both,22,All ages,557,Other neurological disorders,3,Rate,2014,0.57701730304,0.84757702548,0.3638020489
1,All Population,5,Prevalence,63,Ukraine,3,Both,22,All ages,557,Other neurological disorders,3,Rate,2014,0.48227738554,0.72167149352,0.30752094167
1,All Population,5,Prevalence,155,Türkiye,3,Both,22,All ages,557,Other neurological disorders,3,Rate,2014,0.40481597200999997,0.57872680189,0.26713656246
1,All Population,5,Prevalence,214,Nigeria,3,Both,22,All ages,557,Other neurological disorders,3,Rate,2014,0.33621295093000003,0.49339391648,0.21318241455999998
1,All Population,5,Prevalence,143,Iraq,3,Both,22,All ages,557,Other neurological disorders,3,Rate,2015,0.33314203873,0.48518216843999995,0.20895685245
1,All Population,5,Prevalence,522,Sudan,3,Both,22,All ages,557,Other neurological disorders,3,Rate,2014,0.33498228396,0.48157650858999995,0.20916130762000001
1,All Population,5,Prevalence,18,Thailand,3,Both,22,All ages,557,Other neurological disorders,3,Rate,2015,0.15112613365,0.21603171251999997,0.09726826228
1,All Population,5,Prevalence,14,Maldives,3,Both,22,All ages,557,Other neurological disorders,3,Rate,2014,0.18734010631,0.27353761877,0.12012440947
1,All Population,5,Prevalence,78,Denmark,3,Both,22,All ages,557,Other neurological disorders,3,Rate,2015,0.45042935302,0.63867304922,0.29095484203
1,All Population,5,Prevalence,175,Burundi,3,Both,22,All ages,557,Other neurological disorders,3,Rate,2014,0.29130435825,0.42271105104,0.18113928789
1,All Population,5,Prevalence,193,Botswana,3,Both,22,All ages,557,Other neurological disorders,3,Rate,2015,0.35733114895999996,0.53643540021,0.22783210775
1,All Population,5,Prevalence,87,Luxembourg,3,Both,22,All ages,557,Other neurological disorders,3,Rate,2015,0.56751313608,0.8164757656,0.36109119343
1,All Population,5,Prevalence,130,Mexico,3,Both,22,All ages,557,Other neurological disorders,3,Rate,2015,0.54217823142,0.74705155126,0.36941609823
1,All Population,5,Prevalence,157,Yemen,3,Both,22,All ages,557,Other neurological disorders,3,Rate,2014,0.32473773264,0.47241212382000003,0.20104050149
1,All Population,5,Prevalence,76,Belgium,3,Both,22,All ages,557,Other neurological disorders,3,Rate,2014,0.5914776280899999,0.85919369772,0.3706156783
1,All Population,5,Prevalence,121,Bolivia (Plurinational State of),3,Both,22,All ages,557,Other neurological disorders,3,Rate,2014,0.43252826768999997,0.62402609706,0.26844791323
1,All Population,5,Prevalence,110,Dominica,3,Both,22,All ages,557,Other neurological disorders,3,Rate,2015,0.64950873571,0.9412621426200001,0.41487813281999997
1,All Population,5,Prevalence,168,Angola,3,Both,22,All ages,557,Other neurological disorders,3,Rate,2014,0.31498951572,0.46108270587000005,0.19931781520000003
1,All Population,5,Prevalence,38,Mongolia,3,Both,22,All ages,557,Other neurological disorders,3,Rate,2015,0.40500922409999995,0.59028763261,0.25797343523
1,All Population,5,Prevalence,89,Netherlands,3,Both,22,All ages,557,Other neurological disorders,3,Rate,2015,0.58940664221,0.8507241626000001,0.36792384498999997
1,All Population,5,Prevalence,205,Côte d'Ivoire,3,Both,22,All ages,557,Other neurological disorders,3,Rate,2014,0.32747111136,0.4714180685,0.2091902052
1,All Population,5,Prevalence,206,Gambia,3,Both,22,All ages,557,Other neurological disorders,3,Rate,2015,0.32812714797000003,0.47966146237,0.20507758927
1,All Population,5,Prevalence,110,Dominica,3,Both,22,All ages,557,Other neurological disorders,3,Rate,2014,0.64551977783,0.9348785827400001,0.41202557146
1,All Population,5,Prevalence,44,Bosnia and Herzegovina,3,Both,22,All ages,557,Other neurological disorders,3,Rate,2015,0.35587896578,0.51407364503,0.2287716294
1,All Population,5,Prevalence,23,Kiribati,3,Both,22,All ages,557,Other neurological disorders,3,Rate,2014,0.2502789636,0.36611200601000005,0.15804297275
1,All Population,5,Prevalence,121,Bolivia (Plurinational State of),3,Both,22,All ages,557,Other neurological disorders,3,Rate,2015,0.43363373577000003,0.62583565301,0.2697552063
1,All Population,5,Prevalence,33,Armenia,3,Both,22,All ages,557,Other neurological disorders,3,Rate,2015,0.48075449515,0.6949467396,0.30684499169999996
1,All Population,5,Prevalence,16,Philippines,3,Both,22,All ages,557,Other neurological disorders,3,Rate,2014,0.20990894231,0.30725140338,0.13219762246
1,All Population,5,Prevalence,170,Congo,3,Both,22,All ages,557,Other neurological disorders,3,Rate,2014,0.33100511706999997,0.48127872764,0.2121711938
1,All Population,5,Prevalence,78,Denmark,3,Both,22,All ages,557,Other neurological disorders,3,Rate,2014,0.44901498236,0.6373577212,0.28949176328000004
1,All Population,5,Prevalence,80,France,3,Both,22,All ages,557,Other neurological disorders,3,Rate,2015,0.54725751028,0.7586613262499999,0.3632298567
1,All Population,5,Prevalence,123,Peru,3,Both,22,All ages,557,Other neurological disorders,3,Rate,2014,0.41248449923,0.5748939976499999,0.27069624968
1,All Population,5,Prevalence,216,Senegal,3,Both,22,All ages,557,Other neurological disorders,3,Rate,2014,0.33356711143,0.48728055740000004,0.21477039597000003
1,All Population,5,Prevalence,27,Samoa,3,Both,22,All ages,557,Other neurological disorders,3,Rate,2015,0.26239986551,0.38003827015999997,0.16452826666
1,All Population,5,Prevalence,112,Grenada,3,Both,22,All ages,557,Other neurological disorders,3,Rate,2015,0.64262944894,0.9345659464099999,0.40358378606
1,All Population,5,Prevalence,40,Turkmenistan,3,Both,22,All ages,557,Other neurological disorders,3,Rate,2015,0.41239900202,0.60094241285,0.26112469623
1,All Population,5,Prevalence,162,Bhutan,3,Both,22,All ages,557,Other neurological disorders,3,Rate,2014,0.31463390408,0.45033753485,0.20007555193
1,All Population,5,Prevalence,36,Kazakhstan,3,Both,22,All ages,557,Other neurological disorders,3,Rate,2014,0.43245928802,0.6324751352100001,0.28326311012
1,All Population,5,Prevalence,46,Croatia,3,Both,22,All ages,557,Other neurological disorders,3,Rate,2015,0.41360146456,0.5879195076,0.26412259194000004
1,All Population,5,Prevalence,91,Portugal,3,Both,22,All ages,557,Other neurological disorders,3,Rate,2015,0.71349451729,1.03563151577,0.44117585786
1,All Population,5,Prevalence,29,Tonga,3,Both,22,All ages,557,Other neurological disorders,3,Rate,2014,0.2635339328,0.37928742525000003,0.16832216867
1,All Population,5,Prevalence,112,Grenada,3,Both,22,All ages,557,Other neurological disorders,3,Rate,2014,0.6387411644600001,0.92723616293,0.40035293227999996
1,All Population,5,Prevalence,89,Netherlands,3,Both,22,All ages,557,Other neurological disorders,3,Rate,2014,0.5859540931,0.84557329477,0.36531987779
1,All Population,5,Prevalence,145,Kuwait,3,Both,22,All ages,557,Other neurological disorders,3,Rate,2015,0.33142297013,0.49418727477,0.21045289319
1,All Population,5,Prevalence,12,Lao People's Democratic Republic,3,Both,22,All ages,557,Other neurological disorders,3,Rate,2014,0.17508643686,0.25543355656,0.10997123217999999
1,All Population,5,Prevalence,57,Belarus,3,Both,22,All ages,557,Other neurological disorders,3,Rate,2014,0.45308773594,0.65882845495,0.28419303074
1,All Population,5,Prevalence,117,Saint Vincent and the Grenadines,3,Both,22,All ages,557,Other neurological disorders,3,Rate,2014,0.6292222363700001,0.9134351532499999,0.39999413763
1,All Population,5,Prevalence,13,Malaysia,3,Both,22,All ages,557,Other neurological disorders,3,Rate,2014,0.19383414310000002,0.28839125903,0.12526074649000002
1,All Population,5,Prevalence,60,Lithuania,3,Both,22,All ages,557,Other neurological disorders,3,Rate,2014,0.47432175377999997,0.6706414684199999,0.29363877970999996
1,All Population,5,Prevalence,106,Bahamas,3,Both,22,All ages,557,Other neurological disorders,3,Rate,2015,0.60658530368,0.89139789112,0.38234557557000004
1,All Population,5,Prevalence,123,Peru,3,Both,22,All ages,557,Other neurological disorders,3,Rate,2015,0.41302523914,0.57643285838,0.27144958299
1,All Population,5,Prevalence,183,Mauritius,3,Both,22,All ages,557,Other neurological disorders,3,Rate,2014,0.21592535502,0.31523515610999997,0.13909823013
1,All Population,5,Prevalence,44,Bosnia and Herzegovina,3,Both,22,All ages,557,Other neurological disorders,3,Rate,2014,0.35432349952,0.51351999236,0.22779485727
1,All Population,5,Prevalence,125,Colombia,3,Both,22,All ages,557,Other neurological disorders,3,Rate,2014,0.57014061734,0.82322811465,0.35574899627999995
1,All Population,5,Prevalence,48,Hungary,3,Both,22,All ages,557,Other neurological disorders,3,Rate,2015,0.40438402103,0.56515293267,0.25915559355
1,All Population,5,Prevalence,107,Barbados,3,Both,22,All ages,557,Other neurological disorders,3,Rate,2014,0.6882987685299999,1.02748048376,0.43417361084
1,All Population,5,Prevalence,49,North Macedonia,3,Both,22,All ages,557,Other neurological disorders,3,Rate,2014,0.39112609353,0.56518973295,0.25031143852
1,All Population,5,Prevalence,35,Georgia,3,Both,22,All ages,557,Other neurological disorders,3,Rate,2015,0.49038423003,0.6866174989,0.32519650665
1,All Population,5,Prevalence,154,Tunisia,3,Both,22,All ages,557,Other neurological disorders,3,Rate,2014,0.3586697853,0.51806942509,0.22596849964
1,All Population,5,Prevalence,136,Paraguay,3,Both,22,All ages,557,Other neurological disorders,3,Rate,2014,0.2700607997,0.39883138065,0.16974831274
1,All Population,5,Prevalence,172,Equatorial Guinea,3,Both,22,All ages,557,Other neurological disorders,3,Rate,2014,0.31809800413,0.47498993101000003,0.20080228038
1,All Population,5,Prevalence,18,Thailand,3,Both,22,All ages,557,Other neurological disorders,3,Rate,2014,0.14973702757000001,0.21353517790999998,0.09638788117
1,All Population,5,Prevalence,218,Togo,3,Both,22,All ages,557,Other neurological disorders,3,Rate,2014,0.33052345783,0.48393544813999995,0.21016878662000002
1,All Population,5,Prevalence,59,Latvia,3,Both,22,All ages,557,Other neurological disorders,3,Rate,2015,0.47618683194000005,0.69774623707,0.29686167958
1,All Population,5,Prevalence,168,Angola,3,Both,22,All ages,557,Other neurological disorders,3,Rate,2015,0.31560526807,0.46199093225000004,0.19960980699
1,All Population,5,Prevalence,202,Cameroon,3,Both,22,All ages,557,Other neurological disorders,3,Rate,2014,0.32258880799,0.47600036226,0.206481238
1,All Population,5,Prevalence,125,Colombia,3,Both,22,All ages,557,Other neurological disorders,3,Rate,2015,0.5732263146400001,0.83006194192,0.35780624193
1,All Population,5,Prevalence,305,Bermuda,3,Both,22,All ages,557,Other neurological disorders,3,Rate,2014,0.7278597463099999,1.08358245843,0.45067140825999996
1,All Population,5,Prevalence,422,United States Virgin Islands,3,Both,22,All ages,557,Other neurological disorders,3,Rate,2014,0.71751229865,1.0608374681400001,0.45784597382000003
1,All Population,5,Prevalence,93,Sweden,3,Both,22,All ages,557,Other neurological disorders,3,Rate,2015,0.60031175341,0.8417574851599999,0.38606906371
1,All Population,5,Prevalence,12,Lao People's Democratic Republic,3,Both,22,All ages,557,Other neurological disorders,3,Rate,2016,0.1700604195,0.23960724227,0.11258451823000001
1,All Population,5,Prevalence,147,Libya,3,Both,22,All ages,557,Other neurological disorders,3,Rate,2015,0.36129325644,0.52841457311,0.22681623251
1,All Population,5,Prevalence,15,Myanmar,3,Both,22,All ages,557,Other neurological disorders,3,Rate,2014,0.18742279877,0.2760460956,0.11989444433
1,All Population,5,Prevalence,132,Panama,3,Both,22,All ages,557,Other neurological disorders,3,Rate,2015,0.57343275237,0.8351362425600001,0.37434807803
1,All Population,5,Prevalence,91,Portugal,3,Both,22,All ages,557,Other neurological disorders,3,Rate,2014,0.7090279067199999,1.02920600059,0.43909611096
1,All Population,5,Prevalence,108,Belize,3,Both,22,All ages,557,Other neurological disorders,3,Rate,2015,0.55545156076,0.8136908634200001,0.35595955169
1,All Population,5,Prevalence,136,Paraguay,3,Both,22,All ages,557,Other neurological disorders,3,Rate,2015,0.27204345608999997,0.40285725752999996,0.17123230968
1,All Population,5,Prevalence,216,Senegal,3,Both,22,All ages,557,Other neurological disorders,3,Rate,2015,0.33408257518,0.488351761,0.21496404503000002
1,All Population,5,Prevalence,157,Yemen,3,Both,22,All ages,557,Other neurological disorders,3,Rate,2015,0.32551202215,0.47370678143999995,0.20158744265999998
1,All Population,5,Prevalence,109,Cuba,3,Both,22,All ages,557,Other neurological disorders,3,Rate,2014,0.69179806284,1.01801910876,0.43284601584
1,All Population,5,Prevalence,28,Solomon Islands,3,Both,22,All ages,557,Other neurological disorders,3,Rate,2014,0.24360408307,0.35368143429,0.15456197436
1,All Population,5,Prevalence,62,Russian Federation,3,Both,22,All ages,557,Other neurological disorders,3,Rate,2014,0.47055453374,0.70322328414,0.29786851476
1,All Population,5,Prevalence,77,Cyprus,3,Both,22,All ages,557,Other neurological disorders,3,Rate,2015,0.54529144416,0.7921067637500001,0.35385084293
1,All Population,5,Prevalence,36,Kazakhstan,3,Both,22,All ages,557,Other neurological disorders,3,Rate,2016,0.42000066078000003,0.58640602816,0.28487041765
1,All Population,5,Prevalence,164,Nepal,3,Both,22,All ages,557,Other neurological disorders,3,Rate,2014,0.26954445235,0.38479729985,0.17128068318
1,All Population,5,Prevalence,25,Micronesia (Federated States of),3,Both,22,All ages,557,Other neurological disorders,3,Rate,2016,0.25441233805,0.36441510286,0.16884415599
1,All Population,5,Prevalence,61,Republic of Moldova,3,Both,22,All ages,557,Other neurological disorders,3,Rate,2015,0.45137122728999995,0.66648575358,0.28338804939
1,All Population,5,Prevalence,14,Maldives,3,Both,22,All ages,557,Other neurological disorders,3,Rate,2015,0.1886886672,0.27560338796,0.12076980640000001
1,All Population,5,Prevalence,215,Sao Tome and Principe,3,Both,22,All ages,557,Other neurological disorders,3,Rate,2014,0.34066154179,0.49547683875000004,0.21736480065
1,All Population,5,Prevalence,156,United Arab Emirates,3,Both,22,All ages,557,Other neurological disorders,3,Rate,2014,0.3233913058,0.50006947374,0.20388328718999998
1,All Population,5,Prevalence,30,Vanuatu,3,Both,22,All ages,557,Other neurological disorders,3,Rate,2015,0.24930138288,0.36615364419,0.15703979345
1,All Population,5,Prevalence,19,Timor-Leste,3,Both,22,All ages,557,Other neurological disorders,3,Rate,2015,0.17496329017999998,0.25673516305,0.11112877523999999
1,All Population,5,Prevalence,111,Dominican Republic,3,Both,22,All ages,557,Other neurological disorders,3,Rate,2014,0.57846562087,0.84452099898,0.36053122754
1,All Population,5,Prevalence,122,Ecuador,3,Both,22,All ages,557,Other neurological disorders,3,Rate,2014,0.42371428664000005,0.57368419908,0.27802791472
1,All Population,5,Prevalence,185,Rwanda,3,Both,22,All ages,557,Other neurological disorders,3,Rate,2014,0.30257963111,0.44476424863,0.19198687360000002
1,All Population,5,Prevalence,17,Sri Lanka,3,Both,22,All ages,557,Other neurological disorders,3,Rate,2014,0.20601626238999998,0.29729666227,0.1317910776
1,All Population,5,Prevalence,43,Albania,3,Both,22,All ages,557,Other neurological disorders,3,Rate,2015,0.38832999542,0.55816636877,0.24683759939
1,All Population,5,Prevalence,127,El Salvador,3,Both,22,All ages,557,Other neurological disorders,3,Rate,2015,0.53069568878,0.7729597525499999,0.33334855132999996
1,All Population,5,Prevalence,75,Austria,3,Both,22,All ages,557,Other neurological disorders,3,Rate,2014,0.67786453537,0.9490860116600001,0.41321519393999995
1,All Population,5,Prevalence,205,Côte d'Ivoire,3,Both,22,All ages,557,Other neurological disorders,3,Rate,2015,0.32794814211,0.47219558750999996,0.20953340455999997
1,All Population,5,Prevalence,50,Montenegro,3,Both,22,All ages,557,Other neurological disorders,3,Rate,2015,0.35137859663,0.50385447705,0.22836863794
1,All Population,5,Prevalence,90,Norway,3,Both,22,All ages,557,Other neurological disorders,3,Rate,2015,0.6317743997199999,0.904601166,0.39405490380999997
1,All Population,5,Prevalence,79,Finland,3,Both,22,All ages,557,Other neurological disorders,3,Rate,2015,0.44704740545,0.62914860438,0.29417563655
1,All Population,5,Prevalence,218,Togo,3,Both,22,All ages,557,Other neurological disorders,3,Rate,2015,0.33180279267,0.48506633076,0.21099496909
1,All Population,5,Prevalence,95,United Kingdom,3,Both,22,All ages,557,Other neurological disorders,3,Rate,2015,0.25400179369000003,0.3633128352,0.16482591582
1,All Population,5,Prevalence,126,Costa Rica,3,Both,22,All ages,557,Other neurological disorders,3,Rate,2015,0.57492411997,0.84303670762,0.3684707044
1,All Population,5,Prevalence,30,Vanuatu,3,Both,22,All ages,557,Other neurological disorders,3,Rate,2014,0.24869028886000002,0.36528665009,0.15657087847
1,All Population,5,Prevalence,170,Congo,3,Both,22,All ages,557,Other neurological disorders,3,Rate,2015,0.33140860605,0.48201684287,0.21241041986
1,All Population,5,Prevalence,217,Sierra Leone,3,Both,22,All ages,557,Other neurological disorders,3,Rate,2014,0.33201758981,0.48632952481,0.21121079746
1,All Population,5,Prevalence,182,Malawi,3,Both,22,All ages,557,Other neurological disorders,3,Rate,2014,0.29304799367,0.42845635699,0.18258598202
1,All Population,5,Prevalence,43,Albania,3,Both,22,All ages,557,Other neurological disorders,3,Rate,2014,0.38424116414000004,0.55231412301,0.2442769313
1,All Population,5,Prevalence,27,Samoa,3,Both,22,All ages,557,Other neurological disorders,3,Rate,2016,0.25307293551,0.34879122537,0.16673890145
1,All Population,5,Prevalence,83,Iceland,3,Both,22,All ages,557,Other neurological disorders,3,Rate,2016,0.52186702371,0.73153485016,0.35218159759
1,All Population,5,Prevalence,19,Timor-Leste,3,Both,22,All ages,557,Other neurological disorders,3,Rate,2014,0.17426268493,0.25534101717999996,0.11103848514999999
1,All Population,5,Prevalence,81,Germany,3,Both,22,All ages,557,Other neurological disorders,3,Rate,2015,0.73755152452,1.02070786947,0.47750761004
1,All Population,5,Prevalence,204,Chad,3,Both,22,All ages,557,Other neurological disorders,3,Rate,2014,0.30889269181,0.43980253436,0.19389528686000002
1,All Population,5,Prevalence,45,Bulgaria,3,Both,22,All ages,557,Other neurological disorders,3,Rate,2015,0.41833832056,0.60693787019,0.26579585562999997
1,All Population,5,Prevalence,45,Bulgaria,3,Both,22,All ages,557,Other neurological disorders,3,Rate,2014,0.41625999886000004,0.60407586862,0.26532956848
1,All Population,5,Prevalence,139,Algeria,3,Both,22,All ages,557,Other neurological disorders,3,Rate,2015,0.34352620108000004,0.50474382647,0.22250573097
1,All Population,5,Prevalence,385,Puerto Rico,3,Both,22,All ages,557,Other neurological disorders,3,Rate,2014,0.69104579979,0.9505846530800001,0.45303172427
1,All Population,5,Prevalence,183,Mauritius,3,Both,22,All ages,557,Other neurological disorders,3,Rate,2015,0.21788537753,0.31750899606,0.1405993612
1,All Population,5,Prevalence,38,Mongolia,3,Both,22,All ages,557,Other neurological disorders,3,Rate,2016,0.39160467937,0.55207973729,0.27083476099
1,All Population,5,Prevalence,72,New Zealand,3,Both,22,All ages,557,Other neurological disorders,3,Rate,2016,0.55370061433,0.75796153676,0.38896598171
1,All Population,5,Prevalence,34,Azerbaijan,3,Both,22,All ages,557,Other neurological disorders,3,Rate,2015,0.43536708757,0.64698064003,0.27921902326
1,All Population,5,Prevalence,90,Norway,3,Both,22,All ages,557,Other neurological disorders,3,Rate,2014,0.62878269028,0.90032596661,0.39220263014999995
1,All Population,5,Prevalence,105,Antigua and Barbuda,3,Both,22,All ages,557,Other neurological disorders,3,Rate,2015,0.6312782025,0.9129115949100001,0.40015350221999996
1,All Population,5,Prevalence,77,Cyprus,3,Both,22,All ages,557,Other neurological disorders,3,Rate,2014,0.54199454274,0.78960599727,0.35216283606
1,All Population,5,Prevalence,184,Mozambique,3,Both,22,All ages,557,Other neurological disorders,3,Rate,2014,0.29078308519,0.42512306539999994,0.18322009419
1,All Population,5,Prevalence,198,Zimbabwe,3,Both,22,All ages,557,Other neurological disorders,3,Rate,2014,0.32921755152,0.47283641069,0.20952073314000003
1,All Population,5,Prevalence,171,Democratic Republic of the Congo,3,Both,22,All ages,557,Other neurological disorders,3,Rate,2015,0.32454349765,0.47148557200999996,0.20508120178999997
1,All Population,5,Prevalence,169,Central African Republic,3,Both,22,All ages,557,Other neurological disorders,3,Rate,2014,0.31734139842,0.46194813649999994,0.2019851682
1,All Population,5,Prevalence,126,Costa Rica,3,Both,22,All ages,557,Other neurological disorders,3,Rate,2014,0.57153308229,0.83774193882,0.36608221722
1,All Population,5,Prevalence,79,Finland,3,Both,22,All ages,557,Other neurological disorders,3,Rate,2014,0.44527629661,0.6264353203399999,0.29216424153
1,All Population,5,Prevalence,85,Israel,3,Both,22,All ages,557,Other neurological disorders,3,Rate,2016,0.48240424613,0.67878586314,0.32741962582
1,All Population,5,Prevalence,141,Egypt,3,Both,22,All ages,557,Other neurological disorders,3,Rate,2015,0.33354251754,0.48165486912999994,0.2106629112
1,All Population,5,Prevalence,152,Saudi Arabia,3,Both,22,All ages,557,Other neurological disorders,3,Rate,2015,0.32934644690000003,0.49258679545,0.20706373771
1,All Population,5,Prevalence,92,Spain,3,Both,22,All ages,557,Other neurological disorders,3,Rate,2015,0.53167665583,0.74594804274,0.35445767294999997
1,All Population,5,Prevalence,393,Saint Kitts and Nevis,3,Both,22,All ages,557,Other neurological disorders,3,Rate,2014,0.62248088547,0.91841739787,0.39466555951
1,All Population,5,Prevalence,6,China,3,Both,22,All ages,557,Other neurological disorders,3,Rate,2016,0.27998695224000003,0.40784968915,0.18739985053
1,All Population,5,Prevalence,51,Poland,3,Both,22,All ages,557,Other neurological disorders,3,Rate,2016,0.36387774245,0.49850204355000005,0.25597962065
1,All Population,5,Prevalence,13,Malaysia,3,Both,22,All ages,557,Other neurological disorders,3,Rate,2015,0.19504009407,0.2888951283,0.12627267599
1,All Population,5,Prevalence,119,Trinidad and Tobago,3,Both,22,All ages,557,Other neurological disorders,3,Rate,2016,0.62836827019,0.8945422606700001,0.43275048529000004
1,All Population,5,Prevalence,107,Barbados,3,Both,22,All ages,557,Other neurological disorders,3,Rate,2015,0.69305820408,1.04010600221,0.43716146613999995
1,All Population,5,Prevalence,81,Germany,3,Both,22,All ages,557,Other neurological disorders,3,Rate,2014,0.73313224399,1.01231936996,0.47242955383999996
1,All Population,5,Prevalence,92,Spain,3,Both,22,All ages,557,Other neurological disorders,3,Rate,2014,0.52864731545,0.74240735497,0.35338872181000003
1,All Population,5,Prevalence,184,Mozambique,3,Both,22,All ages,557,Other neurological disorders,3,Rate,2015,0.29082188481,0.42530717445,0.18305165987
1,All Population,5,Prevalence,139,Algeria,3,Both,22,All ages,557,Other neurological disorders,3,Rate,2014,0.34256842352,0.50254958085,0.22104215512
1,All Population,5,Prevalence,200,Benin,3,Both,22,All ages,557,Other neurological disorders,3,Rate,2014,0.31900283907,0.46728737221,0.20000668086999998
1,All Population,5,Prevalence,40,Turkmenistan,3,Both,22,All ages,557,Other neurological disorders,3,Rate,2016,0.39843741649,0.5565221489400001,0.26864173915
1,All Population,5,Prevalence,140,Bahrain,3,Both,22,All ages,557,Other neurological disorders,3,Rate,2015,0.34011498267,0.49629557301,0.21663049679
1,All Population,5,Prevalence,171,Democratic Republic of the Congo,3,Both,22,All ages,557,Other neurological disorders,3,Rate,2014,0.32400618368,0.47087923702,0.20465933799
1,All Population,5,Prevalence,47,Czechia,3,Both,22,All ages,557,Other neurological disorders,3,Rate,2015,0.40751536998,0.5846641393800001,0.25476129322
1,All Population,5,Prevalence,47,Czechia,3,Both,22,All ages,557,Other neurological disorders,3,Rate,2014,0.40588578611,0.58269647397,0.25406938699
1,All Population,5,Prevalence,130,Mexico,3,Both,22,All ages,557,Other neurological disorders,3,Rate,2016,0.52687009133,0.70061823653,0.37263625376
1,All Population,5,Prevalence,60,Lithuania,3,Both,22,All ages,557,Other neurological disorders,3,Rate,2015,0.47635304848,0.67214799512,0.29484468038
1,All Population,5,Prevalence,173,Gabon,3,Both,22,All ages,557,Other neurological disorders,3,Rate,2015,0.35294176302,0.51008884716,0.22246025349
1,All Population,5,Prevalence,151,Qatar,3,Both,22,All ages,557,Other neurological disorders,3,Rate,2015,0.33098643533,0.5207331659,0.21331718117
1,All Population,5,Prevalence,185,Rwanda,3,Both,22,All ages,557,Other neurological disorders,3,Rate,2015,0.30373827705,0.44635719952999997,0.19299026492
1,All Population,5,Prevalence,15,Myanmar,3,Both,22,All ages,557,Other neurological disorders,3,Rate,2015,0.18810250474999998,0.27691077928,0.12036090607
1,All Population,5,Prevalence,186,Seychelles,3,Both,22,All ages,557,Other neurological disorders,3,Rate,2014,0.20444897619000002,0.29900377705,0.13027972417
1,All Population,5,Prevalence,105,Antigua and Barbuda,3,Both,22,All ages,557,Other neurological disorders,3,Rate,2014,0.6266258877399999,0.9041769854999999,0.39731534163000004
1,All Population,5,Prevalence,298,American Samoa,3,Both,22,All ages,557,Other neurological disorders,3,Rate,2015,0.27561473416,0.39837424218999995,0.17344928791
1,All Population,5,Prevalence,87,Luxembourg,3,Both,22,All ages,557,Other neurological disorders,3,Rate,2016,0.54768042867,0.7742170125,0.37355315773000003
1,All Population,5,Prevalence,49,North Macedonia,3,Both,22,All ages,557,Other neurological disorders,3,Rate,2015,0.39410318429999996,0.56722762192,0.25267809436
1,All Population,5,Prevalence,98,Chile,3,Both,22,All ages,557,Other neurological disorders,3,Rate,2016,0.5961537058099999,0.77333123929,0.42962614082
1,All Population,5,Prevalence,173,Gabon,3,Both,22,All ages,557,Other neurological disorders,3,Rate,2014,0.35235658467,0.51028381995,0.22213159088
1,All Population,5,Prevalence,154,Tunisia,3,Both,22,All ages,557,Other neurological disorders,3,Rate,2015,0.36033593421,0.52188839836,0.22723427673000002
1,All Population,5,Prevalence,109,Cuba,3,Both,22,All ages,557,Other neurological disorders,3,Rate,2015,0.69600531354,1.02574813927,0.43539792938
1,All Population,5,Prevalence,186,Seychelles,3,Both,22,All ages,557,Other neurological disorders,3,Rate,2015,0.20577013025,0.30130296197,0.13107322586
1,All Population,5,Prevalence,94,Switzerland,3,Both,22,All ages,557,Other neurological disorders,3,Rate,2015,0.5999394841300001,0.85074968086,0.37090607811
1,All Population,5,Prevalence,189,United Republic of Tanzania,3,Both,22,All ages,557,Other neurological disorders,3,Rate,2014,0.31867279418,0.46037521431,0.20394305972
1,All Population,5,Prevalence,298,American Samoa,3,Both,22,All ages,557,Other neurological disorders,3,Rate,2014,0.2732109365,0.3944762335,0.17192655689
1,All Population,5,Prevalence,141,Egypt,3,Both,22,All ages,557,Other neurological disorders,3,Rate,2014,0.33258315502,0.48040120903,0.20992191021999998
1,All Population,5,Prevalence,413,Tokelau,3,Both,22,All ages,557,Other neurological disorders,3,Rate,2014,0.2931859859,0.42471473751,0.18529792323
1,All Population,5,Prevalence,198,Zimbabwe,3,Both,22,All ages,557,Other neurological disorders,3,Rate,2015,0.3303745257,0.47356767917000003,0.21011376297
1,All Population,5,Prevalence,172,Equatorial Guinea,3,Both,22,All ages,557,Other neurological disorders,3,Rate,2015,0.31900373429,0.47722840125000004,0.20127783046
1,All Population,5,Prevalence,53,Serbia,3,Both,22,All ages,557,Other neurological disorders,3,Rate,2016,0.2921325711,0.40425113614,0.20293102586
1,All Population,5,Prevalence,152,Saudi Arabia,3,Both,22,All ages,557,Other neurological disorders,3,Rate,2014,0.32903249745,0.49208117150999997,0.20641086614
1,All Population,5,Prevalence,177,Djibouti,3,Both,22,All ages,557,Other neurological disorders,3,Rate,2016,0.30647639668,0.43625012729,0.2026617978
1,All Population,5,Prevalence,143,Iraq,3,Both,22,All ages,557,Other neurological disorders,3,Rate,2016,0.32138809015,0.44374071580999996,0.21341386144
1,All Population,5,Prevalence,8,Taiwan,3,Both,22,All ages,557,Other neurological disorders,3,Rate,2016,0.34902285780000003,0.4552598161,0.24277353628
1,All Population,5,Prevalence,191,Zambia,3,Both,22,All ages,557,Other neurological disorders,3,Rate,2016,0.27606535758,0.38340596694999995,0.18025976219
1,All Population,5,Prevalence,62,Russian Federation,3,Both,22,All ages,557,Other neurological disorders,3,Rate,2015,0.47256366596000005,0.7054373189099999,0.29929393391000003
1,All Population,5,Prevalence,94,Switzerland,3,Both,22,All ages,557,Other neurological disorders,3,Rate,2014,0.59801974514,0.84913479311,0.370060462
1,All Population,5,Prevalence,393,Saint Kitts and Nevis,3,Both,22,All ages,557,Other neurological disorders,3,Rate,2015,0.62587141278,0.92371055734,0.39738605412
1,All Population,5,Prevalence,111,Dominican Republic,3,Both,22,All ages,557,Other neurological disorders,3,Rate,2015,0.58023092279,0.84798355166,0.36149445919
1,All Population,5,Prevalence,34,Azerbaijan,3,Both,22,All ages,557,Other neurological disorders,3,Rate,2014,0.43239021091,0.64118404933,0.27715293864
1,All Population,5,Prevalence,320,Cook Islands,3,Both,22,All ages,557,Other neurological disorders,3,Rate,2014,0.31020209679,0.45914907345999995,0.19755121841
1,All Population,5,Prevalence,156,United Arab Emirates,3,Both,22,All ages,557,Other neurological disorders,3,Rate,2015,0.32631862861,0.50136750346,0.20706892943
1,All Population,5,Prevalence,122,Ecuador,3,Both,22,All ages,557,Other neurological disorders,3,Rate,2015,0.41828806916999994,0.56707571809,0.27459340582999997
1,All Population,5,Prevalence,351,Guam,3,Both,22,All ages,557,Other neurological disorders,3,Rate,2016,0.29348715176,0.4175420043,0.20203888142
1,All Population,5,Prevalence,75,Austria,3,Both,22,All ages,557,Other neurological disorders,3,Rate,2015,0.6609537773499999,0.93618775424,0.3979910813
1,All Population,5,Prevalence,169,Central African Republic,3,Both,22,All ages,557,Other neurological disorders,3,Rate,2015,0.3184855084,0.46383248866,0.20274466187
1,All Population,5,Prevalence,200,Benin,3,Both,22,All ages,557,Other neurological disorders,3,Rate,2015,0.31952518901000004,0.46805124421,0.20017185568
1,All Population,5,Prevalence,320,Cook Islands,3,Both,22,All ages,557,Other neurological disorders,3,Rate,2015,0.31272738413,0.46423874556999994,0.19921972850999997
1,All Population,5,Prevalence,17,Sri Lanka,3,Both,22,All ages,557,Other neurological disorders,3,Rate,2015,0.20728995858,0.29940119621,0.13241173599
1,All Population,5,Prevalence,189,United Republic of Tanzania,3,Both,22,All ages,557,Other neurological disorders,3,Rate,2015,0.31913783879,0.46075149206000005,0.20426227684
1,All Population,5,Prevalence,132,Panama,3,Both,22,All ages,557,Other neurological disorders,3,Rate,2016,0.5545014662600001,0.78177228216,0.37847963781
1,All Population,5,Prevalence,28,Solomon Islands,3,Both,22,All ages,557,Other neurological disorders,3,Rate,2015,0.24436903928999998,0.35470352796,0.15488532723
1,All Population,5,Prevalence,142,Iran (Islamic Republic of),3,Both,22,All ages,557,Other neurological disorders,3,Rate,2015,0.26048713928,0.38160969238000003,0.16814002266
1,All Population,5,Prevalence,153,Syrian Arab Republic,3,Both,22,All ages,557,Other neurological disorders,3,Rate,2015,0.34439672383,0.50211231356,0.21964879192
1,All Population,5,Prevalence,187,Somalia,3,Both,22,All ages,557,Other neurological disorders,3,Rate,2015,0.29465247766,0.43221532344999997,0.19155000399
1,All Population,5,Prevalence,305,Bermuda,3,Both,22,All ages,557,Other neurological disorders,3,Rate,2015,0.73408374908,1.09819849593,0.45353450638
1,All Population,5,Prevalence,385,Puerto Rico,3,Both,22,All ages,557,Other neurological disorders,3,Rate,2015,0.6996859737,0.9625082914399999,0.45861907563
1,All Population,5,Prevalence,55,Slovenia,3,Both,22,All ages,557,Other neurological disorders,3,Rate,2016,0.39733019813,0.5547693729900001,0.26960668152
1,All Population,5,Prevalence,213,Niger,3,Both,22,All ages,557,Other neurological disorders,3,Rate,2014,0.30789595027,0.44358629630999996,0.19504873895
1,All Population,5,Prevalence,33,Armenia,3,Both,22,All ages,557,Other neurological disorders,3,Rate,2016,0.46663292385000005,0.66854278117,0.31706731414
1,All Population,5,Prevalence,10,Cambodia,3,Both,22,All ages,557,Other neurological disorders,3,Rate,2016,0.1757143887,0.24918233001,0.11898228052
1,All Population,5,Prevalence,193,Botswana,3,Both,22,All ages,557,Other neurological disorders,3,Rate,2016,0.34524698587999997,0.49737073905000007,0.23090206377999997
1,All Population,5,Prevalence,145,Kuwait,3,Both,22,All ages,557,Other neurological disorders,3,Rate,2016,0.32090752482,0.45802448119000005,0.21189673607999998
1,All Population,5,Prevalence,413,Tokelau,3,Both,22,All ages,557,Other neurological disorders,3,Rate,2015,0.29375627689,0.42528286913999996,0.18576298759999998
1,All Population,5,Prevalence,66,Brunei Darussalam,3,Both,22,All ages,557,Other neurological disorders,3,Rate,2016,0.8311784048799999,1.18404147214,0.56462643769
1,All Population,5,Prevalence,179,Ethiopia,3,Both,22,All ages,557,Other neurological disorders,3,Rate,2016,0.30029784952,0.42765337453999996,0.19906146404
1,All Population,5,Prevalence,202,Cameroon,3,Both,22,All ages,557,Other neurological disorders,3,Rate,2015,0.32300027825,0.47648830863,0.20673137265
1,All Population,5,Prevalence,47,Czechia,3,Both,22,All ages,557,Other neurological disorders,3,Rate,2016,0.3936862557,0.55775516733,0.26634707509
1,All Population,5,Prevalence,396,San Marino,3,Both,22,All ages,557,Other neurological disorders,3,Rate,2015,0.61507730522,0.8942320967699999,0.38641674046
1,All Population,5,Prevalence,13,Malaysia,3,Both,22,All ages,557,Other neurological disorders,3,Rate,2016,0.18880983818000002,0.27014902548,0.12991029694
1,All Population,5,Prevalence,46,Croatia,3,Both,22,All ages,557,Other neurological disorders,3,Rate,2016,0.39960239900000005,0.55962724118,0.26876009082
1,All Population,5,Prevalence,155,Türkiye,3,Both,22,All ages,557,Other neurological disorders,3,Rate,2015,0.40650526621,0.5812246398300001,0.26809067426
1,All Population,5,Prevalence,102,United States of America,3,Both,22,All ages,557,Other neurological disorders,3,Rate,2016,0.58742888263,0.78365623487,0.41240524166000003
1,All Population,5,Prevalence,35,Georgia,3,Both,22,All ages,557,Other neurological disorders,3,Rate,2016,0.47364579959,0.63294048486,0.33052699136
1,All Population,5,Prevalence,23,Kiribati,3,Both,22,All ages,557,Other neurological disorders,3,Rate,2016,0.24206975726000002,0.33692059473,0.15696317184
1,All Population,5,Prevalence,57,Belarus,3,Both,22,All ages,557,Other neurological disorders,3,Rate,2016,0.43875558612,0.62903215675,0.29404949416
1,All Population,5,Prevalence,147,Libya,3,Both,22,All ages,557,Other neurological disorders,3,Rate,2016,0.34876071936,0.49791960682999997,0.22874719913
1,All Population,5,Prevalence,94,Switzerland,3,Both,22,All ages,557,Other neurological disorders,3,Rate,2016,0.57942186878,0.8254713944,0.39128136857
1,All Population,5,Prevalence,113,Guyana,3,Both,22,All ages,557,Other neurological disorders,3,Rate,2016,0.55560668351,0.77650324363,0.3769459538
1,All Population,5,Prevalence,181,Madagascar,3,Both,22,All ages,557,Other neurological disorders,3,Rate,2016,0.28760557007,0.40225863598,0.189114845
1,All Population,5,Prevalence,206,Gambia,3,Both,22,All ages,557,Other neurological disorders,3,Rate,2016,0.31639353985,0.44052574324,0.21190843313000002
1,All Population,5,Prevalence,349,Greenland,3,Both,22,All ages,557,Other neurological disorders,3,Rate,2015,0.47541974926,0.72073486011,0.30422634259
1,All Population,5,Prevalence,80,France,3,Both,22,All ages,557,Other neurological disorders,3,Rate,2016,0.52837784021,0.71072989406,0.36624320332
1,All Population,5,Prevalence,213,Niger,3,Both,22,All ages,557,Other neurological disorders,3,Rate,2015,0.30806183293,0.44387464357,0.19522046743
1,All Population,5,Prevalence,195,Namibia,3,Both,22,All ages,557,Other neurological disorders,3,Rate,2016,0.33301189191999997,0.45712485585,0.22108713573
1,All Population,5,Prevalence,68,Republic of Korea,3,Both,22,All ages,557,Other neurological disorders,3,Rate,2016,0.7411001273200001,0.9099148782400001,0.54030671467
1,All Population,5,Prevalence,214,Nigeria,3,Both,22,All ages,557,Other neurological disorders,3,Rate,2015,0.33628952585,0.49375085662,0.21314829504
1,All Population,5,Prevalence,204,Chad,3,Both,22,All ages,557,Other neurological disorders,3,Rate,2015,0.30873224428,0.43956395407,0.19368002439999998
1,All Population,5,Prevalence,422,United States Virgin Islands,3,Both,22,All ages,557,Other neurological disorders,3,Rate,2015,0.72495116849,1.06990373683,0.46184647832000003
1,All Population,5,Prevalence,141,Egypt,3,Both,22,All ages,557,Other neurological disorders,3,Rate,2016,0.32201990533999997,0.44267510866000004,0.21810224807
1,All Population,5,Prevalence,369,Nauru,3,Both,22,All ages,557,Other neurological disorders,3,Rate,2016,0.2297069024,0.32523156353,0.15167047784999999
1,All Population,5,Prevalence,107,Barbados,3,Both,22,All ages,557,Other neurological disorders,3,Rate,2016,0.67116817832,0.9685059090699999,0.45963062438999996
1,All Population,5,Prevalence,416,Tuvalu,3,Both,22,All ages,557,Other neurological disorders,3,Rate,2015,0.27578696428,0.39495968002000004,0.17392015849
1,All Population,5,Prevalence,48,Hungary,3,Both,22,All ages,557,Other neurological disorders,3,Rate,2016,0.39012560772,0.5391606348,0.26072994746
1,All Population,5,Prevalence,49,North Macedonia,3,Both,22,All ages,557,Other neurological disorders,3,Rate,2016,0.38112786476,0.54329881649,0.26063720799
1,All Population,5,Prevalence,522,Sudan,3,Both,22,All ages,557,Other neurological disorders,3,Rate,2015,0.33565899771,0.48246992162999996,0.20968531669999999
1,All Population,5,Prevalence,201,Burkina Faso,3,Both,22,All ages,557,Other neurological disorders,3,Rate,2015,0.32072462256,0.46358573561,0.19974694292
1,All Population,5,Prevalence,127,El Salvador,3,Both,22,All ages,557,Other neurological disorders,3,Rate,2016,0.5113571424,0.70030653327,0.3488936183
1,All Population,5,Prevalence,15,Myanmar,3,Both,22,All ages,557,Other neurological disorders,3,Rate,2016,0.18163419171,0.25707379029,0.11874666278
1,All Population,5,Prevalence,60,Lithuania,3,Both,22,All ages,557,Other neurological disorders,3,Rate,2016,0.46031596839000005,0.64113916231,0.30561291105
1,All Population,5,Prevalence,41,Uzbekistan,3,Both,22,All ages,557,Other neurological disorders,3,Rate,2014,0.41213076533,0.5964665182400001,0.26740959733999997
1,All Population,5,Prevalence,149,Palestine,3,Both,22,All ages,557,Other neurological disorders,3,Rate,2016,0.32094327352,0.44629952565000003,0.21517462965
1,All Population,5,Prevalence,197,Eswatini,3,Both,22,All ages,557,Other neurological disorders,3,Rate,2016,0.33010646509,0.45238574245999996,0.21906872598
1,All Population,5,Prevalence,154,Tunisia,3,Both,22,All ages,557,Other neurological disorders,3,Rate,2016,0.34836457354,0.47777114257000003,0.23548007338000002
1,All Population,5,Prevalence,88,Malta,3,Both,22,All ages,557,Other neurological disorders,3,Rate,2014,0.60100984521,0.85108429436,0.37315377990000004
1,All Population,5,Prevalence,208,Guinea,3,Both,22,All ages,557,Other neurological disorders,3,Rate,2016,0.31343129095,0.42695990841000003,0.21476015277
1,All Population,5,Prevalence,135,Brazil,3,Both,22,All ages,557,Other neurological disorders,3,Rate,2014,0.30401402624,0.42618508182,0.20075336344
1,All Population,5,Prevalence,128,Guatemala,3,Both,22,All ages,557,Other neurological disorders,3,Rate,2016,0.49729124369,0.6998320878000001,0.33809265856
1,All Population,5,Prevalence,7,Democratic People's Republic of Korea,3,Both,22,All ages,557,Other neurological disorders,3,Rate,2014,0.32089693904,0.46265917676,0.2032411247
1,All Population,5,Prevalence,20,Viet Nam,3,Both,22,All ages,557,Other neurological disorders,3,Rate,2014,0.19628825005,0.28683254862,0.12732570526
1,All Population,5,Prevalence,160,Afghanistan,3,Both,22,All ages,557,Other neurological disorders,3,Rate,2016,0.30603009295,0.42868630025,0.19223571067
1,All Population,5,Prevalence,14,Maldives,3,Both,22,All ages,557,Other neurological disorders,3,Rate,2016,0.18275345361,0.25746434739,0.12362491395
1,All Population,5,Prevalence,59,Latvia,3,Both,22,All ages,557,Other neurological disorders,3,Rate,2016,0.45946420353999995,0.64703145839,0.30862275047
1,All Population,5,Prevalence,148,Morocco,3,Both,22,All ages,557,Other neurological disorders,3,Rate,2014,0.35073697646,0.5008752718899999,0.22426611979
1,All Population,5,Prevalence,182,Malawi,3,Both,22,All ages,557,Other neurological disorders,3,Rate,2015,0.29390657435,0.42974589101,0.18283472452
1,All Population,5,Prevalence,109,Cuba,3,Both,22,All ages,557,Other neurological disorders,3,Rate,2016,0.67344951406,0.97388612853,0.44553411216
1,All Population,5,Prevalence,115,Jamaica,3,Both,22,All ages,557,Other neurological disorders,3,Rate,2016,0.5930104030800001,0.83298363919,0.40162996166000003
1,All Population,5,Prevalence,54,Slovakia,3,Both,22,All ages,557,Other neurological disorders,3,Rate,2014,0.38950655705,0.55989212635,0.24556834529000002
1,All Population,5,Prevalence,22,Fiji,3,Both,22,All ages,557,Other neurological disorders,3,Rate,2014,0.27525502148,0.39834208842,0.17630377443
1,All Population,5,Prevalence,101,Canada,3,Both,22,All ages,557,Other neurological disorders,3,Rate,2014,0.49061000768999996,0.72574474214,0.30562836758
1,All Population,5,Prevalence,207,Ghana,3,Both,22,All ages,557,Other neurological disorders,3,Rate,2014,0.34010994862,0.50539136178,0.21498545047
1,All Population,5,Prevalence,82,Greece,3,Both,22,All ages,557,Other neurological disorders,3,Rate,2015,0.49808262896,0.70335234767,0.32744148325
1,All Population,5,Prevalence,62,Russian Federation,3,Both,22,All ages,557,Other neurological disorders,3,Rate,2016,0.45653754249999995,0.65989185669,0.31128704735
1,All Population,5,Prevalence,215,Sao Tome and Principe,3,Both,22,All ages,557,Other neurological disorders,3,Rate,2015,0.34252948167,0.49938929302,0.21871581934
1,All Population,5,Prevalence,189,United Republic of Tanzania,3,Both,22,All ages,557,Other neurological disorders,3,Rate,2016,0.30754770554,0.42758599892000004,0.20488896851
1,All Population,5,Prevalence,196,South Africa,3,Both,22,All ages,557,Other neurological disorders,3,Rate,2014,0.38977695473,0.56785168326,0.24851199706
1,All Population,5,Prevalence,129,Honduras,3,Both,22,All ages,557,Other neurological disorders,3,Rate,2015,0.47955054326,0.7054428683699999,0.30539129588999997
1,All Population,5,Prevalence,93,Sweden,3,Both,22,All ages,557,Other neurological disorders,3,Rate,2016,0.56874640858,0.77495972808,0.38860890642999996
1,All Population,5,Prevalence,24,Marshall Islands,3,Both,22,All ages,557,Other neurological disorders,3,Rate,2015,0.24886342873000003,0.37200814966,0.15753545461
1,All Population,5,Prevalence,28,Solomon Islands,3,Both,22,All ages,557,Other neurological disorders,3,Rate,2016,0.23585977718999998,0.32553669298000004,0.15537190926
1,All Population,5,Prevalence,67,Japan,3,Both,22,All ages,557,Other neurological disorders,3,Rate,2014,1.0119107701899999,1.4239179045700001,0.65341714831
1,All Population,5,Prevalence,114,Haiti,3,Both,22,All ages,557,Other neurological disorders,3,Rate,2014,0.5217688992199999,0.74067180578,0.33549049639
1,All Population,5,Prevalence,380,Palau,3,Both,22,All ages,557,Other neurological disorders,3,Rate,2014,0.30504651152,0.44370751464,0.19057362428
1,All Population,5,Prevalence,118,Suriname,3,Both,22,All ages,557,Other neurological disorders,3,Rate,2015,0.60652239299,0.89124543403,0.38722870339
1,All Population,5,Prevalence,53,Serbia,3,Both,22,All ages,557,Other neurological disorders,3,Rate,2017,0.26559091940999996,0.35381190652,0.19251443917
1,All Population,5,Prevalence,161,Bangladesh,3,Both,22,All ages,557,Other neurological disorders,3,Rate,2014,0.30810634969,0.44368927322,0.19680305311
1,All Population,5,Prevalence,209,Guinea-Bissau,3,Both,22,All ages,557,Other neurological disorders,3,Rate,2014,0.31819145317,0.46115712997999997,0.19990157781
1,All Population,5,Prevalence,6,China,3,Both,22,All ages,557,Other neurological disorders,3,Rate,2017,0.25583053855,0.35373987002,0.17706880766
1,All Population,5,Prevalence,71,Australia,3,Both,22,All ages,557,Other neurological disorders,3,Rate,2015,0.5366577194700001,0.78676036638,0.34425974228
1,All Population,5,Prevalence,150,Oman,3,Both,22,All ages,557,Other neurological disorders,3,Rate,2014,0.32454291071,0.47671393777000004,0.21132415421999998
1,All Population,5,Prevalence,376,Northern Mariana Islands,3,Both,22,All ages,557,Other neurological disorders,3,Rate,2016,0.28900382913,0.41061215222,0.18735825907
1,All Population,5,Prevalence,26,Papua New Guinea,3,Both,22,All ages,557,Other neurological disorders,3,Rate,2015,0.24413017207999999,0.35670693868,0.15383508628
1,All Population,5,Prevalence,37,Kyrgyzstan,3,Both,22,All ages,557,Other neurological disorders,3,Rate,2015,0.40836353506999995,0.58773289016,0.25686759747
1,All Population,5,Prevalence,24,Marshall Islands,3,Both,22,All ages,557,Other neurological disorders,3,Rate,2014,0.24697256205,0.36885511326,0.15629388392
1,All Population,5,Prevalence,140,Bahrain,3,Both,22,All ages,557,Other neurological disorders,3,Rate,2016,0.32922926690000004,0.46168112096999997,0.22010839222999998
1,All Population,5,Prevalence,213,Niger,3,Both,22,All ages,557,Other neurological disorders,3,Rate,2016,0.29644572223,0.40955795159,0.19723191725999997
1,All Population,5,Prevalence,211,Mali,3,Both,22,All ages,557,Other neurological disorders,3,Rate,2014,0.31898920855,0.46188087786,0.20204505719
1,All Population,5,Prevalence,17,Sri Lanka,3,Both,22,All ages,557,Other neurological disorders,3,Rate,2016,0.20080584738,0.28519844819999995,0.13544477148
1,All Population,5,Prevalence,165,Pakistan,3,Both,22,All ages,557,Other neurological disorders,3,Rate,2015,0.30076662625,0.43846340915,0.19114561986
1,All Population,5,Prevalence,111,Dominican Republic,3,Both,22,All ages,557,Other neurological disorders,3,Rate,2016,0.55993914191,0.7929909404000001,0.37570049994
1,All Population,5,Prevalence,116,Saint Lucia,3,Both,22,All ages,557,Other neurological disorders,3,Rate,2014,0.63391674805,0.90916761896,0.40538702009
1,All Population,5,Prevalence,50,Montenegro,3,Both,22,All ages,557,Other neurological disorders,3,Rate,2016,0.33956466002,0.47600236608999996,0.22894853117
1,All Population,5,Prevalence,210,Liberia,3,Both,22,All ages,557,Other neurological disorders,3,Rate,2016,0.31903781955,0.4557425364,0.21011818018
1,All Population,5,Prevalence,26,Papua New Guinea,3,Both,22,All ages,557,Other neurological disorders,3,Rate,2014,0.24365579705999998,0.35635048515,0.15356094059
1,All Population,5,Prevalence,84,Ireland,3,Both,22,All ages,557,Other neurological disorders,3,Rate,2015,0.54232042648,0.7753871107600001,0.35547838406
1,All Population,5,Prevalence,11,Indonesia,3,Both,22,All ages,557,Other neurological disorders,3,Rate,2014,0.19654190356999998,0.28530313201,0.12385056289
1,All Population,5,Prevalence,202,Cameroon,3,Both,22,All ages,557,Other neurological disorders,3,Rate,2016,0.31122830879,0.44226580529000004,0.20768055581
1,All Population,5,Prevalence,122,Ecuador,3,Both,22,All ages,557,Other neurological disorders,3,Rate,2016,0.39885982293,0.51945486742,0.28185091288
1,All Population,5,Prevalence,162,Bhutan,3,Both,22,All ages,557,Other neurological disorders,3,Rate,2016,0.30644224221,0.42184129657,0.20619653844
1,All Population,5,Prevalence,203,Cabo Verde,3,Both,22,All ages,557,Other neurological disorders,3,Rate,2015,0.37188057388,0.53645763532,0.23488800088
1,All Population,5,Prevalence,69,Singapore,3,Both,22,All ages,557,Other neurological disorders,3,Rate,2014,0.67165839844,0.90939650577,0.45164629232
1,All Population,5,Prevalence,58,Estonia,3,Both,22,All ages,557,Other neurological disorders,3,Rate,2014,0.47340095406000005,0.68741700308,0.29665715854
1,All Population,5,Prevalence,39,Tajikistan,3,Both,22,All ages,557,Other neurological disorders,3,Rate,2015,0.39580201516,0.57214661306,0.2530697546
1,All Population,5,Prevalence,97,Argentina,3,Both,22,All ages,557,Other neurological disorders,3,Rate,2015,0.43410485443999997,0.6270380763,0.28449805763
1,All Population,5,Prevalence,129,Honduras,3,Both,22,All ages,557,Other neurological disorders,3,Rate,2014,0.47852817311,0.7044132672300001,0.30464945048000003
1,All Population,5,Prevalence,117,Saint Vincent and the Grenadines,3,Both,22,All ages,557,Other neurological disorders,3,Rate,2016,0.61406025438,0.87508548658,0.41952327015
1,All Population,5,Prevalence,131,Nicaragua,3,Both,22,All ages,557,Other neurological disorders,3,Rate,2015,0.52557601683,0.76433752874,0.34379100605999996
1,All Population,5,Prevalence,16,Philippines,3,Both,22,All ages,557,Other neurological disorders,3,Rate,2016,0.2041263249,0.28779392104,0.13680715842000002
1,All Population,5,Prevalence,163,India,3,Both,22,All ages,557,Other neurological disorders,3,Rate,2014,0.33018189976,0.48025083899,0.21068384391
1,All Population,5,Prevalence,176,Comoros,3,Both,22,All ages,557,Other neurological disorders,3,Rate,2015,0.32219407666,0.46421646898,0.20617203688
1,All Population,5,Prevalence,106,Bahamas,3,Both,22,All ages,557,Other neurological disorders,3,Rate,2016,0.58700581752,0.82436884074,0.39370602496
1,All Population,5,Prevalence,61,Republic of Moldova,3,Both,22,All ages,557,Other neurological disorders,3,Rate,2016,0.4363284657,0.61458252758,0.29114583645
1,All Population,5,Prevalence,151,Qatar,3,Both,22,All ages,557,Other neurological disorders,3,Rate,2016,0.31884469943,0.48511669507,0.2132568937
1,All Population,5,Prevalence,156,United Arab Emirates,3,Both,22,All ages,557,Other neurological disorders,3,Rate,2016,0.31707552457,0.46598124967000004,0.20592627128
1,All Population,5,Prevalence,422,United States Virgin Islands,3,Both,22,All ages,557,Other neurological disorders,3,Rate,2016,0.70447232518,1.0077948375799999,0.47709625030999997
1,All Population,5,Prevalence,75,Austria,3,Both,22,All ages,557,Other neurological disorders,3,Rate,2016,0.6256409654599999,0.87743557861,0.40860979662999997
1,All Population,5,Prevalence,215,Sao Tome and Principe,3,Both,22,All ages,557,Other neurological disorders,3,Rate,2016,0.33141447,0.46143269262000003,0.22567262195999999
1,All Population,5,Prevalence,95,United Kingdom,3,Both,22,All ages,557,Other neurological disorders,3,Rate,2016,0.24482998006,0.34212736004,0.16721013337
1,All Population,5,Prevalence,74,Andorra,3,Both,22,All ages,557,Other neurological disorders,3,Rate,2016,0.56655243586,0.79922685581,0.3796285706
1,All Population,5,Prevalence,82,Greece,3,Both,22,All ages,557,Other neurological disorders,3,Rate,2014,0.48734138592,0.68572457559,0.31436508318
1,All Population,5,Prevalence,86,Italy,3,Both,22,All ages,557,Other neurological disorders,3,Rate,2015,0.7724270511699999,1.0891783376,0.49997571967
1,All Population,5,Prevalence,217,Sierra Leone,3,Both,22,All ages,557,Other neurological disorders,3,Rate,2015,0.33198709096,0.48705734355,0.21111493715000001
1,All Population,5,Prevalence,118,Suriname,3,Both,22,All ages,557,Other neurological disorders,3,Rate,2014,0.60288752978,0.88378185977,0.3851076579
1,All Population,5,Prevalence,176,Comoros,3,Both,22,All ages,557,Other neurological disorders,3,Rate,2014,0.32131243423,0.46276468629,0.20563515736
1,All Population,5,Prevalence,204,Chad,3,Both,22,All ages,557,Other neurological disorders,3,Rate,2016,0.2968861511,0.40441490749000003,0.19677774318000002
1,All Population,5,Prevalence,30,Vanuatu,3,Both,22,All ages,557,Other neurological disorders,3,Rate,2016,0.24046233524000002,0.33831142177999995,0.15822187869999998
1,All Population,5,Prevalence,144,Jordan,3,Both,22,All ages,557,Other neurological disorders,3,Rate,2015,0.33859334165,0.48547310383000003,0.21109541715
1,All Population,5,Prevalence,113,Guyana,3,Both,22,All ages,557,Other neurological disorders,3,Rate,2017,0.5056322689,0.67331934875,0.35808910583
1,All Population,5,Prevalence,169,Central African Republic,3,Both,22,All ages,557,Other neurological disorders,3,Rate,2016,0.30735686919,0.42664547405,0.20563020368999999
1,All Population,5,Prevalence,131,Nicaragua,3,Both,22,All ages,557,Other neurological disorders,3,Rate,2014,0.52362352427,0.7617323636800001,0.34197454052
1,All Population,5,Prevalence,41,Uzbekistan,3,Both,22,All ages,557,Other neurological disorders,3,Rate,2015,0.41385275421,0.5966164671099999,0.27002958182
1,All Population,5,Prevalence,133,Venezuela (Bolivarian Republic of),3,Both,22,All ages,557,Other neurological disorders,3,Rate,2015,0.55630026582,0.8170018541899999,0.35940414102
1,All Population,5,Prevalence,43,Albania,3,Both,22,All ages,557,Other neurological disorders,3,Rate,2016,0.37794724221,0.53372613619,0.25462043186
1,All Population,5,Prevalence,55,Slovenia,3,Both,22,All ages,557,Other neurological disorders,3,Rate,2017,0.36164752902,0.5027322759399999,0.25871651750999997
1,All Population,5,Prevalence,19,Timor-Leste,3,Both,22,All ages,557,Other neurological disorders,3,Rate,2016,0.16867357028,0.23735406857000002,0.11400643007000001
1,All Population,5,Prevalence,8,Taiwan,3,Both,22,All ages,557,Other neurological disorders,3,Rate,2017,0.32031507202000004,0.40456508126,0.23171075989
1,All Population,5,Prevalence,190,Uganda,3,Both,22,All ages,557,Other neurological disorders,3,Rate,2015,0.28764837973,0.41768383531,0.17865473894
1,All Population,5,Prevalence,71,Australia,3,Both,22,All ages,557,Other neurological disorders,3,Rate,2014,0.5343598398,0.7838781995499999,0.34322395133
1,All Population,5,Prevalence,146,Lebanon,3,Both,22,All ages,557,Other neurological disorders,3,Rate,2015,0.32598173862,0.4690354277,0.2094859005
1,All Population,5,Prevalence,99,Uruguay,3,Both,22,All ages,557,Other neurological disorders,3,Rate,2015,0.46068711955999997,0.6516458619500001,0.30335741056
1,All Population,5,Prevalence,7,Democratic People's Republic of Korea,3,Both,22,All ages,557,Other neurological disorders,3,Rate,2015,0.3224833586,0.46549228049999997,0.20341810267
1,All Population,5,Prevalence,88,Malta,3,Both,22,All ages,557,Other neurological disorders,3,Rate,2015,0.60248679635,0.85243911101,0.37412401803
1,All Population,5,Prevalence,190,Uganda,3,Both,22,All ages,557,Other neurological disorders,3,Rate,2014,0.28697507286,0.41574998002,0.17811326362
1,All Population,5,Prevalence,147,Libya,3,Both,22,All ages,557,Other neurological disorders,3,Rate,2017,0.31712720542,0.43682534572,0.22287725011
1,All Population,5,Prevalence,29,Tonga,3,Both,22,All ages,557,Other neurological disorders,3,Rate,2016,0.25529202204,0.35701656061,0.16853005144
1,All Population,5,Prevalence,178,Eritrea,3,Both,22,All ages,557,Other neurological disorders,3,Rate,2015,0.30748924166999997,0.45162308895,0.20061009994
1,All Population,5,Prevalence,165,Pakistan,3,Both,22,All ages,557,Other neurological disorders,3,Rate,2014,0.30017669158,0.4373154423,0.1907070113
1,All Population,5,Prevalence,217,Sierra Leone,3,Both,22,All ages,557,Other neurological disorders,3,Rate,2016,0.31955713642,0.45166387599,0.21365518030000002
1,All Population,5,Prevalence,77,Cyprus,3,Both,22,All ages,557,Other neurological disorders,3,Rate,2016,0.52173768957,0.73133044435,0.36157347202
1,All Population,5,Prevalence,84,Ireland,3,Both,22,All ages,557,Other neurological disorders,3,Rate,2014,0.5383864350500001,0.77072148283,0.352315969
1,All Population,5,Prevalence,115,Jamaica,3,Both,22,All ages,557,Other neurological disorders,3,Rate,2017,0.53955161697,0.72207845664,0.38778346324
1,All Population,5,Prevalence,97,Argentina,3,Both,22,All ages,557,Other neurological disorders,3,Rate,2014,0.43347560960000003,0.62560284961,0.28401651797
1,All Population,5,Prevalence,212,Mauritania,3,Both,22,All ages,557,Other neurological disorders,3,Rate,2016,0.32171720303,0.43963537512,0.21740897353
1,All Population,5,Prevalence,187,Somalia,3,Both,22,All ages,557,Other neurological disorders,3,Rate,2016,0.28351729473,0.40075594945000004,0.18988762286
1,All Population,5,Prevalence,76,Belgium,3,Both,22,All ages,557,Other neurological disorders,3,Rate,2016,0.57288729096,0.8154993192700001,0.38378527225
1,All Population,5,Prevalence,108,Belize,3,Both,22,All ages,557,Other neurological disorders,3,Rate,2016,0.5369861729200001,0.76374091143,0.36029461781
1,All Population,5,Prevalence,52,Romania,3,Both,22,All ages,557,Other neurological disorders,3,Rate,2014,0.40250455308,0.57271796458,0.25059656746000003
1,All Population,5,Prevalence,18,Thailand,3,Both,22,All ages,557,Other neurological disorders,3,Rate,2016,0.1473932951,0.19880539197000002,0.10173323520000001
1,All Population,5,Prevalence,90,Norway,3,Both,22,All ages,557,Other neurological disorders,3,Rate,2016,0.61222286878,0.84423480057,0.41707933002
1,All Population,5,Prevalence,66,Brunei Darussalam,3,Both,22,All ages,557,Other neurological disorders,3,Rate,2017,0.75880326371,1.06759647023,0.54554470871
1,All Population,5,Prevalence,175,Burundi,3,Both,22,All ages,557,Other neurological disorders,3,Rate,2016,0.2813085701,0.39338120073,0.18866543142
1,All Population,5,Prevalence,142,Iran (Islamic Republic of),3,Both,22,All ages,557,Other neurological disorders,3,Rate,2016,0.25038512752,0.35074510157,0.16701080713
1,All Population,5,Prevalence,63,Ukraine,3,Both,22,All ages,557,Other neurological disorders,3,Rate,2016,0.46878257649999994,0.6684870717,0.31498814937
1,All Population,5,Prevalence,153,Syrian Arab Republic,3,Both,22,All ages,557,Other neurological disorders,3,Rate,2016,0.33548644153,0.4778898144,0.22893950674
1,All Population,5,Prevalence,37,Kyrgyzstan,3,Both,22,All ages,557,Other neurological disorders,3,Rate,2014,0.40688770925999995,0.58577130259,0.25563878008
1,All Population,5,Prevalence,133,Venezuela (Bolivarian Republic of),3,Both,22,All ages,557,Other neurological disorders,3,Rate,2014,0.55351020062,0.8121090124699999,0.35761655842
1,All Population,5,Prevalence,135,Brazil,3,Both,22,All ages,557,Other neurological disorders,3,Rate,2015,0.30786541599,0.43187150917000006,0.20340793647000002
1,All Population,5,Prevalence,396,San Marino,3,Both,22,All ages,557,Other neurological disorders,3,Rate,2016,0.59606172967,0.84749815179,0.39911507487000003
1,All Population,5,Prevalence,20,Viet Nam,3,Both,22,All ages,557,Other neurological disorders,3,Rate,2015,0.19732598080000002,0.28691079035,0.12843400002
1,All Population,5,Prevalence,178,Eritrea,3,Both,22,All ages,557,Other neurological disorders,3,Rate,2014,0.30679800978,0.45075053858999997,0.20023495273
1,All Population,5,Prevalence,101,Canada,3,Both,22,All ages,557,Other neurological disorders,3,Rate,2015,0.5016692359,0.74364453377,0.31041241386
1,All Population,5,Prevalence,11,Indonesia,3,Both,22,All ages,557,Other neurological disorders,3,Rate,2015,0.19773895983,0.28692871409000004,0.1246769139
1,All Population,5,Prevalence,99,Uruguay,3,Both,22,All ages,557,Other neurological disorders,3,Rate,2014,0.46023280096,0.6514578185000001,0.30274335386999995
1,All Population,5,Prevalence,349,Greenland,3,Both,22,All ages,557,Other neurological disorders,3,Rate,2016,0.4617883813,0.6720774585,0.31051167907
1,All Population,5,Prevalence,57,Belarus,3,Both,22,All ages,557,Other neurological disorders,3,Rate,2017,0.39914705883999996,0.54164870327,0.27574155394
1,All Population,5,Prevalence,148,Morocco,3,Both,22,All ages,557,Other neurological disorders,3,Rate,2015,0.35228986787,0.50276003867,0.22544228615
1,All Population,5,Prevalence,144,Jordan,3,Both,22,All ages,557,Other neurological disorders,3,Rate,2014,0.33810101625,0.4853689591,0.21087821114
1,All Population,5,Prevalence,201,Burkina Faso,3,Both,22,All ages,557,Other neurological disorders,3,Rate,2016,0.30883322663,0.42930920901,0.20734848765
1,All Population,5,Prevalence,117,Saint Vincent and the Grenadines,3,Both,22,All ages,557,Other neurological disorders,3,Rate,2017,0.560443436,0.7668320176,0.39563001018
1,All Population,5,Prevalence,164,Nepal,3,Both,22,All ages,557,Other neurological disorders,3,Rate,2016,0.26228281556,0.35928070096000003,0.17558223081000002
1,All Population,5,Prevalence,79,Finland,3,Both,22,All ages,557,Other neurological disorders,3,Rate,2016,0.43209860103000003,0.58504340123,0.30051913615000003
1,All Population,5,Prevalence,171,Democratic Republic of the Congo,3,Both,22,All ages,557,Other neurological disorders,3,Rate,2016,0.31281090602,0.43867064953999996,0.21003966989
1,All Population,5,Prevalence,367,Monaco,3,Both,22,All ages,557,Other neurological disorders,3,Rate,2014,0.65468419756,0.93346023238,0.40896016409
1,All Population,5,Prevalence,206,Gambia,3,Both,22,All ages,557,Other neurological disorders,3,Rate,2017,0.28723905574,0.39271673809999996,0.20340982442
1,All Population,5,Prevalence,182,Malawi,3,Both,22,All ages,557,Other neurological disorders,3,Rate,2016,0.28358496688,0.39847212902999996,0.18804682066
1,All Population,5,Prevalence,86,Italy,3,Both,22,All ages,557,Other neurological disorders,3,Rate,2014,0.76747384222,1.0822872419099998,0.49648528089
1,All Population,5,Prevalence,67,Japan,3,Both,22,All ages,557,Other neurological disorders,3,Rate,2015,1.01591573921,1.42627271447,0.65370843373
1,All Population,5,Prevalence,194,Lesotho,3,Both,22,All ages,557,Other neurological disorders,3,Rate,2015,0.35106317121999997,0.5178295696499999,0.22014598302
1,All Population,5,Prevalence,102,United States of America,3,Both,22,All ages,557,Other neurological disorders,3,Rate,2017,0.53822964749,0.69129648545,0.39488541220999995
1,All Population,5,Prevalence,119,Trinidad and Tobago,3,Both,22,All ages,557,Other neurological disorders,3,Rate,2017,0.5729220651,0.78789729746,0.40381532673000003
1,All Population,5,Prevalence,39,Tajikistan,3,Both,22,All ages,557,Other neurological disorders,3,Rate,2014,0.39458898596,0.57293014776,0.25118085711
1,All Population,5,Prevalence,150,Oman,3,Both,22,All ages,557,Other neurological disorders,3,Rate,2015,0.32479348737999997,0.4774719283,0.21219227670000002
1,All Population,5,Prevalence,52,Romania,3,Both,22,All ages,557,Other neurological disorders,3,Rate,2015,0.40403459531,0.57348983739,0.25150695918
1,All Population,5,Prevalence,10,Cambodia,3,Both,22,All ages,557,Other neurological disorders,3,Rate,2017,0.16011073592,0.21937869211,0.11271659451
1,All Population,5,Prevalence,45,Bulgaria,3,Both,22,All ages,557,Other neurological disorders,3,Rate,2016,0.4039925776,0.57759134008,0.26895947352
1,All Population,5,Prevalence,160,Afghanistan,3,Both,22,All ages,557,Other neurological disorders,3,Rate,2017,0.27699513396,0.37752171245,0.18422518868999999
1,All Population,5,Prevalence,149,Palestine,3,Both,22,All ages,557,Other neurological disorders,3,Rate,2017,0.29131483658,0.39464765618,0.19968279196
1,All Population,5,Prevalence,92,Spain,3,Both,22,All ages,557,Other neurological disorders,3,Rate,2016,0.51705033222,0.7053466659900001,0.35765644383
1,All Population,5,Prevalence,22,Fiji,3,Both,22,All ages,557,Other neurological disorders,3,Rate,2015,0.27612616435000004,0.40084699758,0.17704633234
1,All Population,5,Prevalence,367,Monaco,3,Both,22,All ages,557,Other neurological disorders,3,Rate,2015,0.65705271098,0.93602017941,0.40985375005
1,All Population,5,Prevalence,208,Guinea,3,Both,22,All ages,557,Other neurological disorders,3,Rate,2017,0.2838237776,0.37054712524,0.20113883354
1,All Population,5,Prevalence,435,South Sudan,3,Both,22,All ages,557,Other neurological disorders,3,Rate,2014,0.29540248597999996,0.4385577752,0.18636319542000002
1,All Population,5,Prevalence,376,Northern Mariana Islands,3,Both,22,All ages,557,Other neurological disorders,3,Rate,2017,0.26395205793000004,0.36684611231,0.17748441732
1,All Population,5,Prevalence,121,Bolivia (Plurinational State of),3,Both,22,All ages,557,Other neurological disorders,3,Rate,2016,0.41825530486,0.5809980929299999,0.27892244611
1,All Population,5,Prevalence,195,Namibia,3,Both,22,All ages,557,Other neurological disorders,3,Rate,2017,0.30236565481,0.40444469655,0.21399530397000002
1,All Population,5,Prevalence,180,Kenya,3,Both,22,All ages,557,Other neurological disorders,3,Rate,2015,0.29685331072,0.43709739015000004,0.18809783709
1,All Population,5,Prevalence,180,Kenya,3,Both,22,All ages,557,Other neurological disorders,3,Rate,2014,0.29302796172999995,0.43232530405999997,0.18582327492
1,All Population,5,Prevalence,416,Tuvalu,3,Both,22,All ages,557,Other neurological disorders,3,Rate,2016,0.26583405871,0.36509580231,0.1782697457
1,All Population,5,Prevalence,374,Niue,3,Both,22,All ages,557,Other neurological disorders,3,Rate,2014,0.31416882221000003,0.46173832294000006,0.20374672620999998
1,All Population,5,Prevalence,78,Denmark,3,Both,22,All ages,557,Other neurological disorders,3,Rate,2016,0.43588624426,0.59475198086,0.30593608122000004
1,All Population,5,Prevalence,34,Azerbaijan,3,Both,22,All ages,557,Other neurological disorders,3,Rate,2016,0.42202903673,0.60995196425,0.2870529275
1,All Population,5,Prevalence,196,South Africa,3,Both,22,All ages,557,Other neurological disorders,3,Rate,2015,0.39137241231,0.56982074055,0.24962713906
1,All Population,5,Prevalence,110,Dominica,3,Both,22,All ages,557,Other neurological disorders,3,Rate,2016,0.62858901694,0.86964251477,0.42771652581
1,All Population,5,Prevalence,23,Kiribati,3,Both,22,All ages,557,Other neurological disorders,3,Rate,2017,0.21989219516,0.29387679745,0.15431334627999999
1,All Population,5,Prevalence,184,Mozambique,3,Both,22,All ages,557,Other neurological disorders,3,Rate,2016,0.27988168619,0.39027584710999996,0.19011736443
1,All Population,5,Prevalence,126,Costa Rica,3,Both,22,All ages,557,Other neurological disorders,3,Rate,2016,0.55638835453,0.7919305754999999,0.38270806249999995
1,All Population,5,Prevalence,203,Cabo Verde,3,Both,22,All ages,557,Other neurological disorders,3,Rate,2016,0.36021604135,0.5036478249,0.24705738577999997
1,All Population,5,Prevalence,162,Bhutan,3,Both,22,All ages,557,Other neurological disorders,3,Rate,2017,0.27942561519,0.37027213025,0.19808381064
1,All Population,5,Prevalence,44,Bosnia and Herzegovina,3,Both,22,All ages,557,Other neurological disorders,3,Rate,2016,0.34402258083000004,0.49318634134,0.22991562591
1,All Population,5,Prevalence,114,Haiti,3,Both,22,All ages,557,Other neurological disorders,3,Rate,2015,0.52274130711,0.7412264754,0.33669014549
1,All Population,5,Prevalence,374,Niue,3,Both,22,All ages,557,Other neurological disorders,3,Rate,2015,0.31491215468,0.46286382133,0.20442855643
1,All Population,5,Prevalence,194,Lesotho,3,Both,22,All ages,557,Other neurological disorders,3,Rate,2014,0.35003020235000004,0.51638858117,0.21935642952999998
1,All Population,5,Prevalence,155,Türkiye,3,Both,22,All ages,557,Other neurological disorders,3,Rate,2016,0.39223343406,0.5401324346999999,0.2704799679
1,All Population,5,Prevalence,435,South Sudan,3,Both,22,All ages,557,Other neurological disorders,3,Rate,2015,0.29667418615,0.43992438549999996,0.18729775261
1,All Population,5,Prevalence,214,Nigeria,3,Both,22,All ages,557,Other neurological disorders,3,Rate,2016,0.32366774038,0.4593427657,0.21480988201
1,All Population,5,Prevalence,68,Republic of Korea,3,Both,22,All ages,557,Other neurological disorders,3,Rate,2017,0.6751663472099999,0.8083769303199999,0.52917923064
1,All Population,5,Prevalence,173,Gabon,3,Both,22,All ages,557,Other neurological disorders,3,Rate,2016,0.34028615946,0.4776506244,0.22625398863
1,All Population,5,Prevalence,210,Liberia,3,Both,22,All ages,557,Other neurological disorders,3,Rate,2017,0.29023797133999996,0.39890743081999996,0.20226022434
1,All Population,5,Prevalence,81,Germany,3,Both,22,All ages,557,Other neurological disorders,3,Rate,2016,0.72337402628,0.96119908214,0.49039962511999996
1,All Population,5,Prevalence,146,Lebanon,3,Both,22,All ages,557,Other neurological disorders,3,Rate,2014,0.33117795004,0.47496407195000007,0.21117953687
1,All Population,5,Prevalence,69,Singapore,3,Both,22,All ages,557,Other neurological disorders,3,Rate,2015,0.6732426389899999,0.91561926177,0.45045122785999997
1,All Population,5,Prevalence,54,Slovakia,3,Both,22,All ages,557,Other neurological disorders,3,Rate,2015,0.39153331977000005,0.56431991588,0.24694519181
1,All Population,5,Prevalence,164,Nepal,3,Both,22,All ages,557,Other neurological disorders,3,Rate,2017,0.23894014086,0.3174507795,0.16999674158
1,All Population,5,Prevalence,198,Zimbabwe,3,Both,22,All ages,557,Other neurological disorders,3,Rate,2016,0.31904233827,0.44155286093999996,0.21336142806
1,All Population,5,Prevalence,161,Bangladesh,3,Both,22,All ages,557,Other neurological disorders,3,Rate,2015,0.30959378976,0.44586647659,0.19799172119000003
1,All Population,5,Prevalence,197,Eswatini,3,Both,22,All ages,557,Other neurological disorders,3,Rate,2017,0.30076376086,0.40212617138,0.21622904332
1,All Population,5,Prevalence,123,Peru,3,Both,22,All ages,557,Other neurological disorders,3,Rate,2016,0.39798447825,0.53271049112,0.2753676742
1,All Population,5,Prevalence,30,Vanuatu,3,Both,22,All ages,557,Other neurological disorders,3,Rate,2017,0.21837533582,0.29295179967,0.15591201190999998
1,All Population,5,Prevalence,393,Saint Kitts and Nevis,3,Both,22,All ages,557,Other neurological disorders,3,Rate,2016,0.60582897041,0.8582115224700001,0.41451678149
1,All Population,5,Prevalence,116,Saint Lucia,3,Both,22,All ages,557,Other neurological disorders,3,Rate,2015,0.63852411744,0.9194880416200001,0.40815485635
1,All Population,5,Prevalence,522,Sudan,3,Both,22,All ages,557,Other neurological disorders,3,Rate,2016,0.32347394369,0.44159732,0.21732032926
1,All Population,5,Prevalence,205,Côte d'Ivoire,3,Both,22,All ages,557,Other neurological disorders,3,Rate,2016,0.31593806479000003,0.43900858624999994,0.2110445232
1,All Population,5,Prevalence,36,Kazakhstan,3,Both,22,All ages,557,Other neurological disorders,3,Rate,2017,0.38237744488,0.520013574,0.27417587133
1,All Population,5,Prevalence,112,Grenada,3,Both,22,All ages,557,Other neurological disorders,3,Rate,2016,0.62200578886,0.88083371795,0.42976159564000005
1,All Population,5,Prevalence,19,Timor-Leste,3,Both,22,All ages,557,Other neurological disorders,3,Rate,2017,0.15306316250000002,0.20740860168,0.10759388804999999
1,All Population,5,Prevalence,216,Senegal,3,Both,22,All ages,557,Other neurological disorders,3,Rate,2016,0.32183985661,0.44654408546999996,0.21974051202999997
1,All Population,5,Prevalence,12,Lao People's Democratic Republic,3,Both,22,All ages,557,Other neurological disorders,3,Rate,2017,0.1547665818,0.20853755917999997,0.10994515603999999
1,All Population,5,Prevalence,380,Palau,3,Both,22,All ages,557,Other neurological disorders,3,Rate,2015,0.30860669544999997,0.44876476914999996,0.19289955363
1,All Population,5,Prevalence,89,Netherlands,3,Both,22,All ages,557,Other neurological disorders,3,Rate,2016,0.57027495445,0.8166754695199999,0.38277464104
1,All Population,5,Prevalence,136,Paraguay,3,Both,22,All ages,557,Other neurological disorders,3,Rate,2016,0.26362995793,0.36969681242999997,0.18082415071000002
1,All Population,5,Prevalence,152,Saudi Arabia,3,Both,22,All ages,557,Other neurological disorders,3,Rate,2016,0.31724121665,0.45100207432,0.21733198942
1,All Population,5,Prevalence,52,Romania,3,Both,22,All ages,557,Other neurological disorders,3,Rate,2016,0.38998164965000004,0.5395851921,0.26272074902
1,All Population,5,Prevalence,128,Guatemala,3,Both,22,All ages,557,Other neurological disorders,3,Rate,2017,0.45174278611,0.616080678,0.32012611277
1,All Population,5,Prevalence,212,Mauritania,3,Both,22,All ages,557,Other neurological disorders,3,Rate,2017,0.29204243605999997,0.38753830649000004,0.20401862702
1,All Population,5,Prevalence,7,Democratic People's Republic of Korea,3,Both,22,All ages,557,Other neurological disorders,3,Rate,2016,0.31187981551,0.43912252745999997,0.21034539554
1,All Population,5,Prevalence,41,Uzbekistan,3,Both,22,All ages,557,Other neurological disorders,3,Rate,2016,0.39991358362,0.55592894664,0.27264052766
1,All Population,5,Prevalence,175,Burundi,3,Both,22,All ages,557,Other neurological disorders,3,Rate,2017,0.25557695816,0.34789192695,0.17598424292
1,All Population,5,Prevalence,105,Antigua and Barbuda,3,Both,22,All ages,557,Other neurological disorders,3,Rate,2016,0.6116029069,0.84809325378,0.41506838494000003
1,All Population,5,Prevalence,186,Seychelles,3,Both,22,All ages,557,Other neurological disorders,3,Rate,2016,0.19930988854,0.27964243641000003,0.13245884586
1,All Population,5,Prevalence,157,Yemen,3,Both,22,All ages,557,Other neurological disorders,3,Rate,2016,0.3139025477,0.43518559478999996,0.20944893094999997
1,All Population,5,Prevalence,298,American Samoa,3,Both,22,All ages,557,Other neurological disorders,3,Rate,2016,0.26756347875000003,0.37111977267,0.17721947844
1,All Population,5,Prevalence,25,Micronesia (Federated States of),3,Both,22,All ages,557,Other neurological disorders,3,Rate,2017,0.23184303837000003,0.32064497474,0.16293907305
1,All Population,5,Prevalence,168,Angola,3,Both,22,All ages,557,Other neurological disorders,3,Rate,2016,0.30428791953,0.43227989515,0.20081943495
1,All Population,5,Prevalence,200,Benin,3,Both,22,All ages,557,Other neurological disorders,3,Rate,2016,0.3079618154,0.42790294684,0.20066381756999999
1,All Population,5,Prevalence,139,Algeria,3,Both,22,All ages,557,Other neurological disorders,3,Rate,2016,0.33152232169,0.46808124908,0.22628508553999999
1,All Population,5,Prevalence,207,Ghana,3,Both,22,All ages,557,Other neurological disorders,3,Rate,2015,0.34075506855,0.50658353147,0.21555396395999998
1,All Population,5,Prevalence,83,Iceland,3,Both,22,All ages,557,Other neurological disorders,3,Rate,2017,0.47506567838,0.63966038412,0.33776337853
1,All Population,5,Prevalence,413,Tokelau,3,Both,22,All ages,557,Other neurological disorders,3,Rate,2016,0.28333477019,0.39722529135,0.18934460914
1,All Population,5,Prevalence,43,Albania,3,Both,22,All ages,557,Other neurological disorders,3,Rate,2017,0.34566094393,0.47257635498,0.23954213740000002
1,All Population,5,Prevalence,163,India,3,Both,22,All ages,557,Other neurological disorders,3,Rate,2015,0.33171962567,0.48274468104,0.21166734138
1,All Population,5,Prevalence,99,Uruguay,3,Both,22,All ages,557,Other neurological disorders,3,Rate,2016,0.44417943565,0.60245179055,0.30950373405000003
1,All Population,5,Prevalence,77,Cyprus,3,Both,22,All ages,557,Other neurological disorders,3,Rate,2017,0.48069579334999996,0.6737289631400001,0.34861049071
1,All Population,5,Prevalence,54,Slovakia,3,Both,22,All ages,557,Other neurological disorders,3,Rate,2016,0.37864183764,0.53242856421,0.25514662557
1,All Population,5,Prevalence,58,Estonia,3,Both,22,All ages,557,Other neurological disorders,3,Rate,2015,0.47502514739,0.69035455608,0.29739451186
1,All Population,5,Prevalence,20,Viet Nam,3,Both,22,All ages,557,Other neurological disorders,3,Rate,2016,0.19100989303,0.26752558401,0.13032678266
1,All Population,5,Prevalence,38,Mongolia,3,Both,22,All ages,557,Other neurological disorders,3,Rate,2017,0.35662288133000003,0.47900792988999996,0.25656092597
1,All Population,5,Prevalence,183,Mauritius,3,Both,22,All ages,557,Other neurological disorders,3,Rate,2016,0.21148266509,0.29596370447,0.14258447709
1,All Population,5,Prevalence,27,Samoa,3,Both,22,All ages,557,Other neurological disorders,3,Rate,2017,0.22982362055,0.30997168706,0.16224178205
1,All Population,5,Prevalence,91,Portugal,3,Both,22,All ages,557,Other neurological disorders,3,Rate,2016,0.6910560758100001,0.9759423525400001,0.46102519116
1,All Population,5,Prevalence,88,Malta,3,Both,22,All ages,557,Other neurological disorders,3,Rate,2016,0.58083172916,0.82894940636,0.39255443424
1,All Population,5,Prevalence,320,Cook Islands,3,Both,22,All ages,557,Other neurological disorders,3,Rate,2016,0.30300891386,0.42945539169,0.19937700698000002
1,All Population,5,Prevalence,218,Togo,3,Both,22,All ages,557,Other neurological disorders,3,Rate,2016,0.32042692110000004,0.44979588042999996,0.21663081448
1,All Population,5,Prevalence,130,Mexico,3,Both,22,All ages,557,Other neurological disorders,3,Rate,2017,0.48560347949,0.63229659358,0.35589891308
1,All Population,5,Prevalence,209,Guinea-Bissau,3,Both,22,All ages,557,Other neurological disorders,3,Rate,2015,0.31860320935,0.46217074359999993,0.20026058318
1,All Population,5,Prevalence,177,Djibouti,3,Both,22,All ages,557,Other neurological disorders,3,Rate,2017,0.27853137667,0.38247282730000004,0.19592308886
1,All Population,5,Prevalence,125,Colombia,3,Both,22,All ages,557,Other neurological disorders,3,Rate,2016,0.55423842334,0.7756742142999999,0.37564373671
1,All Population,5,Prevalence,34,Azerbaijan,3,Both,22,All ages,557,Other neurological disorders,3,Rate,2017,0.38525196322999994,0.53388698338,0.26987012903
1,All Population,5,Prevalence,101,Canada,3,Both,22,All ages,557,Other neurological disorders,3,Rate,2016,0.48557367737,0.7033896309300001,0.31860407118
1,All Population,5,Prevalence,146,Lebanon,3,Both,22,All ages,557,Other neurological disorders,3,Rate,2016,0.31388731901,0.43365876244000007,0.21678957342000002
1,All Population,5,Prevalence,90,Norway,3,Both,22,All ages,557,Other neurological disorders,3,Rate,2017,0.5609972943,0.76692646412,0.39584674025999994
1,All Population,5,Prevalence,135,Brazil,3,Both,22,All ages,557,Other neurological disorders,3,Rate,2016,0.29945814738,0.40568815534999997,0.21155153609000002
1,All Population,5,Prevalence,85,Israel,3,Both,22,All ages,557,Other neurological disorders,3,Rate,2017,0.4388957317,0.59545424973,0.30862034575
1,All Population,5,Prevalence,98,Chile,3,Both,22,All ages,557,Other neurological disorders,3,Rate,2017,0.54909535664,0.6880674544000001,0.40550403927
1,All Population,5,Prevalence,11,Indonesia,3,Both,22,All ages,557,Other neurological disorders,3,Rate,2016,0.19142592664000002,0.2663538673,0.12838001882
1,All Population,5,Prevalence,67,Japan,3,Both,22,All ages,557,Other neurological disorders,3,Rate,2016,0.98106499672,1.31867418343,0.6656947067600001
1,All Population,5,Prevalence,45,Bulgaria,3,Both,22,All ages,557,Other neurological disorders,3,Rate,2017,0.36781445944,0.51297538648,0.25337947222
1,All Population,5,Prevalence,79,Finland,3,Both,22,All ages,557,Other neurological disorders,3,Rate,2017,0.39355637623,0.53293518484,0.29107852912
1,All Population,5,Prevalence,170,Congo,3,Both,22,All ages,557,Other neurological disorders,3,Rate,2016,0.3193545503,0.44690464001,0.21783205135
1,All Population,5,Prevalence,22,Fiji,3,Both,22,All ages,557,Other neurological disorders,3,Rate,2016,0.26647548652,0.37466203966,0.17839476672
1,All Population,5,Prevalence,185,Rwanda,3,Both,22,All ages,557,Other neurological disorders,3,Rate,2016,0.29343376532,0.40602627456999996,0.19476455630999998
1,All Population,5,Prevalence,72,New Zealand,3,Both,22,All ages,557,Other neurological disorders,3,Rate,2017,0.5020206858699999,0.65280094214,0.35827465454
1,All Population,5,Prevalence,211,Mali,3,Both,22,All ages,557,Other neurological disorders,3,Rate,2015,0.31914386413,0.46206514842,0.20217099141
1,All Population,5,Prevalence,143,Iraq,3,Both,22,All ages,557,Other neurological disorders,3,Rate,2017,0.29196627398999997,0.39594325044,0.20090370906
1,All Population,5,Prevalence,132,Panama,3,Both,22,All ages,557,Other neurological disorders,3,Rate,2017,0.50476890585,0.68346707338,0.35416307905
1,All Population,5,Prevalence,40,Turkmenistan,3,Both,22,All ages,557,Other neurological disorders,3,Rate,2017,0.36247755035,0.48201376858,0.25184026995000003
1,All Population,5,Prevalence,51,Poland,3,Both,22,All ages,557,Other neurological disorders,3,Rate,2017,0.33102049855,0.43662334113000006,0.24015237275
1,All Population,5,Prevalence,179,Ethiopia,3,Both,22,All ages,557,Other neurological disorders,3,Rate,2017,0.27267368735999997,0.37485907706000005,0.18850559114
1,All Population,5,Prevalence,351,Guam,3,Both,22,All ages,557,Other neurological disorders,3,Rate,2017,0.26830384316,0.36568361745,0.19129866505999998
1,All Population,5,Prevalence,13,Malaysia,3,Both,22,All ages,557,Other neurological disorders,3,Rate,2017,0.1720565766,0.23896505464999998,0.12454813184
1,All Population,5,Prevalence,16,Philippines,3,Both,22,All ages,557,Other neurological disorders,3,Rate,2017,0.18593403436,0.25346059721,0.13000564696
1,All Population,5,Prevalence,92,Spain,3,Both,22,All ages,557,Other neurological disorders,3,Rate,2017,0.47725323886,0.6271191835100001,0.34524885402
1,All Population,5,Prevalence,148,Morocco,3,Both,22,All ages,557,Other neurological disorders,3,Rate,2016,0.34046613094,0.47528905703999996,0.23156460981
1,All Population,5,Prevalence,24,Marshall Islands,3,Both,22,All ages,557,Other neurological disorders,3,Rate,2016,0.24124760435999998,0.34073515856,0.1558305142
1,All Population,5,Prevalence,182,Malawi,3,Both,22,All ages,557,Other neurological disorders,3,Rate,2017,0.25761825861,0.34538405794,0.17944535639
1,All Population,5,Prevalence,114,Haiti,3,Both,22,All ages,557,Other neurological disorders,3,Rate,2016,0.50391732591,0.69187607431,0.34096298966
1,All Population,5,Prevalence,194,Lesotho,3,Both,22,All ages,557,Other neurological disorders,3,Rate,2016,0.33872058227,0.48093381765,0.22481602515
1,All Population,5,Prevalence,69,Singapore,3,Both,22,All ages,557,Other neurological disorders,3,Rate,2016,0.65096289094,0.8575989943,0.46764445095
1,All Population,5,Prevalence,81,Germany,3,Both,22,All ages,557,Other neurological disorders,3,Rate,2017,0.6862596950600001,0.8728861333500001,0.50540835432
1,All Population,5,Prevalence,145,Kuwait,3,Both,22,All ages,557,Other neurological disorders,3,Rate,2017,0.2927656165,0.39947885717000003,0.20614156680999998
1,All Population,5,Prevalence,385,Puerto Rico,3,Both,22,All ages,557,Other neurological disorders,3,Rate,2016,0.68207889844,0.9129236796499999,0.46998360069
1,All Population,5,Prevalence,171,Democratic Republic of the Congo,3,Both,22,All ages,557,Other neurological disorders,3,Rate,2017,0.28388389349,0.38689963877,0.20057222425
1,All Population,5,Prevalence,47,Czechia,3,Both,22,All ages,557,Other neurological disorders,3,Rate,2017,0.35795670312,0.48700878415,0.24925578683000002
1,All Population,5,Prevalence,58,Estonia,3,Both,22,All ages,557,Other neurological disorders,3,Rate,2016,0.45830062621,0.6544602284500001,0.30608969766
1,All Population,5,Prevalence,181,Madagascar,3,Both,22,All ages,557,Other neurological disorders,3,Rate,2017,0.26100260355,0.35097578902,0.18222306368
1,All Population,5,Prevalence,191,Zambia,3,Both,22,All ages,557,Other neurological disorders,3,Rate,2017,0.25058277144999996,0.33445180819000003,0.17549964525
1,All Population,5,Prevalence,60,Lithuania,3,Both,22,All ages,557,Other neurological disorders,3,Rate,2017,0.41879695737,0.5763565492,0.29366308964
1,All Population,5,Prevalence,172,Equatorial Guinea,3,Both,22,All ages,557,Other neurological disorders,3,Rate,2016,0.30786608403,0.44012180146999996,0.20450203902
1,All Population,5,Prevalence,87,Luxembourg,3,Both,22,All ages,557,Other neurological disorders,3,Rate,2017,0.49802342752999995,0.69323384399,0.35223579314000003
1,All Population,5,Prevalence,126,Costa Rica,3,Both,22,All ages,557,Other neurological disorders,3,Rate,2017,0.5069447918700001,0.69630964538,0.36173017515
1,All Population,5,Prevalence,15,Myanmar,3,Both,22,All ages,557,Other neurological disorders,3,Rate,2017,0.16513691311,0.22448736889,0.11409464962
1,All Population,5,Prevalence,161,Bangladesh,3,Both,22,All ages,557,Other neurological disorders,3,Rate,2016,0.29916000137000004,0.41295712291,0.20216372305000002
1,All Population,5,Prevalence,196,South Africa,3,Both,22,All ages,557,Other neurological disorders,3,Rate,2016,0.37813788778999996,0.5255940571300001,0.25856715716
1,All Population,5,Prevalence,139,Algeria,3,Both,22,All ages,557,Other neurological disorders,3,Rate,2017,0.30137165961,0.40699472958,0.21445146289
1,All Population,5,Prevalence,305,Bermuda,3,Both,22,All ages,557,Other neurological disorders,3,Rate,2016,0.7123816641299999,1.00776416226,0.47971350752
1,All Population,5,Prevalence,63,Ukraine,3,Both,22,All ages,557,Other neurological disorders,3,Rate,2017,0.4266610953,0.5969587533899999,0.29270176977
1,All Population,5,Prevalence,150,Oman,3,Both,22,All ages,557,Other neurological disorders,3,Rate,2016,0.31295846714,0.4448734297,0.21911232676
1,All Population,5,Prevalence,94,Switzerland,3,Both,22,All ages,557,Other neurological disorders,3,Rate,2017,0.52752854765,0.73480716467,0.36845504223
1,All Population,5,Prevalence,184,Mozambique,3,Both,22,All ages,557,Other neurological disorders,3,Rate,2017,0.25364509157,0.33692653712,0.17958329125
1,All Population,5,Prevalence,29,Tonga,3,Both,22,All ages,557,Other neurological disorders,3,Rate,2017,0.23210864403999998,0.31437385514,0.16103473295999998
1,All Population,5,Prevalence,207,Ghana,3,Both,22,All ages,557,Other neurological disorders,3,Rate,2016,0.32842215299,0.46547245449,0.22021249158
1,All Population,5,Prevalence,26,Papua New Guinea,3,Both,22,All ages,557,Other neurological disorders,3,Rate,2016,0.23533035326,0.33286905699999997,0.15172421228
1,All Population,5,Prevalence,74,Andorra,3,Both,22,All ages,557,Other neurological disorders,3,Rate,2017,0.5191777751000001,0.71026160399,0.36326547297
1,All Population,5,Prevalence,129,Honduras,3,Both,22,All ages,557,Other neurological disorders,3,Rate,2016,0.46274014155,0.64292288547,0.31868906592
1,All Population,5,Prevalence,28,Solomon Islands,3,Both,22,All ages,557,Other neurological disorders,3,Rate,2017,0.21434704157,0.29245091507,0.15008179812
1,All Population,5,Prevalence,374,Niue,3,Both,22,All ages,557,Other neurological disorders,3,Rate,2016,0.30379658065,0.43294347545,0.20451684556
1,All Population,5,Prevalence,37,Kyrgyzstan,3,Both,22,All ages,557,Other neurological disorders,3,Rate,2016,0.39456531104,0.54481461587,0.26783324068000003
1,All Population,5,Prevalence,116,Saint Lucia,3,Both,22,All ages,557,Other neurological disorders,3,Rate,2016,0.61888412623,0.8764528569000001,0.42146760295
1,All Population,5,Prevalence,82,Greece,3,Both,22,All ages,557,Other neurological disorders,3,Rate,2016,0.48643606426999997,0.66601712656,0.33551406143
1,All Population,5,Prevalence,71,Australia,3,Both,22,All ages,557,Other neurological disorders,3,Rate,2016,0.51883239112,0.74359772536,0.35600651271
1,All Population,5,Prevalence,105,Antigua and Barbuda,3,Both,22,All ages,557,Other neurological disorders,3,Rate,2017,0.55791633928,0.74865575032,0.39008323142999995
1,All Population,5,Prevalence,18,Thailand,3,Both,22,All ages,557,Other neurological disorders,3,Rate,2017,0.13630588092,0.17903060271000001,0.10116370979
1,All Population,5,Prevalence,193,Botswana,3,Both,22,All ages,557,Other neurological disorders,3,Rate,2017,0.31405902018000004,0.43512059274000003,0.22278618596000002
1,All Population,5,Prevalence,62,Russian Federation,3,Both,22,All ages,557,Other neurological disorders,3,Rate,2017,0.41552343722,0.57945209476,0.29188379322
1,All Population,5,Prevalence,163,India,3,Both,22,All ages,557,Other neurological disorders,3,Rate,2016,0.32064810955,0.45512342296,0.2147047267
1,All Population,5,Prevalence,131,Nicaragua,3,Both,22,All ages,557,Other neurological disorders,3,Rate,2016,0.50757468478,0.7041711844299999,0.34801866557
1,All Population,5,Prevalence,118,Suriname,3,Both,22,All ages,557,Other neurological disorders,3,Rate,2016,0.5866387587999999,0.82964447059,0.40034848967000003
1,All Population,5,Prevalence,39,Tajikistan,3,Both,22,All ages,557,Other neurological disorders,3,Rate,2016,0.38212093416,0.52906582871,0.25799785198
1,All Population,5,Prevalence,84,Ireland,3,Both,22,All ages,557,Other neurological disorders,3,Rate,2016,0.52554825978,0.73120948546,0.36439734975
1,All Population,5,Prevalence,121,Bolivia (Plurinational State of),3,Both,22,All ages,557,Other neurological disorders,3,Rate,2017,0.37984787668000003,0.5078359140500001,0.26837434044999997
1,All Population,5,Prevalence,17,Sri Lanka,3,Both,22,All ages,557,Other neurological disorders,3,Rate,2017,0.18341561987,0.25331327986,0.12974414429
1,All Population,5,Prevalence,110,Dominica,3,Both,22,All ages,557,Other neurological disorders,3,Rate,2017,0.57213641471,0.77978033594,0.39693242933999995
1,All Population,5,Prevalence,369,Nauru,3,Both,22,All ages,557,Other neurological disorders,3,Rate,2017,0.20884552396,0.2831558317,0.14530476248000002
1,All Population,5,Prevalence,173,Gabon,3,Both,22,All ages,557,Other neurological disorders,3,Rate,2017,0.30893291921,0.41390165793,0.21503376838000002
1,All Population,5,Prevalence,49,North Macedonia,3,Both,22,All ages,557,Other neurological disorders,3,Rate,2017,0.34717561772,0.4754103919,0.24271056394999999
1,All Population,5,Prevalence,141,Egypt,3,Both,22,All ages,557,Other neurological disorders,3,Rate,2017,0.29282848723000005,0.39785447977999994,0.20630931988999998
1,All Population,5,Prevalence,23,Kiribati,3,Both,22,All ages,557,Other neurological disorders,3,Rate,2018,0.19311503961,0.25567037387,0.13893669539
1,All Population,5,Prevalence,380,Palau,3,Both,22,All ages,557,Other neurological disorders,3,Rate,2016,0.29975572228,0.41973331405000003,0.19695048039000002
1,All Population,5,Prevalence,209,Guinea-Bissau,3,Both,22,All ages,557,Other neurological disorders,3,Rate,2016,0.30698807859,0.43457496835,0.20686790992
1,All Population,5,Prevalence,76,Belgium,3,Both,22,All ages,557,Other neurological disorders,3,Rate,2017,0.52136476096,0.72463900503,0.36824129315
1,All Population,5,Prevalence,12,Lao People's Democratic Republic,3,Both,22,All ages,557,Other neurological disorders,3,Rate,2018,0.13619518694,0.18006142224,0.09954499097
1,All Population,5,Prevalence,298,American Samoa,3,Both,22,All ages,557,Other neurological disorders,3,Rate,2017,0.24463036140999997,0.32262645566000003,0.16871586543
1,All Population,5,Prevalence,198,Zimbabwe,3,Both,22,All ages,557,Other neurological disorders,3,Rate,2017,0.29012344089000003,0.38850210171000005,0.2082825914
1,All Population,5,Prevalence,133,Venezuela (Bolivarian Republic of),3,Both,22,All ages,557,Other neurological disorders,3,Rate,2016,0.53803979245,0.76709346455,0.37206799143
1,All Population,5,Prevalence,186,Seychelles,3,Both,22,All ages,557,Other neurological disorders,3,Rate,2017,0.18180204284999998,0.24847119451,0.12909823748
1,All Population,5,Prevalence,152,Saudi Arabia,3,Both,22,All ages,557,Other neurological disorders,3,Rate,2017,0.28788327305,0.39459726465,0.20756031921999998
1,All Population,5,Prevalence,36,Kazakhstan,3,Both,22,All ages,557,Other neurological disorders,3,Rate,2018,0.3365769627,0.43673731981,0.24501225018
1,All Population,5,Prevalence,165,Pakistan,3,Both,22,All ages,557,Other neurological disorders,3,Rate,2016,0.28995218285,0.40450935168999996,0.19500230635000002
1,All Population,5,Prevalence,86,Italy,3,Both,22,All ages,557,Other neurological disorders,3,Rate,2016,0.7467356365,1.00963399946,0.51668374958
1,All Population,5,Prevalence,107,Barbados,3,Both,22,All ages,557,Other neurological disorders,3,Rate,2017,0.6118404034,0.85435270428,0.43176794624
1,All Population,5,Prevalence,25,Micronesia (Federated States of),3,Both,22,All ages,557,Other neurological disorders,3,Rate,2018,0.20426048325,0.27131286197,0.14724579029999998
1,All Population,5,Prevalence,157,Yemen,3,Both,22,All ages,557,Other neurological disorders,3,Rate,2017,0.28498648584,0.38470417846999994,0.19534269682999997
1,All Population,5,Prevalence,44,Bosnia and Herzegovina,3,Both,22,All ages,557,Other neurological disorders,3,Rate,2017,0.31315207939,0.42901098935000004,0.21746469257
1,All Population,5,Prevalence,112,Grenada,3,Both,22,All ages,557,Other neurological disorders,3,Rate,2017,0.5670968267300001,0.7714102386300001,0.40264415763999994
1,All Population,5,Prevalence,144,Jordan,3,Both,22,All ages,557,Other neurological disorders,3,Rate,2016,0.3269376613,0.44771290532999997,0.21977139701
1,All Population,5,Prevalence,123,Peru,3,Both,22,All ages,557,Other neurological disorders,3,Rate,2017,0.36139116141,0.47837923575,0.25784130311
1,All Population,5,Prevalence,33,Armenia,3,Both,22,All ages,557,Other neurological disorders,3,Rate,2017,0.42651647874,0.59685089331,0.29385759023
1,All Population,5,Prevalence,168,Angola,3,Both,22,All ages,557,Other neurological disorders,3,Rate,2017,0.276263723,0.38143095603,0.18862830462
1,All Population,5,Prevalence,78,Denmark,3,Both,22,All ages,557,Other neurological disorders,3,Rate,2017,0.39895216794000005,0.5250621064000001,0.29957277043
1,All Population,5,Prevalence,83,Iceland,3,Both,22,All ages,557,Other neurological disorders,3,Rate,2018,0.41791771239000003,0.55574172603,0.30573543957
1,All Population,5,Prevalence,72,New Zealand,3,Both,22,All ages,557,Other neurological disorders,3,Rate,2018,0.44087410084,0.54670225791,0.33040214343
1,All Population,5,Prevalence,117,Saint Vincent and the Grenadines,3,Both,22,All ages,557,Other neurological disorders,3,Rate,2018,0.49435637170999996,0.66226818681,0.36447788578
1,All Population,5,Prevalence,176,Comoros,3,Both,22,All ages,557,Other neurological disorders,3,Rate,2016,0.31079113397999997,0.42672268875,0.20912530626999998
1,All Population,5,Prevalence,97,Argentina,3,Both,22,All ages,557,Other neurological disorders,3,Rate,2016,0.41864481042,0.58487552433,0.28814061625
1,All Population,5,Prevalence,89,Netherlands,3,Both,22,All ages,557,Other neurological disorders,3,Rate,2017,0.52004028944,0.72625283528,0.36746503934999997
1,All Population,5,Prevalence,38,Mongolia,3,Both,22,All ages,557,Other neurological disorders,3,Rate,2018,0.31415617606,0.40880776265999996,0.22819674983
1,All Population,5,Prevalence,211,Mali,3,Both,22,All ages,557,Other neurological disorders,3,Rate,2016,0.30718876787,0.42548001834,0.20916285201999998
1,All Population,5,Prevalence,128,Guatemala,3,Both,22,All ages,557,Other neurological disorders,3,Rate,2018,0.39675128780999996,0.51693055053,0.28853761444000003
1,All Population,5,Prevalence,6,China,3,Both,22,All ages,557,Other neurological disorders,3,Rate,2018,0.226210412,0.30654193747999997,0.16438145995
1,All Population,5,Prevalence,164,Nepal,3,Both,22,All ages,557,Other neurological disorders,3,Rate,2018,0.21049105049999997,0.27471358347999997,0.1554883285
1,All Population,5,Prevalence,175,Burundi,3,Both,22,All ages,557,Other neurological disorders,3,Rate,2018,0.22437170212000002,0.29506939771,0.16033077974
1,All Population,5,Prevalence,27,Samoa,3,Both,22,All ages,557,Other neurological disorders,3,Rate,2018,0.20183280839,0.26207055437,0.14654131111000002
1,All Population,5,Prevalence,216,Senegal,3,Both,22,All ages,557,Other neurological disorders,3,Rate,2017,0.29184573092,0.38642554145999997,0.20562300045999998
1,All Population,5,Prevalence,190,Uganda,3,Both,22,All ages,557,Other neurological disorders,3,Rate,2016,0.27743067503,0.38964375140999996,0.18617395856
1,All Population,5,Prevalence,40,Turkmenistan,3,Both,22,All ages,557,Other neurological disorders,3,Rate,2018,0.31887117303,0.40461930413,0.22942335295000002
1,All Population,5,Prevalence,125,Colombia,3,Both,22,All ages,557,Other neurological disorders,3,Rate,2017,0.50476853623,0.69110666162,0.34901923638000004
1,All Population,5,Prevalence,136,Paraguay,3,Both,22,All ages,557,Other neurological disorders,3,Rate,2017,0.24051689294,0.32380131736,0.17421285632
1,All Population,5,Prevalence,205,Côte d'Ivoire,3,Both,22,All ages,557,Other neurological disorders,3,Rate,2017,0.2865965331,0.39128473976,0.20051552147
1,All Population,5,Prevalence,178,Eritrea,3,Both,22,All ages,557,Other neurological disorders,3,Rate,2016,0.29648557259999997,0.42226777661000003,0.20116779966
1,All Population,5,Prevalence,46,Croatia,3,Both,22,All ages,557,Other neurological disorders,3,Rate,2017,0.36360694084,0.5043989619,0.25385511652
1,All Population,5,Prevalence,119,Trinidad and Tobago,3,Both,22,All ages,557,Other neurological disorders,3,Rate,2018,0.50507312896,0.68304074115,0.36724028691000005
1,All Population,5,Prevalence,80,France,3,Both,22,All ages,557,Other neurological disorders,3,Rate,2017,0.48067106864000003,0.62650983432,0.34772245194
1,All Population,5,Prevalence,8,Taiwan,3,Both,22,All ages,557,Other neurological disorders,3,Rate,2018,0.28503834135,0.34657097829,0.21295006705
1,All Population,5,Prevalence,85,Israel,3,Both,22,All ages,557,Other neurological disorders,3,Rate,2018,0.38570166606000006,0.50449344155,0.27996839343999996
1,All Population,5,Prevalence,130,Mexico,3,Both,22,All ages,557,Other neurological disorders,3,Rate,2018,0.43519619367999995,0.5500595726499999,0.32646524474
1,All Population,5,Prevalence,177,Djibouti,3,Both,22,All ages,557,Other neurological disorders,3,Rate,2018,0.24472407755,0.32325030849,0.17519105306
1,All Population,5,Prevalence,109,Cuba,3,Both,22,All ages,557,Other neurological disorders,3,Rate,2017,0.61355646693,0.8580319001500001,0.42444830357
1,All Population,5,Prevalence,200,Benin,3,Both,22,All ages,557,Other neurological disorders,3,Rate,2017,0.27947044438999996,0.3717489941,0.19083719167
1,All Population,5,Prevalence,393,Saint Kitts and Nevis,3,Both,22,All ages,557,Other neurological disorders,3,Rate,2017,0.55223283492,0.75084985919,0.39726686407999995
1,All Population,5,Prevalence,35,Georgia,3,Both,22,All ages,557,Other neurological disorders,3,Rate,2017,0.43084088044999996,0.5580545165399999,0.31633379374
1,All Population,5,Prevalence,91,Portugal,3,Both,22,All ages,557,Other neurological disorders,3,Rate,2017,0.63063935462,0.8726019665899999,0.44074410734999997
1,All Population,5,Prevalence,51,Poland,3,Both,22,All ages,557,Other neurological disorders,3,Rate,2018,0.29122380463,0.37817807066000003,0.21622838979999998
1,All Population,5,Prevalence,170,Congo,3,Both,22,All ages,557,Other neurological disorders,3,Rate,2017,0.28981254062,0.39537361698,0.20412307903000002
1,All Population,5,Prevalence,11,Indonesia,3,Both,22,All ages,557,Other neurological disorders,3,Rate,2017,0.17450338113,0.23511994288,0.12120847884
1,All Population,5,Prevalence,183,Mauritius,3,Both,22,All ages,557,Other neurological disorders,3,Rate,2017,0.19325281352999998,0.2659115795,0.13855265067
1,All Population,5,Prevalence,10,Cambodia,3,Both,22,All ages,557,Other neurological disorders,3,Rate,2018,0.14107786899,0.19010591368000002,0.10495866636
1,All Population,5,Prevalence,212,Mauritania,3,Both,22,All ages,557,Other neurological disorders,3,Rate,2018,0.25639058874,0.33666028879,0.18783871168
1,All Population,5,Prevalence,180,Kenya,3,Both,22,All ages,557,Other neurological disorders,3,Rate,2016,0.28689684546,0.40921699418,0.19118265543000001
1,All Population,5,Prevalence,59,Latvia,3,Both,22,All ages,557,Other neurological disorders,3,Rate,2017,0.41747789836,0.57545325821,0.2917786489
1,All Population,5,Prevalence,218,Togo,3,Both,22,All ages,557,Other neurological disorders,3,Rate,2017,0.29135704497000003,0.40139808535,0.20371402623999998
1,All Population,5,Prevalence,127,El Salvador,3,Both,22,All ages,557,Other neurological disorders,3,Rate,2017,0.46304951847000003,0.60919549526,0.32868376009
1,All Population,5,Prevalence,98,Chile,3,Both,22,All ages,557,Other neurological disorders,3,Rate,2018,0.4914617264,0.6034876692,0.37148778775
1,All Population,5,Prevalence,143,Iraq,3,Both,22,All ages,557,Other neurological disorders,3,Rate,2018,0.25644199977,0.34477618483,0.18289740835999999
1,All Population,5,Prevalence,151,Qatar,3,Both,22,All ages,557,Other neurological disorders,3,Rate,2017,0.289106733,0.41578962052,0.20158477672000003
1,All Population,5,Prevalence,48,Hungary,3,Both,22,All ages,557,Other neurological disorders,3,Rate,2017,0.35424453887999996,0.48861760987,0.24088641101
1,All Population,5,Prevalence,320,Cook Islands,3,Both,22,All ages,557,Other neurological disorders,3,Rate,2017,0.27602996884000003,0.371020852,0.18834910816
1,All Population,5,Prevalence,154,Tunisia,3,Both,22,All ages,557,Other neurological disorders,3,Rate,2017,0.3172082973,0.41402592157,0.22408509624
1,All Population,5,Prevalence,351,Guam,3,Both,22,All ages,557,Other neurological disorders,3,Rate,2018,0.23708596048000002,0.3165814263,0.174345588
1,All Population,5,Prevalence,191,Zambia,3,Both,22,All ages,557,Other neurological disorders,3,Rate,2018,0.21998279489,0.28973734812,0.15838754398
1,All Population,5,Prevalence,58,Estonia,3,Both,22,All ages,557,Other neurological disorders,3,Rate,2017,0.41618694123,0.57289420914,0.29308482194999996
1,All Population,5,Prevalence,189,United Republic of Tanzania,3,Both,22,All ages,557,Other neurological disorders,3,Rate,2017,0.27908238188,0.37853524176,0.19381441269999997
1,All Population,5,Prevalence,69,Singapore,3,Both,22,All ages,557,Other neurological disorders,3,Rate,2017,0.59708799129,0.76077054696,0.44072871854
1,All Population,5,Prevalence,106,Bahamas,3,Both,22,All ages,557,Other neurological disorders,3,Rate,2017,0.5348106512499999,0.72339666551,0.36893923881
1,All Population,5,Prevalence,24,Marshall Islands,3,Both,22,All ages,557,Other neurological disorders,3,Rate,2017,0.22016014714999999,0.30211335082,0.14971417617000002
1,All Population,5,Prevalence,14,Maldives,3,Both,22,All ages,557,Other neurological disorders,3,Rate,2017,0.16665811228,0.2279453656,0.12066565469
1,All Population,5,Prevalence,122,Ecuador,3,Both,22,All ages,557,Other neurological disorders,3,Rate,2017,0.36138466545,0.45865856439,0.26336612011
1,All Population,5,Prevalence,172,Equatorial Guinea,3,Both,22,All ages,557,Other neurological disorders,3,Rate,2017,0.27980516703,0.37973009216,0.19641626151
1,All Population,5,Prevalence,93,Sweden,3,Both,22,All ages,557,Other neurological disorders,3,Rate,2017,0.5099715665,0.68193601091,0.37054944856
1,All Population,5,Prevalence,185,Rwanda,3,Both,22,All ages,557,Other neurological disorders,3,Rate,2017,0.26692730518,0.35544373862,0.18634764656
1,All Population,5,Prevalence,132,Panama,3,Both,22,All ages,557,Other neurological disorders,3,Rate,2018,0.44404301667,0.5740062559100001,0.31965193617
1,All Population,5,Prevalence,367,Monaco,3,Both,22,All ages,557,Other neurological disorders,3,Rate,2016,0.63400454849,0.88498383535,0.42727702044000004
1,All Population,5,Prevalence,87,Luxembourg,3,Both,22,All ages,557,Other neurological disorders,3,Rate,2018,0.43786144101,0.60211408085,0.32060373351000004
1,All Population,5,Prevalence,140,Bahrain,3,Both,22,All ages,557,Other neurological disorders,3,Rate,2017,0.29947601842,0.41410068193,0.20773684237999998
1,All Population,5,Prevalence,179,Ethiopia,3,Both,22,All ages,557,Other neurological disorders,3,Rate,2018,0.23940286884,0.32048896161,0.17312204437
1,All Population,5,Prevalence,61,Republic of Moldova,3,Both,22,All ages,557,Other neurological disorders,3,Rate,2017,0.39736901553000004,0.54498150634,0.26982821518
1,All Population,5,Prevalence,75,Austria,3,Both,22,All ages,557,Other neurological disorders,3,Rate,2017,0.56652528203,0.78600067344,0.38323614862
1,All Population,5,Prevalence,153,Syrian Arab Republic,3,Both,22,All ages,557,Other neurological disorders,3,Rate,2017,0.3068345267,0.41529666886,0.21361146045999999
1,All Population,5,Prevalence,37,Kyrgyzstan,3,Both,22,All ages,557,Other neurological disorders,3,Rate,2017,0.35910388842,0.47299854488,0.25717967614
1,All Population,5,Prevalence,305,Bermuda,3,Both,22,All ages,557,Other neurological disorders,3,Rate,2017,0.65048979449,0.90334730276,0.44905866466
1,All Population,5,Prevalence,193,Botswana,3,Both,22,All ages,557,Other neurological disorders,3,Rate,2018,0.27625056999,0.3636037511,0.1997305314
1,All Population,5,Prevalence,53,Serbia,3,Both,22,All ages,557,Other neurological disorders,3,Rate,2018,0.23272246057999998,0.30599573406,0.17520338391
1,All Population,5,Prevalence,145,Kuwait,3,Both,22,All ages,557,Other neurological disorders,3,Rate,2018,0.25844233059,0.34328141510000004,0.18716016427999999
1,All Population,5,Prevalence,66,Brunei Darussalam,3,Both,22,All ages,557,Other neurological disorders,3,Rate,2018,0.6699906425400001,0.89187056275,0.49242562951999996
1,All Population,5,Prevalence,102,United States of America,3,Both,22,All ages,557,Other neurological disorders,3,Rate,2018,0.47816002691,0.5919762859,0.35806974476000003
1,All Population,5,Prevalence,108,Belize,3,Both,22,All ages,557,Other neurological disorders,3,Rate,2017,0.48891165706,0.66933240031,0.33996191799
1,All Population,5,Prevalence,50,Montenegro,3,Both,22,All ages,557,Other neurological disorders,3,Rate,2017,0.30538611614,0.40621540154999997,0.21960524144
1,All Population,5,Prevalence,113,Guyana,3,Both,22,All ages,557,Other neurological disorders,3,Rate,2018,0.4450326253,0.5670743667,0.32596453001
1,All Population,5,Prevalence,116,Saint Lucia,3,Both,22,All ages,557,Other neurological disorders,3,Rate,2017,0.56515452383,0.76146446093,0.40451310789000006
1,All Population,5,Prevalence,187,Somalia,3,Both,22,All ages,557,Other neurological disorders,3,Rate,2017,0.25671481100000004,0.34852520273,0.17867359492
1,All Population,5,Prevalence,82,Greece,3,Both,22,All ages,557,Other neurological disorders,3,Rate,2017,0.45349971308,0.62874306672,0.3275573852
1,All Population,5,Prevalence,142,Iran (Islamic Republic of),3,Both,22,All ages,557,Other neurological disorders,3,Rate,2017,0.22792776558,0.30389891344000003,0.16303674152
1,All Population,5,Prevalence,385,Puerto Rico,3,Both,22,All ages,557,Other neurological disorders,3,Rate,2017,0.62630031888,0.80935978192,0.45064485944
1,All Population,5,Prevalence,71,Australia,3,Both,22,All ages,557,Other neurological disorders,3,Rate,2017,0.47298289870000004,0.6530953573199999,0.33988068982999997
1,All Population,5,Prevalence,95,United Kingdom,3,Both,22,All ages,557,Other neurological disorders,3,Rate,2017,0.22244325596,0.30328867965,0.15911047299
1,All Population,5,Prevalence,181,Madagascar,3,Both,22,All ages,557,Other neurological disorders,3,Rate,2018,0.22903077144,0.30015378,0.16632440368
1,All Population,5,Prevalence,195,Namibia,3,Both,22,All ages,557,Other neurological disorders,3,Rate,2018,0.26550806279,0.34966516639,0.19522468781
1,All Population,5,Prevalence,111,Dominican Republic,3,Both,22,All ages,557,Other neurological disorders,3,Rate,2017,0.50870926185,0.71133597027,0.36467851744
1,All Population,5,Prevalence,413,Tokelau,3,Both,22,All ages,557,Other neurological disorders,3,Rate,2017,0.25742338982999996,0.33994187395000003,0.17937701081
1,All Population,5,Prevalence,147,Libya,3,Both,22,All ages,557,Other neurological disorders,3,Rate,2018,0.27891525052,0.3662894912,0.20055361871
1,All Population,5,Prevalence,213,Niger,3,Both,22,All ages,557,Other neurological disorders,3,Rate,2017,0.26857971671,0.36707701106,0.18932414180999999
1,All Population,5,Prevalence,55,Slovenia,3,Both,22,All ages,557,Other neurological disorders,3,Rate,2018,0.31816235174,0.43280834819,0.23678764406
1,All Population,5,Prevalence,349,Greenland,3,Both,22,All ages,557,Other neurological disorders,3,Rate,2017,0.42150871065,0.59881813139,0.29447895795
1,All Population,5,Prevalence,206,Gambia,3,Both,22,All ages,557,Other neurological disorders,3,Rate,2018,0.25214612425,0.3320935976,0.18565047721
1,All Population,5,Prevalence,202,Cameroon,3,Both,22,All ages,557,Other neurological disorders,3,Rate,2017,0.28242649539000003,0.38659366620999996,0.19719272403
1,All Population,5,Prevalence,156,United Arab Emirates,3,Both,22,All ages,557,Other neurological disorders,3,Rate,2017,0.29035087697,0.40454109144,0.19864736274
1,All Population,5,Prevalence,39,Tajikistan,3,Both,22,All ages,557,Other neurological disorders,3,Rate,2017,0.34745760434,0.47463740178999997,0.24368919488000002
1,All Population,5,Prevalence,68,Republic of Korea,3,Both,22,All ages,557,Other neurological disorders,3,Rate,2018,0.5946638498100001,0.71314260372,0.48413844677
1,All Population,5,Prevalence,26,Papua New Guinea,3,Both,22,All ages,557,Other neurological disorders,3,Rate,2017,0.21357432788999997,0.29411955703000003,0.15006930384
1,All Population,5,Prevalence,160,Afghanistan,3,Both,22,All ages,557,Other neurological disorders,3,Rate,2018,0.24235823054,0.31931017664,0.16577394999
1,All Population,5,Prevalence,201,Burkina Faso,3,Both,22,All ages,557,Other neurological disorders,3,Rate,2017,0.27997331934999997,0.37205446878,0.198435603
1,All Population,5,Prevalence,369,Nauru,3,Both,22,All ages,557,Other neurological disorders,3,Rate,2018,0.18361431994000002,0.24098927531000003,0.13077256479
1,All Population,5,Prevalence,208,Guinea,3,Both,22,All ages,557,Other neurological disorders,3,Rate,2018,0.24863053739000002,0.32023260410000004,0.18235066051
1,All Population,5,Prevalence,149,Palestine,3,Both,22,All ages,557,Other neurological disorders,3,Rate,2018,0.25573656945,0.33741332131,0.1830203183
1,All Population,5,Prevalence,197,Eswatini,3,Both,22,All ages,557,Other neurological disorders,3,Rate,2018,0.26494827945,0.34157481763,0.1938571888
1,All Population,5,Prevalence,422,United States Virgin Islands,3,Both,22,All ages,557,Other neurological disorders,3,Rate,2017,0.64420071249,0.88860756612,0.45189655272
1,All Population,5,Prevalence,115,Jamaica,3,Both,22,All ages,557,Other neurological disorders,3,Rate,2018,0.4746825296,0.60891855146,0.35130354715
1,All Population,5,Prevalence,155,Türkiye,3,Both,22,All ages,557,Other neurological disorders,3,Rate,2017,0.35687017763,0.473854129,0.26098177769
1,All Population,5,Prevalence,204,Chad,3,Both,22,All ages,557,Other neurological disorders,3,Rate,2017,0.26879416318,0.35960587595,0.18562624816
1,All Population,5,Prevalence,84,Ireland,3,Both,22,All ages,557,Other neurological disorders,3,Rate,2017,0.47953839565999995,0.6459179583,0.34265433279
1,All Population,5,Prevalence,129,Honduras,3,Both,22,All ages,557,Other neurological disorders,3,Rate,2017,0.42100518697,0.56487249568,0.30124642161
1,All Population,5,Prevalence,162,Bhutan,3,Both,22,All ages,557,Other neurological disorders,3,Rate,2018,0.24640097081,0.31577334964000003,0.17802184649
1,All Population,5,Prevalence,118,Suriname,3,Both,22,All ages,557,Other neurological disorders,3,Rate,2017,0.53433295772,0.7226053417,0.37351782012
1,All Population,5,Prevalence,435,South Sudan,3,Both,22,All ages,557,Other neurological disorders,3,Rate,2016,0.28685907986,0.40820738367,0.19020420125999998
1,All Population,5,Prevalence,40,Turkmenistan,3,Both,22,All ages,557,Other neurological disorders,3,Rate,2019,0.28225252935,0.36129124508,0.20542594331999997
1,All Population,5,Prevalence,51,Poland,3,Both,22,All ages,557,Other neurological disorders,3,Rate,2019,0.25783492066,0.33502745778,0.19999009407999999
1,All Population,5,Prevalence,57,Belarus,3,Both,22,All ages,557,Other neurological disorders,3,Rate,2018,0.35118716053,0.4715550042,0.25485558925
1,All Population,5,Prevalence,215,Sao Tome and Principe,3,Both,22,All ages,557,Other neurological disorders,3,Rate,2017,0.30199050946,0.40636872305000005,0.21293309835000002
1,All Population,5,Prevalence,163,India,3,Both,22,All ages,557,Other neurological disorders,3,Rate,2017,0.29182637146999996,0.39722762142,0.20812035819
1,All Population,5,Prevalence,396,San Marino,3,Both,22,All ages,557,Other neurological disorders,3,Rate,2017,0.5445692209999999,0.74807328991,0.37875995438
1,All Population,5,Prevalence,376,Northern Mariana Islands,3,Both,22,All ages,557,Other neurological disorders,3,Rate,2018,0.23274564034,0.32119509806999996,0.16488661045
1,All Population,5,Prevalence,6,China,3,Both,22,All ages,557,Other neurological disorders,3,Rate,2019,0.20147405804000001,0.2706810206,0.14753352679
1,All Population,5,Prevalence,98,Chile,3,Both,22,All ages,557,Other neurological disorders,3,Rate,2019,0.44243739562,0.55499224664,0.33750925111999996
1,All Population,5,Prevalence,169,Central African Republic,3,Both,22,All ages,557,Other neurological disorders,3,Rate,2017,0.27854928774,0.37676120589,0.19407204966000002
1,All Population,5,Prevalence,87,Luxembourg,3,Both,22,All ages,557,Other neurological disorders,3,Rate,2019,0.38670436846,0.5329739679100001,0.28985384062
1,All Population,5,Prevalence,41,Uzbekistan,3,Both,22,All ages,557,Other neurological disorders,3,Rate,2017,0.36416013844,0.49373099901,0.25715182772
1,All Population,5,Prevalence,203,Cabo Verde,3,Both,22,All ages,557,Other neurological disorders,3,Rate,2017,0.32860612215,0.44193455917,0.23237285292999998
1,All Population,5,Prevalence,210,Liberia,3,Both,22,All ages,557,Other neurological disorders,3,Rate,2018,0.25544786713,0.33556070781999997,0.18441315606
1,All Population,5,Prevalence,7,Democratic People's Republic of Korea,3,Both,22,All ages,557,Other neurological disorders,3,Rate,2017,0.28401022399,0.38204022471,0.19992688435
1,All Population,5,Prevalence,416,Tuvalu,3,Both,22,All ages,557,Other neurological disorders,3,Rate,2017,0.24121975204,0.31669689933,0.17087075374
1,All Population,5,Prevalence,53,Serbia,3,Both,22,All ages,557,Other neurological disorders,3,Rate,2019,0.20572861455,0.27931577331,0.15941327118
1,All Population,5,Prevalence,522,Sudan,3,Both,22,All ages,557,Other neurological disorders,3,Rate,2017,0.29352441475,0.39084894684,0.2007373372
1,All Population,5,Prevalence,217,Sierra Leone,3,Both,22,All ages,557,Other neurological disorders,3,Rate,2017,0.28974199308,0.39424868473999997,0.19975644840999998
1,All Population,5,Prevalence,131,Nicaragua,3,Both,22,All ages,557,Other neurological disorders,3,Rate,2017,0.46158978677,0.61294431445,0.32323700941
1,All Population,5,Prevalence,165,Pakistan,3,Both,22,All ages,557,Other neurological disorders,3,Rate,2017,0.26321193546,0.35904008125000003,0.18504020555
1,All Population,5,Prevalence,86,Italy,3,Both,22,All ages,557,Other neurological disorders,3,Rate,2017,0.67933289403,0.8801885977999999,0.49052157572
1,All Population,5,Prevalence,8,Taiwan,3,Both,22,All ages,557,Other neurological disorders,3,Rate,2019,0.25544989506,0.31490095506,0.19279254406000002
1,All Population,5,Prevalence,97,Argentina,3,Both,22,All ages,557,Other neurological disorders,3,Rate,2017,0.38047074133,0.51142111349,0.26923172297000003
1,All Population,5,Prevalence,52,Romania,3,Both,22,All ages,557,Other neurological disorders,3,Rate,2017,0.35406076279,0.48726036890999996,0.25391999278
1,All Population,5,Prevalence,211,Mali,3,Both,22,All ages,557,Other neurological disorders,3,Rate,2017,0.27838587246999996,0.37938966638,0.19686143276999998
1,All Population,5,Prevalence,176,Comoros,3,Both,22,All ages,557,Other neurological disorders,3,Rate,2017,0.28229717263,0.37455341117999996,0.1995626637
1,All Population,5,Prevalence,20,Viet Nam,3,Both,22,All ages,557,Other neurological disorders,3,Rate,2017,0.17413662766000002,0.23680701467,0.12387359449
1,All Population,5,Prevalence,66,Brunei Darussalam,3,Both,22,All ages,557,Other neurological disorders,3,Rate,2019,0.59455650752,0.80603805335,0.44424221681
1,All Population,5,Prevalence,144,Jordan,3,Both,22,All ages,557,Other neurological disorders,3,Rate,2017,0.29723683861,0.39879843536000004,0.20591685505
1,All Population,5,Prevalence,55,Slovenia,3,Both,22,All ages,557,Other neurological disorders,3,Rate,2019,0.2814628851,0.38220071308,0.20667782813000002
1,All Population,5,Prevalence,102,United States of America,3,Both,22,All ages,557,Other neurological disorders,3,Rate,2019,0.42692763368000003,0.53372445351,0.32995271808
1,All Population,5,Prevalence,214,Nigeria,3,Both,22,All ages,557,Other neurological disorders,3,Rate,2017,0.29339729369,0.4007996414,0.20278706890999998
1,All Population,5,Prevalence,88,Malta,3,Both,22,All ages,557,Other neurological disorders,3,Rate,2017,0.52767599681,0.73522951332,0.37733156913
1,All Population,5,Prevalence,99,Uruguay,3,Both,22,All ages,557,Other neurological disorders,3,Rate,2017,0.40377004839,0.52343853181,0.29450672906
1,All Population,5,Prevalence,133,Venezuela (Bolivarian Republic of),3,Both,22,All ages,557,Other neurological disorders,3,Rate,2017,0.49009147205000003,0.68466169417,0.34835167997
1,All Population,5,Prevalence,178,Eritrea,3,Both,22,All ages,557,Other neurological disorders,3,Rate,2017,0.26912605831,0.36761952087,0.18980265174
1,All Population,5,Prevalence,22,Fiji,3,Both,22,All ages,557,Other neurological disorders,3,Rate,2017,0.24213917760999998,0.32891311717,0.17094283784
1,All Population,5,Prevalence,190,Uganda,3,Both,22,All ages,557,Other neurological disorders,3,Rate,2017,0.25194035504,0.34146492799,0.17549828680000001
1,All Population,5,Prevalence,54,Slovakia,3,Both,22,All ages,557,Other neurological disorders,3,Rate,2017,0.34476046342,0.47324657154,0.24162629655999998
1,All Population,5,Prevalence,10,Cambodia,3,Both,22,All ages,557,Other neurological disorders,3,Rate,2019,0.12500737574,0.16757333618,0.09280634603
1,All Population,5,Prevalence,36,Kazakhstan,3,Both,22,All ages,557,Other neurological disorders,3,Rate,2019,0.29804878247,0.3885390956,0.21977910832
1,All Population,5,Prevalence,146,Lebanon,3,Both,22,All ages,557,Other neurological disorders,3,Rate,2017,0.2866846495,0.38529126957,0.20762484039
1,All Population,5,Prevalence,68,Republic of Korea,3,Both,22,All ages,557,Other neurological disorders,3,Rate,2019,0.52696505188,0.63497963114,0.43170881777000003
1,All Population,5,Prevalence,57,Belarus,3,Both,22,All ages,557,Other neurological disorders,3,Rate,2019,0.31107099879,0.41337977635999995,0.22598353987
1,All Population,5,Prevalence,23,Kiribati,3,Both,22,All ages,557,Other neurological disorders,3,Rate,2019,0.17063339893,0.22130804401999998,0.12253840965
1,All Population,5,Prevalence,101,Canada,3,Both,22,All ages,557,Other neurological disorders,3,Rate,2017,0.44323695541,0.61672597875,0.30693996572
1,All Population,5,Prevalence,12,Lao People's Democratic Republic,3,Both,22,All ages,557,Other neurological disorders,3,Rate,2019,0.12059641935,0.15890097173,0.08754952214
1,All Population,5,Prevalence,135,Brazil,3,Both,22,All ages,557,Other neurological disorders,3,Rate,2017,0.27577799386,0.37104056932,0.20117907599999998
1,All Population,5,Prevalence,148,Morocco,3,Both,22,All ages,557,Other neurological disorders,3,Rate,2017,0.3098213624,0.41889295983,0.21850265001000002
1,All Population,5,Prevalence,38,Mongolia,3,Both,22,All ages,557,Other neurological disorders,3,Rate,2019,0.27849984269,0.36183461658,0.20320347819999998
1,All Population,5,Prevalence,180,Kenya,3,Both,22,All ages,557,Other neurological disorders,3,Rate,2017,0.26109998853,0.35900557217,0.18255727448
1,All Population,5,Prevalence,25,Micronesia (Federated States of),3,Both,22,All ages,557,Other neurological disorders,3,Rate,2019,0.18104535488999998,0.23407577725,0.13200047084
1,All Population,5,Prevalence,83,Iceland,3,Both,22,All ages,557,Other neurological disorders,3,Rate,2019,0.36935200416,0.49862085948,0.27700723775
1,All Population,5,Prevalence,72,New Zealand,3,Both,22,All ages,557,Other neurological disorders,3,Rate,2019,0.38984439125,0.48865480426,0.30133831506
1,All Population,5,Prevalence,13,Malaysia,3,Both,22,All ages,557,Other neurological disorders,3,Rate,2018,0.15162337983,0.20690976498,0.11214463177
1,All Population,5,Prevalence,67,Japan,3,Both,22,All ages,557,Other neurological disorders,3,Rate,2017,0.8934810474399999,1.18789967532,0.64259589478
1,All Population,5,Prevalence,114,Haiti,3,Both,22,All ages,557,Other neurological disorders,3,Rate,2017,0.45742401241,0.6063028126,0.32816415434
1,All Population,5,Prevalence,27,Samoa,3,Both,22,All ages,557,Other neurological disorders,3,Rate,2019,0.17838468302,0.23027974316,0.12887369183
1,All Population,5,Prevalence,47,Czechia,3,Both,22,All ages,557,Other neurological disorders,3,Rate,2018,0.31470899857,0.41751926196,0.22776717364000001
1,All Population,5,Prevalence,194,Lesotho,3,Both,22,All ages,557,Other neurological disorders,3,Rate,2017,0.30779900399,0.4231070329,0.22071560595
1,All Population,5,Prevalence,150,Oman,3,Both,22,All ages,557,Other neurological disorders,3,Rate,2017,0.28416976178000003,0.38933139077,0.20684363507000003
1,All Population,5,Prevalence,367,Monaco,3,Both,22,All ages,557,Other neurological disorders,3,Rate,2017,0.57758592922,0.8025144693899999,0.41163416289
1,All Population,5,Prevalence,44,Bosnia and Herzegovina,3,Both,22,All ages,557,Other neurological disorders,3,Rate,2018,0.27551627599,0.37037037386,0.20532134635000002
1,All Population,5,Prevalence,85,Israel,3,Both,22,All ages,557,Other neurological disorders,3,Rate,2019,0.34086386755,0.45830331375000005,0.25640045523
1,All Population,5,Prevalence,33,Armenia,3,Both,22,All ages,557,Other neurological disorders,3,Rate,2018,0.37698883089,0.5044560926199999,0.27275137225
1,All Population,5,Prevalence,15,Myanmar,3,Both,22,All ages,557,Other neurological disorders,3,Rate,2018,0.14518159808,0.19340826051999999,0.10627395266
1,All Population,5,Prevalence,145,Kuwait,3,Both,22,All ages,557,Other neurological disorders,3,Rate,2019,0.22948328227,0.30494942784,0.16743017808000002
1,All Population,5,Prevalence,196,South Africa,3,Both,22,All ages,557,Other neurological disorders,3,Rate,2017,0.34406411423,0.46133595116,0.24562937127
1,All Population,5,Prevalence,435,South Sudan,3,Both,22,All ages,557,Other neurological disorders,3,Rate,2017,0.26145525021,0.36545875973999997,0.18122075514
1,All Population,5,Prevalence,161,Bangladesh,3,Both,22,All ages,557,Other neurological disorders,3,Rate,2017,0.27207979946,0.35789987113,0.19453097058
1,All Population,5,Prevalence,94,Switzerland,3,Both,22,All ages,557,Other neurological disorders,3,Rate,2018,0.46442769454999994,0.62576181852,0.33599422457
1,All Population,5,Prevalence,207,Ghana,3,Both,22,All ages,557,Other neurological disorders,3,Rate,2017,0.29804757355,0.40855980255,0.21557503078
1,All Population,5,Prevalence,49,North Macedonia,3,Both,22,All ages,557,Other neurological disorders,3,Rate,2018,0.30446977573,0.40767946456,0.22391732530999997
1,All Population,5,Prevalence,105,Antigua and Barbuda,3,Both,22,All ages,557,Other neurological disorders,3,Rate,2018,0.49209131027999997,0.65138797312,0.36290367254
1,All Population,5,Prevalence,60,Lithuania,3,Both,22,All ages,557,Other neurological disorders,3,Rate,2018,0.36839795945,0.49988349767,0.27155884445
1,All Population,5,Prevalence,374,Niue,3,Both,22,All ages,557,Other neurological disorders,3,Rate,2017,0.27609680564,0.37985519653,0.19397566022
1,All Population,5,Prevalence,91,Portugal,3,Both,22,All ages,557,Other neurological disorders,3,Rate,2018,0.55638882861,0.75626289953,0.40619069579
1,All Population,5,Prevalence,46,Croatia,3,Both,22,All ages,557,Other neurological disorders,3,Rate,2018,0.31990195608,0.43117130386999997,0.23989519851
1,All Population,5,Prevalence,17,Sri Lanka,3,Both,22,All ages,557,Other neurological disorders,3,Rate,2018,0.16163587799,0.22016386578,0.12257273676000001
1,All Population,5,Prevalence,147,Libya,3,Both,22,All ages,557,Other neurological disorders,3,Rate,2019,0.24691992552,0.31456092807,0.1785472303
1,All Population,5,Prevalence,35,Georgia,3,Both,22,All ages,557,Other neurological disorders,3,Rate,2018,0.37890670619,0.48028346832,0.28547400045
1,All Population,5,Prevalence,28,Solomon Islands,3,Both,22,All ages,557,Other neurological disorders,3,Rate,2018,0.18834421934,0.24556912753,0.13371091026
1,All Population,5,Prevalence,113,Guyana,3,Both,22,All ages,557,Other neurological disorders,3,Rate,2019,0.39232570076999995,0.50842035158,0.29373373636
1,All Population,5,Prevalence,127,El Salvador,3,Both,22,All ages,557,Other neurological disorders,3,Rate,2018,0.40484894518,0.5284450086,0.29965233726
1,All Population,5,Prevalence,209,Guinea-Bissau,3,Both,22,All ages,557,Other neurological disorders,3,Rate,2017,0.27854561333,0.37541262434,0.1989140845
1,All Population,5,Prevalence,62,Russian Federation,3,Both,22,All ages,557,Other neurological disorders,3,Rate,2018,0.36578780712000003,0.4884301124,0.26379305399
1,All Population,5,Prevalence,80,France,3,Both,22,All ages,557,Other neurological disorders,3,Rate,2018,0.42281140338000006,0.5491834624699999,0.32017421151000003
1,All Population,5,Prevalence,152,Saudi Arabia,3,Both,22,All ages,557,Other neurological disorders,3,Rate,2018,0.25274378298,0.34142411454,0.18594114026
1,All Population,5,Prevalence,59,Latvia,3,Both,22,All ages,557,Other neurological disorders,3,Rate,2018,0.36686633957,0.49142303681000005,0.27044666604
1,All Population,5,Prevalence,141,Egypt,3,Both,22,All ages,557,Other neurological disorders,3,Rate,2018,0.25754751606,0.34448819715,0.18708433923
1,All Population,5,Prevalence,14,Maldives,3,Both,22,All ages,557,Other neurological disorders,3,Rate,2018,0.14696078368999999,0.19556160993,0.10674589806
1,All Population,5,Prevalence,93,Sweden,3,Both,22,All ages,557,Other neurological disorders,3,Rate,2018,0.44329470062,0.58167231057,0.33053451841
1,All Population,5,Prevalence,107,Barbados,3,Both,22,All ages,557,Other neurological disorders,3,Rate,2018,0.53920958527,0.73262923656,0.3885193964
1,All Population,5,Prevalence,48,Hungary,3,Both,22,All ages,557,Other neurological disorders,3,Rate,2018,0.31108469929000004,0.41710524333,0.21974664961999998
1,All Population,5,Prevalence,30,Vanuatu,3,Both,22,All ages,557,Other neurological disorders,3,Rate,2018,0.19178908797,0.24582171157,0.13965652267999998
1,All Population,5,Prevalence,19,Timor-Leste,3,Both,22,All ages,557,Other neurological disorders,3,Rate,2018,0.13423512574000002,0.17611580962,0.09774988472
1,All Population,5,Prevalence,189,United Republic of Tanzania,3,Both,22,All ages,557,Other neurological disorders,3,Rate,2018,0.24490390251,0.32683716079999997,0.17583542511
1,All Population,5,Prevalence,149,Palestine,3,Both,22,All ages,557,Other neurological disorders,3,Rate,2019,0.22590219497,0.29878709003000004,0.16446746334
1,All Population,5,Prevalence,154,Tunisia,3,Both,22,All ages,557,Other neurological disorders,3,Rate,2018,0.27936504801,0.35640221235,0.20571654756
1,All Population,5,Prevalence,380,Palau,3,Both,22,All ages,557,Other neurological disorders,3,Rate,2017,0.27390146862,0.37797715279,0.18881605189
1,All Population,5,Prevalence,115,Jamaica,3,Both,22,All ages,557,Other neurological disorders,3,Rate,2019,0.42011750273000004,0.54907965014,0.31984606949
1,All Population,5,Prevalence,151,Qatar,3,Both,22,All ages,557,Other neurological disorders,3,Rate,2018,0.25351193979000003,0.34612380449999997,0.18229049721
1,All Population,5,Prevalence,185,Rwanda,3,Both,22,All ages,557,Other neurological disorders,3,Rate,2018,0.23473475838,0.30914797199,0.1721958139
1,All Population,5,Prevalence,61,Republic of Moldova,3,Both,22,All ages,557,Other neurological disorders,3,Rate,2018,0.34992642759,0.47404929213,0.24609715029
1,All Population,5,Prevalence,128,Guatemala,3,Both,22,All ages,557,Other neurological disorders,3,Rate,2019,0.35087571623999997,0.45645077767000003,0.25980290751
1,All Population,5,Prevalence,200,Benin,3,Both,22,All ages,557,Other neurological disorders,3,Rate,2018,0.24527683273,0.31801104998,0.17720401781
1,All Population,5,Prevalence,16,Philippines,3,Both,22,All ages,557,Other neurological disorders,3,Rate,2018,0.16382791467000002,0.21327626414,0.12065577065000001
1,All Population,5,Prevalence,75,Austria,3,Both,22,All ages,557,Other neurological disorders,3,Rate,2018,0.50169692804,0.68201034957,0.35719824281
1,All Population,5,Prevalence,140,Bahrain,3,Both,22,All ages,557,Other neurological disorders,3,Rate,2018,0.26331012444999996,0.35046929552,0.18761009823000002
1,All Population,5,Prevalence,95,United Kingdom,3,Both,22,All ages,557,Other neurological disorders,3,Rate,2018,0.19543143748,0.26245455575000004,0.14681168052
1,All Population,5,Prevalence,50,Montenegro,3,Both,22,All ages,557,Other neurological disorders,3,Rate,2018,0.27063018523000004,0.35832357720999997,0.19740158167000002
1,All Population,5,Prevalence,106,Bahamas,3,Both,22,All ages,557,Other neurological disorders,3,Rate,2018,0.47110369012,0.63351278753,0.34621881604000004
1,All Population,5,Prevalence,109,Cuba,3,Both,22,All ages,557,Other neurological disorders,3,Rate,2018,0.54017479253,0.73661340346,0.38566329384
1,All Population,5,Prevalence,153,Syrian Arab Republic,3,Both,22,All ages,557,Other neurological disorders,3,Rate,2018,0.27081555651,0.34875923767,0.19403106230999997
1,All Population,5,Prevalence,122,Ecuador,3,Both,22,All ages,557,Other neurological disorders,3,Rate,2018,0.31842977635999997,0.39503102973,0.2380182653
1,All Population,5,Prevalence,117,Saint Vincent and the Grenadines,3,Both,22,All ages,557,Other neurological disorders,3,Rate,2019,0.43918183221,0.58320636501,0.32770300426
1,All Population,5,Prevalence,213,Niger,3,Both,22,All ages,557,Other neurological disorders,3,Rate,2018,0.23526347201000003,0.32029526859,0.16667595823
1,All Population,5,Prevalence,77,Cyprus,3,Both,22,All ages,557,Other neurological disorders,3,Rate,2018,0.42331924495999995,0.5841612224,0.31670256192
1,All Population,5,Prevalence,413,Tokelau,3,Both,22,All ages,557,Other neurological disorders,3,Rate,2018,0.22611181906,0.29443569416000004,0.16425051318
1,All Population,5,Prevalence,130,Mexico,3,Both,22,All ages,557,Other neurological disorders,3,Rate,2019,0.39289864981999995,0.50004222922,0.30180725921
1,All Population,5,Prevalence,305,Bermuda,3,Both,22,All ages,557,Other neurological disorders,3,Rate,2018,0.57431910396,0.78388306815,0.41708271568000005
1,All Population,5,Prevalence,63,Ukraine,3,Both,22,All ages,557,Other neurological disorders,3,Rate,2018,0.37535645329,0.5084896934800001,0.26585735055
1,All Population,5,Prevalence,143,Iraq,3,Both,22,All ages,557,Other neurological disorders,3,Rate,2019,0.22658743001999998,0.30113159747,0.16434647516
1,All Population,5,Prevalence,156,United Arab Emirates,3,Both,22,All ages,557,Other neurological disorders,3,Rate,2018,0.25731574055,0.34754386458,0.18164249695
1,All Population,5,Prevalence,142,Iran (Islamic Republic of),3,Both,22,All ages,557,Other neurological disorders,3,Rate,2018,0.20120674681000003,0.25809906881,0.14824800581
1,All Population,5,Prevalence,29,Tonga,3,Both,22,All ages,557,Other neurological disorders,3,Rate,2018,0.20408054161,0.26715238398,0.15011772134
1,All Population,5,Prevalence,187,Somalia,3,Both,22,All ages,557,Other neurological disorders,3,Rate,2018,0.22472577792,0.29199555785000003,0.16227665768
1,All Population,5,Prevalence,111,Dominican Republic,3,Both,22,All ages,557,Other neurological disorders,3,Rate,2018,0.44684153136000004,0.60070520194,0.32864889591
1,All Population,5,Prevalence,202,Cameroon,3,Both,22,All ages,557,Other neurological disorders,3,Rate,2018,0.24789299032,0.32643963513,0.17680876305
1,All Population,5,Prevalence,74,Andorra,3,Both,22,All ages,557,Other neurological disorders,3,Rate,2018,0.45990470555999996,0.6258562128,0.33632322357
1,All Population,5,Prevalence,108,Belize,3,Both,22,All ages,557,Other neurological disorders,3,Rate,2018,0.43030960976,0.56603820232,0.31697942153
1,All Population,5,Prevalence,119,Trinidad and Tobago,3,Both,22,All ages,557,Other neurological disorders,3,Rate,2019,0.44800922459,0.60037129209,0.33400049129
1,All Population,5,Prevalence,215,Sao Tome and Principe,3,Both,22,All ages,557,Other neurological disorders,3,Rate,2018,0.26614686697,0.34403076969,0.19312436055
1,All Population,5,Prevalence,18,Thailand,3,Both,22,All ages,557,Other neurological disorders,3,Rate,2018,0.12253238045999999,0.15907806203000002,0.0945616638
1,All Population,5,Prevalence,132,Panama,3,Both,22,All ages,557,Other neurological disorders,3,Rate,2019,0.39224808379,0.49795248063,0.29034053699999995
1,All Population,5,Prevalence,396,San Marino,3,Both,22,All ages,557,Other neurological disorders,3,Rate,2018,0.48157215198,0.65583758216,0.3511360347
1,All Population,5,Prevalence,90,Norway,3,Both,22,All ages,557,Other neurological disorders,3,Rate,2018,0.49838584761000004,0.66289174481,0.36829879124
1,All Population,5,Prevalence,121,Bolivia (Plurinational State of),3,Both,22,All ages,557,Other neurological disorders,3,Rate,2018,0.3335874223,0.43250451553,0.24033019424
1,All Population,5,Prevalence,155,Türkiye,3,Both,22,All ages,557,Other neurological disorders,3,Rate,2018,0.31433584022,0.39628688785,0.23320564518
1,All Population,5,Prevalence,349,Greenland,3,Both,22,All ages,557,Other neurological disorders,3,Rate,2018,0.37217796376,0.51959506249,0.26866463968000004
1,All Population,5,Prevalence,201,Burkina Faso,3,Both,22,All ages,557,Other neurological disorders,3,Rate,2018,0.24538467273,0.31059680922,0.18023908486
1,All Population,5,Prevalence,79,Finland,3,Both,22,All ages,557,Other neurological disorders,3,Rate,2018,0.34653788576,0.46127735365,0.26890954823
1,All Population,5,Prevalence,34,Azerbaijan,3,Both,22,All ages,557,Other neurological disorders,3,Rate,2018,0.34006723718,0.46040302357999996,0.24607728593000003
1,All Population,5,Prevalence,169,Central African Republic,3,Both,22,All ages,557,Other neurological disorders,3,Rate,2018,0.24410166069,0.32606374909,0.17455904176
1,All Population,5,Prevalence,217,Sierra Leone,3,Both,22,All ages,557,Other neurological disorders,3,Rate,2018,0.25411261002,0.33732023729,0.18340569303
1,All Population,5,Prevalence,43,Albania,3,Both,22,All ages,557,Other neurological disorders,3,Rate,2018,0.30471935477,0.40603016372000006,0.22566506434
1,All Population,5,Prevalence,76,Belgium,3,Both,22,All ages,557,Other neurological disorders,3,Rate,2018,0.45873591923,0.61676735143,0.3380462313
1,All Population,5,Prevalence,168,Angola,3,Both,22,All ages,557,Other neurological disorders,3,Rate,2018,0.24254982546,0.32003709202999997,0.17519914855
1,All Population,5,Prevalence,126,Costa Rica,3,Both,22,All ages,557,Other neurological disorders,3,Rate,2018,0.44671973151999994,0.59535028706,0.32811758601
1,All Population,5,Prevalence,204,Chad,3,Both,22,All ages,557,Other neurological disorders,3,Rate,2018,0.23530200801,0.31256410443,0.16763546648
1,All Population,5,Prevalence,422,United States Virgin Islands,3,Both,22,All ages,557,Other neurological disorders,3,Rate,2018,0.569308197,0.76591936453,0.40288941042
1,All Population,5,Prevalence,110,Dominica,3,Both,22,All ages,557,Other neurological disorders,3,Rate,2018,0.50399493684,0.6770757351100001,0.36444083974999997
1,All Population,5,Prevalence,92,Spain,3,Both,22,All ages,557,Other neurological disorders,3,Rate,2018,0.42859858584999994,0.55610575083,0.32388662818
1,All Population,5,Prevalence,182,Malawi,3,Both,22,All ages,557,Other neurological disorders,3,Rate,2018,0.22627323886,0.29047999964,0.16054842083
1,All Population,5,Prevalence,416,Tuvalu,3,Both,22,All ages,557,Other neurological disorders,3,Rate,2018,0.21161741665999997,0.2781781181,0.15722973167
1,All Population,5,Prevalence,214,Nigeria,3,Both,22,All ages,557,Other neurological disorders,3,Rate,2018,0.2572277502,0.33900470151,0.18559336125
1,All Population,5,Prevalence,193,Botswana,3,Both,22,All ages,557,Other neurological disorders,3,Rate,2019,0.2445099226,0.3127817362,0.17635349757
1,All Population,5,Prevalence,78,Denmark,3,Both,22,All ages,557,Other neurological disorders,3,Rate,2018,0.35409851426,0.44408804640000005,0.27358286259000003
1,All Population,5,Prevalence,157,Yemen,3,Both,22,All ages,557,Other neurological disorders,3,Rate,2018,0.25012664567,0.33173471332,0.18025495041
1,All Population,5,Prevalence,123,Peru,3,Both,22,All ages,557,Other neurological disorders,3,Rate,2018,0.31706561744,0.40746131638,0.23514825038
1,All Population,5,Prevalence,81,Germany,3,Both,22,All ages,557,Other neurological disorders,3,Rate,2018,0.64082930457,0.80238416394,0.48169517502
1,All Population,5,Prevalence,203,Cabo Verde,3,Both,22,All ages,557,Other neurological disorders,3,Rate,2018,0.28993422165,0.37644607683000003,0.21309581898
1,All Population,5,Prevalence,181,Madagascar,3,Both,22,All ages,557,Other neurological disorders,3,Rate,2019,0.20222989848999998,0.26379534758,0.14621534421
1,All Population,5,Prevalence,171,Democratic Republic of the Congo,3,Both,22,All ages,557,Other neurological disorders,3,Rate,2018,0.24912120034,0.32707968408,0.18001400275999999
1,All Population,5,Prevalence,89,Netherlands,3,Both,22,All ages,557,Other neurological disorders,3,Rate,2018,0.45838009563000004,0.62670380107,0.3363189602
1,All Population,5,Prevalence,52,Romania,3,Both,22,All ages,557,Other neurological disorders,3,Rate,2018,0.3109786505,0.42115902214999995,0.22956815531
1,All Population,5,Prevalence,170,Congo,3,Both,22,All ages,557,Other neurological disorders,3,Rate,2018,0.25438112039,0.33528285655,0.18318245133
1,All Population,5,Prevalence,136,Paraguay,3,Both,22,All ages,557,Other neurological disorders,3,Rate,2018,0.21217086449,0.28376157039,0.15837677346
1,All Population,5,Prevalence,298,American Samoa,3,Both,22,All ages,557,Other neurological disorders,3,Rate,2018,0.21634677675999997,0.2818080083,0.1558591131
1,All Population,5,Prevalence,45,Bulgaria,3,Both,22,All ages,557,Other neurological disorders,3,Rate,2018,0.32349449974,0.44234382934,0.23424021557
1,All Population,5,Prevalence,112,Grenada,3,Both,22,All ages,557,Other neurological disorders,3,Rate,2018,0.4997381816,0.6658288055,0.3663276927
1,All Population,5,Prevalence,198,Zimbabwe,3,Both,22,All ages,557,Other neurological disorders,3,Rate,2018,0.25513011049,0.33032602272,0.18744819218
1,All Population,5,Prevalence,184,Mozambique,3,Both,22,All ages,557,Other neurological disorders,3,Rate,2018,0.22229408399,0.29158707725,0.16008103373
1,All Population,5,Prevalence,206,Gambia,3,Both,22,All ages,557,Other neurological disorders,3,Rate,2019,0.22271417603000002,0.28720633063,0.16106923021
1,All Population,5,Prevalence,7,Democratic People's Republic of Korea,3,Both,22,All ages,557,Other neurological disorders,3,Rate,2018,0.25007959416,0.33544089931,0.18196065874
1,All Population,5,Prevalence,139,Algeria,3,Both,22,All ages,557,Other neurological disorders,3,Rate,2018,0.26502957598,0.34594021671999997,0.19365397826000003
1,All Population,5,Prevalence,216,Senegal,3,Both,22,All ages,557,Other neurological disorders,3,Rate,2018,0.25587327165,0.33186276428,0.18480658521
1,All Population,5,Prevalence,522,Sudan,3,Both,22,All ages,557,Other neurological disorders,3,Rate,2018,0.25734793492,0.33875999987,0.1847546257
1,All Population,5,Prevalence,41,Uzbekistan,3,Both,22,All ages,557,Other neurological disorders,3,Rate,2018,0.3194195206,0.41636774808,0.23317956057000003
1,All Population,5,Prevalence,125,Colombia,3,Both,22,All ages,557,Other neurological disorders,3,Rate,2018,0.44429089868000005,0.5807527286799999,0.31961446920000003
1,All Population,5,Prevalence,160,Afghanistan,3,Both,22,All ages,557,Other neurological disorders,3,Rate,2019,0.21340944043,0.27674461591,0.14696893114
1,All Population,5,Prevalence,320,Cook Islands,3,Both,22,All ages,557,Other neurological disorders,3,Rate,2018,0.24265937509,0.32077145169,0.17510747746
1,All Population,5,Prevalence,195,Namibia,3,Both,22,All ages,557,Other neurological disorders,3,Rate,2019,0.23463622782,0.30620242655,0.16892615606
1,All Population,5,Prevalence,205,Côte d'Ivoire,3,Both,22,All ages,557,Other neurological disorders,3,Rate,2018,0.2514085272,0.33703511307,0.17816960764
1,All Population,5,Prevalence,183,Mauritius,3,Both,22,All ages,557,Other neurological disorders,3,Rate,2018,0.1706717153,0.23073935516000002,0.12751985568
1,All Population,5,Prevalence,20,Viet Nam,3,Both,22,All ages,557,Other neurological disorders,3,Rate,2018,0.15354384882,0.20665953873,0.11505980486
1,All Population,5,Prevalence,173,Gabon,3,Both,22,All ages,557,Other neurological disorders,3,Rate,2018,0.27123818111000003,0.34639492103999997,0.19457714037
1,All Population,5,Prevalence,369,Nauru,3,Both,22,All ages,557,Other neurological disorders,3,Rate,2019,0.16243630149,0.21246887996,0.11647435561
1,All Population,5,Prevalence,99,Uruguay,3,Both,22,All ages,557,Other neurological disorders,3,Rate,2018,0.35510823317,0.45375503842,0.26735012132
1,All Population,5,Prevalence,28,Solomon Islands,3,Both,22,All ages,557,Other neurological disorders,3,Rate,2019,0.1665010452,0.21636157833,0.12012130027000001
1,All Population,5,Prevalence,393,Saint Kitts and Nevis,3,Both,22,All ages,557,Other neurological disorders,3,Rate,2018,0.48652688255,0.64687632925,0.35938023978
1,All Population,5,Prevalence,54,Slovakia,3,Both,22,All ages,557,Other neurological disorders,3,Rate,2018,0.3035589259,0.40539505111,0.22574613917
1,All Population,5,Prevalence,208,Guinea,3,Both,22,All ages,557,Other neurological disorders,3,Rate,2019,0.21919051604,0.28584864359,0.16011120157
1,All Population,5,Prevalence,17,Sri Lanka,3,Both,22,All ages,557,Other neurological disorders,3,Rate,2019,0.14342561473999998,0.19903574242,0.10814813653
1,All Population,5,Prevalence,186,Seychelles,3,Both,22,All ages,557,Other neurological disorders,3,Rate,2018,0.16041962603,0.21976180937,0.12097234014
1,All Population,5,Prevalence,162,Bhutan,3,Both,22,All ages,557,Other neurological disorders,3,Rate,2019,0.21873246587,0.28597839885,0.1611504686
1,All Population,5,Prevalence,67,Japan,3,Both,22,All ages,557,Other neurological disorders,3,Rate,2018,0.7866548230000001,1.0414160882099999,0.59331069782
1,All Population,5,Prevalence,22,Fiji,3,Both,22,All ages,557,Other neurological disorders,3,Rate,2018,0.21275489166999997,0.278907911,0.15371028714
1,All Population,5,Prevalence,88,Malta,3,Both,22,All ages,557,Other neurological disorders,3,Rate,2018,0.46318497082000004,0.63802445748,0.34049159785
1,All Population,5,Prevalence,197,Eswatini,3,Both,22,All ages,557,Other neurological disorders,3,Rate,2019,0.23482135803999998,0.30527633578,0.17093517236
1,All Population,5,Prevalence,218,Togo,3,Both,22,All ages,557,Other neurological disorders,3,Rate,2018,0.25617212709,0.33745836521,0.18685589539
1,All Population,5,Prevalence,376,Northern Mariana Islands,3,Both,22,All ages,557,Other neurological disorders,3,Rate,2019,0.20651725311,0.28170343133000003,0.14642438674
1,All Population,5,Prevalence,50,Montenegro,3,Both,22,All ages,557,Other neurological disorders,3,Rate,2019,0.2355809716,0.31380928526999996,0.17554661891
1,All Population,5,Prevalence,172,Equatorial Guinea,3,Both,22,All ages,557,Other neurological disorders,3,Rate,2018,0.24595133597000002,0.32339284018,0.17538100767
1,All Population,5,Prevalence,146,Lebanon,3,Both,22,All ages,557,Other neurological disorders,3,Rate,2018,0.25302690614,0.32916961163,0.18815645474999998
1,All Population,5,Prevalence,175,Burundi,3,Both,22,All ages,557,Other neurological disorders,3,Rate,2019,0.19794606512000001,0.25625358106,0.14415552891
1,All Population,5,Prevalence,101,Canada,3,Both,22,All ages,557,Other neurological disorders,3,Rate,2018,0.39121775436,0.53770816004,0.27566050687
1,All Population,5,Prevalence,75,Austria,3,Both,22,All ages,557,Other neurological disorders,3,Rate,2019,0.44907064396,0.6073547017,0.33318788574
1,All Population,5,Prevalence,210,Liberia,3,Both,22,All ages,557,Other neurological disorders,3,Rate,2019,0.22613475540000003,0.29499717645,0.16237644095
1,All Population,5,Prevalence,164,Nepal,3,Both,22,All ages,557,Other neurological disorders,3,Rate,2019,0.18658500923000002,0.24560598672999998,0.13975245608
1,All Population,5,Prevalence,63,Ukraine,3,Both,22,All ages,557,Other neurological disorders,3,Rate,2019,0.3323208744,0.43840039279,0.24434055737
1,All Population,5,Prevalence,135,Brazil,3,Both,22,All ages,557,Other neurological disorders,3,Rate,2018,0.24655837924000001,0.31972621068,0.18484052942
1,All Population,5,Prevalence,24,Marshall Islands,3,Both,22,All ages,557,Other neurological disorders,3,Rate,2018,0.19423850136,0.25482385852,0.13558390127
1,All Population,5,Prevalence,30,Vanuatu,3,Both,22,All ages,557,Other neurological disorders,3,Rate,2019,0.16951038453,0.21465918606,0.12160881474999999
1,All Population,5,Prevalence,16,Philippines,3,Both,22,All ages,557,Other neurological disorders,3,Rate,2019,0.14529012199,0.18802630952,0.10597102545
1,All Population,5,Prevalence,69,Singapore,3,Both,22,All ages,557,Other neurological disorders,3,Rate,2018,0.5309344847199999,0.65596852647,0.41135838828000004
1,All Population,5,Prevalence,11,Indonesia,3,Both,22,All ages,557,Other neurological disorders,3,Rate,2018,0.15383658347,0.20340197107,0.1122656368
1,All Population,5,Prevalence,385,Puerto Rico,3,Both,22,All ages,557,Other neurological disorders,3,Rate,2018,0.55661460168,0.70391013628,0.41830157799999995
1,All Population,5,Prevalence,74,Andorra,3,Both,22,All ages,557,Other neurological disorders,3,Rate,2019,0.40809015597000003,0.55829568596,0.30931401884
1,All Population,5,Prevalence,29,Tonga,3,Both,22,All ages,557,Other neurological disorders,3,Rate,2019,0.18056052744999998,0.23041746500000002,0.1312032126
1,All Population,5,Prevalence,19,Timor-Leste,3,Both,22,All ages,557,Other neurological disorders,3,Rate,2019,0.11841242035,0.1565361854,0.08606831534
1,All Population,5,Prevalence,194,Lesotho,3,Both,22,All ages,557,Other neurological disorders,3,Rate,2018,0.27051336083,0.35760335245999997,0.20058826711
1,All Population,5,Prevalence,177,Djibouti,3,Both,22,All ages,557,Other neurological disorders,3,Rate,2019,0.21642255691,0.28006437332,0.15478340968
1,All Population,5,Prevalence,351,Guam,3,Both,22,All ages,557,Other neurological disorders,3,Rate,2019,0.21074836918,0.28184196761,0.15790945751
1,All Population,5,Prevalence,114,Haiti,3,Both,22,All ages,557,Other neurological disorders,3,Rate,2018,0.40151138170000006,0.51075032477,0.29315669371
1,All Population,5,Prevalence,43,Albania,3,Both,22,All ages,557,Other neurological disorders,3,Rate,2019,0.27101735629,0.36459705713,0.20012972258
1,All Population,5,Prevalence,110,Dominica,3,Both,22,All ages,557,Other neurological disorders,3,Rate,2019,0.44673448699,0.59676680064,0.33080114981000003
1,All Population,5,Prevalence,71,Australia,3,Both,22,All ages,557,Other neurological disorders,3,Rate,2018,0.41696933331,0.55842391094,0.30866532333
1,All Population,5,Prevalence,212,Mauritania,3,Both,22,All ages,557,Other neurological disorders,3,Rate,2019,0.22648866909999998,0.28837105732,0.16521675585999998
1,All Population,5,Prevalence,26,Papua New Guinea,3,Both,22,All ages,557,Other neurological disorders,3,Rate,2018,0.1874068955,0.24915485716,0.13636808028
1,All Population,5,Prevalence,122,Ecuador,3,Both,22,All ages,557,Other neurological disorders,3,Rate,2019,0.28290899854,0.35326018064000003,0.21831305457999997
1,All Population,5,Prevalence,58,Estonia,3,Both,22,All ages,557,Other neurological disorders,3,Rate,2018,0.36525028881,0.48385594215,0.27095184314
1,All Population,5,Prevalence,148,Morocco,3,Both,22,All ages,557,Other neurological disorders,3,Rate,2018,0.27260625974999997,0.35395671304,0.20478799248000001
1,All Population,5,Prevalence,161,Bangladesh,3,Both,22,All ages,557,Other neurological disorders,3,Rate,2018,0.23919842676999997,0.31005556842,0.17523579679
1,All Population,5,Prevalence,77,Cyprus,3,Both,22,All ages,557,Other neurological disorders,3,Rate,2019,0.37424730796,0.5162576641800001,0.28894397723000004
1,All Population,5,Prevalence,121,Bolivia (Plurinational State of),3,Both,22,All ages,557,Other neurological disorders,3,Rate,2019,0.29478846039,0.37690600439,0.21590460024000002
1,All Population,5,Prevalence,179,Ethiopia,3,Both,22,All ages,557,Other neurological disorders,3,Rate,2019,0.21147860233,0.27591612396,0.15306427446999998
1,All Population,5,Prevalence,76,Belgium,3,Both,22,All ages,557,Other neurological disorders,3,Rate,2019,0.40556425132999996,0.54261483432,0.3080251105
1,All Population,5,Prevalence,18,Thailand,3,Both,22,All ages,557,Other neurological disorders,3,Rate,2019,0.11093520915,0.14541973544,0.08737687389
1,All Population,5,Prevalence,196,South Africa,3,Both,22,All ages,557,Other neurological disorders,3,Rate,2018,0.30274400633000004,0.39874109923,0.21949532797000001
1,All Population,5,Prevalence,90,Norway,3,Both,22,All ages,557,Other neurological disorders,3,Rate,2019,0.44535637595,0.60400195181,0.34079932874
1,All Population,5,Prevalence,37,Kyrgyzstan,3,Both,22,All ages,557,Other neurological disorders,3,Rate,2018,0.31617469035,0.40872862314999997,0.23320631972
1,All Population,5,Prevalence,10,Cambodia,3,Both,22,All ages,557,Other neurological disorders,3,Rate,2020,0.11860307527,0.16087949373,0.08758922716
1,All Population,5,Prevalence,82,Greece,3,Both,22,All ages,557,Other neurological disorders,3,Rate,2018,0.413113858,0.57033113797,0.30987789977
1,All Population,5,Prevalence,191,Zambia,3,Both,22,All ages,557,Other neurological disorders,3,Rate,2019,0.1943595481,0.25048395421,0.13995833591
1,All Population,5,Prevalence,111,Dominican Republic,3,Both,22,All ages,557,Other neurological disorders,3,Rate,2019,0.39493798207999997,0.51472436393,0.28866324856000003
1,All Population,5,Prevalence,435,South Sudan,3,Both,22,All ages,557,Other neurological disorders,3,Rate,2018,0.23162410839,0.31048076903,0.16425159957
1,All Population,5,Prevalence,169,Central African Republic,3,Both,22,All ages,557,Other neurological disorders,3,Rate,2019,0.21537298970000002,0.28166824392,0.15602771680000002
1,All Population,5,Prevalence,116,Saint Lucia,3,Both,22,All ages,557,Other neurological disorders,3,Rate,2018,0.49922874778000004,0.6603728525,0.3699954332
1,All Population,5,Prevalence,168,Angola,3,Both,22,All ages,557,Other neurological disorders,3,Rate,2019,0.21428621285,0.28307544064999995,0.15460944688
1,All Population,5,Prevalence,374,Niue,3,Both,22,All ages,557,Other neurological disorders,3,Rate,2018,0.24274826536000002,0.32798672572,0.17672343914
1,All Population,5,Prevalence,45,Bulgaria,3,Both,22,All ages,557,Other neurological disorders,3,Rate,2019,0.28632466051,0.39621689230999996,0.21035967456000002
1,All Population,5,Prevalence,79,Finland,3,Both,22,All ages,557,Other neurological disorders,3,Rate,2019,0.3064726151,0.41063833129000005,0.24080097105
1,All Population,5,Prevalence,123,Peru,3,Both,22,All ages,557,Other neurological disorders,3,Rate,2019,0.2799538197,0.35951449312,0.21312572611999997
1,All Population,5,Prevalence,68,Republic of Korea,3,Both,22,All ages,557,Other neurological disorders,3,Rate,2020,0.50011239617,0.62257010729,0.39786191484
1,All Population,5,Prevalence,12,Lao People's Democratic Republic,3,Both,22,All ages,557,Other neurological disorders,3,Rate,2020,0.11436197055,0.15421109456,0.08254336243
1,All Population,5,Prevalence,23,Kiribati,3,Both,22,All ages,557,Other neurological disorders,3,Rate,2020,0.16147181025,0.21787998093,0.11548991815
1,All Population,5,Prevalence,157,Yemen,3,Both,22,All ages,557,Other neurological disorders,3,Rate,2019,0.22083381991,0.29163257343,0.15870780007
1,All Population,5,Prevalence,112,Grenada,3,Both,22,All ages,557,Other neurological disorders,3,Rate,2019,0.44316643092,0.58738729624,0.33215643941
1,All Population,5,Prevalence,57,Belarus,3,Both,22,All ages,557,Other neurological disorders,3,Rate,2020,0.29500268904,0.39471515711,0.21675979942
1,All Population,5,Prevalence,33,Armenia,3,Both,22,All ages,557,Other neurological disorders,3,Rate,2019,0.3354851844,0.44614924593,0.24459220113000002
1,All Population,5,Prevalence,126,Costa Rica,3,Both,22,All ages,557,Other neurological disorders,3,Rate,2019,0.39622201948999997,0.51229831441,0.29187778224
1,All Population,5,Prevalence,89,Netherlands,3,Both,22,All ages,557,Other neurological disorders,3,Rate,2019,0.40570627847,0.55378008916,0.30001391434999997
1,All Population,5,Prevalence,150,Oman,3,Both,22,All ages,557,Other neurological disorders,3,Rate,2018,0.24969931212000002,0.32595057804,0.18266983351000002
1,All Population,5,Prevalence,207,Ghana,3,Both,22,All ages,557,Other neurological disorders,3,Rate,2018,0.26156961161,0.34496887326,0.19122544916
1,All Population,5,Prevalence,163,India,3,Both,22,All ages,557,Other neurological disorders,3,Rate,2018,0.25681901766000004,0.33348094585000004,0.18761153061
1,All Population,5,Prevalence,92,Spain,3,Both,22,All ages,557,Other neurological disorders,3,Rate,2019,0.38719917236,0.50168398089,0.29901925926
1,All Population,5,Prevalence,39,Tajikistan,3,Both,22,All ages,557,Other neurological disorders,3,Rate,2018,0.30556084532,0.39909320260000003,0.22018829491000003
1,All Population,5,Prevalence,129,Honduras,3,Both,22,All ages,557,Other neurological disorders,3,Rate,2018,0.37079728808999995,0.48696201858000004,0.27461823931
1,All Population,5,Prevalence,78,Denmark,3,Both,22,All ages,557,Other neurological disorders,3,Rate,2019,0.31602096015,0.39295685159000004,0.24546403189000002
1,All Population,5,Prevalence,216,Senegal,3,Both,22,All ages,557,Other neurological disorders,3,Rate,2019,0.22573854386,0.28751521081,0.16571078137
1,All Population,5,Prevalence,84,Ireland,3,Both,22,All ages,557,Other neurological disorders,3,Rate,2018,0.42298000436,0.5635456200400001,0.31245138705000003
1,All Population,5,Prevalence,217,Sierra Leone,3,Both,22,All ages,557,Other neurological disorders,3,Rate,2019,0.22432777806999998,0.29019168582,0.16455244348
1,All Population,5,Prevalence,170,Congo,3,Both,22,All ages,557,Other neurological disorders,3,Rate,2019,0.22474974780999998,0.29079527217,0.16314607920000002
1,All Population,5,Prevalence,36,Kazakhstan,3,Both,22,All ages,557,Other neurological disorders,3,Rate,2020,0.28241125033,0.38159201003000004,0.20968261800000002
1,All Population,5,Prevalence,205,Côte d'Ivoire,3,Both,22,All ages,557,Other neurological disorders,3,Rate,2019,0.22193722895,0.2899635831,0.15899724583
1,All Population,5,Prevalence,115,Jamaica,3,Both,22,All ages,557,Other neurological disorders,3,Rate,2020,0.39808122533999996,0.53710495008,0.29709346857
1,All Population,5,Prevalence,47,Czechia,3,Both,22,All ages,557,Other neurological disorders,3,Rate,2019,0.27835247891,0.37624088453,0.20693379877999998
1,All Population,5,Prevalence,91,Portugal,3,Both,22,All ages,557,Other neurological disorders,3,Rate,2019,0.49288855743000004,0.6717522755600001,0.36997562081
1,All Population,5,Prevalence,125,Colombia,3,Both,22,All ages,557,Other neurological disorders,3,Rate,2019,0.39243598695000004,0.50762507422,0.28345441338000005
1,All Population,5,Prevalence,118,Suriname,3,Both,22,All ages,557,Other neurological disorders,3,Rate,2018,0.47070319635,0.62532133649,0.33683998999
1,All Population,5,Prevalence,183,Mauritius,3,Both,22,All ages,557,Other neurological disorders,3,Rate,2019,0.15157255037,0.20500977619999997,0.11280986629999999
1,All Population,5,Prevalence,35,Georgia,3,Both,22,All ages,557,Other neurological disorders,3,Rate,2019,0.33530666779,0.42831325142000004,0.25689711368
1,All Population,5,Prevalence,182,Malawi,3,Both,22,All ages,557,Other neurological disorders,3,Rate,2019,0.19997182643,0.25700473428000004,0.14260876014
1,All Population,5,Prevalence,44,Bosnia and Herzegovina,3,Both,22,All ages,557,Other neurological disorders,3,Rate,2019,0.24396028970000003,0.33041364736,0.18521999184000001
1,All Population,5,Prevalence,380,Palau,3,Both,22,All ages,557,Other neurological disorders,3,Rate,2018,0.24193765526000002,0.33165692047,0.17398511078
1,All Population,5,Prevalence,172,Equatorial Guinea,3,Both,22,All ages,557,Other neurological disorders,3,Rate,2019,0.21757366297,0.27929744907,0.15550956192
1,All Population,5,Prevalence,136,Paraguay,3,Both,22,All ages,557,Other neurological disorders,3,Rate,2019,0.18830289222000002,0.25053247807,0.14278296264
1,All Population,5,Prevalence,162,Bhutan,3,Both,22,All ages,557,Other neurological disorders,3,Rate,2020,0.20800060594,0.28458998220000004,0.15234429284
1,All Population,5,Prevalence,218,Togo,3,Both,22,All ages,557,Other neurological disorders,3,Rate,2019,0.22669882777,0.2921688977,0.16625410177
1,All Population,5,Prevalence,86,Italy,3,Both,22,All ages,557,Other neurological disorders,3,Rate,2018,0.5963762592899999,0.7729704852599999,0.44894384036
1,All Population,5,Prevalence,38,Mongolia,3,Both,22,All ages,557,Other neurological disorders,3,Rate,2020,0.26443674308,0.35160722194,0.19098837829999998
1,All Population,5,Prevalence,209,Guinea-Bissau,3,Both,22,All ages,557,Other neurological disorders,3,Rate,2018,0.24441217919,0.32523720609,0.17590112226000001
1,All Population,5,Prevalence,34,Azerbaijan,3,Both,22,All ages,557,Other neurological disorders,3,Rate,2019,0.30217073315,0.40052218714,0.22292756497
1,All Population,5,Prevalence,80,France,3,Both,22,All ages,557,Other neurological disorders,3,Rate,2019,0.37367801350999996,0.48837459854,0.2826629273
1,All Population,5,Prevalence,25,Micronesia (Federated States of),3,Both,22,All ages,557,Other neurological disorders,3,Rate,2020,0.17175853702000002,0.23436346184,0.12368072103000001
1,All Population,5,Prevalence,59,Latvia,3,Both,22,All ages,557,Other neurological disorders,3,Rate,2019,0.32449645242999997,0.43608040334,0.23897404665
1,All Population,5,Prevalence,6,China,3,Both,22,All ages,557,Other neurological disorders,3,Rate,2020,0.19212667318,0.26120244375,0.14071430842
1,All Population,5,Prevalence,128,Guatemala,3,Both,22,All ages,557,Other neurological disorders,3,Rate,2020,0.33201762269999996,0.44502648315,0.24821166932
1,All Population,5,Prevalence,93,Sweden,3,Both,22,All ages,557,Other neurological disorders,3,Rate,2019,0.38826478238,0.51136930215,0.30554626948
1,All Population,5,Prevalence,127,El Salvador,3,Both,22,All ages,557,Other neurological disorders,3,Rate,2019,0.3560809091,0.46619024527999997,0.2630772154
1,All Population,5,Prevalence,176,Comoros,3,Both,22,All ages,557,Other neurological disorders,3,Rate,2018,0.24794876199,0.31472001399,0.17791295365
1,All Population,5,Prevalence,185,Rwanda,3,Both,22,All ages,557,Other neurological disorders,3,Rate,2019,0.20773517910999997,0.27358753365,0.15164984248
1,All Population,5,Prevalence,171,Democratic Republic of the Congo,3,Both,22,All ages,557,Other neurological disorders,3,Rate,2019,0.21999050695000003,0.28390586069,0.1597803833
1,All Population,5,Prevalence,97,Argentina,3,Both,22,All ages,557,Other neurological disorders,3,Rate,2018,0.33437941469,0.44700881524,0.24488416900999999
1,All Population,5,Prevalence,14,Maldives,3,Both,22,All ages,557,Other neurological disorders,3,Rate,2019,0.13038153595,0.17195966194,0.09369453492999999
1,All Population,5,Prevalence,151,Qatar,3,Both,22,All ages,557,Other neurological disorders,3,Rate,2019,0.22373756576,0.29963883908,0.16233631017
1,All Population,5,Prevalence,131,Nicaragua,3,Both,22,All ages,557,Other neurological disorders,3,Rate,2018,0.40593103237000006,0.51464608996,0.29439298808000003
1,All Population,5,Prevalence,165,Pakistan,3,Both,22,All ages,557,Other neurological disorders,3,Rate,2018,0.23105789779,0.30310975893000003,0.16644375243
1,All Population,5,Prevalence,83,Iceland,3,Both,22,All ages,557,Other neurological disorders,3,Rate,2020,0.34813219169,0.48552527479,0.26368584522
1,All Population,5,Prevalence,117,Saint Vincent and the Grenadines,3,Both,22,All ages,557,Other neurological disorders,3,Rate,2020,0.41741658225999995,0.56214358956,0.30979690315999997
1,All Population,5,Prevalence,175,Burundi,3,Both,22,All ages,557,Other neurological disorders,3,Rate,2020,0.18698294244,0.24514083091000002,0.13508586904
1,All Population,5,Prevalence,46,Croatia,3,Both,22,All ages,557,Other neurological disorders,3,Rate,2019,0.28311394701,0.37984948376,0.21069861858
1,All Population,5,Prevalence,40,Turkmenistan,3,Both,22,All ages,557,Other neurological disorders,3,Rate,2020,0.26749678168,0.35499455248,0.19307401548
1,All Population,5,Prevalence,190,Uganda,3,Both,22,All ages,557,Other neurological disorders,3,Rate,2018,0.22123539763000002,0.28570980617999997,0.15952139212
1,All Population,5,Prevalence,130,Mexico,3,Both,22,All ages,557,Other neurological disorders,3,Rate,2020,0.3759744922,0.49262454043,0.28965312665
1,All Population,5,Prevalence,81,Germany,3,Both,22,All ages,557,Other neurological disorders,3,Rate,2019,0.60274278732,0.74712621464,0.45879356875000005
1,All Population,5,Prevalence,105,Antigua and Barbuda,3,Both,22,All ages,557,Other neurological disorders,3,Rate,2019,0.43658347288,0.5796691819299999,0.32135743089
1,All Population,5,Prevalence,72,New Zealand,3,Both,22,All ages,557,Other neurological disorders,3,Rate,2020,0.36796814768999997,0.48331496932999995,0.2789654189
1,All Population,5,Prevalence,13,Malaysia,3,Both,22,All ages,557,Other neurological disorders,3,Rate,2019,0.13448400513,0.18267525873,0.09919092446000001
1,All Population,5,Prevalence,61,Republic of Moldova,3,Both,22,All ages,557,Other neurological disorders,3,Rate,2019,0.31023927442,0.41571384181,0.22716891880999998
1,All Population,5,Prevalence,51,Poland,3,Both,22,All ages,557,Other neurological disorders,3,Rate,2020,0.2443416322,0.32526846971,0.18632425119
1,All Population,5,Prevalence,210,Liberia,3,Both,22,All ages,557,Other neurological disorders,3,Rate,2020,0.21414772544,0.28500201462,0.15170322437
1,All Population,5,Prevalence,94,Switzerland,3,Both,22,All ages,557,Other neurological disorders,3,Rate,2019,0.41070806629,0.5535040749,0.30727561875000003
1,All Population,5,Prevalence,305,Bermuda,3,Both,22,All ages,557,Other neurological disorders,3,Rate,2019,0.51004081226,0.68548139846,0.37730746593
1,All Population,5,Prevalence,140,Bahrain,3,Both,22,All ages,557,Other neurological disorders,3,Rate,2019,0.23307826232,0.30578837629,0.1690116472
1,All Population,5,Prevalence,184,Mozambique,3,Both,22,All ages,557,Other neurological disorders,3,Rate,2019,0.19603614172000003,0.25423189554,0.13906673241
1,All Population,5,Prevalence,106,Bahamas,3,Both,22,All ages,557,Other neurological disorders,3,Rate,2019,0.41746939427,0.55600246004,0.30588249586
1,All Population,5,Prevalence,95,United Kingdom,3,Both,22,All ages,557,Other neurological disorders,3,Rate,2019,0.17254711128,0.23267199791,0.13361618769
1,All Population,5,Prevalence,187,Somalia,3,Both,22,All ages,557,Other neurological disorders,3,Rate,2019,0.19802445568000002,0.25462104425,0.1411764407
1,All Population,5,Prevalence,385,Puerto Rico,3,Both,22,All ages,557,Other neurological disorders,3,Rate,2019,0.49997198781,0.62058198809,0.38448922908999994
1,All Population,5,Prevalence,48,Hungary,3,Both,22,All ages,557,Other neurological disorders,3,Rate,2019,0.27493360032999997,0.36999569461,0.19974958324999997
1,All Population,5,Prevalence,49,North Macedonia,3,Both,22,All ages,557,Other neurological disorders,3,Rate,2019,0.27032397933,0.36063442619999997,0.19901674418
1,All Population,5,Prevalence,8,Taiwan,3,Both,22,All ages,557,Other neurological disorders,3,Rate,2020,0.24397953212999998,0.30881769473,0.18467364135
1,All Population,5,Prevalence,27,Samoa,3,Both,22,All ages,557,Other neurological disorders,3,Rate,2020,0.16884116521,0.22690074859,0.12398229134000001
1,All Population,5,Prevalence,144,Jordan,3,Both,22,All ages,557,Other neurological disorders,3,Rate,2018,0.26129046305,0.34610672461,0.18729568868
1,All Population,5,Prevalence,164,Nepal,3,Both,22,All ages,557,Other neurological disorders,3,Rate,2020,0.17707149404,0.24172362240999998,0.12977954532
1,All Population,5,Prevalence,298,American Samoa,3,Both,22,All ages,557,Other neurological disorders,3,Rate,2019,0.19257137757999998,0.25258740572000005,0.13987359330000002
1,All Population,5,Prevalence,198,Zimbabwe,3,Both,22,All ages,557,Other neurological disorders,3,Rate,2019,0.22575609104,0.28844832622,0.16535622378
1,All Population,5,Prevalence,60,Lithuania,3,Both,22,All ages,557,Other neurological disorders,3,Rate,2019,0.32592240061,0.43805428365,0.24181094172
1,All Population,5,Prevalence,139,Algeria,3,Both,22,All ages,557,Other neurological disorders,3,Rate,2019,0.23462534045,0.30579793349,0.1748555554
1,All Population,5,Prevalence,85,Israel,3,Both,22,All ages,557,Other neurological disorders,3,Rate,2020,0.3209109811,0.44442757516,0.24355513672999998
1,All Population,5,Prevalence,119,Trinidad and Tobago,3,Both,22,All ages,557,Other neurological disorders,3,Rate,2020,0.42543619856,0.57173750091,0.31398070959999996
1,All Population,5,Prevalence,153,Syrian Arab Republic,3,Both,22,All ages,557,Other neurological disorders,3,Rate,2019,0.24027092912,0.32455692014000004,0.17623179577
1,All Population,5,Prevalence,133,Venezuela (Bolivarian Republic of),3,Both,22,All ages,557,Other neurological disorders,3,Rate,2018,0.43259403926000006,0.58326522346,0.31648333903
1,All Population,5,Prevalence,177,Djibouti,3,Both,22,All ages,557,Other neurological disorders,3,Rate,2020,0.20500177885,0.27638132121000003,0.14694391009000002
1,All Population,5,Prevalence,211,Mali,3,Both,22,All ages,557,Other neurological disorders,3,Rate,2018,0.2439003276,0.31886239814,0.17714264817
1,All Population,5,Prevalence,173,Gabon,3,Both,22,All ages,557,Other neurological disorders,3,Rate,2019,0.23963203951,0.30783063383000003,0.17247987356
1,All Population,5,Prevalence,152,Saudi Arabia,3,Both,22,All ages,557,Other neurological disorders,3,Rate,2019,0.22337125364,0.29590682558000003,0.1644970406
1,All Population,5,Prevalence,15,Myanmar,3,Both,22,All ages,557,Other neurological disorders,3,Rate,2019,0.12842788168,0.17097732719,0.09491821804999999
1,All Population,5,Prevalence,132,Panama,3,Both,22,All ages,557,Other neurological disorders,3,Rate,2020,0.37120229192000004,0.49411166939999995,0.27757556849
1,All Population,5,Prevalence,53,Serbia,3,Both,22,All ages,557,Other neurological disorders,3,Rate,2020,0.19471531844,0.26875463643,0.15103560575
1,All Population,5,Prevalence,107,Barbados,3,Both,22,All ages,557,Other neurological disorders,3,Rate,2019,0.47805649557,0.64664828215,0.34723496398000003
1,All Population,5,Prevalence,213,Niger,3,Both,22,All ages,557,Other neurological disorders,3,Rate,2019,0.20734034456,0.27508516724,0.14731697236
1,All Population,5,Prevalence,200,Benin,3,Both,22,All ages,557,Other neurological disorders,3,Rate,2019,0.21662526711000002,0.27798270862999996,0.15519785266
1,All Population,5,Prevalence,186,Seychelles,3,Both,22,All ages,557,Other neurological disorders,3,Rate,2019,0.14248051883,0.19546906492000002,0.10513827585
1,All Population,5,Prevalence,62,Russian Federation,3,Both,22,All ages,557,Other neurological disorders,3,Rate,2019,0.32408642684,0.43421180862,0.23848473385000002
1,All Population,5,Prevalence,178,Eritrea,3,Both,22,All ages,557,Other neurological disorders,3,Rate,2018,0.23620158001,0.31137627938,0.17085998384
1,All Population,5,Prevalence,393,Saint Kitts and Nevis,3,Both,22,All ages,557,Other neurological disorders,3,Rate,2019,0.43108243062999996,0.5859104641599999,0.32567775212
1,All Population,5,Prevalence,320,Cook Islands,3,Both,22,All ages,557,Other neurological disorders,3,Rate,2019,0.21429842851,0.28726219067000003,0.15941641043
1,All Population,5,Prevalence,212,Mauritania,3,Both,22,All ages,557,Other neurological disorders,3,Rate,2020,0.21413510023,0.28206019387000003,0.15947426593
1,All Population,5,Prevalence,396,San Marino,3,Both,22,All ages,557,Other neurological disorders,3,Rate,2019,0.42803903802,0.58824178384,0.31771930029
1,All Population,5,Prevalence,349,Greenland,3,Both,22,All ages,557,Other neurological disorders,3,Rate,2019,0.32987854951,0.45161109201000005,0.24459354062000002
1,All Population,5,Prevalence,87,Luxembourg,3,Both,22,All ages,557,Other neurological disorders,3,Rate,2020,0.36426577195,0.51058438253,0.27209210128
1,All Population,5,Prevalence,98,Chile,3,Both,22,All ages,557,Other neurological disorders,3,Rate,2020,0.42208703862,0.55640129808,0.32283174216
1,All Population,5,Prevalence,141,Egypt,3,Both,22,All ages,557,Other neurological disorders,3,Rate,2019,0.22794670615999998,0.30266213014,0.16531570535
1,All Population,5,Prevalence,142,Iran (Islamic Republic of),3,Both,22,All ages,557,Other neurological disorders,3,Rate,2019,0.17853314435999998,0.23165651172,0.13083556069
1,All Population,5,Prevalence,179,Ethiopia,3,Both,22,All ages,557,Other neurological disorders,3,Rate,2020,0.20001146032999997,0.26450601867,0.14348046195
1,All Population,5,Prevalence,108,Belize,3,Both,22,All ages,557,Other neurological disorders,3,Rate,2019,0.38116236153,0.4937724456,0.27859326287999997
1,All Population,5,Prevalence,191,Zambia,3,Both,22,All ages,557,Other neurological disorders,3,Rate,2020,0.18387580562,0.24189915755,0.13180160304
1,All Population,5,Prevalence,202,Cameroon,3,Both,22,All ages,557,Other neurological disorders,3,Rate,2019,0.21897501537,0.27993297625999997,0.15693137698
1,All Population,5,Prevalence,155,Türkiye,3,Both,22,All ages,557,Other neurological disorders,3,Rate,2019,0.27876855198,0.35811972687,0.21138175481
1,All Population,5,Prevalence,189,United Republic of Tanzania,3,Both,22,All ages,557,Other neurological disorders,3,Rate,2019,0.21628410937999998,0.27773054602,0.15617473152
1,All Population,5,Prevalence,154,Tunisia,3,Both,22,All ages,557,Other neurological disorders,3,Rate,2019,0.24760508137999998,0.32433790592,0.1861137707
1,All Population,5,Prevalence,351,Guam,3,Both,22,All ages,557,Other neurological disorders,3,Rate,2020,0.20069070841,0.27123632854,0.14872934778
1,All Population,5,Prevalence,55,Slovenia,3,Both,22,All ages,557,Other neurological disorders,3,Rate,2020,0.2664765683,0.36437241937,0.19536146268
1,All Population,5,Prevalence,413,Tokelau,3,Both,22,All ages,557,Other neurological disorders,3,Rate,2019,0.19984290425,0.2618400735,0.14896764031999998
1,All Population,5,Prevalence,201,Burkina Faso,3,Both,22,All ages,557,Other neurological disorders,3,Rate,2019,0.21637836677999997,0.27324054443,0.15946358088
1,All Population,5,Prevalence,143,Iraq,3,Both,22,All ages,557,Other neurological disorders,3,Rate,2020,0.21430106872000002,0.28840009094,0.15550095445
1,All Population,5,Prevalence,109,Cuba,3,Both,22,All ages,557,Other neurological disorders,3,Rate,2019,0.47861218585000004,0.6501069571,0.35174792255
1,All Population,5,Prevalence,215,Sao Tome and Principe,3,Both,22,All ages,557,Other neurological disorders,3,Rate,2019,0.23606880847,0.30111364523,0.17013770435
1,All Population,5,Prevalence,180,Kenya,3,Both,22,All ages,557,Other neurological disorders,3,Rate,2018,0.22979335816,0.30384333171,0.16845036026000001
1,All Population,5,Prevalence,22,Fiji,3,Both,22,All ages,557,Other neurological disorders,3,Rate,2019,0.18809875556,0.24872707329000002,0.1364010549
1,All Population,5,Prevalence,66,Brunei Darussalam,3,Both,22,All ages,557,Other neurological disorders,3,Rate,2020,0.5635262332700001,0.77009032522,0.42153711658000004
1,All Population,5,Prevalence,204,Chad,3,Both,22,All ages,557,Other neurological disorders,3,Rate,2019,0.20724753291,0.27274061918,0.14737046033999998
1,All Population,5,Prevalence,181,Madagascar,3,Both,22,All ages,557,Other neurological disorders,3,Rate,2020,0.19120692913999998,0.25163646926,0.13834170511
1,All Population,5,Prevalence,156,United Arab Emirates,3,Both,22,All ages,557,Other neurological disorders,3,Rate,2019,0.22966469918,0.31041956206,0.16331020856
1,All Population,5,Prevalence,422,United States Virgin Islands,3,Both,22,All ages,557,Other neurological disorders,3,Rate,2019,0.50601545357,0.67647873855,0.36550013315
1,All Population,5,Prevalence,193,Botswana,3,Both,22,All ages,557,Other neurological disorders,3,Rate,2020,0.23173538568000002,0.30112870617000004,0.16907293061999998
1,All Population,5,Prevalence,11,Indonesia,3,Both,22,All ages,557,Other neurological disorders,3,Rate,2019,0.13647313223,0.17760637356,0.09990692117
1,All Population,5,Prevalence,367,Monaco,3,Both,22,All ages,557,Other neurological disorders,3,Rate,2018,0.5091182626,0.69912664399,0.37163078916
1,All Population,5,Prevalence,416,Tuvalu,3,Both,22,All ages,557,Other neurological disorders,3,Rate,2019,0.18676365389,0.24875456093,0.13474896743999998
1,All Population,5,Prevalence,369,Nauru,3,Both,22,All ages,557,Other neurological disorders,3,Rate,2020,0.15386518268000002,0.20436705617,0.10899147938
1,All Population,5,Prevalence,214,Nigeria,3,Both,22,All ages,557,Other neurological disorders,3,Rate,2019,0.22696696274,0.28918364011000003,0.16416717934
1,All Population,5,Prevalence,34,Azerbaijan,3,Both,22,All ages,557,Other neurological disorders,3,Rate,2020,0.28740815104,0.39487521695,0.21416826773
1,All Population,5,Prevalence,45,Bulgaria,3,Both,22,All ages,557,Other neurological disorders,3,Rate,2020,0.27163311542999996,0.37785185608,0.19860313193999998
1,All Population,5,Prevalence,145,Kuwait,3,Both,22,All ages,557,Other neurological disorders,3,Rate,2020,0.21819366517000002,0.29619144766,0.15517988692999998
1,All Population,5,Prevalence,203,Cabo Verde,3,Both,22,All ages,557,Other neurological disorders,3,Rate,2019,0.25745861827,0.33565500353,0.19040286256
1,All Population,5,Prevalence,160,Afghanistan,3,Both,22,All ages,557,Other neurological disorders,3,Rate,2020,0.20132133536000002,0.2697216407,0.14287204483000002
1,All Population,5,Prevalence,195,Namibia,3,Both,22,All ages,557,Other neurological disorders,3,Rate,2020,0.22200220483,0.29274734432,0.16177538234
1,All Population,5,Prevalence,102,United States of America,3,Both,22,All ages,557,Other neurological disorders,3,Rate,2020,0.40515722182999997,0.51835354643,0.31907037284
1,All Population,5,Prevalence,376,Northern Mariana Islands,3,Both,22,All ages,557,Other neurological disorders,3,Rate,2020,0.19636974159999998,0.27015663931,0.13779590955999999
1,All Population,5,Prevalence,206,Gambia,3,Both,22,All ages,557,Other neurological disorders,3,Rate,2020,0.21056599332,0.27454233526,0.15331669965
1,All Population,5,Prevalence,24,Marshall Islands,3,Both,22,All ages,557,Other neurological disorders,3,Rate,2019,0.17239946568,0.22393792511000002,0.12129405274
1,All Population,5,Prevalence,147,Libya,3,Both,22,All ages,557,Other neurological disorders,3,Rate,2020,0.23399842823999997,0.31301379586,0.16729218213
1,All Population,5,Prevalence,197,Eswatini,3,Both,22,All ages,557,Other neurological disorders,3,Rate,2020,0.22267789747,0.29560838057,0.16021196963
1,All Population,5,Prevalence,58,Estonia,3,Both,22,All ages,557,Other neurological disorders,3,Rate,2019,0.32269149192,0.43298443695,0.23886157423999999
1,All Population,5,Prevalence,81,Germany,3,Both,22,All ages,557,Other neurological disorders,3,Rate,2020,0.58619674213,0.73877575935,0.44890075695
1,All Population,5,Prevalence,69,Singapore,3,Both,22,All ages,557,Other neurological disorders,3,Rate,2019,0.47484240931,0.58328792188,0.36266219458000004
1,All Population,5,Prevalence,92,Spain,3,Both,22,All ages,557,Other neurological disorders,3,Rate,2020,0.36936885996,0.49054193453,0.2834835063
1,All Population,5,Prevalence,113,Guyana,3,Both,22,All ages,557,Other neurological disorders,3,Rate,2020,0.3710369683,0.49524459267,0.26943606536
1,All Population,5,Prevalence,47,Czechia,3,Both,22,All ages,557,Other neurological disorders,3,Rate,2020,0.26341584235,0.36471712125,0.19998506725
1,All Population,5,Prevalence,149,Palestine,3,Both,22,All ages,557,Other neurological disorders,3,Rate,2020,0.2136728425,0.28526426977,0.15619392817
1,All Population,5,Prevalence,13,Malaysia,3,Both,22,All ages,557,Other neurological disorders,3,Rate,2020,0.12777632609,0.17799662092,0.09461290196
1,All Population,5,Prevalence,208,Guinea,3,Both,22,All ages,557,Other neurological disorders,3,Rate,2020,0.20689741120000002,0.27596549474,0.15252679222
1,All Population,5,Prevalence,71,Australia,3,Both,22,All ages,557,Other neurological disorders,3,Rate,2019,0.36963542789,0.50558561265,0.27667209445
1,All Population,5,Prevalence,26,Papua New Guinea,3,Both,22,All ages,557,Other neurological disorders,3,Rate,2019,0.1654528862,0.21438080665,0.11944906275000002
1,All Population,5,Prevalence,37,Kyrgyzstan,3,Both,22,All ages,557,Other neurological disorders,3,Rate,2019,0.28022516955000004,0.36132600504,0.20754054259000002
1,All Population,5,Prevalence,116,Saint Lucia,3,Both,22,All ages,557,Other neurological disorders,3,Rate,2019,0.44345340045,0.58322465764,0.33058858785
1,All Population,5,Prevalence,60,Lithuania,3,Both,22,All ages,557,Other neurological disorders,3,Rate,2020,0.30861513891,0.41840598148,0.22786330042
1,All Population,5,Prevalence,49,North Macedonia,3,Both,22,All ages,557,Other neurological disorders,3,Rate,2020,0.25850754679,0.35580379032000004,0.19556620867
1,All Population,5,Prevalence,105,Antigua and Barbuda,3,Both,22,All ages,557,Other neurological disorders,3,Rate,2020,0.41470272077000003,0.55144603681,0.30557587319999996
1,All Population,5,Prevalence,139,Algeria,3,Both,22,All ages,557,Other neurological disorders,3,Rate,2020,0.22250203088999998,0.3008186513,0.1664170073
1,All Population,5,Prevalence,94,Switzerland,3,Both,22,All ages,557,Other neurological disorders,3,Rate,2020,0.38712904521,0.5349184257999999,0.29338084154
1,All Population,5,Prevalence,15,Myanmar,3,Both,22,All ages,557,Other neurological disorders,3,Rate,2020,0.12163778944,0.16422455762,0.08863932333999999
1,All Population,5,Prevalence,62,Russian Federation,3,Both,22,All ages,557,Other neurological disorders,3,Rate,2020,0.30745274195,0.41534856401000003,0.22770163008
1,All Population,5,Prevalence,107,Barbados,3,Both,22,All ages,557,Other neurological disorders,3,Rate,2020,0.45372912607,0.608909051,0.33587093382
1,All Population,5,Prevalence,82,Greece,3,Both,22,All ages,557,Other neurological disorders,3,Rate,2019,0.37875675602000003,0.52245155391,0.29089294518000003
1,All Population,5,Prevalence,152,Saudi Arabia,3,Both,22,All ages,557,Other neurological disorders,3,Rate,2020,0.21143307844,0.28729084116000003,0.15285790403000002
1,All Population,5,Prevalence,118,Suriname,3,Both,22,All ages,557,Other neurological disorders,3,Rate,2019,0.41707660663,0.56420846049,0.3066606368
1,All Population,5,Prevalence,39,Tajikistan,3,Both,22,All ages,557,Other neurological disorders,3,Rate,2019,0.27041742886,0.34831555860999996,0.19909158975
1,All Population,5,Prevalence,129,Honduras,3,Both,22,All ages,557,Other neurological disorders,3,Rate,2019,0.32872665359000003,0.41870011132999996,0.24393971498000003
1,All Population,5,Prevalence,163,India,3,Both,22,All ages,557,Other neurological disorders,3,Rate,2019,0.22741891306999998,0.29532630847999997,0.16602840054
1,All Population,5,Prevalence,141,Egypt,3,Both,22,All ages,557,Other neurological disorders,3,Rate,2020,0.21604365644,0.286949149,0.15397768
1,All Population,5,Prevalence,28,Solomon Islands,3,Both,22,All ages,557,Other neurological disorders,3,Rate,2020,0.15758613012,0.20893316779999999,0.11337635825
1,All Population,5,Prevalence,109,Cuba,3,Both,22,All ages,557,Other neurological disorders,3,Rate,2020,0.45420304428999997,0.62078686877,0.33324664503999996
1,All Population,5,Prevalence,17,Sri Lanka,3,Both,22,All ages,557,Other neurological disorders,3,Rate,2020,0.13582088844999998,0.19090799123000002,0.10176343302
1,All Population,5,Prevalence,75,Austria,3,Both,22,All ages,557,Other neurological disorders,3,Rate,2020,0.42679169330999994,0.58072448695,0.31739856314
1,All Population,5,Prevalence,7,Democratic People's Republic of Korea,3,Both,22,All ages,557,Other neurological disorders,3,Rate,2019,0.22159635248999998,0.2953437879,0.16435436708
1,All Population,5,Prevalence,84,Ireland,3,Both,22,All ages,557,Other neurological disorders,3,Rate,2019,0.37479135849,0.51330555939,0.28329961185
1,All Population,5,Prevalence,154,Tunisia,3,Both,22,All ages,557,Other neurological disorders,3,Rate,2020,0.23490807916,0.32815042339,0.17472290155
1,All Population,5,Prevalence,97,Argentina,3,Both,22,All ages,557,Other neurological disorders,3,Rate,2019,0.29539625231,0.39439811715000006,0.22282982611000002
1,All Population,5,Prevalence,165,Pakistan,3,Both,22,All ages,557,Other neurological disorders,3,Rate,2019,0.20412781021,0.25876369105999997,0.14842554906
1,All Population,5,Prevalence,43,Albania,3,Both,22,All ages,557,Other neurological disorders,3,Rate,2020,0.25965454051000003,0.35501974495,0.19256839029
1,All Population,5,Prevalence,27,Samoa,3,Both,22,All ages,557,Other neurological disorders,3,Rate,2021,0.16935305665,0.22737854041,0.12453736562
1,All Population,5,Prevalence,211,Mali,3,Both,22,All ages,557,Other neurological disorders,3,Rate,2019,0.21500887038,0.27644061913,0.15627066984
1,All Population,5,Prevalence,52,Romania,3,Both,22,All ages,557,Other neurological disorders,3,Rate,2019,0.27488262038,0.37104073085,0.20076460069
1,All Population,5,Prevalence,41,Uzbekistan,3,Both,22,All ages,557,Other neurological disorders,3,Rate,2019,0.28260435633,0.36152010908,0.21215825726
1,All Population,5,Prevalence,6,China,3,Both,22,All ages,557,Other neurological disorders,3,Rate,2021,0.19812288976,0.26956597232,0.14496325345
1,All Population,5,Prevalence,111,Dominican Republic,3,Both,22,All ages,557,Other neurological disorders,3,Rate,2020,0.37369717561,0.50094161712,0.27202203399
1,All Population,5,Prevalence,40,Turkmenistan,3,Both,22,All ages,557,Other neurological disorders,3,Rate,2021,0.26867070828,0.35688614074,0.1944759538
1,All Population,5,Prevalence,131,Nicaragua,3,Both,22,All ages,557,Other neurological disorders,3,Rate,2019,0.35915863461,0.46173035022,0.26764000762
1,All Population,5,Prevalence,122,Ecuador,3,Both,22,All ages,557,Other neurological disorders,3,Rate,2020,0.26821020458,0.34641140126000003,0.2060812772
1,All Population,5,Prevalence,86,Italy,3,Both,22,All ages,557,Other neurological disorders,3,Rate,2019,0.52628187441,0.6889313549,0.40841113629000003
1,All Population,5,Prevalence,176,Comoros,3,Both,22,All ages,557,Other neurological disorders,3,Rate,2019,0.21911587534,0.28112741879,0.16210733624999998
1,All Population,5,Prevalence,51,Poland,3,Both,22,All ages,557,Other neurological disorders,3,Rate,2021,0.24542798772,0.32586961028,0.18649057798
1,All Population,5,Prevalence,77,Cyprus,3,Both,22,All ages,557,Other neurological disorders,3,Rate,2020,0.35053627934,0.4923469217,0.27211282193
1,All Population,5,Prevalence,30,Vanuatu,3,Both,22,All ages,557,Other neurological disorders,3,Rate,2020,0.16046354551,0.21148896416,0.11597531822999999
1,All Population,5,Prevalence,19,Timor-Leste,3,Both,22,All ages,557,Other neurological disorders,3,Rate,2020,0.11192676376999999,0.15132433523,0.08306589379
1,All Population,5,Prevalence,20,Viet Nam,3,Both,22,All ages,557,Other neurological disorders,3,Rate,2019,0.13625304384999998,0.18393201004999998,0.10247720919999999
1,All Population,5,Prevalence,156,United Arab Emirates,3,Both,22,All ages,557,Other neurological disorders,3,Rate,2020,0.21972263636,0.30926653497,0.15531859251
1,All Population,5,Prevalence,99,Uruguay,3,Both,22,All ages,557,Other neurological disorders,3,Rate,2019,0.31380348814,0.40784515549999995,0.24240776217
1,All Population,5,Prevalence,88,Malta,3,Both,22,All ages,557,Other neurological disorders,3,Rate,2019,0.408356923,0.55943758572,0.30677004005
1,All Population,5,Prevalence,8,Taiwan,3,Both,22,All ages,557,Other neurological disorders,3,Rate,2021,0.25045170938,0.32030690830999997,0.18869042848
1,All Population,5,Prevalence,144,Jordan,3,Both,22,All ages,557,Other neurological disorders,3,Rate,2019,0.23113400669,0.30277631353,0.16673102725
1,All Population,5,Prevalence,190,Uganda,3,Both,22,All ages,557,Other neurological disorders,3,Rate,2019,0.19549042796000002,0.25332091420999997,0.14043641146
1,All Population,5,Prevalence,90,Norway,3,Both,22,All ages,557,Other neurological disorders,3,Rate,2020,0.42311164917,0.5771977495,0.32143211869
1,All Population,5,Prevalence,53,Serbia,3,Both,22,All ages,557,Other neurological disorders,3,Rate,2021,0.19494911201999998,0.26910990092000003,0.151179793
1,All Population,5,Prevalence,79,Finland,3,Both,22,All ages,557,Other neurological disorders,3,Rate,2020,0.28903083672,0.38807234415999997,0.22570148864999998
1,All Population,5,Prevalence,54,Slovakia,3,Both,22,All ages,557,Other neurological disorders,3,Rate,2019,0.26894149925,0.36981307312,0.20032004935
1,All Population,5,Prevalence,67,Japan,3,Both,22,All ages,557,Other neurological disorders,3,Rate,2019,0.69604166332,0.9244627083,0.5437375371200001
1,All Population,5,Prevalence,178,Eritrea,3,Both,22,All ages,557,Other neurological disorders,3,Rate,2019,0.20858020781,0.26996711591,0.15245285468
1,All Population,5,Prevalence,133,Venezuela (Bolivarian Republic of),3,Both,22,All ages,557,Other neurological disorders,3,Rate,2019,0.38825027111999993,0.50041603606,0.28930758887999997
1,All Population,5,Prevalence,87,Luxembourg,3,Both,22,All ages,557,Other neurological disorders,3,Rate,2021,0.36431025071,0.5038468338100001,0.27320645855
1,All Population,5,Prevalence,98,Chile,3,Both,22,All ages,557,Other neurological disorders,3,Rate,2021,0.43538181475,0.56642382258,0.33137556821
1,All Population,5,Prevalence,101,Canada,3,Both,22,All ages,557,Other neurological disorders,3,Rate,2019,0.34684752269,0.47614485049,0.24984032828
1,All Population,5,Prevalence,132,Panama,3,Both,22,All ages,557,Other neurological disorders,3,Rate,2021,0.37297926041,0.49612400580000005,0.27928828474
1,All Population,5,Prevalence,10,Cambodia,3,Both,22,All ages,557,Other neurological disorders,3,Rate,2021,0.11931071679,0.16171955747,0.08818090558
1,All Population,5,Prevalence,55,Slovenia,3,Both,22,All ages,557,Other neurological disorders,3,Rate,2021,0.26741522875,0.36618022942,0.19603197810000003
1,All Population,5,Prevalence,146,Lebanon,3,Both,22,All ages,557,Other neurological disorders,3,Rate,2019,0.22438514861,0.29387591978,0.17216340791999998
1,All Population,5,Prevalence,126,Costa Rica,3,Both,22,All ages,557,Other neurological disorders,3,Rate,2020,0.37624993969,0.50319780706,0.27686145908
1,All Population,5,Prevalence,114,Haiti,3,Both,22,All ages,557,Other neurological disorders,3,Rate,2019,0.354635226,0.44995385278,0.25832681845
1,All Population,5,Prevalence,23,Kiribati,3,Both,22,All ages,557,Other neurological disorders,3,Rate,2021,0.16199203326,0.21876837848,0.11594921385000001
1,All Population,5,Prevalence,66,Brunei Darussalam,3,Both,22,All ages,557,Other neurological disorders,3,Rate,2021,0.56801129617,0.7767777373799999,0.42581338678999997
1,All Population,5,Prevalence,179,Ethiopia,3,Both,22,All ages,557,Other neurological disorders,3,Rate,2021,0.2004153228,0.26513121664,0.14381314842
1,All Population,5,Prevalence,12,Lao People's Democratic Republic,3,Both,22,All ages,557,Other neurological disorders,3,Rate,2021,0.11496094763999999,0.15498377277,0.08313355131
1,All Population,5,Prevalence,135,Brazil,3,Both,22,All ages,557,Other neurological disorders,3,Rate,2019,0.22202220919,0.28485509275,0.17311039471
1,All Population,5,Prevalence,180,Kenya,3,Both,22,All ages,557,Other neurological disorders,3,Rate,2019,0.20351369315,0.26019062462000003,0.14787517664
1,All Population,5,Prevalence,145,Kuwait,3,Both,22,All ages,557,Other neurological disorders,3,Rate,2021,0.21991643006000003,0.29831783459,0.15593012191
1,All Population,5,Prevalence,57,Belarus,3,Both,22,All ages,557,Other neurological disorders,3,Rate,2021,0.29645391441,0.3984441909,0.21783116451999998
1,All Population,5,Prevalence,194,Lesotho,3,Both,22,All ages,557,Other neurological disorders,3,Rate,2019,0.23922339856000002,0.30515697151,0.17459268927
1,All Population,5,Prevalence,181,Madagascar,3,Both,22,All ages,557,Other neurological disorders,3,Rate,2021,0.19162702719,0.25198584363,0.13872353139
1,All Population,5,Prevalence,25,Micronesia (Federated States of),3,Both,22,All ages,557,Other neurological disorders,3,Rate,2021,0.17264158052,0.23566344172,0.12450750099
1,All Population,5,Prevalence,102,United States of America,3,Both,22,All ages,557,Other neurological disorders,3,Rate,2021,0.40980251495000003,0.51982817253,0.32384091818
1,All Population,5,Prevalence,113,Guyana,3,Both,22,All ages,557,Other neurological disorders,3,Rate,2021,0.37335233257,0.49883992436,0.27152056581
1,All Population,5,Prevalence,193,Botswana,3,Both,22,All ages,557,Other neurological disorders,3,Rate,2021,0.23271229525,0.30259461342,0.16978086469
1,All Population,5,Prevalence,68,Republic of Korea,3,Both,22,All ages,557,Other neurological disorders,3,Rate,2021,0.50578747713,0.6254420318899999,0.40245545572
1,All Population,5,Prevalence,147,Libya,3,Both,22,All ages,557,Other neurological disorders,3,Rate,2021,0.23500745183,0.31430912878,0.16823909469
1,All Population,5,Prevalence,148,Morocco,3,Both,22,All ages,557,Other neurological disorders,3,Rate,2019,0.24133950647,0.31935418496,0.17910968019999998
1,All Population,5,Prevalence,161,Bangladesh,3,Both,22,All ages,557,Other neurological disorders,3,Rate,2019,0.2115364003,0.27396068824,0.15313710304
1,All Population,5,Prevalence,369,Nauru,3,Both,22,All ages,557,Other neurological disorders,3,Rate,2021,0.15440083384,0.20526296390999998,0.10942394676
1,All Population,5,Prevalence,206,Gambia,3,Both,22,All ages,557,Other neurological disorders,3,Rate,2021,0.21093530459999998,0.27483522856,0.15339521603
1,All Population,5,Prevalence,207,Ghana,3,Both,22,All ages,557,Other neurological disorders,3,Rate,2019,0.23102046055000003,0.29686297167,0.16725892
1,All Population,5,Prevalence,435,South Sudan,3,Both,22,All ages,557,Other neurological disorders,3,Rate,2019,0.20558883682999998,0.27133775437999996,0.14505820496
1,All Population,5,Prevalence,160,Afghanistan,3,Both,22,All ages,557,Other neurological disorders,3,Rate,2021,0.20132489574,0.27002903055,0.14300822237
1,All Population,5,Prevalence,195,Namibia,3,Both,22,All ages,557,Other neurological disorders,3,Rate,2021,0.22231475827,0.29361766334,0.16189997095
1,All Population,5,Prevalence,83,Iceland,3,Both,22,All ages,557,Other neurological disorders,3,Rate,2021,0.34845220432,0.48444071883000006,0.26241088074
1,All Population,5,Prevalence,149,Palestine,3,Both,22,All ages,557,Other neurological disorders,3,Rate,2021,0.21421835598,0.28559659797000003,0.15663243448
1,All Population,5,Prevalence,196,South Africa,3,Both,22,All ages,557,Other neurological disorders,3,Rate,2019,0.26811213970000003,0.34996479608,0.19886407420000002
1,All Population,5,Prevalence,115,Jamaica,3,Both,22,All ages,557,Other neurological disorders,3,Rate,2021,0.39975077737000003,0.53910400619,0.29879707949
1,All Population,5,Prevalence,367,Monaco,3,Both,22,All ages,557,Other neurological disorders,3,Rate,2019,0.45048041478,0.61623268178,0.33993614406
1,All Population,5,Prevalence,208,Guinea,3,Both,22,All ages,557,Other neurological disorders,3,Rate,2021,0.20701230651,0.27612029761,0.15249463487
1,All Population,5,Prevalence,162,Bhutan,3,Both,22,All ages,557,Other neurological disorders,3,Rate,2021,0.20970040543000001,0.28665582963,0.15382507954
1,All Population,5,Prevalence,376,Northern Mariana Islands,3,Both,22,All ages,557,Other neurological disorders,3,Rate,2021,0.19760316735999997,0.27205492406,0.13904142013
1,All Population,5,Prevalence,85,Israel,3,Both,22,All ages,557,Other neurological disorders,3,Rate,2021,0.32059721465,0.44281081115,0.24404403327000002
1,All Population,5,Prevalence,209,Guinea-Bissau,3,Both,22,All ages,557,Other neurological disorders,3,Rate,2019,0.21582218282,0.27916858678,0.15814335695999998
1,All Population,5,Prevalence,150,Oman,3,Both,22,All ages,557,Other neurological disorders,3,Rate,2019,0.22092080075,0.28653398928999996,0.16390519439
1,All Population,5,Prevalence,72,New Zealand,3,Both,22,All ages,557,Other neurological disorders,3,Rate,2021,0.36917603437,0.48485557078999997,0.2824597157
1,All Population,5,Prevalence,36,Kazakhstan,3,Both,22,All ages,557,Other neurological disorders,3,Rate,2021,0.28339915632,0.38326769259000004,0.21039320466
1,All Population,5,Prevalence,197,Eswatini,3,Both,22,All ages,557,Other neurological disorders,3,Rate,2021,0.22355783131,0.29673267917,0.16075650241
1,All Population,5,Prevalence,117,Saint Vincent and the Grenadines,3,Both,22,All ages,557,Other neurological disorders,3,Rate,2021,0.42064317883,0.56567474186,0.31190204963999996
1,All Population,5,Prevalence,210,Liberia,3,Both,22,All ages,557,Other neurological disorders,3,Rate,2021,0.21474963441,0.28642532748,0.15230597732
1,All Population,5,Prevalence,175,Burundi,3,Both,22,All ages,557,Other neurological disorders,3,Rate,2021,0.18734767252,0.24594529007000002,0.13540588167
1,All Population,5,Prevalence,164,Nepal,3,Both,22,All ages,557,Other neurological disorders,3,Rate,2021,0.17803021968,0.24355266763,0.13057766826
1,All Population,5,Prevalence,128,Guatemala,3,Both,22,All ages,557,Other neurological disorders,3,Rate,2021,0.33299135662,0.44692355921,0.24889451084
1,All Population,5,Prevalence,38,Mongolia,3,Both,22,All ages,557,Other neurological disorders,3,Rate,2021,0.26599557995,0.3541705177,0.19194778052
1,All Population,5,Prevalence,212,Mauritania,3,Both,22,All ages,557,Other neurological disorders,3,Rate,2021,0.21454465327999997,0.28245390225,0.15961553597
1,All Population,5,Prevalence,374,Niue,3,Both,22,All ages,557,Other neurological disorders,3,Rate,2019,0.21474758563,0.29244877573,0.1593582616
1,All Population,5,Prevalence,119,Trinidad and Tobago,3,Both,22,All ages,557,Other neurological disorders,3,Rate,2021,0.4277831183,0.57614146891,0.31602512596
1,All Population,5,Prevalence,39,Tajikistan,3,Both,22,All ages,557,Other neurological disorders,3,Rate,2020,0.25634718055,0.33507395909,0.18732838368
1,All Population,5,Prevalence,177,Djibouti,3,Both,22,All ages,557,Other neurological disorders,3,Rate,2021,0.20581813326,0.27810593152,0.14748559526
1,All Population,5,Prevalence,130,Mexico,3,Both,22,All ages,557,Other neurological disorders,3,Rate,2021,0.37759787405,0.49462182282000006,0.2908133531
1,All Population,5,Prevalence,143,Iraq,3,Both,22,All ages,557,Other neurological disorders,3,Rate,2021,0.21479806132999998,0.28914471458,0.15610131033
1,All Population,5,Prevalence,191,Zambia,3,Both,22,All ages,557,Other neurological disorders,3,Rate,2021,0.18431856667,0.24278206694,0.13211050688
1,All Population,5,Prevalence,351,Guam,3,Both,22,All ages,557,Other neurological disorders,3,Rate,2021,0.20256966959,0.27396773299,0.15033080743
1,All Population,5,Prevalence,10,Cambodia,3,Both,22,All ages,557,Other neurological disorders,3,Rate,2022,0.12001070497,0.16259425833,0.08871998092000001
1,All Population,5,Prevalence,380,Palau,3,Both,22,All ages,557,Other neurological disorders,3,Rate,2019,0.21495622216,0.29246847327000003,0.15837754927
1,All Population,5,Prevalence,7,Democratic People's Republic of Korea,3,Both,22,All ages,557,Other neurological disorders,3,Rate,2020,0.21027907426,0.28589460802,0.15562130630999998
1,All Population,5,Prevalence,52,Romania,3,Both,22,All ages,557,Other neurological disorders,3,Rate,2020,0.26009098126999997,0.35544652488,0.19059451661000001
1,All Population,5,Prevalence,41,Uzbekistan,3,Both,22,All ages,557,Other neurological disorders,3,Rate,2020,0.26795101063,0.35476708508,0.19813033284
1,All Population,5,Prevalence,68,Republic of Korea,3,Both,22,All ages,557,Other neurological disorders,3,Rate,2022,0.51365373918,0.6371475434,0.40848927619000003
1,All Population,5,Prevalence,86,Italy,3,Both,22,All ages,557,Other neurological disorders,3,Rate,2020,0.49745553579999996,0.65237762875,0.38013645013999997
1,All Population,5,Prevalence,57,Belarus,3,Both,22,All ages,557,Other neurological disorders,3,Rate,2022,0.29783420664,0.40179632606,0.21868554452999997
1,All Population,5,Prevalence,20,Viet Nam,3,Both,22,All ages,557,Other neurological disorders,3,Rate,2020,0.12946420058,0.17924267348,0.09678220533
1,All Population,5,Prevalence,12,Lao People's Democratic Republic,3,Both,22,All ages,557,Other neurological disorders,3,Rate,2022,0.11557410466000001,0.15573890681,0.08371322263
1,All Population,5,Prevalence,23,Kiribati,3,Both,22,All ages,557,Other neurological disorders,3,Rate,2022,0.16255371833,0.21972604312,0.11643256164
1,All Population,5,Prevalence,99,Uruguay,3,Both,22,All ages,557,Other neurological disorders,3,Rate,2020,0.29566125641,0.39450266944,0.22878362221
1,All Population,5,Prevalence,115,Jamaica,3,Both,22,All ages,557,Other neurological disorders,3,Rate,2022,0.40146264499,0.54114970419,0.30031571216
1,All Population,5,Prevalence,22,Fiji,3,Both,22,All ages,557,Other neurological disorders,3,Rate,2020,0.17808119958,0.24055644896000003,0.12994687421
1,All Population,5,Prevalence,88,Malta,3,Both,22,All ages,557,Other neurological disorders,3,Rate,2020,0.38391073443,0.53555619157,0.28459680127
1,All Population,5,Prevalence,36,Kazakhstan,3,Both,22,All ages,557,Other neurological disorders,3,Rate,2022,0.28456096902,0.38495841775,0.21158988837
1,All Population,5,Prevalence,128,Guatemala,3,Both,22,All ages,557,Other neurological disorders,3,Rate,2022,0.33399470171,0.44812683328,0.2495720226
1,All Population,5,Prevalence,162,Bhutan,3,Both,22,All ages,557,Other neurological disorders,3,Rate,2022,0.21139715832,0.28867967936,0.15529395903999998
1,All Population,5,Prevalence,54,Slovakia,3,Both,22,All ages,557,Other neurological disorders,3,Rate,2020,0.25504044309,0.35210455573,0.18892807422
1,All Population,5,Prevalence,101,Canada,3,Both,22,All ages,557,Other neurological disorders,3,Rate,2020,0.32778851552000005,0.45192374586,0.23646915827999998
1,All Population,5,Prevalence,25,Micronesia (Federated States of),3,Both,22,All ages,557,Other neurological disorders,3,Rate,2022,0.17350420526,0.23695367138,0.12533106284
1,All Population,5,Prevalence,11,Indonesia,3,Both,22,All ages,557,Other neurological disorders,3,Rate,2020,0.12963451978999999,0.17293419540000002,0.09353240637
1,All Population,5,Prevalence,83,Iceland,3,Both,22,All ages,557,Other neurological disorders,3,Rate,2022,0.34968878059,0.48518798527,0.26027753712
1,All Population,5,Prevalence,67,Japan,3,Both,22,All ages,557,Other neurological disorders,3,Rate,2020,0.6570404268100001,0.87017363501,0.51256707661
1,All Population,5,Prevalence,38,Mongolia,3,Both,22,All ages,557,Other neurological disorders,3,Rate,2022,0.26748915647000004,0.35706542151,0.19285287520999997
1,All Population,5,Prevalence,24,Marshall Islands,3,Both,22,All ages,557,Other neurological disorders,3,Rate,2020,0.16381457521,0.22103182082,0.1164606108
1,All Population,5,Prevalence,117,Saint Vincent and the Grenadines,3,Both,22,All ages,557,Other neurological disorders,3,Rate,2022,0.42382871476,0.56940911505,0.31378348054
1,All Population,5,Prevalence,72,New Zealand,3,Both,22,All ages,557,Other neurological disorders,3,Rate,2022,0.37248275458,0.49310416442000005,0.28709210591
1,All Population,5,Prevalence,130,Mexico,3,Both,22,All ages,557,Other neurological disorders,3,Rate,2022,0.37960406900000004,0.49709028773999997,0.29220939969
1,All Population,5,Prevalence,164,Nepal,3,Both,22,All ages,557,Other neurological disorders,3,Rate,2022,0.17902709702,0.24544974047,0.13139563736
1,All Population,5,Prevalence,175,Burundi,3,Both,22,All ages,557,Other neurological disorders,3,Rate,2022,0.18770419453,0.24680697821,0.13565335267
1,All Population,5,Prevalence,98,Chile,3,Both,22,All ages,557,Other neurological disorders,3,Rate,2022,0.45419932916,0.5913019092,0.34618969647000003
1,All Population,5,Prevalence,85,Israel,3,Both,22,All ages,557,Other neurological disorders,3,Rate,2022,0.32191017547,0.43528049664999996,0.24568419865000002
1,All Population,5,Prevalence,210,Liberia,3,Both,22,All ages,557,Other neurological disorders,3,Rate,2022,0.21554460592000002,0.28821372118,0.15316782416
1,All Population,5,Prevalence,40,Turkmenistan,3,Both,22,All ages,557,Other neurological disorders,3,Rate,2022,0.26990955174000003,0.35891277835,0.19599651225
1,All Population,5,Prevalence,119,Trinidad and Tobago,3,Both,22,All ages,557,Other neurological disorders,3,Rate,2022,0.42992589537,0.5800256476000001,0.317818449
1,All Population,5,Prevalence,169,Central African Republic,3,Both,22,All ages,557,Other neurological disorders,3,Rate,2020,0.20326822582,0.2711752054,0.14620477208
1,All Population,5,Prevalence,69,Singapore,3,Both,22,All ages,557,Other neurological disorders,3,Rate,2020,0.45186089201,0.57224542807,0.35014460724
1,All Population,5,Prevalence,114,Haiti,3,Both,22,All ages,557,Other neurological disorders,3,Rate,2020,0.33544448658000003,0.44148405576,0.2394901389
1,All Population,5,Prevalence,51,Poland,3,Both,22,All ages,557,Other neurological disorders,3,Rate,2022,0.24667729843,0.32722392005,0.18696623596
1,All Population,5,Prevalence,132,Panama,3,Both,22,All ages,557,Other neurological disorders,3,Rate,2022,0.37516304337,0.49860189004,0.28120101747
1,All Population,5,Prevalence,26,Papua New Guinea,3,Both,22,All ages,557,Other neurological disorders,3,Rate,2020,0.15642281882,0.20945357129999997,0.11101092981999999
1,All Population,5,Prevalence,177,Djibouti,3,Both,22,All ages,557,Other neurological disorders,3,Rate,2022,0.20668388348,0.27989106643,0.14803596466
1,All Population,5,Prevalence,27,Samoa,3,Both,22,All ages,557,Other neurological disorders,3,Rate,2022,0.16985005282,0.22784532026,0.1250511878
1,All Population,5,Prevalence,37,Kyrgyzstan,3,Both,22,All ages,557,Other neurological disorders,3,Rate,2020,0.26590662007000004,0.34953490177999996,0.19114442227
1,All Population,5,Prevalence,87,Luxembourg,3,Both,22,All ages,557,Other neurological disorders,3,Rate,2022,0.36566100095,0.51187184289,0.27290551514
1,All Population,5,Prevalence,143,Iraq,3,Both,22,All ages,557,Other neurological disorders,3,Rate,2022,0.21535667277999998,0.28906417977,0.15661241226
1,All Population,5,Prevalence,58,Estonia,3,Both,22,All ages,557,Other neurological disorders,3,Rate,2020,0.30531079551,0.421766661,0.22756501510000002
1,All Population,5,Prevalence,6,China,3,Both,22,All ages,557,Other neurological disorders,3,Rate,2022,0.20478664978,0.27929322646,0.15034531905
1,All Population,5,Prevalence,171,Democratic Republic of the Congo,3,Both,22,All ages,557,Other neurological disorders,3,Rate,2020,0.20798914140000002,0.27393286834,0.15048495846999999
1,All Population,5,Prevalence,71,Australia,3,Both,22,All ages,557,Other neurological disorders,3,Rate,2020,0.34919431174,0.48389122907,0.26452778646999997
1,All Population,5,Prevalence,179,Ethiopia,3,Both,22,All ages,557,Other neurological disorders,3,Rate,2022,0.20083208097000002,0.26574818759999996,0.14416441717
1,All Population,5,Prevalence,191,Zambia,3,Both,22,All ages,557,Other neurological disorders,3,Rate,2022,0.18486939721,0.24378977367000002,0.13245649682
1,All Population,5,Prevalence,116,Saint Lucia,3,Both,22,All ages,557,Other neurological disorders,3,Rate,2020,0.42173009922000004,0.56297274181,0.31184147111
1,All Population,5,Prevalence,53,Serbia,3,Both,22,All ages,557,Other neurological disorders,3,Rate,2022,0.19469920859,0.26880612908,0.15071141697
1,All Population,5,Prevalence,113,Guyana,3,Both,22,All ages,557,Other neurological disorders,3,Rate,2022,0.37478958432000004,0.5009590711,0.2729881063
1,All Population,5,Prevalence,82,Greece,3,Both,22,All ages,557,Other neurological disorders,3,Rate,2020,0.36396359567000003,0.51879747266,0.27001659622
1,All Population,5,Prevalence,212,Mauritania,3,Both,22,All ages,557,Other neurological disorders,3,Rate,2022,0.21506111635,0.28297773262,0.15984800690999998
1,All Population,5,Prevalence,129,Honduras,3,Both,22,All ages,557,Other neurological disorders,3,Rate,2020,0.31141907261,0.41424594063,0.23250700926999998
1,All Population,5,Prevalence,351,Guam,3,Both,22,All ages,557,Other neurological disorders,3,Rate,2022,0.20422984091,0.27686667075,0.15175572223
1,All Population,5,Prevalence,102,United States of America,3,Both,22,All ages,557,Other neurological disorders,3,Rate,2022,0.41877642652999997,0.53076252378,0.32870706657
1,All Population,5,Prevalence,173,Gabon,3,Both,22,All ages,557,Other neurological disorders,3,Rate,2020,0.22669223297000002,0.30458051335,0.1660210318
1,All Population,5,Prevalence,181,Madagascar,3,Both,22,All ages,557,Other neurological disorders,3,Rate,2022,0.19210878632,0.25264594784,0.13918479553
1,All Population,5,Prevalence,8,Taiwan,3,Both,22,All ages,557,Other neurological disorders,3,Rate,2022,0.25943471718,0.33546803592999996,0.19297005873
1,All Population,5,Prevalence,145,Kuwait,3,Both,22,All ages,557,Other neurological disorders,3,Rate,2022,0.22162546163,0.30046313965,0.15766865395000002
1,All Population,5,Prevalence,193,Botswana,3,Both,22,All ages,557,Other neurological disorders,3,Rate,2022,0.23371565246,0.30441698349,0.17051295787
1,All Population,5,Prevalence,66,Brunei Darussalam,3,Both,22,All ages,557,Other neurological disorders,3,Rate,2022,0.5738503989,0.79076738667,0.43129334625
1,All Population,5,Prevalence,55,Slovenia,3,Both,22,All ages,557,Other neurological disorders,3,Rate,2022,0.2683715158,0.36797659308999997,0.19684884594
1,All Population,5,Prevalence,522,Sudan,3,Both,22,All ages,557,Other neurological disorders,3,Rate,2019,0.22701368692,0.30330734967,0.16587211458
1,All Population,5,Prevalence,131,Nicaragua,3,Both,22,All ages,557,Other neurological disorders,3,Rate,2020,0.34005272709,0.45041659732999995,0.25080095094
1,All Population,5,Prevalence,118,Suriname,3,Both,22,All ages,557,Other neurological disorders,3,Rate,2020,0.39553157024999996,0.5486943766700001,0.29102599078
1,All Population,5,Prevalence,84,Ireland,3,Both,22,All ages,557,Other neurological disorders,3,Rate,2020,0.35449919968,0.49236967567000006,0.27101422151
1,All Population,5,Prevalence,33,Armenia,3,Both,22,All ages,557,Other neurological disorders,3,Rate,2020,0.31953797711,0.43423345367999994,0.23728783891
1,All Population,5,Prevalence,195,Namibia,3,Both,22,All ages,557,Other neurological disorders,3,Rate,2022,0.22274377953000002,0.2944130081,0.16209240535
1,All Population,5,Prevalence,44,Bosnia and Herzegovina,3,Both,22,All ages,557,Other neurological disorders,3,Rate,2020,0.23113024987,0.32464861085,0.17353330961
1,All Population,5,Prevalence,160,Afghanistan,3,Both,22,All ages,557,Other neurological disorders,3,Rate,2022,0.20141151889999998,0.27063597712,0.14307026544999998
1,All Population,5,Prevalence,206,Gambia,3,Both,22,All ages,557,Other neurological disorders,3,Rate,2022,0.21141785357999998,0.2751912884,0.15361361226
1,All Population,5,Prevalence,97,Argentina,3,Both,22,All ages,557,Other neurological disorders,3,Rate,2020,0.27841337786000003,0.37721357747,0.21139397939000001
1,All Population,5,Prevalence,147,Libya,3,Both,22,All ages,557,Other neurological disorders,3,Rate,2022,0.23613072234000002,0.31617250105,0.16928537556
1,All Population,5,Prevalence,35,Georgia,3,Both,22,All ages,557,Other neurological disorders,3,Rate,2020,0.31770996768,0.42021698634,0.24025035799
1,All Population,5,Prevalence,197,Eswatini,3,Both,22,All ages,557,Other neurological disorders,3,Rate,2022,0.22455729561,0.2980070574,0.16137147547
1,All Population,5,Prevalence,46,Croatia,3,Both,22,All ages,557,Other neurological disorders,3,Rate,2020,0.26821564538,0.37421784725999996,0.20002277806
1,All Population,5,Prevalence,208,Guinea,3,Both,22,All ages,557,Other neurological disorders,3,Rate,2022,0.20719931932000002,0.27634614097,0.15255686109
1,All Population,5,Prevalence,369,Nauru,3,Both,22,All ages,557,Other neurological disorders,3,Rate,2022,0.15492915505,0.20608205541,0.10978976829
1,All Population,5,Prevalence,14,Maldives,3,Both,22,All ages,557,Other neurological disorders,3,Rate,2020,0.12380740857999999,0.16592047826,0.0892170375
1,All Population,5,Prevalence,48,Hungary,3,Both,22,All ages,557,Other neurological disorders,3,Rate,2020,0.26016354907,0.3512100926,0.19047991477
1,All Population,5,Prevalence,80,France,3,Both,22,All ages,557,Other neurological disorders,3,Rate,2020,0.35227436572000004,0.46991394918000007,0.26966483108
1,All Population,5,Prevalence,149,Palestine,3,Both,22,All ages,557,Other neurological disorders,3,Rate,2022,0.21478324795,0.28574060771000004,0.15711290369
1,All Population,5,Prevalence,91,Portugal,3,Both,22,All ages,557,Other neurological disorders,3,Rate,2020,0.46542415514,0.64691919572,0.34824187377
1,All Population,5,Prevalence,59,Latvia,3,Both,22,All ages,557,Other neurological disorders,3,Rate,2020,0.30735358309,0.42569106533,0.22682644086999998
1,All Population,5,Prevalence,16,Philippines,3,Both,22,All ages,557,Other neurological disorders,3,Rate,2020,0.13798454193,0.1852674872,0.10071662500999999
1,All Population,5,Prevalence,38,Mongolia,3,Both,22,All ages,557,Other neurological disorders,3,Rate,2023,0.26906721443000003,0.36004708489,0.19382751937
1,All Population,5,Prevalence,93,Sweden,3,Both,22,All ages,557,Other neurological disorders,3,Rate,2020,0.3643154453,0.48534067968,0.28027356685
1,All Population,5,Prevalence,127,El Salvador,3,Both,22,All ages,557,Other neurological disorders,3,Rate,2020,0.33620621666,0.44860474129,0.253075312
1,All Population,5,Prevalence,376,Northern Mariana Islands,3,Both,22,All ages,557,Other neurological disorders,3,Rate,2022,0.19821574097000003,0.27280731023,0.13998157038
1,All Population,5,Prevalence,50,Montenegro,3,Both,22,All ages,557,Other neurological disorders,3,Rate,2020,0.22542792169000003,0.31586990043,0.16809258355
1,All Population,5,Prevalence,27,Samoa,3,Both,22,All ages,557,Other neurological disorders,3,Rate,2023,0.17037876869,0.22836540675,0.12557481400999998
1,All Population,5,Prevalence,61,Republic of Moldova,3,Both,22,All ages,557,Other neurological disorders,3,Rate,2020,0.29447330666,0.39544273109000005,0.21733404897000003
1,All Population,5,Prevalence,133,Venezuela (Bolivarian Republic of),3,Both,22,All ages,557,Other neurological disorders,3,Rate,2020,0.37490062825,0.50845562794,0.27997218256
1,All Population,5,Prevalence,140,Bahrain,3,Both,22,All ages,557,Other neurological disorders,3,Rate,2020,0.22126881031,0.29752656187,0.1614208761
1,All Population,5,Prevalence,151,Qatar,3,Both,22,All ages,557,Other neurological disorders,3,Rate,2020,0.21151969816000002,0.29166811246,0.15308798026
1,All Population,5,Prevalence,186,Seychelles,3,Both,22,All ages,557,Other neurological disorders,3,Rate,2020,0.13548441677,0.18667633479,0.09976314158
1,All Population,5,Prevalence,18,Thailand,3,Both,22,All ages,557,Other neurological disorders,3,Rate,2020,0.10653392389,0.1419514185,0.08096192328
1,All Population,5,Prevalence,85,Israel,3,Both,22,All ages,557,Other neurological disorders,3,Rate,2023,0.32591116544,0.45201494384,0.24883220059
1,All Population,5,Prevalence,40,Turkmenistan,3,Both,22,All ages,557,Other neurological disorders,3,Rate,2023,0.27125584562,0.36113164711,0.19736168528
1,All Population,5,Prevalence,6,China,3,Both,22,All ages,557,Other neurological disorders,3,Rate,2023,0.20708729508999998,0.28270221956,0.15111671227999998
1,All Population,5,Prevalence,29,Tonga,3,Both,22,All ages,557,Other neurological disorders,3,Rate,2020,0.17105372874,0.2251570887,0.12405230515999999
1,All Population,5,Prevalence,135,Brazil,3,Both,22,All ages,557,Other neurological disorders,3,Rate,2020,0.21245942243000002,0.28265082149,0.16325461236
1,All Population,5,Prevalence,106,Bahamas,3,Both,22,All ages,557,Other neurological disorders,3,Rate,2020,0.39603412951000005,0.53507085968,0.29069138255
1,All Population,5,Prevalence,95,United Kingdom,3,Both,22,All ages,557,Other neurological disorders,3,Rate,2020,0.16255158064,0.22455903914999997,0.12570680972
1,All Population,5,Prevalence,146,Lebanon,3,Both,22,All ages,557,Other neurological disorders,3,Rate,2020,0.21224570643000001,0.29175699929,0.16122013672
1,All Population,5,Prevalence,51,Poland,3,Both,22,All ages,557,Other neurological disorders,3,Rate,2023,0.24735654412,0.32850989744,0.18738002907
1,All Population,5,Prevalence,185,Rwanda,3,Both,22,All ages,557,Other neurological disorders,3,Rate,2020,0.19687511852,0.25988833194,0.14453838457
1,All Population,5,Prevalence,63,Ukraine,3,Both,22,All ages,557,Other neurological disorders,3,Rate,2020,0.3149962651,0.42549083119000003,0.23145916704000002
1,All Population,5,Prevalence,8,Taiwan,3,Both,22,All ages,557,Other neurological disorders,3,Rate,2023,0.26652954823999997,0.34234309657,0.20348836323000002
1,All Population,5,Prevalence,143,Iraq,3,Both,22,All ages,557,Other neurological disorders,3,Rate,2023,0.21594215886,0.28897678011,0.1569250693
1,All Population,5,Prevalence,189,United Republic of Tanzania,3,Both,22,All ages,557,Other neurological disorders,3,Rate,2020,0.20454612355,0.26762695069,0.14870667849
1,All Population,5,Prevalence,132,Panama,3,Both,22,All ages,557,Other neurological disorders,3,Rate,2023,0.37413254897,0.49765553358,0.2809187923
1,All Population,5,Prevalence,87,Luxembourg,3,Both,22,All ages,557,Other neurological disorders,3,Rate,2023,0.36910537558,0.51129074947,0.27526023477
1,All Population,5,Prevalence,74,Andorra,3,Both,22,All ages,557,Other neurological disorders,3,Rate,2020,0.38647397113,0.53061011136,0.29272474486
1,All Population,5,Prevalence,153,Syrian Arab Republic,3,Both,22,All ages,557,Other neurological disorders,3,Rate,2020,0.22735302554,0.31514551230000004,0.16305229622
1,All Population,5,Prevalence,98,Chile,3,Both,22,All ages,557,Other neurological disorders,3,Rate,2023,0.4629966382,0.6132713024700001,0.35017955408
1,All Population,5,Prevalence,108,Belize,3,Both,22,All ages,557,Other neurological disorders,3,Rate,2020,0.36152022114,0.48089776228000003,0.25726274317000003
1,All Population,5,Prevalence,305,Bermuda,3,Both,22,All ages,557,Other neurological disorders,3,Rate,2020,0.48479529017,0.65558298167,0.35670748308
1,All Population,5,Prevalence,200,Benin,3,Both,22,All ages,557,Other neurological disorders,3,Rate,2020,0.20487537231,0.26769766947,0.14734609899
1,All Population,5,Prevalence,148,Morocco,3,Both,22,All ages,557,Other neurological disorders,3,Rate,2020,0.22874124696,0.31306769543999996,0.17316996764999998
1,All Population,5,Prevalence,142,Iran (Islamic Republic of),3,Both,22,All ages,557,Other neurological disorders,3,Rate,2020,0.16811120505,0.22987626534000002,0.12271444398
1,All Population,5,Prevalence,121,Bolivia (Plurinational State of),3,Both,22,All ages,557,Other neurological disorders,3,Rate,2020,0.27847105795,0.36641776643,0.20688941961
1,All Population,5,Prevalence,187,Somalia,3,Both,22,All ages,557,Other neurological disorders,3,Rate,2020,0.18680474437,0.24554210495,0.13380609358
1,All Population,5,Prevalence,89,Netherlands,3,Both,22,All ages,557,Other neurological disorders,3,Rate,2020,0.38279091079,0.53546534526,0.28254740978
1,All Population,5,Prevalence,76,Belgium,3,Both,22,All ages,557,Other neurological disorders,3,Rate,2020,0.3823219431,0.52066905922,0.28825716685999997
1,All Population,5,Prevalence,155,Türkiye,3,Both,22,All ages,557,Other neurological disorders,3,Rate,2020,0.26483954752,0.35442254117,0.19774428376000003
1,All Population,5,Prevalence,320,Cook Islands,3,Both,22,All ages,557,Other neurological disorders,3,Rate,2020,0.20255723413,0.28342250536999997,0.15070140588
1,All Population,5,Prevalence,201,Burkina Faso,3,Both,22,All ages,557,Other neurological disorders,3,Rate,2020,0.20428639468999998,0.26793387115,0.14987545202
1,All Population,5,Prevalence,10,Cambodia,3,Both,22,All ages,557,Other neurological disorders,3,Rate,2023,0.12073075711,0.16354876323,0.08932445791
1,All Population,5,Prevalence,110,Dominica,3,Both,22,All ages,557,Other neurological disorders,3,Rate,2020,0.42394528335000004,0.5715136616000001,0.31334077392
1,All Population,5,Prevalence,396,San Marino,3,Both,22,All ages,557,Other neurological disorders,3,Rate,2020,0.40525802446,0.5667110022499999,0.30685810249
1,All Population,5,Prevalence,349,Greenland,3,Both,22,All ages,557,Other neurological disorders,3,Rate,2020,0.31102039377999996,0.42669208775,0.23292726283
1,All Population,5,Prevalence,179,Ethiopia,3,Both,22,All ages,557,Other neurological disorders,3,Rate,2023,0.20134200479,0.2664504438,0.14454645567
1,All Population,5,Prevalence,145,Kuwait,3,Both,22,All ages,557,Other neurological disorders,3,Rate,2023,0.22341339067000002,0.30303725678,0.15959927574
1,All Population,5,Prevalence,123,Peru,3,Both,22,All ages,557,Other neurological disorders,3,Rate,2020,0.26436875334,0.34013415008,0.19796306245
1,All Population,5,Prevalence,157,Yemen,3,Both,22,All ages,557,Other neurological disorders,3,Rate,2020,0.2086846937,0.27970619506,0.14913895987
1,All Population,5,Prevalence,168,Angola,3,Both,22,All ages,557,Other neurological disorders,3,Rate,2020,0.20272631642,0.27245838592,0.14781780826
1,All Population,5,Prevalence,203,Cabo Verde,3,Both,22,All ages,557,Other neurological disorders,3,Rate,2020,0.24475988660999998,0.32814996007,0.17973288097
1,All Population,5,Prevalence,213,Niger,3,Both,22,All ages,557,Other neurological disorders,3,Rate,2020,0.19564276197,0.25811164669,0.14042697761
1,All Population,5,Prevalence,53,Serbia,3,Both,22,All ages,557,Other neurological disorders,3,Rate,2023,0.19508594937,0.26914539271,0.15103709074000002
1,All Population,5,Prevalence,78,Denmark,3,Both,22,All ages,557,Other neurological disorders,3,Rate,2020,0.29949693597,0.38055766432,0.23280187664
1,All Population,5,Prevalence,66,Brunei Darussalam,3,Both,22,All ages,557,Other neurological disorders,3,Rate,2023,0.5780891888399999,0.79636225079,0.42702872864999997
1,All Population,5,Prevalence,112,Grenada,3,Both,22,All ages,557,Other neurological disorders,3,Rate,2020,0.42039663118,0.56377174576,0.31241204611
1,All Population,5,Prevalence,161,Bangladesh,3,Both,22,All ages,557,Other neurological disorders,3,Rate,2020,0.20020794662,0.27697279364,0.14649365394
1,All Population,5,Prevalence,413,Tokelau,3,Both,22,All ages,557,Other neurological disorders,3,Rate,2020,0.1892266903,0.25898450478,0.14246330201000001
1,All Population,5,Prevalence,150,Oman,3,Both,22,All ages,557,Other neurological disorders,3,Rate,2020,0.20941125222999998,0.28680581859,0.15435388396
1,All Population,5,Prevalence,416,Tuvalu,3,Both,22,All ages,557,Other neurological disorders,3,Rate,2020,0.176430772,0.24254271608000003,0.12969016808
1,All Population,5,Prevalence,12,Lao People's Democratic Republic,3,Both,22,All ages,557,Other neurological disorders,3,Rate,2023,0.11620530724,0.15649221316,0.08428628294
1,All Population,5,Prevalence,125,Colombia,3,Both,22,All ages,557,Other neurological disorders,3,Rate,2020,0.37058372876,0.49860566213,0.27415097842999997
1,All Population,5,Prevalence,202,Cameroon,3,Both,22,All ages,557,Other neurological disorders,3,Rate,2020,0.20713153287,0.27020385451,0.14665869371999998
1,All Population,5,Prevalence,214,Nigeria,3,Both,22,All ages,557,Other neurological disorders,3,Rate,2020,0.21449433875,0.28366837496,0.15343797374
1,All Population,5,Prevalence,191,Zambia,3,Both,22,All ages,557,Other neurological disorders,3,Rate,2023,0.18562794347,0.24501632608,0.13296478269999998
1,All Population,5,Prevalence,170,Congo,3,Both,22,All ages,557,Other neurological disorders,3,Rate,2020,0.21263816538000002,0.28715395444,0.15192123398
1,All Population,5,Prevalence,205,Côte d'Ivoire,3,Both,22,All ages,557,Other neurological disorders,3,Rate,2020,0.20979346056999998,0.27578006642,0.14930570287
1,All Population,5,Prevalence,102,United States of America,3,Both,22,All ages,557,Other neurological disorders,3,Rate,2023,0.43300653458,0.552682898,0.33839610035
1,All Population,5,Prevalence,182,Malawi,3,Both,22,All ages,557,Other neurological disorders,3,Rate,2020,0.18922043694000001,0.24922060693999998,0.135493839
1,All Population,5,Prevalence,163,India,3,Both,22,All ages,557,Other neurological disorders,3,Rate,2020,0.21559373625,0.29165818493,0.15910441652
1,All Population,5,Prevalence,136,Paraguay,3,Both,22,All ages,557,Other neurological disorders,3,Rate,2020,0.17889416681,0.24502395219999998,0.13055091763999999
1,All Population,5,Prevalence,215,Sao Tome and Principe,3,Both,22,All ages,557,Other neurological disorders,3,Rate,2020,0.22417122657,0.2940379116,0.16246380316
1,All Population,5,Prevalence,147,Libya,3,Both,22,All ages,557,Other neurological disorders,3,Rate,2023,0.23739946020000002,0.31829582102,0.17011292087000002
1,All Population,5,Prevalence,55,Slovenia,3,Both,22,All ages,557,Other neurological disorders,3,Rate,2023,0.26943885606,0.36983901558000004,0.19782068315999998
1,All Population,5,Prevalence,113,Guyana,3,Both,22,All ages,557,Other neurological disorders,3,Rate,2023,0.37674198321999997,0.50409399477,0.2747518029
1,All Population,5,Prevalence,204,Chad,3,Both,22,All ages,557,Other neurological disorders,3,Rate,2020,0.19540171211,0.25762391531,0.13761472681
1,All Population,5,Prevalence,216,Senegal,3,Both,22,All ages,557,Other neurological disorders,3,Rate,2020,0.21324008088,0.27968241535,0.15557539856
1,All Population,5,Prevalence,181,Madagascar,3,Both,22,All ages,557,Other neurological disorders,3,Rate,2023,0.19270086129,0.25359056292,0.13977540472
1,All Population,5,Prevalence,68,Republic of Korea,3,Both,22,All ages,557,Other neurological disorders,3,Rate,2023,0.52406406523,0.6505578252499999,0.41880198956000003
1,All Population,5,Prevalence,422,United States Virgin Islands,3,Both,22,All ages,557,Other neurological disorders,3,Rate,2020,0.48139047907000004,0.65549213844,0.35901229166
1,All Population,5,Prevalence,160,Afghanistan,3,Both,22,All ages,557,Other neurological disorders,3,Rate,2023,0.20258747158,0.27382426752,0.14381288995
1,All Population,5,Prevalence,172,Equatorial Guinea,3,Both,22,All ages,557,Other neurological disorders,3,Rate,2020,0.20608019533,0.27099302853,0.14837550576
1,All Population,5,Prevalence,36,Kazakhstan,3,Both,22,All ages,557,Other neurological disorders,3,Rate,2023,0.28605950483,0.38715154200999996,0.21321781335
1,All Population,5,Prevalence,522,Sudan,3,Both,22,All ages,557,Other neurological disorders,3,Rate,2020,0.21458314903999998,0.292148276,0.15702764371
1,All Population,5,Prevalence,176,Comoros,3,Both,22,All ages,557,Other neurological disorders,3,Rate,2020,0.20727784751,0.27498919118,0.15145716378
1,All Population,5,Prevalence,165,Pakistan,3,Both,22,All ages,557,Other neurological disorders,3,Rate,2020,0.19307321554,0.25300886739,0.141961163
1,All Population,5,Prevalence,184,Mozambique,3,Both,22,All ages,557,Other neurological disorders,3,Rate,2020,0.18513277883,0.24535340258000002,0.13285610165
1,All Population,5,Prevalence,23,Kiribati,3,Both,22,All ages,557,Other neurological disorders,3,Rate,2023,0.16316905655,0.22076700192999998,0.11694802331999998
1,All Population,5,Prevalence,369,Nauru,3,Both,22,All ages,557,Other neurological disorders,3,Rate,2023,0.15554423079000002,0.20712144996,0.11022493968
1,All Population,5,Prevalence,217,Sierra Leone,3,Both,22,All ages,557,Other neurological disorders,3,Rate,2020,0.21209846637,0.27967251579999997,0.15244972683
1,All Population,5,Prevalence,115,Jamaica,3,Both,22,All ages,557,Other neurological disorders,3,Rate,2023,0.40339808776999997,0.54364006878,0.30183977619999997
1,All Population,5,Prevalence,193,Botswana,3,Both,22,All ages,557,Other neurological disorders,3,Rate,2023,0.23491352530999998,0.306614226,0.17146953318
1,All Population,5,Prevalence,144,Jordan,3,Both,22,All ages,557,Other neurological disorders,3,Rate,2020,0.21891428219000003,0.29635659307,0.15701427267
1,All Population,5,Prevalence,218,Togo,3,Both,22,All ages,557,Other neurological disorders,3,Rate,2020,0.21486994004,0.28709038321,0.15592864275
1,All Population,5,Prevalence,206,Gambia,3,Both,22,All ages,557,Other neurological disorders,3,Rate,2023,0.21205255384,0.27563251072,0.15418805949
1,All Population,5,Prevalence,149,Palestine,3,Both,22,All ages,557,Other neurological disorders,3,Rate,2023,0.21537250308999997,0.28582702428,0.1574994553
1,All Population,5,Prevalence,183,Mauritius,3,Both,22,All ages,557,Other neurological disorders,3,Rate,2020,0.14412074562,0.19998227478,0.10709960183
1,All Population,5,Prevalence,162,Bhutan,3,Both,22,All ages,557,Other neurological disorders,3,Rate,2023,0.21307452084,0.29065822376,0.15673258158
1,All Population,5,Prevalence,83,Iceland,3,Both,22,All ages,557,Other neurological disorders,3,Rate,2023,0.35214300505999996,0.48526791918,0.26593954301
1,All Population,5,Prevalence,178,Eritrea,3,Both,22,All ages,557,Other neurological disorders,3,Rate,2020,0.19720740123,0.26275626066,0.14271005853
1,All Population,5,Prevalence,57,Belarus,3,Both,22,All ages,557,Other neurological disorders,3,Rate,2023,0.29927304991,0.40527155775000007,0.21957504604999997
1,All Population,5,Prevalence,128,Guatemala,3,Both,22,All ages,557,Other neurological disorders,3,Rate,2023,0.33534696082000004,0.44981433001,0.25050697294
1,All Population,5,Prevalence,117,Saint Vincent and the Grenadines,3,Both,22,All ages,557,Other neurological disorders,3,Rate,2023,0.42699650475999995,0.57315024499,0.31563736024
1,All Population,5,Prevalence,351,Guam,3,Both,22,All ages,557,Other neurological disorders,3,Rate,2023,0.20592098948999998,0.279591467,0.15317425687
1,All Population,5,Prevalence,376,Northern Mariana Islands,3,Both,22,All ages,557,Other neurological disorders,3,Rate,2023,0.19861651492,0.27324630772999997,0.14062863635
1,All Population,5,Prevalence,25,Micronesia (Federated States of),3,Both,22,All ages,557,Other neurological disorders,3,Rate,2023,0.17444743214,0.23835348023,0.12623699947
1,All Population,5,Prevalence,198,Zimbabwe,3,Both,22,All ages,557,Other neurological disorders,3,Rate,2020,0.21384818803,0.28206857877,0.1561866993
1,All Population,5,Prevalence,164,Nepal,3,Both,22,All ages,557,Other neurological disorders,3,Rate,2023,0.19058947807999999,0.25896524713999997,0.13962046731
1,All Population,5,Prevalence,208,Guinea,3,Both,22,All ages,557,Other neurological disorders,3,Rate,2023,0.20748680630000002,0.27673742359,0.15278913973
1,All Population,5,Prevalence,195,Namibia,3,Both,22,All ages,557,Other neurological disorders,3,Rate,2023,0.22366709497999998,0.29573306638,0.16261954819
1,All Population,5,Prevalence,119,Trinidad and Tobago,3,Both,22,All ages,557,Other neurological disorders,3,Rate,2023,0.43247207519,0.58425351473,0.31935031287
1,All Population,5,Prevalence,385,Puerto Rico,3,Both,22,All ages,557,Other neurological disorders,3,Rate,2020,0.47510066406,0.60650171263,0.36228346916
1,All Population,5,Prevalence,72,New Zealand,3,Both,22,All ages,557,Other neurological disorders,3,Rate,2023,0.3764249023,0.50786362716,0.28724554034
1,All Population,5,Prevalence,175,Burundi,3,Both,22,All ages,557,Other neurological disorders,3,Rate,2023,0.18817376726,0.24782601840000001,0.13598938704
1,All Population,5,Prevalence,210,Liberia,3,Both,22,All ages,557,Other neurological disorders,3,Rate,2023,0.21675788898,0.29074568233,0.15439559905
1,All Population,5,Prevalence,130,Mexico,3,Both,22,All ages,557,Other neurological disorders,3,Rate,2023,0.39995327226000005,0.52881750141,0.30463553045999997
1,All Population,5,Prevalence,180,Kenya,3,Both,22,All ages,557,Other neurological disorders,3,Rate,2020,0.19295072319999998,0.25301744894,0.13981264174000002
1,All Population,5,Prevalence,197,Eswatini,3,Both,22,All ages,557,Other neurological disorders,3,Rate,2023,0.22584336628999999,0.29992589362,0.16214414403
1,All Population,5,Prevalence,177,Djibouti,3,Both,22,All ages,557,Other neurological disorders,3,Rate,2023,0.20772007897,0.28195208027,0.14870635324
1,All Population,5,Prevalence,298,American Samoa,3,Both,22,All ages,557,Other neurological disorders,3,Rate,2020,0.18353011928000001,0.24991626839,0.13229409431
1,All Population,5,Prevalence,194,Lesotho,3,Both,22,All ages,557,Other neurological disorders,3,Rate,2020,0.22648865894,0.29711165058,0.16695664223999998
1,All Population,5,Prevalence,212,Mauritania,3,Both,22,All ages,557,Other neurological disorders,3,Rate,2023,0.21574000900999998,0.28358213795,0.16025398327
1,All Population,5,Prevalence,207,Ghana,3,Both,22,All ages,557,Other neurological disorders,3,Rate,2020,0.21852364353,0.28832176838,0.15639956211
1,All Population,5,Prevalence,196,South Africa,3,Both,22,All ages,557,Other neurological disorders,3,Rate,2020,0.25417610043,0.33496824598,0.1866205329
1,All Population,5,Prevalence,435,South Sudan,3,Both,22,All ages,557,Other neurological disorders,3,Rate,2020,0.19405269033000003,0.25748761208,0.13865154792999998
1,All Population,5,Prevalence,374,Niue,3,Both,22,All ages,557,Other neurological disorders,3,Rate,2020,0.20337325523,0.27809296995,0.15223708581
1,All Population,5,Prevalence,209,Guinea-Bissau,3,Both,22,All ages,557,Other neurological disorders,3,Rate,2020,0.20406048861,0.26563373366,0.14867744326
1,All Population,5,Prevalence,380,Palau,3,Both,22,All ages,557,Other neurological disorders,3,Rate,2020,0.20437214103999998,0.28426359789,0.14877462576
1,All Population,5,Prevalence,393,Saint Kitts and Nevis,3,Both,22,All ages,557,Other neurological disorders,3,Rate,2020,0.40898605114000003,0.55405089562,0.30016044874
1,All Population,5,Prevalence,211,Mali,3,Both,22,All ages,557,Other neurological disorders,3,Rate,2020,0.20293649414,0.26651508131,0.14855873229
1,All Population,5,Prevalence,61,Republic of Moldova,3,Both,22,All ages,557,Other neurological disorders,3,Rate,2021,0.29597413458,0.39844253577999994,0.21840489372
1,All Population,5,Prevalence,50,Montenegro,3,Both,22,All ages,557,Other neurological disorders,3,Rate,2021,0.22666096295,0.31817752013,0.16927750163
1,All Population,5,Prevalence,190,Uganda,3,Both,22,All ages,557,Other neurological disorders,3,Rate,2020,0.18496568263,0.24336376752,0.13276056586
1,All Population,5,Prevalence,16,Philippines,3,Both,22,All ages,557,Other neurological disorders,3,Rate,2021,0.13877896248000002,0.18630176913,0.10131384496
1,All Population,5,Prevalence,29,Tonga,3,Both,22,All ages,557,Other neurological disorders,3,Rate,2021,0.17168871511,0.22604336379,0.12458531442
1,All Population,5,Prevalence,63,Ukraine,3,Both,22,All ages,557,Other neurological disorders,3,Rate,2021,0.31618356228,0.42706943723,0.23215510138
1,All Population,5,Prevalence,74,Andorra,3,Both,22,All ages,557,Other neurological disorders,3,Rate,2021,0.38830055093,0.5432482757,0.29232804133
1,All Population,5,Prevalence,108,Belize,3,Both,22,All ages,557,Other neurological disorders,3,Rate,2021,0.36342138475,0.48401395553,0.25841920304
1,All Population,5,Prevalence,18,Thailand,3,Both,22,All ages,557,Other neurological disorders,3,Rate,2021,0.10872878564,0.14633722608,0.08405888104
1,All Population,5,Prevalence,76,Belgium,3,Both,22,All ages,557,Other neurological disorders,3,Rate,2021,0.38262959257,0.52620933128,0.28845494368999997
1,All Population,5,Prevalence,33,Armenia,3,Both,22,All ages,557,Other neurological disorders,3,Rate,2021,0.32237710581,0.43817241754,0.23873716794999997
1,All Population,5,Prevalence,110,Dominica,3,Both,22,All ages,557,Other neurological disorders,3,Rate,2021,0.42632969027,0.5750646507799999,0.3155300891
1,All Population,5,Prevalence,44,Bosnia and Herzegovina,3,Both,22,All ages,557,Other neurological disorders,3,Rate,2021,0.23196845649999998,0.32633989173,0.17419820343
1,All Population,5,Prevalence,121,Bolivia (Plurinational State of),3,Both,22,All ages,557,Other neurological disorders,3,Rate,2021,0.27853885104,0.36665206178,0.20663899283
1,All Population,5,Prevalence,89,Netherlands,3,Both,22,All ages,557,Other neurological disorders,3,Rate,2021,0.38321800135,0.53107234866,0.28520209935
1,All Population,5,Prevalence,155,Türkiye,3,Both,22,All ages,557,Other neurological disorders,3,Rate,2021,0.26641753794,0.35628820907000003,0.19882815163999998
1,All Population,5,Prevalence,78,Denmark,3,Both,22,All ages,557,Other neurological disorders,3,Rate,2021,0.29992646773,0.38560319178,0.23429138012000003
1,All Population,5,Prevalence,15,Myanmar,3,Both,22,All ages,557,Other neurological disorders,3,Rate,2021,0.12208032407,0.16470791626,0.08905481969000001
1,All Population,5,Prevalence,35,Georgia,3,Both,22,All ages,557,Other neurological disorders,3,Rate,2021,0.31875631062000004,0.42240729518000003,0.24058538025
1,All Population,5,Prevalence,112,Grenada,3,Both,22,All ages,557,Other neurological disorders,3,Rate,2021,0.42247665481999996,0.56580551638,0.31373359367
1,All Population,5,Prevalence,168,Angola,3,Both,22,All ages,557,Other neurological disorders,3,Rate,2021,0.20327290498,0.27313789672,0.14827768109
1,All Population,5,Prevalence,91,Portugal,3,Both,22,All ages,557,Other neurological disorders,3,Rate,2021,0.46621175102999995,0.64154492484,0.34296735521
1,All Population,5,Prevalence,367,Monaco,3,Both,22,All ages,557,Other neurological disorders,3,Rate,2020,0.42530909153999996,0.59127656735,0.31067140024
1,All Population,5,Prevalence,14,Maldives,3,Both,22,All ages,557,Other neurological disorders,3,Rate,2021,0.12458363576999999,0.16706468537,0.08970315026
1,All Population,5,Prevalence,46,Croatia,3,Both,22,All ages,557,Other neurological disorders,3,Rate,2021,0.26917122493,0.37625223986,0.20078456186000002
1,All Population,5,Prevalence,203,Cabo Verde,3,Both,22,All ages,557,Other neurological disorders,3,Rate,2021,0.24662696328,0.33086378015,0.18099414032
1,All Population,5,Prevalence,123,Peru,3,Both,22,All ages,557,Other neurological disorders,3,Rate,2021,0.26466909031999997,0.34065986223,0.1982103253
1,All Population,5,Prevalence,80,France,3,Both,22,All ages,557,Other neurological disorders,3,Rate,2021,0.35262385855,0.47062341557000004,0.2734867462
1,All Population,5,Prevalence,157,Yemen,3,Both,22,All ages,557,Other neurological disorders,3,Rate,2021,0.20898462248,0.28012447261,0.14912693995
1,All Population,5,Prevalence,17,Sri Lanka,3,Both,22,All ages,557,Other neurological disorders,3,Rate,2021,0.1368097965,0.19243747603,0.10261906947
1,All Population,5,Prevalence,28,Solomon Islands,3,Both,22,All ages,557,Other neurological disorders,3,Rate,2021,0.15807119708,0.20944310117,0.11380260987999999
1,All Population,5,Prevalence,170,Congo,3,Both,22,All ages,557,Other neurological disorders,3,Rate,2021,0.21328571276,0.28792771523,0.1524731866
1,All Population,5,Prevalence,216,Senegal,3,Both,22,All ages,557,Other neurological disorders,3,Rate,2021,0.21345486868,0.28002358424999996,0.15569463716999998
1,All Population,5,Prevalence,59,Latvia,3,Both,22,All ages,557,Other neurological disorders,3,Rate,2021,0.30831186172,0.42795832361999997,0.22755876143
1,All Population,5,Prevalence,93,Sweden,3,Both,22,All ages,557,Other neurological disorders,3,Rate,2021,0.36450752547000004,0.48308235971,0.2842922623
1,All Population,5,Prevalence,106,Bahamas,3,Both,22,All ages,557,Other neurological disorders,3,Rate,2021,0.39791836452,0.53734528498,0.29221921690999997
1,All Population,5,Prevalence,205,Côte d'Ivoire,3,Both,22,All ages,557,Other neurological disorders,3,Rate,2021,0.2102043406,0.27628881956,0.14972513806
1,All Population,5,Prevalence,48,Hungary,3,Both,22,All ages,557,Other neurological disorders,3,Rate,2021,0.26072825918,0.35199968594000003,0.19021920143
1,All Population,5,Prevalence,125,Colombia,3,Both,22,All ages,557,Other neurological disorders,3,Rate,2021,0.37201022073,0.50104394759,0.27532904626
1,All Population,5,Prevalence,218,Togo,3,Both,22,All ages,557,Other neurological disorders,3,Rate,2021,0.21591160866999998,0.28901840013,0.156649287
1,All Population,5,Prevalence,136,Paraguay,3,Both,22,All ages,557,Other neurological disorders,3,Rate,2021,0.17987502405,0.2468678124,0.13124343082
1,All Population,5,Prevalence,95,United Kingdom,3,Both,22,All ages,557,Other neurological disorders,3,Rate,2021,0.16275041982,0.22472511060999997,0.12706156272
1,All Population,5,Prevalence,172,Equatorial Guinea,3,Both,22,All ages,557,Other neurological disorders,3,Rate,2021,0.20692455064999998,0.27213452785,0.14869978451
1,All Population,5,Prevalence,183,Mauritius,3,Both,22,All ages,557,Other neurological disorders,3,Rate,2021,0.14516998495,0.20145568833000002,0.10803109569000001
1,All Population,5,Prevalence,62,Russian Federation,3,Both,22,All ages,557,Other neurological disorders,3,Rate,2021,0.30873176029,0.41888891797000005,0.22843044540000002
1,All Population,5,Prevalence,19,Timor-Leste,3,Both,22,All ages,557,Other neurological disorders,3,Rate,2021,0.11206791948,0.15138854785,0.08324542525
1,All Population,5,Prevalence,30,Vanuatu,3,Both,22,All ages,557,Other neurological disorders,3,Rate,2021,0.16103274369,0.2124229625,0.11632560532
1,All Population,5,Prevalence,127,El Salvador,3,Both,22,All ages,557,Other neurological disorders,3,Rate,2021,0.33726452279,0.45038461964,0.25400729378000003
1,All Population,5,Prevalence,151,Qatar,3,Both,22,All ages,557,Other neurological disorders,3,Rate,2021,0.21213296498999998,0.29356163263,0.153781042
1,All Population,5,Prevalence,75,Austria,3,Both,22,All ages,557,Other neurological disorders,3,Rate,2021,0.42783907935,0.58922467922,0.31546756566
1,All Population,5,Prevalence,43,Albania,3,Both,22,All ages,557,Other neurological disorders,3,Rate,2021,0.26373804543999996,0.36242441659,0.19552935802
1,All Population,5,Prevalence,185,Rwanda,3,Both,22,All ages,557,Other neurological disorders,3,Rate,2021,0.19773152028000002,0.26104330063000003,0.14522193557
1,All Population,5,Prevalence,109,Cuba,3,Both,22,All ages,557,Other neurological disorders,3,Rate,2021,0.45660536032000004,0.62468163402,0.33514134761
1,All Population,5,Prevalence,153,Syrian Arab Republic,3,Both,22,All ages,557,Other neurological disorders,3,Rate,2021,0.22771706563,0.3160400479,0.16300105898
1,All Population,5,Prevalence,140,Bahrain,3,Both,22,All ages,557,Other neurological disorders,3,Rate,2021,0.22310136683999998,0.29887281616,0.16248193328000002
1,All Population,5,Prevalence,77,Cyprus,3,Both,22,All ages,557,Other neurological disorders,3,Rate,2021,0.35290270503,0.4872760734,0.26761027236999996
1,All Population,5,Prevalence,385,Puerto Rico,3,Both,22,All ages,557,Other neurological disorders,3,Rate,2021,0.47994130609,0.6123557857,0.36583005113
1,All Population,5,Prevalence,305,Bermuda,3,Both,22,All ages,557,Other neurological disorders,3,Rate,2021,0.48826630286,0.66077842209,0.35990763746
1,All Population,5,Prevalence,122,Ecuador,3,Both,22,All ages,557,Other neurological disorders,3,Rate,2021,0.26919545773000003,0.34805967596,0.20677542565
1,All Population,5,Prevalence,142,Iran (Islamic Republic of),3,Both,22,All ages,557,Other neurological disorders,3,Rate,2021,0.16990120043,0.23329103310000002,0.12414207061000002
1,All Population,5,Prevalence,111,Dominican Republic,3,Both,22,All ages,557,Other neurological disorders,3,Rate,2021,0.37482345101,0.5023721562300001,0.27304724888
1,All Population,5,Prevalence,34,Azerbaijan,3,Both,22,All ages,557,Other neurological disorders,3,Rate,2021,0.28960577155,0.39870170843,0.21618899875999997
1,All Population,5,Prevalence,187,Somalia,3,Both,22,All ages,557,Other neurological disorders,3,Rate,2021,0.18662581429,0.24551502816,0.13379542441
1,All Population,5,Prevalence,45,Bulgaria,3,Both,22,All ages,557,Other neurological disorders,3,Rate,2021,0.27269574791,0.37993038327,0.19908893156000002
1,All Population,5,Prevalence,156,United Arab Emirates,3,Both,22,All ages,557,Other neurological disorders,3,Rate,2021,0.22311918646999998,0.3105404481,0.15670701778999999
1,All Population,5,Prevalence,396,San Marino,3,Both,22,All ages,557,Other neurological disorders,3,Rate,2021,0.40697717537999994,0.55767999456,0.30735033565
1,All Population,5,Prevalence,79,Finland,3,Both,22,All ages,557,Other neurological disorders,3,Rate,2021,0.28932168556,0.37983014174,0.22590166842
1,All Population,5,Prevalence,349,Greenland,3,Both,22,All ages,557,Other neurological disorders,3,Rate,2021,0.31142416739,0.41858347137999996,0.23252834254000002
1,All Population,5,Prevalence,201,Burkina Faso,3,Both,22,All ages,557,Other neurological disorders,3,Rate,2021,0.20443648053,0.26814197408,0.14992439568
1,All Population,5,Prevalence,90,Norway,3,Both,22,All ages,557,Other neurological disorders,3,Rate,2021,0.42542916462,0.58064756672,0.32140160039
1,All Population,5,Prevalence,169,Central African Republic,3,Both,22,All ages,557,Other neurological disorders,3,Rate,2021,0.20328188788999998,0.27104440354,0.14617380905
1,All Population,5,Prevalence,47,Czechia,3,Both,22,All ages,557,Other neurological disorders,3,Rate,2021,0.26417377253999996,0.36629096796000005,0.20070580394
1,All Population,5,Prevalence,214,Nigeria,3,Both,22,All ages,557,Other neurological disorders,3,Rate,2021,0.21490264745999998,0.28440978992,0.15379050642
1,All Population,5,Prevalence,13,Malaysia,3,Both,22,All ages,557,Other neurological disorders,3,Rate,2021,0.12865023505,0.17943705662,0.09529099318999999
1,All Population,5,Prevalence,81,Germany,3,Both,22,All ages,557,Other neurological disorders,3,Rate,2021,0.5866193430300001,0.73957558971,0.45372928534
1,All Population,5,Prevalence,126,Costa Rica,3,Both,22,All ages,557,Other neurological disorders,3,Rate,2021,0.37879700599,0.5062962685,0.27890385886
1,All Population,5,Prevalence,416,Tuvalu,3,Both,22,All ages,557,Other neurological disorders,3,Rate,2021,0.17654546939,0.2430983571,0.12996813848
1,All Population,5,Prevalence,11,Indonesia,3,Both,22,All ages,557,Other neurological disorders,3,Rate,2021,0.13045716053,0.17416576974999998,0.09412934822
1,All Population,5,Prevalence,92,Spain,3,Both,22,All ages,557,Other neurological disorders,3,Rate,2021,0.37022902845,0.49021227047,0.28621933038999997
1,All Population,5,Prevalence,204,Chad,3,Both,22,All ages,557,Other neurological disorders,3,Rate,2021,0.19531176496,0.25760417,0.13754923601000002
1,All Population,5,Prevalence,22,Fiji,3,Both,22,All ages,557,Other neurological disorders,3,Rate,2021,0.17863411991,0.24143747489999998,0.13037494225
1,All Population,5,Prevalence,182,Malawi,3,Both,22,All ages,557,Other neurological disorders,3,Rate,2021,0.18953806695,0.24927215475999998,0.13565521469
1,All Population,5,Prevalence,171,Democratic Republic of the Congo,3,Both,22,All ages,557,Other neurological disorders,3,Rate,2021,0.20846386469000003,0.27458115634999997,0.15089988383
1,All Population,5,Prevalence,49,North Macedonia,3,Both,22,All ages,557,Other neurological disorders,3,Rate,2021,0.25875420084,0.35638835383,0.19558717401999998
1,All Population,5,Prevalence,217,Sierra Leone,3,Both,22,All ages,557,Other neurological disorders,3,Rate,2021,0.21264834989,0.28037635522,0.15258160822
1,All Population,5,Prevalence,58,Estonia,3,Both,22,All ages,557,Other neurological disorders,3,Rate,2021,0.30598569775,0.42305541715,0.2280574174
1,All Population,5,Prevalence,105,Antigua and Barbuda,3,Both,22,All ages,557,Other neurological disorders,3,Rate,2021,0.41751048202,0.55473369605,0.30819407466
1,All Population,5,Prevalence,69,Singapore,3,Both,22,All ages,557,Other neurological disorders,3,Rate,2021,0.45772946864999997,0.57992573378,0.35711284753
1,All Population,5,Prevalence,60,Lithuania,3,Both,22,All ages,557,Other neurological disorders,3,Rate,2021,0.30950471631,0.41994570212,0.22825223298
1,All Population,5,Prevalence,94,Switzerland,3,Both,22,All ages,557,Other neurological disorders,3,Rate,2021,0.38719260028,0.53309996991,0.29078430155999996
1,All Population,5,Prevalence,173,Gabon,3,Both,22,All ages,557,Other neurological disorders,3,Rate,2021,0.22737035107,0.3057692027,0.16663969121
1,All Population,5,Prevalence,522,Sudan,3,Both,22,All ages,557,Other neurological disorders,3,Rate,2021,0.21504025779000002,0.29308565598999997,0.15731943825
1,All Population,5,Prevalence,184,Mozambique,3,Both,22,All ages,557,Other neurological disorders,3,Rate,2021,0.18535020608,0.24584835933,0.13299776441
1,All Population,5,Prevalence,33,Armenia,3,Both,22,All ages,557,Other neurological disorders,3,Rate,2022,0.32533484255,0.44185158435000005,0.24033714415
1,All Population,5,Prevalence,44,Bosnia and Herzegovina,3,Both,22,All ages,557,Other neurological disorders,3,Rate,2022,0.23293949618,0.32838635631999996,0.17507937204
1,All Population,5,Prevalence,24,Marshall Islands,3,Both,22,All ages,557,Other neurological disorders,3,Rate,2021,0.16489564583,0.22297561971,0.11737182279000001
1,All Population,5,Prevalence,139,Algeria,3,Both,22,All ages,557,Other neurological disorders,3,Rate,2021,0.22374096740000002,0.30207811265,0.16771101014
1,All Population,5,Prevalence,80,France,3,Both,22,All ages,557,Other neurological disorders,3,Rate,2022,0.35412915296999997,0.46783420012,0.27656622717
1,All Population,5,Prevalence,107,Barbados,3,Both,22,All ages,557,Other neurological disorders,3,Rate,2021,0.4562860654,0.61219288376,0.33802335907
1,All Population,5,Prevalence,91,Portugal,3,Both,22,All ages,557,Other neurological disorders,3,Rate,2022,0.46883411976,0.64347979853,0.33531077807
1,All Population,5,Prevalence,71,Australia,3,Both,22,All ages,557,Other neurological disorders,3,Rate,2021,0.35074631517,0.48361854222,0.26296777945
1,All Population,5,Prevalence,35,Georgia,3,Both,22,All ages,557,Other neurological disorders,3,Rate,2022,0.31975144187000004,0.42352880996000003,0.24085061398
1,All Population,5,Prevalence,46,Croatia,3,Both,22,All ages,557,Other neurological disorders,3,Rate,2022,0.27021891664,0.37849076374,0.20171266799
1,All Population,5,Prevalence,82,Greece,3,Both,22,All ages,557,Other neurological disorders,3,Rate,2021,0.36485742993000003,0.51700722157,0.27012921509
1,All Population,5,Prevalence,37,Kyrgyzstan,3,Both,22,All ages,557,Other neurological disorders,3,Rate,2021,0.26745866661,0.35218432672,0.19254922833000002
1,All Population,5,Prevalence,186,Seychelles,3,Both,22,All ages,557,Other neurological disorders,3,Rate,2021,0.13649145636999999,0.18815346184,0.10075381967000001
1,All Population,5,Prevalence,150,Oman,3,Both,22,All ages,557,Other neurological disorders,3,Rate,2021,0.2104706317,0.28899906185,0.15464087916
1,All Population,5,Prevalence,298,American Samoa,3,Both,22,All ages,557,Other neurological disorders,3,Rate,2021,0.18527167611,0.25260836442999995,0.13349574398
1,All Population,5,Prevalence,198,Zimbabwe,3,Both,22,All ages,557,Other neurological disorders,3,Rate,2021,0.21448853234,0.28314219397,0.15642923921
1,All Population,5,Prevalence,152,Saudi Arabia,3,Both,22,All ages,557,Other neurological disorders,3,Rate,2021,0.21219544684,0.28836108693,0.15317949676
1,All Population,5,Prevalence,141,Egypt,3,Both,22,All ages,557,Other neurological disorders,3,Rate,2021,0.21703687018999998,0.2880047888,0.15483742506
1,All Population,5,Prevalence,26,Papua New Guinea,3,Both,22,All ages,557,Other neurological disorders,3,Rate,2021,0.15677909704,0.2101436016,0.11136236699
1,All Population,5,Prevalence,116,Saint Lucia,3,Both,22,All ages,557,Other neurological disorders,3,Rate,2021,0.42505732858999995,0.56788032288,0.31425253031
1,All Population,5,Prevalence,48,Hungary,3,Both,22,All ages,557,Other neurological disorders,3,Rate,2022,0.26126285054,0.35296952476,0.1904944817
1,All Population,5,Prevalence,14,Maldives,3,Both,22,All ages,557,Other neurological disorders,3,Rate,2022,0.12540524824000002,0.16833126592,0.09019114897
1,All Population,5,Prevalence,84,Ireland,3,Both,22,All ages,557,Other neurological disorders,3,Rate,2021,0.35626999451,0.49775160790999995,0.27157940829
1,All Population,5,Prevalence,93,Sweden,3,Both,22,All ages,557,Other neurological disorders,3,Rate,2022,0.36507651740999997,0.48204735025,0.28329738972
1,All Population,5,Prevalence,59,Latvia,3,Both,22,All ages,557,Other neurological disorders,3,Rate,2022,0.3092683388,0.42984429541999997,0.22834018623
1,All Population,5,Prevalence,200,Benin,3,Both,22,All ages,557,Other neurological disorders,3,Rate,2021,0.20545600857000001,0.2684457171,0.14780557604
1,All Population,5,Prevalence,163,India,3,Both,22,All ages,557,Other neurological disorders,3,Rate,2021,0.21659855382,0.29264953679,0.15976542566000002
1,All Population,5,Prevalence,393,Saint Kitts and Nevis,3,Both,22,All ages,557,Other neurological disorders,3,Rate,2021,0.41138457117,0.55743238994,0.30244729937000003
1,All Population,5,Prevalence,129,Honduras,3,Both,22,All ages,557,Other neurological disorders,3,Rate,2021,0.31206704007,0.41558819234000005,0.23287283667
1,All Population,5,Prevalence,154,Tunisia,3,Both,22,All ages,557,Other neurological disorders,3,Rate,2021,0.23603659946,0.32964029313,0.17602292939
1,All Population,5,Prevalence,7,Democratic People's Republic of Korea,3,Both,22,All ages,557,Other neurological disorders,3,Rate,2021,0.21158770166,0.28803206747,0.15683664783999998
1,All Population,5,Prevalence,39,Tajikistan,3,Both,22,All ages,557,Other neurological disorders,3,Rate,2021,0.25737763962,0.33653073289,0.18831994617
1,All Population,5,Prevalence,189,United Republic of Tanzania,3,Both,22,All ages,557,Other neurological disorders,3,Rate,2021,0.20503086668,0.26823569493,0.14903197563
1,All Population,5,Prevalence,127,El Salvador,3,Both,22,All ages,557,Other neurological disorders,3,Rate,2022,0.33844981642,0.45230404148,0.25512918123
1,All Population,5,Prevalence,52,Romania,3,Both,22,All ages,557,Other neurological disorders,3,Rate,2021,0.26050989847,0.35548890850000003,0.19077300342999998
1,All Population,5,Prevalence,118,Suriname,3,Both,22,All ages,557,Other neurological disorders,3,Rate,2021,0.397290162,0.55087749918,0.29237777372
1,All Population,5,Prevalence,320,Cook Islands,3,Both,22,All ages,557,Other neurological disorders,3,Rate,2021,0.20288840164000002,0.28393369563,0.15106296506
1,All Population,5,Prevalence,106,Bahamas,3,Both,22,All ages,557,Other neurological disorders,3,Rate,2022,0.39986095440999997,0.53964270131,0.29379482282999997
1,All Population,5,Prevalence,50,Montenegro,3,Both,22,All ages,557,Other neurological disorders,3,Rate,2022,0.22731993399999997,0.31961043831,0.16991921383
1,All Population,5,Prevalence,413,Tokelau,3,Both,22,All ages,557,Other neurological disorders,3,Rate,2021,0.19000803337,0.26004290264,0.14316837448
1,All Population,5,Prevalence,213,Niger,3,Both,22,All ages,557,Other neurological disorders,3,Rate,2021,0.19564197109000003,0.25800184516999997,0.14043755469
1,All Population,5,Prevalence,95,United Kingdom,3,Both,22,All ages,557,Other neurological disorders,3,Rate,2022,0.16345126798999998,0.22569284777,0.12738462939
1,All Population,5,Prevalence,16,Philippines,3,Both,22,All ages,557,Other neurological disorders,3,Rate,2022,0.13955497028,0.18736179285,0.10189025416
1,All Population,5,Prevalence,202,Cameroon,3,Both,22,All ages,557,Other neurological disorders,3,Rate,2021,0.20764384522999998,0.27117562903000003,0.14696734724000002
1,All Population,5,Prevalence,86,Italy,3,Both,22,All ages,557,Other neurological disorders,3,Rate,2021,0.50148947386,0.65470044181,0.38377646036
1,All Population,5,Prevalence,176,Comoros,3,Both,22,All ages,557,Other neurological disorders,3,Rate,2021,0.20772274056999998,0.27598382175999997,0.15182201679
1,All Population,5,Prevalence,61,Republic of Moldova,3,Both,22,All ages,557,Other neurological disorders,3,Rate,2022,0.29761130965,0.40190937145,0.21958443101
1,All Population,5,Prevalence,165,Pakistan,3,Both,22,All ages,557,Other neurological disorders,3,Rate,2021,0.19354722326,0.25370768261,0.1423526969
1,All Population,5,Prevalence,74,Andorra,3,Both,22,All ages,557,Other neurological disorders,3,Rate,2022,0.39131865338,0.56182092192,0.29120893195
1,All Population,5,Prevalence,151,Qatar,3,Both,22,All ages,557,Other neurological disorders,3,Rate,2022,0.21290666570000003,0.29593433988,0.15430898862
1,All Population,5,Prevalence,131,Nicaragua,3,Both,22,All ages,557,Other neurological disorders,3,Rate,2021,0.34114577489,0.45191920201,0.2514173597
1,All Population,5,Prevalence,211,Mali,3,Both,22,All ages,557,Other neurological disorders,3,Rate,2021,0.20300589791999998,0.26649833305,0.14861030432
1,All Population,5,Prevalence,54,Slovakia,3,Both,22,All ages,557,Other neurological disorders,3,Rate,2021,0.25615001965,0.35310776067,0.19001734001
1,All Population,5,Prevalence,97,Argentina,3,Both,22,All ages,557,Other neurological disorders,3,Rate,2021,0.27817965766999997,0.38019662521,0.21276604564999999
1,All Population,5,Prevalence,140,Bahrain,3,Both,22,All ages,557,Other neurological disorders,3,Rate,2022,0.22468002461,0.30162786087,0.16325467290999998
1,All Population,5,Prevalence,422,United States Virgin Islands,3,Both,22,All ages,557,Other neurological disorders,3,Rate,2021,0.48518302586,0.66237106027,0.3613287397
1,All Population,5,Prevalence,41,Uzbekistan,3,Both,22,All ages,557,Other neurological disorders,3,Rate,2021,0.26907040832,0.35568554356,0.19909174680000002
1,All Population,5,Prevalence,108,Belize,3,Both,22,All ages,557,Other neurological disorders,3,Rate,2022,0.36537504343,0.487240757,0.25975705586000003
1,All Population,5,Prevalence,185,Rwanda,3,Both,22,All ages,557,Other neurological disorders,3,Rate,2022,0.19859745991,0.26224676444,0.14590208057
1,All Population,5,Prevalence,20,Viet Nam,3,Both,22,All ages,557,Other neurological disorders,3,Rate,2021,0.13045395954,0.1807206736,0.09761420095000001
1,All Population,5,Prevalence,18,Thailand,3,Both,22,All ages,557,Other neurological disorders,3,Rate,2022,0.11142792859,0.15156548912999998,0.08629194478
1,All Population,5,Prevalence,178,Eritrea,3,Both,22,All ages,557,Other neurological disorders,3,Rate,2021,0.19767169773,0.26366156973,0.14303077205
1,All Population,5,Prevalence,88,Malta,3,Both,22,All ages,557,Other neurological disorders,3,Rate,2021,0.38322669621,0.53844503015,0.28361108012
1,All Population,5,Prevalence,190,Uganda,3,Both,22,All ages,557,Other neurological disorders,3,Rate,2021,0.18547978828,0.24407271595,0.13323008357
1,All Population,5,Prevalence,144,Jordan,3,Both,22,All ages,557,Other neurological disorders,3,Rate,2021,0.21971833687,0.29727685628,0.15739115144
1,All Population,5,Prevalence,63,Ukraine,3,Both,22,All ages,557,Other neurological disorders,3,Rate,2022,0.31740879455000004,0.42893012992,0.23284482986000002
1,All Population,5,Prevalence,215,Sao Tome and Principe,3,Both,22,All ages,557,Other neurological disorders,3,Rate,2021,0.22561038197000002,0.29597902283,0.16359098809
1,All Population,5,Prevalence,67,Japan,3,Both,22,All ages,557,Other neurological disorders,3,Rate,2021,0.65837248718,0.86898074842,0.51517090048
1,All Population,5,Prevalence,29,Tonga,3,Both,22,All ages,557,Other neurological disorders,3,Rate,2022,0.17230814005,0.22709263560999998,0.12512842977
1,All Population,5,Prevalence,153,Syrian Arab Republic,3,Both,22,All ages,557,Other neurological disorders,3,Rate,2022,0.22839727316999997,0.31682739729,0.16345196774
1,All Population,5,Prevalence,76,Belgium,3,Both,22,All ages,557,Other neurological disorders,3,Rate,2022,0.38453748098999996,0.5310607443900001,0.29038736445
1,All Population,5,Prevalence,133,Venezuela (Bolivarian Republic of),3,Both,22,All ages,557,Other neurological disorders,3,Rate,2021,0.38005351414,0.51633709131,0.28280840809
1,All Population,5,Prevalence,99,Uruguay,3,Both,22,All ages,557,Other neurological disorders,3,Rate,2021,0.29550789612,0.39324438935999995,0.2284826128
1,All Population,5,Prevalence,187,Somalia,3,Both,22,All ages,557,Other neurological disorders,3,Rate,2022,0.18649506344,0.24557266121,0.1337545749
1,All Population,5,Prevalence,142,Iran (Islamic Republic of),3,Both,22,All ages,557,Other neurological disorders,3,Rate,2022,0.17387643560000002,0.24078058184999998,0.1271830406
1,All Population,5,Prevalence,110,Dominica,3,Both,22,All ages,557,Other neurological disorders,3,Rate,2022,0.42873091492000004,0.57839716322,0.31795102458
1,All Population,5,Prevalence,121,Bolivia (Plurinational State of),3,Both,22,All ages,557,Other neurological disorders,3,Rate,2022,0.27909242268,0.36749391513,0.20697973806
1,All Population,5,Prevalence,146,Lebanon,3,Both,22,All ages,557,Other neurological disorders,3,Rate,2021,0.21388234925,0.29052396944,0.16082816602
1,All Population,5,Prevalence,89,Netherlands,3,Both,22,All ages,557,Other neurological disorders,3,Rate,2022,0.38487051715,0.53258030909,0.28869442245
1,All Population,5,Prevalence,180,Kenya,3,Both,22,All ages,557,Other neurological disorders,3,Rate,2021,0.19383556926,0.25458709309,0.14040338245
1,All Population,5,Prevalence,385,Puerto Rico,3,Both,22,All ages,557,Other neurological disorders,3,Rate,2022,0.48363670791,0.6167145698500001,0.36863576292
1,All Population,5,Prevalence,78,Denmark,3,Both,22,All ages,557,Other neurological disorders,3,Rate,2022,0.3011467803,0.39055840542,0.23494822869999998
1,All Population,5,Prevalence,101,Canada,3,Both,22,All ages,557,Other neurological disorders,3,Rate,2021,0.32891074845,0.44951578993,0.23980024091000002
1,All Population,5,Prevalence,135,Brazil,3,Both,22,All ages,557,Other neurological disorders,3,Rate,2021,0.21392033983,0.28482915427,0.16450159633
1,All Population,5,Prevalence,305,Bermuda,3,Both,22,All ages,557,Other neurological disorders,3,Rate,2022,0.49140652687999997,0.6657641034199999,0.36201250206
1,All Population,5,Prevalence,194,Lesotho,3,Both,22,All ages,557,Other neurological disorders,3,Rate,2021,0.22713722573999998,0.29842372125,0.16739605062000001
1,All Population,5,Prevalence,155,Türkiye,3,Both,22,All ages,557,Other neurological disorders,3,Rate,2022,0.26803833211,0.35839998949,0.20007768537
1,All Population,5,Prevalence,112,Grenada,3,Both,22,All ages,557,Other neurological disorders,3,Rate,2022,0.42463600497,0.56795999027,0.31513215163999997
1,All Population,5,Prevalence,123,Peru,3,Both,22,All ages,557,Other neurological disorders,3,Rate,2022,0.26513581432,0.34151992699,0.19858252602999998
1,All Population,5,Prevalence,45,Bulgaria,3,Both,22,All ages,557,Other neurological disorders,3,Rate,2022,0.27318633555,0.38083484149,0.19916379531
1,All Population,5,Prevalence,168,Angola,3,Both,22,All ages,557,Other neurological disorders,3,Rate,2022,0.20388116771999998,0.27386813408,0.14864594925
1,All Population,5,Prevalence,367,Monaco,3,Both,22,All ages,557,Other neurological disorders,3,Rate,2021,0.42663924974,0.59352249039,0.3124211301
1,All Population,5,Prevalence,79,Finland,3,Both,22,All ages,557,Other neurological disorders,3,Rate,2022,0.29038895421,0.37742443399,0.22663526591000002
1,All Population,5,Prevalence,396,San Marino,3,Both,22,All ages,557,Other neurological disorders,3,Rate,2022,0.41063083487,0.5711290342800001,0.30431630956
1,All Population,5,Prevalence,201,Burkina Faso,3,Both,22,All ages,557,Other neurological disorders,3,Rate,2022,0.20461305961,0.26836955001,0.14997887347
1,All Population,5,Prevalence,161,Bangladesh,3,Both,22,All ages,557,Other neurological disorders,3,Rate,2021,0.20073338626,0.27758655634,0.1468832216
1,All Population,5,Prevalence,148,Morocco,3,Both,22,All ages,557,Other neurological disorders,3,Rate,2021,0.22980775292,0.31459721503,0.17414716039
1,All Population,5,Prevalence,114,Haiti,3,Both,22,All ages,557,Other neurological disorders,3,Rate,2021,0.33640336931,0.44346089211,0.24001991292000002
1,All Population,5,Prevalence,349,Greenland,3,Both,22,All ages,557,Other neurological disorders,3,Rate,2022,0.3133216349,0.41636629140000003,0.23255201213
1,All Population,5,Prevalence,207,Ghana,3,Both,22,All ages,557,Other neurological disorders,3,Rate,2021,0.21912175326,0.28951696111999997,0.15676728322
1,All Population,5,Prevalence,34,Azerbaijan,3,Both,22,All ages,557,Other neurological disorders,3,Rate,2022,0.29180737769,0.40307975769,0.21824193085
1,All Population,5,Prevalence,196,South Africa,3,Both,22,All ages,557,Other neurological disorders,3,Rate,2021,0.25514788821,0.33607489174,0.18715973985999998
1,All Population,5,Prevalence,13,Malaysia,3,Both,22,All ages,557,Other neurological disorders,3,Rate,2022,0.12950311708999998,0.18100128013,0.09593948721
1,All Population,5,Prevalence,125,Colombia,3,Both,22,All ages,557,Other neurological disorders,3,Rate,2022,0.37398099466,0.50444817791,0.27673974033
1,All Population,5,Prevalence,157,Yemen,3,Both,22,All ages,557,Other neurological disorders,3,Rate,2022,0.20929186148999998,0.28081512399999997,0.14915723333
1,All Population,5,Prevalence,47,Czechia,3,Both,22,All ages,557,Other neurological disorders,3,Rate,2022,0.26497877738000003,0.36782611316,0.20111503425000002
1,All Population,5,Prevalence,136,Paraguay,3,Both,22,All ages,557,Other neurological disorders,3,Rate,2022,0.18088364493,0.2483546526,0.13195409135
1,All Population,5,Prevalence,170,Congo,3,Both,22,All ages,557,Other neurological disorders,3,Rate,2022,0.21402717842,0.28882565567,0.15312344989999999
1,All Population,5,Prevalence,81,Germany,3,Both,22,All ages,557,Other neurological disorders,3,Rate,2022,0.58861556116,0.74631212726,0.45836085454
1,All Population,5,Prevalence,92,Spain,3,Both,22,All ages,557,Other neurological disorders,3,Rate,2022,0.37249173467,0.49303108144999996,0.28719692245
1,All Population,5,Prevalence,203,Cabo Verde,3,Both,22,All ages,557,Other neurological disorders,3,Rate,2022,0.24869819176,0.33452123079,0.18243723191
1,All Population,5,Prevalence,416,Tuvalu,3,Both,22,All ages,557,Other neurological disorders,3,Rate,2022,0.17662546343,0.24367743312999998,0.13024596174
1,All Population,5,Prevalence,214,Nigeria,3,Both,22,All ages,557,Other neurological disorders,3,Rate,2022,0.21539240768,0.28523708592,0.1541999538
1,All Population,5,Prevalence,183,Mauritius,3,Both,22,All ages,557,Other neurological disorders,3,Rate,2022,0.14614784881999998,0.20277068747000002,0.10907241513
1,All Population,5,Prevalence,374,Niue,3,Both,22,All ages,557,Other neurological disorders,3,Rate,2021,0.20415520929,0.27929240963,0.15283191004
1,All Population,5,Prevalence,435,South Sudan,3,Both,22,All ages,557,Other neurological disorders,3,Rate,2021,0.1943271811,0.25783833439,0.1386221015
1,All Population,5,Prevalence,209,Guinea-Bissau,3,Both,22,All ages,557,Other neurological disorders,3,Rate,2021,0.20455089789,0.26603729576,0.14912090097
1,All Population,5,Prevalence,15,Myanmar,3,Both,22,All ages,557,Other neurological disorders,3,Rate,2022,0.12253826037,0.16523257978,0.08949513793000001
1,All Population,5,Prevalence,60,Lithuania,3,Both,22,All ages,557,Other neurological disorders,3,Rate,2022,0.31025623497,0.42112346063000006,0.22839978571
1,All Population,5,Prevalence,126,Costa Rica,3,Both,22,All ages,557,Other neurological disorders,3,Rate,2022,0.38132386441,0.5093762053099999,0.28078397633
1,All Population,5,Prevalence,49,North Macedonia,3,Both,22,All ages,557,Other neurological disorders,3,Rate,2022,0.25915871716,0.3572782543,0.19580388527999998
1,All Population,5,Prevalence,172,Equatorial Guinea,3,Both,22,All ages,557,Other neurological disorders,3,Rate,2022,0.20786140801,0.27336172462,0.14909274627
1,All Population,5,Prevalence,94,Switzerland,3,Both,22,All ages,557,Other neurological disorders,3,Rate,2022,0.38876544258,0.54033100563,0.29002419871
1,All Population,5,Prevalence,216,Senegal,3,Both,22,All ages,557,Other neurological disorders,3,Rate,2022,0.21377511313999997,0.28052561428,0.15592483387
1,All Population,5,Prevalence,205,Côte d'Ivoire,3,Both,22,All ages,557,Other neurological disorders,3,Rate,2022,0.21064689837000003,0.27684481305,0.15020646337
1,All Population,5,Prevalence,105,Antigua and Barbuda,3,Both,22,All ages,557,Other neurological disorders,3,Rate,2022,0.42041072871999996,0.55798914178,0.31052171763
1,All Population,5,Prevalence,28,Solomon Islands,3,Both,22,All ages,557,Other neurological disorders,3,Rate,2022,0.15854237436,0.20994765775000002,0.11424259548
1,All Population,5,Prevalence,62,Russian Federation,3,Both,22,All ages,557,Other neurological disorders,3,Rate,2022,0.31004634318,0.42175545681000004,0.22874598371
1,All Population,5,Prevalence,17,Sri Lanka,3,Both,22,All ages,557,Other neurological disorders,3,Rate,2022,0.13889882417000002,0.19522406528,0.10403809107999999
1,All Population,5,Prevalence,39,Tajikistan,3,Both,22,All ages,557,Other neurological disorders,3,Rate,2022,0.25833352733,0.33798884011999997,0.18916135742999998
1,All Population,5,Prevalence,380,Palau,3,Both,22,All ages,557,Other neurological disorders,3,Rate,2021,0.20565321177999998,0.28583538918,0.14999346887
1,All Population,5,Prevalence,522,Sudan,3,Both,22,All ages,557,Other neurological disorders,3,Rate,2022,0.21548079454,0.29358695284999997,0.15785906523
1,All Population,5,Prevalence,139,Algeria,3,Both,22,All ages,557,Other neurological disorders,3,Rate,2022,0.22504956316,0.30347235314000004,0.16887284102
1,All Population,5,Prevalence,75,Austria,3,Both,22,All ages,557,Other neurological disorders,3,Rate,2022,0.43038118331999997,0.594159368,0.31505085555
1,All Population,5,Prevalence,30,Vanuatu,3,Both,22,All ages,557,Other neurological disorders,3,Rate,2022,0.16164475233,0.21338994305999998,0.11668373597
1,All Population,5,Prevalence,173,Gabon,3,Both,22,All ages,557,Other neurological disorders,3,Rate,2022,0.22813725124,0.30711553342000003,0.16727025999
1,All Population,5,Prevalence,218,Togo,3,Both,22,All ages,557,Other neurological disorders,3,Rate,2022,0.21701395574,0.29103506485999997,0.15742127180999999
1,All Population,5,Prevalence,52,Romania,3,Both,22,All ages,557,Other neurological disorders,3,Rate,2022,0.26108812164,0.35649065846,0.19106178034000001
1,All Population,5,Prevalence,107,Barbados,3,Both,22,All ages,557,Other neurological disorders,3,Rate,2022,0.45863815576999994,0.61513003565,0.339948486
1,All Population,5,Prevalence,41,Uzbekistan,3,Both,22,All ages,557,Other neurological disorders,3,Rate,2022,0.2700169085,0.35639689176,0.19973987576000002
1,All Population,5,Prevalence,152,Saudi Arabia,3,Both,22,All ages,557,Other neurological disorders,3,Rate,2022,0.21308898272,0.28961093429,0.1536236071
1,All Population,5,Prevalence,198,Zimbabwe,3,Both,22,All ages,557,Other neurological disorders,3,Rate,2022,0.21519071381,0.2843110163,0.15670900565999998
1,All Population,5,Prevalence,19,Timor-Leste,3,Both,22,All ages,557,Other neurological disorders,3,Rate,2022,0.11220767112,0.15140456915,0.08346252437
1,All Population,5,Prevalence,14,Maldives,3,Both,22,All ages,557,Other neurological disorders,3,Rate,2023,0.12629897616,0.16972115411,0.09069997138000001
1,All Population,5,Prevalence,77,Cyprus,3,Both,22,All ages,557,Other neurological disorders,3,Rate,2022,0.35592592729,0.4888044731,0.27107653595
1,All Population,5,Prevalence,186,Seychelles,3,Both,22,All ages,557,Other neurological disorders,3,Rate,2022,0.13756219113,0.18986992793,0.10181243707
1,All Population,5,Prevalence,141,Egypt,3,Both,22,All ages,557,Other neurological disorders,3,Rate,2022,0.21794039567,0.28925539985,0.15539090936
1,All Population,5,Prevalence,43,Albania,3,Both,22,All ages,557,Other neurological disorders,3,Rate,2022,0.26279889763,0.36004418626,0.19542282513
1,All Population,5,Prevalence,109,Cuba,3,Both,22,All ages,557,Other neurological disorders,3,Rate,2022,0.45874865340000004,0.62825567227,0.33652795535
1,All Population,5,Prevalence,97,Argentina,3,Both,22,All ages,557,Other neurological disorders,3,Rate,2022,0.27989200108,0.384241223,0.21370310547000002
1,All Population,5,Prevalence,54,Slovakia,3,Both,22,All ages,557,Other neurological disorders,3,Rate,2022,0.25734978975,0.35526690158,0.19097294724000002
1,All Population,5,Prevalence,7,Democratic People's Republic of Korea,3,Both,22,All ages,557,Other neurological disorders,3,Rate,2022,0.21294307407,0.29092838323000003,0.15805674471
1,All Population,5,Prevalence,122,Ecuador,3,Both,22,All ages,557,Other neurological disorders,3,Rate,2022,0.270780898,0.3505466784,0.20798334051000003
1,All Population,5,Prevalence,16,Philippines,3,Both,22,All ages,557,Other neurological disorders,3,Rate,2023,0.14062985034,0.18879060569,0.10267425719
1,All Population,5,Prevalence,154,Tunisia,3,Both,22,All ages,557,Other neurological disorders,3,Rate,2022,0.23726067327,0.33107129306,0.17747798940999998
1,All Population,5,Prevalence,200,Benin,3,Both,22,All ages,557,Other neurological disorders,3,Rate,2022,0.20606842234999997,0.2692117964,0.14829436632
1,All Population,5,Prevalence,86,Italy,3,Both,22,All ages,557,Other neurological disorders,3,Rate,2022,0.50718993482,0.66294047119,0.38819579498
1,All Population,5,Prevalence,189,United Republic of Tanzania,3,Both,22,All ages,557,Other neurological disorders,3,Rate,2022,0.20561486356,0.26897540736,0.14945028017999998
1,All Population,5,Prevalence,111,Dominican Republic,3,Both,22,All ages,557,Other neurological disorders,3,Rate,2022,0.37604740902,0.5039320440699999,0.27417939086
1,All Population,5,Prevalence,90,Norway,3,Both,22,All ages,557,Other neurological disorders,3,Rate,2022,0.4287526874,0.5844187642800001,0.32229004074
1,All Population,5,Prevalence,320,Cook Islands,3,Both,22,All ages,557,Other neurological disorders,3,Rate,2022,0.20334236173,0.28463703733,0.15147958102
1,All Population,5,Prevalence,393,Saint Kitts and Nevis,3,Both,22,All ages,557,Other neurological disorders,3,Rate,2022,0.41352867688,0.56105931934,0.30455508125
1,All Population,5,Prevalence,133,Venezuela (Bolivarian Republic of),3,Both,22,All ages,557,Other neurological disorders,3,Rate,2022,0.38411392314000004,0.52224708042,0.28432270801
1,All Population,5,Prevalence,202,Cameroon,3,Both,22,All ages,557,Other neurological disorders,3,Rate,2022,0.20824380609,0.2722750494,0.14734716077
1,All Population,5,Prevalence,61,Republic of Moldova,3,Both,22,All ages,557,Other neurological disorders,3,Rate,2023,0.29957452658,0.40577031053,0.22109090384000002
1,All Population,5,Prevalence,156,United Arab Emirates,3,Both,22,All ages,557,Other neurological disorders,3,Rate,2022,0.22677224671000001,0.31331842699,0.15848546376
1,All Population,5,Prevalence,213,Niger,3,Both,22,All ages,557,Other neurological disorders,3,Rate,2022,0.19567502055,0.25793972799,0.14046428139
1,All Population,5,Prevalence,20,Viet Nam,3,Both,22,All ages,557,Other neurological disorders,3,Rate,2022,0.13147469343999998,0.18230529816,0.09847182254999999
1,All Population,5,Prevalence,144,Jordan,3,Both,22,All ages,557,Other neurological disorders,3,Rate,2022,0.22051901341,0.2981670456,0.15776005225
1,All Population,5,Prevalence,29,Tonga,3,Both,22,All ages,557,Other neurological disorders,3,Rate,2023,0.1729903454,0.22824454474,0.12576417926
1,All Population,5,Prevalence,99,Uruguay,3,Both,22,All ages,557,Other neurological disorders,3,Rate,2022,0.29615763932,0.39176368294,0.2286737459
1,All Population,5,Prevalence,50,Montenegro,3,Both,22,All ages,557,Other neurological disorders,3,Rate,2023,0.22811401243999999,0.32176768433999997,0.17056116702
1,All Population,5,Prevalence,204,Chad,3,Both,22,All ages,557,Other neurological disorders,3,Rate,2022,0.19527046294,0.25761098144,0.13752133083
1,All Population,5,Prevalence,413,Tokelau,3,Both,22,All ages,557,Other neurological disorders,3,Rate,2022,0.19082274544999997,0.26127092465,0.1438168707
1,All Population,5,Prevalence,88,Malta,3,Both,22,All ages,557,Other neurological disorders,3,Rate,2022,0.38421592039,0.54240956942,0.28530837014000004
1,All Population,5,Prevalence,63,Ukraine,3,Both,22,All ages,557,Other neurological disorders,3,Rate,2023,0.32573443835,0.44386133117,0.23897968163
1,All Population,5,Prevalence,215,Sao Tome and Principe,3,Both,22,All ages,557,Other neurological disorders,3,Rate,2022,0.22717993247999999,0.29808787443,0.16489954115
1,All Population,5,Prevalence,74,Andorra,3,Both,22,All ages,557,Other neurological disorders,3,Rate,2023,0.39403535666,0.54841232663,0.29386600378
1,All Population,5,Prevalence,18,Thailand,3,Both,22,All ages,557,Other neurological disorders,3,Rate,2023,0.11392405719,0.15312432039,0.09022078204
1,All Population,5,Prevalence,67,Japan,3,Both,22,All ages,557,Other neurological disorders,3,Rate,2022,0.6636427607700001,0.8769365535900001,0.52045495059
1,All Population,5,Prevalence,108,Belize,3,Both,22,All ages,557,Other neurological disorders,3,Rate,2023,0.36763152055,0.4908651368,0.2620229851
1,All Population,5,Prevalence,11,Indonesia,3,Both,22,All ages,557,Other neurological disorders,3,Rate,2022,0.13131392154,0.17548118237,0.09476958498999999
1,All Population,5,Prevalence,22,Fiji,3,Both,22,All ages,557,Other neurological disorders,3,Rate,2022,0.17916716356999998,0.24227511261,0.13079460477
1,All Population,5,Prevalence,180,Kenya,3,Both,22,All ages,557,Other neurological disorders,3,Rate,2022,0.19483436415,0.25561378994,0.14107282329999998
1,All Population,5,Prevalence,58,Estonia,3,Both,22,All ages,557,Other neurological disorders,3,Rate,2022,0.30634628853999996,0.42391108846,0.22816567036
1,All Population,5,Prevalence,146,Lebanon,3,Both,22,All ages,557,Other neurological disorders,3,Rate,2022,0.21651073269999999,0.29112959089,0.16305526617
1,All Population,5,Prevalence,169,Central African Republic,3,Both,22,All ages,557,Other neurological disorders,3,Rate,2022,0.20361425795,0.27149999129999997,0.14643742139000002
1,All Population,5,Prevalence,422,United States Virgin Islands,3,Both,22,All ages,557,Other neurological disorders,3,Rate,2022,0.48873609067,0.66689102817,0.36349234386
1,All Population,5,Prevalence,135,Brazil,3,Both,22,All ages,557,Other neurological disorders,3,Rate,2022,0.21552251241,0.28712559616,0.1658932249
1,All Population,5,Prevalence,182,Malawi,3,Both,22,All ages,557,Other neurological disorders,3,Rate,2022,0.18990458264,0.24959476956,0.13591503675
1,All Population,5,Prevalence,194,Lesotho,3,Both,22,All ages,557,Other neurological disorders,3,Rate,2022,0.2278071663,0.29952497934,0.16785360825
1,All Population,5,Prevalence,217,Sierra Leone,3,Both,22,All ages,557,Other neurological disorders,3,Rate,2022,0.21327067352999998,0.28115777924,0.1527205315
1,All Population,5,Prevalence,76,Belgium,3,Both,22,All ages,557,Other neurological disorders,3,Rate,2023,0.38857307085000004,0.53979702133,0.28844832651
1,All Population,5,Prevalence,101,Canada,3,Both,22,All ages,557,Other neurological disorders,3,Rate,2022,0.33135061979999997,0.45360544102,0.24202146053
1,All Population,5,Prevalence,44,Bosnia and Herzegovina,3,Both,22,All ages,557,Other neurological disorders,3,Rate,2023,0.23425880555999998,0.33128109256,0.17609868008000001
1,All Population,5,Prevalence,148,Morocco,3,Both,22,All ages,557,Other neurological disorders,3,Rate,2022,0.2309055697,0.31647204127,0.17483271415
1,All Population,5,Prevalence,33,Armenia,3,Both,22,All ages,557,Other neurological disorders,3,Rate,2023,0.32875353015000003,0.44568528586000006,0.24233648862
1,All Population,5,Prevalence,171,Democratic Republic of the Congo,3,Both,22,All ages,557,Other neurological disorders,3,Rate,2022,0.2090262033,0.27533384651,0.15142049781
1,All Population,5,Prevalence,69,Singapore,3,Both,22,All ages,557,Other neurological disorders,3,Rate,2022,0.46645511354,0.5945826367,0.36385231432
1,All Population,5,Prevalence,24,Marshall Islands,3,Both,22,All ages,557,Other neurological disorders,3,Rate,2022,0.16594516188,0.22486895901,0.11828190634
1,All Population,5,Prevalence,114,Haiti,3,Both,22,All ages,557,Other neurological disorders,3,Rate,2022,0.33740564586,0.44469307674,0.240534815
1,All Population,5,Prevalence,121,Bolivia (Plurinational State of),3,Both,22,All ages,557,Other neurological disorders,3,Rate,2023,0.28004312639,0.36880399172,0.20777266023000002
1,All Population,5,Prevalence,367,Monaco,3,Both,22,All ages,557,Other neurological disorders,3,Rate,2022,0.42901740142999994,0.60138914055,0.31577884292999997
1,All Population,5,Prevalence,110,Dominica,3,Both,22,All ages,557,Other neurological disorders,3,Rate,2023,0.43129178214,0.58168731869,0.32044647268
1,All Population,5,Prevalence,184,Mozambique,3,Both,22,All ages,557,Other neurological disorders,3,Rate,2022,0.18561057312,0.24645905980000002,0.13317254909
1,All Population,5,Prevalence,196,South Africa,3,Both,22,All ages,557,Other neurological disorders,3,Rate,2022,0.2562728105,0.33735829204,0.18799540165
1,All Population,5,Prevalence,129,Honduras,3,Both,22,All ages,557,Other neurological disorders,3,Rate,2022,0.31293573446,0.41728402252,0.23349315282
1,All Population,5,Prevalence,82,Greece,3,Both,22,All ages,557,Other neurological disorders,3,Rate,2022,0.36697877659,0.51795159009,0.27262082053
1,All Population,5,Prevalence,78,Denmark,3,Both,22,All ages,557,Other neurological disorders,3,Rate,2023,0.3029678292,0.39237072014999996,0.23468746037000002
1,All Population,5,Prevalence,46,Croatia,3,Both,22,All ages,557,Other neurological disorders,3,Rate,2023,0.27148199199,0.38133192661,0.202848336
1,All Population,5,Prevalence,435,South Sudan,3,Both,22,All ages,557,Other neurological disorders,3,Rate,2022,0.19488993615,0.2585414856,0.13899526292
1,All Population,5,Prevalence,116,Saint Lucia,3,Both,22,All ages,557,Other neurological disorders,3,Rate,2022,0.42839966087000003,0.57192911506,0.31671668851
1,All Population,5,Prevalence,207,Ghana,3,Both,22,All ages,557,Other neurological disorders,3,Rate,2022,0.21979621609,0.29086188027,0.15717775808
1,All Population,5,Prevalence,71,Australia,3,Both,22,All ages,557,Other neurological disorders,3,Rate,2022,0.35331117090999997,0.48758356285000004,0.26093594402
1,All Population,5,Prevalence,35,Georgia,3,Both,22,All ages,557,Other neurological disorders,3,Rate,2023,0.32109916116,0.42539326247,0.24138984583
1,All Population,5,Prevalence,89,Netherlands,3,Both,22,All ages,557,Other neurological disorders,3,Rate,2023,0.38720588883,0.54468120256,0.29567246907
1,All Population,5,Prevalence,150,Oman,3,Both,22,All ages,557,Other neurological disorders,3,Rate,2022,0.21166775164,0.29129500138,0.15489208275
1,All Population,5,Prevalence,37,Kyrgyzstan,3,Both,22,All ages,557,Other neurological disorders,3,Rate,2022,0.26911614684,0.35475714513,0.19437275006
1,All Population,5,Prevalence,374,Niue,3,Both,22,All ages,557,Other neurological disorders,3,Rate,2022,0.20496930389999998,0.28049974085,0.15364824651
1,All Population,5,Prevalence,112,Grenada,3,Both,22,All ages,557,Other neurological disorders,3,Rate,2023,0.42733823594,0.57077055538,0.31696246782000004
1,All Population,5,Prevalence,155,Türkiye,3,Both,22,All ages,557,Other neurological disorders,3,Rate,2023,0.26351472073,0.36270304439,0.19698433508
1,All Population,5,Prevalence,84,Ireland,3,Both,22,All ages,557,Other neurological disorders,3,Rate,2022,0.35911600288,0.50193959358,0.27303056153
1,All Population,5,Prevalence,123,Peru,3,Both,22,All ages,557,Other neurological disorders,3,Rate,2023,0.26534730592,0.34181703000999997,0.19855194481
1,All Population,5,Prevalence,26,Papua New Guinea,3,Both,22,All ages,557,Other neurological disorders,3,Rate,2022,0.15713324440999998,0.21082342894,0.11168191810999999
1,All Population,5,Prevalence,161,Bangladesh,3,Both,22,All ages,557,Other neurological disorders,3,Rate,2022,0.20133707861,0.27825817009,0.14734995938
1,All Population,5,Prevalence,203,Cabo Verde,3,Both,22,All ages,557,Other neurological disorders,3,Rate,2023,0.25104519523,0.33853577118,0.18412429661
1,All Population,5,Prevalence,118,Suriname,3,Both,22,All ages,557,Other neurological disorders,3,Rate,2022,0.39906044296000004,0.55344028371,0.29357324115
1,All Population,5,Prevalence,131,Nicaragua,3,Both,22,All ages,557,Other neurological disorders,3,Rate,2022,0.34257968481,0.45400686056000006,0.25242580526
1,All Population,5,Prevalence,209,Guinea-Bissau,3,Both,22,All ages,557,Other neurological disorders,3,Rate,2022,0.20512903654,0.26667658395,0.14966793595
1,All Population,5,Prevalence,48,Hungary,3,Both,22,All ages,557,Other neurological disorders,3,Rate,2023,0.26204117541,0.35449242845,0.19125555402
1,All Population,5,Prevalence,168,Angola,3,Both,22,All ages,557,Other neurological disorders,3,Rate,2023,0.20458338588,0.27469596908,0.14909044333000002
1,All Population,5,Prevalence,80,France,3,Both,22,All ages,557,Other neurological disorders,3,Rate,2023,0.35637258278,0.46902298635,0.27109185397
1,All Population,5,Prevalence,91,Portugal,3,Both,22,All ages,557,Other neurological disorders,3,Rate,2023,0.47468669339999997,0.6409021556800001,0.35014845552
1,All Population,5,Prevalence,380,Palau,3,Both,22,All ages,557,Other neurological disorders,3,Rate,2022,0.20688541964999999,0.28728258289999997,0.15117889134
1,All Population,5,Prevalence,298,American Samoa,3,Both,22,All ages,557,Other neurological disorders,3,Rate,2022,0.18697946387,0.25524056529,0.13470709466
1,All Population,5,Prevalence,136,Paraguay,3,Both,22,All ages,557,Other neurological disorders,3,Rate,2023,0.18220693321,0.24998110081000002,0.13290437459999999
1,All Population,5,Prevalence,15,Myanmar,3,Both,22,All ages,557,Other neurological disorders,3,Rate,2023,0.1230604259,0.16589762682,0.09001157985000001
1,All Population,5,Prevalence,157,Yemen,3,Both,22,All ages,557,Other neurological disorders,3,Rate,2023,0.20959016695,0.28149039016,0.14922515005
1,All Population,5,Prevalence,205,Côte d'Ivoire,3,Both,22,All ages,557,Other neurological disorders,3,Rate,2023,0.21112645831,0.2774150435,0.15074700145
1,All Population,5,Prevalence,125,Colombia,3,Both,22,All ages,557,Other neurological disorders,3,Rate,2023,0.37566999059,0.50745244936,0.27792190631
1,All Population,5,Prevalence,211,Mali,3,Both,22,All ages,557,Other neurological disorders,3,Rate,2022,0.20317315582999998,0.26662174654,0.14874861576999998
1,All Population,5,Prevalence,28,Solomon Islands,3,Both,22,All ages,557,Other neurological disorders,3,Rate,2023,0.15902690071,0.21051674132,0.11472705414
1,All Population,5,Prevalence,216,Senegal,3,Both,22,All ages,557,Other neurological disorders,3,Rate,2023,0.21425296530000001,0.28126184935000004,0.15631344029
1,All Population,5,Prevalence,17,Sri Lanka,3,Both,22,All ages,557,Other neurological disorders,3,Rate,2023,0.13990793722,0.19673501344,0.10484495826000001
1,All Population,5,Prevalence,170,Congo,3,Both,22,All ages,557,Other neurological disorders,3,Rate,2023,0.21488314030000003,0.28985244033,0.15390245533
1,All Population,5,Prevalence,62,Russian Federation,3,Both,22,All ages,557,Other neurological disorders,3,Rate,2023,0.31139595549,0.42291303678000003,0.2289888184
1,All Population,5,Prevalence,176,Comoros,3,Both,22,All ages,557,Other neurological disorders,3,Rate,2022,0.20821505535999998,0.27711093655,0.15222938249999998
1,All Population,5,Prevalence,93,Sweden,3,Both,22,All ages,557,Other neurological disorders,3,Rate,2023,0.33696446468,0.45059236739999997,0.26122777957
1,All Population,5,Prevalence,183,Mauritius,3,Both,22,All ages,557,Other neurological disorders,3,Rate,2023,0.14711401848,0.20411694190000002,0.11008262131
1,All Population,5,Prevalence,59,Latvia,3,Both,22,All ages,557,Other neurological disorders,3,Rate,2023,0.31047279578,0.43141400361,0.22931439006
1,All Population,5,Prevalence,127,El Salvador,3,Both,22,All ages,557,Other neurological disorders,3,Rate,2023,0.33988852092,0.45461266798,0.25630222076000003
1,All Population,5,Prevalence,163,India,3,Both,22,All ages,557,Other neurological disorders,3,Rate,2022,0.21771564006,0.29383119413,0.16049500596
1,All Population,5,Prevalence,75,Austria,3,Both,22,All ages,557,Other neurological disorders,3,Rate,2023,0.43391095068999996,0.60526995765,0.31868788996
1,All Population,5,Prevalence,30,Vanuatu,3,Both,22,All ages,557,Other neurological disorders,3,Rate,2023,0.16230578116,0.21437254245,0.11705985166
1,All Population,5,Prevalence,172,Equatorial Guinea,3,Both,22,All ages,557,Other neurological disorders,3,Rate,2023,0.20888422657,0.27413710035,0.14955873025
1,All Population,5,Prevalence,19,Timor-Leste,3,Both,22,All ages,557,Other neurological disorders,3,Rate,2023,0.11236031215,0.15136924344,0.08373690137
1,All Population,5,Prevalence,109,Cuba,3,Both,22,All ages,557,Other neurological disorders,3,Rate,2023,0.4614659995,0.63284376433,0.3380494571
1,All Population,5,Prevalence,218,Togo,3,Both,22,All ages,557,Other neurological disorders,3,Rate,2023,0.21817895472,0.29279419288,0.15826281436999998
1,All Population,5,Prevalence,190,Uganda,3,Both,22,All ages,557,Other neurological disorders,3,Rate,2022,0.18603788083,0.24485455446999999,0.13375377923
1,All Population,5,Prevalence,95,United Kingdom,3,Both,22,All ages,557,Other neurological disorders,3,Rate,2023,0.16412832275,0.22782502779,0.12732637307
1,All Population,5,Prevalence,77,Cyprus,3,Both,22,All ages,557,Other neurological disorders,3,Rate,2023,0.35536465444,0.49005619718,0.27074259963
1,All Population,5,Prevalence,106,Bahamas,3,Both,22,All ages,557,Other neurological disorders,3,Rate,2023,0.40227740748,0.54230249648,0.29571308338
1,All Population,5,Prevalence,178,Eritrea,3,Both,22,All ages,557,Other neurological disorders,3,Rate,2022,0.19813052496,0.26451859982000003,0.14333040196
1,All Population,5,Prevalence,140,Bahrain,3,Both,22,All ages,557,Other neurological disorders,3,Rate,2023,0.22629485479,0.30515766361999996,0.16382924787
1,All Population,5,Prevalence,185,Rwanda,3,Both,22,All ages,557,Other neurological disorders,3,Rate,2023,0.19950222469999998,0.26360720041,0.14655350812
1,All Population,5,Prevalence,43,Albania,3,Both,22,All ages,557,Other neurological disorders,3,Rate,2023,0.26222023551,0.35928868518999996,0.1942241367
1,All Population,5,Prevalence,122,Ecuador,3,Both,22,All ages,557,Other neurological disorders,3,Rate,2023,0.26166287506,0.34149279646999997,0.19746717821
1,All Population,5,Prevalence,111,Dominican Republic,3,Both,22,All ages,557,Other neurological disorders,3,Rate,2023,0.37740590626,0.50566671998,0.27530759105
1,All Population,5,Prevalence,20,Viet Nam,3,Both,22,All ages,557,Other neurological disorders,3,Rate,2023,0.1325013892,0.18397684663,0.09934859487
1,All Population,5,Prevalence,156,United Arab Emirates,3,Both,22,All ages,557,Other neurological disorders,3,Rate,2023,0.23057944661,0.31899667862000003,0.16095125171
1,All Population,5,Prevalence,165,Pakistan,3,Both,22,All ages,557,Other neurological disorders,3,Rate,2022,0.19416193595999998,0.25460556410999996,0.14289028439999998
1,All Population,5,Prevalence,79,Finland,3,Both,22,All ages,557,Other neurological disorders,3,Rate,2023,0.29185143946000003,0.37831379447,0.22685826250000002
1,All Population,5,Prevalence,151,Qatar,3,Both,22,All ages,557,Other neurological disorders,3,Rate,2023,0.21382292412999998,0.2980803716,0.15426806868999998
1,All Population,5,Prevalence,142,Iran (Islamic Republic of),3,Both,22,All ages,557,Other neurological disorders,3,Rate,2023,0.17738529241999998,0.24568605259999998,0.12999507449
1,All Population,5,Prevalence,201,Burkina Faso,3,Both,22,All ages,557,Other neurological disorders,3,Rate,2023,0.20483835589000002,0.26865634305999997,0.15008599991
1,All Population,5,Prevalence,204,Chad,3,Both,22,All ages,557,Other neurological disorders,3,Rate,2023,0.19523845831,0.25761870756,0.13750384702
1,All Population,5,Prevalence,13,Malaysia,3,Both,22,All ages,557,Other neurological disorders,3,Rate,2023,0.13041786885,0.18215079170999998,0.09665746433
1,All Population,5,Prevalence,45,Bulgaria,3,Both,22,All ages,557,Other neurological disorders,3,Rate,2023,0.27386170837,0.38206026901000006,0.19923960419
1,All Population,5,Prevalence,385,Puerto Rico,3,Both,22,All ages,557,Other neurological disorders,3,Rate,2023,0.48824046414,0.62201385435,0.37180910691999997
1,All Population,5,Prevalence,90,Norway,3,Both,22,All ages,557,Other neurological disorders,3,Rate,2023,0.41070817755999994,0.55873629004,0.30606028237
1,All Population,5,Prevalence,187,Somalia,3,Both,22,All ages,557,Other neurological disorders,3,Rate,2023,0.18663073966,0.24548722199,0.13401397604
1,All Population,5,Prevalence,305,Bermuda,3,Both,22,All ages,557,Other neurological disorders,3,Rate,2023,0.49480488934000005,0.67086110065,0.36467932917
1,All Population,5,Prevalence,169,Central African Republic,3,Both,22,All ages,557,Other neurological disorders,3,Rate,2023,0.20391337796999998,0.2718719232,0.14668741823999998
1,All Population,5,Prevalence,34,Azerbaijan,3,Both,22,All ages,557,Other neurological disorders,3,Rate,2023,0.29418869754,0.40748815536,0.21997481271999997
1,All Population,5,Prevalence,11,Indonesia,3,Both,22,All ages,557,Other neurological disorders,3,Rate,2023,0.13226985956,0.17695903473,0.09550279631
1,All Population,5,Prevalence,215,Sao Tome and Principe,3,Both,22,All ages,557,Other neurological disorders,3,Rate,2023,0.22889473062,0.30047059829,0.16642444644999999
1,All Population,5,Prevalence,153,Syrian Arab Republic,3,Both,22,All ages,557,Other neurological disorders,3,Rate,2023,0.22871161353,0.31653883006,0.16385351181000002
1,All Population,5,Prevalence,67,Japan,3,Both,22,All ages,557,Other neurological disorders,3,Rate,2023,0.70612388339,0.94889490104,0.549811773
1,All Population,5,Prevalence,22,Fiji,3,Both,22,All ages,557,Other neurological disorders,3,Rate,2023,0.17978160214,0.2431940938,0.1313128674
1,All Population,5,Prevalence,81,Germany,3,Both,22,All ages,557,Other neurological disorders,3,Rate,2023,0.59066227993,0.74095718849,0.45430312810999995
1,All Population,5,Prevalence,182,Malawi,3,Both,22,All ages,557,Other neurological disorders,3,Rate,2023,0.19057960891,0.25036565805,0.13657413673
1,All Population,5,Prevalence,47,Czechia,3,Both,22,All ages,557,Other neurological disorders,3,Rate,2023,0.26444624832999997,0.36715555974,0.20095328177
1,All Population,5,Prevalence,92,Spain,3,Both,22,All ages,557,Other neurological disorders,3,Rate,2023,0.37537392092,0.5025186376399999,0.29131607424
1,All Population,5,Prevalence,349,Greenland,3,Both,22,All ages,557,Other neurological disorders,3,Rate,2023,0.3164694929,0.43177844107,0.23381388242
1,All Population,5,Prevalence,171,Democratic Republic of the Congo,3,Both,22,All ages,557,Other neurological disorders,3,Rate,2023,0.20968146419,0.27619147651000003,0.15206858876
1,All Population,5,Prevalence,126,Costa Rica,3,Both,22,All ages,557,Other neurological disorders,3,Rate,2023,0.38399830317000005,0.51276559806,0.28270018864999996
1,All Population,5,Prevalence,217,Sierra Leone,3,Both,22,All ages,557,Other neurological disorders,3,Rate,2023,0.21394284453999998,0.2820132245,0.15306195273
1,All Population,5,Prevalence,396,San Marino,3,Both,22,All ages,557,Other neurological disorders,3,Rate,2023,0.41792951091999997,0.59441609243,0.30652371297000003
1,All Population,5,Prevalence,49,North Macedonia,3,Both,22,All ages,557,Other neurological disorders,3,Rate,2023,0.26053763955,0.36014713014,0.19718202038000002
1,All Population,5,Prevalence,69,Singapore,3,Both,22,All ages,557,Other neurological disorders,3,Rate,2023,0.47513131509999995,0.6035510727100001,0.36935479632
1,All Population,5,Prevalence,214,Nigeria,3,Both,22,All ages,557,Other neurological disorders,3,Rate,2023,0.21594977191,0.28613885328,0.15467754162
1,All Population,5,Prevalence,58,Estonia,3,Both,22,All ages,557,Other neurological disorders,3,Rate,2023,0.30668263318,0.42483685948999994,0.22822821041
1,All Population,5,Prevalence,105,Antigua and Barbuda,3,Both,22,All ages,557,Other neurological disorders,3,Rate,2023,0.42345054233,0.56130086924,0.31300272186
1,All Population,5,Prevalence,184,Mozambique,3,Both,22,All ages,557,Other neurological disorders,3,Rate,2023,0.18594194481999998,0.2472039788,0.13343357256
1,All Population,5,Prevalence,24,Marshall Islands,3,Both,22,All ages,557,Other neurological disorders,3,Rate,2023,0.16704678061,0.22685899945,0.11927995021
1,All Population,5,Prevalence,139,Algeria,3,Both,22,All ages,557,Other neurological disorders,3,Rate,2023,0.22639548951000002,0.30499222385,0.17004082331
1,All Population,5,Prevalence,94,Switzerland,3,Both,22,All ages,557,Other neurological disorders,3,Rate,2023,0.39222280508999996,0.54331732794,0.2949552307
1,All Population,5,Prevalence,114,Haiti,3,Both,22,All ages,557,Other neurological disorders,3,Rate,2023,0.33846132810999996,0.44595551566,0.24108310016
1,All Population,5,Prevalence,82,Greece,3,Both,22,All ages,557,Other neurological disorders,3,Rate,2023,0.37091840114999997,0.51881640368,0.28015668272
1,All Population,5,Prevalence,198,Zimbabwe,3,Both,22,All ages,557,Other neurological disorders,3,Rate,2023,0.21618524753,0.28589978882,0.15720085079
1,All Population,5,Prevalence,37,Kyrgyzstan,3,Both,22,All ages,557,Other neurological disorders,3,Rate,2023,0.27085729439,0.35721984698,0.19632165465999998
1,All Population,5,Prevalence,416,Tuvalu,3,Both,22,All ages,557,Other neurological disorders,3,Rate,2023,0.17676565082,0.24414878425000003,0.13059150323
1,All Population,5,Prevalence,107,Barbados,3,Both,22,All ages,557,Other neurological disorders,3,Rate,2023,0.46104552334000004,0.61881477297,0.3418395976
1,All Population,5,Prevalence,522,Sudan,3,Both,22,All ages,557,Other neurological disorders,3,Rate,2023,0.21591154834,0.29406864897999996,0.15866424982
1,All Population,5,Prevalence,298,American Samoa,3,Both,22,All ages,557,Other neurological disorders,3,Rate,2023,0.18876165753000002,0.25799027473999997,0.13601238461999998
1,All Population,5,Prevalence,152,Saudi Arabia,3,Both,22,All ages,557,Other neurological disorders,3,Rate,2023,0.21408808188,0.29101973388,0.15417105867
1,All Population,5,Prevalence,71,Australia,3,Both,22,All ages,557,Other neurological disorders,3,Rate,2023,0.35602405737,0.48765281283999995,0.27226030223000003
1,All Population,5,Prevalence,173,Gabon,3,Both,22,All ages,557,Other neurological disorders,3,Rate,2023,0.22901774141999998,0.30865077949,0.16797598197
1,All Population,5,Prevalence,60,Lithuania,3,Both,22,All ages,557,Other neurological disorders,3,Rate,2023,0.31107118407,0.42226517455,0.22844108599
1,All Population,5,Prevalence,84,Ireland,3,Both,22,All ages,557,Other neurological disorders,3,Rate,2023,0.36300506964999996,0.49807202512,0.27619763906
1,All Population,5,Prevalence,116,Saint Lucia,3,Both,22,All ages,557,Other neurological disorders,3,Rate,2023,0.43197193065,0.57615962434,0.31942800446
1,All Population,5,Prevalence,26,Papua New Guinea,3,Both,22,All ages,557,Other neurological disorders,3,Rate,2023,0.15749963653000001,0.21150981054999998,0.11199464144
1,All Population,5,Prevalence,141,Egypt,3,Both,22,All ages,557,Other neurological disorders,3,Rate,2023,0.21869452561,0.29083177671,0.15644889852
1,All Population,5,Prevalence,161,Bangladesh,3,Both,22,All ages,557,Other neurological disorders,3,Rate,2023,0.20209226523999999,0.27908728647,0.14796529394
1,All Population,5,Prevalence,150,Oman,3,Both,22,All ages,557,Other neurological disorders,3,Rate,2023,0.21299446285,0.29366887971,0.15512879766999998
1,All Population,5,Prevalence,39,Tajikistan,3,Both,22,All ages,557,Other neurological disorders,3,Rate,2023,0.25930647047,0.33944362189,0.19024226462
1,All Population,5,Prevalence,200,Benin,3,Both,22,All ages,557,Other neurological disorders,3,Rate,2023,0.20670363368000003,0.27005796103,0.14876140561
1,All Population,5,Prevalence,320,Cook Islands,3,Both,22,All ages,557,Other neurological disorders,3,Rate,2023,0.20394916207000002,0.28559934019,0.15207274408000002
1,All Population,5,Prevalence,393,Saint Kitts and Nevis,3,Both,22,All ages,557,Other neurological disorders,3,Rate,2023,0.41603395749,0.56463624165,0.30696828335
1,All Population,5,Prevalence,86,Italy,3,Both,22,All ages,557,Other neurological disorders,3,Rate,2023,0.50004441074,0.6579969021400001,0.37804239108000004
1,All Population,5,Prevalence,118,Suriname,3,Both,22,All ages,557,Other neurological disorders,3,Rate,2023,0.40136992074,0.55643285561,0.29528446019
1,All Population,5,Prevalence,97,Argentina,3,Both,22,All ages,557,Other neurological disorders,3,Rate,2023,0.32484282999999997,0.44219918237,0.24517508954
1,All Population,5,Prevalence,186,Seychelles,3,Both,22,All ages,557,Other neurological disorders,3,Rate,2023,0.13867180726,0.19181279764999998,0.10285956324
1,All Population,5,Prevalence,163,India,3,Both,22,All ages,557,Other neurological disorders,3,Rate,2023,0.21899618291999998,0.29529688947,0.16133579389
1,All Population,5,Prevalence,154,Tunisia,3,Both,22,All ages,557,Other neurological disorders,3,Rate,2023,0.2386614359,0.33279566813,0.17921025442
1,All Population,5,Prevalence,213,Niger,3,Both,22,All ages,557,Other neurological disorders,3,Rate,2023,0.19573708522,0.257925101,0.14051848582
1,All Population,5,Prevalence,41,Uzbekistan,3,Both,22,All ages,557,Other neurological disorders,3,Rate,2023,0.2712774204,0.35816783286000003,0.20065995084000002
1,All Population,5,Prevalence,209,Guinea-Bissau,3,Both,22,All ages,557,Other neurological disorders,3,Rate,2023,0.20579120292,0.26737241087,0.15032097527
1,All Population,5,Prevalence,7,Democratic People's Republic of Korea,3,Both,22,All ages,557,Other neurological disorders,3,Rate,2023,0.21433563543,0.29376554209,0.15917726294
1,All Population,5,Prevalence,129,Honduras,3,Both,22,All ages,557,Other neurological disorders,3,Rate,2023,0.3141335315,0.41948696594,0.23450972858000002
1,All Population,5,Prevalence,413,Tokelau,3,Both,22,All ages,557,Other neurological disorders,3,Rate,2023,0.19169158549999998,0.26217169527,0.14446915798999999
1,All Population,5,Prevalence,52,Romania,3,Both,22,All ages,557,Other neurological disorders,3,Rate,2023,0.26223826553999996,0.35940049857,0.19193688278
1,All Population,5,Prevalence,202,Cameroon,3,Both,22,All ages,557,Other neurological disorders,3,Rate,2023,0.20899376709000003,0.27370120212,0.14780191036
1,All Population,5,Prevalence,99,Uruguay,3,Both,22,All ages,557,Other neurological disorders,3,Rate,2023,0.29784414872000003,0.39549699774,0.2304795623
1,All Population,5,Prevalence,88,Malta,3,Both,22,All ages,557,Other neurological disorders,3,Rate,2023,0.38646565694,0.5388908209900001,0.2886752923
1,All Population,5,Prevalence,165,Pakistan,3,Both,22,All ages,557,Other neurological disorders,3,Rate,2023,0.19491869437999998,0.25572833031000003,0.14359413041000002
1,All Population,5,Prevalence,189,United Republic of Tanzania,3,Both,22,All ages,557,Other neurological disorders,3,Rate,2023,0.20637039948,0.26999191417999996,0.15005302293
1,All Population,5,Prevalence,211,Mali,3,Both,22,All ages,557,Other neurological disorders,3,Rate,2023,0.20347274379000002,0.2669301142,0.14901178018
1,All Population,5,Prevalence,131,Nicaragua,3,Both,22,All ages,557,Other neurological disorders,3,Rate,2023,0.34444821281,0.4570558799,0.25414990600000004
1,All Population,5,Prevalence,176,Comoros,3,Both,22,All ages,557,Other neurological disorders,3,Rate,2023,0.20885387155000001,0.27844954268,0.152823458
1,All Population,5,Prevalence,422,United States Virgin Islands,3,Both,22,All ages,557,Other neurological disorders,3,Rate,2023,0.49214860576,0.67147357433,0.36542495751
1,All Population,5,Prevalence,54,Slovakia,3,Both,22,All ages,557,Other neurological disorders,3,Rate,2023,0.25888442970000003,0.35818437238,0.19185820719000002
1,All Population,5,Prevalence,101,Canada,3,Both,22,All ages,557,Other neurological disorders,3,Rate,2023,0.33377345154,0.46535521896,0.24229352008000002
1,All Population,5,Prevalence,144,Jordan,3,Both,22,All ages,557,Other neurological disorders,3,Rate,2023,0.22144865646,0.29920657349,0.15825698667
1,All Population,5,Prevalence,190,Uganda,3,Both,22,All ages,557,Other neurological disorders,3,Rate,2023,0.18671720107,0.24613640913,0.13444935566
1,All Population,5,Prevalence,133,Venezuela (Bolivarian Republic of),3,Both,22,All ages,557,Other neurological disorders,3,Rate,2023,0.38995165953000005,0.5308208988600001,0.28637050366
1,All Population,5,Prevalence,178,Eritrea,3,Both,22,All ages,557,Other neurological disorders,3,Rate,2023,0.19862576598,0.26526687650999997,0.14364685223999998
1,All Population,5,Prevalence,146,Lebanon,3,Both,22,All ages,557,Other neurological disorders,3,Rate,2023,0.21829236565,0.29354103715,0.16632731964
1,All Population,5,Prevalence,135,Brazil,3,Both,22,All ages,557,Other neurological disorders,3,Rate,2023,0.22972320485000003,0.31333314295,0.17572396984
1,All Population,5,Prevalence,180,Kenya,3,Both,22,All ages,557,Other neurological disorders,3,Rate,2023,0.19599004511999998,0.25749480649,0.14184617755
1,All Population,5,Prevalence,207,Ghana,3,Both,22,All ages,557,Other neurological disorders,3,Rate,2023,0.22058133214999998,0.29242309828999996,0.15765594635
1,All Population,5,Prevalence,367,Monaco,3,Both,22,All ages,557,Other neurological disorders,3,Rate,2023,0.43234987588999996,0.59581773167,0.31735370774000005
1,All Population,5,Prevalence,194,Lesotho,3,Both,22,All ages,557,Other neurological disorders,3,Rate,2023,0.22863922915999998,0.30068537182,0.16840875029
1,All Population,5,Prevalence,435,South Sudan,3,Both,22,All ages,557,Other neurological disorders,3,Rate,2023,0.19546106019,0.25935302115,0.13946368527
1,All Population,5,Prevalence,148,Morocco,3,Both,22,All ages,557,Other neurological disorders,3,Rate,2023,0.23201243195,0.31866477899,0.17553357339
1,All Population,5,Prevalence,374,Niue,3,Both,22,All ages,557,Other neurological disorders,3,Rate,2023,0.20587982643000002,0.28200596806,0.15452692442
1,All Population,5,Prevalence,196,South Africa,3,Both,22,All ages,557,Other neurological disorders,3,Rate,2023,0.25777623041000003,0.33907522482999997,0.18917489468
1,All Population,5,Prevalence,380,Palau,3,Both,22,All ages,557,Other neurological disorders,3,Rate,2023,0.20828411328000002,0.28899330831000003,0.15193586281
