population_group_id,population_group_name,measure_id,measure_name,location_id,location_name,sex_id,sex_name,age_id,age_name,cause_id,cause_name,metric_id,metric_name,year,val,upper,lower
1,All Population,5,Prevalence,37,Kyrgyzstan,3,Both,22,All ages,499,Cardiomyopathy and myocarditis,3,Rate,2014,54.15634136457,63.26470700852,45.101379224
1,All Population,5,Prevalence,26,Papua New Guinea,3,Both,22,All ages,499,Cardiomyopathy and myocarditis,3,Rate,2014,21.511205514660002,25.70180125105,17.966820666209998
1,All Population,5,Prevalence,45,Bulgaria,3,Both,22,All ages,499,Cardiomyopathy and myocarditis,3,Rate,2014,31.00640414319,37.342876890599996,25.63324768822
1,All Population,5,Prevalence,92,Spain,3,Both,22,All ages,499,Cardiomyopathy and myocarditis,3,Rate,2014,142.2682080189,163.38741050545,121.07764140857999
1,All Population,5,Prevalence,144,Jordan,3,Both,22,All ages,499,Cardiomyopathy and myocarditis,3,Rate,2014,16.358045492069998,19.87015647037,13.664323459710001
1,All Population,5,Prevalence,34,Azerbaijan,3,Both,22,All ages,499,Cardiomyopathy and myocarditis,3,Rate,2014,92.61366047922,108.13100698846002,76.86225535178001
1,All Population,5,Prevalence,178,Eritrea,3,Both,22,All ages,499,Cardiomyopathy and myocarditis,3,Rate,2014,89.19358170589,114.3131323891,68.51145681998001
1,All Population,5,Prevalence,131,Nicaragua,3,Both,22,All ages,499,Cardiomyopathy and myocarditis,3,Rate,2014,43.2927712429,51.61630943553,37.22278300742
1,All Population,5,Prevalence,84,Ireland,3,Both,22,All ages,499,Cardiomyopathy and myocarditis,3,Rate,2014,92.76379917116,109.02853345705,79.23427932999
1,All Population,5,Prevalence,39,Tajikistan,3,Both,22,All ages,499,Cardiomyopathy and myocarditis,3,Rate,2014,22.066209903689998,26.81661752802,18.21651940113
1,All Population,5,Prevalence,28,Solomon Islands,3,Both,22,All ages,499,Cardiomyopathy and myocarditis,3,Rate,2014,18.35441967157,22.29977186281,15.160666568260002
1,All Population,5,Prevalence,7,Democratic People's Republic of Korea,3,Both,22,All ages,499,Cardiomyopathy and myocarditis,3,Rate,2014,21.89665522765,25.077745371939997,18.89385602339
1,All Population,5,Prevalence,139,Algeria,3,Both,22,All ages,499,Cardiomyopathy and myocarditis,3,Rate,2014,33.5331647337,39.74850040704,28.52425496694
1,All Population,5,Prevalence,81,Germany,3,Both,22,All ages,499,Cardiomyopathy and myocarditis,3,Rate,2014,182.71033108302998,209.83349122214,155.20841347171
1,All Population,5,Prevalence,128,Guatemala,3,Both,22,All ages,499,Cardiomyopathy and myocarditis,3,Rate,2014,38.91321614547,47.629636131990004,32.56485966961
1,All Population,5,Prevalence,47,Czechia,3,Both,22,All ages,499,Cardiomyopathy and myocarditis,3,Rate,2014,87.94703096861001,100.02177805433999,74.92852490438
1,All Population,5,Prevalence,186,Seychelles,3,Both,22,All ages,499,Cardiomyopathy and myocarditis,3,Rate,2014,39.35012951218,44.43370562909,34.206205656550004
1,All Population,5,Prevalence,320,Cook Islands,3,Both,22,All ages,499,Cardiomyopathy and myocarditis,3,Rate,2014,10.8114315717,13.38052664089,8.99243265222
1,All Population,5,Prevalence,13,Malaysia,3,Both,22,All ages,499,Cardiomyopathy and myocarditis,3,Rate,2014,35.451415149190005,40.9666402501,29.7037345474
1,All Population,5,Prevalence,94,Switzerland,3,Both,22,All ages,499,Cardiomyopathy and myocarditis,3,Rate,2014,50.25455783634,57.58695084019,42.74911781617
1,All Population,5,Prevalence,152,Saudi Arabia,3,Both,22,All ages,499,Cardiomyopathy and myocarditis,3,Rate,2014,55.36891464346,67.14303432033,46.968749551260004
1,All Population,5,Prevalence,141,Egypt,3,Both,22,All ages,499,Cardiomyopathy and myocarditis,3,Rate,2014,31.180179451780003,38.07330496854,25.019734481180002
1,All Population,5,Prevalence,49,North Macedonia,3,Both,22,All ages,499,Cardiomyopathy and myocarditis,3,Rate,2014,132.67980031589,157.25658706274,109.64773296934999
1,All Population,5,Prevalence,351,Guam,3,Both,22,All ages,499,Cardiomyopathy and myocarditis,3,Rate,2014,41.07076133859,49.348555617159995,34.14880600096
1,All Population,5,Prevalence,200,Benin,3,Both,22,All ages,499,Cardiomyopathy and myocarditis,3,Rate,2014,44.63164865566,59.69537113450001,33.00038797903
1,All Population,5,Prevalence,107,Barbados,3,Both,22,All ages,499,Cardiomyopathy and myocarditis,3,Rate,2014,138.02263221746,161.14964122561,114.55805469882
1,All Population,5,Prevalence,60,Lithuania,3,Both,22,All ages,499,Cardiomyopathy and myocarditis,3,Rate,2014,122.03104458867,147.82281742627,100.09306094111001
1,All Population,5,Prevalence,154,Tunisia,3,Both,22,All ages,499,Cardiomyopathy and myocarditis,3,Rate,2014,36.39354352351,43.39998863604,30.868039873629996
1,All Population,5,Prevalence,86,Italy,3,Both,22,All ages,499,Cardiomyopathy and myocarditis,3,Rate,2014,136.53548332155,163.74307539103,113.59433807468
1,All Population,5,Prevalence,133,Venezuela (Bolivarian Republic of),3,Both,22,All ages,499,Cardiomyopathy and myocarditis,3,Rate,2014,47.74995630601,56.19575179988,40.56311296018
1,All Population,5,Prevalence,367,Monaco,3,Both,22,All ages,499,Cardiomyopathy and myocarditis,3,Rate,2014,201.22143638676002,246.09472203675998,162.22426690542
1,All Population,5,Prevalence,52,Romania,3,Both,22,All ages,499,Cardiomyopathy and myocarditis,3,Rate,2014,143.11559442587,180.07671250954,109.97633496776
1,All Population,5,Prevalence,143,Iraq,3,Both,22,All ages,499,Cardiomyopathy and myocarditis,3,Rate,2014,63.38809864508,76.03358764839,52.66469838269
1,All Population,5,Prevalence,15,Myanmar,3,Both,22,All ages,499,Cardiomyopathy and myocarditis,3,Rate,2014,19.43436672539,22.70969126163,16.57856297086
1,All Population,5,Prevalence,189,United Republic of Tanzania,3,Both,22,All ages,499,Cardiomyopathy and myocarditis,3,Rate,2014,93.07629900751,118.82501039360001,69.94757254958999
1,All Population,5,Prevalence,413,Tokelau,3,Both,22,All ages,499,Cardiomyopathy and myocarditis,3,Rate,2014,41.02276970293,49.270936738429995,33.72434592545
1,All Population,5,Prevalence,180,Kenya,3,Both,22,All ages,499,Cardiomyopathy and myocarditis,3,Rate,2014,84.92449672193,106.87120485733999,65.44452617471
1,All Population,5,Prevalence,202,Cameroon,3,Both,22,All ages,499,Cardiomyopathy and myocarditis,3,Rate,2014,46.30012584863,61.19322522074,34.58120115202
1,All Population,5,Prevalence,146,Lebanon,3,Both,22,All ages,499,Cardiomyopathy and myocarditis,3,Rate,2014,36.09127647946,41.14392562706,31.231049805750004
1,All Population,5,Prevalence,7,Democratic People's Republic of Korea,3,Both,22,All ages,499,Cardiomyopathy and myocarditis,3,Rate,2015,22.01758257342,25.360229536720002,19.04107755392
1,All Population,5,Prevalence,67,Japan,3,Both,22,All ages,499,Cardiomyopathy and myocarditis,3,Rate,2014,119.86579738646999,139.26803229409,102.58223529037
1,All Population,5,Prevalence,109,Cuba,3,Both,22,All ages,499,Cardiomyopathy and myocarditis,3,Rate,2014,105.63716689481,122.12383466748,90.16356366462
1,All Population,5,Prevalence,51,Poland,3,Both,22,All ages,499,Cardiomyopathy and myocarditis,3,Rate,2014,284.82928779594,324.82109309793,250.04880502587
1,All Population,5,Prevalence,156,United Arab Emirates,3,Both,22,All ages,499,Cardiomyopathy and myocarditis,3,Rate,2014,72.55432834956,88.40045824436001,60.01959695579
1,All Population,5,Prevalence,88,Malta,3,Both,22,All ages,499,Cardiomyopathy and myocarditis,3,Rate,2014,67.99352696948999,78.60988864602,58.35010893601999
1,All Population,5,Prevalence,69,Singapore,3,Both,22,All ages,499,Cardiomyopathy and myocarditis,3,Rate,2014,54.558864861960004,61.91847273387,47.4026437973
1,All Population,5,Prevalence,75,Austria,3,Both,22,All ages,499,Cardiomyopathy and myocarditis,3,Rate,2014,184.87165024121,209.89140561091,159.87457767472
1,All Population,5,Prevalence,54,Slovakia,3,Both,22,All ages,499,Cardiomyopathy and myocarditis,3,Rate,2014,77.45583192802,88.66629796402,65.91344807243
1,All Population,5,Prevalence,62,Russian Federation,3,Both,22,All ages,499,Cardiomyopathy and myocarditis,3,Rate,2014,164.89368645586,188.3418813337,141.93591275112
1,All Population,5,Prevalence,204,Chad,3,Both,22,All ages,499,Cardiomyopathy and myocarditis,3,Rate,2014,39.74639747239,54.077450873699995,28.93277847636
1,All Population,5,Prevalence,17,Sri Lanka,3,Both,22,All ages,499,Cardiomyopathy and myocarditis,3,Rate,2014,33.97733786927,39.20471221857,28.620049447939998
1,All Population,5,Prevalence,11,Indonesia,3,Both,22,All ages,499,Cardiomyopathy and myocarditis,3,Rate,2014,22.83376605075,26.266952103130002,19.08172066948
1,All Population,5,Prevalence,99,Uruguay,3,Both,22,All ages,499,Cardiomyopathy and myocarditis,3,Rate,2014,96.31844014421999,115.32394682927001,80.07982984025
1,All Population,5,Prevalence,41,Uzbekistan,3,Both,22,All ages,499,Cardiomyopathy and myocarditis,3,Rate,2014,17.06703240896,20.31464900761,14.22761169414
1,All Population,5,Prevalence,161,Bangladesh,3,Both,22,All ages,499,Cardiomyopathy and myocarditis,3,Rate,2014,40.45538980853,46.41732167091,34.41245355652
1,All Population,5,Prevalence,422,United States Virgin Islands,3,Both,22,All ages,499,Cardiomyopathy and myocarditis,3,Rate,2014,105.99754828155,123.7651797251,88.47041740832
1,All Population,5,Prevalence,71,Australia,3,Both,22,All ages,499,Cardiomyopathy and myocarditis,3,Rate,2014,167.03516284723,189.81289482312,142.46317015177002
1,All Population,5,Prevalence,111,Dominican Republic,3,Both,22,All ages,499,Cardiomyopathy and myocarditis,3,Rate,2014,56.714402114399995,66.57604233136,48.426380264870005
1,All Population,5,Prevalence,135,Brazil,3,Both,22,All ages,499,Cardiomyopathy and myocarditis,3,Rate,2014,120.7734769436,138.06349937074998,101.94225028126999
1,All Population,5,Prevalence,6,China,3,Both,22,All ages,499,Cardiomyopathy and myocarditis,3,Rate,2014,25.64434199598,29.283269556149996,21.82488407765
1,All Population,5,Prevalence,207,Ghana,3,Both,22,All ages,499,Cardiomyopathy and myocarditis,3,Rate,2014,55.70156665906,75.59248084089,41.05797116696
1,All Population,5,Prevalence,374,Niue,3,Both,22,All ages,499,Cardiomyopathy and myocarditis,3,Rate,2014,32.94839301815,38.70235086107,27.34693286359
1,All Population,5,Prevalence,53,Serbia,3,Both,22,All ages,499,Cardiomyopathy and myocarditis,3,Rate,2014,99.77536514552,121.50858416531999,77.79451199878
1,All Population,5,Prevalence,163,India,3,Both,22,All ages,499,Cardiomyopathy and myocarditis,3,Rate,2014,39.34344387012,45.01524063794,33.44512530395
1,All Population,5,Prevalence,194,Lesotho,3,Both,22,All ages,499,Cardiomyopathy and myocarditis,3,Rate,2014,70.93284508477,89.7706004863,53.40396978243
1,All Population,5,Prevalence,114,Haiti,3,Both,22,All ages,499,Cardiomyopathy and myocarditis,3,Rate,2014,43.46543966412,50.550281944549994,37.37071806861
1,All Population,5,Prevalence,101,Canada,3,Both,22,All ages,499,Cardiomyopathy and myocarditis,3,Rate,2014,140.95828116018,163.94815160077,116.79163829685
1,All Population,5,Prevalence,89,Netherlands,3,Both,22,All ages,499,Cardiomyopathy and myocarditis,3,Rate,2014,100.59415295522001,117.79037572838,84.96714461602001
1,All Population,5,Prevalence,148,Morocco,3,Both,22,All ages,499,Cardiomyopathy and myocarditis,3,Rate,2014,40.17707378841,49.14422128677,33.51255946439
1,All Population,5,Prevalence,55,Slovenia,3,Both,22,All ages,499,Cardiomyopathy and myocarditis,3,Rate,2014,248.87170549537,289.66521202462,201.64174419863
1,All Population,5,Prevalence,147,Libya,3,Both,22,All ages,499,Cardiomyopathy and myocarditis,3,Rate,2014,38.62941607548,47.788575893689995,31.487313791500004
1,All Population,5,Prevalence,8,Taiwan,3,Both,22,All ages,499,Cardiomyopathy and myocarditis,3,Rate,2014,45.64877209282,52.7459958708,38.64847957549
1,All Population,5,Prevalence,215,Sao Tome and Principe,3,Both,22,All ages,499,Cardiomyopathy and myocarditis,3,Rate,2014,55.84036851846,75.39130920905,41.39794575354
1,All Population,5,Prevalence,77,Cyprus,3,Both,22,All ages,499,Cardiomyopathy and myocarditis,3,Rate,2014,45.83711427331,52.73882821815,38.59535079133
1,All Population,5,Prevalence,30,Vanuatu,3,Both,22,All ages,499,Cardiomyopathy and myocarditis,3,Rate,2014,23.21461639901,28.49917142493,19.108536754179998
1,All Population,5,Prevalence,380,Palau,3,Both,22,All ages,499,Cardiomyopathy and myocarditis,3,Rate,2014,23.53443295452,27.541828868799996,19.79168988268
1,All Population,5,Prevalence,196,South Africa,3,Both,22,All ages,499,Cardiomyopathy and myocarditis,3,Rate,2014,69.10573201211,89.18024375526,52.09382989776
1,All Population,5,Prevalence,122,Ecuador,3,Both,22,All ages,499,Cardiomyopathy and myocarditis,3,Rate,2014,34.967924816069996,40.97657353097,29.22097381493
1,All Population,5,Prevalence,160,Afghanistan,3,Both,22,All ages,499,Cardiomyopathy and myocarditis,3,Rate,2014,18.96650732433,23.204582128520002,15.38293337114
1,All Population,5,Prevalence,376,Northern Mariana Islands,3,Both,22,All ages,499,Cardiomyopathy and myocarditis,3,Rate,2014,42.648531537640004,50.60177055842,35.04529332206
1,All Population,5,Prevalence,113,Guyana,3,Both,22,All ages,499,Cardiomyopathy and myocarditis,3,Rate,2014,50.77073730431,58.70479439174,42.64174479575
1,All Population,5,Prevalence,195,Namibia,3,Both,22,All ages,499,Cardiomyopathy and myocarditis,3,Rate,2014,79.59781586893,104.98597213575,61.152876002060005
1,All Population,5,Prevalence,14,Maldives,3,Both,22,All ages,499,Cardiomyopathy and myocarditis,3,Rate,2014,25.95668664645,30.008463040389998,22.05771746048
1,All Population,5,Prevalence,102,United States of America,3,Both,22,All ages,499,Cardiomyopathy and myocarditis,3,Rate,2014,160.31996494766,181.50446852399,140.10214443964
1,All Population,5,Prevalence,68,Republic of Korea,3,Both,22,All ages,499,Cardiomyopathy and myocarditis,3,Rate,2014,84.9381299668,97.22627795468,72.28082850778
1,All Population,5,Prevalence,116,Saint Lucia,3,Both,22,All ages,499,Cardiomyopathy and myocarditis,3,Rate,2014,125.4575566478,147.08311760183,105.56120028548
1,All Population,5,Prevalence,165,Pakistan,3,Both,22,All ages,499,Cardiomyopathy and myocarditis,3,Rate,2014,37.42577615009,43.23706790255,31.66431289134
1,All Population,5,Prevalence,61,Republic of Moldova,3,Both,22,All ages,499,Cardiomyopathy and myocarditis,3,Rate,2014,70.56375264633,85.85265300206,57.763641366719995
1,All Population,5,Prevalence,208,Guinea,3,Both,22,All ages,499,Cardiomyopathy and myocarditis,3,Rate,2014,43.96140206854,58.398285455350006,32.779695920680005
1,All Population,5,Prevalence,50,Montenegro,3,Both,22,All ages,499,Cardiomyopathy and myocarditis,3,Rate,2014,217.50413226274,259.18740209474004,182.18687482509
1,All Population,5,Prevalence,150,Oman,3,Both,22,All ages,499,Cardiomyopathy and myocarditis,3,Rate,2014,68.52796182628,80.62663170917,57.95816382493
1,All Population,5,Prevalence,43,Albania,3,Both,22,All ages,499,Cardiomyopathy and myocarditis,3,Rate,2014,101.68930701567,120.3329454469,83.99722127335001
1,All Population,5,Prevalence,108,Belize,3,Both,22,All ages,499,Cardiomyopathy and myocarditis,3,Rate,2014,71.92998509018,84.51366315337,60.27670578136
1,All Population,5,Prevalence,97,Argentina,3,Both,22,All ages,499,Cardiomyopathy and myocarditis,3,Rate,2014,117.51503853969999,140.87372886323,97.81408171190999
1,All Population,5,Prevalence,11,Indonesia,3,Both,22,All ages,499,Cardiomyopathy and myocarditis,3,Rate,2015,23.01452954145,26.495869247260003,19.20910200187
1,All Population,5,Prevalence,169,Central African Republic,3,Both,22,All ages,499,Cardiomyopathy and myocarditis,3,Rate,2014,57.689404083010004,76.04138095918,43.62162221554
1,All Population,5,Prevalence,214,Nigeria,3,Both,22,All ages,499,Cardiomyopathy and myocarditis,3,Rate,2014,68.11409163934,87.61631963834,53.19527948283999
1,All Population,5,Prevalence,43,Albania,3,Both,22,All ages,499,Cardiomyopathy and myocarditis,3,Rate,2015,104.55860312612,124.29238494197001,86.45325337805001
1,All Population,5,Prevalence,66,Brunei Darussalam,3,Both,22,All ages,499,Cardiomyopathy and myocarditis,3,Rate,2014,77.01511378792,90.17416239277,65.09072342739
1,All Population,5,Prevalence,149,Palestine,3,Both,22,All ages,499,Cardiomyopathy and myocarditis,3,Rate,2014,63.477779155140006,77.67476344452,52.45423614490999
1,All Population,5,Prevalence,155,Türkiye,3,Both,22,All ages,499,Cardiomyopathy and myocarditis,3,Rate,2014,47.19050206258,55.96461909274,39.89401780424
1,All Population,5,Prevalence,19,Timor-Leste,3,Both,22,All ages,499,Cardiomyopathy and myocarditis,3,Rate,2014,19.04809132708,22.26222619085,15.92533514791
1,All Population,5,Prevalence,90,Norway,3,Both,22,All ages,499,Cardiomyopathy and myocarditis,3,Rate,2014,90.52282765189,102.16085200081,77.55855373484
1,All Population,5,Prevalence,79,Finland,3,Both,22,All ages,499,Cardiomyopathy and myocarditis,3,Rate,2014,116.7192976591,132.75512667571002,101.57400932214999
1,All Population,5,Prevalence,217,Sierra Leone,3,Both,22,All ages,499,Cardiomyopathy and myocarditis,3,Rate,2014,46.85581845882,63.05276957999,34.655721124850004
1,All Population,5,Prevalence,54,Slovakia,3,Both,22,All ages,499,Cardiomyopathy and myocarditis,3,Rate,2015,78.97843292668,91.07076288991,67.17819246942
1,All Population,5,Prevalence,67,Japan,3,Both,22,All ages,499,Cardiomyopathy and myocarditis,3,Rate,2015,121.40368191442,141.41113441311998,103.55809374337001
1,All Population,5,Prevalence,298,American Samoa,3,Both,22,All ages,499,Cardiomyopathy and myocarditis,3,Rate,2014,58.25590366115,69.38156467767,47.82176122
1,All Population,5,Prevalence,162,Bhutan,3,Both,22,All ages,499,Cardiomyopathy and myocarditis,3,Rate,2014,45.11828696431,52.26730611515,38.04827579204
1,All Population,5,Prevalence,171,Democratic Republic of the Congo,3,Both,22,All ages,499,Cardiomyopathy and myocarditis,3,Rate,2014,66.15281118816,87.64700533257,49.503573564949996
1,All Population,5,Prevalence,101,Canada,3,Both,22,All ages,499,Cardiomyopathy and myocarditis,3,Rate,2015,141.59947742645,165.9260950498,117.12570989676
1,All Population,5,Prevalence,121,Bolivia (Plurinational State of),3,Both,22,All ages,499,Cardiomyopathy and myocarditis,3,Rate,2014,35.79995293911,42.88776518872,29.89421830792
1,All Population,5,Prevalence,203,Cabo Verde,3,Both,22,All ages,499,Cardiomyopathy and myocarditis,3,Rate,2014,63.91093451806,84.09133392073001,46.94353234152
1,All Population,5,Prevalence,57,Belarus,3,Both,22,All ages,499,Cardiomyopathy and myocarditis,3,Rate,2014,101.28124662584,121.67521644872001,83.84698870122
1,All Population,5,Prevalence,393,Saint Kitts and Nevis,3,Both,22,All ages,499,Cardiomyopathy and myocarditis,3,Rate,2014,117.56070702047,135.87936315948,100.0742402631
1,All Population,5,Prevalence,51,Poland,3,Both,22,All ages,499,Cardiomyopathy and myocarditis,3,Rate,2015,288.40784847463,328.48088466083,252.52601169738
1,All Population,5,Prevalence,105,Antigua and Barbuda,3,Both,22,All ages,499,Cardiomyopathy and myocarditis,3,Rate,2014,68.87460684928,78.51976645472,59.25467183237
1,All Population,5,Prevalence,58,Estonia,3,Both,22,All ages,499,Cardiomyopathy and myocarditis,3,Rate,2014,104.5352086973,124.59773315257999,86.33119838055
1,All Population,5,Prevalence,63,Ukraine,3,Both,22,All ages,499,Cardiomyopathy and myocarditis,3,Rate,2014,126.81708406062,144.51070606098,109.93589289430999
1,All Population,5,Prevalence,16,Philippines,3,Both,22,All ages,499,Cardiomyopathy and myocarditis,3,Rate,2014,25.57648680453,29.984674800260002,21.2115320224
1,All Population,5,Prevalence,114,Haiti,3,Both,22,All ages,499,Cardiomyopathy and myocarditis,3,Rate,2015,43.76253614623,50.53790460841999,37.57655143515
1,All Population,5,Prevalence,10,Cambodia,3,Both,22,All ages,499,Cardiomyopathy and myocarditis,3,Rate,2014,15.87861879116,18.33370332441,13.62602548772
1,All Population,5,Prevalence,197,Eswatini,3,Both,22,All ages,499,Cardiomyopathy and myocarditis,3,Rate,2014,72.73198675905999,92.10158456639,54.9999588796
1,All Population,5,Prevalence,23,Kiribati,3,Both,22,All ages,499,Cardiomyopathy and myocarditis,3,Rate,2014,17.986997360590003,20.70716020829,15.120765099920002
1,All Population,5,Prevalence,198,Zimbabwe,3,Both,22,All ages,499,Cardiomyopathy and myocarditis,3,Rate,2014,86.02830008222,108.29676504397999,66.19128254005
1,All Population,5,Prevalence,209,Guinea-Bissau,3,Both,22,All ages,499,Cardiomyopathy and myocarditis,3,Rate,2014,42.06137168958,55.939113902859994,31.03476775372
1,All Population,5,Prevalence,126,Costa Rica,3,Both,22,All ages,499,Cardiomyopathy and myocarditis,3,Rate,2014,77.25427963726,88.90749112145001,66.39647507284
1,All Population,5,Prevalence,17,Sri Lanka,3,Both,22,All ages,499,Cardiomyopathy and myocarditis,3,Rate,2015,34.18764864882,39.42082375489,28.868882387449997
1,All Population,5,Prevalence,69,Singapore,3,Both,22,All ages,499,Cardiomyopathy and myocarditis,3,Rate,2015,54.42981426491,62.14792418674,47.07990174737
1,All Population,5,Prevalence,182,Malawi,3,Both,22,All ages,499,Cardiomyopathy and myocarditis,3,Rate,2014,80.47856482756,103.39277033512,60.70065910641
1,All Population,5,Prevalence,118,Suriname,3,Both,22,All ages,499,Cardiomyopathy and myocarditis,3,Rate,2014,64.60509746988,74.98109581813999,55.603693601799996
1,All Population,5,Prevalence,207,Ghana,3,Both,22,All ages,499,Cardiomyopathy and myocarditis,3,Rate,2015,55.98775830462,75.75755909377,41.21834468377
1,All Population,5,Prevalence,122,Ecuador,3,Both,22,All ages,499,Cardiomyopathy and myocarditis,3,Rate,2015,34.80164372848,40.893927437740004,28.8800997107
1,All Population,5,Prevalence,196,South Africa,3,Both,22,All ages,499,Cardiomyopathy and myocarditis,3,Rate,2015,69.83532726464999,90.07242807045999,52.64599198389
1,All Population,5,Prevalence,173,Gabon,3,Both,22,All ages,499,Cardiomyopathy and myocarditis,3,Rate,2014,78.28678361122,104.19853672299,58.47289516923
1,All Population,5,Prevalence,111,Dominican Republic,3,Both,22,All ages,499,Cardiomyopathy and myocarditis,3,Rate,2015,56.856278193150004,67.0195909695,48.4398586932
1,All Population,5,Prevalence,385,Puerto Rico,3,Both,22,All ages,499,Cardiomyopathy and myocarditis,3,Rate,2014,95.02493455801999,111.55970229304,80.37164839903
1,All Population,5,Prevalence,115,Jamaica,3,Both,22,All ages,499,Cardiomyopathy and myocarditis,3,Rate,2014,77.84929375071,90.28607454108,66.27654096514999
1,All Population,5,Prevalence,29,Tonga,3,Both,22,All ages,499,Cardiomyopathy and myocarditis,3,Rate,2014,39.10155130864,46.82071524584,31.84510454588
1,All Population,5,Prevalence,161,Bangladesh,3,Both,22,All ages,499,Cardiomyopathy and myocarditis,3,Rate,2015,41.143458987529996,46.90298745879,34.94974465341
1,All Population,5,Prevalence,75,Austria,3,Both,22,All ages,499,Cardiomyopathy and myocarditis,3,Rate,2015,184.68605854534,211.07388512098,158.74379680321
1,All Population,5,Prevalence,211,Mali,3,Both,22,All ages,499,Cardiomyopathy and myocarditis,3,Rate,2014,42.100562423259994,55.57054904711,31.399407691689998
1,All Population,5,Prevalence,148,Morocco,3,Both,22,All ages,499,Cardiomyopathy and myocarditis,3,Rate,2015,40.06313420644,49.02393858755,33.34839122105
1,All Population,5,Prevalence,30,Vanuatu,3,Both,22,All ages,499,Cardiomyopathy and myocarditis,3,Rate,2015,23.33395038142,28.779279563499998,19.21761985965
1,All Population,5,Prevalence,184,Mozambique,3,Both,22,All ages,499,Cardiomyopathy and myocarditis,3,Rate,2014,63.44800418328,79.26564980861001,49.38005322051001
1,All Population,5,Prevalence,217,Sierra Leone,3,Both,22,All ages,499,Cardiomyopathy and myocarditis,3,Rate,2015,46.97423947829,63.36768016039,34.82108278781
1,All Population,5,Prevalence,168,Angola,3,Both,22,All ages,499,Cardiomyopathy and myocarditis,3,Rate,2014,63.623069317079995,83.34997451763,48.16856642136
1,All Population,5,Prevalence,169,Central African Republic,3,Both,22,All ages,499,Cardiomyopathy and myocarditis,3,Rate,2015,58.05434446707999,76.58034828792,43.455624054119994
1,All Population,5,Prevalence,66,Brunei Darussalam,3,Both,22,All ages,499,Cardiomyopathy and myocarditis,3,Rate,2015,77.02750879011,89.65435028416,65.08615644345
1,All Population,5,Prevalence,71,Australia,3,Both,22,All ages,499,Cardiomyopathy and myocarditis,3,Rate,2015,167.77815700875,192.77221251997,144.44610079772
1,All Population,5,Prevalence,216,Senegal,3,Both,22,All ages,499,Cardiomyopathy and myocarditis,3,Rate,2014,32.51220212177,44.49239069017,23.96303170232
1,All Population,5,Prevalence,110,Dominica,3,Both,22,All ages,499,Cardiomyopathy and myocarditis,3,Rate,2014,145.24288781040002,169.84549856541,121.34474456287
1,All Population,5,Prevalence,116,Saint Lucia,3,Both,22,All ages,499,Cardiomyopathy and myocarditis,3,Rate,2015,127.13300438381,149.71410370535,106.70247313307999
1,All Population,5,Prevalence,151,Qatar,3,Both,22,All ages,499,Cardiomyopathy and myocarditis,3,Rate,2014,60.04894682132,70.80684309645001,50.64567277623
1,All Population,5,Prevalence,19,Timor-Leste,3,Both,22,All ages,499,Cardiomyopathy and myocarditis,3,Rate,2015,19.33642297786,22.66970668855,16.05137740285
1,All Population,5,Prevalence,22,Fiji,3,Both,22,All ages,499,Cardiomyopathy and myocarditis,3,Rate,2014,19.87504075214,23.66356587625,16.57348683751
1,All Population,5,Prevalence,22,Fiji,3,Both,22,All ages,499,Cardiomyopathy and myocarditis,3,Rate,2015,20.08921990959,23.97582850219,16.71990278446
1,All Population,5,Prevalence,380,Palau,3,Both,22,All ages,499,Cardiomyopathy and myocarditis,3,Rate,2015,23.718994274249997,27.76394503306,19.81011327801
1,All Population,5,Prevalence,163,India,3,Both,22,All ages,499,Cardiomyopathy and myocarditis,3,Rate,2015,39.84529568523,45.58910475258,33.78698052612
1,All Population,5,Prevalence,198,Zimbabwe,3,Both,22,All ages,499,Cardiomyopathy and myocarditis,3,Rate,2015,86.45982241311,109.82794516808998,66.35373371188
1,All Population,5,Prevalence,150,Oman,3,Both,22,All ages,499,Cardiomyopathy and myocarditis,3,Rate,2015,68.52297871481001,80.85869494383999,57.5488851777
1,All Population,5,Prevalence,213,Niger,3,Both,22,All ages,499,Cardiomyopathy and myocarditis,3,Rate,2014,40.56557940779,54.51302724573,29.9987836959
1,All Population,5,Prevalence,210,Liberia,3,Both,22,All ages,499,Cardiomyopathy and myocarditis,3,Rate,2014,47.31772389552,64.75781428158,34.86390456541
1,All Population,5,Prevalence,176,Comoros,3,Both,22,All ages,499,Cardiomyopathy and myocarditis,3,Rate,2014,102.52482060324999,129.4524479064,77.21665598592
1,All Population,5,Prevalence,182,Malawi,3,Both,22,All ages,499,Cardiomyopathy and myocarditis,3,Rate,2015,80.93493283727,103.69902638765001,60.78695002132
1,All Population,5,Prevalence,90,Norway,3,Both,22,All ages,499,Cardiomyopathy and myocarditis,3,Rate,2015,91.70846327148,103.49400154553001,78.40008697044
1,All Population,5,Prevalence,24,Marshall Islands,3,Both,22,All ages,499,Cardiomyopathy and myocarditis,3,Rate,2015,22.54584991013,28.349714522190002,18.0781582173
1,All Population,5,Prevalence,72,New Zealand,3,Both,22,All ages,499,Cardiomyopathy and myocarditis,3,Rate,2014,120.44578673325,134.14827009857,104.80203370348
1,All Population,5,Prevalence,130,Mexico,3,Both,22,All ages,499,Cardiomyopathy and myocarditis,3,Rate,2014,37.17371178439,43.78204494606,31.03174375995
1,All Population,5,Prevalence,117,Saint Vincent and the Grenadines,3,Both,22,All ages,499,Cardiomyopathy and myocarditis,3,Rate,2014,44.73006913469,51.82665053961001,38.20518409318
1,All Population,5,Prevalence,209,Guinea-Bissau,3,Both,22,All ages,499,Cardiomyopathy and myocarditis,3,Rate,2015,42.2586102044,56.155107847749996,31.27552374929
1,All Population,5,Prevalence,165,Pakistan,3,Both,22,All ages,499,Cardiomyopathy and myocarditis,3,Rate,2015,37.71803709671,43.62732158755,31.8623108467
1,All Population,5,Prevalence,164,Nepal,3,Both,22,All ages,499,Cardiomyopathy and myocarditis,3,Rate,2014,42.8546730904,50.16794247215,36.87910354678
1,All Population,5,Prevalence,36,Kazakhstan,3,Both,22,All ages,499,Cardiomyopathy and myocarditis,3,Rate,2014,157.49155593921,183.39073799297,133.12334693384
1,All Population,5,Prevalence,175,Burundi,3,Both,22,All ages,499,Cardiomyopathy and myocarditis,3,Rate,2014,82.68332624232,107.20476014034,62.250465069460006
1,All Population,5,Prevalence,25,Micronesia (Federated States of),3,Both,22,All ages,499,Cardiomyopathy and myocarditis,3,Rate,2014,24.18466424747,29.785390562110003,19.76798579274
1,All Population,5,Prevalence,12,Lao People's Democratic Republic,3,Both,22,All ages,499,Cardiomyopathy and myocarditis,3,Rate,2014,15.550754150369999,18.0449355602,13.15702266262
1,All Population,5,Prevalence,123,Peru,3,Both,22,All ages,499,Cardiomyopathy and myocarditis,3,Rate,2014,36.95610268082,44.03286104757,31.13039433458
1,All Population,5,Prevalence,18,Thailand,3,Both,22,All ages,499,Cardiomyopathy and myocarditis,3,Rate,2014,16.54221690788,19.36670369379,14.12049662086
1,All Population,5,Prevalence,129,Honduras,3,Both,22,All ages,499,Cardiomyopathy and myocarditis,3,Rate,2015,44.26428410103,53.850838480810005,37.37143740355
1,All Population,5,Prevalence,58,Estonia,3,Both,22,All ages,499,Cardiomyopathy and myocarditis,3,Rate,2015,101.82321365325,120.68035439911999,84.81549287354001
1,All Population,5,Prevalence,59,Latvia,3,Both,22,All ages,499,Cardiomyopathy and myocarditis,3,Rate,2014,194.31328867745,232.85317385841998,158.75810935549
1,All Population,5,Prevalence,77,Cyprus,3,Both,22,All ages,499,Cardiomyopathy and myocarditis,3,Rate,2015,46.13486109394,53.78517507314999,38.85516335246
1,All Population,5,Prevalence,184,Mozambique,3,Both,22,All ages,499,Cardiomyopathy and myocarditis,3,Rate,2015,63.567162204309994,79.18720949278,49.365005201180004
1,All Population,5,Prevalence,157,Yemen,3,Both,22,All ages,499,Cardiomyopathy and myocarditis,3,Rate,2014,26.481464164920002,33.220520484219996,21.45495559218
1,All Population,5,Prevalence,171,Democratic Republic of the Congo,3,Both,22,All ages,499,Cardiomyopathy and myocarditis,3,Rate,2015,66.32754029377,88.19626907755,49.80502813498
1,All Population,5,Prevalence,118,Suriname,3,Both,22,All ages,499,Cardiomyopathy and myocarditis,3,Rate,2015,65.15715806379,75.13306732182,55.98031643374
1,All Population,5,Prevalence,435,South Sudan,3,Both,22,All ages,499,Cardiomyopathy and myocarditis,3,Rate,2014,81.29642316205,105.67807799357,62.13563682501
1,All Population,5,Prevalence,205,Côte d'Ivoire,3,Both,22,All ages,499,Cardiomyopathy and myocarditis,3,Rate,2014,46.8244294691,64.15573890151,35.15353758795
1,All Population,5,Prevalence,126,Costa Rica,3,Both,22,All ages,499,Cardiomyopathy and myocarditis,3,Rate,2015,77.94324090719,90.18379492099,66.69387327276999
1,All Population,5,Prevalence,139,Algeria,3,Both,22,All ages,499,Cardiomyopathy and myocarditis,3,Rate,2015,33.71026670126,39.81777562464,28.512899670579998
1,All Population,5,Prevalence,76,Belgium,3,Both,22,All ages,499,Cardiomyopathy and myocarditis,3,Rate,2014,86.78917070699,96.77691943859,76.8866345677
1,All Population,5,Prevalence,136,Paraguay,3,Both,22,All ages,499,Cardiomyopathy and myocarditis,3,Rate,2014,60.18061639341,70.51912345093,50.16850732264
1,All Population,5,Prevalence,170,Congo,3,Both,22,All ages,499,Cardiomyopathy and myocarditis,3,Rate,2014,69.51691743699,90.78589279121,52.52068094416
1,All Population,5,Prevalence,92,Spain,3,Both,22,All ages,499,Cardiomyopathy and myocarditis,3,Rate,2015,144.69706462871,167.77453557181,123.2448859738
1,All Population,5,Prevalence,24,Marshall Islands,3,Both,22,All ages,499,Cardiomyopathy and myocarditis,3,Rate,2016,22.61472276192,28.32093051624,18.202127828549997
1,All Population,5,Prevalence,129,Honduras,3,Both,22,All ages,499,Cardiomyopathy and myocarditis,3,Rate,2014,44.05236748584,53.5240148982,37.02475375754
1,All Population,5,Prevalence,24,Marshall Islands,3,Both,22,All ages,499,Cardiomyopathy and myocarditis,3,Rate,2014,22.455239268609997,27.9995426639,17.99163094896
1,All Population,5,Prevalence,105,Antigua and Barbuda,3,Both,22,All ages,499,Cardiomyopathy and myocarditis,3,Rate,2015,70.45562168373,80.20613131433,59.54429839148
1,All Population,5,Prevalence,84,Ireland,3,Both,22,All ages,499,Cardiomyopathy and myocarditis,3,Rate,2015,95.17321415731,113.35355487189,80.73848974701001
1,All Population,5,Prevalence,218,Togo,3,Both,22,All ages,499,Cardiomyopathy and myocarditis,3,Rate,2014,47.71893666563,63.69281249150001,35.821463495109995
1,All Population,5,Prevalence,112,Grenada,3,Both,22,All ages,499,Cardiomyopathy and myocarditis,3,Rate,2014,105.86624867057,121.78082324643002,88.06365024044001
1,All Population,5,Prevalence,83,Iceland,3,Both,22,All ages,499,Cardiomyopathy and myocarditis,3,Rate,2014,25.55555491363,29.33827343019,22.33494908812
1,All Population,5,Prevalence,298,American Samoa,3,Both,22,All ages,499,Cardiomyopathy and myocarditis,3,Rate,2015,57.88268752577,69.4285284954,47.50682057462
1,All Population,5,Prevalence,132,Panama,3,Both,22,All ages,499,Cardiomyopathy and myocarditis,3,Rate,2014,90.01352423252,104.61648985250001,76.87066287382001
1,All Population,5,Prevalence,26,Papua New Guinea,3,Both,22,All ages,499,Cardiomyopathy and myocarditis,3,Rate,2015,21.701837648079998,26.00742053053,18.19310268871
1,All Population,5,Prevalence,119,Trinidad and Tobago,3,Both,22,All ages,499,Cardiomyopathy and myocarditis,3,Rate,2014,52.36339948409,60.11458851261,44.69654917296
1,All Population,5,Prevalence,173,Gabon,3,Both,22,All ages,499,Cardiomyopathy and myocarditis,3,Rate,2015,78.51263999437,105.53199761130999,58.74060914359001
1,All Population,5,Prevalence,125,Colombia,3,Both,22,All ages,499,Cardiomyopathy and myocarditis,3,Rate,2014,55.289229775669995,64.86529946577,46.643277658260004
1,All Population,5,Prevalence,45,Bulgaria,3,Both,22,All ages,499,Cardiomyopathy and myocarditis,3,Rate,2016,30.74856072857,36.79150258826,25.26930816297
1,All Population,5,Prevalence,38,Mongolia,3,Both,22,All ages,499,Cardiomyopathy and myocarditis,3,Rate,2014,72.34016646051,86.34462305397,60.24828447037
1,All Population,5,Prevalence,91,Portugal,3,Both,22,All ages,499,Cardiomyopathy and myocarditis,3,Rate,2014,75.17902873608999,90.96815211273,60.70298582796
1,All Population,5,Prevalence,71,Australia,3,Both,22,All ages,499,Cardiomyopathy and myocarditis,3,Rate,2016,168.91274422714,194.36418980703002,144.86947901859
1,All Population,5,Prevalence,129,Honduras,3,Both,22,All ages,499,Cardiomyopathy and myocarditis,3,Rate,2016,44.50009222682,54.02446343298,37.564617237570005
1,All Population,5,Prevalence,183,Mauritius,3,Both,22,All ages,499,Cardiomyopathy and myocarditis,3,Rate,2014,28.091880435649998,32.125525339620005,23.62893978116
1,All Population,5,Prevalence,34,Azerbaijan,3,Both,22,All ages,499,Cardiomyopathy and myocarditis,3,Rate,2016,93.69920439916,109.23646568225,77.47233854516
1,All Population,5,Prevalence,186,Seychelles,3,Both,22,All ages,499,Cardiomyopathy and myocarditis,3,Rate,2015,39.36174397195,44.47094588713,34.03847529462
1,All Population,5,Prevalence,33,Armenia,3,Both,22,All ages,499,Cardiomyopathy and myocarditis,3,Rate,2014,55.73706068414,65.33806915914,46.48990194034
1,All Population,5,Prevalence,152,Saudi Arabia,3,Both,22,All ages,499,Cardiomyopathy and myocarditis,3,Rate,2015,55.14455840162,66.80734914144999,46.634982667230005
1,All Population,5,Prevalence,393,Saint Kitts and Nevis,3,Both,22,All ages,499,Cardiomyopathy and myocarditis,3,Rate,2015,118.62000233835,137.73555017473998,100.73147203255
1,All Population,5,Prevalence,45,Bulgaria,3,Both,22,All ages,499,Cardiomyopathy and myocarditis,3,Rate,2015,31.06784413116,37.15407253368,25.62954511703
1,All Population,5,Prevalence,44,Bosnia and Herzegovina,3,Both,22,All ages,499,Cardiomyopathy and myocarditis,3,Rate,2014,165.01130595987001,202.458052941,134.2050872859
1,All Population,5,Prevalence,141,Egypt,3,Both,22,All ages,499,Cardiomyopathy and myocarditis,3,Rate,2015,31.493098863439997,38.640225830549994,25.009801587250003
1,All Population,5,Prevalence,34,Azerbaijan,3,Both,22,All ages,499,Cardiomyopathy and myocarditis,3,Rate,2015,93.1618673283,108.4010427525,77.18682616306
1,All Population,5,Prevalence,20,Viet Nam,3,Both,22,All ages,499,Cardiomyopathy and myocarditis,3,Rate,2014,37.4576197163,43.33043753756,31.72083833516
1,All Population,5,Prevalence,74,Andorra,3,Both,22,All ages,499,Cardiomyopathy and myocarditis,3,Rate,2014,151.59848686995002,178.34373751955,125.29891970493999
1,All Population,5,Prevalence,98,Chile,3,Both,22,All ages,499,Cardiomyopathy and myocarditis,3,Rate,2014,76.11439664323,89.87230495273,63.1538950443
1,All Population,5,Prevalence,211,Mali,3,Both,22,All ages,499,Cardiomyopathy and myocarditis,3,Rate,2015,42.1855310896,55.4116951893,31.428862312019998
1,All Population,5,Prevalence,78,Denmark,3,Both,22,All ages,499,Cardiomyopathy and myocarditis,3,Rate,2014,62.83059938313,73.35199963705,52.06379491095999
1,All Population,5,Prevalence,127,El Salvador,3,Both,22,All ages,499,Cardiomyopathy and myocarditis,3,Rate,2014,37.3023995612,44.23010827262,31.479331283420002
1,All Population,5,Prevalence,305,Bermuda,3,Both,22,All ages,499,Cardiomyopathy and myocarditis,3,Rate,2014,166.40920215872998,196.62940780239003,137.9523335802
1,All Population,5,Prevalence,177,Djibouti,3,Both,22,All ages,499,Cardiomyopathy and myocarditis,3,Rate,2014,97.72504543788,125.48466351905999,75.25333998106
1,All Population,5,Prevalence,212,Mauritania,3,Both,22,All ages,499,Cardiomyopathy and myocarditis,3,Rate,2014,51.39759604488,70.12460757226,38.84742187531
1,All Population,5,Prevalence,93,Sweden,3,Both,22,All ages,499,Cardiomyopathy and myocarditis,3,Rate,2014,173.16420381224,201.07709641017001,148.71407609293
1,All Population,5,Prevalence,131,Nicaragua,3,Both,22,All ages,499,Cardiomyopathy and myocarditis,3,Rate,2015,43.33642853832,51.620028235839996,37.24323279135
1,All Population,5,Prevalence,86,Italy,3,Both,22,All ages,499,Cardiomyopathy and myocarditis,3,Rate,2015,137.12918625612,164.70657689293,113.71133910286001
1,All Population,5,Prevalence,118,Suriname,3,Both,22,All ages,499,Cardiomyopathy and myocarditis,3,Rate,2016,65.46442182098,75.82333122682999,56.59970534944
1,All Population,5,Prevalence,37,Kyrgyzstan,3,Both,22,All ages,499,Cardiomyopathy and myocarditis,3,Rate,2015,54.78686694899,64.03336851616,45.43683346173
1,All Population,5,Prevalence,79,Finland,3,Both,22,All ages,499,Cardiomyopathy and myocarditis,3,Rate,2015,117.33843927744,135.1054319167,100.85109552524
1,All Population,5,Prevalence,37,Kyrgyzstan,3,Both,22,All ages,499,Cardiomyopathy and myocarditis,3,Rate,2016,55.264598856780005,64.63398409637,45.96178545928
1,All Population,5,Prevalence,27,Samoa,3,Both,22,All ages,499,Cardiomyopathy and myocarditis,3,Rate,2014,32.68119045728,39.85125443939,26.50503145051
1,All Population,5,Prevalence,60,Lithuania,3,Both,22,All ages,499,Cardiomyopathy and myocarditis,3,Rate,2015,121.50888492812001,147.41526987978,99.40840742562
1,All Population,5,Prevalence,47,Czechia,3,Both,22,All ages,499,Cardiomyopathy and myocarditis,3,Rate,2016,89.83989990591999,102.86540556002998,75.8535833913
1,All Population,5,Prevalence,85,Israel,3,Both,22,All ages,499,Cardiomyopathy and myocarditis,3,Rate,2014,42.53424247508,49.401440181679995,35.74730224411
1,All Population,5,Prevalence,84,Ireland,3,Both,22,All ages,499,Cardiomyopathy and myocarditis,3,Rate,2016,97.36752078721,115.84887866054,83.43316799285
1,All Population,5,Prevalence,26,Papua New Guinea,3,Both,22,All ages,499,Cardiomyopathy and myocarditis,3,Rate,2016,21.88351498958,26.25308912153,18.35701117563
1,All Population,5,Prevalence,94,Switzerland,3,Both,22,All ages,499,Cardiomyopathy and myocarditis,3,Rate,2015,51.95408135915,59.742286422270006,44.06111254235
1,All Population,5,Prevalence,172,Equatorial Guinea,3,Both,22,All ages,499,Cardiomyopathy and myocarditis,3,Rate,2014,64.88757096014,86.99931290812,48.12658443525
1,All Population,5,Prevalence,176,Comoros,3,Both,22,All ages,499,Cardiomyopathy and myocarditis,3,Rate,2015,102.89543717752,129.09465005332,77.30293157335
1,All Population,5,Prevalence,185,Rwanda,3,Both,22,All ages,499,Cardiomyopathy and myocarditis,3,Rate,2014,87.83272211813,112.23213330394,67.08135706464
1,All Population,5,Prevalence,40,Turkmenistan,3,Both,22,All ages,499,Cardiomyopathy and myocarditis,3,Rate,2014,88.44503288194001,103.77549538826999,74.10189486224
1,All Population,5,Prevalence,413,Tokelau,3,Both,22,All ages,499,Cardiomyopathy and myocarditis,3,Rate,2015,40.887020384959996,49.20755841607,33.59643850591
1,All Population,5,Prevalence,13,Malaysia,3,Both,22,All ages,499,Cardiomyopathy and myocarditis,3,Rate,2015,35.55501748657,41.1044433782,29.61023679286
1,All Population,5,Prevalence,92,Spain,3,Both,22,All ages,499,Cardiomyopathy and myocarditis,3,Rate,2016,146.03973524401002,168.7281332676,124.51001723765
1,All Population,5,Prevalence,396,San Marino,3,Both,22,All ages,499,Cardiomyopathy and myocarditis,3,Rate,2014,164.1377315085,196.30824138959,135.73964549746
1,All Population,5,Prevalence,35,Georgia,3,Both,22,All ages,499,Cardiomyopathy and myocarditis,3,Rate,2014,40.679634889460004,49.00967093308,33.13225300694
1,All Population,5,Prevalence,28,Solomon Islands,3,Both,22,All ages,499,Cardiomyopathy and myocarditis,3,Rate,2015,18.44924040137,22.553138143319998,15.234406935789998
1,All Population,5,Prevalence,131,Nicaragua,3,Both,22,All ages,499,Cardiomyopathy and myocarditis,3,Rate,2016,43.42590877069,51.64488625202,37.242366770029996
1,All Population,5,Prevalence,80,France,3,Both,22,All ages,499,Cardiomyopathy and myocarditis,3,Rate,2014,271.54641723888,308.19596109303,241.35301684105997
1,All Population,5,Prevalence,140,Bahrain,3,Both,22,All ages,499,Cardiomyopathy and myocarditis,3,Rate,2014,73.93517095093,86.75480639282,62.60846132933
1,All Population,5,Prevalence,349,Greenland,3,Both,22,All ages,499,Cardiomyopathy and myocarditis,3,Rate,2014,151.42496577385,180.40675905249998,126.61824390126
1,All Population,5,Prevalence,47,Czechia,3,Both,22,All ages,499,Cardiomyopathy and myocarditis,3,Rate,2015,89.78586414455,102.44221046347,75.83796051131
1,All Population,5,Prevalence,189,United Republic of Tanzania,3,Both,22,All ages,499,Cardiomyopathy and myocarditis,3,Rate,2015,93.18248937324,119.28457149575,69.97140496899
1,All Population,5,Prevalence,179,Ethiopia,3,Both,22,All ages,499,Cardiomyopathy and myocarditis,3,Rate,2014,141.31352168177,170.62434773798,117.14479978330999
1,All Population,5,Prevalence,187,Somalia,3,Both,22,All ages,499,Cardiomyopathy and myocarditis,3,Rate,2014,78.84069395896,100.74436083748,60.07702479492001
1,All Population,5,Prevalence,320,Cook Islands,3,Both,22,All ages,499,Cardiomyopathy and myocarditis,3,Rate,2015,10.78408190809,13.36076258947,8.97284938883
1,All Population,5,Prevalence,81,Germany,3,Both,22,All ages,499,Cardiomyopathy and myocarditis,3,Rate,2016,181.61767213367,209.20476518427998,154.29285627044
1,All Population,5,Prevalence,139,Algeria,3,Both,22,All ages,499,Cardiomyopathy and myocarditis,3,Rate,2016,33.85105161342,39.85890848368,28.52986353568
1,All Population,5,Prevalence,49,North Macedonia,3,Both,22,All ages,499,Cardiomyopathy and myocarditis,3,Rate,2016,139.08678965512001,165.82853701115002,114.87822015509
1,All Population,5,Prevalence,13,Malaysia,3,Both,22,All ages,499,Cardiomyopathy and myocarditis,3,Rate,2016,35.94849267604,41.19012074926,30.05643894154
1,All Population,5,Prevalence,128,Guatemala,3,Both,22,All ages,499,Cardiomyopathy and myocarditis,3,Rate,2015,38.98748011347,47.81219436035,32.51781488102
1,All Population,5,Prevalence,191,Zambia,3,Both,22,All ages,499,Cardiomyopathy and myocarditis,3,Rate,2014,79.84045377027,103.61634183456,59.56934048631
1,All Population,5,Prevalence,213,Niger,3,Both,22,All ages,499,Cardiomyopathy and myocarditis,3,Rate,2015,40.53935627573,54.448803852839994,29.9660847075
1,All Population,5,Prevalence,128,Guatemala,3,Both,22,All ages,499,Cardiomyopathy and myocarditis,3,Rate,2016,39.166412823390004,47.7141180392,32.71318936041
1,All Population,5,Prevalence,154,Tunisia,3,Both,22,All ages,499,Cardiomyopathy and myocarditis,3,Rate,2015,36.53610319284,43.77903651673,30.94576550742
1,All Population,5,Prevalence,88,Malta,3,Both,22,All ages,499,Cardiomyopathy and myocarditis,3,Rate,2015,69.73720530972,80.66472077915999,59.43615130073
1,All Population,5,Prevalence,46,Croatia,3,Both,22,All ages,499,Cardiomyopathy and myocarditis,3,Rate,2014,56.392411618729994,66.22106652094,45.34941133337
1,All Population,5,Prevalence,145,Kuwait,3,Both,22,All ages,499,Cardiomyopathy and myocarditis,3,Rate,2014,24.50338591328,29.047313829799997,20.56557495273
1,All Population,5,Prevalence,87,Luxembourg,3,Both,22,All ages,499,Cardiomyopathy and myocarditis,3,Rate,2014,94.94027911587,108.54392619824,80.78627275615
1,All Population,5,Prevalence,176,Comoros,3,Both,22,All ages,499,Cardiomyopathy and myocarditis,3,Rate,2016,103.57727976611001,129.4861477262,77.67615570337
1,All Population,5,Prevalence,52,Romania,3,Both,22,All ages,499,Cardiomyopathy and myocarditis,3,Rate,2015,145.77131378116002,183.55703598121,111.03433685831999
1,All Population,5,Prevalence,213,Niger,3,Both,22,All ages,499,Cardiomyopathy and myocarditis,3,Rate,2016,40.52403855087,54.228259333779995,29.973497124500003
1,All Population,5,Prevalence,133,Venezuela (Bolivarian Republic of),3,Both,22,All ages,499,Cardiomyopathy and myocarditis,3,Rate,2015,47.63620602478,56.178665860630005,40.3497946978
1,All Population,5,Prevalence,81,Germany,3,Both,22,All ages,499,Cardiomyopathy and myocarditis,3,Rate,2015,183.49942054010998,211.45075297502,154.69494749864
1,All Population,5,Prevalence,201,Burkina Faso,3,Both,22,All ages,499,Cardiomyopathy and myocarditis,3,Rate,2014,44.07598611302,60.11430793272,32.67615786942
1,All Population,5,Prevalence,416,Tuvalu,3,Both,22,All ages,499,Cardiomyopathy and myocarditis,3,Rate,2014,25.33294244462,30.20254462151,20.7792481786
1,All Population,5,Prevalence,95,United Kingdom,3,Both,22,All ages,499,Cardiomyopathy and myocarditis,3,Rate,2014,72.07138856448,80.76659003677,62.350624300170004
1,All Population,5,Prevalence,144,Jordan,3,Both,22,All ages,499,Cardiomyopathy and myocarditis,3,Rate,2016,16.08151391847,19.79050508388,13.385414753360001
1,All Population,5,Prevalence,165,Pakistan,3,Both,22,All ages,499,Cardiomyopathy and myocarditis,3,Rate,2016,38.00419814987,44.09299170369,31.93763666636
1,All Population,5,Prevalence,15,Myanmar,3,Both,22,All ages,499,Cardiomyopathy and myocarditis,3,Rate,2015,19.71796060734,23.0330670672,16.95401166443
1,All Population,5,Prevalence,23,Kiribati,3,Both,22,All ages,499,Cardiomyopathy and myocarditis,3,Rate,2015,18.12355739688,20.92057562845,15.227173158160001
1,All Population,5,Prevalence,369,Nauru,3,Both,22,All ages,499,Cardiomyopathy and myocarditis,3,Rate,2014,21.67047498427,26.94989348393,17.30175473499
1,All Population,5,Prevalence,86,Italy,3,Both,22,All ages,499,Cardiomyopathy and myocarditis,3,Rate,2016,137.46891578439,165.81970139410998,113.21687195898001
1,All Population,5,Prevalence,39,Tajikistan,3,Both,22,All ages,499,Cardiomyopathy and myocarditis,3,Rate,2016,22.175852926599998,27.03547960003,18.35451947857
1,All Population,5,Prevalence,106,Bahamas,3,Both,22,All ages,499,Cardiomyopathy and myocarditis,3,Rate,2014,75.74522554112,88.01522579889,63.468915681080006
1,All Population,5,Prevalence,7,Democratic People's Republic of Korea,3,Both,22,All ages,499,Cardiomyopathy and myocarditis,3,Rate,2016,22.13445694848,25.345826473949998,18.966899449
1,All Population,5,Prevalence,133,Venezuela (Bolivarian Republic of),3,Both,22,All ages,499,Cardiomyopathy and myocarditis,3,Rate,2016,47.4399691341,55.79920749565,40.32465602885
1,All Population,5,Prevalence,142,Iran (Islamic Republic of),3,Both,22,All ages,499,Cardiomyopathy and myocarditis,3,Rate,2014,36.25800912434,42.79273246891,30.17417074687
1,All Population,5,Prevalence,60,Lithuania,3,Both,22,All ages,499,Cardiomyopathy and myocarditis,3,Rate,2016,122.60302553961,148.17482713776,100.36502923155999
1,All Population,5,Prevalence,94,Switzerland,3,Both,22,All ages,499,Cardiomyopathy and myocarditis,3,Rate,2016,53.648268703389995,61.81304938762,45.61333090154
1,All Population,5,Prevalence,39,Tajikistan,3,Both,22,All ages,499,Cardiomyopathy and myocarditis,3,Rate,2015,22.1151304783,26.892807142010003,18.20028619419
1,All Population,5,Prevalence,82,Greece,3,Both,22,All ages,499,Cardiomyopathy and myocarditis,3,Rate,2014,44.659044458320004,51.17556680885,38.02286520055
1,All Population,5,Prevalence,62,Russian Federation,3,Both,22,All ages,499,Cardiomyopathy and myocarditis,3,Rate,2015,165.16638453317,189.13360017722,142.18859123264002
1,All Population,5,Prevalence,190,Uganda,3,Both,22,All ages,499,Cardiomyopathy and myocarditis,3,Rate,2014,58.32297979323,73.61477529061,45.227685308400005
1,All Population,5,Prevalence,178,Eritrea,3,Both,22,All ages,499,Cardiomyopathy and myocarditis,3,Rate,2015,89.70900582653,115.01147063844,68.54322743712
1,All Population,5,Prevalence,48,Hungary,3,Both,22,All ages,499,Cardiomyopathy and myocarditis,3,Rate,2014,115.66264455882,141.83790199780998,94.01496969509
1,All Population,5,Prevalence,181,Madagascar,3,Both,22,All ages,499,Cardiomyopathy and myocarditis,3,Rate,2014,88.21728012948,113.88694272705,67.72367104113
1,All Population,5,Prevalence,143,Iraq,3,Both,22,All ages,499,Cardiomyopathy and myocarditis,3,Rate,2015,63.619923965400005,76.25397664412,53.07872367255
1,All Population,5,Prevalence,393,Saint Kitts and Nevis,3,Both,22,All ages,499,Cardiomyopathy and myocarditis,3,Rate,2016,120.46409776895999,139.3109390862,102.47318726978
1,All Population,5,Prevalence,99,Uruguay,3,Both,22,All ages,499,Cardiomyopathy and myocarditis,3,Rate,2016,96.56571462987,114.87676108424,79.84909974166
1,All Population,5,Prevalence,15,Myanmar,3,Both,22,All ages,499,Cardiomyopathy and myocarditis,3,Rate,2016,19.969226491660002,23.12730536028,17.138811818399997
1,All Population,5,Prevalence,200,Benin,3,Both,22,All ages,499,Cardiomyopathy and myocarditis,3,Rate,2015,44.78065546457,59.6802859232,33.15204315686
1,All Population,5,Prevalence,152,Saudi Arabia,3,Both,22,All ages,499,Cardiomyopathy and myocarditis,3,Rate,2016,55.0691751397,66.28401550813,46.31133741899
1,All Population,5,Prevalence,351,Guam,3,Both,22,All ages,499,Cardiomyopathy and myocarditis,3,Rate,2015,41.07853078338,49.260308463150004,34.09493457571
1,All Population,5,Prevalence,422,United States Virgin Islands,3,Both,22,All ages,499,Cardiomyopathy and myocarditis,3,Rate,2015,107.91606660918,126.0274942132,89.73697732442
1,All Population,5,Prevalence,522,Sudan,3,Both,22,All ages,499,Cardiomyopathy and myocarditis,3,Rate,2014,25.71289672288,31.59719376402,21.26113150058
1,All Population,5,Prevalence,51,Poland,3,Both,22,All ages,499,Cardiomyopathy and myocarditis,3,Rate,2016,291.35234838023,333.19566504526,254.39411948609
1,All Population,5,Prevalence,153,Syrian Arab Republic,3,Both,22,All ages,499,Cardiomyopathy and myocarditis,3,Rate,2014,35.838934336310004,44.966260451459995,29.1361754299
1,All Population,5,Prevalence,12,Lao People's Democratic Republic,3,Both,22,All ages,499,Cardiomyopathy and myocarditis,3,Rate,2015,15.77470127707,18.35372084338,13.34250766857
1,All Population,5,Prevalence,367,Monaco,3,Both,22,All ages,499,Cardiomyopathy and myocarditis,3,Rate,2015,208.92529782614997,255.6961971162,167.39085757939
1,All Population,5,Prevalence,144,Jordan,3,Both,22,All ages,499,Cardiomyopathy and myocarditis,3,Rate,2015,16.19340247131,19.88266913687,13.518845091
1,All Population,5,Prevalence,36,Kazakhstan,3,Both,22,All ages,499,Cardiomyopathy and myocarditis,3,Rate,2015,159.64750226864,185.57216485450002,134.23779069914
1,All Population,5,Prevalence,135,Brazil,3,Both,22,All ages,499,Cardiomyopathy and myocarditis,3,Rate,2015,121.95810936061001,139.82708326548,102.99619699968
1,All Population,5,Prevalence,28,Solomon Islands,3,Both,22,All ages,499,Cardiomyopathy and myocarditis,3,Rate,2016,18.527206132739998,22.48866862223,15.21175743947
1,All Population,5,Prevalence,186,Seychelles,3,Both,22,All ages,499,Cardiomyopathy and myocarditis,3,Rate,2016,39.91267189085,45.02090898746,34.28258771318
1,All Population,5,Prevalence,44,Bosnia and Herzegovina,3,Both,22,All ages,499,Cardiomyopathy and myocarditis,3,Rate,2015,168.46255467547002,207.12429244334,136.51073444374998
1,All Population,5,Prevalence,78,Denmark,3,Both,22,All ages,499,Cardiomyopathy and myocarditis,3,Rate,2015,63.293022415589995,75.47868820764,52.11547425257
1,All Population,5,Prevalence,25,Micronesia (Federated States of),3,Both,22,All ages,499,Cardiomyopathy and myocarditis,3,Rate,2015,24.2654347883,29.746713422950002,19.95593821268
1,All Population,5,Prevalence,117,Saint Vincent and the Grenadines,3,Both,22,All ages,499,Cardiomyopathy and myocarditis,3,Rate,2015,46.112046911659995,53.55099503988,39.38535010848
1,All Population,5,Prevalence,193,Botswana,3,Both,22,All ages,499,Cardiomyopathy and myocarditis,3,Rate,2014,78.69866049154001,102.28610212813,58.968327475440006
1,All Population,5,Prevalence,99,Uruguay,3,Both,22,All ages,499,Cardiomyopathy and myocarditis,3,Rate,2015,96.33155253717,115.72809154548,79.84606304476999
1,All Population,5,Prevalence,59,Latvia,3,Both,22,All ages,499,Cardiomyopathy and myocarditis,3,Rate,2015,197.15291332014002,237.99310492992998,160.90439458614998
1,All Population,5,Prevalence,88,Malta,3,Both,22,All ages,499,Cardiomyopathy and myocarditis,3,Rate,2016,69.82160745745999,80.67623039949001,59.39731357787001
1,All Population,5,Prevalence,320,Cook Islands,3,Both,22,All ages,499,Cardiomyopathy and myocarditis,3,Rate,2016,10.7330479364,13.280272509649999,8.895465924569999
1,All Population,5,Prevalence,20,Viet Nam,3,Both,22,All ages,499,Cardiomyopathy and myocarditis,3,Rate,2015,37.77166596627,43.34683768708,32.04573795004
1,All Population,5,Prevalence,83,Iceland,3,Both,22,All ages,499,Cardiomyopathy and myocarditis,3,Rate,2015,25.65853258407,29.63156430073,22.36030045053
1,All Population,5,Prevalence,136,Paraguay,3,Both,22,All ages,499,Cardiomyopathy and myocarditis,3,Rate,2015,60.13782420296,70.11978300851,50.04965380583
1,All Population,5,Prevalence,49,North Macedonia,3,Both,22,All ages,499,Cardiomyopathy and myocarditis,3,Rate,2015,137.09122561936,162.58453017821,113.29728764570999
1,All Population,5,Prevalence,206,Gambia,3,Both,22,All ages,499,Cardiomyopathy and myocarditis,3,Rate,2014,47.96258017723,63.55160708427,35.46491583166
1,All Population,5,Prevalence,164,Nepal,3,Both,22,All ages,499,Cardiomyopathy and myocarditis,3,Rate,2015,43.328405629209996,50.57598129621,37.27479712953
1,All Population,5,Prevalence,202,Cameroon,3,Both,22,All ages,499,Cardiomyopathy and myocarditis,3,Rate,2015,46.462285204539995,61.25575394556999,34.81480041207
1,All Population,5,Prevalence,146,Lebanon,3,Both,22,All ages,499,Cardiomyopathy and myocarditis,3,Rate,2016,35.88900229656,41.13678822545,31.17610226962
1,All Population,5,Prevalence,156,United Arab Emirates,3,Both,22,All ages,499,Cardiomyopathy and myocarditis,3,Rate,2015,73.91769885174,90.35637373475001,61.16018556841
1,All Population,5,Prevalence,141,Egypt,3,Both,22,All ages,499,Cardiomyopathy and myocarditis,3,Rate,2016,31.666409442130004,38.885439783500004,25.316104595930003
1,All Population,5,Prevalence,62,Russian Federation,3,Both,22,All ages,499,Cardiomyopathy and myocarditis,3,Rate,2016,166.60612241696,190.74829256969,143.28087002255
1,All Population,5,Prevalence,125,Colombia,3,Both,22,All ages,499,Cardiomyopathy and myocarditis,3,Rate,2015,55.63443060399,65.33835130807,46.78076625273
1,All Population,5,Prevalence,178,Eritrea,3,Both,22,All ages,499,Cardiomyopathy and myocarditis,3,Rate,2016,90.39168009053999,114.75787782268,68.66194254787
1,All Population,5,Prevalence,212,Mauritania,3,Both,22,All ages,499,Cardiomyopathy and myocarditis,3,Rate,2015,51.514557489489995,70.17975747052,38.670223560530005
1,All Population,5,Prevalence,180,Kenya,3,Both,22,All ages,499,Cardiomyopathy and myocarditis,3,Rate,2015,85.79197597185,107.95993923214,65.91420620833
1,All Population,5,Prevalence,107,Barbados,3,Both,22,All ages,499,Cardiomyopathy and myocarditis,3,Rate,2016,141.62425183564,165.89433975748,116.95168537402
1,All Population,5,Prevalence,38,Mongolia,3,Both,22,All ages,499,Cardiomyopathy and myocarditis,3,Rate,2015,73.49297285101,88.23979444305,60.71748935812
1,All Population,5,Prevalence,72,New Zealand,3,Both,22,All ages,499,Cardiomyopathy and myocarditis,3,Rate,2015,123.56607529845,138.58349661268,106.72930931929
1,All Population,5,Prevalence,33,Armenia,3,Both,22,All ages,499,Cardiomyopathy and myocarditis,3,Rate,2015,54.782377002450005,64.93600018659,45.52581897909
1,All Population,5,Prevalence,183,Mauritius,3,Both,22,All ages,499,Cardiomyopathy and myocarditis,3,Rate,2015,29.150353226729997,33.37691483574,24.4025275962
1,All Population,5,Prevalence,107,Barbados,3,Both,22,All ages,499,Cardiomyopathy and myocarditis,3,Rate,2015,139.87856446674,164.46270058236,114.92731374310002
1,All Population,5,Prevalence,91,Portugal,3,Both,22,All ages,499,Cardiomyopathy and myocarditis,3,Rate,2015,76.87945381392001,93.79960233153,61.925150167240005
1,All Population,5,Prevalence,413,Tokelau,3,Both,22,All ages,499,Cardiomyopathy and myocarditis,3,Rate,2016,40.78565765363,48.7024109221,33.42278559983
1,All Population,5,Prevalence,80,France,3,Both,22,All ages,499,Cardiomyopathy and myocarditis,3,Rate,2015,275.79126224436,315.26674543956,243.10943463805003
1,All Population,5,Prevalence,177,Djibouti,3,Both,22,All ages,499,Cardiomyopathy and myocarditis,3,Rate,2015,98.37559693007,127.38795091307999,75.36064955596
1,All Population,5,Prevalence,374,Niue,3,Both,22,All ages,499,Cardiomyopathy and myocarditis,3,Rate,2015,32.851333687810005,38.65651267056,27.30508424423
1,All Population,5,Prevalence,200,Benin,3,Both,22,All ages,499,Cardiomyopathy and myocarditis,3,Rate,2016,45.04558117411,59.994940123250004,33.16438194215
1,All Population,5,Prevalence,130,Mexico,3,Both,22,All ages,499,Cardiomyopathy and myocarditis,3,Rate,2015,37.16795520702,43.77155027079,31.041240400419998
1,All Population,5,Prevalence,146,Lebanon,3,Both,22,All ages,499,Cardiomyopathy and myocarditis,3,Rate,2015,35.77702193616,41.263499894080006,31.00969115157
1,All Population,5,Prevalence,41,Uzbekistan,3,Both,22,All ages,499,Cardiomyopathy and myocarditis,3,Rate,2015,17.413687977429998,20.8705502707,14.424969851039998
1,All Population,5,Prevalence,119,Trinidad and Tobago,3,Both,22,All ages,499,Cardiomyopathy and myocarditis,3,Rate,2015,52.99349297951,61.396981355070004,44.9219982722
1,All Population,5,Prevalence,27,Samoa,3,Both,22,All ages,499,Cardiomyopathy and myocarditis,3,Rate,2015,32.74175539918,39.97727005372,26.650458651509997
1,All Population,5,Prevalence,52,Romania,3,Both,22,All ages,499,Cardiomyopathy and myocarditis,3,Rate,2016,146.94837900717002,184.4288488171,111.96036626988999
1,All Population,5,Prevalence,154,Tunisia,3,Both,22,All ages,499,Cardiomyopathy and myocarditis,3,Rate,2016,36.6453248038,43.67437898499,31.054722673780002
1,All Population,5,Prevalence,194,Lesotho,3,Both,22,All ages,499,Cardiomyopathy and myocarditis,3,Rate,2016,71.82373341963,91.06694210329,53.94758898841
1,All Population,5,Prevalence,367,Monaco,3,Both,22,All ages,499,Cardiomyopathy and myocarditis,3,Rate,2016,203.67603755289,249.56695979676002,163.66062259986
1,All Population,5,Prevalence,172,Equatorial Guinea,3,Both,22,All ages,499,Cardiomyopathy and myocarditis,3,Rate,2015,65.16875637987,86.89205710227,47.87724004984
1,All Population,5,Prevalence,46,Croatia,3,Both,22,All ages,499,Cardiomyopathy and myocarditis,3,Rate,2015,57.9556426057,69.40624521132,45.684446482990005
1,All Population,5,Prevalence,189,United Republic of Tanzania,3,Both,22,All ages,499,Cardiomyopathy and myocarditis,3,Rate,2016,93.75829046818001,119.59767667870001,70.70872537846999
1,All Population,5,Prevalence,215,Sao Tome and Principe,3,Both,22,All ages,499,Cardiomyopathy and myocarditis,3,Rate,2015,56.22170210752,75.57046000976,41.8257957795
1,All Population,5,Prevalence,305,Bermuda,3,Both,22,All ages,499,Cardiomyopathy and myocarditis,3,Rate,2015,172.4151187662,204.89413885798,141.35067121847
1,All Population,5,Prevalence,35,Georgia,3,Both,22,All ages,499,Cardiomyopathy and myocarditis,3,Rate,2015,40.96711734268,49.82484097469,33.17648494374
1,All Population,5,Prevalence,85,Israel,3,Both,22,All ages,499,Cardiomyopathy and myocarditis,3,Rate,2015,42.85805499172,49.76805890930999,36.00350329243
1,All Population,5,Prevalence,82,Greece,3,Both,22,All ages,499,Cardiomyopathy and myocarditis,3,Rate,2015,45.66780895274,52.61451225873,38.92046981381
1,All Population,5,Prevalence,135,Brazil,3,Both,22,All ages,499,Cardiomyopathy and myocarditis,3,Rate,2016,123.33806323137,141.25348654313999,104.37977387525001
1,All Population,5,Prevalence,101,Canada,3,Both,22,All ages,499,Cardiomyopathy and myocarditis,3,Rate,2016,142.36009033703,166.11205858179,118.47505793183
1,All Population,5,Prevalence,179,Ethiopia,3,Both,22,All ages,499,Cardiomyopathy and myocarditis,3,Rate,2015,141.54958383847,170.74813580181,116.91176067777
1,All Population,5,Prevalence,41,Uzbekistan,3,Both,22,All ages,499,Cardiomyopathy and myocarditis,3,Rate,2016,17.63224235752,21.14136737476,14.694936933440001
1,All Population,5,Prevalence,180,Kenya,3,Both,22,All ages,499,Cardiomyopathy and myocarditis,3,Rate,2016,86.84655328256,109.36485276999001,66.8400280598
1,All Population,5,Prevalence,11,Indonesia,3,Both,22,All ages,499,Cardiomyopathy and myocarditis,3,Rate,2016,23.19973514853,26.8138080982,19.2560944357
1,All Population,5,Prevalence,351,Guam,3,Both,22,All ages,499,Cardiomyopathy and myocarditis,3,Rate,2016,41.139058428560006,49.22657921397,34.34410776418
1,All Population,5,Prevalence,15,Myanmar,3,Both,22,All ages,499,Cardiomyopathy and myocarditis,3,Rate,2017,20.227411492479998,23.41752904801,17.3068004131
1,All Population,5,Prevalence,148,Morocco,3,Both,22,All ages,499,Cardiomyopathy and myocarditis,3,Rate,2016,39.87745897093,48.51492769897,33.32172724672
1,All Population,5,Prevalence,109,Cuba,3,Both,22,All ages,499,Cardiomyopathy and myocarditis,3,Rate,2015,108.85502129960999,126.19258421311,92.70760448338
1,All Population,5,Prevalence,40,Turkmenistan,3,Both,22,All ages,499,Cardiomyopathy and myocarditis,3,Rate,2015,87.66860119003,103.25237332842,73.04432941806
1,All Population,5,Prevalence,204,Chad,3,Both,22,All ages,499,Cardiomyopathy and myocarditis,3,Rate,2015,39.75419072394,54.483308025869995,29.004838798890002
1,All Population,5,Prevalence,74,Andorra,3,Both,22,All ages,499,Cardiomyopathy and myocarditis,3,Rate,2015,153.26486737852,180.3393946066,126.80350413156
1,All Population,5,Prevalence,17,Sri Lanka,3,Both,22,All ages,499,Cardiomyopathy and myocarditis,3,Rate,2016,34.50172288721,39.79059327936,28.99109306814
1,All Population,5,Prevalence,140,Bahrain,3,Both,22,All ages,499,Cardiomyopathy and myocarditis,3,Rate,2015,74.46052135032,87.86230389483,63.35333560612
1,All Population,5,Prevalence,215,Sao Tome and Principe,3,Both,22,All ages,499,Cardiomyopathy and myocarditis,3,Rate,2016,56.775584492600004,76.37210081923,42.36802995517
1,All Population,5,Prevalence,62,Russian Federation,3,Both,22,All ages,499,Cardiomyopathy and myocarditis,3,Rate,2017,168.95247833351002,193.48673057061,145.03278075178
1,All Population,5,Prevalence,67,Japan,3,Both,22,All ages,499,Cardiomyopathy and myocarditis,3,Rate,2016,122.89975849947,143.44566675401,104.66213151483
1,All Population,5,Prevalence,143,Iraq,3,Both,22,All ages,499,Cardiomyopathy and myocarditis,3,Rate,2016,63.79174830593,76.33289761276001,53.45254373012
1,All Population,5,Prevalence,7,Democratic People's Republic of Korea,3,Both,22,All ages,499,Cardiomyopathy and myocarditis,3,Rate,2017,22.25434431491,25.513153564760003,19.06603722144
1,All Population,5,Prevalence,127,El Salvador,3,Both,22,All ages,499,Cardiomyopathy and myocarditis,3,Rate,2015,37.428952593990005,44.18981150012,31.626784366410003
1,All Population,5,Prevalence,202,Cameroon,3,Both,22,All ages,499,Cardiomyopathy and myocarditis,3,Rate,2016,46.87321091212,62.09777876536,34.92859208451
1,All Population,5,Prevalence,207,Ghana,3,Both,22,All ages,499,Cardiomyopathy and myocarditis,3,Rate,2016,56.34946403037,76.12414115258001,41.96353243287
1,All Population,5,Prevalence,196,South Africa,3,Both,22,All ages,499,Cardiomyopathy and myocarditis,3,Rate,2016,70.5323732345,90.80036477172,53.14143672789
1,All Population,5,Prevalence,93,Sweden,3,Both,22,All ages,499,Cardiomyopathy and myocarditis,3,Rate,2015,175.44055742322,203.95536799904,150.99614470697
1,All Population,5,Prevalence,22,Fiji,3,Both,22,All ages,499,Cardiomyopathy and myocarditis,3,Rate,2016,20.2535840255,24.14125660872,16.82895700484
1,All Population,5,Prevalence,374,Niue,3,Both,22,All ages,499,Cardiomyopathy and myocarditis,3,Rate,2016,32.83569246353,38.78571358454,27.23990746839
1,All Population,5,Prevalence,48,Hungary,3,Both,22,All ages,499,Cardiomyopathy and myocarditis,3,Rate,2015,117.10550774226,143.35677928786,94.6361039893
1,All Population,5,Prevalence,191,Zambia,3,Both,22,All ages,499,Cardiomyopathy and myocarditis,3,Rate,2015,80.3733130643,105.05042981636,59.78944403183
1,All Population,5,Prevalence,132,Panama,3,Both,22,All ages,499,Cardiomyopathy and myocarditis,3,Rate,2015,91.21393149178999,106.19883380763001,78.53099257317001
1,All Population,5,Prevalence,90,Norway,3,Both,22,All ages,499,Cardiomyopathy and myocarditis,3,Rate,2016,92.22631010917,104.49297005061,78.67248084984
1,All Population,5,Prevalence,53,Serbia,3,Both,22,All ages,499,Cardiomyopathy and myocarditis,3,Rate,2015,102.16938008651,124.10038233472,79.37652756874
1,All Population,5,Prevalence,51,Poland,3,Both,22,All ages,499,Cardiomyopathy and myocarditis,3,Rate,2017,295.83477030629,339.59658206025,257.14290678555
1,All Population,5,Prevalence,156,United Arab Emirates,3,Both,22,All ages,499,Cardiomyopathy and myocarditis,3,Rate,2016,75.94261050644,92.63779709129,63.588420598190005
1,All Population,5,Prevalence,75,Austria,3,Both,22,All ages,499,Cardiomyopathy and myocarditis,3,Rate,2016,183.06217763146,209.71328968116998,158.39011118903
1,All Population,5,Prevalence,185,Rwanda,3,Both,22,All ages,499,Cardiomyopathy and myocarditis,3,Rate,2015,88.55447343364,114.50910807121,67.13349324341
1,All Population,5,Prevalence,422,United States Virgin Islands,3,Both,22,All ages,499,Cardiomyopathy and myocarditis,3,Rate,2016,109.94905757395999,128.46027260941,92.00436478901
1,All Population,5,Prevalence,54,Slovakia,3,Both,22,All ages,499,Cardiomyopathy and myocarditis,3,Rate,2016,79.15119050146,91.00305339743001,67.68877206287
1,All Population,5,Prevalence,41,Uzbekistan,3,Both,22,All ages,499,Cardiomyopathy and myocarditis,3,Rate,2017,17.78413005026,21.290555602759998,14.871129480319999
1,All Population,5,Prevalence,349,Greenland,3,Both,22,All ages,499,Cardiomyopathy and myocarditis,3,Rate,2015,152.80108753486002,182.26277693036002,127.60831011536999
1,All Population,5,Prevalence,95,United Kingdom,3,Both,22,All ages,499,Cardiomyopathy and myocarditis,3,Rate,2015,73.03119251606,81.98432667657,62.926040551369994
1,All Population,5,Prevalence,396,San Marino,3,Both,22,All ages,499,Cardiomyopathy and myocarditis,3,Rate,2015,164.30913220075,195.7291010671,135.89985716489
1,All Population,5,Prevalence,88,Malta,3,Both,22,All ages,499,Cardiomyopathy and myocarditis,3,Rate,2017,69.08137375606,79.93882954609,59.041230665149996
1,All Population,5,Prevalence,14,Maldives,3,Both,22,All ages,499,Cardiomyopathy and myocarditis,3,Rate,2015,26.28164332991,30.597932916450002,22.43044793525
1,All Population,5,Prevalence,109,Cuba,3,Both,22,All ages,499,Cardiomyopathy and myocarditis,3,Rate,2016,111.46937288306,128.47163120737,94.61482743978999
1,All Population,5,Prevalence,150,Oman,3,Both,22,All ages,499,Cardiomyopathy and myocarditis,3,Rate,2016,68.48470934419,80.38338912606001,57.99694159034
1,All Population,5,Prevalence,106,Bahamas,3,Both,22,All ages,499,Cardiomyopathy and myocarditis,3,Rate,2015,76.38090848814001,89.02444756052,64.26039000381
1,All Population,5,Prevalence,98,Chile,3,Both,22,All ages,499,Cardiomyopathy and myocarditis,3,Rate,2015,76.30212312337,90.7553508094,63.55359446214
1,All Population,5,Prevalence,87,Luxembourg,3,Both,22,All ages,499,Cardiomyopathy and myocarditis,3,Rate,2015,93.77169506239001,107.67431853738,78.4544493547
1,All Population,5,Prevalence,369,Nauru,3,Both,22,All ages,499,Cardiomyopathy and myocarditis,3,Rate,2015,21.87757708053,27.21421342406,17.34283873675
1,All Population,5,Prevalence,193,Botswana,3,Both,22,All ages,499,Cardiomyopathy and myocarditis,3,Rate,2015,79.39094900409,103.55715350424,60.21566514929
1,All Population,5,Prevalence,69,Singapore,3,Both,22,All ages,499,Cardiomyopathy and myocarditis,3,Rate,2016,54.527005761439995,62.31013948805,47.27839601062
1,All Population,5,Prevalence,55,Slovenia,3,Both,22,All ages,499,Cardiomyopathy and myocarditis,3,Rate,2015,249.15134065832999,292.69038203226,200.02114957268
1,All Population,5,Prevalence,181,Madagascar,3,Both,22,All ages,499,Cardiomyopathy and myocarditis,3,Rate,2015,88.54345854963,114.61907539308,68.5468442846
1,All Population,5,Prevalence,6,China,3,Both,22,All ages,499,Cardiomyopathy and myocarditis,3,Rate,2015,25.92205126827,29.64785168733,22.026262857840003
1,All Population,5,Prevalence,53,Serbia,3,Both,22,All ages,499,Cardiomyopathy and myocarditis,3,Rate,2016,105.62468878125,127.56795697295,83.07302941506
1,All Population,5,Prevalence,153,Syrian Arab Republic,3,Both,22,All ages,499,Cardiomyopathy and myocarditis,3,Rate,2015,35.76617756287,44.76013624733,29.028062948849996
1,All Population,5,Prevalence,43,Albania,3,Both,22,All ages,499,Cardiomyopathy and myocarditis,3,Rate,2016,107.34982768242,127.81597862875999,88.48160086484
1,All Population,5,Prevalence,109,Cuba,3,Both,22,All ages,499,Cardiomyopathy and myocarditis,3,Rate,2017,114.15569605532,132.91864391484998,96.25850180118
1,All Population,5,Prevalence,50,Montenegro,3,Both,22,All ages,499,Cardiomyopathy and myocarditis,3,Rate,2015,222.69219894203,267.96692689810004,186.74402343434002
1,All Population,5,Prevalence,48,Hungary,3,Both,22,All ages,499,Cardiomyopathy and myocarditis,3,Rate,2016,118.22285886864,144.50613670952,96.05622971696
1,All Population,5,Prevalence,75,Austria,3,Both,22,All ages,499,Cardiomyopathy and myocarditis,3,Rate,2017,183.28410893476,210.42806918361998,156.84745287761
1,All Population,5,Prevalence,217,Sierra Leone,3,Both,22,All ages,499,Cardiomyopathy and myocarditis,3,Rate,2016,47.179327785610006,63.72767524191,35.14136900922
1,All Population,5,Prevalence,95,United Kingdom,3,Both,22,All ages,499,Cardiomyopathy and myocarditis,3,Rate,2016,73.04945198447,82.15125160793,62.70088096581
1,All Population,5,Prevalence,6,China,3,Both,22,All ages,499,Cardiomyopathy and myocarditis,3,Rate,2016,26.131759966209998,29.99359256027,22.20941024276
1,All Population,5,Prevalence,145,Kuwait,3,Both,22,All ages,499,Cardiomyopathy and myocarditis,3,Rate,2015,23.59349664496,27.918343678480003,19.72673684364
1,All Population,5,Prevalence,206,Gambia,3,Both,22,All ages,499,Cardiomyopathy and myocarditis,3,Rate,2015,48.14773225996,63.58585582178,35.64255269417
1,All Population,5,Prevalence,54,Slovakia,3,Both,22,All ages,499,Cardiomyopathy and myocarditis,3,Rate,2017,78.42994010043999,90.24814499849,66.54873009626
1,All Population,5,Prevalence,30,Vanuatu,3,Both,22,All ages,499,Cardiomyopathy and myocarditis,3,Rate,2016,23.40742933543,28.88576343402,19.12399451559
1,All Population,5,Prevalence,122,Ecuador,3,Both,22,All ages,499,Cardiomyopathy and myocarditis,3,Rate,2016,34.80257010275,40.75935370054,28.89377211229
1,All Population,5,Prevalence,19,Timor-Leste,3,Both,22,All ages,499,Cardiomyopathy and myocarditis,3,Rate,2016,19.507469212740002,22.70464112913,16.33584131528
1,All Population,5,Prevalence,194,Lesotho,3,Both,22,All ages,499,Cardiomyopathy and myocarditis,3,Rate,2015,71.38288271469,90.40076038264,53.34876603403001
1,All Population,5,Prevalence,17,Sri Lanka,3,Both,22,All ages,499,Cardiomyopathy and myocarditis,3,Rate,2017,35.06651478531,40.49951501904,29.57828411243
1,All Population,5,Prevalence,187,Somalia,3,Both,22,All ages,499,Cardiomyopathy and myocarditis,3,Rate,2015,78.86708494364,100.35177486697,60.25882679298
1,All Population,5,Prevalence,106,Bahamas,3,Both,22,All ages,499,Cardiomyopathy and myocarditis,3,Rate,2016,76.92275000464001,89.73619686514,64.39634387595
1,All Population,5,Prevalence,142,Iran (Islamic Republic of),3,Both,22,All ages,499,Cardiomyopathy and myocarditis,3,Rate,2015,36.35403953959,43.00613462635,30.198861734339996
1,All Population,5,Prevalence,97,Argentina,3,Both,22,All ages,499,Cardiomyopathy and myocarditis,3,Rate,2015,118.47655763726,143.49084767807,98.42509178463999
1,All Population,5,Prevalence,204,Chad,3,Both,22,All ages,499,Cardiomyopathy and myocarditis,3,Rate,2016,39.793132499879995,54.058895816029995,28.85130200828
1,All Population,5,Prevalence,66,Brunei Darussalam,3,Both,22,All ages,499,Cardiomyopathy and myocarditis,3,Rate,2016,77.05766660718,89.87411235844,65.24420885489
1,All Population,5,Prevalence,14,Maldives,3,Both,22,All ages,499,Cardiomyopathy and myocarditis,3,Rate,2016,26.55477644844,30.96614813497,22.58944884927
1,All Population,5,Prevalence,43,Albania,3,Both,22,All ages,499,Cardiomyopathy and myocarditis,3,Rate,2017,109.98498131694001,131.10462513382,90.19884938544
1,All Population,5,Prevalence,61,Republic of Moldova,3,Both,22,All ages,499,Cardiomyopathy and myocarditis,3,Rate,2015,71.17503731783,87.14406065286,58.707714910659995
1,All Population,5,Prevalence,77,Cyprus,3,Both,22,All ages,499,Cardiomyopathy and myocarditis,3,Rate,2016,46.24323365898,53.13245307958,38.95901909912
1,All Population,5,Prevalence,522,Sudan,3,Both,22,All ages,499,Cardiomyopathy and myocarditis,3,Rate,2015,25.74558832014,31.768174489879996,21.28907857498
1,All Population,5,Prevalence,111,Dominican Republic,3,Both,22,All ages,499,Cardiomyopathy and myocarditis,3,Rate,2016,56.951396896809996,67.04977566401,48.47188587677
1,All Population,5,Prevalence,114,Haiti,3,Both,22,All ages,499,Cardiomyopathy and myocarditis,3,Rate,2016,44.04880479101,51.33198527779,37.86492735793
1,All Population,5,Prevalence,105,Antigua and Barbuda,3,Both,22,All ages,499,Cardiomyopathy and myocarditis,3,Rate,2016,71.66950427795001,81.28606089486,60.880624413910006
1,All Population,5,Prevalence,97,Argentina,3,Both,22,All ages,499,Cardiomyopathy and myocarditis,3,Rate,2016,119.78776656184999,144.55994374754,99.88398804399002
1,All Population,5,Prevalence,155,Türkiye,3,Both,22,All ages,499,Cardiomyopathy and myocarditis,3,Rate,2015,47.15914356267,56.18724142746,40.057543330680005
1,All Population,5,Prevalence,67,Japan,3,Both,22,All ages,499,Cardiomyopathy and myocarditis,3,Rate,2017,124.60241750292,145.32758406033,105.99067281564
1,All Population,5,Prevalence,108,Belize,3,Both,22,All ages,499,Cardiomyopathy and myocarditis,3,Rate,2015,72.95774530967,85.57227743123,61.050588595680004
1,All Population,5,Prevalence,89,Netherlands,3,Both,22,All ages,499,Cardiomyopathy and myocarditis,3,Rate,2015,101.20781482317,121.5886738479,84.91107821465
1,All Population,5,Prevalence,209,Guinea-Bissau,3,Both,22,All ages,499,Cardiomyopathy and myocarditis,3,Rate,2016,42.471841872990005,56.28643789008,31.59759878094
1,All Population,5,Prevalence,153,Syrian Arab Republic,3,Both,22,All ages,499,Cardiomyopathy and myocarditis,3,Rate,2016,35.66005372794,44.48176348794,28.92405410465
1,All Population,5,Prevalence,168,Angola,3,Both,22,All ages,499,Cardiomyopathy and myocarditis,3,Rate,2015,63.92170451741,84.13908034239999,48.13661524684
1,All Population,5,Prevalence,122,Ecuador,3,Both,22,All ages,499,Cardiomyopathy and myocarditis,3,Rate,2017,34.82465342583,40.76094825202,28.88519557949
1,All Population,5,Prevalence,201,Burkina Faso,3,Both,22,All ages,499,Cardiomyopathy and myocarditis,3,Rate,2015,44.19844244002,60.24821082358999,32.56954870788
1,All Population,5,Prevalence,380,Palau,3,Both,22,All ages,499,Cardiomyopathy and myocarditis,3,Rate,2016,23.85594004452,27.81949899465,19.85020287882
1,All Population,5,Prevalence,19,Timor-Leste,3,Both,22,All ages,499,Cardiomyopathy and myocarditis,3,Rate,2017,19.65985328704,22.77885852301,16.54648038374
1,All Population,5,Prevalence,30,Vanuatu,3,Both,22,All ages,499,Cardiomyopathy and myocarditis,3,Rate,2017,23.461954719239998,28.794726966600003,19.09256847461
1,All Population,5,Prevalence,63,Ukraine,3,Both,22,All ages,499,Cardiomyopathy and myocarditis,3,Rate,2015,127.24700273765,145.5087864317,110.23380548593
1,All Population,5,Prevalence,376,Northern Mariana Islands,3,Both,22,All ages,499,Cardiomyopathy and myocarditis,3,Rate,2015,42.8433359569,51.232968259189995,35.324007347489996
1,All Population,5,Prevalence,182,Malawi,3,Both,22,All ages,499,Cardiomyopathy and myocarditis,3,Rate,2016,81.4810983005,104.52640753242,61.540935125969995
1,All Population,5,Prevalence,416,Tuvalu,3,Both,22,All ages,499,Cardiomyopathy and myocarditis,3,Rate,2015,25.456328802099996,30.516070079290003,21.01187947076
1,All Population,5,Prevalence,50,Montenegro,3,Both,22,All ages,499,Cardiomyopathy and myocarditis,3,Rate,2016,225.37669293236002,270.05964850297,188.3801841311
1,All Population,5,Prevalence,11,Indonesia,3,Both,22,All ages,499,Cardiomyopathy and myocarditis,3,Rate,2017,23.40458785582,27.16051500199,19.27049921951
1,All Population,5,Prevalence,16,Philippines,3,Both,22,All ages,499,Cardiomyopathy and myocarditis,3,Rate,2015,25.70634611802,30.211165677189996,21.30324606943
1,All Population,5,Prevalence,16,Philippines,3,Both,22,All ages,499,Cardiomyopathy and myocarditis,3,Rate,2016,25.874201099380002,30.36898294854,21.380216704229998
1,All Population,5,Prevalence,198,Zimbabwe,3,Both,22,All ages,499,Cardiomyopathy and myocarditis,3,Rate,2016,86.96670662622999,110.05804920928,66.86072521353
1,All Population,5,Prevalence,121,Bolivia (Plurinational State of),3,Both,22,All ages,499,Cardiomyopathy and myocarditis,3,Rate,2015,35.95483315263,43.01774514803,30.08493327115
1,All Population,5,Prevalence,77,Cyprus,3,Both,22,All ages,499,Cardiomyopathy and myocarditis,3,Rate,2017,48.597819577340005,56.62105490268,40.867417889129996
1,All Population,5,Prevalence,61,Republic of Moldova,3,Both,22,All ages,499,Cardiomyopathy and myocarditis,3,Rate,2016,72.03300562194,88.2314128558,59.78447069307
1,All Population,5,Prevalence,142,Iran (Islamic Republic of),3,Both,22,All ages,499,Cardiomyopathy and myocarditis,3,Rate,2016,36.52565021718,43.41031075163,30.382961899490002
1,All Population,5,Prevalence,155,Türkiye,3,Both,22,All ages,499,Cardiomyopathy and myocarditis,3,Rate,2016,47.31615673527,55.79727261934,40.25293393224
1,All Population,5,Prevalence,108,Belize,3,Both,22,All ages,499,Cardiomyopathy and myocarditis,3,Rate,2016,73.69379177926,85.93514479243001,61.89979017764
1,All Population,5,Prevalence,190,Uganda,3,Both,22,All ages,499,Cardiomyopathy and myocarditis,3,Rate,2016,59.36184543517,75.08217803418,46.19387208896
1,All Population,5,Prevalence,111,Dominican Republic,3,Both,22,All ages,499,Cardiomyopathy and myocarditis,3,Rate,2017,56.99452376523001,67.18456471645,48.48778072766
1,All Population,5,Prevalence,201,Burkina Faso,3,Both,22,All ages,499,Cardiomyopathy and myocarditis,3,Rate,2016,44.35098220913,60.408054902409994,32.76518528825
1,All Population,5,Prevalence,76,Belgium,3,Both,22,All ages,499,Cardiomyopathy and myocarditis,3,Rate,2015,88.54941709347,99.00863185057999,77.97574928502
1,All Population,5,Prevalence,22,Fiji,3,Both,22,All ages,499,Cardiomyopathy and myocarditis,3,Rate,2017,20.418935571,24.40400436351,16.82854442668
1,All Population,5,Prevalence,161,Bangladesh,3,Both,22,All ages,499,Cardiomyopathy and myocarditis,3,Rate,2016,41.86267764003,47.915453126690004,35.70970071438
1,All Population,5,Prevalence,8,Taiwan,3,Both,22,All ages,499,Cardiomyopathy and myocarditis,3,Rate,2015,45.76878582736,53.06492369977,38.46694312845
1,All Population,5,Prevalence,195,Namibia,3,Both,22,All ages,499,Cardiomyopathy and myocarditis,3,Rate,2015,80.0581135999,105.71566724930999,61.1506688052
1,All Population,5,Prevalence,57,Belarus,3,Both,22,All ages,499,Cardiomyopathy and myocarditis,3,Rate,2015,101.71956405867,123.43018966729,83.90759862213001
1,All Population,5,Prevalence,8,Taiwan,3,Both,22,All ages,499,Cardiomyopathy and myocarditis,3,Rate,2016,46.04423946462,53.3997475296,38.88920051314
1,All Population,5,Prevalence,58,Estonia,3,Both,22,All ages,499,Cardiomyopathy and myocarditis,3,Rate,2016,101.58741577266,120.16301702422001,84.35614956241
1,All Population,5,Prevalence,214,Nigeria,3,Both,22,All ages,499,Cardiomyopathy and myocarditis,3,Rate,2015,68.18104917465,87.51267733896,53.265855188470006
1,All Population,5,Prevalence,29,Tonga,3,Both,22,All ages,499,Cardiomyopathy and myocarditis,3,Rate,2015,39.26078019635,46.99922329151,31.979534539559996
1,All Population,5,Prevalence,203,Cabo Verde,3,Both,22,All ages,499,Cardiomyopathy and myocarditis,3,Rate,2015,64.61111712155,85.33348519772001,47.05317242088
1,All Population,5,Prevalence,69,Singapore,3,Both,22,All ages,499,Cardiomyopathy and myocarditis,3,Rate,2017,54.82871834201,62.564739571000004,47.57740958348
1,All Population,5,Prevalence,208,Guinea,3,Both,22,All ages,499,Cardiomyopathy and myocarditis,3,Rate,2015,43.94278930143,58.47024650216999,32.52819481113
1,All Population,5,Prevalence,157,Yemen,3,Both,22,All ages,499,Cardiomyopathy and myocarditis,3,Rate,2015,26.64131142252,33.62775329697,21.548296086580002
1,All Population,5,Prevalence,190,Uganda,3,Both,22,All ages,499,Cardiomyopathy and myocarditis,3,Rate,2015,58.615069823670005,74.44698011607,45.740247656440005
1,All Population,5,Prevalence,121,Bolivia (Plurinational State of),3,Both,22,All ages,499,Cardiomyopathy and myocarditis,3,Rate,2016,36.11739945219,43.124722605740004,30.471748788630002
1,All Population,5,Prevalence,110,Dominica,3,Both,22,All ages,499,Cardiomyopathy and myocarditis,3,Rate,2015,147.16698067705,174.12799903569,122.63232660683
1,All Population,5,Prevalence,79,Finland,3,Both,22,All ages,499,Cardiomyopathy and myocarditis,3,Rate,2016,117.7436149632,136.16665970461,100.64131168986
1,All Population,5,Prevalence,214,Nigeria,3,Both,22,All ages,499,Cardiomyopathy and myocarditis,3,Rate,2016,68.24014819672,87.72316905207,53.32774530919
1,All Population,5,Prevalence,55,Slovenia,3,Both,22,All ages,499,Cardiomyopathy and myocarditis,3,Rate,2016,250.79945652588003,295.16873650025,201.70217994642002
1,All Population,5,Prevalence,66,Brunei Darussalam,3,Both,22,All ages,499,Cardiomyopathy and myocarditis,3,Rate,2017,77.10888600382,90.15041276299,65.11215555172
1,All Population,5,Prevalence,170,Congo,3,Both,22,All ages,499,Cardiomyopathy and myocarditis,3,Rate,2015,69.79244439125999,90.7867546999,52.72078326651
1,All Population,5,Prevalence,18,Thailand,3,Both,22,All ages,499,Cardiomyopathy and myocarditis,3,Rate,2015,17.39869607816,20.42045859349,14.72926415267
1,All Population,5,Prevalence,18,Thailand,3,Both,22,All ages,499,Cardiomyopathy and myocarditis,3,Rate,2016,18.20176342231,21.337331948200003,15.337473453309999
1,All Population,5,Prevalence,113,Guyana,3,Both,22,All ages,499,Cardiomyopathy and myocarditis,3,Rate,2015,51.37438023013,59.703865523889995,43.19151002409
1,All Population,5,Prevalence,63,Ukraine,3,Both,22,All ages,499,Cardiomyopathy and myocarditis,3,Rate,2016,128.23734309083,146.36634226048,111.41084503229
1,All Population,5,Prevalence,157,Yemen,3,Both,22,All ages,499,Cardiomyopathy and myocarditis,3,Rate,2016,26.77093638183,33.81373169576,21.69032501769
1,All Population,5,Prevalence,90,Norway,3,Both,22,All ages,499,Cardiomyopathy and myocarditis,3,Rate,2017,92.41659321163,105.11404086713,78.41523389467
1,All Population,5,Prevalence,169,Central African Republic,3,Both,22,All ages,499,Cardiomyopathy and myocarditis,3,Rate,2016,58.341810471849996,77.00292839581,43.79703518177
1,All Population,5,Prevalence,211,Mali,3,Both,22,All ages,499,Cardiomyopathy and myocarditis,3,Rate,2016,42.297400307669996,55.925609528790005,31.75341418088
1,All Population,5,Prevalence,102,United States of America,3,Both,22,All ages,499,Cardiomyopathy and myocarditis,3,Rate,2015,159.72495854059,181.46327177528,139.34856624139002
1,All Population,5,Prevalence,29,Tonga,3,Both,22,All ages,499,Cardiomyopathy and myocarditis,3,Rate,2016,39.41778560461,47.257856470840004,31.969919385009998
1,All Population,5,Prevalence,89,Netherlands,3,Both,22,All ages,499,Cardiomyopathy and myocarditis,3,Rate,2016,103.31985265000999,122.53125117803,86.1900352386
1,All Population,5,Prevalence,416,Tuvalu,3,Both,22,All ages,499,Cardiomyopathy and myocarditis,3,Rate,2016,25.56804995817,30.68682182161,20.90395911289
1,All Population,5,Prevalence,68,Republic of Korea,3,Both,22,All ages,499,Cardiomyopathy and myocarditis,3,Rate,2016,88.20956013645001,101.43583488282,75.12970071067001
1,All Population,5,Prevalence,203,Cabo Verde,3,Both,22,All ages,499,Cardiomyopathy and myocarditis,3,Rate,2016,65.53279934701,86.27898861561,47.7470082683
1,All Population,5,Prevalence,113,Guyana,3,Both,22,All ages,499,Cardiomyopathy and myocarditis,3,Rate,2016,51.926227249579995,59.66072712466,43.78785153378
1,All Population,5,Prevalence,197,Eswatini,3,Both,22,All ages,499,Cardiomyopathy and myocarditis,3,Rate,2015,73.50820332039,93.56315869848,55.35069712608
1,All Population,5,Prevalence,116,Saint Lucia,3,Both,22,All ages,499,Cardiomyopathy and myocarditis,3,Rate,2016,129.30796290516,151.02768683822,107.87564428538
1,All Population,5,Prevalence,126,Costa Rica,3,Both,22,All ages,499,Cardiomyopathy and myocarditis,3,Rate,2016,78.51666823274,90.35419089439,67.16302918354
1,All Population,5,Prevalence,45,Bulgaria,3,Both,22,All ages,499,Cardiomyopathy and myocarditis,3,Rate,2017,30.81875993448,37.08553753625,25.39159532288
1,All Population,5,Prevalence,68,Republic of Korea,3,Both,22,All ages,499,Cardiomyopathy and myocarditis,3,Rate,2015,86.85049200226,99.81819164515001,73.63712608907
1,All Population,5,Prevalence,147,Libya,3,Both,22,All ages,499,Cardiomyopathy and myocarditis,3,Rate,2015,38.1310201281,47.13962743162,31.13677644074
1,All Population,5,Prevalence,160,Afghanistan,3,Both,22,All ages,499,Cardiomyopathy and myocarditis,3,Rate,2015,19.16272384013,23.46628606753,15.535406632880001
1,All Population,5,Prevalence,147,Libya,3,Both,22,All ages,499,Cardiomyopathy and myocarditis,3,Rate,2016,37.76611789266,46.741855504280004,30.963838601960003
1,All Population,5,Prevalence,112,Grenada,3,Both,22,All ages,499,Cardiomyopathy and myocarditis,3,Rate,2015,107.80991483849,124.14632279985,89.37965794084
1,All Population,5,Prevalence,123,Peru,3,Both,22,All ages,499,Cardiomyopathy and myocarditis,3,Rate,2015,36.63201047758,44.085852511750005,30.70464500281
1,All Population,5,Prevalence,216,Senegal,3,Both,22,All ages,499,Cardiomyopathy and myocarditis,3,Rate,2015,32.454400599319996,44.60789361066,23.69117043137
1,All Population,5,Prevalence,210,Liberia,3,Both,22,All ages,499,Cardiomyopathy and myocarditis,3,Rate,2015,47.660303315709996,65.07072235981,34.97418991126
1,All Population,5,Prevalence,522,Sudan,3,Both,22,All ages,499,Cardiomyopathy and myocarditis,3,Rate,2016,25.66566646503,31.41473946857,21.309448229039997
1,All Population,5,Prevalence,110,Dominica,3,Both,22,All ages,499,Cardiomyopathy and myocarditis,3,Rate,2016,147.99766654558002,174.23541258496002,123.73842243722001
1,All Population,5,Prevalence,216,Senegal,3,Both,22,All ages,499,Cardiomyopathy and myocarditis,3,Rate,2016,32.49904322097,44.56515336874,23.77188666188
1,All Population,5,Prevalence,10,Cambodia,3,Both,22,All ages,499,Cardiomyopathy and myocarditis,3,Rate,2016,16.42694011974,18.89108578853,14.139296367619998
1,All Population,5,Prevalence,298,American Samoa,3,Both,22,All ages,499,Cardiomyopathy and myocarditis,3,Rate,2016,57.768452563009994,69.18645308059,47.350268019249995
1,All Population,5,Prevalence,168,Angola,3,Both,22,All ages,499,Cardiomyopathy and myocarditis,3,Rate,2016,64.23644078902,84.20479618232001,48.56178749541
1,All Population,5,Prevalence,206,Gambia,3,Both,22,All ages,499,Cardiomyopathy and myocarditis,3,Rate,2016,48.35031096753,63.898669300600005,35.80809411875
1,All Population,5,Prevalence,102,United States of America,3,Both,22,All ages,499,Cardiomyopathy and myocarditis,3,Rate,2016,159.63691755927,181.77384696798,139.13617904493
1,All Population,5,Prevalence,385,Puerto Rico,3,Both,22,All ages,499,Cardiomyopathy and myocarditis,3,Rate,2015,95.62631669343,112.48819334059,79.98066306426
1,All Population,5,Prevalence,79,Finland,3,Both,22,All ages,499,Cardiomyopathy and myocarditis,3,Rate,2017,117.52667802984,137.23410984641,99.62876073327
1,All Population,5,Prevalence,205,Côte d'Ivoire,3,Both,22,All ages,499,Cardiomyopathy and myocarditis,3,Rate,2016,47.188270807740004,63.96825274184,35.34273124506
1,All Population,5,Prevalence,163,India,3,Both,22,All ages,499,Cardiomyopathy and myocarditis,3,Rate,2016,40.31711204993,46.22135451042,34.04772471015
1,All Population,5,Prevalence,162,Bhutan,3,Both,22,All ages,499,Cardiomyopathy and myocarditis,3,Rate,2015,45.90108103029,52.87867542371,38.70361732544
1,All Population,5,Prevalence,195,Namibia,3,Both,22,All ages,499,Cardiomyopathy and myocarditis,3,Rate,2016,80.65249722969,105.91689979955,61.525925304489995
1,All Population,5,Prevalence,76,Belgium,3,Both,22,All ages,499,Cardiomyopathy and myocarditis,3,Rate,2016,88.4879466541,98.88651878632001,77.96465522951999
1,All Population,5,Prevalence,115,Jamaica,3,Both,22,All ages,499,Cardiomyopathy and myocarditis,3,Rate,2015,77.70065236286,89.69854934131,65.90313914798
1,All Population,5,Prevalence,205,Côte d'Ivoire,3,Both,22,All ages,499,Cardiomyopathy and myocarditis,3,Rate,2015,46.99528718031,64.04091921503,35.14600748658
1,All Population,5,Prevalence,115,Jamaica,3,Both,22,All ages,499,Cardiomyopathy and myocarditis,3,Rate,2016,78.14406690034,90.77111954166,66.12213877491
1,All Population,5,Prevalence,57,Belarus,3,Both,22,All ages,499,Cardiomyopathy and myocarditis,3,Rate,2016,101.85640135881,123.21707197718999,84.54628675708
1,All Population,5,Prevalence,58,Estonia,3,Both,22,All ages,499,Cardiomyopathy and myocarditis,3,Rate,2017,103.08092179416,122.14442280099,85.46968717859001
1,All Population,5,Prevalence,184,Mozambique,3,Both,22,All ages,499,Cardiomyopathy and myocarditis,3,Rate,2016,63.83239806752,79.72445955936,49.47346309197
1,All Population,5,Prevalence,34,Azerbaijan,3,Both,22,All ages,499,Cardiomyopathy and myocarditis,3,Rate,2017,94.19188570728001,110.97104080152,78.17646191459
1,All Population,5,Prevalence,91,Portugal,3,Both,22,All ages,499,Cardiomyopathy and myocarditis,3,Rate,2016,78.94083938041,96.14997112191999,63.878208607379996
1,All Population,5,Prevalence,10,Cambodia,3,Both,22,All ages,499,Cardiomyopathy and myocarditis,3,Rate,2015,16.17492186308,18.82638345828,13.92169419232
1,All Population,5,Prevalence,435,South Sudan,3,Both,22,All ages,499,Cardiomyopathy and myocarditis,3,Rate,2015,81.93301550154999,106.71530173275,62.82483559808001
1,All Population,5,Prevalence,435,South Sudan,3,Both,22,All ages,499,Cardiomyopathy and myocarditis,3,Rate,2016,82.87861105514,107.85637595911,63.198530468369995
1,All Population,5,Prevalence,24,Marshall Islands,3,Both,22,All ages,499,Cardiomyopathy and myocarditis,3,Rate,2017,22.70492492007,28.31250016649,18.34205519544
1,All Population,5,Prevalence,44,Bosnia and Herzegovina,3,Both,22,All ages,499,Cardiomyopathy and myocarditis,3,Rate,2016,170.52856239245,208.42434151357998,137.93640171612
1,All Population,5,Prevalence,160,Afghanistan,3,Both,22,All ages,499,Cardiomyopathy and myocarditis,3,Rate,2016,19.30976400553,23.66876239361,15.667661655479998
1,All Population,5,Prevalence,123,Peru,3,Both,22,All ages,499,Cardiomyopathy and myocarditis,3,Rate,2016,36.550766751030004,43.659355137910005,30.6523664214
1,All Population,5,Prevalence,218,Togo,3,Both,22,All ages,499,Cardiomyopathy and myocarditis,3,Rate,2016,48.44397374447,64.81896988711,36.29737870434
1,All Population,5,Prevalence,171,Democratic Republic of the Congo,3,Both,22,All ages,499,Cardiomyopathy and myocarditis,3,Rate,2016,66.62683557194,88.43256912066,50.3035628317
1,All Population,5,Prevalence,29,Tonga,3,Both,22,All ages,499,Cardiomyopathy and myocarditis,3,Rate,2017,39.600571852070004,47.33318512946,32.193242524300004
1,All Population,5,Prevalence,20,Viet Nam,3,Both,22,All ages,499,Cardiomyopathy and myocarditis,3,Rate,2016,38.1423413216,43.703727954950004,32.42106461735
1,All Population,5,Prevalence,170,Congo,3,Both,22,All ages,499,Cardiomyopathy and myocarditis,3,Rate,2016,70.10987449875,91.79680750212,52.665012867950004
1,All Population,5,Prevalence,12,Lao People's Democratic Republic,3,Both,22,All ages,499,Cardiomyopathy and myocarditis,3,Rate,2016,15.931851020920002,18.43138305422,13.488565342669999
1,All Population,5,Prevalence,218,Togo,3,Both,22,All ages,499,Cardiomyopathy and myocarditis,3,Rate,2015,48.06937467817,63.960032811480005,35.839379149420004
1,All Population,5,Prevalence,149,Palestine,3,Both,22,All ages,499,Cardiomyopathy and myocarditis,3,Rate,2016,62.79203732116,76.78522914506,52.19344444731
1,All Population,5,Prevalence,23,Kiribati,3,Both,22,All ages,499,Cardiomyopathy and myocarditis,3,Rate,2016,18.248239848529998,21.019308916910003,15.370493427500001
1,All Population,5,Prevalence,92,Spain,3,Both,22,All ages,499,Cardiomyopathy and myocarditis,3,Rate,2017,147.61365403911,170.07152894734,125.37767972937002
1,All Population,5,Prevalence,84,Ireland,3,Both,22,All ages,499,Cardiomyopathy and myocarditis,3,Rate,2017,99.83747318525,117.61543938007,84.6097527581
1,All Population,5,Prevalence,71,Australia,3,Both,22,All ages,499,Cardiomyopathy and myocarditis,3,Rate,2017,170.51389796818,196.96565918439,145.54033811145
1,All Population,5,Prevalence,208,Guinea,3,Both,22,All ages,499,Cardiomyopathy and myocarditis,3,Rate,2016,43.98389345505,58.626260962169994,32.65706323799
1,All Population,5,Prevalence,126,Costa Rica,3,Both,22,All ages,499,Cardiomyopathy and myocarditis,3,Rate,2017,78.99957749297,91.40778979972,67.49697108049
1,All Population,5,Prevalence,149,Palestine,3,Both,22,All ages,499,Cardiomyopathy and myocarditis,3,Rate,2015,63.169029270210004,76.8963891772,52.3844736405
1,All Population,5,Prevalence,47,Czechia,3,Both,22,All ages,499,Cardiomyopathy and myocarditis,3,Rate,2017,88.70251776543,102.47700343785999,74.62667596898
1,All Population,5,Prevalence,112,Grenada,3,Both,22,All ages,499,Cardiomyopathy and myocarditis,3,Rate,2016,109.75322992615999,126.97550877561,91.32618189405
1,All Population,5,Prevalence,78,Denmark,3,Both,22,All ages,499,Cardiomyopathy and myocarditis,3,Rate,2016,62.36360550024,74.82438095275,50.61007443206
1,All Population,5,Prevalence,376,Northern Mariana Islands,3,Both,22,All ages,499,Cardiomyopathy and myocarditis,3,Rate,2016,43.17709513995,51.44882233805,35.47861754643
1,All Population,5,Prevalence,175,Burundi,3,Both,22,All ages,499,Cardiomyopathy and myocarditis,3,Rate,2015,82.99231391428,107.69185788661001,62.71616553328
1,All Population,5,Prevalence,139,Algeria,3,Both,22,All ages,499,Cardiomyopathy and myocarditis,3,Rate,2017,33.99819378715,40.01156321392,28.614465891339997
1,All Population,5,Prevalence,18,Thailand,3,Both,22,All ages,499,Cardiomyopathy and myocarditis,3,Rate,2017,18.99583763077,22.306165731649997,15.880291565619999
1,All Population,5,Prevalence,197,Eswatini,3,Both,22,All ages,499,Cardiomyopathy and myocarditis,3,Rate,2016,74.20526833313,93.85310706826,55.50088157038
1,All Population,5,Prevalence,183,Mauritius,3,Both,22,All ages,499,Cardiomyopathy and myocarditis,3,Rate,2016,29.91448799823,34.19291109231,25.122996755069998
1,All Population,5,Prevalence,76,Belgium,3,Both,22,All ages,499,Cardiomyopathy and myocarditis,3,Rate,2017,88.12709209154,98.34142539668,77.57927966938
1,All Population,5,Prevalence,25,Micronesia (Federated States of),3,Both,22,All ages,499,Cardiomyopathy and myocarditis,3,Rate,2016,24.347568359420002,29.85972744769,19.93491115759
1,All Population,5,Prevalence,93,Sweden,3,Both,22,All ages,499,Cardiomyopathy and myocarditis,3,Rate,2016,177.8804601657,206.68841271754002,152.76770276933
1,All Population,5,Prevalence,117,Saint Vincent and the Grenadines,3,Both,22,All ages,499,Cardiomyopathy and myocarditis,3,Rate,2016,47.24957843145,54.52143021025,40.351964672410006
1,All Population,5,Prevalence,59,Latvia,3,Both,22,All ages,499,Cardiomyopathy and myocarditis,3,Rate,2016,201.46657594996,242.58376010086,164.08122415698
1,All Population,5,Prevalence,162,Bhutan,3,Both,22,All ages,499,Cardiomyopathy and myocarditis,3,Rate,2016,46.6389474446,53.66393216203001,39.29333357114
1,All Population,5,Prevalence,83,Iceland,3,Both,22,All ages,499,Cardiomyopathy and myocarditis,3,Rate,2016,25.929737482780002,29.72771005019,22.55611077321
1,All Population,5,Prevalence,151,Qatar,3,Both,22,All ages,499,Cardiomyopathy and myocarditis,3,Rate,2016,60.4445625863,71.14502416345,50.8825114511
1,All Population,5,Prevalence,72,New Zealand,3,Both,22,All ages,499,Cardiomyopathy and myocarditis,3,Rate,2016,125.71061090888001,141.23858379603,107.78636848258002
1,All Population,5,Prevalence,36,Kazakhstan,3,Both,22,All ages,499,Cardiomyopathy and myocarditis,3,Rate,2016,160.33541708766998,188.34922291597,135.38368532802
1,All Population,5,Prevalence,210,Liberia,3,Both,22,All ages,499,Cardiomyopathy and myocarditis,3,Rate,2016,48.11405123887,65.70004230168999,35.396111455290004
1,All Population,5,Prevalence,33,Armenia,3,Both,22,All ages,499,Cardiomyopathy and myocarditis,3,Rate,2016,54.2326437776,63.427127310290004,45.12412858264
1,All Population,5,Prevalence,37,Kyrgyzstan,3,Both,22,All ages,499,Cardiomyopathy and myocarditis,3,Rate,2017,55.54779722704,65.39791844038,46.457587517840004
1,All Population,5,Prevalence,151,Qatar,3,Both,22,All ages,499,Cardiomyopathy and myocarditis,3,Rate,2015,60.35842526327,71.39133025258,50.529846051700005
1,All Population,5,Prevalence,12,Lao People's Democratic Republic,3,Both,22,All ages,499,Cardiomyopathy and myocarditis,3,Rate,2017,16.0725687013,18.6316479866,13.60610563509
1,All Population,5,Prevalence,125,Colombia,3,Both,22,All ages,499,Cardiomyopathy and myocarditis,3,Rate,2016,55.90197379039,65.59388336277,46.79581930588
1,All Population,5,Prevalence,136,Paraguay,3,Both,22,All ages,499,Cardiomyopathy and myocarditis,3,Rate,2016,60.24082337256999,70.08787912171,50.11203969058
1,All Population,5,Prevalence,26,Papua New Guinea,3,Both,22,All ages,499,Cardiomyopathy and myocarditis,3,Rate,2017,22.07514314042,26.54871964261,18.52135383924
1,All Population,5,Prevalence,385,Puerto Rico,3,Both,22,All ages,499,Cardiomyopathy and myocarditis,3,Rate,2016,97.23105095094,114.02708344146,80.88255115922
1,All Population,5,Prevalence,86,Italy,3,Both,22,All ages,499,Cardiomyopathy and myocarditis,3,Rate,2017,138.85926971523,168.31494450353,113.98163636625999
1,All Population,5,Prevalence,123,Peru,3,Both,22,All ages,499,Cardiomyopathy and myocarditis,3,Rate,2017,36.82304497783,43.56276359474,30.720895447049998
1,All Population,5,Prevalence,85,Israel,3,Both,22,All ages,499,Cardiomyopathy and myocarditis,3,Rate,2016,42.85625092557,49.44463934132,35.87063753393
1,All Population,5,Prevalence,81,Germany,3,Both,22,All ages,499,Cardiomyopathy and myocarditis,3,Rate,2017,179.42186142249,205.54641123383,154.54973681658998
1,All Population,5,Prevalence,112,Grenada,3,Both,22,All ages,499,Cardiomyopathy and myocarditis,3,Rate,2017,111.88847792673,129.70216034112,94.1042331919
1,All Population,5,Prevalence,170,Congo,3,Both,22,All ages,499,Cardiomyopathy and myocarditis,3,Rate,2017,70.48874707163999,93.02303006438,52.905800376680006
1,All Population,5,Prevalence,46,Croatia,3,Both,22,All ages,499,Cardiomyopathy and myocarditis,3,Rate,2016,60.16384274631,72.39980033791,47.69210989225
1,All Population,5,Prevalence,78,Denmark,3,Both,22,All ages,499,Cardiomyopathy and myocarditis,3,Rate,2017,60.325878062339996,72.46857764618,49.007634342050004
1,All Population,5,Prevalence,80,France,3,Both,22,All ages,499,Cardiomyopathy and myocarditis,3,Rate,2016,276.91592623802,314.77812882599,243.05189121529997
1,All Population,5,Prevalence,173,Gabon,3,Both,22,All ages,499,Cardiomyopathy and myocarditis,3,Rate,2016,78.97433831306999,104.8009523977,59.110546282739996
1,All Population,5,Prevalence,172,Equatorial Guinea,3,Both,22,All ages,499,Cardiomyopathy and myocarditis,3,Rate,2016,65.47649960449,87.75454799837999,48.52807763097
1,All Population,5,Prevalence,136,Paraguay,3,Both,22,All ages,499,Cardiomyopathy and myocarditis,3,Rate,2017,60.37390628256,70.29929350062,50.11967946517
1,All Population,5,Prevalence,23,Kiribati,3,Both,22,All ages,499,Cardiomyopathy and myocarditis,3,Rate,2017,18.37048605921,21.19005807599,15.73110230204
1,All Population,5,Prevalence,119,Trinidad and Tobago,3,Both,22,All ages,499,Cardiomyopathy and myocarditis,3,Rate,2016,53.64400884868,62.04413417742,45.3329547165
1,All Population,5,Prevalence,212,Mauritania,3,Both,22,All ages,499,Cardiomyopathy and myocarditis,3,Rate,2016,51.76152520478,70.66013001894,38.46425200161
1,All Population,5,Prevalence,185,Rwanda,3,Both,22,All ages,499,Cardiomyopathy and myocarditis,3,Rate,2016,89.42827800826,114.8271275832,67.94501836494
1,All Population,5,Prevalence,38,Mongolia,3,Both,22,All ages,499,Cardiomyopathy and myocarditis,3,Rate,2016,74.67199013723,89.63349194566,61.747626304149996
1,All Population,5,Prevalence,128,Guatemala,3,Both,22,All ages,499,Cardiomyopathy and myocarditis,3,Rate,2017,39.4688371097,47.6968912039,32.97571244371
1,All Population,5,Prevalence,218,Togo,3,Both,22,All ages,499,Cardiomyopathy and myocarditis,3,Rate,2017,48.915123673530005,65.97143492057,36.68355348278
1,All Population,5,Prevalence,44,Bosnia and Herzegovina,3,Both,22,All ages,499,Cardiomyopathy and myocarditis,3,Rate,2017,174.31131056431002,211.51121441735,139.01923707681
1,All Population,5,Prevalence,33,Armenia,3,Both,22,All ages,499,Cardiomyopathy and myocarditis,3,Rate,2017,54.045681400410004,62.39071431058,45.05558809695
1,All Population,5,Prevalence,130,Mexico,3,Both,22,All ages,499,Cardiomyopathy and myocarditis,3,Rate,2016,37.09830833424,43.72432637328,30.87804061855
1,All Population,5,Prevalence,49,North Macedonia,3,Both,22,All ages,499,Cardiomyopathy and myocarditis,3,Rate,2017,141.59629436549,169.2365519296,116.4745444827
1,All Population,5,Prevalence,183,Mauritius,3,Both,22,All ages,499,Cardiomyopathy and myocarditis,3,Rate,2017,30.70988103411,35.3409971636,25.883165296829997
1,All Population,5,Prevalence,172,Equatorial Guinea,3,Both,22,All ages,499,Cardiomyopathy and myocarditis,3,Rate,2017,65.84258477485,88.14875126352001,49.24354645611
1,All Population,5,Prevalence,20,Viet Nam,3,Both,22,All ages,499,Cardiomyopathy and myocarditis,3,Rate,2017,38.53111376511,44.31570524176,33.111625916870004
1,All Population,5,Prevalence,127,El Salvador,3,Both,22,All ages,499,Cardiomyopathy and myocarditis,3,Rate,2016,37.48943286007,44.12826966012,31.61627736067
1,All Population,5,Prevalence,27,Samoa,3,Both,22,All ages,499,Cardiomyopathy and myocarditis,3,Rate,2016,32.857976045790004,40.05304629155,26.7266095751
1,All Population,5,Prevalence,59,Latvia,3,Both,22,All ages,499,Cardiomyopathy and myocarditis,3,Rate,2017,207.10422600334002,250.27423266632002,167.95480638549
1,All Population,5,Prevalence,164,Nepal,3,Both,22,All ages,499,Cardiomyopathy and myocarditis,3,Rate,2016,43.741006348990005,51.041814804619996,37.693454811390005
1,All Population,5,Prevalence,39,Tajikistan,3,Both,22,All ages,499,Cardiomyopathy and myocarditis,3,Rate,2017,22.252047789400002,27.062397112779998,18.41503673939
1,All Population,5,Prevalence,13,Malaysia,3,Both,22,All ages,499,Cardiomyopathy and myocarditis,3,Rate,2017,36.507031942990004,41.72822724464,30.57698977252
1,All Population,5,Prevalence,125,Colombia,3,Both,22,All ages,499,Cardiomyopathy and myocarditis,3,Rate,2017,56.294482366249994,65.9110149584,47.01318712632
1,All Population,5,Prevalence,74,Andorra,3,Both,22,All ages,499,Cardiomyopathy and myocarditis,3,Rate,2016,154.1770818326,179.75657799943,127.94998631374
1,All Population,5,Prevalence,175,Burundi,3,Both,22,All ages,499,Cardiomyopathy and myocarditis,3,Rate,2016,83.54718885886,107.94144731832999,63.444272435420004
1,All Population,5,Prevalence,396,San Marino,3,Both,22,All ages,499,Cardiomyopathy and myocarditis,3,Rate,2016,170.36448564459,202.17386558515003,140.02098176871002
1,All Population,5,Prevalence,91,Portugal,3,Both,22,All ages,499,Cardiomyopathy and myocarditis,3,Rate,2017,81.36971198196001,98.62329777926,65.94244074803
1,All Population,5,Prevalence,305,Bermuda,3,Both,22,All ages,499,Cardiomyopathy and myocarditis,3,Rate,2016,179.04109384659,213.10428728865003,146.60577431838
1,All Population,5,Prevalence,99,Uruguay,3,Both,22,All ages,499,Cardiomyopathy and myocarditis,3,Rate,2017,96.75328788396,115.53148606773,79.80660827685
1,All Population,5,Prevalence,36,Kazakhstan,3,Both,22,All ages,499,Cardiomyopathy and myocarditis,3,Rate,2017,160.34339238289,190.33221376781,135.98787997381
1,All Population,5,Prevalence,28,Solomon Islands,3,Both,22,All ages,499,Cardiomyopathy and myocarditis,3,Rate,2017,18.60650090037,22.60273061949,15.231033801010001
1,All Population,5,Prevalence,117,Saint Vincent and the Grenadines,3,Both,22,All ages,499,Cardiomyopathy and myocarditis,3,Rate,2017,48.44743740338,55.77323072224,41.34019574808
1,All Population,5,Prevalence,87,Luxembourg,3,Both,22,All ages,499,Cardiomyopathy and myocarditis,3,Rate,2016,92.49551021053999,106.50453281684,77.49565289097
1,All Population,5,Prevalence,83,Iceland,3,Both,22,All ages,499,Cardiomyopathy and myocarditis,3,Rate,2017,26.085497057479998,29.73725679545,22.54536441578
1,All Population,5,Prevalence,164,Nepal,3,Both,22,All ages,499,Cardiomyopathy and myocarditis,3,Rate,2017,44.16109101889,51.580117641040005,38.01112521315
1,All Population,5,Prevalence,82,Greece,3,Both,22,All ages,499,Cardiomyopathy and myocarditis,3,Rate,2016,47.42785051029,54.672884297939994,40.86580185287
1,All Population,5,Prevalence,132,Panama,3,Both,22,All ages,499,Cardiomyopathy and myocarditis,3,Rate,2016,92.72926091745,107.83898168175,79.98075442898
1,All Population,5,Prevalence,145,Kuwait,3,Both,22,All ages,499,Cardiomyopathy and myocarditis,3,Rate,2016,23.166296756010002,27.54509027055,19.50171609249
1,All Population,5,Prevalence,25,Micronesia (Federated States of),3,Both,22,All ages,499,Cardiomyopathy and myocarditis,3,Rate,2017,24.44303943841,29.86084493577,20.035404037950002
1,All Population,5,Prevalence,140,Bahrain,3,Both,22,All ages,499,Cardiomyopathy and myocarditis,3,Rate,2016,75.36818736659,88.22741161246,63.67482148373
1,All Population,5,Prevalence,140,Bahrain,3,Both,22,All ages,499,Cardiomyopathy and myocarditis,3,Rate,2017,75.71461886594001,88.85899052828,63.82888056817001
1,All Population,5,Prevalence,35,Georgia,3,Both,22,All ages,499,Cardiomyopathy and myocarditis,3,Rate,2016,41.24312089114,49.82896555159999,33.32581772156
1,All Population,5,Prevalence,130,Mexico,3,Both,22,All ages,499,Cardiomyopathy and myocarditis,3,Rate,2017,36.98697139886,43.64883618152,30.82076774652
1,All Population,5,Prevalence,35,Georgia,3,Both,22,All ages,499,Cardiomyopathy and myocarditis,3,Rate,2017,41.48199747207,50.24990195695,33.49437008628
1,All Population,5,Prevalence,185,Rwanda,3,Both,22,All ages,499,Cardiomyopathy and myocarditis,3,Rate,2017,90.493350496,116.19418942811001,68.87564074107999
1,All Population,5,Prevalence,72,New Zealand,3,Both,22,All ages,499,Cardiomyopathy and myocarditis,3,Rate,2017,127.69265322986,144.96283708759,108.23990617372999
1,All Population,5,Prevalence,80,France,3,Both,22,All ages,499,Cardiomyopathy and myocarditis,3,Rate,2017,276.86785932131,314.70848836194,242.70908825517
1,All Population,5,Prevalence,94,Switzerland,3,Both,22,All ages,499,Cardiomyopathy and myocarditis,3,Rate,2017,56.007381812439995,64.95530954393,47.17013981642
1,All Population,5,Prevalence,349,Greenland,3,Both,22,All ages,499,Cardiomyopathy and myocarditis,3,Rate,2016,154.1693743231,184.47689714573,129.54769252341
1,All Population,5,Prevalence,175,Burundi,3,Both,22,All ages,499,Cardiomyopathy and myocarditis,3,Rate,2017,84.33063272953,108.63568181528,64.96278600611
1,All Population,5,Prevalence,141,Egypt,3,Both,22,All ages,499,Cardiomyopathy and myocarditis,3,Rate,2017,31.757563613429998,39.079463116759996,25.508703920939997
1,All Population,5,Prevalence,40,Turkmenistan,3,Both,22,All ages,499,Cardiomyopathy and myocarditis,3,Rate,2016,87.36410916858999,102.25008421640999,73.32061233161
1,All Population,5,Prevalence,46,Croatia,3,Both,22,All ages,499,Cardiomyopathy and myocarditis,3,Rate,2017,63.792188304519996,75.79981798975,50.595237998159995
1,All Population,5,Prevalence,187,Somalia,3,Both,22,All ages,499,Cardiomyopathy and myocarditis,3,Rate,2016,78.95884558406,100.7733027741,60.435188786619996
1,All Population,5,Prevalence,191,Zambia,3,Both,22,All ages,499,Cardiomyopathy and myocarditis,3,Rate,2016,80.85032724757001,105.79276815483999,60.572281717260005
1,All Population,5,Prevalence,98,Chile,3,Both,22,All ages,499,Cardiomyopathy and myocarditis,3,Rate,2016,76.77811035779999,91.38981766811999,64.03667738898
1,All Population,5,Prevalence,93,Sweden,3,Both,22,All ages,499,Cardiomyopathy and myocarditis,3,Rate,2017,181.07330313281,210.45302518761002,155.14840830949
1,All Population,5,Prevalence,177,Djibouti,3,Both,22,All ages,499,Cardiomyopathy and myocarditis,3,Rate,2016,99.25993174745001,127.10638001006998,76.53820318334
1,All Population,5,Prevalence,27,Samoa,3,Both,22,All ages,499,Cardiomyopathy and myocarditis,3,Rate,2017,33.02473182781,40.05592079875,26.93812033672
1,All Population,5,Prevalence,212,Mauritania,3,Both,22,All ages,499,Cardiomyopathy and myocarditis,3,Rate,2017,52.140300497169996,71.53927739968,38.35597366602
1,All Population,5,Prevalence,119,Trinidad and Tobago,3,Both,22,All ages,499,Cardiomyopathy and myocarditis,3,Rate,2017,54.33146083405,62.79391487901,45.80976658526
1,All Population,5,Prevalence,127,El Salvador,3,Both,22,All ages,499,Cardiomyopathy and myocarditis,3,Rate,2017,37.54532404865,44.10097210587,31.80252625964
1,All Population,5,Prevalence,60,Lithuania,3,Both,22,All ages,499,Cardiomyopathy and myocarditis,3,Rate,2017,125.07758113782,150.10476777078,102.56809935490999
1,All Population,5,Prevalence,38,Mongolia,3,Both,22,All ages,499,Cardiomyopathy and myocarditis,3,Rate,2017,75.92214091961,90.86828021797,62.6478646
1,All Population,5,Prevalence,305,Bermuda,3,Both,22,All ages,499,Cardiomyopathy and myocarditis,3,Rate,2017,184.63248629512998,220.91989794132002,151.56032782104998
1,All Population,5,Prevalence,82,Greece,3,Both,22,All ages,499,Cardiomyopathy and myocarditis,3,Rate,2017,50.16636468324,58.02943222537,43.528811939330005
1,All Population,5,Prevalence,177,Djibouti,3,Both,22,All ages,499,Cardiomyopathy and myocarditis,3,Rate,2017,100.42052497895,128.53026488846,77.40175185869
1,All Population,5,Prevalence,107,Barbados,3,Both,22,All ages,499,Cardiomyopathy and myocarditis,3,Rate,2017,143.50293566548,167.03016975074001,117.84806384844
1,All Population,5,Prevalence,74,Andorra,3,Both,22,All ages,499,Cardiomyopathy and myocarditis,3,Rate,2017,155.61486495584998,180.97635116864,128.70227735097998
1,All Population,5,Prevalence,153,Syrian Arab Republic,3,Both,22,All ages,499,Cardiomyopathy and myocarditis,3,Rate,2017,35.61877147243,44.26451336078,28.887695632449997
1,All Population,5,Prevalence,132,Panama,3,Both,22,All ages,499,Cardiomyopathy and myocarditis,3,Rate,2017,94.32667675728,109.40011113986,81.3926851988
1,All Population,5,Prevalence,14,Maldives,3,Both,22,All ages,499,Cardiomyopathy and myocarditis,3,Rate,2017,26.80532137605,31.005398882610002,22.742960460040003
1,All Population,5,Prevalence,52,Romania,3,Both,22,All ages,499,Cardiomyopathy and myocarditis,3,Rate,2017,147.22115099763002,182.45735214376,112.03941890295
1,All Population,5,Prevalence,85,Israel,3,Both,22,All ages,499,Cardiomyopathy and myocarditis,3,Rate,2017,43.15417332925,49.64995684963,36.1396569248
1,All Population,5,Prevalence,48,Hungary,3,Both,22,All ages,499,Cardiomyopathy and myocarditis,3,Rate,2017,119.61635197187,145.89356410058,96.91433376707
1,All Population,5,Prevalence,142,Iran (Islamic Republic of),3,Both,22,All ages,499,Cardiomyopathy and myocarditis,3,Rate,2017,36.67306579908,43.84413084291,30.48131000338
1,All Population,5,Prevalence,396,San Marino,3,Both,22,All ages,499,Cardiomyopathy and myocarditis,3,Rate,2017,173.90896854348,207.39571694126,142.05096011981
1,All Population,5,Prevalence,187,Somalia,3,Both,22,All ages,499,Cardiomyopathy and myocarditis,3,Rate,2017,79.10890749772,100.64790830252,60.38609246601
1,All Population,5,Prevalence,191,Zambia,3,Both,22,All ages,499,Cardiomyopathy and myocarditis,3,Rate,2017,81.37742391166,106.82877441489,61.3682821241
1,All Population,5,Prevalence,369,Nauru,3,Both,22,All ages,499,Cardiomyopathy and myocarditis,3,Rate,2016,22.01179625011,27.380580698889997,17.540488233399998
1,All Population,5,Prevalence,193,Botswana,3,Both,22,All ages,499,Cardiomyopathy and myocarditis,3,Rate,2016,80.19188256425,104.62844795363999,60.758708836729994
1,All Population,5,Prevalence,6,China,3,Both,22,All ages,499,Cardiomyopathy and myocarditis,3,Rate,2017,26.30624540002,30.249471642640003,22.35316473406
1,All Population,5,Prevalence,95,United Kingdom,3,Both,22,All ages,499,Cardiomyopathy and myocarditis,3,Rate,2017,73.09909317297,82.30110198331,62.510980396890005
1,All Population,5,Prevalence,106,Bahamas,3,Both,22,All ages,499,Cardiomyopathy and myocarditis,3,Rate,2017,77.50544539675,90.24212808410999,65.20394412085
1,All Population,5,Prevalence,98,Chile,3,Both,22,All ages,499,Cardiomyopathy and myocarditis,3,Rate,2017,77.56880616683,92.44365073993,64.71581360536
1,All Population,5,Prevalence,349,Greenland,3,Both,22,All ages,499,Cardiomyopathy and myocarditis,3,Rate,2017,155.47616863444,185.71696032135,130.03040577917
1,All Population,5,Prevalence,40,Turkmenistan,3,Both,22,All ages,499,Cardiomyopathy and myocarditis,3,Rate,2017,87.05071259682,101.65830629214,73.01447537994001
1,All Population,5,Prevalence,179,Ethiopia,3,Both,22,All ages,499,Cardiomyopathy and myocarditis,3,Rate,2016,141.94760714133,171.55602180664002,116.88217584606001
1,All Population,5,Prevalence,179,Ethiopia,3,Both,22,All ages,499,Cardiomyopathy and myocarditis,3,Rate,2017,142.65064980252,172.18313788119002,117.09020264561
1,All Population,5,Prevalence,8,Taiwan,3,Both,22,All ages,499,Cardiomyopathy and myocarditis,3,Rate,2017,46.21529838304,53.734614725620006,38.98435567715
1,All Population,5,Prevalence,193,Botswana,3,Both,22,All ages,499,Cardiomyopathy and myocarditis,3,Rate,2017,81.12909270208,105.42472702775999,61.37097609993
1,All Population,5,Prevalence,143,Iraq,3,Both,22,All ages,499,Cardiomyopathy and myocarditis,3,Rate,2017,63.93195374887,76.30903211099,53.86147226808001
1,All Population,5,Prevalence,16,Philippines,3,Both,22,All ages,499,Cardiomyopathy and myocarditis,3,Rate,2017,26.05868673131,30.51326739627,21.47015704649
1,All Population,5,Prevalence,50,Montenegro,3,Both,22,All ages,499,Cardiomyopathy and myocarditis,3,Rate,2017,216.48752469830998,257.87171466126,180.24410161825
1,All Population,5,Prevalence,87,Luxembourg,3,Both,22,All ages,499,Cardiomyopathy and myocarditis,3,Rate,2017,90.91688304755999,105.30382891241999,76.31467950627
1,All Population,5,Prevalence,155,Türkiye,3,Both,22,All ages,499,Cardiomyopathy and myocarditis,3,Rate,2017,47.6827418637,56.00146444449,40.35104337988
1,All Population,5,Prevalence,113,Guyana,3,Both,22,All ages,499,Cardiomyopathy and myocarditis,3,Rate,2017,52.46453325035,60.18621991016,44.19208843746
1,All Population,5,Prevalence,97,Argentina,3,Both,22,All ages,499,Cardiomyopathy and myocarditis,3,Rate,2017,120.98748828235999,145.57709157795,100.92471827566
1,All Population,5,Prevalence,145,Kuwait,3,Both,22,All ages,499,Cardiomyopathy and myocarditis,3,Rate,2017,22.76056438221,26.863473859979997,19.2736274912
1,All Population,5,Prevalence,53,Serbia,3,Both,22,All ages,499,Cardiomyopathy and myocarditis,3,Rate,2017,111.98967700954,135.78217851059,88.3496210969
1,All Population,5,Prevalence,190,Uganda,3,Both,22,All ages,499,Cardiomyopathy and myocarditis,3,Rate,2017,60.62102804341,76.44936587891,46.63759023394
1,All Population,5,Prevalence,68,Republic of Korea,3,Both,22,All ages,499,Cardiomyopathy and myocarditis,3,Rate,2017,89.64889236961001,103.78347255620001,76.59788371526
1,All Population,5,Prevalence,181,Madagascar,3,Both,22,All ages,499,Cardiomyopathy and myocarditis,3,Rate,2016,89.08677643405,115.12526202228,68.74536470064001
1,All Population,5,Prevalence,181,Madagascar,3,Both,22,All ages,499,Cardiomyopathy and myocarditis,3,Rate,2017,89.89144515882,116.74594796593,69.29215411633
1,All Population,5,Prevalence,201,Burkina Faso,3,Both,22,All ages,499,Cardiomyopathy and myocarditis,3,Rate,2017,44.54598969217,60.707975554280004,32.982373965520004
1,All Population,5,Prevalence,416,Tuvalu,3,Both,22,All ages,499,Cardiomyopathy and myocarditis,3,Rate,2017,25.68636453004,30.9524924688,20.853395606910002
1,All Population,5,Prevalence,160,Afghanistan,3,Both,22,All ages,499,Cardiomyopathy and myocarditis,3,Rate,2017,19.42991623223,23.98564272095,15.76103581429
1,All Population,5,Prevalence,369,Nauru,3,Both,22,All ages,499,Cardiomyopathy and myocarditis,3,Rate,2017,22.12831107034,27.54180434157,17.70346655271
1,All Population,5,Prevalence,108,Belize,3,Both,22,All ages,499,Cardiomyopathy and myocarditis,3,Rate,2017,74.73774648829,86.81066766738999,63.05623108359
1,All Population,5,Prevalence,195,Namibia,3,Both,22,All ages,499,Cardiomyopathy and myocarditis,3,Rate,2017,81.40755163709,106.27351382081,62.21868086045
1,All Population,5,Prevalence,61,Republic of Moldova,3,Both,22,All ages,499,Cardiomyopathy and myocarditis,3,Rate,2017,72.94328431901,89.5730567448,61.074986145450005
1,All Population,5,Prevalence,10,Cambodia,3,Both,22,All ages,499,Cardiomyopathy and myocarditis,3,Rate,2017,16.67240205999,19.19143928778,14.284358108860001
1,All Population,5,Prevalence,121,Bolivia (Plurinational State of),3,Both,22,All ages,499,Cardiomyopathy and myocarditis,3,Rate,2017,36.28991464333,43.31535508547,30.873366238249996
1,All Population,5,Prevalence,147,Libya,3,Both,22,All ages,499,Cardiomyopathy and myocarditis,3,Rate,2017,37.45327964154,46.43162446225,30.663352709099996
1,All Population,5,Prevalence,206,Gambia,3,Both,22,All ages,499,Cardiomyopathy and myocarditis,3,Rate,2017,48.61476099882,64.1224617514,35.91242665523
1,All Population,5,Prevalence,89,Netherlands,3,Both,22,All ages,499,Cardiomyopathy and myocarditis,3,Rate,2017,106.78851697977,127.11682848979,88.66710383634
1,All Population,5,Prevalence,55,Slovenia,3,Both,22,All ages,499,Cardiomyopathy and myocarditis,3,Rate,2017,253.42101676625,302.60270341152,201.31640302236002
1,All Population,5,Prevalence,214,Nigeria,3,Both,22,All ages,499,Cardiomyopathy and myocarditis,3,Rate,2017,68.33778992015,88.06991139440001,53.23971315238
1,All Population,5,Prevalence,157,Yemen,3,Both,22,All ages,499,Cardiomyopathy and myocarditis,3,Rate,2017,26.91779456481,34.02745338677,21.82000636321
1,All Population,5,Prevalence,115,Jamaica,3,Both,22,All ages,499,Cardiomyopathy and myocarditis,3,Rate,2017,78.67721667883,90.96110768919,66.35265143826
1,All Population,5,Prevalence,197,Eswatini,3,Both,22,All ages,499,Cardiomyopathy and myocarditis,3,Rate,2017,74.93393986023,95.07921725060001,55.935359668400004
1,All Population,5,Prevalence,102,United States of America,3,Both,22,All ages,499,Cardiomyopathy and myocarditis,3,Rate,2017,160.15656967727,182.97062435138,139.36150065127
1,All Population,5,Prevalence,376,Northern Mariana Islands,3,Both,22,All ages,499,Cardiomyopathy and myocarditis,3,Rate,2017,43.51364138909,51.622302857790004,35.87615442944
1,All Population,5,Prevalence,203,Cabo Verde,3,Both,22,All ages,499,Cardiomyopathy and myocarditis,3,Rate,2017,66.64353499479999,87.08992439618001,48.55919367252
1,All Population,5,Prevalence,162,Bhutan,3,Both,22,All ages,499,Cardiomyopathy and myocarditis,3,Rate,2017,47.36226282037,54.008649984289995,40.0533985477
1,All Population,5,Prevalence,57,Belarus,3,Both,22,All ages,499,Cardiomyopathy and myocarditis,3,Rate,2017,101.84540042321,122.71529705378,84.64734377737
1,All Population,5,Prevalence,522,Sudan,3,Both,22,All ages,499,Cardiomyopathy and myocarditis,3,Rate,2017,25.509741628300002,31.10254633697,21.11402695292
1,All Population,5,Prevalence,110,Dominica,3,Both,22,All ages,499,Cardiomyopathy and myocarditis,3,Rate,2017,147.28955938809,172.21329151928998,123.66633528685001
1,All Population,5,Prevalence,63,Ukraine,3,Both,22,All ages,499,Cardiomyopathy and myocarditis,3,Rate,2017,129.66290606631,147.38346169251,111.57446819930999
1,All Population,5,Prevalence,149,Palestine,3,Both,22,All ages,499,Cardiomyopathy and myocarditis,3,Rate,2017,62.33044676709,76.81032902824,51.87239970851
1,All Population,5,Prevalence,208,Guinea,3,Both,22,All ages,499,Cardiomyopathy and myocarditis,3,Rate,2017,44.10065510151,58.91901604667,32.79184444967
1,All Population,5,Prevalence,216,Senegal,3,Both,22,All ages,499,Cardiomyopathy and myocarditis,3,Rate,2017,32.61180239482,44.63596930032,23.78398562345
1,All Population,5,Prevalence,168,Angola,3,Both,22,All ages,499,Cardiomyopathy and myocarditis,3,Rate,2017,64.62235347709999,85.30214437833,48.76862449915
1,All Population,5,Prevalence,385,Puerto Rico,3,Both,22,All ages,499,Cardiomyopathy and myocarditis,3,Rate,2017,98.91844449466,117.01192953211002,81.4327178022
1,All Population,5,Prevalence,435,South Sudan,3,Both,22,All ages,499,Cardiomyopathy and myocarditis,3,Rate,2017,84.27684144601,109.74757722417999,63.84389957185
1,All Population,5,Prevalence,205,Côte d'Ivoire,3,Both,22,All ages,499,Cardiomyopathy and myocarditis,3,Rate,2017,47.46754917057,64.14737159914999,35.45754395203
1,All Population,5,Prevalence,210,Liberia,3,Both,22,All ages,499,Cardiomyopathy and myocarditis,3,Rate,2017,48.71587595655,66.15305586404,36.0360599658
1,All Population,5,Prevalence,151,Qatar,3,Both,22,All ages,499,Cardiomyopathy and myocarditis,3,Rate,2017,60.423479423639996,71.34561225535,50.30517015814
1,All Population,5,Prevalence,101,Canada,3,Both,22,All ages,499,Cardiomyopathy and myocarditis,3,Rate,2017,143.46632400039002,167.04658091528,120.16048189662999
1,All Population,5,Prevalence,146,Lebanon,3,Both,22,All ages,499,Cardiomyopathy and myocarditis,3,Rate,2017,36.12414138459,41.23729088479,31.45189341409
1,All Population,5,Prevalence,135,Brazil,3,Both,22,All ages,499,Cardiomyopathy and myocarditis,3,Rate,2017,124.96925253359,143.05426465278,105.64248206738999
1,All Population,5,Prevalence,114,Haiti,3,Both,22,All ages,499,Cardiomyopathy and myocarditis,3,Rate,2017,44.34918485881,51.703331201939996,38.08670589657
1,All Population,5,Prevalence,148,Morocco,3,Both,22,All ages,499,Cardiomyopathy and myocarditis,3,Rate,2017,39.661837172729996,48.13204595323,33.025797979240004
1,All Population,5,Prevalence,194,Lesotho,3,Both,22,All ages,499,Cardiomyopathy and myocarditis,3,Rate,2017,72.36134899755,92.04076241719,54.63930474836
1,All Population,5,Prevalence,161,Bangladesh,3,Both,22,All ages,499,Cardiomyopathy and myocarditis,3,Rate,2017,42.647655274209995,48.86211750991,36.39268739405
1,All Population,5,Prevalence,105,Antigua and Barbuda,3,Both,22,All ages,499,Cardiomyopathy and myocarditis,3,Rate,2017,73.03427728679,82.52979998231,62.247134733500005
1,All Population,5,Prevalence,116,Saint Lucia,3,Both,22,All ages,499,Cardiomyopathy and myocarditis,3,Rate,2017,132.20009537605,153.61754577204002,110.41896347986
1,All Population,5,Prevalence,207,Ghana,3,Both,22,All ages,499,Cardiomyopathy and myocarditis,3,Rate,2017,56.829995648490005,76.48289153085,42.07873149489
1,All Population,5,Prevalence,150,Oman,3,Both,22,All ages,499,Cardiomyopathy and myocarditis,3,Rate,2017,68.41623066066,80.3126806359,58.34763375078
1,All Population,5,Prevalence,196,South Africa,3,Both,22,All ages,499,Cardiomyopathy and myocarditis,3,Rate,2017,71.48190546011,91.94194607035,53.83384593669
1,All Population,5,Prevalence,129,Honduras,3,Both,22,All ages,499,Cardiomyopathy and myocarditis,3,Rate,2017,44.75622531917,54.554616144460006,37.77989946313
1,All Population,5,Prevalence,374,Niue,3,Both,22,All ages,499,Cardiomyopathy and myocarditis,3,Rate,2017,32.92118555143,38.716559736369994,27.229462494200003
1,All Population,5,Prevalence,156,United Arab Emirates,3,Both,22,All ages,499,Cardiomyopathy and myocarditis,3,Rate,2017,78.35212917739999,95.96704529705,65.58374509447
1,All Population,5,Prevalence,163,India,3,Both,22,All ages,499,Cardiomyopathy and myocarditis,3,Rate,2017,40.80822146666,46.70505736776,34.313014635550005
1,All Population,5,Prevalence,118,Suriname,3,Both,22,All ages,499,Cardiomyopathy and myocarditis,3,Rate,2017,65.84490445248001,76.27467771777,56.72288739319
1,All Population,5,Prevalence,209,Guinea-Bissau,3,Both,22,All ages,499,Cardiomyopathy and myocarditis,3,Rate,2017,42.729317880640004,56.96262873275,31.920367838529998
1,All Population,5,Prevalence,198,Zimbabwe,3,Both,22,All ages,499,Cardiomyopathy and myocarditis,3,Rate,2017,87.53219107527,110.12046714575,67.75714472634999
1,All Population,5,Prevalence,176,Comoros,3,Both,22,All ages,499,Cardiomyopathy and myocarditis,3,Rate,2017,104.5666002142,130.83240613897,77.91933736265
1,All Population,5,Prevalence,169,Central African Republic,3,Both,22,All ages,499,Cardiomyopathy and myocarditis,3,Rate,2017,58.477539316649995,76.72435673236001,43.89698886531
1,All Population,5,Prevalence,380,Palau,3,Both,22,All ages,499,Cardiomyopathy and myocarditis,3,Rate,2017,24.052677265289997,28.009410222240003,19.91697659129
1,All Population,5,Prevalence,131,Nicaragua,3,Both,22,All ages,499,Cardiomyopathy and myocarditis,3,Rate,2017,43.57272381303,51.590502754970004,37.21357834302
1,All Population,5,Prevalence,165,Pakistan,3,Both,22,All ages,499,Cardiomyopathy and myocarditis,3,Rate,2017,38.30474361095,44.62015924695,32.128726312119994
1,All Population,5,Prevalence,211,Mali,3,Both,22,All ages,499,Cardiomyopathy and myocarditis,3,Rate,2017,42.45625089707,56.42014378305,32.055136258539996
1,All Population,5,Prevalence,171,Democratic Republic of the Congo,3,Both,22,All ages,499,Cardiomyopathy and myocarditis,3,Rate,2017,67.06197564989999,89.08256181848,50.652503517860005
1,All Population,5,Prevalence,133,Venezuela (Bolivarian Republic of),3,Both,22,All ages,499,Cardiomyopathy and myocarditis,3,Rate,2017,47.116299441479995,55.32042547497,40.13051285406
1,All Population,5,Prevalence,182,Malawi,3,Both,22,All ages,499,Cardiomyopathy and myocarditis,3,Rate,2017,82.18017677980001,104.75240797236,62.42048876945
1,All Population,5,Prevalence,144,Jordan,3,Both,22,All ages,499,Cardiomyopathy and myocarditis,3,Rate,2017,15.9656940683,19.69965512959,13.35628420166
1,All Population,5,Prevalence,178,Eritrea,3,Both,22,All ages,499,Cardiomyopathy and myocarditis,3,Rate,2017,91.2533481263,116.05280379051999,69.16503754534
1,All Population,5,Prevalence,173,Gabon,3,Both,22,All ages,499,Cardiomyopathy and myocarditis,3,Rate,2017,79.57652298014,104.07842702062,59.63754560646
1,All Population,5,Prevalence,213,Niger,3,Both,22,All ages,499,Cardiomyopathy and myocarditis,3,Rate,2017,40.55628917504,54.16617228254,29.98120967137
1,All Population,5,Prevalence,180,Kenya,3,Both,22,All ages,499,Cardiomyopathy and myocarditis,3,Rate,2017,88.22996653432,110.6485635089,68.09998355472
1,All Population,5,Prevalence,184,Mozambique,3,Both,22,All ages,499,Cardiomyopathy and myocarditis,3,Rate,2017,64.27957960346001,81.48475589789,49.12469000868
1,All Population,5,Prevalence,152,Saudi Arabia,3,Both,22,All ages,499,Cardiomyopathy and myocarditis,3,Rate,2017,55.08548620752,65.82829132036001,46.21042799148
1,All Population,5,Prevalence,367,Monaco,3,Both,22,All ages,499,Cardiomyopathy and myocarditis,3,Rate,2017,204.64605761875,249.10100001317,165.20427278757
1,All Population,5,Prevalence,186,Seychelles,3,Both,22,All ages,499,Cardiomyopathy and myocarditis,3,Rate,2017,40.14383065336,45.43137300616,34.4015466746
1,All Population,5,Prevalence,154,Tunisia,3,Both,22,All ages,499,Cardiomyopathy and myocarditis,3,Rate,2017,36.74712165244,43.56047686246,31.02690644577
1,All Population,5,Prevalence,189,United Republic of Tanzania,3,Both,22,All ages,499,Cardiomyopathy and myocarditis,3,Rate,2017,94.76976967607,120.50851920459,71.46526077066
1,All Population,5,Prevalence,46,Croatia,3,Both,22,All ages,499,Cardiomyopathy and myocarditis,3,Rate,2018,68.10681406929,82.03330822067001,54.06593947082
1,All Population,5,Prevalence,35,Georgia,3,Both,22,All ages,499,Cardiomyopathy and myocarditis,3,Rate,2018,41.78324828137,50.32477791436,33.71670294903
1,All Population,5,Prevalence,6,China,3,Both,22,All ages,499,Cardiomyopathy and myocarditis,3,Rate,2018,26.45978056049,30.4608456096,22.46592717048
1,All Population,5,Prevalence,14,Maldives,3,Both,22,All ages,499,Cardiomyopathy and myocarditis,3,Rate,2018,27.04413846072,31.16626873179,22.940764532150002
1,All Population,5,Prevalence,40,Turkmenistan,3,Both,22,All ages,499,Cardiomyopathy and myocarditis,3,Rate,2018,86.78564194331,101.91675533074,73.00615916276
1,All Population,5,Prevalence,48,Hungary,3,Both,22,All ages,499,Cardiomyopathy and myocarditis,3,Rate,2018,121.12159931663999,147.44880213862,97.47807739249001
1,All Population,5,Prevalence,61,Republic of Moldova,3,Both,22,All ages,499,Cardiomyopathy and myocarditis,3,Rate,2018,73.98926479534,90.23906705462001,61.494635947089996
1,All Population,5,Prevalence,8,Taiwan,3,Both,22,All ages,499,Cardiomyopathy and myocarditis,3,Rate,2018,46.27546062766,53.57520998975,38.89453380642
1,All Population,5,Prevalence,16,Philippines,3,Both,22,All ages,499,Cardiomyopathy and myocarditis,3,Rate,2018,26.258567210610003,30.8831478069,21.62837976367
1,All Population,5,Prevalence,53,Serbia,3,Both,22,All ages,499,Cardiomyopathy and myocarditis,3,Rate,2018,118.41110219501,144.11554445029,93.04064867668
1,All Population,5,Prevalence,63,Ukraine,3,Both,22,All ages,499,Cardiomyopathy and myocarditis,3,Rate,2018,131.03701675850002,149.5702632371,112.90938640638
1,All Population,5,Prevalence,50,Montenegro,3,Both,22,All ages,499,Cardiomyopathy and myocarditis,3,Rate,2018,229.55569456829,272.02539173188,188.86161164636
1,All Population,5,Prevalence,10,Cambodia,3,Both,22,All ages,499,Cardiomyopathy and myocarditis,3,Rate,2018,16.92005218025,19.4030074655,14.42134366086
1,All Population,5,Prevalence,29,Tonga,3,Both,22,All ages,499,Cardiomyopathy and myocarditis,3,Rate,2018,39.78425142085,47.237791003459996,32.533383562270004
1,All Population,5,Prevalence,18,Thailand,3,Both,22,All ages,499,Cardiomyopathy and myocarditis,3,Rate,2018,19.80159590404,23.26956460984,16.43391903221
1,All Population,5,Prevalence,76,Belgium,3,Both,22,All ages,499,Cardiomyopathy and myocarditis,3,Rate,2018,87.1818042869,98.07279383330001,76.61077170261
1,All Population,5,Prevalence,55,Slovenia,3,Both,22,All ages,499,Cardiomyopathy and myocarditis,3,Rate,2018,255.87568866837998,310.89497461619,197.41798510059
1,All Population,5,Prevalence,20,Viet Nam,3,Both,22,All ages,499,Cardiomyopathy and myocarditis,3,Rate,2018,38.93431012869,45.18387446282,33.35780322043
1,All Population,5,Prevalence,12,Lao People's Democratic Republic,3,Both,22,All ages,499,Cardiomyopathy and myocarditis,3,Rate,2018,16.200758011570002,18.78852764842,13.751642975140001
1,All Population,5,Prevalence,33,Armenia,3,Both,22,All ages,499,Cardiomyopathy and myocarditis,3,Rate,2018,54.13510561069,62.96814584902,45.29590181279
1,All Population,5,Prevalence,78,Denmark,3,Both,22,All ages,499,Cardiomyopathy and myocarditis,3,Rate,2018,57.70479023401,69.0776404168,46.70503207881
1,All Population,5,Prevalence,200,Benin,3,Both,22,All ages,499,Cardiomyopathy and myocarditis,3,Rate,2017,45.430006225259994,60.73322758390999,33.4476212971
1,All Population,5,Prevalence,44,Bosnia and Herzegovina,3,Both,22,All ages,499,Cardiomyopathy and myocarditis,3,Rate,2018,176.90027412729,213.5605118315,139.55973666772002
1,All Population,5,Prevalence,80,France,3,Both,22,All ages,499,Cardiomyopathy and myocarditis,3,Rate,2018,274.99414376057996,312.65926375905,239.63021771276
1,All Population,5,Prevalence,68,Republic of Korea,3,Both,22,All ages,499,Cardiomyopathy and myocarditis,3,Rate,2018,90.912023624,106.04470767101,77.7900019386
1,All Population,5,Prevalence,23,Kiribati,3,Both,22,All ages,499,Cardiomyopathy and myocarditis,3,Rate,2018,18.4948493894,21.385437212259998,15.733576821489999
1,All Population,5,Prevalence,57,Belarus,3,Both,22,All ages,499,Cardiomyopathy and myocarditis,3,Rate,2018,101.75498342771,122.95540090034,84.69013253565001
1,All Population,5,Prevalence,202,Cameroon,3,Both,22,All ages,499,Cardiomyopathy and myocarditis,3,Rate,2017,47.63233670917,63.27466342431,35.07196424945
1,All Population,5,Prevalence,36,Kazakhstan,3,Both,22,All ages,499,Cardiomyopathy and myocarditis,3,Rate,2018,159.76598770971,189.06103412785,135.73246266249
1,All Population,5,Prevalence,25,Micronesia (Federated States of),3,Both,22,All ages,499,Cardiomyopathy and myocarditis,3,Rate,2018,24.5470509435,29.805159241170003,20.08172271315
1,All Population,5,Prevalence,11,Indonesia,3,Both,22,All ages,499,Cardiomyopathy and myocarditis,3,Rate,2018,23.63193472853,27.517932033629997,19.29756480147
1,All Population,5,Prevalence,204,Chad,3,Both,22,All ages,499,Cardiomyopathy and myocarditis,3,Rate,2017,39.87363499004,53.878633095729995,28.896167071649998
1,All Population,5,Prevalence,59,Latvia,3,Both,22,All ages,499,Cardiomyopathy and myocarditis,3,Rate,2018,212.97226352978,257.65398477126,171.92606716696
1,All Population,5,Prevalence,24,Marshall Islands,3,Both,22,All ages,499,Cardiomyopathy and myocarditis,3,Rate,2018,22.80694314443,28.22039529521,18.49301598727
1,All Population,5,Prevalence,58,Estonia,3,Both,22,All ages,499,Cardiomyopathy and myocarditis,3,Rate,2018,105.41859829471001,124.72872661457001,87.04131022854
1,All Population,5,Prevalence,71,Australia,3,Both,22,All ages,499,Cardiomyopathy and myocarditis,3,Rate,2018,171.93269740636998,199.81191630408998,146.1241262415
1,All Population,5,Prevalence,38,Mongolia,3,Both,22,All ages,499,Cardiomyopathy and myocarditis,3,Rate,2018,77.22380917729,92.57206153363,63.60700652659
1,All Population,5,Prevalence,105,Antigua and Barbuda,3,Both,22,All ages,499,Cardiomyopathy and myocarditis,3,Rate,2018,74.41042793609,84.31476247166,63.380457241689996
1,All Population,5,Prevalence,82,Greece,3,Both,22,All ages,499,Cardiomyopathy and myocarditis,3,Rate,2018,53.012791650139995,61.13645608888,45.94898321598
1,All Population,5,Prevalence,37,Kyrgyzstan,3,Both,22,All ages,499,Cardiomyopathy and myocarditis,3,Rate,2018,55.81448970765,65.94649079096,46.58206840388
1,All Population,5,Prevalence,27,Samoa,3,Both,22,All ages,499,Cardiomyopathy and myocarditis,3,Rate,2018,33.22184794403,40.25045179334,27.048015279339996
1,All Population,5,Prevalence,93,Sweden,3,Both,22,All ages,499,Cardiomyopathy and myocarditis,3,Rate,2018,184.64053558072,215.52068082927,157.40818767572
1,All Population,5,Prevalence,26,Papua New Guinea,3,Both,22,All ages,499,Cardiomyopathy and myocarditis,3,Rate,2018,22.26373259848,26.83283422632,18.503357405430002
1,All Population,5,Prevalence,72,New Zealand,3,Both,22,All ages,499,Cardiomyopathy and myocarditis,3,Rate,2018,129.3163187602,147.77762025396,109.07880278875
1,All Population,5,Prevalence,217,Sierra Leone,3,Both,22,All ages,499,Cardiomyopathy and myocarditis,3,Rate,2017,47.486028760239996,63.953421951189995,35.815914672590004
1,All Population,5,Prevalence,83,Iceland,3,Both,22,All ages,499,Cardiomyopathy and myocarditis,3,Rate,2018,26.36520442771,30.03844888244,22.66204130122
1,All Population,5,Prevalence,118,Suriname,3,Both,22,All ages,499,Cardiomyopathy and myocarditis,3,Rate,2018,66.34569725045,76.64899221258,56.641746759010005
1,All Population,5,Prevalence,84,Ireland,3,Both,22,All ages,499,Cardiomyopathy and myocarditis,3,Rate,2018,102.22650400121,119.89104021074,86.21437024061
1,All Population,5,Prevalence,129,Honduras,3,Both,22,All ages,499,Cardiomyopathy and myocarditis,3,Rate,2018,45.02415740099,55.210567994440005,37.632537322110004
1,All Population,5,Prevalence,74,Andorra,3,Both,22,All ages,499,Cardiomyopathy and myocarditis,3,Rate,2018,158.08065359795,184.79402408214,131.46901974845
1,All Population,5,Prevalence,39,Tajikistan,3,Both,22,All ages,499,Cardiomyopathy and myocarditis,3,Rate,2018,22.33245989496,27.532879966790002,18.432685737630003
1,All Population,5,Prevalence,85,Israel,3,Both,22,All ages,499,Cardiomyopathy and myocarditis,3,Rate,2018,43.096596086670004,49.648526708110005,35.92957095313
1,All Population,5,Prevalence,176,Comoros,3,Both,22,All ages,499,Cardiomyopathy and myocarditis,3,Rate,2018,105.70866252383,134.22570400773,78.28266716842
1,All Population,5,Prevalence,165,Pakistan,3,Both,22,All ages,499,Cardiomyopathy and myocarditis,3,Rate,2018,38.61617239951,45.2010326242,32.372025702340004
1,All Population,5,Prevalence,106,Bahamas,3,Both,22,All ages,499,Cardiomyopathy and myocarditis,3,Rate,2018,78.08616521022999,90.73284635005,65.54342231977999
1,All Population,5,Prevalence,28,Solomon Islands,3,Both,22,All ages,499,Cardiomyopathy and myocarditis,3,Rate,2018,18.68806544401,22.76270933556,15.25173792524
1,All Population,5,Prevalence,86,Italy,3,Both,22,All ages,499,Cardiomyopathy and myocarditis,3,Rate,2018,139.83149630588,170.29772249269,113.07165795114
1,All Population,5,Prevalence,140,Bahrain,3,Both,22,All ages,499,Cardiomyopathy and myocarditis,3,Rate,2018,75.8122185951,88.9610088647,64.12684610776
1,All Population,5,Prevalence,52,Romania,3,Both,22,All ages,499,Cardiomyopathy and myocarditis,3,Rate,2018,147.28316043024,182.49507243929,111.69636113074
1,All Population,5,Prevalence,7,Democratic People's Republic of Korea,3,Both,22,All ages,499,Cardiomyopathy and myocarditis,3,Rate,2018,22.36624269232,25.651118685079997,19.171235298790002
1,All Population,5,Prevalence,95,United Kingdom,3,Both,22,All ages,499,Cardiomyopathy and myocarditis,3,Rate,2018,72.90625727829,82.35266263072,62.0404276333
1,All Population,5,Prevalence,298,American Samoa,3,Both,22,All ages,499,Cardiomyopathy and myocarditis,3,Rate,2017,57.7176090373,69.06680726321,47.66338837835
1,All Population,5,Prevalence,131,Nicaragua,3,Both,22,All ages,499,Cardiomyopathy and myocarditis,3,Rate,2018,43.76123165235,51.52325785792,37.147498328539996
1,All Population,5,Prevalence,41,Uzbekistan,3,Both,22,All ages,499,Cardiomyopathy and myocarditis,3,Rate,2018,17.9355545841,21.28991891461,14.998965147089999
1,All Population,5,Prevalence,88,Malta,3,Both,22,All ages,499,Cardiomyopathy and myocarditis,3,Rate,2018,67.51997283292,78.00646130429,57.73521172049
1,All Population,5,Prevalence,108,Belize,3,Both,22,All ages,499,Cardiomyopathy and myocarditis,3,Rate,2018,75.56290770622,87.70744591139001,63.96568245887
1,All Population,5,Prevalence,99,Uruguay,3,Both,22,All ages,499,Cardiomyopathy and myocarditis,3,Rate,2018,97.14152733398,116.51768435804999,79.78441512233
1,All Population,5,Prevalence,393,Saint Kitts and Nevis,3,Both,22,All ages,499,Cardiomyopathy and myocarditis,3,Rate,2017,123.10317294455999,142.37089309985998,104.94070274463
1,All Population,5,Prevalence,178,Eritrea,3,Both,22,All ages,499,Cardiomyopathy and myocarditis,3,Rate,2018,92.20213740722,117.265946984,69.71265808919
1,All Population,5,Prevalence,144,Jordan,3,Both,22,All ages,499,Cardiomyopathy and myocarditis,3,Rate,2018,15.85884540959,19.62558242251,13.054491422589999
1,All Population,5,Prevalence,142,Iran (Islamic Republic of),3,Both,22,All ages,499,Cardiomyopathy and myocarditis,3,Rate,2018,36.80076831837,44.20365204602,30.52838788341
1,All Population,5,Prevalence,54,Slovakia,3,Both,22,All ages,499,Cardiomyopathy and myocarditis,3,Rate,2018,77.25729742928,89.67345842512,65.18711971411001
1,All Population,5,Prevalence,213,Niger,3,Both,22,All ages,499,Cardiomyopathy and myocarditis,3,Rate,2018,40.61320399017,54.123591376730005,29.97249427416
1,All Population,5,Prevalence,97,Argentina,3,Both,22,All ages,499,Cardiomyopathy and myocarditis,3,Rate,2018,122.05967807137,145.76895990590998,101.87431723755
1,All Population,5,Prevalence,121,Bolivia (Plurinational State of),3,Both,22,All ages,499,Cardiomyopathy and myocarditis,3,Rate,2018,36.46708947722,43.6211877637,31.12950569096
1,All Population,5,Prevalence,153,Syrian Arab Republic,3,Both,22,All ages,499,Cardiomyopathy and myocarditis,3,Rate,2018,35.62203388315,44.183732481229995,29.06735159654
1,All Population,5,Prevalence,187,Somalia,3,Both,22,All ages,499,Cardiomyopathy and myocarditis,3,Rate,2018,79.30698184196,100.69106778958,60.76623818445
1,All Population,5,Prevalence,110,Dominica,3,Both,22,All ages,499,Cardiomyopathy and myocarditis,3,Rate,2018,148.21058942463,172.50751047268002,124.83244470802
1,All Population,5,Prevalence,320,Cook Islands,3,Both,22,All ages,499,Cardiomyopathy and myocarditis,3,Rate,2017,10.705754984270001,13.25978469866,8.806399666619999
1,All Population,5,Prevalence,133,Venezuela (Bolivarian Republic of),3,Both,22,All ages,499,Cardiomyopathy and myocarditis,3,Rate,2018,46.81946684072,54.96423582591,40.08132790363
1,All Population,5,Prevalence,43,Albania,3,Both,22,All ages,499,Cardiomyopathy and myocarditis,3,Rate,2018,111.03023865076001,132.99182777466,90.63826771506
1,All Population,5,Prevalence,413,Tokelau,3,Both,22,All ages,499,Cardiomyopathy and myocarditis,3,Rate,2017,40.680247265940004,48.3583992766,33.02231972644
1,All Population,5,Prevalence,180,Kenya,3,Both,22,All ages,499,Cardiomyopathy and myocarditis,3,Rate,2018,89.76166906301,112.28228005470001,69.48124524934
1,All Population,5,Prevalence,194,Lesotho,3,Both,22,All ages,499,Cardiomyopathy and myocarditis,3,Rate,2018,72.95175180913,93.5336180763,55.30728747373
1,All Population,5,Prevalence,123,Peru,3,Both,22,All ages,499,Cardiomyopathy and myocarditis,3,Rate,2018,36.741494596269995,43.24347594907,30.575676041890002
1,All Population,5,Prevalence,146,Lebanon,3,Both,22,All ages,499,Cardiomyopathy and myocarditis,3,Rate,2018,36.2701569734,41.72503345007,31.53730748341
1,All Population,5,Prevalence,190,Uganda,3,Both,22,All ages,499,Cardiomyopathy and myocarditis,3,Rate,2018,62.08721609314,80.33348775486,47.16386376457
1,All Population,5,Prevalence,155,Türkiye,3,Both,22,All ages,499,Cardiomyopathy and myocarditis,3,Rate,2018,48.12178573859,56.35857074176,40.79667980683
1,All Population,5,Prevalence,215,Sao Tome and Principe,3,Both,22,All ages,499,Cardiomyopathy and myocarditis,3,Rate,2017,57.543454718659994,77.17751538703,43.04352329006
1,All Population,5,Prevalence,67,Japan,3,Both,22,All ages,499,Cardiomyopathy and myocarditis,3,Rate,2018,126.09770417359,146.71350479791,106.94182143143
1,All Population,5,Prevalence,351,Guam,3,Both,22,All ages,499,Cardiomyopathy and myocarditis,3,Rate,2017,41.36322309193,49.24843436949,34.29803682544
1,All Population,5,Prevalence,135,Brazil,3,Both,22,All ages,499,Cardiomyopathy and myocarditis,3,Rate,2018,126.56405950220999,145.82496080656,106.56430714508
1,All Population,5,Prevalence,112,Grenada,3,Both,22,All ages,499,Cardiomyopathy and myocarditis,3,Rate,2018,113.8955240301,132.33096784784,95.21380659528
1,All Population,5,Prevalence,101,Canada,3,Both,22,All ages,499,Cardiomyopathy and myocarditis,3,Rate,2018,144.57823740527,167.90076313783,121.79605643594
1,All Population,5,Prevalence,201,Burkina Faso,3,Both,22,All ages,499,Cardiomyopathy and myocarditis,3,Rate,2018,44.764810361349994,61.01306937398,33.20278912826
1,All Population,5,Prevalence,367,Monaco,3,Both,22,All ages,499,Cardiomyopathy and myocarditis,3,Rate,2018,208.38583236981,252.16974625044,168.99614627172002
1,All Population,5,Prevalence,114,Haiti,3,Both,22,All ages,499,Cardiomyopathy and myocarditis,3,Rate,2018,44.63881619466,52.19822116551,38.258450584820004
1,All Population,5,Prevalence,422,United States Virgin Islands,3,Both,22,All ages,499,Cardiomyopathy and myocarditis,3,Rate,2017,111.93623782191,130.9332054713,93.9758716939
1,All Population,5,Prevalence,87,Luxembourg,3,Both,22,All ages,499,Cardiomyopathy and myocarditis,3,Rate,2018,89.94606575928,104.64447954915,75.32694299573
1,All Population,5,Prevalence,91,Portugal,3,Both,22,All ages,499,Cardiomyopathy and myocarditis,3,Rate,2018,84.00277135592,101.1884045684,68.16342709356
1,All Population,5,Prevalence,168,Angola,3,Both,22,All ages,499,Cardiomyopathy and myocarditis,3,Rate,2018,65.03121674899,85.56099631247,48.986918648540005
1,All Population,5,Prevalence,196,South Africa,3,Both,22,All ages,499,Cardiomyopathy and myocarditis,3,Rate,2018,72.52200830868,93.32280870124,54.59757411931
1,All Population,5,Prevalence,161,Bangladesh,3,Both,22,All ages,499,Cardiomyopathy and myocarditis,3,Rate,2018,43.45761899483,49.78920929934,37.01636793298
1,All Population,5,Prevalence,148,Morocco,3,Both,22,All ages,499,Cardiomyopathy and myocarditis,3,Rate,2018,39.42583513553,48.28331160477,32.62593060148
1,All Population,5,Prevalence,69,Singapore,3,Both,22,All ages,499,Cardiomyopathy and myocarditis,3,Rate,2018,55.12817213914,63.25640320468,47.84971497817
1,All Population,5,Prevalence,22,Fiji,3,Both,22,All ages,499,Cardiomyopathy and myocarditis,3,Rate,2018,20.56745584254,24.65439081851,16.95173970002
1,All Population,5,Prevalence,89,Netherlands,3,Both,22,All ages,499,Cardiomyopathy and myocarditis,3,Rate,2018,110.58456910832001,131.25811385584998,91.56869944706
1,All Population,5,Prevalence,207,Ghana,3,Both,22,All ages,499,Cardiomyopathy and myocarditis,3,Rate,2018,57.36955244067,76.4041921354,42.575070773680004
1,All Population,5,Prevalence,116,Saint Lucia,3,Both,22,All ages,499,Cardiomyopathy and myocarditis,3,Rate,2018,136.0567102898,158.22599948849,114.27430247728
1,All Population,5,Prevalence,125,Colombia,3,Both,22,All ages,499,Cardiomyopathy and myocarditis,3,Rate,2018,56.68040662151,66.25925684433,46.86458261068
1,All Population,5,Prevalence,157,Yemen,3,Both,22,All ages,499,Cardiomyopathy and myocarditis,3,Rate,2018,27.05240905939,34.26075492052,22.132675987269998
1,All Population,5,Prevalence,374,Niue,3,Both,22,All ages,499,Cardiomyopathy and myocarditis,3,Rate,2018,33.071927556889996,39.00700991056,27.51216138307
1,All Population,5,Prevalence,198,Zimbabwe,3,Both,22,All ages,499,Cardiomyopathy and myocarditis,3,Rate,2018,88.13377790526,110.68093244187001,68.55863066463999
1,All Population,5,Prevalence,136,Paraguay,3,Both,22,All ages,499,Cardiomyopathy and myocarditis,3,Rate,2018,60.5746521529,70.64246994698999,50.20398536197
1,All Population,5,Prevalence,349,Greenland,3,Both,22,All ages,499,Cardiomyopathy and myocarditis,3,Rate,2018,156.80402717624,187.82266880268,129.94035098011
1,All Population,5,Prevalence,145,Kuwait,3,Both,22,All ages,499,Cardiomyopathy and myocarditis,3,Rate,2018,22.425854586139998,26.307283331369998,19.02330988761
1,All Population,5,Prevalence,214,Nigeria,3,Both,22,All ages,499,Cardiomyopathy and myocarditis,3,Rate,2018,68.47797598221,88.48206775058,53.17287719256
1,All Population,5,Prevalence,203,Cabo Verde,3,Both,22,All ages,499,Cardiomyopathy and myocarditis,3,Rate,2018,67.84981282861,87.69825771352,49.87840245595999
1,All Population,5,Prevalence,163,India,3,Both,22,All ages,499,Cardiomyopathy and myocarditis,3,Rate,2018,41.31477855821,47.303125342449995,34.555243905779996
1,All Population,5,Prevalence,209,Guinea-Bissau,3,Both,22,All ages,499,Cardiomyopathy and myocarditis,3,Rate,2018,43.00753230081,57.49506833911,32.19758836309
1,All Population,5,Prevalence,150,Oman,3,Both,22,All ages,499,Cardiomyopathy and myocarditis,3,Rate,2018,68.31653713058,80.89267938298,58.200506316879995
1,All Population,5,Prevalence,170,Congo,3,Both,22,All ages,499,Cardiomyopathy and myocarditis,3,Rate,2018,70.88148067921,93.36203651632,53.517730957270004
1,All Population,5,Prevalence,102,United States of America,3,Both,22,All ages,499,Cardiomyopathy and myocarditis,3,Rate,2018,160.82865734186998,184.30518232398,139.78007892179
1,All Population,5,Prevalence,113,Guyana,3,Both,22,All ages,499,Cardiomyopathy and myocarditis,3,Rate,2018,53.02280979257,61.23691049487999,44.594401527390005
1,All Population,5,Prevalence,127,El Salvador,3,Both,22,All ages,499,Cardiomyopathy and myocarditis,3,Rate,2018,37.59912957303,44.13008876762,31.58309301959
1,All Population,5,Prevalence,380,Palau,3,Both,22,All ages,499,Cardiomyopathy and myocarditis,3,Rate,2018,24.34243904692,28.438546089290003,20.04595979702
1,All Population,5,Prevalence,416,Tuvalu,3,Both,22,All ages,499,Cardiomyopathy and myocarditis,3,Rate,2018,25.80977706259,30.941099259839998,20.89988682121
1,All Population,5,Prevalence,147,Libya,3,Both,22,All ages,499,Cardiomyopathy and myocarditis,3,Rate,2018,37.157170993070004,46.07250413082,30.54592100785
1,All Population,5,Prevalence,211,Mali,3,Both,22,All ages,499,Cardiomyopathy and myocarditis,3,Rate,2018,42.64010633307,57.062874518780006,32.12408732481
1,All Population,5,Prevalence,183,Mauritius,3,Both,22,All ages,499,Cardiomyopathy and myocarditis,3,Rate,2018,31.58561099091,36.579851225270005,26.62567007531
1,All Population,5,Prevalence,216,Senegal,3,Both,22,All ages,499,Cardiomyopathy and myocarditis,3,Rate,2018,32.77268679198,44.49338924191,23.831450658250002
1,All Population,5,Prevalence,181,Madagascar,3,Both,22,All ages,499,Cardiomyopathy and myocarditis,3,Rate,2018,90.80782870793999,118.28143354723001,70.30092067342
1,All Population,5,Prevalence,205,Côte d'Ivoire,3,Both,22,All ages,499,Cardiomyopathy and myocarditis,3,Rate,2018,47.792236014139995,64.30317137005001,35.490193108620005
1,All Population,5,Prevalence,115,Jamaica,3,Both,22,All ages,499,Cardiomyopathy and myocarditis,3,Rate,2018,79.39851080188001,91.68021028740999,67.05166867469
1,All Population,5,Prevalence,172,Equatorial Guinea,3,Both,22,All ages,499,Cardiomyopathy and myocarditis,3,Rate,2018,66.24451106594,88.50023280179,49.78470312903001
1,All Population,5,Prevalence,149,Palestine,3,Both,22,All ages,499,Cardiomyopathy and myocarditis,3,Rate,2018,61.87784029032,75.22337917704,51.6445273013
1,All Population,5,Prevalence,193,Botswana,3,Both,22,All ages,499,Cardiomyopathy and myocarditis,3,Rate,2018,82.1195664035,106.2673934307,62.21663026587
1,All Population,5,Prevalence,160,Afghanistan,3,Both,22,All ages,499,Cardiomyopathy and myocarditis,3,Rate,2018,19.527834096470002,24.01888940852,15.855248501110001
1,All Population,5,Prevalence,117,Saint Vincent and the Grenadines,3,Both,22,All ages,499,Cardiomyopathy and myocarditis,3,Rate,2018,49.52537960915,56.82023933537,42.35542890994
1,All Population,5,Prevalence,218,Togo,3,Both,22,All ages,499,Cardiomyopathy and myocarditis,3,Rate,2018,49.43482800704,66.83758161109,37.11120307968
1,All Population,5,Prevalence,185,Rwanda,3,Both,22,All ages,499,Cardiomyopathy and myocarditis,3,Rate,2018,91.59299947481,117.90767212146,69.64748973668999
1,All Population,5,Prevalence,206,Gambia,3,Both,22,All ages,499,Cardiomyopathy and myocarditis,3,Rate,2018,48.916191918,63.935835955259996,36.046098175270004
1,All Population,5,Prevalence,151,Qatar,3,Both,22,All ages,499,Cardiomyopathy and myocarditis,3,Rate,2018,60.44457414539,72.09938027111001,49.93144122651
1,All Population,5,Prevalence,195,Namibia,3,Both,22,All ages,499,Cardiomyopathy and myocarditis,3,Rate,2018,82.21650049802,106.68336031713,62.94757007448
1,All Population,5,Prevalence,435,South Sudan,3,Both,22,All ages,499,Cardiomyopathy and myocarditis,3,Rate,2018,86.63567182409,112.85640413040001,65.09452945608
1,All Population,5,Prevalence,162,Bhutan,3,Both,22,All ages,499,Cardiomyopathy and myocarditis,3,Rate,2018,48.079871086459995,54.962348784650004,40.889430473539996
1,All Population,5,Prevalence,175,Burundi,3,Both,22,All ages,499,Cardiomyopathy and myocarditis,3,Rate,2018,85.05743025799,108.78571692877,66.16449932298
1,All Population,5,Prevalence,119,Trinidad and Tobago,3,Both,22,All ages,499,Cardiomyopathy and myocarditis,3,Rate,2018,55.05777799915,63.616639090330004,46.30831541245
1,All Population,5,Prevalence,98,Chile,3,Both,22,All ages,499,Cardiomyopathy and myocarditis,3,Rate,2018,78.12102939420001,92.86110943112999,65.19515949653
1,All Population,5,Prevalence,208,Guinea,3,Both,22,All ages,499,Cardiomyopathy and myocarditis,3,Rate,2018,44.27509032583,59.681162790559995,32.91478177207
1,All Population,5,Prevalence,369,Nauru,3,Both,22,All ages,499,Cardiomyopathy and myocarditis,3,Rate,2018,22.22988497842,27.65320533992,17.82502147389
1,All Population,5,Prevalence,130,Mexico,3,Both,22,All ages,499,Cardiomyopathy and myocarditis,3,Rate,2018,36.84047279131,43.607511811,30.69828664132
1,All Population,5,Prevalence,197,Eswatini,3,Both,22,All ages,499,Cardiomyopathy and myocarditis,3,Rate,2018,75.67070531609,96.38834085578,56.345130556069996
1,All Population,5,Prevalence,164,Nepal,3,Both,22,All ages,499,Cardiomyopathy and myocarditis,3,Rate,2018,44.58562740086,51.965397847240006,38.32528232994
1,All Population,5,Prevalence,305,Bermuda,3,Both,22,All ages,499,Cardiomyopathy and myocarditis,3,Rate,2018,190.02878534318,227.97759104091,155.49330033299
1,All Population,5,Prevalence,177,Djibouti,3,Both,22,All ages,499,Cardiomyopathy and myocarditis,3,Rate,2018,101.66790999092,130.46043073331998,77.93044107392
1,All Population,5,Prevalence,132,Panama,3,Both,22,All ages,499,Cardiomyopathy and myocarditis,3,Rate,2018,96.08422346724,110.78441361075001,82.81293385033
1,All Population,5,Prevalence,376,Northern Mariana Islands,3,Both,22,All ages,499,Cardiomyopathy and myocarditis,3,Rate,2018,43.83941598453,51.73628418305,36.19183189125
1,All Population,5,Prevalence,210,Liberia,3,Both,22,All ages,499,Cardiomyopathy and myocarditis,3,Rate,2018,49.443322466190004,66.54138862723,36.69908213823
1,All Population,5,Prevalence,179,Ethiopia,3,Both,22,All ages,499,Cardiomyopathy and myocarditis,3,Rate,2018,143.51429234796998,173.15799383189,117.43273602612999
1,All Population,5,Prevalence,385,Puerto Rico,3,Both,22,All ages,499,Cardiomyopathy and myocarditis,3,Rate,2018,100.35726145842,119.11740702426,81.99191937987
1,All Population,5,Prevalence,396,San Marino,3,Both,22,All ages,499,Cardiomyopathy and myocarditis,3,Rate,2018,174.11466776224,209.14800061946002,141.84464743578002
1,All Population,5,Prevalence,212,Mauritania,3,Both,22,All ages,499,Cardiomyopathy and myocarditis,3,Rate,2018,52.5562556618,72.00684438618,38.5597897213
1,All Population,5,Prevalence,191,Zambia,3,Both,22,All ages,499,Cardiomyopathy and myocarditis,3,Rate,2018,81.91066351081,107.90662027149,61.445297266080004
1,All Population,5,Prevalence,28,Solomon Islands,3,Both,22,All ages,499,Cardiomyopathy and myocarditis,3,Rate,2019,18.77480502376,22.76004201778,15.261598529579999
1,All Population,5,Prevalence,7,Democratic People's Republic of Korea,3,Both,22,All ages,499,Cardiomyopathy and myocarditis,3,Rate,2019,22.47299737543,25.680486996440003,19.29931346354
1,All Population,5,Prevalence,52,Romania,3,Both,22,All ages,499,Cardiomyopathy and myocarditis,3,Rate,2019,147.32480098336998,183.48915955484,111.96972857164
1,All Population,5,Prevalence,41,Uzbekistan,3,Both,22,All ages,499,Cardiomyopathy and myocarditis,3,Rate,2019,18.198934489590002,21.57348224625,15.20481491807
1,All Population,5,Prevalence,522,Sudan,3,Both,22,All ages,499,Cardiomyopathy and myocarditis,3,Rate,2018,25.31938093034,30.83667821321,20.83258276321
1,All Population,5,Prevalence,43,Albania,3,Both,22,All ages,499,Cardiomyopathy and myocarditis,3,Rate,2019,113.17852251766999,136.7635716423,91.39760310938999
1,All Population,5,Prevalence,54,Slovakia,3,Both,22,All ages,499,Cardiomyopathy and myocarditis,3,Rate,2019,76.37178955417,89.02903294717,63.768304879999995
1,All Population,5,Prevalence,11,Indonesia,3,Both,22,All ages,499,Cardiomyopathy and myocarditis,3,Rate,2019,23.8823162321,27.9419332109,19.52752077647
1,All Population,5,Prevalence,99,Uruguay,3,Both,22,All ages,499,Cardiomyopathy and myocarditis,3,Rate,2019,97.75765036341001,117.85020507187,79.78206705752001
1,All Population,5,Prevalence,88,Malta,3,Both,22,All ages,499,Cardiomyopathy and myocarditis,3,Rate,2019,65.84844167776001,76.60209721174999,55.412304162190004
1,All Population,5,Prevalence,22,Fiji,3,Both,22,All ages,499,Cardiomyopathy and myocarditis,3,Rate,2019,20.69792085644,24.82724536229,16.96739273672
1,All Population,5,Prevalence,135,Brazil,3,Both,22,All ages,499,Cardiomyopathy and myocarditis,3,Rate,2019,128.59767200797,148.89696481967,107.72933870139
1,All Population,5,Prevalence,101,Canada,3,Both,22,All ages,499,Cardiomyopathy and myocarditis,3,Rate,2019,145.75483706876,169.16798282949,123.1696159157
1,All Population,5,Prevalence,67,Japan,3,Both,22,All ages,499,Cardiomyopathy and myocarditis,3,Rate,2019,127.44467194807001,149.442402925,107.20635088039
1,All Population,5,Prevalence,146,Lebanon,3,Both,22,All ages,499,Cardiomyopathy and myocarditis,3,Rate,2019,36.32698443392,42.1014861765,31.47763467836
1,All Population,5,Prevalence,114,Haiti,3,Both,22,All ages,499,Cardiomyopathy and myocarditis,3,Rate,2019,44.91896344084,52.53868148591,38.24013698409
1,All Population,5,Prevalence,58,Estonia,3,Both,22,All ages,499,Cardiomyopathy and myocarditis,3,Rate,2019,107.58007998574999,126.90185782798,87.78569533144
1,All Population,5,Prevalence,24,Marshall Islands,3,Both,22,All ages,499,Cardiomyopathy and myocarditis,3,Rate,2019,22.90587442928,28.062784552249997,18.55741123907
1,All Population,5,Prevalence,194,Lesotho,3,Both,22,All ages,499,Cardiomyopathy and myocarditis,3,Rate,2019,73.53964917768,94.73274071907,55.938588466110005
1,All Population,5,Prevalence,37,Kyrgyzstan,3,Both,22,All ages,499,Cardiomyopathy and myocarditis,3,Rate,2019,56.12981877535,67.05804901837999,46.68189471541
1,All Population,5,Prevalence,116,Saint Lucia,3,Both,22,All ages,499,Cardiomyopathy and myocarditis,3,Rate,2019,138.86489749124001,161.93770567066002,116.95323641368
1,All Population,5,Prevalence,148,Morocco,3,Both,22,All ages,499,Cardiomyopathy and myocarditis,3,Rate,2019,39.17630020446,48.11327607062,32.18953208439
1,All Population,5,Prevalence,69,Singapore,3,Both,22,All ages,499,Cardiomyopathy and myocarditis,3,Rate,2019,55.59507133196001,63.90334333509,48.24446429303
1,All Population,5,Prevalence,26,Papua New Guinea,3,Both,22,All ages,499,Cardiomyopathy and myocarditis,3,Rate,2019,22.44111702943,27.09957020973,18.37975704893
1,All Population,5,Prevalence,105,Antigua and Barbuda,3,Both,22,All ages,499,Cardiomyopathy and myocarditis,3,Rate,2019,75.61351518205,86.61389225888,64.06402963157
1,All Population,5,Prevalence,374,Niue,3,Both,22,All ages,499,Cardiomyopathy and myocarditis,3,Rate,2019,33.25867856456,39.40142697307,27.806202769749998
1,All Population,5,Prevalence,39,Tajikistan,3,Both,22,All ages,499,Cardiomyopathy and myocarditis,3,Rate,2019,22.401651335369998,28.070959736360003,18.42221447831
1,All Population,5,Prevalence,196,South Africa,3,Both,22,All ages,499,Cardiomyopathy and myocarditis,3,Rate,2019,73.50169298367001,94.62303399727,55.302358175
1,All Population,5,Prevalence,118,Suriname,3,Both,22,All ages,499,Cardiomyopathy and myocarditis,3,Rate,2019,66.84233497992001,77.10330276662,56.99029284288
1,All Population,5,Prevalence,207,Ghana,3,Both,22,All ages,499,Cardiomyopathy and myocarditis,3,Rate,2019,57.9059134475,76.34536612961,43.18934190487
1,All Population,5,Prevalence,161,Bangladesh,3,Both,22,All ages,499,Cardiomyopathy and myocarditis,3,Rate,2019,44.248273827540004,50.73389362361,37.56025867527
1,All Population,5,Prevalence,71,Australia,3,Both,22,All ages,499,Cardiomyopathy and myocarditis,3,Rate,2019,173.64214380648002,201.27575701962002,146.51470375939
1,All Population,5,Prevalence,150,Oman,3,Both,22,All ages,499,Cardiomyopathy and myocarditis,3,Rate,2019,68.19398956495999,80.99883691564,57.56242280352001
1,All Population,5,Prevalence,13,Malaysia,3,Both,22,All ages,499,Cardiomyopathy and myocarditis,3,Rate,2018,37.23127929891,42.57553780517,31.205196316209996
1,All Population,5,Prevalence,129,Honduras,3,Both,22,All ages,499,Cardiomyopathy and myocarditis,3,Rate,2019,45.288493363040004,55.81745221599,37.76526783183
1,All Population,5,Prevalence,209,Guinea-Bissau,3,Both,22,All ages,499,Cardiomyopathy and myocarditis,3,Rate,2019,43.28330814182,58.069235560939994,32.34658547079
1,All Population,5,Prevalence,34,Azerbaijan,3,Both,22,All ages,499,Cardiomyopathy and myocarditis,3,Rate,2018,94.68398183475,111.77897925065,78.55793029914
1,All Population,5,Prevalence,84,Ireland,3,Both,22,All ages,499,Cardiomyopathy and myocarditis,3,Rate,2019,104.45150806408,122.74394718555001,87.32941264764
1,All Population,5,Prevalence,45,Bulgaria,3,Both,22,All ages,499,Cardiomyopathy and myocarditis,3,Rate,2018,30.630154135060003,36.937351280209995,25.25444659258
1,All Population,5,Prevalence,380,Palau,3,Both,22,All ages,499,Cardiomyopathy and myocarditis,3,Rate,2019,24.752527472190003,28.985311807869998,20.20314124471
1,All Population,5,Prevalence,15,Myanmar,3,Both,22,All ages,499,Cardiomyopathy and myocarditis,3,Rate,2018,20.479589414950002,23.7345807337,17.456524782459997
1,All Population,5,Prevalence,198,Zimbabwe,3,Both,22,All ages,499,Cardiomyopathy and myocarditis,3,Rate,2019,88.74034352246,111.59444552933,69.34449510127999
1,All Population,5,Prevalence,131,Nicaragua,3,Both,22,All ages,499,Cardiomyopathy and myocarditis,3,Rate,2019,43.95836998755,51.81066711141,37.0687610136
1,All Population,5,Prevalence,211,Mali,3,Both,22,All ages,499,Cardiomyopathy and myocarditis,3,Rate,2019,42.82565427073,57.608406061749996,32.16085594028
1,All Population,5,Prevalence,163,India,3,Both,22,All ages,499,Cardiomyopathy and myocarditis,3,Rate,2019,41.83028329453,48.25392513984,34.7111110072
1,All Population,5,Prevalence,86,Italy,3,Both,22,All ages,499,Cardiomyopathy and myocarditis,3,Rate,2019,141.56677986836,173.43610452568,113.15052751911
1,All Population,5,Prevalence,176,Comoros,3,Both,22,All ages,499,Cardiomyopathy and myocarditis,3,Rate,2019,106.83092962702,136.06347204801,78.88901003020999
1,All Population,5,Prevalence,144,Jordan,3,Both,22,All ages,499,Cardiomyopathy and myocarditis,3,Rate,2019,15.764573262899999,19.57889538904,12.941368558550002
1,All Population,5,Prevalence,17,Sri Lanka,3,Both,22,All ages,499,Cardiomyopathy and myocarditis,3,Rate,2018,35.42669284222,41.078847452299996,29.84202359913
1,All Population,5,Prevalence,18,Thailand,3,Both,22,All ages,499,Cardiomyopathy and myocarditis,3,Rate,2019,20.63839872272,24.26213858665,17.08121495044
1,All Population,5,Prevalence,133,Venezuela (Bolivarian Republic of),3,Both,22,All ages,499,Cardiomyopathy and myocarditis,3,Rate,2019,46.741633715519995,54.63130167455,39.84975600748
1,All Population,5,Prevalence,81,Germany,3,Both,22,All ages,499,Cardiomyopathy and myocarditis,3,Rate,2018,175.78138577795,202.01079251783,148.27094514181
1,All Population,5,Prevalence,29,Tonga,3,Both,22,All ages,499,Cardiomyopathy and myocarditis,3,Rate,2019,39.94692750808,47.38952489573,32.76913326762
1,All Population,5,Prevalence,213,Niger,3,Both,22,All ages,499,Cardiomyopathy and myocarditis,3,Rate,2019,40.68307805883,54.14393091876,30.005193831799996
1,All Population,5,Prevalence,47,Czechia,3,Both,22,All ages,499,Cardiomyopathy and myocarditis,3,Rate,2018,86.83155376063999,101.61538568883,72.46575530369
1,All Population,5,Prevalence,92,Spain,3,Both,22,All ages,499,Cardiomyopathy and myocarditis,3,Rate,2018,148.66097903752,171.98661024993,125.31720314458
1,All Population,5,Prevalence,165,Pakistan,3,Both,22,All ages,499,Cardiomyopathy and myocarditis,3,Rate,2019,38.94611274457,45.83017273823,32.59491369614
1,All Population,5,Prevalence,19,Timor-Leste,3,Both,22,All ages,499,Cardiomyopathy and myocarditis,3,Rate,2018,19.7661886139,22.96827335199,16.60730339077
1,All Population,5,Prevalence,60,Lithuania,3,Both,22,All ages,499,Cardiomyopathy and myocarditis,3,Rate,2018,128.01842074421,153.40383711877,104.9181097426
1,All Population,5,Prevalence,20,Viet Nam,3,Both,22,All ages,499,Cardiomyopathy and myocarditis,3,Rate,2019,39.34773668904,45.71277447162,33.43575367034
1,All Population,5,Prevalence,178,Eritrea,3,Both,22,All ages,499,Cardiomyopathy and myocarditis,3,Rate,2019,93.12854757303,118.37607453036,70.23210293342
1,All Population,5,Prevalence,94,Switzerland,3,Both,22,All ages,499,Cardiomyopathy and myocarditis,3,Rate,2018,58.263908200260005,68.45248682859001,48.098267360929995
1,All Population,5,Prevalence,49,North Macedonia,3,Both,22,All ages,499,Cardiomyopathy and myocarditis,3,Rate,2018,142.26340630046,170.45017601128,117.42648365158999
1,All Population,5,Prevalence,10,Cambodia,3,Both,22,All ages,499,Cardiomyopathy and myocarditis,3,Rate,2019,17.13538383404,19.7352851864,14.593352585780002
1,All Population,5,Prevalence,62,Russian Federation,3,Both,22,All ages,499,Cardiomyopathy and myocarditis,3,Rate,2018,171.81464252155,196.90997097355998,147.20940011822
1,All Population,5,Prevalence,107,Barbados,3,Both,22,All ages,499,Cardiomyopathy and myocarditis,3,Rate,2018,145.42404944626,168.64158397909,119.10937677374
1,All Population,5,Prevalence,367,Monaco,3,Both,22,All ages,499,Cardiomyopathy and myocarditis,3,Rate,2019,210.5854050951,256.55952825946,169.39021758458
1,All Population,5,Prevalence,51,Poland,3,Both,22,All ages,499,Cardiomyopathy and myocarditis,3,Rate,2018,299.05835195804997,344.64231955667003,258.74510610518996
1,All Population,5,Prevalence,75,Austria,3,Both,22,All ages,499,Cardiomyopathy and myocarditis,3,Rate,2018,183.03116650726,210.13263831718,154.65340903748
1,All Population,5,Prevalence,76,Belgium,3,Both,22,All ages,499,Cardiomyopathy and myocarditis,3,Rate,2019,86.19337750532,97.8217065816,75.53979077452
1,All Population,5,Prevalence,12,Lao People's Democratic Republic,3,Both,22,All ages,499,Cardiomyopathy and myocarditis,3,Rate,2019,16.31992630488,18.87365595119,13.85210285807
1,All Population,5,Prevalence,139,Algeria,3,Both,22,All ages,499,Cardiomyopathy and myocarditis,3,Rate,2018,34.15216950588,40.1791330773,28.68249211345
1,All Population,5,Prevalence,23,Kiribati,3,Both,22,All ages,499,Cardiomyopathy and myocarditis,3,Rate,2019,18.62665297006,21.563400671300002,15.66460444998
1,All Population,5,Prevalence,180,Kenya,3,Both,22,All ages,499,Cardiomyopathy and myocarditis,3,Rate,2019,91.24953023683,114.29291317619,70.81328383321001
1,All Population,5,Prevalence,33,Armenia,3,Both,22,All ages,499,Cardiomyopathy and myocarditis,3,Rate,2019,54.63803353392,64.18135936424,45.79692002766
1,All Population,5,Prevalence,44,Bosnia and Herzegovina,3,Both,22,All ages,499,Cardiomyopathy and myocarditis,3,Rate,2019,179.88484896449,218.18941497587,141.36272782501
1,All Population,5,Prevalence,128,Guatemala,3,Both,22,All ages,499,Cardiomyopathy and myocarditis,3,Rate,2018,39.79976429404,47.89417768133,33.212746356539995
1,All Population,5,Prevalence,30,Vanuatu,3,Both,22,All ages,499,Cardiomyopathy and myocarditis,3,Rate,2018,23.50657082944,28.56685799871,19.06236342767
1,All Population,5,Prevalence,22,Fiji,3,Both,22,All ages,499,Cardiomyopathy and myocarditis,3,Rate,2020,20.8033188349,25.015953275380003,17.05071966373
1,All Population,5,Prevalence,77,Cyprus,3,Both,22,All ages,499,Cardiomyopathy and myocarditis,3,Rate,2018,49.995995546550006,58.40562394537,41.95366958885
1,All Population,5,Prevalence,109,Cuba,3,Both,22,All ages,499,Cardiomyopathy and myocarditis,3,Rate,2018,116.42040143257,135.2821369159,97.77283599904001
1,All Population,5,Prevalence,141,Egypt,3,Both,22,All ages,499,Cardiomyopathy and myocarditis,3,Rate,2018,31.769997325520002,39.24953370285,25.4996826647
1,All Population,5,Prevalence,25,Micronesia (Federated States of),3,Both,22,All ages,499,Cardiomyopathy and myocarditis,3,Rate,2019,24.653801196370004,29.8081017104,20.079999573509998
1,All Population,5,Prevalence,110,Dominica,3,Both,22,All ages,499,Cardiomyopathy and myocarditis,3,Rate,2019,149.13795439652,174.9002921184,125.35924605395
1,All Population,5,Prevalence,57,Belarus,3,Both,22,All ages,499,Cardiomyopathy and myocarditis,3,Rate,2019,101.66761626323,122.86455267153,84.21074644235
1,All Population,5,Prevalence,78,Denmark,3,Both,22,All ages,499,Cardiomyopathy and myocarditis,3,Rate,2019,54.978338103750005,66.18927464695,44.063832646659996
1,All Population,5,Prevalence,11,Indonesia,3,Both,22,All ages,499,Cardiomyopathy and myocarditis,3,Rate,2020,24.14153326974,28.43142579633,19.69390623939
1,All Population,5,Prevalence,36,Kazakhstan,3,Both,22,All ages,499,Cardiomyopathy and myocarditis,3,Rate,2019,158.54904937257,188.72305912982,134.00702372729998
1,All Population,5,Prevalence,152,Saudi Arabia,3,Both,22,All ages,499,Cardiomyopathy and myocarditis,3,Rate,2018,55.1741877679,66.46038137824,45.98131027043
1,All Population,5,Prevalence,35,Georgia,3,Both,22,All ages,499,Cardiomyopathy and myocarditis,3,Rate,2019,42.14616492045,50.74973161055001,33.69451971743
1,All Population,5,Prevalence,111,Dominican Republic,3,Both,22,All ages,499,Cardiomyopathy and myocarditis,3,Rate,2018,57.01033507854,67.32107723710999,48.01936533971
1,All Population,5,Prevalence,27,Samoa,3,Both,22,All ages,499,Cardiomyopathy and myocarditis,3,Rate,2019,33.42007813866,40.411394544699995,26.894720324170002
1,All Population,5,Prevalence,24,Marshall Islands,3,Both,22,All ages,499,Cardiomyopathy and myocarditis,3,Rate,2020,22.994794827459998,27.9737429261,18.54449392966
1,All Population,5,Prevalence,90,Norway,3,Both,22,All ages,499,Cardiomyopathy and myocarditis,3,Rate,2018,92.41536430858001,105.39108585503,77.91239565176
1,All Population,5,Prevalence,6,China,3,Both,22,All ages,499,Cardiomyopathy and myocarditis,3,Rate,2019,26.62540751896,30.67329121337,22.57647905591
1,All Population,5,Prevalence,66,Brunei Darussalam,3,Both,22,All ages,499,Cardiomyopathy and myocarditis,3,Rate,2018,77.21381753677,90.36332970817999,64.65735992205
1,All Population,5,Prevalence,38,Mongolia,3,Both,22,All ages,499,Cardiomyopathy and myocarditis,3,Rate,2019,78.39186704346,93.96908943734,64.44738068743
1,All Population,5,Prevalence,58,Estonia,3,Both,22,All ages,499,Cardiomyopathy and myocarditis,3,Rate,2020,108.76534964566001,129.71870655449,87.59478819265999
1,All Population,5,Prevalence,46,Croatia,3,Both,22,All ages,499,Cardiomyopathy and myocarditis,3,Rate,2019,72.50656878448,88.93797541074001,57.179523589439995
1,All Population,5,Prevalence,59,Latvia,3,Both,22,All ages,499,Cardiomyopathy and myocarditis,3,Rate,2019,218.15713224968,263.92645563806,175.1761765882
1,All Population,5,Prevalence,69,Singapore,3,Both,22,All ages,499,Cardiomyopathy and myocarditis,3,Rate,2020,56.31371710927,64.69595244953,48.269309893650004
1,All Population,5,Prevalence,37,Kyrgyzstan,3,Both,22,All ages,499,Cardiomyopathy and myocarditis,3,Rate,2020,56.57526627801,67.94589542816,46.954742580899996
1,All Population,5,Prevalence,112,Grenada,3,Both,22,All ages,499,Cardiomyopathy and myocarditis,3,Rate,2019,115.99699635581,135.11140778359,96.7496047355
1,All Population,5,Prevalence,143,Iraq,3,Both,22,All ages,499,Cardiomyopathy and myocarditis,3,Rate,2018,64.04660998722001,76.25398157523,53.9989837985
1,All Population,5,Prevalence,79,Finland,3,Both,22,All ages,499,Cardiomyopathy and myocarditis,3,Rate,2018,116.98885259747999,137.62988555382,98.34183471085
1,All Population,5,Prevalence,123,Peru,3,Both,22,All ages,499,Cardiomyopathy and myocarditis,3,Rate,2019,36.82973299736,43.01173783892,30.68248420633
1,All Population,5,Prevalence,116,Saint Lucia,3,Both,22,All ages,499,Cardiomyopathy and myocarditis,3,Rate,2020,140.91003227675998,165.13381316217,118.88974356921999
1,All Population,5,Prevalence,8,Taiwan,3,Both,22,All ages,499,Cardiomyopathy and myocarditis,3,Rate,2019,46.421966873,53.847310913760005,38.80733122497
1,All Population,5,Prevalence,80,France,3,Both,22,All ages,499,Cardiomyopathy and myocarditis,3,Rate,2019,272.54748295634,309.26384834276,236.43000194703
1,All Population,5,Prevalence,26,Papua New Guinea,3,Both,22,All ages,499,Cardiomyopathy and myocarditis,3,Rate,2020,22.59918138491,27.32911781604,18.483452758029998
1,All Population,5,Prevalence,14,Maldives,3,Both,22,All ages,499,Cardiomyopathy and myocarditis,3,Rate,2019,27.27378114029,31.654933204049996,23.18537381996
1,All Population,5,Prevalence,154,Tunisia,3,Both,22,All ages,499,Cardiomyopathy and myocarditis,3,Rate,2018,36.853043106499996,43.459283866970004,30.874607395600002
1,All Population,5,Prevalence,71,Australia,3,Both,22,All ages,499,Cardiomyopathy and myocarditis,3,Rate,2020,174.59412343815,204.78086880045,146.30740771756
1,All Population,5,Prevalence,40,Turkmenistan,3,Both,22,All ages,499,Cardiomyopathy and myocarditis,3,Rate,2019,86.62505448482,102.59803536068999,72.87106856345
1,All Population,5,Prevalence,186,Seychelles,3,Both,22,All ages,499,Cardiomyopathy and myocarditis,3,Rate,2018,40.38167598945,46.01073808526,34.580613089639996
1,All Population,5,Prevalence,72,New Zealand,3,Both,22,All ages,499,Cardiomyopathy and myocarditis,3,Rate,2019,130.71425558175,150.81390892176,109.61444796751
1,All Population,5,Prevalence,83,Iceland,3,Both,22,All ages,499,Cardiomyopathy and myocarditis,3,Rate,2019,26.769540279900003,30.72926755055,22.82429249827
1,All Population,5,Prevalence,48,Hungary,3,Both,22,All ages,499,Cardiomyopathy and myocarditis,3,Rate,2019,122.79046467594002,149.4441356103,98.3713626044
1,All Population,5,Prevalence,105,Antigua and Barbuda,3,Both,22,All ages,499,Cardiomyopathy and myocarditis,3,Rate,2020,76.67265543422,87.71725963178,64.51238768037
1,All Population,5,Prevalence,91,Portugal,3,Both,22,All ages,499,Cardiomyopathy and myocarditis,3,Rate,2019,86.15570000572,103.95230812445999,70.02089377273
1,All Population,5,Prevalence,122,Ecuador,3,Both,22,All ages,499,Cardiomyopathy and myocarditis,3,Rate,2018,34.8475911864,40.90844512939,28.863627971539998
1,All Population,5,Prevalence,118,Suriname,3,Both,22,All ages,499,Cardiomyopathy and myocarditis,3,Rate,2020,67.11777698884,77.24317333219,56.536057530339995
1,All Population,5,Prevalence,39,Tajikistan,3,Both,22,All ages,499,Cardiomyopathy and myocarditis,3,Rate,2020,22.44817961065,28.41063241236,18.25597368821
1,All Population,5,Prevalence,157,Yemen,3,Both,22,All ages,499,Cardiomyopathy and myocarditis,3,Rate,2019,27.14905986098,34.4243223483,22.07664709793
1,All Population,5,Prevalence,28,Solomon Islands,3,Both,22,All ages,499,Cardiomyopathy and myocarditis,3,Rate,2020,18.86513726029,23.06477451797,15.20558979718
1,All Population,5,Prevalence,7,Democratic People's Republic of Korea,3,Both,22,All ages,499,Cardiomyopathy and myocarditis,3,Rate,2020,22.57472038649,25.807724661199998,19.39367833281
1,All Population,5,Prevalence,85,Israel,3,Both,22,All ages,499,Cardiomyopathy and myocarditis,3,Rate,2019,43.32688164084,49.98047673458,36.1374616083
1,All Population,5,Prevalence,117,Saint Vincent and the Grenadines,3,Both,22,All ages,499,Cardiomyopathy and myocarditis,3,Rate,2019,50.722745511410004,58.10063828887,43.41917861236
1,All Population,5,Prevalence,16,Philippines,3,Both,22,All ages,499,Cardiomyopathy and myocarditis,3,Rate,2019,26.513551138260002,31.306307349769998,21.79540765493
1,All Population,5,Prevalence,74,Andorra,3,Both,22,All ages,499,Cardiomyopathy and myocarditis,3,Rate,2019,159.31023812018,186.10620404027,132.98258518307
1,All Population,5,Prevalence,136,Paraguay,3,Both,22,All ages,499,Cardiomyopathy and myocarditis,3,Rate,2019,60.83364607474999,71.45170879946001,50.3701319516
1,All Population,5,Prevalence,82,Greece,3,Both,22,All ages,499,Cardiomyopathy and myocarditis,3,Rate,2019,55.611848286509996,63.70252604852,47.9167795154
1,All Population,5,Prevalence,61,Republic of Moldova,3,Both,22,All ages,499,Cardiomyopathy and myocarditis,3,Rate,2019,75.06479221805,91.33942281731,61.69499940765
1,All Population,5,Prevalence,151,Qatar,3,Both,22,All ages,499,Cardiomyopathy and myocarditis,3,Rate,2019,60.600141358209996,72.60485921002,49.890269753119995
1,All Population,5,Prevalence,125,Colombia,3,Both,22,All ages,499,Cardiomyopathy and myocarditis,3,Rate,2019,57.03253128246,66.63178040126999,47.109011527019995
1,All Population,5,Prevalence,200,Benin,3,Both,22,All ages,499,Cardiomyopathy and myocarditis,3,Rate,2018,45.85702017984,61.782410407650005,33.75844914326
1,All Population,5,Prevalence,84,Ireland,3,Both,22,All ages,499,Cardiomyopathy and myocarditis,3,Rate,2020,105.44474822188,124.47916913567,86.8978649165
1,All Population,5,Prevalence,156,United Arab Emirates,3,Both,22,All ages,499,Cardiomyopathy and myocarditis,3,Rate,2018,80.9869085824,98.7268450162,67.58827285646
1,All Population,5,Prevalence,93,Sweden,3,Both,22,All ages,499,Cardiomyopathy and myocarditis,3,Rate,2019,188.403820299,221.69572645670002,159.06854063679
1,All Population,5,Prevalence,163,India,3,Both,22,All ages,499,Cardiomyopathy and myocarditis,3,Rate,2020,42.30857442993,49.01927367016,34.92150725884
1,All Population,5,Prevalence,50,Montenegro,3,Both,22,All ages,499,Cardiomyopathy and myocarditis,3,Rate,2019,214.10388291149002,251.45289051121998,177.39159678552002
1,All Population,5,Prevalence,53,Serbia,3,Both,22,All ages,499,Cardiomyopathy and myocarditis,3,Rate,2019,124.46851097791,152.2042419135,97.85024256324999
1,All Population,5,Prevalence,129,Honduras,3,Both,22,All ages,499,Cardiomyopathy and myocarditis,3,Rate,2020,45.506605375090004,56.258425771569996,37.473271610830004
1,All Population,5,Prevalence,41,Uzbekistan,3,Both,22,All ages,499,Cardiomyopathy and myocarditis,3,Rate,2020,18.692067281859998,22.12497542979,15.440693737280002
1,All Population,5,Prevalence,189,United Republic of Tanzania,3,Both,22,All ages,499,Cardiomyopathy and myocarditis,3,Rate,2018,95.95310509369,121.61773168629,72.26071610247
1,All Population,5,Prevalence,98,Chile,3,Both,22,All ages,499,Cardiomyopathy and myocarditis,3,Rate,2019,78.58440057348,93.17328733075999,65.44252924752
1,All Population,5,Prevalence,130,Mexico,3,Both,22,All ages,499,Cardiomyopathy and myocarditis,3,Rate,2019,36.66712599248,43.54723606903,30.35197336076
1,All Population,5,Prevalence,87,Luxembourg,3,Both,22,All ages,499,Cardiomyopathy and myocarditis,3,Rate,2019,88.51061464163,103.0892700429,73.90596822642
1,All Population,5,Prevalence,119,Trinidad and Tobago,3,Both,22,All ages,499,Cardiomyopathy and myocarditis,3,Rate,2019,55.83627948943,64.99623149579,46.83635753589
1,All Population,5,Prevalence,170,Congo,3,Both,22,All ages,499,Cardiomyopathy and myocarditis,3,Rate,2019,71.23496047829,93.66017881884,53.94694475008
1,All Population,5,Prevalence,320,Cook Islands,3,Both,22,All ages,499,Cardiomyopathy and myocarditis,3,Rate,2018,10.70808161367,13.304293918230002,8.80001629257
1,All Population,5,Prevalence,106,Bahamas,3,Both,22,All ages,499,Cardiomyopathy and myocarditis,3,Rate,2019,78.65204588261,91.40675716455999,65.77446959256
1,All Population,5,Prevalence,127,El Salvador,3,Both,22,All ages,499,Cardiomyopathy and myocarditis,3,Rate,2019,37.66606484289,44.36875760575,31.3284138603
1,All Population,5,Prevalence,205,Côte d'Ivoire,3,Both,22,All ages,499,Cardiomyopathy and myocarditis,3,Rate,2019,48.11477707504,64.50406460354999,35.51549403052
1,All Population,5,Prevalence,95,United Kingdom,3,Both,22,All ages,499,Cardiomyopathy and myocarditis,3,Rate,2019,72.50821936141,81.89855650569,61.36364695027
1,All Population,5,Prevalence,86,Italy,3,Both,22,All ages,499,Cardiomyopathy and myocarditis,3,Rate,2020,143.75131794221,177.07275781441,113.77421732933
1,All Population,5,Prevalence,164,Nepal,3,Both,22,All ages,499,Cardiomyopathy and myocarditis,3,Rate,2019,45.02242216492,52.68172237234,38.583852075159996
1,All Population,5,Prevalence,175,Burundi,3,Both,22,All ages,499,Cardiomyopathy and myocarditis,3,Rate,2019,85.52534285384999,109.17478067385,66.46588124141999
1,All Population,5,Prevalence,63,Ukraine,3,Both,22,All ages,499,Cardiomyopathy and myocarditis,3,Rate,2019,132.29526581366,151.49172437822,114.19772121374001
1,All Population,5,Prevalence,43,Albania,3,Both,22,All ages,499,Cardiomyopathy and myocarditis,3,Rate,2020,117.57611023062,142.62192412943,92.86183823522
1,All Population,5,Prevalence,183,Mauritius,3,Both,22,All ages,499,Cardiomyopathy and myocarditis,3,Rate,2019,32.27341399943,37.589917238880005,26.975624958
1,All Population,5,Prevalence,211,Mali,3,Both,22,All ages,499,Cardiomyopathy and myocarditis,3,Rate,2020,42.98287219328,57.4877162518,32.16173832763
1,All Population,5,Prevalence,55,Slovenia,3,Both,22,All ages,499,Cardiomyopathy and myocarditis,3,Rate,2019,257.76908075698003,319.62616615664,195.51260041484002
1,All Population,5,Prevalence,172,Equatorial Guinea,3,Both,22,All ages,499,Cardiomyopathy and myocarditis,3,Rate,2019,66.65810481114,88.88212588845,50.28974240296
1,All Population,5,Prevalence,176,Comoros,3,Both,22,All ages,499,Cardiomyopathy and myocarditis,3,Rate,2020,107.69374423474001,137.20632485644,79.3162857574
1,All Population,5,Prevalence,165,Pakistan,3,Both,22,All ages,499,Cardiomyopathy and myocarditis,3,Rate,2020,39.25102774751,46.37509348963,32.637501045460006
1,All Population,5,Prevalence,131,Nicaragua,3,Both,22,All ages,499,Cardiomyopathy and myocarditis,3,Rate,2020,44.103700513,52.42555857112,37.06732924258
1,All Population,5,Prevalence,132,Panama,3,Both,22,All ages,499,Cardiomyopathy and myocarditis,3,Rate,2019,97.15930040613999,111.74737972543001,84.08200710263999
1,All Population,5,Prevalence,202,Cameroon,3,Both,22,All ages,499,Cardiomyopathy and myocarditis,3,Rate,2018,48.52779033607,64.73041661661999,35.69739096141
1,All Population,5,Prevalence,68,Republic of Korea,3,Both,22,All ages,499,Cardiomyopathy and myocarditis,3,Rate,2019,92.01579420492,107.61329380479,78.04023013968
1,All Population,5,Prevalence,393,Saint Kitts and Nevis,3,Both,22,All ages,499,Cardiomyopathy and myocarditis,3,Rate,2018,124.98851418970001,144.62583841944,105.43725407221999
1,All Population,5,Prevalence,140,Bahrain,3,Both,22,All ages,499,Cardiomyopathy and myocarditis,3,Rate,2019,75.90725285903,89.78163624160001,64.15914060636
1,All Population,5,Prevalence,351,Guam,3,Both,22,All ages,499,Cardiomyopathy and myocarditis,3,Rate,2018,41.52586062619,49.255261324450004,34.095820269
1,All Population,5,Prevalence,169,Central African Republic,3,Both,22,All ages,499,Cardiomyopathy and myocarditis,3,Rate,2018,58.634025331020005,76.38300072329,44.03250243961
1,All Population,5,Prevalence,89,Netherlands,3,Both,22,All ages,499,Cardiomyopathy and myocarditis,3,Rate,2019,113.63306477948001,134.48407545732002,93.35728137702999
1,All Population,5,Prevalence,218,Togo,3,Both,22,All ages,499,Cardiomyopathy and myocarditis,3,Rate,2019,49.92801426596,67.12715931788999,37.52190566855
1,All Population,5,Prevalence,108,Belize,3,Both,22,All ages,499,Cardiomyopathy and myocarditis,3,Rate,2019,76.35539768424,88.63958389897,64.86596216601001
1,All Population,5,Prevalence,97,Argentina,3,Both,22,All ages,499,Cardiomyopathy and myocarditis,3,Rate,2019,123.71150099639999,148.04509916106,102.84826747842
1,All Population,5,Prevalence,88,Malta,3,Both,22,All ages,499,Cardiomyopathy and myocarditis,3,Rate,2020,64.59689147685,76.84218717483999,53.644569866690006
1,All Population,5,Prevalence,177,Djibouti,3,Both,22,All ages,499,Cardiomyopathy and myocarditis,3,Rate,2019,102.91182157032999,132.51010719221,78.30357113014
1,All Population,5,Prevalence,126,Costa Rica,3,Both,22,All ages,499,Cardiomyopathy and myocarditis,3,Rate,2018,79.54076594474,92.18779175606,68.22451043475999
1,All Population,5,Prevalence,185,Rwanda,3,Both,22,All ages,499,Cardiomyopathy and myocarditis,3,Rate,2019,92.66582576253,118.62867843056,70.35127085174
1,All Population,5,Prevalence,213,Niger,3,Both,22,All ages,499,Cardiomyopathy and myocarditis,3,Rate,2020,40.71708730184,54.420091623370006,29.960852477169997
1,All Population,5,Prevalence,142,Iran (Islamic Republic of),3,Both,22,All ages,499,Cardiomyopathy and myocarditis,3,Rate,2019,36.91527905041,44.368349494280004,30.56004266439
1,All Population,5,Prevalence,52,Romania,3,Both,22,All ages,499,Cardiomyopathy and myocarditis,3,Rate,2020,147.72134016486,186.14512949925,111.40000257274001
1,All Population,5,Prevalence,99,Uruguay,3,Both,22,All ages,499,Cardiomyopathy and myocarditis,3,Rate,2020,97.99084372326,119.23656572646001,79.42527014273
1,All Population,5,Prevalence,435,South Sudan,3,Both,22,All ages,499,Cardiomyopathy and myocarditis,3,Rate,2019,88.17129449488,114.94337232068001,65.87642345569
1,All Population,5,Prevalence,178,Eritrea,3,Both,22,All ages,499,Cardiomyopathy and myocarditis,3,Rate,2020,93.87226307281,119.22251856233001,70.51099072457
1,All Population,5,Prevalence,153,Syrian Arab Republic,3,Both,22,All ages,499,Cardiomyopathy and myocarditis,3,Rate,2019,35.64396666999,44.11649637214,29.193424589510002
1,All Population,5,Prevalence,187,Somalia,3,Both,22,All ages,499,Cardiomyopathy and myocarditis,3,Rate,2019,79.56217066752,101.42372287562,61.14650848557999
1,All Population,5,Prevalence,133,Venezuela (Bolivarian Republic of),3,Both,22,All ages,499,Cardiomyopathy and myocarditis,3,Rate,2020,46.88131685605,54.55820726866,39.6935557514
1,All Population,5,Prevalence,113,Guyana,3,Both,22,All ages,499,Cardiomyopathy and myocarditis,3,Rate,2019,53.31257734461,61.9558947529,44.82360517842
1,All Population,5,Prevalence,145,Kuwait,3,Both,22,All ages,499,Cardiomyopathy and myocarditis,3,Rate,2019,22.10258390854,25.83187749026,18.71131796983
1,All Population,5,Prevalence,67,Japan,3,Both,22,All ages,499,Cardiomyopathy and myocarditis,3,Rate,2020,128.41512428539,152.00468859289,107.2459317801
1,All Population,5,Prevalence,121,Bolivia (Plurinational State of),3,Both,22,All ages,499,Cardiomyopathy and myocarditis,3,Rate,2019,36.62421456238,43.819517927010004,31.19568889967
1,All Population,5,Prevalence,215,Sao Tome and Principe,3,Both,22,All ages,499,Cardiomyopathy and myocarditis,3,Rate,2018,58.43595445908,77.77933380598,43.57229400975
1,All Population,5,Prevalence,144,Jordan,3,Both,22,All ages,499,Cardiomyopathy and myocarditis,3,Rate,2020,15.67815799336,19.529689799249997,12.801550098389999
1,All Population,5,Prevalence,305,Bermuda,3,Both,22,All ages,499,Cardiomyopathy and myocarditis,3,Rate,2019,195.11674686274,234.56397812435,158.4672746879
1,All Population,5,Prevalence,171,Democratic Republic of the Congo,3,Both,22,All ages,499,Cardiomyopathy and myocarditis,3,Rate,2018,67.55340213568,89.62295978587,50.65785815674
1,All Population,5,Prevalence,190,Uganda,3,Both,22,All ages,499,Cardiomyopathy and myocarditis,3,Rate,2019,63.44176536016,83.22977358288,48.02208724933
1,All Population,5,Prevalence,204,Chad,3,Both,22,All ages,499,Cardiomyopathy and myocarditis,3,Rate,2018,39.97446502718,54.26692373843,28.94937812441
1,All Population,5,Prevalence,155,Türkiye,3,Both,22,All ages,499,Cardiomyopathy and myocarditis,3,Rate,2019,48.48596262454,57.33009459748,41.23697002614
1,All Population,5,Prevalence,201,Burkina Faso,3,Both,22,All ages,499,Cardiomyopathy and myocarditis,3,Rate,2019,44.98093369971,60.65021688233001,33.3114089915
1,All Population,5,Prevalence,102,United States of America,3,Both,22,All ages,499,Cardiomyopathy and myocarditis,3,Rate,2019,161.63252801663998,185.76524959232,139.95014548824
1,All Population,5,Prevalence,413,Tokelau,3,Both,22,All ages,499,Cardiomyopathy and myocarditis,3,Rate,2018,40.52766445119,48.68629232527,33.07615934457
1,All Population,5,Prevalence,182,Malawi,3,Both,22,All ages,499,Cardiomyopathy and myocarditis,3,Rate,2018,82.93463221228001,105.48435305857,63.36046111858
1,All Population,5,Prevalence,179,Ethiopia,3,Both,22,All ages,499,Cardiomyopathy and myocarditis,3,Rate,2019,144.41950009023,174.44554422836,118.02787627737
1,All Population,5,Prevalence,54,Slovakia,3,Both,22,All ages,499,Cardiomyopathy and myocarditis,3,Rate,2020,76.37142975089,89.85540746794,63.2193137415
1,All Population,5,Prevalence,212,Mauritania,3,Both,22,All ages,499,Cardiomyopathy and myocarditis,3,Rate,2019,52.97110530138001,71.76966010630001,38.7829446112
1,All Population,5,Prevalence,101,Canada,3,Both,22,All ages,499,Cardiomyopathy and myocarditis,3,Rate,2020,147.05286433508,171.41970535771,123.85393842516001
1,All Population,5,Prevalence,349,Greenland,3,Both,22,All ages,499,Cardiomyopathy and myocarditis,3,Rate,2019,158.10362808221,190.62060212004002,130.96861096495
1,All Population,5,Prevalence,168,Angola,3,Both,22,All ages,499,Cardiomyopathy and myocarditis,3,Rate,2019,65.41547928412,85.9299592298,48.80963517017
1,All Population,5,Prevalence,217,Sierra Leone,3,Both,22,All ages,499,Cardiomyopathy and myocarditis,3,Rate,2018,47.864679749080004,64.40943881909999,35.94097689698
1,All Population,5,Prevalence,114,Haiti,3,Both,22,All ages,499,Cardiomyopathy and myocarditis,3,Rate,2020,45.183963803510004,52.84475702132001,38.40948540785
1,All Population,5,Prevalence,180,Kenya,3,Both,22,All ages,499,Cardiomyopathy and myocarditis,3,Rate,2020,92.40866456069,115.91679667909,71.85996660397
1,All Population,5,Prevalence,396,San Marino,3,Both,22,All ages,499,Cardiomyopathy and myocarditis,3,Rate,2019,176.59708060313,213.71890728244,142.23321250066
1,All Population,5,Prevalence,194,Lesotho,3,Both,22,All ages,499,Cardiomyopathy and myocarditis,3,Rate,2020,74.06535149832,95.58246280338,56.5457743138
1,All Population,5,Prevalence,367,Monaco,3,Both,22,All ages,499,Cardiomyopathy and myocarditis,3,Rate,2020,206.85417090311,252.90832533224,163.82285913509
1,All Population,5,Prevalence,115,Jamaica,3,Both,22,All ages,499,Cardiomyopathy and myocarditis,3,Rate,2019,79.99316543276,91.93402571876,67.46003033719
1,All Population,5,Prevalence,203,Cabo Verde,3,Both,22,All ages,499,Cardiomyopathy and myocarditis,3,Rate,2019,69.05291994713,89.53864616868,50.88935203729999
1,All Population,5,Prevalence,146,Lebanon,3,Both,22,All ages,499,Cardiomyopathy and myocarditis,3,Rate,2020,36.31296674412,42.399731783360004,31.326373659490002
1,All Population,5,Prevalence,184,Mozambique,3,Both,22,All ages,499,Cardiomyopathy and myocarditis,3,Rate,2018,64.8066545716,82.93656595733,49.10464720711
1,All Population,5,Prevalence,135,Brazil,3,Both,22,All ages,499,Cardiomyopathy and myocarditis,3,Rate,2020,130.27731441566,151.39520519783,108.55422780864
1,All Population,5,Prevalence,191,Zambia,3,Both,22,All ages,499,Cardiomyopathy and myocarditis,3,Rate,2019,82.40549319121,108.81444900854001,62.07429280245999
1,All Population,5,Prevalence,214,Nigeria,3,Both,22,All ages,499,Cardiomyopathy and myocarditis,3,Rate,2019,68.66242969596,88.95687973815,53.26449940046
1,All Population,5,Prevalence,173,Gabon,3,Both,22,All ages,499,Cardiomyopathy and myocarditis,3,Rate,2018,80.22465983968,103.81517875329999,59.865627170509995
1,All Population,5,Prevalence,147,Libya,3,Both,22,All ages,499,Cardiomyopathy and myocarditis,3,Rate,2019,36.84631593377,45.6849637839,30.37142445884
1,All Population,5,Prevalence,161,Bangladesh,3,Both,22,All ages,499,Cardiomyopathy and myocarditis,3,Rate,2020,44.87567608704,51.79061349053,37.97142289829
1,All Population,5,Prevalence,181,Madagascar,3,Both,22,All ages,499,Cardiomyopathy and myocarditis,3,Rate,2019,91.69198653559,119.7457505891,71.32319114475
1,All Population,5,Prevalence,416,Tuvalu,3,Both,22,All ages,499,Cardiomyopathy and myocarditis,3,Rate,2019,25.927636364610002,30.91276124369,20.93610154109
1,All Population,5,Prevalence,422,United States Virgin Islands,3,Both,22,All ages,499,Cardiomyopathy and myocarditis,3,Rate,2018,113.93323274581999,133.29292206539,94.9163692578
1,All Population,5,Prevalence,160,Afghanistan,3,Both,22,All ages,499,Cardiomyopathy and myocarditis,3,Rate,2019,19.62484531443,24.17320439442,15.95523312727
1,All Population,5,Prevalence,196,South Africa,3,Both,22,All ages,499,Cardiomyopathy and myocarditis,3,Rate,2020,74.21749643175,95.68323740714,55.6421890183
1,All Population,5,Prevalence,148,Morocco,3,Both,22,All ages,499,Cardiomyopathy and myocarditis,3,Rate,2020,38.91757343632,48.22730741172,31.79678508716
1,All Population,5,Prevalence,216,Senegal,3,Both,22,All ages,499,Cardiomyopathy and myocarditis,3,Rate,2019,32.95426772178,44.71855762306,23.85053294517
1,All Population,5,Prevalence,374,Niue,3,Both,22,All ages,499,Cardiomyopathy and myocarditis,3,Rate,2020,33.44417474829,39.64507709518,27.80431670815
1,All Population,5,Prevalence,193,Botswana,3,Both,22,All ages,499,Cardiomyopathy and myocarditis,3,Rate,2019,83.07307806474999,107.08550396061999,63.34814591059
1,All Population,5,Prevalence,149,Palestine,3,Both,22,All ages,499,Cardiomyopathy and myocarditis,3,Rate,2019,61.449101783130004,74.15231901354,51.28791121571
1,All Population,5,Prevalence,522,Sudan,3,Both,22,All ages,499,Cardiomyopathy and myocarditis,3,Rate,2019,25.140544438630002,30.747451226259997,20.60973473885
1,All Population,5,Prevalence,198,Zimbabwe,3,Both,22,All ages,499,Cardiomyopathy and myocarditis,3,Rate,2020,89.26800702378,112.48559570131,69.88437103631
1,All Population,5,Prevalence,298,American Samoa,3,Both,22,All ages,499,Cardiomyopathy and myocarditis,3,Rate,2018,57.672293850589995,68.85406195636,47.395659843459995
1,All Population,5,Prevalence,150,Oman,3,Both,22,All ages,499,Cardiomyopathy and myocarditis,3,Rate,2020,68.07493388475,81.56400255784,57.070979123200004
1,All Population,5,Prevalence,207,Ghana,3,Both,22,All ages,499,Cardiomyopathy and myocarditis,3,Rate,2020,58.36357197668,76.56032612673,43.58093499982
1,All Population,5,Prevalence,380,Palau,3,Both,22,All ages,499,Cardiomyopathy and myocarditis,3,Rate,2020,25.21245929981,29.72790926937,20.39297917782
1,All Population,5,Prevalence,206,Gambia,3,Both,22,All ages,499,Cardiomyopathy and myocarditis,3,Rate,2019,49.22723276052,64.84125890504001,36.25807303123
1,All Population,5,Prevalence,162,Bhutan,3,Both,22,All ages,499,Cardiomyopathy and myocarditis,3,Rate,2019,48.856551468259994,56.0658770228,41.53841756903
1,All Population,5,Prevalence,195,Namibia,3,Both,22,All ages,499,Cardiomyopathy and myocarditis,3,Rate,2019,82.96636897216001,106.71610327082999,63.3881231775
1,All Population,5,Prevalence,369,Nauru,3,Both,22,All ages,499,Cardiomyopathy and myocarditis,3,Rate,2019,22.32757239427,27.673351143359998,17.9090625674
1,All Population,5,Prevalence,209,Guinea-Bissau,3,Both,22,All ages,499,Cardiomyopathy and myocarditis,3,Rate,2020,43.52057939152,58.73298408162,32.43090854597
1,All Population,5,Prevalence,208,Guinea,3,Both,22,All ages,499,Cardiomyopathy and myocarditis,3,Rate,2019,44.45540627688,59.78692629826,32.99681033115
1,All Population,5,Prevalence,35,Georgia,3,Both,22,All ages,499,Cardiomyopathy and myocarditis,3,Rate,2020,42.61963973609,51.34529342815,33.88654929917
1,All Population,5,Prevalence,376,Northern Mariana Islands,3,Both,22,All ages,499,Cardiomyopathy and myocarditis,3,Rate,2019,44.18850729195,51.7876818602,36.21109741003
1,All Population,5,Prevalence,197,Eswatini,3,Both,22,All ages,499,Cardiomyopathy and myocarditis,3,Rate,2019,76.39500677975,97.91987933720999,56.72099952152
1,All Population,5,Prevalence,46,Croatia,3,Both,22,All ages,499,Cardiomyopathy and myocarditis,3,Rate,2020,76.62288335569,95.47887819993,59.43119863062
1,All Population,5,Prevalence,14,Maldives,3,Both,22,All ages,499,Cardiomyopathy and myocarditis,3,Rate,2020,27.46933857246,31.84320938908,23.14041939009
1,All Population,5,Prevalence,210,Liberia,3,Both,22,All ages,499,Cardiomyopathy and myocarditis,3,Rate,2019,50.12740102923,66.85721478443,37.29184917727
1,All Population,5,Prevalence,16,Philippines,3,Both,22,All ages,499,Cardiomyopathy and myocarditis,3,Rate,2020,26.674666618419998,31.54015587203,21.78375654456
1,All Population,5,Prevalence,385,Puerto Rico,3,Both,22,All ages,499,Cardiomyopathy and myocarditis,3,Rate,2019,102.74304719293,124.0834370666,82.99802761821
1,All Population,5,Prevalence,48,Hungary,3,Both,22,All ages,499,Cardiomyopathy and myocarditis,3,Rate,2020,124.49385347068,151.94405133605002,99.29879960923
1,All Population,5,Prevalence,93,Sweden,3,Both,22,All ages,499,Cardiomyopathy and myocarditis,3,Rate,2020,192.19051024936,223.98194365935998,160.26008431964001
1,All Population,5,Prevalence,29,Tonga,3,Both,22,All ages,499,Cardiomyopathy and myocarditis,3,Rate,2020,40.06283994156,48.08568683547,33.00465359273
1,All Population,5,Prevalence,82,Greece,3,Both,22,All ages,499,Cardiomyopathy and myocarditis,3,Rate,2020,56.89821989266,65.13151024777,48.76394148506
1,All Population,5,Prevalence,61,Republic of Moldova,3,Both,22,All ages,499,Cardiomyopathy and myocarditis,3,Rate,2020,76.18504060164,91.49878196118,62.09050098795
1,All Population,5,Prevalence,18,Thailand,3,Both,22,All ages,499,Cardiomyopathy and myocarditis,3,Rate,2020,21.53505982316,25.438818857450002,17.71716153139
1,All Population,5,Prevalence,95,United Kingdom,3,Both,22,All ages,499,Cardiomyopathy and myocarditis,3,Rate,2020,72.38518562909,81.90450132817,60.87685566202
1,All Population,5,Prevalence,106,Bahamas,3,Both,22,All ages,499,Cardiomyopathy and myocarditis,3,Rate,2020,79.10056860806,92.00627439163999,65.57794288974999
1,All Population,5,Prevalence,50,Montenegro,3,Both,22,All ages,499,Cardiomyopathy and myocarditis,3,Rate,2020,227.05619639158,268.01333018764,186.57440190884
1,All Population,5,Prevalence,63,Ukraine,3,Both,22,All ages,499,Cardiomyopathy and myocarditis,3,Rate,2020,133.56051520335,153.32333890063,114.14603714679001
1,All Population,5,Prevalence,15,Myanmar,3,Both,22,All ages,499,Cardiomyopathy and myocarditis,3,Rate,2019,20.702937123199998,24.07586145482,17.6012584301
1,All Population,5,Prevalence,97,Argentina,3,Both,22,All ages,499,Cardiomyopathy and myocarditis,3,Rate,2020,124.50563671147,149.51731578917,103.05874320759
1,All Population,5,Prevalence,28,Solomon Islands,3,Both,22,All ages,499,Cardiomyopathy and myocarditis,3,Rate,2021,19.04987259904,22.96582581501,15.17466153756
1,All Population,5,Prevalence,20,Viet Nam,3,Both,22,All ages,499,Cardiomyopathy and myocarditis,3,Rate,2020,39.70566390803,46.43500016381,33.40498105127
1,All Population,5,Prevalence,140,Bahrain,3,Both,22,All ages,499,Cardiomyopathy and myocarditis,3,Rate,2020,76.27437091366,90.62615088106999,63.89532022996
1,All Population,5,Prevalence,39,Tajikistan,3,Both,22,All ages,499,Cardiomyopathy and myocarditis,3,Rate,2021,22.41110853723,27.98545913393,17.92696273533
1,All Population,5,Prevalence,108,Belize,3,Both,22,All ages,499,Cardiomyopathy and myocarditis,3,Rate,2020,76.83168872102,89.20425752304999,65.45104478512
1,All Population,5,Prevalence,17,Sri Lanka,3,Both,22,All ages,499,Cardiomyopathy and myocarditis,3,Rate,2019,35.97856611519,41.80163306088,30.08581770747
1,All Population,5,Prevalence,33,Armenia,3,Both,22,All ages,499,Cardiomyopathy and myocarditis,3,Rate,2020,55.478532289620006,64.95580398247,46.26451388134
1,All Population,5,Prevalence,51,Poland,3,Both,22,All ages,499,Cardiomyopathy and myocarditis,3,Rate,2019,301.4004501624,349.47396609906,259.68846284767
1,All Population,5,Prevalence,30,Vanuatu,3,Both,22,All ages,499,Cardiomyopathy and myocarditis,3,Rate,2019,23.53803176825,28.644868304259997,19.02735949457
1,All Population,5,Prevalence,76,Belgium,3,Both,22,All ages,499,Cardiomyopathy and myocarditis,3,Rate,2020,85.42432281986,98.17705148241001,73.61988870606
1,All Population,5,Prevalence,7,Democratic People's Republic of Korea,3,Both,22,All ages,499,Cardiomyopathy and myocarditis,3,Rate,2021,22.89782561812,26.29359863377,19.45604144873
1,All Population,5,Prevalence,19,Timor-Leste,3,Both,22,All ages,499,Cardiomyopathy and myocarditis,3,Rate,2019,19.84035876116,23.185525353790002,16.57687676602
1,All Population,5,Prevalence,41,Uzbekistan,3,Both,22,All ages,499,Cardiomyopathy and myocarditis,3,Rate,2021,20.80774546452,24.15387012897,17.60334507033
1,All Population,5,Prevalence,44,Bosnia and Herzegovina,3,Both,22,All ages,499,Cardiomyopathy and myocarditis,3,Rate,2020,183.10578836064,227.19425613180002,142.79987965728
1,All Population,5,Prevalence,52,Romania,3,Both,22,All ages,499,Cardiomyopathy and myocarditis,3,Rate,2021,145.93054427975,187.99420740865,109.4063200963
1,All Population,5,Prevalence,142,Iran (Islamic Republic of),3,Both,22,All ages,499,Cardiomyopathy and myocarditis,3,Rate,2020,36.87163153542,44.47900891539,30.387907458870004
1,All Population,5,Prevalence,27,Samoa,3,Both,22,All ages,499,Cardiomyopathy and myocarditis,3,Rate,2020,33.592813849100004,40.49948651007,26.712223548609998
1,All Population,5,Prevalence,62,Russian Federation,3,Both,22,All ages,499,Cardiomyopathy and myocarditis,3,Rate,2019,174.42217117417002,200.15106131252,149.08924748308002
1,All Population,5,Prevalence,6,China,3,Both,22,All ages,499,Cardiomyopathy and myocarditis,3,Rate,2020,26.788885845459998,30.87314190258,22.67107019908
1,All Population,5,Prevalence,86,Italy,3,Both,22,All ages,499,Cardiomyopathy and myocarditis,3,Rate,2021,151.16235434784,188.43085785546,120.69841423881999
1,All Population,5,Prevalence,121,Bolivia (Plurinational State of),3,Both,22,All ages,499,Cardiomyopathy and myocarditis,3,Rate,2020,36.673641274110004,43.91298049203,31.15416250474
1,All Population,5,Prevalence,153,Syrian Arab Republic,3,Both,22,All ages,499,Cardiomyopathy and myocarditis,3,Rate,2020,35.70739294032,43.930389459699995,29.221921855469997
1,All Population,5,Prevalence,110,Dominica,3,Both,22,All ages,499,Cardiomyopathy and myocarditis,3,Rate,2020,149.82056942559998,176.15068174352,125.05111457695
1,All Population,5,Prevalence,75,Austria,3,Both,22,All ages,499,Cardiomyopathy and myocarditis,3,Rate,2019,182.64926843527002,210.9832758337,152.69014643462998
1,All Population,5,Prevalence,187,Somalia,3,Both,22,All ages,499,Cardiomyopathy and myocarditis,3,Rate,2020,79.75696232047,102.37554619628,61.55154454872
1,All Population,5,Prevalence,78,Denmark,3,Both,22,All ages,499,Cardiomyopathy and myocarditis,3,Rate,2020,52.92080731673,64.46265010666,42.15076842787
1,All Population,5,Prevalence,54,Slovakia,3,Both,22,All ages,499,Cardiomyopathy and myocarditis,3,Rate,2021,79.37265188739,94.54949054828,64.88626698359
1,All Population,5,Prevalence,109,Cuba,3,Both,22,All ages,499,Cardiomyopathy and myocarditis,3,Rate,2019,118.68555571881001,138.00608692261,99.31961002131999
1,All Population,5,Prevalence,40,Turkmenistan,3,Both,22,All ages,499,Cardiomyopathy and myocarditis,3,Rate,2020,86.59774769496,101.77617802313999,72.40115783089999
1,All Population,5,Prevalence,22,Fiji,3,Both,22,All ages,499,Cardiomyopathy and myocarditis,3,Rate,2021,20.76242568189,24.899696548719998,16.91874679195
1,All Population,5,Prevalence,43,Albania,3,Both,22,All ages,499,Cardiomyopathy and myocarditis,3,Rate,2021,125.27235917760001,152.46463472422,97.78632255171
1,All Population,5,Prevalence,34,Azerbaijan,3,Both,22,All ages,499,Cardiomyopathy and myocarditis,3,Rate,2019,95.16849330913,112.71343121691999,79.17678275332
1,All Population,5,Prevalence,8,Taiwan,3,Both,22,All ages,499,Cardiomyopathy and myocarditis,3,Rate,2020,46.41542572457,54.08118797125999,38.40221701476
1,All Population,5,Prevalence,123,Peru,3,Both,22,All ages,499,Cardiomyopathy and myocarditis,3,Rate,2020,36.69123096339,42.70688802955,30.48362801301
1,All Population,5,Prevalence,112,Grenada,3,Both,22,All ages,499,Cardiomyopathy and myocarditis,3,Rate,2020,116.70561294129,136.91275737602,96.92103268334
1,All Population,5,Prevalence,45,Bulgaria,3,Both,22,All ages,499,Cardiomyopathy and myocarditis,3,Rate,2019,30.52395357784,37.16036614596,25.074590592190003
1,All Population,5,Prevalence,155,Türkiye,3,Both,22,All ages,499,Cardiomyopathy and myocarditis,3,Rate,2020,48.61728426146,57.86871980789,41.198535441009994
1,All Population,5,Prevalence,11,Indonesia,3,Both,22,All ages,499,Cardiomyopathy and myocarditis,3,Rate,2021,24.560933863909998,29.23420640075,20.04882156772
1,All Population,5,Prevalence,66,Brunei Darussalam,3,Both,22,All ages,499,Cardiomyopathy and myocarditis,3,Rate,2019,77.31239214555,90.45198196111001,63.971264880579994
1,All Population,5,Prevalence,88,Malta,3,Both,22,All ages,499,Cardiomyopathy and myocarditis,3,Rate,2021,62.438083820269995,74.80088233279,51.16225961228999
1,All Population,5,Prevalence,13,Malaysia,3,Both,22,All ages,499,Cardiomyopathy and myocarditis,3,Rate,2019,38.04643901437,43.49459816437,31.865631156619997
1,All Population,5,Prevalence,91,Portugal,3,Both,22,All ages,499,Cardiomyopathy and myocarditis,3,Rate,2020,87.46365451737,106.46915909325,71.08069528779
1,All Population,5,Prevalence,144,Jordan,3,Both,22,All ages,499,Cardiomyopathy and myocarditis,3,Rate,2021,15.930034630649999,19.48615532483,12.975176024579998
1,All Population,5,Prevalence,201,Burkina Faso,3,Both,22,All ages,499,Cardiomyopathy and myocarditis,3,Rate,2020,45.15787833096,60.91541188555,33.33835202913
1,All Population,5,Prevalence,190,Uganda,3,Both,22,All ages,499,Cardiomyopathy and myocarditis,3,Rate,2020,64.36440596661001,86.20246475095999,48.37094687157
1,All Population,5,Prevalence,133,Venezuela (Bolivarian Republic of),3,Both,22,All ages,499,Cardiomyopathy and myocarditis,3,Rate,2021,47.778544930180004,55.498359865830004,40.38999343467
1,All Population,5,Prevalence,111,Dominican Republic,3,Both,22,All ages,499,Cardiomyopathy and myocarditis,3,Rate,2019,57.05200008387,67.50258728081,47.45577570994
1,All Population,5,Prevalence,77,Cyprus,3,Both,22,All ages,499,Cardiomyopathy and myocarditis,3,Rate,2019,52.185726589939996,60.86829700562,43.70247769627
1,All Population,5,Prevalence,99,Uruguay,3,Both,22,All ages,499,Cardiomyopathy and myocarditis,3,Rate,2021,99.38479556392,119.89811103029001,80.00067190141
1,All Population,5,Prevalence,74,Andorra,3,Both,22,All ages,499,Cardiomyopathy and myocarditis,3,Rate,2020,160.69240688807,186.88870230035,134.40446853907
1,All Population,5,Prevalence,67,Japan,3,Both,22,All ages,499,Cardiomyopathy and myocarditis,3,Rate,2021,129.88096955486,155.49476785725,107.69397958409
1,All Population,5,Prevalence,80,France,3,Both,22,All ages,499,Cardiomyopathy and myocarditis,3,Rate,2020,268.58401254382,305.23663821493,230.53502007162
1,All Population,5,Prevalence,10,Cambodia,3,Both,22,All ages,499,Cardiomyopathy and myocarditis,3,Rate,2020,17.33014403203,20.04132345214,14.71061260521
1,All Population,5,Prevalence,122,Ecuador,3,Both,22,All ages,499,Cardiomyopathy and myocarditis,3,Rate,2019,34.89444049619,41.07952858268,28.853376659360002
1,All Population,5,Prevalence,90,Norway,3,Both,22,All ages,499,Cardiomyopathy and myocarditis,3,Rate,2019,92.37913524804999,106.17735858867,77.35357508979
1,All Population,5,Prevalence,24,Marshall Islands,3,Both,22,All ages,499,Cardiomyopathy and myocarditis,3,Rate,2021,23.015648578719997,28.22545637795,18.59176483248
1,All Population,5,Prevalence,47,Czechia,3,Both,22,All ages,499,Cardiomyopathy and myocarditis,3,Rate,2019,85.12932482472,103.08806346844,69.3771073459
1,All Population,5,Prevalence,125,Colombia,3,Both,22,All ages,499,Cardiomyopathy and myocarditis,3,Rate,2020,57.241893019020004,67.01099968701,47.2475790529
1,All Population,5,Prevalence,157,Yemen,3,Both,22,All ages,499,Cardiomyopathy and myocarditis,3,Rate,2020,27.180361101499997,34.23032657374,22.16076919252
1,All Population,5,Prevalence,168,Angola,3,Both,22,All ages,499,Cardiomyopathy and myocarditis,3,Rate,2020,65.70484917649,86.16937287665,48.40252541857
1,All Population,5,Prevalence,203,Cabo Verde,3,Both,22,All ages,499,Cardiomyopathy and myocarditis,3,Rate,2020,70.12065170765,90.33906173453,51.72650605913
1,All Population,5,Prevalence,53,Serbia,3,Both,22,All ages,499,Cardiomyopathy and myocarditis,3,Rate,2020,128.7426691678,159.68979521039998,98.72960333607
1,All Population,5,Prevalence,349,Greenland,3,Both,22,All ages,499,Cardiomyopathy and myocarditis,3,Rate,2020,158.70401012492002,192.00115125535,131.61204175230998
1,All Population,5,Prevalence,58,Estonia,3,Both,22,All ages,499,Cardiomyopathy and myocarditis,3,Rate,2021,107.11927798892,127.46571897484999,85.64097961104
1,All Population,5,Prevalence,136,Paraguay,3,Both,22,All ages,499,Cardiomyopathy and myocarditis,3,Rate,2020,61.127825014929996,72.82147578658,50.50479504864
1,All Population,5,Prevalence,156,United Arab Emirates,3,Both,22,All ages,499,Cardiomyopathy and myocarditis,3,Rate,2019,83.71904862298001,101.55884345592,69.68838258629
1,All Population,5,Prevalence,23,Kiribati,3,Both,22,All ages,499,Cardiomyopathy and myocarditis,3,Rate,2020,18.77767179646,21.82107258176,15.668513083750002
1,All Population,5,Prevalence,92,Spain,3,Both,22,All ages,499,Cardiomyopathy and myocarditis,3,Rate,2019,149.38434253105,174.30728822086002,125.32381625881999
1,All Population,5,Prevalence,214,Nigeria,3,Both,22,All ages,499,Cardiomyopathy and myocarditis,3,Rate,2020,68.86803428865,89.1219029008,53.43980417685
1,All Population,5,Prevalence,98,Chile,3,Both,22,All ages,499,Cardiomyopathy and myocarditis,3,Rate,2020,78.66157409576999,93.15395934627999,65.24714897333
1,All Population,5,Prevalence,396,San Marino,3,Both,22,All ages,499,Cardiomyopathy and myocarditis,3,Rate,2020,174.42783535849,213.31182952459,141.08146884473
1,All Population,5,Prevalence,101,Canada,3,Both,22,All ages,499,Cardiomyopathy and myocarditis,3,Rate,2021,149.55392086872,176.50005236353,125.15010984579
1,All Population,5,Prevalence,87,Luxembourg,3,Both,22,All ages,499,Cardiomyopathy and myocarditis,3,Rate,2020,86.93232308171,103.56803333183001,71.14465296911
1,All Population,5,Prevalence,79,Finland,3,Both,22,All ages,499,Cardiomyopathy and myocarditis,3,Rate,2019,116.22375972641998,137.71547891554002,97.16844516931
1,All Population,5,Prevalence,12,Lao People's Democratic Republic,3,Both,22,All ages,499,Cardiomyopathy and myocarditis,3,Rate,2020,16.4443023828,18.96367922581,13.92919393978
1,All Population,5,Prevalence,146,Lebanon,3,Both,22,All ages,499,Cardiomyopathy and myocarditis,3,Rate,2021,36.629201917079996,42.642780237050005,31.70343575694
1,All Population,5,Prevalence,69,Singapore,3,Both,22,All ages,499,Cardiomyopathy and myocarditis,3,Rate,2021,57.765303672479995,65.85946102842999,49.03993158263
1,All Population,5,Prevalence,170,Congo,3,Both,22,All ages,499,Cardiomyopathy and myocarditis,3,Rate,2020,71.5129374258,94.78521044041,54.31744596554
1,All Population,5,Prevalence,135,Brazil,3,Both,22,All ages,499,Cardiomyopathy and myocarditis,3,Rate,2021,132.77184517563998,154.68199341095,110.54615910832
1,All Population,5,Prevalence,127,El Salvador,3,Both,22,All ages,499,Cardiomyopathy and myocarditis,3,Rate,2020,37.744891400570005,44.829240302449996,31.23359870835
1,All Population,5,Prevalence,49,North Macedonia,3,Both,22,All ages,499,Cardiomyopathy and myocarditis,3,Rate,2019,146.15327775722,175.72685860520002,120.08327846238998
1,All Population,5,Prevalence,55,Slovenia,3,Both,22,All ages,499,Cardiomyopathy and myocarditis,3,Rate,2020,257.22517002706,328.1643217511,194.04159953110002
1,All Population,5,Prevalence,60,Lithuania,3,Both,22,All ages,499,Cardiomyopathy and myocarditis,3,Rate,2019,130.44897162454,157.2633169072,107.13310678836
1,All Population,5,Prevalence,26,Papua New Guinea,3,Both,22,All ages,499,Cardiomyopathy and myocarditis,3,Rate,2021,22.69211286414,27.60124120468,18.41895038401
1,All Population,5,Prevalence,205,Côte d'Ivoire,3,Both,22,All ages,499,Cardiomyopathy and myocarditis,3,Rate,2020,48.38692177131,64.62888530269,35.51219484749
1,All Population,5,Prevalence,126,Costa Rica,3,Both,22,All ages,499,Cardiomyopathy and myocarditis,3,Rate,2019,80.18839765098,93.20042448952,68.22894690828001
1,All Population,5,Prevalence,89,Netherlands,3,Both,22,All ages,499,Cardiomyopathy and myocarditis,3,Rate,2020,114.98331235618,136.48956248464998,93.69764369096
1,All Population,5,Prevalence,216,Senegal,3,Both,22,All ages,499,Cardiomyopathy and myocarditis,3,Rate,2020,33.11809635189,45.21516888704,24.07149235151
1,All Population,5,Prevalence,81,Germany,3,Both,22,All ages,499,Cardiomyopathy and myocarditis,3,Rate,2019,170.97320561132,197.98731779072,144.93137526023
1,All Population,5,Prevalence,169,Central African Republic,3,Both,22,All ages,499,Cardiomyopathy and myocarditis,3,Rate,2019,58.81616782319,76.82283914133001,44.27436846679
1,All Population,5,Prevalence,180,Kenya,3,Both,22,All ages,499,Cardiomyopathy and myocarditis,3,Rate,2021,93.11167680807,116.61278900739,72.52249756802
1,All Population,5,Prevalence,25,Micronesia (Federated States of),3,Both,22,All ages,499,Cardiomyopathy and myocarditis,3,Rate,2020,24.731346935399998,29.81443105655,20.11510982391
1,All Population,5,Prevalence,416,Tuvalu,3,Both,22,All ages,499,Cardiomyopathy and myocarditis,3,Rate,2020,26.02704603332,31.13793429781,20.93473285793
1,All Population,5,Prevalence,37,Kyrgyzstan,3,Both,22,All ages,499,Cardiomyopathy and myocarditis,3,Rate,2021,58.31821383701,69.89045506245,48.51300090779
1,All Population,5,Prevalence,148,Morocco,3,Both,22,All ages,499,Cardiomyopathy and myocarditis,3,Rate,2021,38.795972320909996,47.5800354685,30.92453232507
1,All Population,5,Prevalence,94,Switzerland,3,Both,22,All ages,499,Cardiomyopathy and myocarditis,3,Rate,2019,60.121908058539994,71.25695726747999,48.683810995929996
1,All Population,5,Prevalence,183,Mauritius,3,Both,22,All ages,499,Cardiomyopathy and myocarditis,3,Rate,2020,33.42994418255,39.29345755471,27.84321614627
1,All Population,5,Prevalence,215,Sao Tome and Principe,3,Both,22,All ages,499,Cardiomyopathy and myocarditis,3,Rate,2019,59.35116417015,78.91449185689,44.08430466746
1,All Population,5,Prevalence,204,Chad,3,Both,22,All ages,499,Cardiomyopathy and myocarditis,3,Rate,2019,40.06865058558,54.239639212140005,29.050299343339997
1,All Population,5,Prevalence,172,Equatorial Guinea,3,Both,22,All ages,499,Cardiomyopathy and myocarditis,3,Rate,2020,67.02921196268,89.31394749860999,50.219849016640005
1,All Population,5,Prevalence,71,Australia,3,Both,22,All ages,499,Cardiomyopathy and myocarditis,3,Rate,2021,171.66617720591,200.11859295961997,142.89394559415
1,All Population,5,Prevalence,57,Belarus,3,Both,22,All ages,499,Cardiomyopathy and myocarditis,3,Rate,2020,101.69175303880999,122.82450138422999,84.06536135549
1,All Population,5,Prevalence,114,Haiti,3,Both,22,All ages,499,Cardiomyopathy and myocarditis,3,Rate,2021,45.53730219152,53.50835267696001,38.35161887625
1,All Population,5,Prevalence,139,Algeria,3,Both,22,All ages,499,Cardiomyopathy and myocarditis,3,Rate,2019,34.313865441219995,40.43339760835,28.62245749337
1,All Population,5,Prevalence,218,Togo,3,Both,22,All ages,499,Cardiomyopathy and myocarditis,3,Rate,2020,50.35700350034,67.3150794197,37.40865764038
1,All Population,5,Prevalence,36,Kazakhstan,3,Both,22,All ages,499,Cardiomyopathy and myocarditis,3,Rate,2020,156.97621579101002,188.71793984851,130.84902691987
1,All Population,5,Prevalence,102,United States of America,3,Both,22,All ages,499,Cardiomyopathy and myocarditis,3,Rate,2020,162.74021140244,187.80701212079998,140.24071662825
1,All Population,5,Prevalence,68,Republic of Korea,3,Both,22,All ages,499,Cardiomyopathy and myocarditis,3,Rate,2020,92.98457196363,109.78776421319002,78.39205806348001
1,All Population,5,Prevalence,171,Democratic Republic of the Congo,3,Both,22,All ages,499,Cardiomyopathy and myocarditis,3,Rate,2019,68.02106739493,89.96645657602,50.67635450799
1,All Population,5,Prevalence,128,Guatemala,3,Both,22,All ages,499,Cardiomyopathy and myocarditis,3,Rate,2019,40.22440580638,48.28548377386,33.18738418227
1,All Population,5,Prevalence,105,Antigua and Barbuda,3,Both,22,All ages,499,Cardiomyopathy and myocarditis,3,Rate,2021,76.51619426663001,88.85953199025,64.22017590764
1,All Population,5,Prevalence,145,Kuwait,3,Both,22,All ages,499,Cardiomyopathy and myocarditis,3,Rate,2020,21.85278731845,25.65749394825,18.42934331842
1,All Population,5,Prevalence,217,Sierra Leone,3,Both,22,All ages,499,Cardiomyopathy and myocarditis,3,Rate,2019,48.28717456685,64.41947883547,36.049266585050006
1,All Population,5,Prevalence,161,Bangladesh,3,Both,22,All ages,499,Cardiomyopathy and myocarditis,3,Rate,2021,44.87036118953,52.07219314084,37.718402090009995
1,All Population,5,Prevalence,182,Malawi,3,Both,22,All ages,499,Cardiomyopathy and myocarditis,3,Rate,2019,83.63606935504001,106.85486677304999,64.27593193346999
1,All Population,5,Prevalence,194,Lesotho,3,Both,22,All ages,499,Cardiomyopathy and myocarditis,3,Rate,2021,74.57295118059,95.26435938444,56.490416870189996
1,All Population,5,Prevalence,185,Rwanda,3,Both,22,All ages,499,Cardiomyopathy and myocarditis,3,Rate,2020,93.59790905781,119.05497221805,71.11697620462999
1,All Population,5,Prevalence,107,Barbados,3,Both,22,All ages,499,Cardiomyopathy and myocarditis,3,Rate,2019,147.28605116831,172.13861074519,120.43707113288
1,All Population,5,Prevalence,150,Oman,3,Both,22,All ages,499,Cardiomyopathy and myocarditis,3,Rate,2021,68.86360506528001,82.39840841089,57.288223565610004
1,All Population,5,Prevalence,113,Guyana,3,Both,22,All ages,499,Cardiomyopathy and myocarditis,3,Rate,2020,53.62977070376,62.77610448625,44.83088227742
1,All Population,5,Prevalence,367,Monaco,3,Both,22,All ages,499,Cardiomyopathy and myocarditis,3,Rate,2021,204.99453872094,250.47441765148,160.48913253130002
1,All Population,5,Prevalence,59,Latvia,3,Both,22,All ages,499,Cardiomyopathy and myocarditis,3,Rate,2020,221.96915825821,268.04980046987004,177.85370258412001
1,All Population,5,Prevalence,435,South Sudan,3,Both,22,All ages,499,Cardiomyopathy and myocarditis,3,Rate,2020,88.33452855413,115.51197131486,65.91057651185
1,All Population,5,Prevalence,116,Saint Lucia,3,Both,22,All ages,499,Cardiomyopathy and myocarditis,3,Rate,2021,137.52181455734998,160.25791287528,115.05274422855
1,All Population,5,Prevalence,141,Egypt,3,Both,22,All ages,499,Cardiomyopathy and myocarditis,3,Rate,2019,31.69882215104,39.24953444882,25.201346492949998
1,All Population,5,Prevalence,522,Sudan,3,Both,22,All ages,499,Cardiomyopathy and myocarditis,3,Rate,2020,25.01509945675,30.738906263310003,20.42949007232
1,All Population,5,Prevalence,173,Gabon,3,Both,22,All ages,499,Cardiomyopathy and myocarditis,3,Rate,2019,80.84577552059001,104.67484595508002,60.03180441249
1,All Population,5,Prevalence,207,Ghana,3,Both,22,All ages,499,Cardiomyopathy and myocarditis,3,Rate,2021,58.725697640929994,77.27985048301001,43.8229410586
1,All Population,5,Prevalence,84,Ireland,3,Both,22,All ages,499,Cardiomyopathy and myocarditis,3,Rate,2021,103.62264935431999,122.39262718773999,86.10290960932001
1,All Population,5,Prevalence,184,Mozambique,3,Both,22,All ages,499,Cardiomyopathy and myocarditis,3,Rate,2019,65.30997202181,85.14580626901,50.00416711072
1,All Population,5,Prevalence,152,Saudi Arabia,3,Both,22,All ages,499,Cardiomyopathy and myocarditis,3,Rate,2019,55.31818735659,66.50605258419,45.768339415119996
1,All Population,5,Prevalence,196,South Africa,3,Both,22,All ages,499,Cardiomyopathy and myocarditis,3,Rate,2021,74.65822889985999,96.10465139543,56.11126891192
1,All Population,5,Prevalence,38,Mongolia,3,Both,22,All ages,499,Cardiomyopathy and myocarditis,3,Rate,2020,79.36509134874,94.93829346099,65.0168582784
1,All Population,5,Prevalence,129,Honduras,3,Both,22,All ages,499,Cardiomyopathy and myocarditis,3,Rate,2021,45.76372041629,55.66339279999,36.90745839278
1,All Population,5,Prevalence,163,India,3,Both,22,All ages,499,Cardiomyopathy and myocarditis,3,Rate,2021,42.89935988914,50.26394318301001,34.94989997035
1,All Population,5,Prevalence,143,Iraq,3,Both,22,All ages,499,Cardiomyopathy and myocarditis,3,Rate,2019,64.12891331419,77.21014740460001,54.10493798262001
1,All Population,5,Prevalence,147,Libya,3,Both,22,All ages,499,Cardiomyopathy and myocarditis,3,Rate,2020,36.48118236102,45.44881217895,30.035103924690002
1,All Population,5,Prevalence,186,Seychelles,3,Both,22,All ages,499,Cardiomyopathy and myocarditis,3,Rate,2019,40.89766485108,46.82992454011,35.01810535581
1,All Population,5,Prevalence,118,Suriname,3,Both,22,All ages,499,Cardiomyopathy and myocarditis,3,Rate,2021,67.52559223011001,78.89478097119,56.84042139461
1,All Population,5,Prevalence,209,Guinea-Bissau,3,Both,22,All ages,499,Cardiomyopathy and myocarditis,3,Rate,2021,43.74645251522,59.70640938629,32.47404101852
1,All Population,5,Prevalence,115,Jamaica,3,Both,22,All ages,499,Cardiomyopathy and myocarditis,3,Rate,2020,80.41229955769,92.78539863249,67.93038332271
1,All Population,5,Prevalence,83,Iceland,3,Both,22,All ages,499,Cardiomyopathy and myocarditis,3,Rate,2020,27.12674279245,31.49853623594,23.05816234396
1,All Population,5,Prevalence,298,American Samoa,3,Both,22,All ages,499,Cardiomyopathy and myocarditis,3,Rate,2019,57.57308327923,68.4828907776,46.85059589748
1,All Population,5,Prevalence,154,Tunisia,3,Both,22,All ages,499,Cardiomyopathy and myocarditis,3,Rate,2019,36.972405818649996,43.76851145991,30.48112614016
1,All Population,5,Prevalence,181,Madagascar,3,Both,22,All ages,499,Cardiomyopathy and myocarditis,3,Rate,2020,92.35176122176,120.82444966504,71.99117320139
1,All Population,5,Prevalence,72,New Zealand,3,Both,22,All ages,499,Cardiomyopathy and myocarditis,3,Rate,2020,131.57638044525999,152.36389487584,109.43114671098
1,All Population,5,Prevalence,305,Bermuda,3,Both,22,All ages,499,Cardiomyopathy and myocarditis,3,Rate,2020,200.04899546015997,240.57701071261,162.41334957843998
1,All Population,5,Prevalence,200,Benin,3,Both,22,All ages,499,Cardiomyopathy and myocarditis,3,Rate,2019,46.28515191065,62.812540424160005,34.072751826019996
1,All Population,5,Prevalence,131,Nicaragua,3,Both,22,All ages,499,Cardiomyopathy and myocarditis,3,Rate,2021,44.406052406259995,52.59094911731,37.264414050839996
1,All Population,5,Prevalence,160,Afghanistan,3,Both,22,All ages,499,Cardiomyopathy and myocarditis,3,Rate,2020,19.73145365193,24.43737165157,16.03965134507
1,All Population,5,Prevalence,165,Pakistan,3,Both,22,All ages,499,Cardiomyopathy and myocarditis,3,Rate,2021,39.773766115360004,47.62702013753,33.0295968456
1,All Population,5,Prevalence,189,United Republic of Tanzania,3,Both,22,All ages,499,Cardiomyopathy and myocarditis,3,Rate,2019,97.02897734861,122.31087293702,72.9730371492
1,All Population,5,Prevalence,149,Palestine,3,Both,22,All ages,499,Cardiomyopathy and myocarditis,3,Rate,2020,61.088686213500004,74.09905945806,51.077297057829995
1,All Population,5,Prevalence,374,Niue,3,Both,22,All ages,499,Cardiomyopathy and myocarditis,3,Rate,2021,33.752595548,40.41406811609,27.625876738490003
1,All Population,5,Prevalence,198,Zimbabwe,3,Both,22,All ages,499,Cardiomyopathy and myocarditis,3,Rate,2021,89.61232434243999,111.75974547067,70.12549949409
1,All Population,5,Prevalence,193,Botswana,3,Both,22,All ages,499,Cardiomyopathy and myocarditis,3,Rate,2020,83.89243696058,107.73919697909,64.39742656381999
1,All Population,5,Prevalence,117,Saint Vincent and the Grenadines,3,Both,22,All ages,499,Cardiomyopathy and myocarditis,3,Rate,2020,51.59127577432999,59.770101508109995,44.199169805560004
1,All Population,5,Prevalence,211,Mali,3,Both,22,All ages,499,Cardiomyopathy and myocarditis,3,Rate,2021,43.15349449728,58.31420006554,32.1130703982
1,All Population,5,Prevalence,85,Israel,3,Both,22,All ages,499,Cardiomyopathy and myocarditis,3,Rate,2020,43.28337188407,50.04245247525999,36.09882080984
1,All Population,5,Prevalence,320,Cook Islands,3,Both,22,All ages,499,Cardiomyopathy and myocarditis,3,Rate,2019,10.74178839002,13.41492064556,8.79017945645
1,All Population,5,Prevalence,202,Cameroon,3,Both,22,All ages,499,Cardiomyopathy and myocarditis,3,Rate,2019,49.356932285320006,66.10926581502,36.22434887273
1,All Population,5,Prevalence,162,Bhutan,3,Both,22,All ages,499,Cardiomyopathy and myocarditis,3,Rate,2020,49.69660149263,57.30791253098,42.21362083351
1,All Population,5,Prevalence,195,Namibia,3,Both,22,All ages,499,Cardiomyopathy and myocarditis,3,Rate,2020,83.49356828458,107.16342256301,63.20883447829
1,All Population,5,Prevalence,151,Qatar,3,Both,22,All ages,499,Cardiomyopathy and myocarditis,3,Rate,2020,60.952724755409996,72.88829939562001,49.909025885320006
1,All Population,5,Prevalence,176,Comoros,3,Both,22,All ages,499,Cardiomyopathy and myocarditis,3,Rate,2021,108.23686920296001,138.74774643864,80.7077048268
1,All Population,5,Prevalence,119,Trinidad and Tobago,3,Both,22,All ages,499,Cardiomyopathy and myocarditis,3,Rate,2020,56.56970772859,65.97839493847,46.98051410504
1,All Population,5,Prevalence,206,Gambia,3,Both,22,All ages,499,Cardiomyopathy and myocarditis,3,Rate,2020,49.493460382429994,65.90564021643999,36.425648939
1,All Population,5,Prevalence,393,Saint Kitts and Nevis,3,Both,22,All ages,499,Cardiomyopathy and myocarditis,3,Rate,2019,126.33150064532,146.67586438909,105.95443062439999
1,All Population,5,Prevalence,351,Guam,3,Both,22,All ages,499,Cardiomyopathy and myocarditis,3,Rate,2019,41.67809870501,49.182147449469994,34.160730797110006
1,All Population,5,Prevalence,380,Palau,3,Both,22,All ages,499,Cardiomyopathy and myocarditis,3,Rate,2021,25.642757712759998,30.773680843970002,20.58454895145
1,All Population,5,Prevalence,369,Nauru,3,Both,22,All ages,499,Cardiomyopathy and myocarditis,3,Rate,2020,22.42666760226,27.866371842390002,17.928831313649997
1,All Population,5,Prevalence,413,Tokelau,3,Both,22,All ages,499,Cardiomyopathy and myocarditis,3,Rate,2019,40.37886374855,48.33003267437,32.86588188583
1,All Population,5,Prevalence,130,Mexico,3,Both,22,All ages,499,Cardiomyopathy and myocarditis,3,Rate,2020,36.44846637335,43.50318389787,30.160923676720003
1,All Population,5,Prevalence,164,Nepal,3,Both,22,All ages,499,Cardiomyopathy and myocarditis,3,Rate,2020,45.45226987746,53.219553858,38.704463549290004
1,All Population,5,Prevalence,178,Eritrea,3,Both,22,All ages,499,Cardiomyopathy and myocarditis,3,Rate,2021,94.54973790951,120.46834543403,71.6248993902
1,All Population,5,Prevalence,175,Burundi,3,Both,22,All ages,499,Cardiomyopathy and myocarditis,3,Rate,2020,85.77834942250999,109.88273996519,66.27484483038
1,All Population,5,Prevalence,213,Niger,3,Both,22,All ages,499,Cardiomyopathy and myocarditis,3,Rate,2021,40.81126070061,54.81222997721,29.83079087099
1,All Population,5,Prevalence,197,Eswatini,3,Both,22,All ages,499,Cardiomyopathy and myocarditis,3,Rate,2020,77.00917705737,99.3598030091,57.529625946
1,All Population,5,Prevalence,208,Guinea,3,Both,22,All ages,499,Cardiomyopathy and myocarditis,3,Rate,2020,44.5879775685,59.990623750039994,33.002346515949995
1,All Population,5,Prevalence,376,Northern Mariana Islands,3,Both,22,All ages,499,Cardiomyopathy and myocarditis,3,Rate,2020,44.61274203081,52.17347277853,36.60608408617
1,All Population,5,Prevalence,422,United States Virgin Islands,3,Both,22,All ages,499,Cardiomyopathy and myocarditis,3,Rate,2019,116.00734186187,136.61970158469998,95.77282944834
1,All Population,5,Prevalence,132,Panama,3,Both,22,All ages,499,Cardiomyopathy and myocarditis,3,Rate,2020,97.97722055785,113.0933224841,84.21726864044
1,All Population,5,Prevalence,177,Djibouti,3,Both,22,All ages,499,Cardiomyopathy and myocarditis,3,Rate,2020,103.92220092271,134.36669381636,78.69122631678
1,All Population,5,Prevalence,385,Puerto Rico,3,Both,22,All ages,499,Cardiomyopathy and myocarditis,3,Rate,2020,103.01136140457,126.67464362735,82.73880213501
1,All Population,5,Prevalence,210,Liberia,3,Both,22,All ages,499,Cardiomyopathy and myocarditis,3,Rate,2020,50.6482608372,67.57517637221001,37.65572456034
1,All Population,5,Prevalence,11,Indonesia,3,Both,22,All ages,499,Cardiomyopathy and myocarditis,3,Rate,2022,25.02088121745,30.07112742227,19.893045502
1,All Population,5,Prevalence,67,Japan,3,Both,22,All ages,499,Cardiomyopathy and myocarditis,3,Rate,2022,132.11490670303,160.44571352155,108.67858209765
1,All Population,5,Prevalence,179,Ethiopia,3,Both,22,All ages,499,Cardiomyopathy and myocarditis,3,Rate,2020,145.18150278253,175.51009339288,118.65926701093001
1,All Population,5,Prevalence,22,Fiji,3,Both,22,All ages,499,Cardiomyopathy and myocarditis,3,Rate,2022,20.72644142919,25.24382836075,16.82690924037
1,All Population,5,Prevalence,191,Zambia,3,Both,22,All ages,499,Cardiomyopathy and myocarditis,3,Rate,2020,82.78960555359001,109.89623919166,62.72473886638
1,All Population,5,Prevalence,212,Mauritania,3,Both,22,All ages,499,Cardiomyopathy and myocarditis,3,Rate,2020,53.27212996477,71.31706280195,38.79877395222
1,All Population,5,Prevalence,58,Estonia,3,Both,22,All ages,499,Cardiomyopathy and myocarditis,3,Rate,2022,105.45625730808,126.07231172721,83.49330812701
1,All Population,5,Prevalence,69,Singapore,3,Both,22,All ages,499,Cardiomyopathy and myocarditis,3,Rate,2022,58.80164966352,69.27149947624001,49.21786938297
1,All Population,5,Prevalence,114,Haiti,3,Both,22,All ages,499,Cardiomyopathy and myocarditis,3,Rate,2022,45.86183149885,54.38277598547,38.12260108001
1,All Population,5,Prevalence,24,Marshall Islands,3,Both,22,All ages,499,Cardiomyopathy and myocarditis,3,Rate,2022,23.06145700848,28.474495273659997,18.34305050211
1,All Population,5,Prevalence,105,Antigua and Barbuda,3,Both,22,All ages,499,Cardiomyopathy and myocarditis,3,Rate,2022,76.40795188631,89.14180958982,63.711622228420005
1,All Population,5,Prevalence,71,Australia,3,Both,22,All ages,499,Cardiomyopathy and myocarditis,3,Rate,2022,168.55062602599,200.20461430076,137.69944827879002
1,All Population,5,Prevalence,150,Oman,3,Both,22,All ages,499,Cardiomyopathy and myocarditis,3,Rate,2022,69.97258524675,85.78322885738001,57.36507187166
1,All Population,5,Prevalence,84,Ireland,3,Both,22,All ages,499,Cardiomyopathy and myocarditis,3,Rate,2022,102.23016271282,122.96033245243,83.99006261094
1,All Population,5,Prevalence,161,Bangladesh,3,Both,22,All ages,499,Cardiomyopathy and myocarditis,3,Rate,2022,44.938373639199995,53.220898709630006,37.06270686977
1,All Population,5,Prevalence,26,Papua New Guinea,3,Both,22,All ages,499,Cardiomyopathy and myocarditis,3,Rate,2022,22.75710009631,27.854888565470002,18.2645045447
1,All Population,5,Prevalence,116,Saint Lucia,3,Both,22,All ages,499,Cardiomyopathy and myocarditis,3,Rate,2022,133.92056014804,156.7689873543,109.47274711573999
1,All Population,5,Prevalence,86,Italy,3,Both,22,All ages,499,Cardiomyopathy and myocarditis,3,Rate,2022,159.98533143002,201.29871282806997,124.35786790387999
1,All Population,5,Prevalence,37,Kyrgyzstan,3,Both,22,All ages,499,Cardiomyopathy and myocarditis,3,Rate,2022,60.0102094491,72.66814961365,49.987601474109994
1,All Population,5,Prevalence,52,Romania,3,Both,22,All ages,499,Cardiomyopathy and myocarditis,3,Rate,2022,145.01202718618,188.64567576892,104.44659069884
1,All Population,5,Prevalence,7,Democratic People's Republic of Korea,3,Both,22,All ages,499,Cardiomyopathy and myocarditis,3,Rate,2022,23.1971898436,27.17048328428,19.39184732668
1,All Population,5,Prevalence,129,Honduras,3,Both,22,All ages,499,Cardiomyopathy and myocarditis,3,Rate,2022,46.04888114717,56.85383978926,36.1794683495
1,All Population,5,Prevalence,88,Malta,3,Both,22,All ages,499,Cardiomyopathy and myocarditis,3,Rate,2022,61.43584384275999,72.76236057551,49.23734845692
1,All Population,5,Prevalence,45,Bulgaria,3,Both,22,All ages,499,Cardiomyopathy and myocarditis,3,Rate,2020,30.60625075154,37.586711711090004,24.98026444983
1,All Population,5,Prevalence,163,India,3,Both,22,All ages,499,Cardiomyopathy and myocarditis,3,Rate,2022,43.561889975869995,52.423266332660006,34.958837631419996
1,All Population,5,Prevalence,198,Zimbabwe,3,Both,22,All ages,499,Cardiomyopathy and myocarditis,3,Rate,2022,90.09876940427,111.85178567887999,70.24554257783001
1,All Population,5,Prevalence,28,Solomon Islands,3,Both,22,All ages,499,Cardiomyopathy and myocarditis,3,Rate,2022,19.20548375194,23.75551061059,15.28015871502
1,All Population,5,Prevalence,209,Guinea-Bissau,3,Both,22,All ages,499,Cardiomyopathy and myocarditis,3,Rate,2022,44.069592156300004,60.876414053859996,32.61629314432
1,All Population,5,Prevalence,34,Azerbaijan,3,Both,22,All ages,499,Cardiomyopathy and myocarditis,3,Rate,2020,95.65861327665,114.35127734663001,79.80744727269
1,All Population,5,Prevalence,39,Tajikistan,3,Both,22,All ages,499,Cardiomyopathy and myocarditis,3,Rate,2022,22.3918875681,27.7638302227,17.44098266531
1,All Population,5,Prevalence,13,Malaysia,3,Both,22,All ages,499,Cardiomyopathy and myocarditis,3,Rate,2020,38.84310394051,44.36799474291,32.382148407129996
1,All Population,5,Prevalence,118,Suriname,3,Both,22,All ages,499,Cardiomyopathy and myocarditis,3,Rate,2022,67.74809581053,80.85938542132,56.363509588739994
1,All Population,5,Prevalence,54,Slovakia,3,Both,22,All ages,499,Cardiomyopathy and myocarditis,3,Rate,2022,82.70969070445,99.75216083894,65.86316588640001
1,All Population,5,Prevalence,131,Nicaragua,3,Both,22,All ages,499,Cardiomyopathy and myocarditis,3,Rate,2022,44.80264655918,52.84477717308,36.52831724365
1,All Population,5,Prevalence,176,Comoros,3,Both,22,All ages,499,Cardiomyopathy and myocarditis,3,Rate,2022,108.91157574674001,136.83853393883,81.70952297892
1,All Population,5,Prevalence,211,Mali,3,Both,22,All ages,499,Cardiomyopathy and myocarditis,3,Rate,2022,43.43060952388,59.157829519009994,31.77652928017
1,All Population,5,Prevalence,165,Pakistan,3,Both,22,All ages,499,Cardiomyopathy and myocarditis,3,Rate,2022,40.36078906648,49.292315967869996,32.95922843346
1,All Population,5,Prevalence,47,Czechia,3,Both,22,All ages,499,Cardiomyopathy and myocarditis,3,Rate,2020,84.37557160182,104.49528886191,68.0355353593
1,All Population,5,Prevalence,41,Uzbekistan,3,Both,22,All ages,499,Cardiomyopathy and myocarditis,3,Rate,2022,22.72517409288,26.621356187400004,19.26108711619
1,All Population,5,Prevalence,144,Jordan,3,Both,22,All ages,499,Cardiomyopathy and myocarditis,3,Rate,2022,16.23563373925,20.13861749257,13.12630806586
1,All Population,5,Prevalence,79,Finland,3,Both,22,All ages,499,Cardiomyopathy and myocarditis,3,Rate,2020,115.47593788175999,138.20409791583998,94.54594274388
1,All Population,5,Prevalence,133,Venezuela (Bolivarian Republic of),3,Both,22,All ages,499,Cardiomyopathy and myocarditis,3,Rate,2022,48.58198781784,57.48309123025,40.856922818769995
1,All Population,5,Prevalence,99,Uruguay,3,Both,22,All ages,499,Cardiomyopathy and myocarditis,3,Rate,2022,100.85665673653999,122.97171901643,79.16501011173
1,All Population,5,Prevalence,15,Myanmar,3,Both,22,All ages,499,Cardiomyopathy and myocarditis,3,Rate,2020,20.86542327568,24.432571164930003,17.60516900455
1,All Population,5,Prevalence,178,Eritrea,3,Both,22,All ages,499,Cardiomyopathy and myocarditis,3,Rate,2022,95.31053969945,122.12672378847,72.79980669423
1,All Population,5,Prevalence,213,Niger,3,Both,22,All ages,499,Cardiomyopathy and myocarditis,3,Rate,2022,40.99367584804,55.625814338720005,29.82592989178
1,All Population,5,Prevalence,43,Albania,3,Both,22,All ages,499,Cardiomyopathy and myocarditis,3,Rate,2022,127.45046518954,156.25458476824,98.07494825101
1,All Population,5,Prevalence,146,Lebanon,3,Both,22,All ages,499,Cardiomyopathy and myocarditis,3,Rate,2022,37.01536934958,42.339977142449996,31.46706568128
1,All Population,5,Prevalence,16,Philippines,3,Both,22,All ages,499,Cardiomyopathy and myocarditis,3,Rate,2021,26.99308052285,32.50652038625,21.59079690725
1,All Population,5,Prevalence,49,North Macedonia,3,Both,22,All ages,499,Cardiomyopathy and myocarditis,3,Rate,2020,152.52969182421,185.04761244445,124.48489887474
1,All Population,5,Prevalence,135,Brazil,3,Both,22,All ages,499,Cardiomyopathy and myocarditis,3,Rate,2022,136.09994105018,160.65934139082,112.1744347184
1,All Population,5,Prevalence,101,Canada,3,Both,22,All ages,499,Cardiomyopathy and myocarditis,3,Rate,2022,152.39865180253,182.12155402410002,126.09031452123
1,All Population,5,Prevalence,29,Tonga,3,Both,22,All ages,499,Cardiomyopathy and myocarditis,3,Rate,2021,40.141013689270004,48.03246384532,32.39676997807
1,All Population,5,Prevalence,180,Kenya,3,Both,22,All ages,499,Cardiomyopathy and myocarditis,3,Rate,2022,94.04426773012,117.82797069205,73.33526762543
1,All Population,5,Prevalence,60,Lithuania,3,Both,22,All ages,499,Cardiomyopathy and myocarditis,3,Rate,2020,131.62834482698,159.10020438078,107.41069733904999
1,All Population,5,Prevalence,17,Sri Lanka,3,Both,22,All ages,499,Cardiomyopathy and myocarditis,3,Rate,2020,36.12730733933,41.9771616108,29.87258870761
1,All Population,5,Prevalence,81,Germany,3,Both,22,All ages,499,Cardiomyopathy and myocarditis,3,Rate,2020,165.67599535384,194.80724012667,140.3447820207
1,All Population,5,Prevalence,18,Thailand,3,Both,22,All ages,499,Cardiomyopathy and myocarditis,3,Rate,2021,22.9292446844,27.41233096729,18.59353740005
1,All Population,5,Prevalence,126,Costa Rica,3,Both,22,All ages,499,Cardiomyopathy and myocarditis,3,Rate,2020,80.81791284248,93.53981651285,68.98428995711
1,All Population,5,Prevalence,63,Ukraine,3,Both,22,All ages,499,Cardiomyopathy and myocarditis,3,Rate,2021,133.55843844036,153.22890964779,114.45118403705
1,All Population,5,Prevalence,148,Morocco,3,Both,22,All ages,499,Cardiomyopathy and myocarditis,3,Rate,2022,38.7691284306,47.17372780945,30.51065377233
1,All Population,5,Prevalence,51,Poland,3,Both,22,All ages,499,Cardiomyopathy and myocarditis,3,Rate,2020,303.20597885052996,353.57744141647004,259.55071554589
1,All Population,5,Prevalence,207,Ghana,3,Both,22,All ages,499,Cardiomyopathy and myocarditis,3,Rate,2022,59.19257766548,79.52705807422001,44.21808787739
1,All Population,5,Prevalence,92,Spain,3,Both,22,All ages,499,Cardiomyopathy and myocarditis,3,Rate,2020,149.91989634233002,176.65464715001,124.89969609937
1,All Population,5,Prevalence,367,Monaco,3,Both,22,All ages,499,Cardiomyopathy and myocarditis,3,Rate,2022,194.19479078133,243.01730034877,149.71231327712
1,All Population,5,Prevalence,194,Lesotho,3,Both,22,All ages,499,Cardiomyopathy and myocarditis,3,Rate,2022,75.19080663352001,96.59239079062999,56.49361609342
1,All Population,5,Prevalence,62,Russian Federation,3,Both,22,All ages,499,Cardiomyopathy and myocarditis,3,Rate,2020,176.23596732175,202.86259103997997,150.26898252497
1,All Population,5,Prevalence,76,Belgium,3,Both,22,All ages,499,Cardiomyopathy and myocarditis,3,Rate,2021,85.50379942386,100.38102459073,70.92629738015
1,All Population,5,Prevalence,20,Viet Nam,3,Both,22,All ages,499,Cardiomyopathy and myocarditis,3,Rate,2021,40.039456134279995,47.00159277873,33.164672956489994
1,All Population,5,Prevalence,30,Vanuatu,3,Both,22,All ages,499,Cardiomyopathy and myocarditis,3,Rate,2020,23.552962712699998,28.79340787757,18.84472093817
1,All Population,5,Prevalence,139,Algeria,3,Both,22,All ages,499,Cardiomyopathy and myocarditis,3,Rate,2020,34.471137053,40.78470781074,28.55672500714
1,All Population,5,Prevalence,128,Guatemala,3,Both,22,All ages,499,Cardiomyopathy and myocarditis,3,Rate,2020,40.58340537267,48.77047170783,33.09163796265
1,All Population,5,Prevalence,374,Niue,3,Both,22,All ages,499,Cardiomyopathy and myocarditis,3,Rate,2022,34.10735203046,41.44610912999,26.8210784111
1,All Population,5,Prevalence,196,South Africa,3,Both,22,All ages,499,Cardiomyopathy and myocarditis,3,Rate,2022,75.2085953107,97.30861389959,56.57501001511
1,All Population,5,Prevalence,78,Denmark,3,Both,22,All ages,499,Cardiomyopathy and myocarditis,3,Rate,2021,49.93224078913,60.55633053363,40.28242655022
1,All Population,5,Prevalence,33,Armenia,3,Both,22,All ages,499,Cardiomyopathy and myocarditis,3,Rate,2021,58.661351036010004,68.852832764,48.32489156167
1,All Population,5,Prevalence,44,Bosnia and Herzegovina,3,Both,22,All ages,499,Cardiomyopathy and myocarditis,3,Rate,2021,182.88596544134,224.76083634982,141.81589851581998
1,All Population,5,Prevalence,19,Timor-Leste,3,Both,22,All ages,499,Cardiomyopathy and myocarditis,3,Rate,2020,20.08455543177,23.55093372,16.60215960015
1,All Population,5,Prevalence,107,Barbados,3,Both,22,All ages,499,Cardiomyopathy and myocarditis,3,Rate,2020,148.88088011103,177.01508840271,121.85040616538
1,All Population,5,Prevalence,94,Switzerland,3,Both,22,All ages,499,Cardiomyopathy and myocarditis,3,Rate,2020,61.02498715424,73.23287555918,49.07497982246999
1,All Population,5,Prevalence,75,Austria,3,Both,22,All ages,499,Cardiomyopathy and myocarditis,3,Rate,2020,182.65597382415,211.73515603023003,151.10343823008
1,All Population,5,Prevalence,380,Palau,3,Both,22,All ages,499,Cardiomyopathy and myocarditis,3,Rate,2022,26.032944101349997,31.51623543115,20.538413687069998
1,All Population,5,Prevalence,26,Papua New Guinea,3,Both,22,All ages,499,Cardiomyopathy and myocarditis,3,Rate,2023,22.87124238408,27.98193651449,18.325190587719998
1,All Population,5,Prevalence,110,Dominica,3,Both,22,All ages,499,Cardiomyopathy and myocarditis,3,Rate,2021,146.74852882047,171.4430701365,122.65383717595
1,All Population,5,Prevalence,121,Bolivia (Plurinational State of),3,Both,22,All ages,499,Cardiomyopathy and myocarditis,3,Rate,2021,36.61714219422,44.23798142857,30.400449867389998
1,All Population,5,Prevalence,141,Egypt,3,Both,22,All ages,499,Cardiomyopathy and myocarditis,3,Rate,2020,31.54195380927,39.2594206337,24.910881232250002
1,All Population,5,Prevalence,80,France,3,Both,22,All ages,499,Cardiomyopathy and myocarditis,3,Rate,2021,265.24240806642,313.97482273566,214.35086228539
1,All Population,5,Prevalence,173,Gabon,3,Both,22,All ages,499,Cardiomyopathy and myocarditis,3,Rate,2020,81.31018173741,105.57298119638,60.594984447879995
1,All Population,5,Prevalence,84,Ireland,3,Both,22,All ages,499,Cardiomyopathy and myocarditis,3,Rate,2023,104.00547376923,125.78473637911999,84.99960289100001
1,All Population,5,Prevalence,39,Tajikistan,3,Both,22,All ages,499,Cardiomyopathy and myocarditis,3,Rate,2023,22.56546304428,27.986402728679998,17.56544980465
1,All Population,5,Prevalence,35,Georgia,3,Both,22,All ages,499,Cardiomyopathy and myocarditis,3,Rate,2021,45.69197692612,54.60848152069,36.18842360459
1,All Population,5,Prevalence,28,Solomon Islands,3,Both,22,All ages,499,Cardiomyopathy and myocarditis,3,Rate,2023,19.24127549077,23.76274588538,15.31473311747
1,All Population,5,Prevalence,77,Cyprus,3,Both,22,All ages,499,Cardiomyopathy and myocarditis,3,Rate,2020,52.38417016716,61.72466326872001,43.2581561389
1,All Population,5,Prevalence,109,Cuba,3,Both,22,All ages,499,Cardiomyopathy and myocarditis,3,Rate,2020,120.90444589765,141.29215414745,100.4822049957
1,All Population,5,Prevalence,46,Croatia,3,Both,22,All ages,499,Cardiomyopathy and myocarditis,3,Rate,2021,81.57603730462,102.33902267438,62.442262124129996
1,All Population,5,Prevalence,14,Maldives,3,Both,22,All ages,499,Cardiomyopathy and myocarditis,3,Rate,2021,27.472141218100003,32.64988562986,22.86760779137
1,All Population,5,Prevalence,152,Saudi Arabia,3,Both,22,All ages,499,Cardiomyopathy and myocarditis,3,Rate,2020,55.48207762832,66.64040457557,45.6742851121
1,All Population,5,Prevalence,123,Peru,3,Both,22,All ages,499,Cardiomyopathy and myocarditis,3,Rate,2021,36.718060535,43.17390947144,30.12161473313
1,All Population,5,Prevalence,7,Democratic People's Republic of Korea,3,Both,22,All ages,499,Cardiomyopathy and myocarditis,3,Rate,2023,23.26428397426,27.094907185380002,19.40428800251
1,All Population,5,Prevalence,66,Brunei Darussalam,3,Both,22,All ages,499,Cardiomyopathy and myocarditis,3,Rate,2020,77.46053847994,90.80629290357,64.36602287985001
1,All Population,5,Prevalence,86,Italy,3,Both,22,All ages,499,Cardiomyopathy and myocarditis,3,Rate,2023,162.03583869888,204.38473201922002,125.87199126448
1,All Population,5,Prevalence,91,Portugal,3,Both,22,All ages,499,Cardiomyopathy and myocarditis,3,Rate,2021,83.25154712297001,101.9517809585,65.47274095506
1,All Population,5,Prevalence,112,Grenada,3,Both,22,All ages,499,Cardiomyopathy and myocarditis,3,Rate,2021,117.08336192005999,137.49004569508,95.83419272481
1,All Population,5,Prevalence,41,Uzbekistan,3,Both,22,All ages,499,Cardiomyopathy and myocarditis,3,Rate,2023,22.86882312517,26.774158627829998,19.354106595650002
1,All Population,5,Prevalence,52,Romania,3,Both,22,All ages,499,Cardiomyopathy and myocarditis,3,Rate,2023,146.79794857661,191.30903256797,105.55475371354
1,All Population,5,Prevalence,131,Nicaragua,3,Both,22,All ages,499,Cardiomyopathy and myocarditis,3,Rate,2023,45.16786319674,53.20216164687,36.89924457068
1,All Population,5,Prevalence,186,Seychelles,3,Both,22,All ages,499,Cardiomyopathy and myocarditis,3,Rate,2020,40.9365842961,47.11914708253,34.83686966915
1,All Population,5,Prevalence,157,Yemen,3,Both,22,All ages,499,Cardiomyopathy and myocarditis,3,Rate,2021,27.115197898909997,34.16097835174,21.74781092446
1,All Population,5,Prevalence,168,Angola,3,Both,22,All ages,499,Cardiomyopathy and myocarditis,3,Rate,2021,65.89801541671,87.48109501759001,48.77559339275
1,All Population,5,Prevalence,82,Greece,3,Both,22,All ages,499,Cardiomyopathy and myocarditis,3,Rate,2021,55.74312955699,63.73467215571,47.48275456489
1,All Population,5,Prevalence,111,Dominican Republic,3,Both,22,All ages,499,Cardiomyopathy and myocarditis,3,Rate,2020,57.11886244635001,67.86580887135,47.2637447756
1,All Population,5,Prevalence,122,Ecuador,3,Both,22,All ages,499,Cardiomyopathy and myocarditis,3,Rate,2020,34.892751423250004,41.210985296779995,28.77709399591
1,All Population,5,Prevalence,154,Tunisia,3,Both,22,All ages,499,Cardiomyopathy and myocarditis,3,Rate,2020,37.08240693346,44.28944413972,30.56061697599
1,All Population,5,Prevalence,125,Colombia,3,Both,22,All ages,499,Cardiomyopathy and myocarditis,3,Rate,2021,57.69201517031,68.48581236461,47.18662946912
1,All Population,5,Prevalence,48,Hungary,3,Both,22,All ages,499,Cardiomyopathy and myocarditis,3,Rate,2021,126.03082282351001,153.99702901672,98.69067315805
1,All Population,5,Prevalence,43,Albania,3,Both,22,All ages,499,Cardiomyopathy and myocarditis,3,Rate,2023,124.73565314238,152.12389901664002,96.16339940598999
1,All Population,5,Prevalence,143,Iraq,3,Both,22,All ages,499,Cardiomyopathy and myocarditis,3,Rate,2020,64.18461788709,78.4615242563,53.820448994150006
1,All Population,5,Prevalence,136,Paraguay,3,Both,22,All ages,499,Cardiomyopathy and myocarditis,3,Rate,2021,62.14037306478001,74.80056165507,50.36333245477999
1,All Population,5,Prevalence,133,Venezuela (Bolivarian Republic of),3,Both,22,All ages,499,Cardiomyopathy and myocarditis,3,Rate,2023,48.266248812440004,56.80794161866,40.59302100325
1,All Population,5,Prevalence,90,Norway,3,Both,22,All ages,499,Cardiomyopathy and myocarditis,3,Rate,2020,92.46824525977999,107.71132328309999,76.90009149329
1,All Population,5,Prevalence,61,Republic of Moldova,3,Both,22,All ages,499,Cardiomyopathy and myocarditis,3,Rate,2021,78.04222702103,93.50954644165999,62.85189467512
1,All Population,5,Prevalence,178,Eritrea,3,Both,22,All ages,499,Cardiomyopathy and myocarditis,3,Rate,2023,96.46758648299,123.36411246898001,73.59236896939
1,All Population,5,Prevalence,99,Uruguay,3,Both,22,All ages,499,Cardiomyopathy and myocarditis,3,Rate,2023,101.69134117179999,123.89847599657,79.58319840124
1,All Population,5,Prevalence,200,Benin,3,Both,22,All ages,499,Cardiomyopathy and myocarditis,3,Rate,2020,46.66821508313,63.55150960245,34.25998326397
1,All Population,5,Prevalence,189,United Republic of Tanzania,3,Both,22,All ages,499,Cardiomyopathy and myocarditis,3,Rate,2020,97.66916527354999,122.57198396424,73.15444238292
1,All Population,5,Prevalence,88,Malta,3,Both,22,All ages,499,Cardiomyopathy and myocarditis,3,Rate,2023,62.05067959910001,73.45268079785,49.75800575843
1,All Population,5,Prevalence,170,Congo,3,Both,22,All ages,499,Cardiomyopathy and myocarditis,3,Rate,2021,71.76817767996,95.49104262146,54.01705427826
1,All Population,5,Prevalence,54,Slovakia,3,Both,22,All ages,499,Cardiomyopathy and myocarditis,3,Rate,2023,83.83401589198,101.33265316526,66.72254387951999
1,All Population,5,Prevalence,93,Sweden,3,Both,22,All ages,499,Cardiomyopathy and myocarditis,3,Rate,2021,199.50741285509,236.49582267122003,166.10851503561
1,All Population,5,Prevalence,144,Jordan,3,Both,22,All ages,499,Cardiomyopathy and myocarditis,3,Rate,2023,16.24243397703,20.10432417598,13.122865787619999
1,All Population,5,Prevalence,320,Cook Islands,3,Both,22,All ages,499,Cardiomyopathy and myocarditis,3,Rate,2020,10.81502798634,13.52940595011,8.74776342591
1,All Population,5,Prevalence,156,United Arab Emirates,3,Both,22,All ages,499,Cardiomyopathy and myocarditis,3,Rate,2020,86.48750759444,107.86576248918,71.79997217485
1,All Population,5,Prevalence,127,El Salvador,3,Both,22,All ages,499,Cardiomyopathy and myocarditis,3,Rate,2021,38.50351950962,45.4954774151,31.809104198239996
1,All Population,5,Prevalence,50,Montenegro,3,Both,22,All ages,499,Cardiomyopathy and myocarditis,3,Rate,2021,232.57787491618,280.65093368717,188.68243175537
1,All Population,5,Prevalence,393,Saint Kitts and Nevis,3,Both,22,All ages,499,Cardiomyopathy and myocarditis,3,Rate,2020,127.36743365581,148.12989559886998,106.64322365351
1,All Population,5,Prevalence,11,Indonesia,3,Both,22,All ages,499,Cardiomyopathy and myocarditis,3,Rate,2023,25.40920403149,30.5490605586,20.1492683223
1,All Population,5,Prevalence,67,Japan,3,Both,22,All ages,499,Cardiomyopathy and myocarditis,3,Rate,2023,134.56846237452,164.47416601963002,110.34884602691001
1,All Population,5,Prevalence,202,Cameroon,3,Both,22,All ages,499,Cardiomyopathy and myocarditis,3,Rate,2020,49.88981890555,66.95070977427,36.75634380839
1,All Population,5,Prevalence,205,Côte d'Ivoire,3,Both,22,All ages,499,Cardiomyopathy and myocarditis,3,Rate,2021,48.615429297800006,65.81916647034,35.84082324441
1,All Population,5,Prevalence,172,Equatorial Guinea,3,Both,22,All ages,499,Cardiomyopathy and myocarditis,3,Rate,2021,67.41666241326,89.36881459432,50.84726802585
1,All Population,5,Prevalence,135,Brazil,3,Both,22,All ages,499,Cardiomyopathy and myocarditis,3,Rate,2023,138.354454744,164.04642480459,113.88568587435
1,All Population,5,Prevalence,215,Sao Tome and Principe,3,Both,22,All ages,499,Cardiomyopathy and myocarditis,3,Rate,2020,60.14253091904,79.98883185609999,44.50534025263
1,All Population,5,Prevalence,180,Kenya,3,Both,22,All ages,499,Cardiomyopathy and myocarditis,3,Rate,2023,96.18932324287,120.45313826603999,75.18541729644
1,All Population,5,Prevalence,106,Bahamas,3,Both,22,All ages,499,Cardiomyopathy and myocarditis,3,Rate,2021,78.10177028643,91.73150361343001,64.86376802075
1,All Population,5,Prevalence,101,Canada,3,Both,22,All ages,499,Cardiomyopathy and myocarditis,3,Rate,2023,154.0495893729,184.28949205204,127.29600639816
1,All Population,5,Prevalence,146,Lebanon,3,Both,22,All ages,499,Cardiomyopathy and myocarditis,3,Rate,2023,37.11845350459,42.4243528356,31.570720489920003
1,All Population,5,Prevalence,169,Central African Republic,3,Both,22,All ages,499,Cardiomyopathy and myocarditis,3,Rate,2020,58.895453522130005,77.47026646047999,44.31149456938
1,All Population,5,Prevalence,351,Guam,3,Both,22,All ages,499,Cardiomyopathy and myocarditis,3,Rate,2020,41.882825551859995,49.389194545840006,34.12723465933
1,All Population,5,Prevalence,114,Haiti,3,Both,22,All ages,499,Cardiomyopathy and myocarditis,3,Rate,2023,46.073265215869995,54.64247003831,38.28918734143
1,All Population,5,Prevalence,183,Mauritius,3,Both,22,All ages,499,Cardiomyopathy and myocarditis,3,Rate,2021,36.9565480917,43.405569157829994,31.00940319723
1,All Population,5,Prevalence,140,Bahrain,3,Both,22,All ages,499,Cardiomyopathy and myocarditis,3,Rate,2021,78.08680613425,91.57607779517,64.45321163849
1,All Population,5,Prevalence,413,Tokelau,3,Both,22,All ages,499,Cardiomyopathy and myocarditis,3,Rate,2020,40.27418918809,47.80314756616,32.61933668709
1,All Population,5,Prevalence,22,Fiji,3,Both,22,All ages,499,Cardiomyopathy and myocarditis,3,Rate,2023,20.88750722544,25.396264959449997,16.95715355718
1,All Population,5,Prevalence,216,Senegal,3,Both,22,All ages,499,Cardiomyopathy and myocarditis,3,Rate,2021,33.45918177994,44.674077763110006,24.33482322927
1,All Population,5,Prevalence,217,Sierra Leone,3,Both,22,All ages,499,Cardiomyopathy and myocarditis,3,Rate,2020,48.70360753859,64.4322572424,36.12857326469
1,All Population,5,Prevalence,182,Malawi,3,Both,22,All ages,499,Cardiomyopathy and myocarditis,3,Rate,2020,84.14650694993999,107.37957846093,65.07228747235
1,All Population,5,Prevalence,171,Democratic Republic of the Congo,3,Both,22,All ages,499,Cardiomyopathy and myocarditis,3,Rate,2020,68.36795620947,89.93211134079,51.08899300926
1,All Population,5,Prevalence,204,Chad,3,Both,22,All ages,499,Cardiomyopathy and myocarditis,3,Rate,2020,40.123058162460005,54.082996530710005,29.165119125249998
1,All Population,5,Prevalence,69,Singapore,3,Both,22,All ages,499,Cardiomyopathy and myocarditis,3,Rate,2023,59.8732368559,70.94380713534001,49.807976638570004
1,All Population,5,Prevalence,95,United Kingdom,3,Both,22,All ages,499,Cardiomyopathy and myocarditis,3,Rate,2021,71.74151219065,82.13208293072,59.75159488412
1,All Population,5,Prevalence,194,Lesotho,3,Both,22,All ages,499,Cardiomyopathy and myocarditis,3,Rate,2023,76.06522757135,97.7860379501,57.116082055010004
1,All Population,5,Prevalence,422,United States Virgin Islands,3,Both,22,All ages,499,Cardiomyopathy and myocarditis,3,Rate,2020,118.19374654137,140.4525959633,96.72167434837
1,All Population,5,Prevalence,142,Iran (Islamic Republic of),3,Both,22,All ages,499,Cardiomyopathy and myocarditis,3,Rate,2021,36.91638039923,45.39403221469,30.185475078150002
1,All Population,5,Prevalence,148,Morocco,3,Both,22,All ages,499,Cardiomyopathy and myocarditis,3,Rate,2023,38.8537839713,47.04603766333,30.70508164515
1,All Population,5,Prevalence,108,Belize,3,Both,22,All ages,499,Cardiomyopathy and myocarditis,3,Rate,2021,75.81135717994,88.36002982964,63.35242232113
1,All Population,5,Prevalence,37,Kyrgyzstan,3,Both,22,All ages,499,Cardiomyopathy and myocarditis,3,Rate,2023,60.51982909387,73.22207959456,50.523962291969994
1,All Population,5,Prevalence,367,Monaco,3,Both,22,All ages,499,Cardiomyopathy and myocarditis,3,Rate,2023,199.68091194798,249.71466764067003,153.74857224923
1,All Population,5,Prevalence,116,Saint Lucia,3,Both,22,All ages,499,Cardiomyopathy and myocarditis,3,Rate,2023,136.44228294213,160.16888442257,111.64078060071
1,All Population,5,Prevalence,10,Cambodia,3,Both,22,All ages,499,Cardiomyopathy and myocarditis,3,Rate,2021,17.33751460577,20.3226369348,14.450411585880001
1,All Population,5,Prevalence,58,Estonia,3,Both,22,All ages,499,Cardiomyopathy and myocarditis,3,Rate,2023,106.09705658739001,126.7957299843,83.9557348109
1,All Population,5,Prevalence,207,Ghana,3,Both,22,All ages,499,Cardiomyopathy and myocarditis,3,Rate,2023,60.12946444395,80.7478221149,44.8558688839
1,All Population,5,Prevalence,71,Australia,3,Both,22,All ages,499,Cardiomyopathy and myocarditis,3,Rate,2023,170.5711095813,203.31994733726998,139.15573801159
1,All Population,5,Prevalence,105,Antigua and Barbuda,3,Both,22,All ages,499,Cardiomyopathy and myocarditis,3,Rate,2023,77.51941314367,90.51618642097,64.78961232587001
1,All Population,5,Prevalence,184,Mozambique,3,Both,22,All ages,499,Cardiomyopathy and myocarditis,3,Rate,2020,65.68868981338001,86.83397220266,49.681319597779996
1,All Population,5,Prevalence,24,Marshall Islands,3,Both,22,All ages,499,Cardiomyopathy and myocarditis,3,Rate,2023,23.31774736677,28.73360674388,18.57379237932
1,All Population,5,Prevalence,153,Syrian Arab Republic,3,Both,22,All ages,499,Cardiomyopathy and myocarditis,3,Rate,2021,36.27154255166,45.32809362578,29.187673317090002
1,All Population,5,Prevalence,185,Rwanda,3,Both,22,All ages,499,Cardiomyopathy and myocarditis,3,Rate,2021,94.32336901793,120.21020713479001,71.50558464293
1,All Population,5,Prevalence,150,Oman,3,Both,22,All ages,499,Cardiomyopathy and myocarditis,3,Rate,2023,70.52396395017,86.44856890573,57.821692375110004
1,All Population,5,Prevalence,196,South Africa,3,Both,22,All ages,499,Cardiomyopathy and myocarditis,3,Rate,2023,76.12242611799999,98.523826506,57.19766063339001
1,All Population,5,Prevalence,118,Suriname,3,Both,22,All ages,499,Cardiomyopathy and myocarditis,3,Rate,2023,68.33399822825,81.66326340858,56.712926304620005
1,All Population,5,Prevalence,218,Togo,3,Both,22,All ages,499,Cardiomyopathy and myocarditis,3,Rate,2021,50.774380850979995,68.33547778987,38.10813143355
1,All Population,5,Prevalence,161,Bangladesh,3,Both,22,All ages,499,Cardiomyopathy and myocarditis,3,Rate,2023,45.99340734946,54.49555494637,37.84772201859
1,All Population,5,Prevalence,97,Argentina,3,Both,22,All ages,499,Cardiomyopathy and myocarditis,3,Rate,2021,125.61179282347,151.83012305727,101.95362719255
1,All Population,5,Prevalence,298,American Samoa,3,Both,22,All ages,499,Cardiomyopathy and myocarditis,3,Rate,2020,57.328560072580004,67.92927256443001,46.16999692312
1,All Population,5,Prevalence,209,Guinea-Bissau,3,Both,22,All ages,499,Cardiomyopathy and myocarditis,3,Rate,2023,44.69214755698,61.86305377278,33.031837175389995
1,All Population,5,Prevalence,12,Lao People's Democratic Republic,3,Both,22,All ages,499,Cardiomyopathy and myocarditis,3,Rate,2021,16.53145173842,19.17780890014,13.93832532943
1,All Population,5,Prevalence,374,Niue,3,Both,22,All ages,499,Cardiomyopathy and myocarditis,3,Rate,2023,34.46623601049,41.86079877117,27.06839468456
1,All Population,5,Prevalence,435,South Sudan,3,Both,22,All ages,499,Cardiomyopathy and myocarditis,3,Rate,2021,88.32769083898,116.88879048642,66.87079329894
1,All Population,5,Prevalence,23,Kiribati,3,Both,22,All ages,499,Cardiomyopathy and myocarditis,3,Rate,2021,18.99165606172,21.93921387127,15.890194490629998
1,All Population,5,Prevalence,187,Somalia,3,Both,22,All ages,499,Cardiomyopathy and myocarditis,3,Rate,2021,79.72993499784,102.03056196147,61.32064746123
1,All Population,5,Prevalence,68,Republic of Korea,3,Both,22,All ages,499,Cardiomyopathy and myocarditis,3,Rate,2021,90.99073342931,106.91421056313001,76.04101698463
1,All Population,5,Prevalence,57,Belarus,3,Both,22,All ages,499,Cardiomyopathy and myocarditis,3,Rate,2021,102.08585225205,123.69511098045,84.0141350463
1,All Population,5,Prevalence,163,India,3,Both,22,All ages,499,Cardiomyopathy and myocarditis,3,Rate,2023,44.31104139,53.27842865108,35.523095641279994
1,All Population,5,Prevalence,36,Kazakhstan,3,Both,22,All ages,499,Cardiomyopathy and myocarditis,3,Rate,2021,147.20218281261,176.43355096410002,121.78254907363
1,All Population,5,Prevalence,155,Türkiye,3,Both,22,All ages,499,Cardiomyopathy and myocarditis,3,Rate,2021,48.50484449951,58.18656899079,40.362266750879996
1,All Population,5,Prevalence,198,Zimbabwe,3,Both,22,All ages,499,Cardiomyopathy and myocarditis,3,Rate,2023,91.0901419985,113.19447171365,71.10656289364
1,All Population,5,Prevalence,176,Comoros,3,Both,22,All ages,499,Cardiomyopathy and myocarditis,3,Rate,2023,110.29230861600999,138.81592632066,82.9091809042
1,All Population,5,Prevalence,380,Palau,3,Both,22,All ages,499,Cardiomyopathy and myocarditis,3,Rate,2023,26.359966518759997,32.048737131660005,20.774391813210002
1,All Population,5,Prevalence,211,Mali,3,Both,22,All ages,499,Cardiomyopathy and myocarditis,3,Rate,2023,43.96160248751,59.793728764369995,32.16075001252
1,All Population,5,Prevalence,129,Honduras,3,Both,22,All ages,499,Cardiomyopathy and myocarditis,3,Rate,2023,46.39270311242,57.13597132449,36.53446281273
1,All Population,5,Prevalence,6,China,3,Both,22,All ages,499,Cardiomyopathy and myocarditis,3,Rate,2021,26.795019972250003,31.20958063247,22.45108286024
1,All Population,5,Prevalence,165,Pakistan,3,Both,22,All ages,499,Cardiomyopathy and myocarditis,3,Rate,2023,40.76823755107,49.8069129234,33.24224259057
1,All Population,5,Prevalence,201,Burkina Faso,3,Both,22,All ages,499,Cardiomyopathy and myocarditis,3,Rate,2021,45.30736098453,61.19227753505,33.4054946634
1,All Population,5,Prevalence,25,Micronesia (Federated States of),3,Both,22,All ages,499,Cardiomyopathy and myocarditis,3,Rate,2021,24.758942757939998,29.97064855392,20.13119344949
1,All Population,5,Prevalence,38,Mongolia,3,Both,22,All ages,499,Cardiomyopathy and myocarditis,3,Rate,2021,79.86163026788,95.28835718671,66.29161644838
1,All Population,5,Prevalence,305,Bermuda,3,Both,22,All ages,499,Cardiomyopathy and myocarditis,3,Rate,2021,203.93047487601,244.96894404922998,163.16285035061
1,All Population,5,Prevalence,190,Uganda,3,Both,22,All ages,499,Cardiomyopathy and myocarditis,3,Rate,2021,64.75215405597001,86.71732175456,48.452828666340004
1,All Population,5,Prevalence,213,Niger,3,Both,22,All ages,499,Cardiomyopathy and myocarditis,3,Rate,2023,41.287762451169996,56.03363555991,30.021096510840003
1,All Population,5,Prevalence,59,Latvia,3,Both,22,All ages,499,Cardiomyopathy and myocarditis,3,Rate,2021,219.73037922766997,264.75287601875,176.96554521907998
1,All Population,5,Prevalence,8,Taiwan,3,Both,22,All ages,499,Cardiomyopathy and myocarditis,3,Rate,2021,46.109596879,54.24540072188,37.76374652045
1,All Population,5,Prevalence,27,Samoa,3,Both,22,All ages,499,Cardiomyopathy and myocarditis,3,Rate,2021,33.718435382159996,40.44837001226,27.149569429379998
1,All Population,5,Prevalence,72,New Zealand,3,Both,22,All ages,499,Cardiomyopathy and myocarditis,3,Rate,2021,128.1670974721,151.06011803605,106.04273526930001
1,All Population,5,Prevalence,83,Iceland,3,Both,22,All ages,499,Cardiomyopathy and myocarditis,3,Rate,2021,28.06595081859,32.923515529279996,23.49079750643
1,All Population,5,Prevalence,203,Cabo Verde,3,Both,22,All ages,499,Cardiomyopathy and myocarditis,3,Rate,2021,71.04799717921,92.40133824174,51.88623805688
1,All Population,5,Prevalence,115,Jamaica,3,Both,22,All ages,499,Cardiomyopathy and myocarditis,3,Rate,2021,79.72456356738,91.37908804435,67.29380777717
1,All Population,5,Prevalence,40,Turkmenistan,3,Both,22,All ages,499,Cardiomyopathy and myocarditis,3,Rate,2021,86.33085643835,101.65221636593,73.36561567562
1,All Population,5,Prevalence,53,Serbia,3,Both,22,All ages,499,Cardiomyopathy and myocarditis,3,Rate,2021,130.64708713272,162.96746139289,100.64266519786999
1,All Population,5,Prevalence,85,Israel,3,Both,22,All ages,499,Cardiomyopathy and myocarditis,3,Rate,2021,42.2771720188,48.6824793221,35.40982275813
1,All Population,5,Prevalence,74,Andorra,3,Both,22,All ages,499,Cardiomyopathy and myocarditis,3,Rate,2021,157.62157834831,184.28503230421,130.70585729794
1,All Population,5,Prevalence,349,Greenland,3,Both,22,All ages,499,Cardiomyopathy and myocarditis,3,Rate,2021,158.93800758268,189.32178631658,130.93516853835
1,All Population,5,Prevalence,117,Saint Vincent and the Grenadines,3,Both,22,All ages,499,Cardiomyopathy and myocarditis,3,Rate,2021,52.12969450291,60.35745608475,44.113707989219996
1,All Population,5,Prevalence,396,San Marino,3,Both,22,All ages,499,Cardiomyopathy and myocarditis,3,Rate,2021,174.04622738666,212.22777099291,139.61813621761
1,All Population,5,Prevalence,87,Luxembourg,3,Both,22,All ages,499,Cardiomyopathy and myocarditis,3,Rate,2021,83.88232801942,100.36485785183001,68.39800475993
1,All Population,5,Prevalence,55,Slovenia,3,Both,22,All ages,499,Cardiomyopathy and myocarditis,3,Rate,2021,249.79764894508997,311.31592338814,189.24478570908
1,All Population,5,Prevalence,98,Chile,3,Both,22,All ages,499,Cardiomyopathy and myocarditis,3,Rate,2021,78.78602408999,92.90935846093,64.56226226739
1,All Population,5,Prevalence,151,Qatar,3,Both,22,All ages,499,Cardiomyopathy and myocarditis,3,Rate,2021,63.1036446714,75.67215166809,51.471479209019996
1,All Population,5,Prevalence,162,Bhutan,3,Both,22,All ages,499,Cardiomyopathy and myocarditis,3,Rate,2021,50.87185975066,59.04534950399,43.02360999892
1,All Population,5,Prevalence,214,Nigeria,3,Both,22,All ages,499,Cardiomyopathy and myocarditis,3,Rate,2021,69.08091203167,89.32552709654999,53.759827785780004
1,All Population,5,Prevalence,130,Mexico,3,Both,22,All ages,499,Cardiomyopathy and myocarditis,3,Rate,2021,35.70026196329,43.29201999672,28.74358724331
1,All Population,5,Prevalence,89,Netherlands,3,Both,22,All ages,499,Cardiomyopathy and myocarditis,3,Rate,2021,112.29511566604,134.33521578814,91.61363407183
1,All Population,5,Prevalence,175,Burundi,3,Both,22,All ages,499,Cardiomyopathy and myocarditis,3,Rate,2021,85.94982060881,110.46283077255,66.44505830022
1,All Population,5,Prevalence,119,Trinidad and Tobago,3,Both,22,All ages,499,Cardiomyopathy and myocarditis,3,Rate,2021,56.582934310350005,65.85602675059,47.25302515745
1,All Population,5,Prevalence,416,Tuvalu,3,Both,22,All ages,499,Cardiomyopathy and myocarditis,3,Rate,2021,26.07167969516,31.14972389683,20.780384671820002
1,All Population,5,Prevalence,164,Nepal,3,Both,22,All ages,499,Cardiomyopathy and myocarditis,3,Rate,2021,46.17883954874,53.36197419949,39.43780304035
1,All Population,5,Prevalence,522,Sudan,3,Both,22,All ages,499,Cardiomyopathy and myocarditis,3,Rate,2021,25.185508448540002,31.170927554749998,20.18771804433
1,All Population,5,Prevalence,132,Panama,3,Both,22,All ages,499,Cardiomyopathy and myocarditis,3,Rate,2021,96.7408126598,112.57868319117,81.82768662016
1,All Population,5,Prevalence,177,Djibouti,3,Both,22,All ages,499,Cardiomyopathy and myocarditis,3,Rate,2021,104.64846311091999,134.16978298163002,80.26487053369
1,All Population,5,Prevalence,210,Liberia,3,Both,22,All ages,499,Cardiomyopathy and myocarditis,3,Rate,2021,51.008614617090004,68.37504540682,38.01066585635
1,All Population,5,Prevalence,113,Guyana,3,Both,22,All ages,499,Cardiomyopathy and myocarditis,3,Rate,2021,53.777726840999996,62.72222681456,44.871426770010004
1,All Population,5,Prevalence,102,United States of America,3,Both,22,All ages,499,Cardiomyopathy and myocarditis,3,Rate,2021,165.33996396683,193.04859031512,140.04267572769
1,All Population,5,Prevalence,212,Mauritania,3,Both,22,All ages,499,Cardiomyopathy and myocarditis,3,Rate,2021,53.43234041212,71.94059034879,39.3114172352
1,All Population,5,Prevalence,145,Kuwait,3,Both,22,All ages,499,Cardiomyopathy and myocarditis,3,Rate,2021,22.827387075780003,26.871213817370002,19.1869971536
1,All Population,5,Prevalence,179,Ethiopia,3,Both,22,All ages,499,Cardiomyopathy and myocarditis,3,Rate,2021,145.7220968971,175.73219690022998,119.76470658827999
1,All Population,5,Prevalence,191,Zambia,3,Both,22,All ages,499,Cardiomyopathy and myocarditis,3,Rate,2021,83.06557943627,108.51199464051,62.89413173972
1,All Population,5,Prevalence,147,Libya,3,Both,22,All ages,499,Cardiomyopathy and myocarditis,3,Rate,2021,36.03611142903,44.57311157089,29.44071039084
1,All Population,5,Prevalence,181,Madagascar,3,Both,22,All ages,499,Cardiomyopathy and myocarditis,3,Rate,2021,92.68341768012,118.99995311066,71.92890090085
1,All Population,5,Prevalence,193,Botswana,3,Both,22,All ages,499,Cardiomyopathy and myocarditis,3,Rate,2021,84.4681060282,110.4806898075,64.25871757691
1,All Population,5,Prevalence,149,Palestine,3,Both,22,All ages,499,Cardiomyopathy and myocarditis,3,Rate,2021,61.47302103336,75.37382227819,50.94090834753
1,All Population,5,Prevalence,160,Afghanistan,3,Both,22,All ages,499,Cardiomyopathy and myocarditis,3,Rate,2021,19.98559349018,25.10230029598,15.84694459984
1,All Population,5,Prevalence,195,Namibia,3,Both,22,All ages,499,Cardiomyopathy and myocarditis,3,Rate,2021,83.51793911761,108.00507541130001,62.978136589550004
1,All Population,5,Prevalence,44,Bosnia and Herzegovina,3,Both,22,All ages,499,Cardiomyopathy and myocarditis,3,Rate,2022,182.74466972488,227.28578867605998,140.24640590495
1,All Population,5,Prevalence,206,Gambia,3,Both,22,All ages,499,Cardiomyopathy and myocarditis,3,Rate,2021,49.850553066159996,66.47111976490001,36.68272509336
1,All Population,5,Prevalence,33,Armenia,3,Both,22,All ages,499,Cardiomyopathy and myocarditis,3,Rate,2022,61.97062900019,72.71196026424,50.80335481987
1,All Population,5,Prevalence,369,Nauru,3,Both,22,All ages,499,Cardiomyopathy and myocarditis,3,Rate,2021,22.61596519975,27.95508316666,18.101132861889997
1,All Population,5,Prevalence,197,Eswatini,3,Both,22,All ages,499,Cardiomyopathy and myocarditis,3,Rate,2021,77.48345339648,100.55859321182999,58.68500510608
1,All Population,5,Prevalence,14,Maldives,3,Both,22,All ages,499,Cardiomyopathy and myocarditis,3,Rate,2022,27.44928291997,33.402632925599995,22.5749499621
1,All Population,5,Prevalence,35,Georgia,3,Both,22,All ages,499,Cardiomyopathy and myocarditis,3,Rate,2022,48.865174906899995,59.10982929854,38.413610258540004
1,All Population,5,Prevalence,46,Croatia,3,Both,22,All ages,499,Cardiomyopathy and myocarditis,3,Rate,2022,85.54029234332,108.35201747245,62.872611647039996
1,All Population,5,Prevalence,208,Guinea,3,Both,22,All ages,499,Cardiomyopathy and myocarditis,3,Rate,2021,44.726632750709996,60.09534348457,33.03988331388
1,All Population,5,Prevalence,80,France,3,Both,22,All ages,499,Cardiomyopathy and myocarditis,3,Rate,2022,265.97569933224,328.29357823815997,201.08370400368
1,All Population,5,Prevalence,91,Portugal,3,Both,22,All ages,499,Cardiomyopathy and myocarditis,3,Rate,2022,79.3838868948,100.40369624543001,59.86609746682
1,All Population,5,Prevalence,15,Myanmar,3,Both,22,All ages,499,Cardiomyopathy and myocarditis,3,Rate,2021,20.813076764690003,24.57230987965,17.25866383233
1,All Population,5,Prevalence,376,Northern Mariana Islands,3,Both,22,All ages,499,Cardiomyopathy and myocarditis,3,Rate,2021,44.88547525554,53.35087732097,36.82612081454
1,All Population,5,Prevalence,16,Philippines,3,Both,22,All ages,499,Cardiomyopathy and myocarditis,3,Rate,2022,27.13389968053,33.01944825751,21.41717634851
1,All Population,5,Prevalence,48,Hungary,3,Both,22,All ages,499,Cardiomyopathy and myocarditis,3,Rate,2022,127.57062431010999,158.77078535466,99.68655420232
1,All Population,5,Prevalence,82,Greece,3,Both,22,All ages,499,Cardiomyopathy and myocarditis,3,Rate,2022,54.609005122730004,63.654951027219994,45.14626536344
1,All Population,5,Prevalence,93,Sweden,3,Both,22,All ages,499,Cardiomyopathy and myocarditis,3,Rate,2022,206.34126120354,253.52509272449,169.21547957154
1,All Population,5,Prevalence,385,Puerto Rico,3,Both,22,All ages,499,Cardiomyopathy and myocarditis,3,Rate,2021,99.06239303639,121.72309019480998,79.00661685173
1,All Population,5,Prevalence,17,Sri Lanka,3,Both,22,All ages,499,Cardiomyopathy and myocarditis,3,Rate,2021,38.38479449081,45.00995663083,31.614716530419997
1,All Population,5,Prevalence,18,Thailand,3,Both,22,All ages,499,Cardiomyopathy and myocarditis,3,Rate,2022,24.19494728895,29.60003981728,19.240864450929998
1,All Population,5,Prevalence,61,Republic of Moldova,3,Both,22,All ages,499,Cardiomyopathy and myocarditis,3,Rate,2022,79.66795214848,94.92536667745,63.35338206294
1,All Population,5,Prevalence,50,Montenegro,3,Both,22,All ages,499,Cardiomyopathy and myocarditis,3,Rate,2022,235.74031915763,294.84991164847,188.68663473464
1,All Population,5,Prevalence,62,Russian Federation,3,Both,22,All ages,499,Cardiomyopathy and myocarditis,3,Rate,2021,176.24314237576002,204.56020998979,149.3243391851
1,All Population,5,Prevalence,95,United Kingdom,3,Both,22,All ages,499,Cardiomyopathy and myocarditis,3,Rate,2022,71.72116769720999,83.25036402897,59.35738336788
1,All Population,5,Prevalence,51,Poland,3,Both,22,All ages,499,Cardiomyopathy and myocarditis,3,Rate,2021,293.53905132507003,349.66788363295996,246.52515364144003
1,All Population,5,Prevalence,30,Vanuatu,3,Both,22,All ages,499,Cardiomyopathy and myocarditis,3,Rate,2021,23.53699538701,28.66241653279,18.89512124306
1,All Population,5,Prevalence,19,Timor-Leste,3,Both,22,All ages,499,Cardiomyopathy and myocarditis,3,Rate,2021,20.19427775666,23.64341403365,16.59751330276
1,All Population,5,Prevalence,20,Viet Nam,3,Both,22,All ages,499,Cardiomyopathy and myocarditis,3,Rate,2022,40.44310132516,48.07379465585,33.29844221035
1,All Population,5,Prevalence,127,El Salvador,3,Both,22,All ages,499,Cardiomyopathy and myocarditis,3,Rate,2022,39.35241666592,47.21442137529,31.814145531189997
1,All Population,5,Prevalence,29,Tonga,3,Both,22,All ages,499,Cardiomyopathy and myocarditis,3,Rate,2022,40.23466160905,49.52342331585999,32.14844290478
1,All Population,5,Prevalence,75,Austria,3,Both,22,All ages,499,Cardiomyopathy and myocarditis,3,Rate,2021,180.82923382985,209.35544266374,150.10378253888
1,All Population,5,Prevalence,63,Ukraine,3,Both,22,All ages,499,Cardiomyopathy and myocarditis,3,Rate,2022,133.51133898876,154.49633118181,114.09976885605
1,All Population,5,Prevalence,106,Bahamas,3,Both,22,All ages,499,Cardiomyopathy and myocarditis,3,Rate,2022,77.12604207647,92.02792301487,64.16994167098001
1,All Population,5,Prevalence,97,Argentina,3,Both,22,All ages,499,Cardiomyopathy and myocarditis,3,Rate,2022,127.99014674104001,158.58307418504,102.29265122155
1,All Population,5,Prevalence,13,Malaysia,3,Both,22,All ages,499,Cardiomyopathy and myocarditis,3,Rate,2021,39.84878551764,46.26588285306,32.90398591997
1,All Population,5,Prevalence,45,Bulgaria,3,Both,22,All ages,499,Cardiomyopathy and myocarditis,3,Rate,2021,30.546595521460002,37.313073392709995,24.63744535695
1,All Population,5,Prevalence,76,Belgium,3,Both,22,All ages,499,Cardiomyopathy and myocarditis,3,Rate,2022,87.37436666147,108.07505039692,69.27002960069
1,All Population,5,Prevalence,140,Bahrain,3,Both,22,All ages,499,Cardiomyopathy and myocarditis,3,Rate,2022,80.09330922524,96.33464306617999,66.82860152565
1,All Population,5,Prevalence,66,Brunei Darussalam,3,Both,22,All ages,499,Cardiomyopathy and myocarditis,3,Rate,2021,77.84652774334,92.63187355230001,64.22793164816
1,All Population,5,Prevalence,109,Cuba,3,Both,22,All ages,499,Cardiomyopathy and myocarditis,3,Rate,2021,124.29584380690001,144.56783767543,103.46102699314
1,All Population,5,Prevalence,108,Belize,3,Both,22,All ages,499,Cardiomyopathy and myocarditis,3,Rate,2022,74.73026625337,88.16478843408,62.03082191649
1,All Population,5,Prevalence,77,Cyprus,3,Both,22,All ages,499,Cardiomyopathy and myocarditis,3,Rate,2021,52.16920418949,60.61964785515,42.54570753609
1,All Population,5,Prevalence,34,Azerbaijan,3,Both,22,All ages,499,Cardiomyopathy and myocarditis,3,Rate,2021,96.32292492603,115.07618649063,80.90789195486
1,All Population,5,Prevalence,47,Czechia,3,Both,22,All ages,499,Cardiomyopathy and myocarditis,3,Rate,2021,85.1925633588,105.03591309647001,66.74376774594
1,All Population,5,Prevalence,38,Mongolia,3,Both,22,All ages,499,Cardiomyopathy and myocarditis,3,Rate,2022,80.33571178689,96.6792668009,66.84222434501001
1,All Population,5,Prevalence,185,Rwanda,3,Both,22,All ages,499,Cardiomyopathy and myocarditis,3,Rate,2022,95.20830439529,121.73085322506999,72.06690195009
1,All Population,5,Prevalence,27,Samoa,3,Both,22,All ages,499,Cardiomyopathy and myocarditis,3,Rate,2022,33.821481393810004,41.61165203803,26.83875693865
1,All Population,5,Prevalence,78,Denmark,3,Both,22,All ages,499,Cardiomyopathy and myocarditis,3,Rate,2022,47.70242249071,57.780779049479996,38.09574905592
1,All Population,5,Prevalence,142,Iran (Islamic Republic of),3,Both,22,All ages,499,Cardiomyopathy and myocarditis,3,Rate,2022,37.02672978585,46.41853194836,29.982762552129998
1,All Population,5,Prevalence,6,China,3,Both,22,All ages,499,Cardiomyopathy and myocarditis,3,Rate,2022,26.835719100450003,31.543448043010002,22.310914113910002
1,All Population,5,Prevalence,110,Dominica,3,Both,22,All ages,499,Cardiomyopathy and myocarditis,3,Rate,2022,144.00279379321,171.06479400979998,116.07106939366
1,All Population,5,Prevalence,79,Finland,3,Both,22,All ages,499,Cardiomyopathy and myocarditis,3,Rate,2021,113.49862260938,136.86278403903998,92.20881072146
1,All Population,5,Prevalence,111,Dominican Republic,3,Both,22,All ages,499,Cardiomyopathy and myocarditis,3,Rate,2021,59.37922640601,69.93029817199,48.61059653706
1,All Population,5,Prevalence,153,Syrian Arab Republic,3,Both,22,All ages,499,Cardiomyopathy and myocarditis,3,Rate,2022,36.77390798605,46.06811016973,28.48090311296
1,All Population,5,Prevalence,90,Norway,3,Both,22,All ages,499,Cardiomyopathy and myocarditis,3,Rate,2021,92.90092116138,109.70533891224001,76.12841887276001
1,All Population,5,Prevalence,49,North Macedonia,3,Both,22,All ages,499,Cardiomyopathy and myocarditis,3,Rate,2021,157.38650539107,191.20656631124,127.89628692529
1,All Population,5,Prevalence,187,Somalia,3,Both,22,All ages,499,Cardiomyopathy and myocarditis,3,Rate,2022,79.81181676383,102.11302962341,61.11015360237
1,All Population,5,Prevalence,40,Turkmenistan,3,Both,22,All ages,499,Cardiomyopathy and myocarditis,3,Rate,2022,86.26102842475,102.63855708932999,72.91492490678
1,All Population,5,Prevalence,156,United Arab Emirates,3,Both,22,All ages,499,Cardiomyopathy and myocarditis,3,Rate,2021,88.50358088936001,108.6012353934,72.56376571165
1,All Population,5,Prevalence,8,Taiwan,3,Both,22,All ages,499,Cardiomyopathy and myocarditis,3,Rate,2022,45.86917310756,54.28465674275,36.993686654179996
1,All Population,5,Prevalence,121,Bolivia (Plurinational State of),3,Both,22,All ages,499,Cardiomyopathy and myocarditis,3,Rate,2022,36.64766258102,44.74215663911,29.547135329150002
1,All Population,5,Prevalence,122,Ecuador,3,Both,22,All ages,499,Cardiomyopathy and myocarditis,3,Rate,2021,35.47333474512,41.4311278315,28.68090396955
1,All Population,5,Prevalence,112,Grenada,3,Both,22,All ages,499,Cardiomyopathy and myocarditis,3,Rate,2022,117.631353084,141.23292840536,94.28579890453001
1,All Population,5,Prevalence,190,Uganda,3,Both,22,All ages,499,Cardiomyopathy and myocarditis,3,Rate,2022,65.20607338525001,87.04832760203,48.58426930388
1,All Population,5,Prevalence,74,Andorra,3,Both,22,All ages,499,Cardiomyopathy and myocarditis,3,Rate,2022,154.96123990308,185.36591757534,124.24078675482001
1,All Population,5,Prevalence,85,Israel,3,Both,22,All ages,499,Cardiomyopathy and myocarditis,3,Rate,2022,41.6183514958,48.93642043575001,33.75404524359
1,All Population,5,Prevalence,53,Serbia,3,Both,22,All ages,499,Cardiomyopathy and myocarditis,3,Rate,2022,130.59911355034998,164.00004709983,100.04343178891999
1,All Population,5,Prevalence,168,Angola,3,Both,22,All ages,499,Cardiomyopathy and myocarditis,3,Rate,2022,66.21244950743,88.42521455730001,49.80146993059
1,All Population,5,Prevalence,201,Burkina Faso,3,Both,22,All ages,499,Cardiomyopathy and myocarditis,3,Rate,2022,45.54332877484,61.30215851022,33.53938462331
1,All Population,5,Prevalence,155,Türkiye,3,Both,22,All ages,499,Cardiomyopathy and myocarditis,3,Rate,2022,48.49884166606,60.27203618708,39.09567208934
1,All Population,5,Prevalence,123,Peru,3,Both,22,All ages,499,Cardiomyopathy and myocarditis,3,Rate,2022,36.86660063308,44.85194160539,29.60106536958
1,All Population,5,Prevalence,10,Cambodia,3,Both,22,All ages,499,Cardiomyopathy and myocarditis,3,Rate,2022,17.35686770282,20.65696873099,14.187243138960001
1,All Population,5,Prevalence,305,Bermuda,3,Both,22,All ages,499,Cardiomyopathy and myocarditis,3,Rate,2022,205.10840037769,248.12517032837,161.08817938277
1,All Population,5,Prevalence,81,Germany,3,Both,22,All ages,499,Cardiomyopathy and myocarditis,3,Rate,2021,150.05768005984,175.03229879083,125.75485182143001
1,All Population,5,Prevalence,92,Spain,3,Both,22,All ages,499,Cardiomyopathy and myocarditis,3,Rate,2021,151.12340324615,175.98918293892,128.02623739607
1,All Population,5,Prevalence,87,Luxembourg,3,Both,22,All ages,499,Cardiomyopathy and myocarditis,3,Rate,2022,82.55062223652,100.70952805870999,65.95671100761001
1,All Population,5,Prevalence,98,Chile,3,Both,22,All ages,499,Cardiomyopathy and myocarditis,3,Rate,2022,79.70306364042,93.93072243188,64.72266511388
1,All Population,5,Prevalence,170,Congo,3,Both,22,All ages,499,Cardiomyopathy and myocarditis,3,Rate,2022,72.14105702381,96.27230934871,54.102436414399996
1,All Population,5,Prevalence,136,Paraguay,3,Both,22,All ages,499,Cardiomyopathy and myocarditis,3,Rate,2022,63.37144432344999,77.49984248689,50.87677105513
1,All Population,5,Prevalence,203,Cabo Verde,3,Both,22,All ages,499,Cardiomyopathy and myocarditis,3,Rate,2022,72.12664800144,95.38867986548,52.65816790974
1,All Population,5,Prevalence,349,Greenland,3,Both,22,All ages,499,Cardiomyopathy and myocarditis,3,Rate,2022,159.05278077676,189.35369826956,129.61684627099
1,All Population,5,Prevalence,396,San Marino,3,Both,22,All ages,499,Cardiomyopathy and myocarditis,3,Rate,2022,166.85678700671002,206.94859722590002,132.78404591207
1,All Population,5,Prevalence,55,Slovenia,3,Both,22,All ages,499,Cardiomyopathy and myocarditis,3,Rate,2022,247.66471862486998,318.2208854483,189.4411415141
1,All Population,5,Prevalence,214,Nigeria,3,Both,22,All ages,499,Cardiomyopathy and myocarditis,3,Rate,2022,69.45864070167,89.71537659684,54.19232381565
1,All Population,5,Prevalence,12,Lao People's Democratic Republic,3,Both,22,All ages,499,Cardiomyopathy and myocarditis,3,Rate,2022,16.62455136703,19.95973634448,13.5859333206
1,All Population,5,Prevalence,125,Colombia,3,Both,22,All ages,499,Cardiomyopathy and myocarditis,3,Rate,2022,58.27210436577,70.35471645707,47.46038749806
1,All Population,5,Prevalence,23,Kiribati,3,Both,22,All ages,499,Cardiomyopathy and myocarditis,3,Rate,2022,19.18236205378,22.62876650613,15.71706303807
1,All Population,5,Prevalence,169,Central African Republic,3,Both,22,All ages,499,Cardiomyopathy and myocarditis,3,Rate,2021,58.983840253130005,77.08756415606,44.75798360506
1,All Population,5,Prevalence,60,Lithuania,3,Both,22,All ages,499,Cardiomyopathy and myocarditis,3,Rate,2021,125.62919496619999,152.27720623609,100.24987555521999
1,All Population,5,Prevalence,89,Netherlands,3,Both,22,All ages,499,Cardiomyopathy and myocarditis,3,Rate,2022,110.2256451175,134.50448901370999,88.23842111995
1,All Population,5,Prevalence,157,Yemen,3,Both,22,All ages,499,Cardiomyopathy and myocarditis,3,Rate,2022,27.04747469684,33.78023720953,21.22095575457
1,All Population,5,Prevalence,94,Switzerland,3,Both,22,All ages,499,Cardiomyopathy and myocarditis,3,Rate,2021,58.739447651750005,71.73617980791,47.55575000075
1,All Population,5,Prevalence,126,Costa Rica,3,Both,22,All ages,499,Cardiomyopathy and myocarditis,3,Rate,2021,80.69143269257,93.20825432307,68.61169202793
1,All Population,5,Prevalence,132,Panama,3,Both,22,All ages,499,Cardiomyopathy and myocarditis,3,Rate,2022,95.78582467656001,113.039245475,80.26319182587001
1,All Population,5,Prevalence,57,Belarus,3,Both,22,All ages,499,Cardiomyopathy and myocarditis,3,Rate,2022,102.58166033954,124.50910025758,84.56346495733
1,All Population,5,Prevalence,68,Republic of Korea,3,Both,22,All ages,499,Cardiomyopathy and myocarditis,3,Rate,2022,89.20796289401001,110.56042422144,72.21935562545
1,All Population,5,Prevalence,416,Tuvalu,3,Both,22,All ages,499,Cardiomyopathy and myocarditis,3,Rate,2022,26.13605566571,31.8588090493,20.45290052918
1,All Population,5,Prevalence,204,Chad,3,Both,22,All ages,499,Cardiomyopathy and myocarditis,3,Rate,2021,40.21558556994,54.47365933004,29.251066084589997
1,All Population,5,Prevalence,25,Micronesia (Federated States of),3,Both,22,All ages,499,Cardiomyopathy and myocarditis,3,Rate,2022,24.797600455290002,30.40038672605,19.65747568264
1,All Population,5,Prevalence,215,Sao Tome and Principe,3,Both,22,All ages,499,Cardiomyopathy and myocarditis,3,Rate,2021,60.89281823309,80.84042247295,44.75964307135
1,All Population,5,Prevalence,216,Senegal,3,Both,22,All ages,499,Cardiomyopathy and myocarditis,3,Rate,2022,33.9379913695,45.01475141767,24.63897848046
1,All Population,5,Prevalence,182,Malawi,3,Both,22,All ages,499,Cardiomyopathy and myocarditis,3,Rate,2021,84.17038335089,106.64393804097,65.01679202553001
1,All Population,5,Prevalence,171,Democratic Republic of the Congo,3,Both,22,All ages,499,Cardiomyopathy and myocarditis,3,Rate,2021,68.55921138771,88.99649712941,51.73002424405
1,All Population,5,Prevalence,172,Equatorial Guinea,3,Both,22,All ages,499,Cardiomyopathy and myocarditis,3,Rate,2022,67.97940319058999,89.24990733218,50.928792430339996
1,All Population,5,Prevalence,205,Côte d'Ivoire,3,Both,22,All ages,499,Cardiomyopathy and myocarditis,3,Rate,2022,48.945026293800005,67.35734263984999,36.30852038761
1,All Population,5,Prevalence,102,United States of America,3,Both,22,All ages,499,Cardiomyopathy and myocarditis,3,Rate,2022,168.83410317697002,198.94683159801997,141.5412239934
1,All Population,5,Prevalence,183,Mauritius,3,Both,22,All ages,499,Cardiomyopathy and myocarditis,3,Rate,2022,40.43120512181,48.034995834419995,32.44654062646
1,All Population,5,Prevalence,139,Algeria,3,Both,22,All ages,499,Cardiomyopathy and myocarditis,3,Rate,2021,34.70851762756,41.669650325570004,28.59830986759
1,All Population,5,Prevalence,36,Kazakhstan,3,Both,22,All ages,499,Cardiomyopathy and myocarditis,3,Rate,2022,138.83092992742,166.02633916393,111.84576778546
1,All Population,5,Prevalence,113,Guyana,3,Both,22,All ages,499,Cardiomyopathy and myocarditis,3,Rate,2022,53.9198241027,63.20061673874,44.220309646
1,All Population,5,Prevalence,173,Gabon,3,Both,22,All ages,499,Cardiomyopathy and myocarditis,3,Rate,2021,81.57409338701,105.58323622622001,61.85566153742
1,All Population,5,Prevalence,59,Latvia,3,Both,22,All ages,499,Cardiomyopathy and myocarditis,3,Rate,2022,216.79104687957002,263.58132242876997,170.8189427881
1,All Population,5,Prevalence,145,Kuwait,3,Both,22,All ages,499,Cardiomyopathy and myocarditis,3,Rate,2022,23.92453172405,29.17969547726,19.621216329750002
1,All Population,5,Prevalence,218,Togo,3,Both,22,All ages,499,Cardiomyopathy and myocarditis,3,Rate,2022,51.30178299609,69.87199976364,38.28013771969
1,All Population,5,Prevalence,217,Sierra Leone,3,Both,22,All ages,499,Cardiomyopathy and myocarditis,3,Rate,2021,49.22894981237,65.82203570416999,36.857247243210004
1,All Population,5,Prevalence,179,Ethiopia,3,Both,22,All ages,499,Cardiomyopathy and myocarditis,3,Rate,2022,146.63455383706,175.74145837815,120.14340327069
1,All Population,5,Prevalence,107,Barbados,3,Both,22,All ages,499,Cardiomyopathy and myocarditis,3,Rate,2021,147.64175845891,175.21558645641,120.78779203706
1,All Population,5,Prevalence,522,Sudan,3,Both,22,All ages,499,Cardiomyopathy and myocarditis,3,Rate,2022,25.437752011500002,32.23790518752,19.87428833712
1,All Population,5,Prevalence,128,Guatemala,3,Both,22,All ages,499,Cardiomyopathy and myocarditis,3,Rate,2021,41.61935161884,49.864093744150004,34.01057508179
1,All Population,5,Prevalence,83,Iceland,3,Both,22,All ages,499,Cardiomyopathy and myocarditis,3,Rate,2022,28.90055165202,33.768333778069994,23.63529389708
1,All Population,5,Prevalence,72,New Zealand,3,Both,22,All ages,499,Cardiomyopathy and myocarditis,3,Rate,2022,125.22103288487,150.8629475922,103.23008766416
1,All Population,5,Prevalence,184,Mozambique,3,Both,22,All ages,499,Cardiomyopathy and myocarditis,3,Rate,2021,66.01420527665,86.38882031893,49.420431932919996
1,All Population,5,Prevalence,141,Egypt,3,Both,22,All ages,499,Cardiomyopathy and myocarditis,3,Rate,2021,31.395708387570004,38.94209356286,24.73114871137
1,All Population,5,Prevalence,147,Libya,3,Both,22,All ages,499,Cardiomyopathy and myocarditis,3,Rate,2022,35.75028510576,45.28481716307,28.480071539119997
1,All Population,5,Prevalence,115,Jamaica,3,Both,22,All ages,499,Cardiomyopathy and myocarditis,3,Rate,2022,79.10596811616,91.19854180251001,66.21559735008
1,All Population,5,Prevalence,152,Saudi Arabia,3,Both,22,All ages,499,Cardiomyopathy and myocarditis,3,Rate,2021,56.16189307118999,68.51766323619,46.39990724797
1,All Population,5,Prevalence,193,Botswana,3,Both,22,All ages,499,Cardiomyopathy and myocarditis,3,Rate,2022,85.12001070135,113.06977939524,64.50395274488001
1,All Population,5,Prevalence,435,South Sudan,3,Both,22,All ages,499,Cardiomyopathy and myocarditis,3,Rate,2022,88.63262195411001,117.62476796604001,66.15780662508
1,All Population,5,Prevalence,181,Madagascar,3,Both,22,All ages,499,Cardiomyopathy and myocarditis,3,Rate,2022,93.17331887153,118.79525281714,71.31567680005
1,All Population,5,Prevalence,149,Palestine,3,Both,22,All ages,499,Cardiomyopathy and myocarditis,3,Rate,2022,62.0753863658,75.91109337873,50.14147970731
1,All Population,5,Prevalence,160,Afghanistan,3,Both,22,All ages,499,Cardiomyopathy and myocarditis,3,Rate,2022,20.20035117454,26.043599871629997,15.75513160803
1,All Population,5,Prevalence,117,Saint Vincent and the Grenadines,3,Both,22,All ages,499,Cardiomyopathy and myocarditis,3,Rate,2022,52.588724853959995,62.75053077101,43.44497877521
1,All Population,5,Prevalence,130,Mexico,3,Both,22,All ages,499,Cardiomyopathy and myocarditis,3,Rate,2022,35.074205412530006,43.23622490606,27.7331211205
1,All Population,5,Prevalence,195,Namibia,3,Both,22,All ages,499,Cardiomyopathy and myocarditis,3,Rate,2022,83.60958891621999,108.76458743407001,63.016372911110004
1,All Population,5,Prevalence,143,Iraq,3,Both,22,All ages,499,Cardiomyopathy and myocarditis,3,Rate,2021,64.31799063676,77.18065533121,54.37562552197
1,All Population,5,Prevalence,151,Qatar,3,Both,22,All ages,499,Cardiomyopathy and myocarditis,3,Rate,2022,65.37554701518,80.43431659981,52.786263328509996
1,All Population,5,Prevalence,154,Tunisia,3,Both,22,All ages,499,Cardiomyopathy and myocarditis,3,Rate,2021,37.383985304439996,44.28913310397,30.70901410329
1,All Population,5,Prevalence,206,Gambia,3,Both,22,All ages,499,Cardiomyopathy and myocarditis,3,Rate,2022,50.35891066032001,67.48810445189,36.871885955
1,All Population,5,Prevalence,186,Seychelles,3,Both,22,All ages,499,Cardiomyopathy and myocarditis,3,Rate,2021,41.32090227021,47.66116341247,34.89276017602
1,All Population,5,Prevalence,119,Trinidad and Tobago,3,Both,22,All ages,499,Cardiomyopathy and myocarditis,3,Rate,2022,56.552556324280005,67.24272986844,47.013074830259995
1,All Population,5,Prevalence,197,Eswatini,3,Both,22,All ages,499,Cardiomyopathy and myocarditis,3,Rate,2022,78.12823523965,101.97767446382001,60.17635161751
1,All Population,5,Prevalence,162,Bhutan,3,Both,22,All ages,499,Cardiomyopathy and myocarditis,3,Rate,2022,52.079559172950006,60.96108223181,43.57557297402
1,All Population,5,Prevalence,369,Nauru,3,Both,22,All ages,499,Cardiomyopathy and myocarditis,3,Rate,2022,22.822829861869998,28.33421874338,18.0799974337
1,All Population,5,Prevalence,200,Benin,3,Both,22,All ages,499,Cardiomyopathy and myocarditis,3,Rate,2021,47.03639717615,63.17888157817,34.57039788536
1,All Population,5,Prevalence,298,American Samoa,3,Both,22,All ages,499,Cardiomyopathy and myocarditis,3,Rate,2021,56.45199292075999,67.57838331332,45.12827493305
1,All Population,5,Prevalence,164,Nepal,3,Both,22,All ages,499,Cardiomyopathy and myocarditis,3,Rate,2022,47.02472074427,55.54990355124,39.867194871100004
1,All Population,5,Prevalence,189,United Republic of Tanzania,3,Both,22,All ages,499,Cardiomyopathy and myocarditis,3,Rate,2021,95.54535966732,121.79362742488001,72.20869202685999
1,All Population,5,Prevalence,208,Guinea,3,Both,22,All ages,499,Cardiomyopathy and myocarditis,3,Rate,2022,44.9778511884,60.74833833051,33.04526804639
1,All Population,5,Prevalence,14,Maldives,3,Both,22,All ages,499,Cardiomyopathy and myocarditis,3,Rate,2023,27.71204136076,33.807467009170004,22.76836999178
1,All Population,5,Prevalence,376,Northern Mariana Islands,3,Both,22,All ages,499,Cardiomyopathy and myocarditis,3,Rate,2022,45.11019136584,54.97298539636,36.20038027636
1,All Population,5,Prevalence,175,Burundi,3,Both,22,All ages,499,Cardiomyopathy and myocarditis,3,Rate,2022,86.17260027714,113.94603013703,65.86052721205999
1,All Population,5,Prevalence,393,Saint Kitts and Nevis,3,Both,22,All ages,499,Cardiomyopathy and myocarditis,3,Rate,2021,126.75302578934,146.70967594644,105.56929051609
1,All Population,5,Prevalence,210,Liberia,3,Both,22,All ages,499,Cardiomyopathy and myocarditis,3,Rate,2022,51.508211245700004,69.46196788014001,37.95926723823
1,All Population,5,Prevalence,385,Puerto Rico,3,Both,22,All ages,499,Cardiomyopathy and myocarditis,3,Rate,2022,95.50733933716,119.13900644838002,73.68533659538001
1,All Population,5,Prevalence,16,Philippines,3,Both,22,All ages,499,Cardiomyopathy and myocarditis,3,Rate,2023,27.760838652279997,33.75842712726,22.02988540222
1,All Population,5,Prevalence,177,Djibouti,3,Both,22,All ages,499,Cardiomyopathy and myocarditis,3,Rate,2022,105.53762739657,138.96664016028,80.1695323798
1,All Population,5,Prevalence,61,Republic of Moldova,3,Both,22,All ages,499,Cardiomyopathy and myocarditis,3,Rate,2023,80.50320743227,95.84224513106,63.99869427013
1,All Population,5,Prevalence,50,Montenegro,3,Both,22,All ages,499,Cardiomyopathy and myocarditis,3,Rate,2023,237.21833549802997,297.02593331379,189.51744166768998
1,All Population,5,Prevalence,212,Mauritania,3,Both,22,All ages,499,Cardiomyopathy and myocarditis,3,Rate,2022,53.70923946875,71.80896396149,40.66256288065
1,All Population,5,Prevalence,29,Tonga,3,Both,22,All ages,499,Cardiomyopathy and myocarditis,3,Rate,2023,40.44183881476,49.73497368371,32.34690661979
1,All Population,5,Prevalence,191,Zambia,3,Both,22,All ages,499,Cardiomyopathy and myocarditis,3,Rate,2022,83.5705376808,111.63482213394,62.78001943864
1,All Population,5,Prevalence,202,Cameroon,3,Both,22,All ages,499,Cardiomyopathy and myocarditis,3,Rate,2021,50.08298408660001,65.83339895739,37.07147959497
1,All Population,5,Prevalence,63,Ukraine,3,Both,22,All ages,499,Cardiomyopathy and myocarditis,3,Rate,2023,136.99875636748,159.60538478086002,116.77505297748999
1,All Population,5,Prevalence,413,Tokelau,3,Both,22,All ages,499,Cardiomyopathy and myocarditis,3,Rate,2021,40.13717282857,48.16980562155,32.31412643581
1,All Population,5,Prevalence,18,Thailand,3,Both,22,All ages,499,Cardiomyopathy and myocarditis,3,Rate,2023,24.841613420349997,30.44738614524,19.673331085839997
1,All Population,5,Prevalence,320,Cook Islands,3,Both,22,All ages,499,Cardiomyopathy and myocarditis,3,Rate,2021,10.95529812774,13.656476495209999,8.91405655791
1,All Population,5,Prevalence,97,Argentina,3,Both,22,All ages,499,Cardiomyopathy and myocarditis,3,Rate,2023,129.67175230072,160.7697730944,103.69869277636
1,All Population,5,Prevalence,108,Belize,3,Both,22,All ages,499,Cardiomyopathy and myocarditis,3,Rate,2023,75.59169353754,89.01909962691,62.946117605569995
1,All Population,5,Prevalence,76,Belgium,3,Both,22,All ages,499,Cardiomyopathy and myocarditis,3,Rate,2023,87.98180070442,109.02675521460999,69.73025128995
1,All Population,5,Prevalence,422,United States Virgin Islands,3,Both,22,All ages,499,Cardiomyopathy and myocarditis,3,Rate,2021,120.98317889592,144.61677268058,99.33038808646
1,All Population,5,Prevalence,20,Viet Nam,3,Both,22,All ages,499,Cardiomyopathy and myocarditis,3,Rate,2023,41.205419848510004,48.97149805469,33.92415651959
1,All Population,5,Prevalence,33,Armenia,3,Both,22,All ages,499,Cardiomyopathy and myocarditis,3,Rate,2023,63.087418280479994,74.20059077354999,51.891151462850004
1,All Population,5,Prevalence,351,Guam,3,Both,22,All ages,499,Cardiomyopathy and myocarditis,3,Rate,2021,42.65867200058,50.71773414862,34.83432847296
1,All Population,5,Prevalence,121,Bolivia (Plurinational State of),3,Both,22,All ages,499,Cardiomyopathy and myocarditis,3,Rate,2023,36.91649636941,45.11269738395,29.82599185721
1,All Population,5,Prevalence,78,Denmark,3,Both,22,All ages,499,Cardiomyopathy and myocarditis,3,Rate,2023,48.160844725749996,58.530289080660005,38.42331056201
1,All Population,5,Prevalence,44,Bosnia and Herzegovina,3,Both,22,All ages,499,Cardiomyopathy and myocarditis,3,Rate,2023,186.84931518942,233.0637701021,142.96865222995
1,All Population,5,Prevalence,110,Dominica,3,Both,22,All ages,499,Cardiomyopathy and myocarditis,3,Rate,2023,145.89207185093,173.23846421616,117.23298673357999
1,All Population,5,Prevalence,155,Türkiye,3,Both,22,All ages,499,Cardiomyopathy and myocarditis,3,Rate,2023,48.99601455418,60.95659791722,39.51396194534
1,All Population,5,Prevalence,35,Georgia,3,Both,22,All ages,499,Cardiomyopathy and myocarditis,3,Rate,2023,49.56198828514,59.9401751544,39.02569945223
1,All Population,5,Prevalence,123,Peru,3,Both,22,All ages,499,Cardiomyopathy and myocarditis,3,Rate,2023,36.593804847849995,44.40347468163,29.44171497038
1,All Population,5,Prevalence,80,France,3,Both,22,All ages,499,Cardiomyopathy and myocarditis,3,Rate,2023,264.40757144046,328.17056260911,200.01281846392
1,All Population,5,Prevalence,112,Grenada,3,Both,22,All ages,499,Cardiomyopathy and myocarditis,3,Rate,2023,119.5039214946,143.50345567341,95.50497765613
1,All Population,5,Prevalence,91,Portugal,3,Both,22,All ages,499,Cardiomyopathy and myocarditis,3,Rate,2023,80.64112214745,102.260153801,60.66887861779
1,All Population,5,Prevalence,125,Colombia,3,Both,22,All ages,499,Cardiomyopathy and myocarditis,3,Rate,2023,58.92279954683,71.05492516311,47.92048977101
1,All Population,5,Prevalence,46,Croatia,3,Both,22,All ages,499,Cardiomyopathy and myocarditis,3,Rate,2023,86.63613497846,109.83230698663,63.68900330533
1,All Population,5,Prevalence,10,Cambodia,3,Both,22,All ages,499,Cardiomyopathy and myocarditis,3,Rate,2023,17.70628397875,21.1058646058,14.486134190780001
1,All Population,5,Prevalence,168,Angola,3,Both,22,All ages,499,Cardiomyopathy and myocarditis,3,Rate,2023,67.06953407907001,89.49147117215999,50.4697740775
1,All Population,5,Prevalence,136,Paraguay,3,Both,22,All ages,499,Cardiomyopathy and myocarditis,3,Rate,2023,64.25136309211,78.48967683142,51.620763285939994
1,All Population,5,Prevalence,157,Yemen,3,Both,22,All ages,499,Cardiomyopathy and myocarditis,3,Rate,2023,27.07959402304,33.83670646914,21.242981447960002
1,All Population,5,Prevalence,82,Greece,3,Both,22,All ages,499,Cardiomyopathy and myocarditis,3,Rate,2023,55.0246340283,64.0730608848,45.47569224121
1,All Population,5,Prevalence,203,Cabo Verde,3,Both,22,All ages,499,Cardiomyopathy and myocarditis,3,Rate,2023,73.74103922987,97.51726256371,53.683559494469996
1,All Population,5,Prevalence,127,El Salvador,3,Both,22,All ages,499,Cardiomyopathy and myocarditis,3,Rate,2023,39.62578796516,47.450866208309996,32.01519225861
1,All Population,5,Prevalence,93,Sweden,3,Both,22,All ages,499,Cardiomyopathy and myocarditis,3,Rate,2023,207.83124550978,256.11277499868,170.06276531727002
1,All Population,5,Prevalence,170,Congo,3,Both,22,All ages,499,Cardiomyopathy and myocarditis,3,Rate,2023,72.82896290350999,97.12665973905,54.75198246333
1,All Population,5,Prevalence,12,Lao People's Democratic Republic,3,Both,22,All ages,499,Cardiomyopathy and myocarditis,3,Rate,2023,16.80370673373,20.19510031698,13.732300884710002
1,All Population,5,Prevalence,23,Kiribati,3,Both,22,All ages,499,Cardiomyopathy and myocarditis,3,Rate,2023,19.32060629104,22.76104814712,15.840637612260002
1,All Population,5,Prevalence,205,Côte d'Ivoire,3,Both,22,All ages,499,Cardiomyopathy and myocarditis,3,Rate,2023,49.71638683497999,68.43312166263,36.869616407660004
1,All Population,5,Prevalence,216,Senegal,3,Both,22,All ages,499,Cardiomyopathy and myocarditis,3,Rate,2023,34.446089719869995,45.684951892120004,25.0024857575
1,All Population,5,Prevalence,68,Republic of Korea,3,Both,22,All ages,499,Cardiomyopathy and myocarditis,3,Rate,2023,90.29852723751,112.08473070337,73.08714289654999
1,All Population,5,Prevalence,48,Hungary,3,Both,22,All ages,499,Cardiomyopathy and myocarditis,3,Rate,2023,128.75948708003,160.59488810866,100.68877918504
1,All Population,5,Prevalence,172,Equatorial Guinea,3,Both,22,All ages,499,Cardiomyopathy and myocarditis,3,Rate,2023,69.02781178621,90.38505584882999,51.76797349297001
1,All Population,5,Prevalence,95,United Kingdom,3,Both,22,All ages,499,Cardiomyopathy and myocarditis,3,Rate,2023,72.48461228006,84.20642574103,59.853084033349994
1,All Population,5,Prevalence,57,Belarus,3,Both,22,All ages,499,Cardiomyopathy and myocarditis,3,Rate,2023,103.04207715613,124.95723515808001,85.03891386901999
1,All Population,5,Prevalence,25,Micronesia (Federated States of),3,Both,22,All ages,499,Cardiomyopathy and myocarditis,3,Rate,2023,24.97150038034,30.595918137859996,19.76691915513
1,All Population,5,Prevalence,106,Bahamas,3,Both,22,All ages,499,Cardiomyopathy and myocarditis,3,Rate,2023,77.77025215835,92.86321049244,64.74095987303
1,All Population,5,Prevalence,36,Kazakhstan,3,Both,22,All ages,499,Cardiomyopathy and myocarditis,3,Rate,2023,140.95952436525,168.17563683669002,113.67784345890999
1,All Population,5,Prevalence,140,Bahrain,3,Both,22,All ages,499,Cardiomyopathy and myocarditis,3,Rate,2023,81.25672294496,97.62152937985,67.64770543736999
1,All Population,5,Prevalence,218,Togo,3,Both,22,All ages,499,Cardiomyopathy and myocarditis,3,Rate,2023,52.255229313419996,71.08788545787,38.989440617949995
1,All Population,5,Prevalence,59,Latvia,3,Both,22,All ages,499,Cardiomyopathy and myocarditis,3,Rate,2023,219.14603592435998,266.12153843988,172.49697810070998
1,All Population,5,Prevalence,183,Mauritius,3,Both,22,All ages,499,Cardiomyopathy and myocarditis,3,Rate,2023,41.21541802689,49.039250116359995,33.04172127698
1,All Population,5,Prevalence,27,Samoa,3,Both,22,All ages,499,Cardiomyopathy and myocarditis,3,Rate,2023,33.9770127211,41.80381114042,26.94650253045
1,All Population,5,Prevalence,115,Jamaica,3,Both,22,All ages,499,Cardiomyopathy and myocarditis,3,Rate,2023,79.92455208579,92.23739934244,66.84621682481999
1,All Population,5,Prevalence,38,Mongolia,3,Both,22,All ages,499,Cardiomyopathy and myocarditis,3,Rate,2023,81.28851144379,97.77325597317001,67.48438191694
1,All Population,5,Prevalence,6,China,3,Both,22,All ages,499,Cardiomyopathy and myocarditis,3,Rate,2023,27.56019133865,32.52977523075,22.83435518857
1,All Population,5,Prevalence,72,New Zealand,3,Both,22,All ages,499,Cardiomyopathy and myocarditis,3,Rate,2023,127.35350194463999,153.5154856825,105.01058963527
1,All Population,5,Prevalence,435,South Sudan,3,Both,22,All ages,499,Cardiomyopathy and myocarditis,3,Rate,2023,89.35362733589,118.25871230864999,66.58758915086
1,All Population,5,Prevalence,83,Iceland,3,Both,22,All ages,499,Cardiomyopathy and myocarditis,3,Rate,2023,29.08366563847,34.012281189410004,23.70827921491
1,All Population,5,Prevalence,142,Iran (Islamic Republic of),3,Both,22,All ages,499,Cardiomyopathy and myocarditis,3,Rate,2023,37.318962223199996,46.83889835013,30.2072393362
1,All Population,5,Prevalence,185,Rwanda,3,Both,22,All ages,499,Cardiomyopathy and myocarditis,3,Rate,2023,96.97433584807,123.96611152883,73.48096469741
1,All Population,5,Prevalence,8,Taiwan,3,Both,22,All ages,499,Cardiomyopathy and myocarditis,3,Rate,2023,46.86813898119,55.746117383619996,37.76237834855
1,All Population,5,Prevalence,34,Azerbaijan,3,Both,22,All ages,499,Cardiomyopathy and myocarditis,3,Rate,2022,97.15109996689,116.4140917017,81.4617131718
1,All Population,5,Prevalence,117,Saint Vincent and the Grenadines,3,Both,22,All ages,499,Cardiomyopathy and myocarditis,3,Rate,2023,53.3638100959,63.84989411655,44.01219836987
1,All Population,5,Prevalence,45,Bulgaria,3,Both,22,All ages,499,Cardiomyopathy and myocarditis,3,Rate,2022,30.19358403596,37.5750410153,24.00718541209
1,All Population,5,Prevalence,85,Israel,3,Both,22,All ages,499,Cardiomyopathy and myocarditis,3,Rate,2023,41.987538543540005,49.542006740619996,33.99004469586
1,All Population,5,Prevalence,74,Andorra,3,Both,22,All ages,499,Cardiomyopathy and myocarditis,3,Rate,2023,154.94352656141,184.70762618657,124.40889619709
1,All Population,5,Prevalence,40,Turkmenistan,3,Both,22,All ages,499,Cardiomyopathy and myocarditis,3,Rate,2023,86.91887412303001,103.37587336678,73.53774909082999
1,All Population,5,Prevalence,201,Burkina Faso,3,Both,22,All ages,499,Cardiomyopathy and myocarditis,3,Rate,2023,46.08474394278,62.06519513609,33.916067628890005
1,All Population,5,Prevalence,119,Trinidad and Tobago,3,Both,22,All ages,499,Cardiomyopathy and myocarditis,3,Rate,2023,57.35487047509,68.3228078531,47.684169733699996
1,All Population,5,Prevalence,130,Mexico,3,Both,22,All ages,499,Cardiomyopathy and myocarditis,3,Rate,2023,35.271190813829996,43.38579817292,27.85198956451
1,All Population,5,Prevalence,187,Somalia,3,Both,22,All ages,499,Cardiomyopathy and myocarditis,3,Rate,2023,80.62081295717,103.07045929637,61.62836212242
1,All Population,5,Prevalence,87,Luxembourg,3,Both,22,All ages,499,Cardiomyopathy and myocarditis,3,Rate,2023,82.9340051226,101.23918408505,66.18347120241
1,All Population,5,Prevalence,162,Bhutan,3,Both,22,All ages,499,Cardiomyopathy and myocarditis,3,Rate,2023,53.0502142869,62.112973051210005,44.47356038478
1,All Population,5,Prevalence,98,Chile,3,Both,22,All ages,499,Cardiomyopathy and myocarditis,3,Rate,2023,79.88343248392,94.18703655215,64.80125834492
1,All Population,5,Prevalence,151,Qatar,3,Both,22,All ages,499,Cardiomyopathy and myocarditis,3,Rate,2023,66.06129793518001,81.62555974884,53.41234360976001
1,All Population,5,Prevalence,13,Malaysia,3,Both,22,All ages,499,Cardiomyopathy and myocarditis,3,Rate,2022,40.66635759394,48.70671888275,32.91149820786
1,All Population,5,Prevalence,396,San Marino,3,Both,22,All ages,499,Cardiomyopathy and myocarditis,3,Rate,2023,174.66656188685,217.47373846223002,137.48960708223
1,All Population,5,Prevalence,153,Syrian Arab Republic,3,Both,22,All ages,499,Cardiomyopathy and myocarditis,3,Rate,2023,36.72116939768,45.979875488030004,28.52369677407
1,All Population,5,Prevalence,305,Bermuda,3,Both,22,All ages,499,Cardiomyopathy and myocarditis,3,Rate,2023,209.61798681852,254.71349610151,164.06071778136
1,All Population,5,Prevalence,79,Finland,3,Both,22,All ages,499,Cardiomyopathy and myocarditis,3,Rate,2022,111.78725509445,136.16608232926,90.80986907002
1,All Population,5,Prevalence,47,Czechia,3,Both,22,All ages,499,Cardiomyopathy and myocarditis,3,Rate,2022,86.84692821377,110.45223801869,65.97217368823
1,All Population,5,Prevalence,53,Serbia,3,Both,22,All ages,499,Cardiomyopathy and myocarditis,3,Rate,2023,132.28429530003,166.70276147398,101.22715587616001
1,All Population,5,Prevalence,89,Netherlands,3,Both,22,All ages,499,Cardiomyopathy and myocarditis,3,Rate,2023,111.87216693267,136.5112428795,89.82182115666
1,All Population,5,Prevalence,132,Panama,3,Both,22,All ages,499,Cardiomyopathy and myocarditis,3,Rate,2023,96.61092931233,113.98805113651001,80.89357742327
1,All Population,5,Prevalence,190,Uganda,3,Both,22,All ages,499,Cardiomyopathy and myocarditis,3,Rate,2023,66.43250267331,88.80566916432,49.43080839572
1,All Population,5,Prevalence,175,Burundi,3,Both,22,All ages,499,Cardiomyopathy and myocarditis,3,Rate,2023,86.93008945684,114.81794584154001,66.51155519566
1,All Population,5,Prevalence,164,Nepal,3,Both,22,All ages,499,Cardiomyopathy and myocarditis,3,Rate,2023,47.77201305323,56.31542045332,40.471878776749996
1,All Population,5,Prevalence,214,Nigeria,3,Both,22,All ages,499,Cardiomyopathy and myocarditis,3,Rate,2023,70.54422943955,90.93733512372,55.00123180227
1,All Population,5,Prevalence,349,Greenland,3,Both,22,All ages,499,Cardiomyopathy and myocarditis,3,Rate,2023,160.03050889624,190.56308156675001,130.34653229085
1,All Population,5,Prevalence,416,Tuvalu,3,Both,22,All ages,499,Cardiomyopathy and myocarditis,3,Rate,2023,26.39884077476,32.193236783290004,20.63229773757
1,All Population,5,Prevalence,15,Myanmar,3,Both,22,All ages,499,Cardiomyopathy and myocarditis,3,Rate,2022,20.7633264496,25.010108794799997,17.13231940982
1,All Population,5,Prevalence,92,Spain,3,Both,22,All ages,499,Cardiomyopathy and myocarditis,3,Rate,2022,153.63014988807,180.88606642472,126.07222278504
1,All Population,5,Prevalence,210,Liberia,3,Both,22,All ages,499,Cardiomyopathy and myocarditis,3,Rate,2023,52.47627855561,70.7080896569,38.65448118421
1,All Population,5,Prevalence,102,United States of America,3,Both,22,All ages,499,Cardiomyopathy and myocarditis,3,Rate,2023,170.75642191197,201.61680253417998,142.98353738242
1,All Population,5,Prevalence,55,Slovenia,3,Both,22,All ages,499,Cardiomyopathy and myocarditis,3,Rate,2023,251.50095917606,324.50212470429,191.89911768501
1,All Population,5,Prevalence,49,North Macedonia,3,Both,22,All ages,499,Cardiomyopathy and myocarditis,3,Rate,2022,164.00461295715002,199.8051550185,130.27263518927
1,All Population,5,Prevalence,81,Germany,3,Both,22,All ages,499,Cardiomyopathy and myocarditis,3,Rate,2022,138.10307211224,165.9865840784,110.93319429022
1,All Population,5,Prevalence,60,Lithuania,3,Both,22,All ages,499,Cardiomyopathy and myocarditis,3,Rate,2022,119.79763321997,146.19759736678998,93.60795287313
1,All Population,5,Prevalence,177,Djibouti,3,Both,22,All ages,499,Cardiomyopathy and myocarditis,3,Rate,2023,107.50845504034999,141.41091589620999,81.71354271924
1,All Population,5,Prevalence,522,Sudan,3,Both,22,All ages,499,Cardiomyopathy and myocarditis,3,Rate,2023,25.553265762560002,32.39540765084,19.94185114094
1,All Population,5,Prevalence,17,Sri Lanka,3,Both,22,All ages,499,Cardiomyopathy and myocarditis,3,Rate,2022,42.2888831952,50.740581536529994,34.25286631966
1,All Population,5,Prevalence,126,Costa Rica,3,Both,22,All ages,499,Cardiomyopathy and myocarditis,3,Rate,2022,80.61576333997,93.35753123549,67.86187522851
1,All Population,5,Prevalence,212,Mauritania,3,Both,22,All ages,499,Cardiomyopathy and myocarditis,3,Rate,2023,54.52398000670001,72.83083686472,41.26828138228
1,All Population,5,Prevalence,94,Switzerland,3,Both,22,All ages,499,Cardiomyopathy and myocarditis,3,Rate,2022,56.825030536330004,69.74503482813999,46.088028939379996
1,All Population,5,Prevalence,145,Kuwait,3,Both,22,All ages,499,Cardiomyopathy and myocarditis,3,Rate,2023,23.95117607769,29.22252769421,19.51554748182
1,All Population,5,Prevalence,51,Poland,3,Both,22,All ages,499,Cardiomyopathy and myocarditis,3,Rate,2022,290.1878802315,353.45389964515,237.87263894752002
1,All Population,5,Prevalence,30,Vanuatu,3,Both,22,All ages,499,Cardiomyopathy and myocarditis,3,Rate,2022,23.51453832739,28.94137750294,18.671964150700003
1,All Population,5,Prevalence,113,Guyana,3,Both,22,All ages,499,Cardiomyopathy and myocarditis,3,Rate,2023,55.63929003250001,65.20163626471,45.63942829802
1,All Population,5,Prevalence,179,Ethiopia,3,Both,22,All ages,499,Cardiomyopathy and myocarditis,3,Rate,2023,149.16012170853,178.71558740844,122.18123825058
1,All Population,5,Prevalence,191,Zambia,3,Both,22,All ages,499,Cardiomyopathy and myocarditis,3,Rate,2023,84.87584742513,113.55812456213,63.82254091365
1,All Population,5,Prevalence,62,Russian Federation,3,Both,22,All ages,499,Cardiomyopathy and myocarditis,3,Rate,2022,176.41014274697,206.53035181498,148.28650256245
1,All Population,5,Prevalence,181,Madagascar,3,Both,22,All ages,499,Cardiomyopathy and myocarditis,3,Rate,2023,94.57235803945001,120.44431306949,72.4521943619
1,All Population,5,Prevalence,147,Libya,3,Both,22,All ages,499,Cardiomyopathy and myocarditis,3,Rate,2023,35.76533588104,45.38290401765,28.57943568821
1,All Population,5,Prevalence,107,Barbados,3,Both,22,All ages,499,Cardiomyopathy and myocarditis,3,Rate,2022,146.44269569565998,174.04889487718998,119.31368576473
1,All Population,5,Prevalence,128,Guatemala,3,Both,22,All ages,499,Cardiomyopathy and myocarditis,3,Rate,2022,42.62137651222,52.215780692580005,34.15605132105
1,All Population,5,Prevalence,160,Afghanistan,3,Both,22,All ages,499,Cardiomyopathy and myocarditis,3,Rate,2023,20.21911349233,26.041686750559997,15.74974964955
1,All Population,5,Prevalence,19,Timor-Leste,3,Both,22,All ages,499,Cardiomyopathy and myocarditis,3,Rate,2022,20.3061591797,24.30912057753,16.33888236383
1,All Population,5,Prevalence,206,Gambia,3,Both,22,All ages,499,Cardiomyopathy and myocarditis,3,Rate,2023,51.10683537620999,68.46009599413999,37.44557826863
1,All Population,5,Prevalence,193,Botswana,3,Both,22,All ages,499,Cardiomyopathy and myocarditis,3,Rate,2023,86.32341409992999,114.60902450038,65.41409071952
1,All Population,5,Prevalence,75,Austria,3,Both,22,All ages,499,Cardiomyopathy and myocarditis,3,Rate,2022,181.44845090781,214.21249739943002,147.92761496881002
1,All Population,5,Prevalence,149,Palestine,3,Both,22,All ages,499,Cardiomyopathy and myocarditis,3,Rate,2023,62.287829343729996,76.15034649886,50.329616072069996
1,All Population,5,Prevalence,139,Algeria,3,Both,22,All ages,499,Cardiomyopathy and myocarditis,3,Rate,2022,34.98417347409,42.81922664933,27.90393265996
1,All Population,5,Prevalence,369,Nauru,3,Both,22,All ages,499,Cardiomyopathy and myocarditis,3,Rate,2023,22.9925825416,28.462687054560003,18.2000485465
1,All Population,5,Prevalence,173,Gabon,3,Both,22,All ages,499,Cardiomyopathy and myocarditis,3,Rate,2022,82.00106339147,106.94012369974999,62.43568445975
1,All Population,5,Prevalence,109,Cuba,3,Both,22,All ages,499,Cardiomyopathy and myocarditis,3,Rate,2022,126.83876088557,149.16798783399,104.73457703324
1,All Population,5,Prevalence,208,Guinea,3,Both,22,All ages,499,Cardiomyopathy and myocarditis,3,Rate,2023,45.58966465756,61.61699918178,33.48676410193
1,All Population,5,Prevalence,66,Brunei Darussalam,3,Both,22,All ages,499,Cardiomyopathy and myocarditis,3,Rate,2022,78.25971713979,95.28449820983,64.47815295121
1,All Population,5,Prevalence,195,Namibia,3,Both,22,All ages,499,Cardiomyopathy and myocarditis,3,Rate,2023,84.38270290362999,109.64550254746999,63.53680590856
1,All Population,5,Prevalence,77,Cyprus,3,Both,22,All ages,499,Cardiomyopathy and myocarditis,3,Rate,2022,51.92850519566,61.60253171587,41.20665243928
1,All Population,5,Prevalence,376,Northern Mariana Islands,3,Both,22,All ages,499,Cardiomyopathy and myocarditis,3,Rate,2023,45.44545569656,55.223541256450005,36.36331157042
1,All Population,5,Prevalence,152,Saudi Arabia,3,Both,22,All ages,499,Cardiomyopathy and myocarditis,3,Rate,2022,56.94442191963,70.85074182663,47.27854781513
1,All Population,5,Prevalence,141,Egypt,3,Both,22,All ages,499,Cardiomyopathy and myocarditis,3,Rate,2022,31.32478367385,39.77362402822,24.509236028540002
1,All Population,5,Prevalence,186,Seychelles,3,Both,22,All ages,499,Cardiomyopathy and myocarditis,3,Rate,2022,42.63443331555,50.06167718158,35.39629138823
1,All Population,5,Prevalence,197,Eswatini,3,Both,22,All ages,499,Cardiomyopathy and myocarditis,3,Rate,2023,79.36671583715,103.36930595275,61.05683452213
1,All Population,5,Prevalence,385,Puerto Rico,3,Both,22,All ages,499,Cardiomyopathy and myocarditis,3,Rate,2023,98.34072746656001,122.67693631857999,75.45942893830001
1,All Population,5,Prevalence,111,Dominican Republic,3,Both,22,All ages,499,Cardiomyopathy and myocarditis,3,Rate,2022,61.798350121060004,72.89683571874,49.678309279379995
1,All Population,5,Prevalence,154,Tunisia,3,Both,22,All ages,499,Cardiomyopathy and myocarditis,3,Rate,2022,37.74757592433,45.50439411844,30.525410931470002
1,All Population,5,Prevalence,200,Benin,3,Both,22,All ages,499,Cardiomyopathy and myocarditis,3,Rate,2022,47.508469042019996,62.65645821559,34.71321312592
1,All Population,5,Prevalence,143,Iraq,3,Both,22,All ages,499,Cardiomyopathy and myocarditis,3,Rate,2022,64.53585532656,78.37561681699,53.45391555256
1,All Population,5,Prevalence,189,United Republic of Tanzania,3,Both,22,All ages,499,Cardiomyopathy and myocarditis,3,Rate,2022,93.52833095204,121.37405572818,70.39237979924
1,All Population,5,Prevalence,122,Ecuador,3,Both,22,All ages,499,Cardiomyopathy and myocarditis,3,Rate,2022,36.239713163190004,43.61308027351,28.62712838435
1,All Population,5,Prevalence,90,Norway,3,Both,22,All ages,499,Cardiomyopathy and myocarditis,3,Rate,2022,93.36594218633999,111.76845928016,75.63716677805999
1,All Population,5,Prevalence,202,Cameroon,3,Both,22,All ages,499,Cardiomyopathy and myocarditis,3,Rate,2022,50.350284033200005,66.02770086027,37.627839747719996
1,All Population,5,Prevalence,156,United Arab Emirates,3,Both,22,All ages,499,Cardiomyopathy and myocarditis,3,Rate,2022,90.45609552725999,112.56570783437,71.07634851674
1,All Population,5,Prevalence,393,Saint Kitts and Nevis,3,Both,22,All ages,499,Cardiomyopathy and myocarditis,3,Rate,2022,125.01943748798999,146.38146597298,103.4357010709
1,All Population,5,Prevalence,320,Cook Islands,3,Both,22,All ages,499,Cardiomyopathy and myocarditis,3,Rate,2022,11.105961381870001,13.92847925189,8.94078206261
1,All Population,5,Prevalence,204,Chad,3,Both,22,All ages,499,Cardiomyopathy and myocarditis,3,Rate,2022,40.37947201153,54.992031273580004,29.275412272220002
1,All Population,5,Prevalence,351,Guam,3,Both,22,All ages,499,Cardiomyopathy and myocarditis,3,Rate,2022,43.30625088038,51.69653881889,34.50670092516
1,All Population,5,Prevalence,215,Sao Tome and Principe,3,Both,22,All ages,499,Cardiomyopathy and myocarditis,3,Rate,2022,61.79649610659,82.73756632025,45.10998123402
1,All Population,5,Prevalence,413,Tokelau,3,Both,22,All ages,499,Cardiomyopathy and myocarditis,3,Rate,2022,40.034504305599995,47.960395014949995,31.921456998049997
1,All Population,5,Prevalence,182,Malawi,3,Both,22,All ages,499,Cardiomyopathy and myocarditis,3,Rate,2022,84.35394681192,106.2664677799,64.94899243255
1,All Population,5,Prevalence,169,Central African Republic,3,Both,22,All ages,499,Cardiomyopathy and myocarditis,3,Rate,2022,59.2717073463,77.52355919355,45.18554737117
1,All Population,5,Prevalence,217,Sierra Leone,3,Both,22,All ages,499,Cardiomyopathy and myocarditis,3,Rate,2022,49.89487174387,67.38795472617,36.83659977597
1,All Population,5,Prevalence,184,Mozambique,3,Both,22,All ages,499,Cardiomyopathy and myocarditis,3,Rate,2022,66.4565602059,88.12041729857,49.460457003079995
1,All Population,5,Prevalence,422,United States Virgin Islands,3,Both,22,All ages,499,Cardiomyopathy and myocarditis,3,Rate,2022,124.00242673737,150.47715771886,99.77637953488001
1,All Population,5,Prevalence,171,Democratic Republic of the Congo,3,Both,22,All ages,499,Cardiomyopathy and myocarditis,3,Rate,2022,68.89322489521,89.04793343326,52.2776633055
1,All Population,5,Prevalence,298,American Samoa,3,Both,22,All ages,499,Cardiomyopathy and myocarditis,3,Rate,2022,55.935129202309994,68.34491976738,44.56237049347
1,All Population,5,Prevalence,15,Myanmar,3,Both,22,All ages,499,Cardiomyopathy and myocarditis,3,Rate,2023,20.978690623280002,25.302014428800003,17.311482226269998
1,All Population,5,Prevalence,17,Sri Lanka,3,Both,22,All ages,499,Cardiomyopathy and myocarditis,3,Rate,2023,43.088117982920004,51.74755201713,34.77234081887
1,All Population,5,Prevalence,51,Poland,3,Both,22,All ages,499,Cardiomyopathy and myocarditis,3,Rate,2023,293.65914208427,358.48072306526,240.3916165134
1,All Population,5,Prevalence,62,Russian Federation,3,Both,22,All ages,499,Cardiomyopathy and myocarditis,3,Rate,2023,178.14472213289002,209.02205160058,149.76844855564
1,All Population,5,Prevalence,19,Timor-Leste,3,Both,22,All ages,499,Cardiomyopathy and myocarditis,3,Rate,2023,20.37792823286,24.36396778863,16.43838729694
1,All Population,5,Prevalence,30,Vanuatu,3,Both,22,All ages,499,Cardiomyopathy and myocarditis,3,Rate,2023,23.57795840539,28.959134901,18.71931219542
1,All Population,5,Prevalence,75,Austria,3,Both,22,All ages,499,Cardiomyopathy and myocarditis,3,Rate,2023,182.42283431376,215.93986387763,148.0596077218
1,All Population,5,Prevalence,109,Cuba,3,Both,22,All ages,499,Cardiomyopathy and myocarditis,3,Rate,2023,128.07533695342,150.79089959002002,105.55897205433999
1,All Population,5,Prevalence,66,Brunei Darussalam,3,Both,22,All ages,499,Cardiomyopathy and myocarditis,3,Rate,2023,78.62732013625,95.74106292341,64.69000542617
1,All Population,5,Prevalence,13,Malaysia,3,Both,22,All ages,499,Cardiomyopathy and myocarditis,3,Rate,2023,41.29121670692,49.54819050633,33.40498131221
1,All Population,5,Prevalence,77,Cyprus,3,Both,22,All ages,499,Cardiomyopathy and myocarditis,3,Rate,2023,51.65537819998,61.32746802025,41.16745956104
1,All Population,5,Prevalence,143,Iraq,3,Both,22,All ages,499,Cardiomyopathy and myocarditis,3,Rate,2023,64.91989835656,78.93095810246001,53.86436747938001
1,All Population,5,Prevalence,45,Bulgaria,3,Both,22,All ages,499,Cardiomyopathy and myocarditis,3,Rate,2023,30.11045232985,37.55170952723,23.95314880391
1,All Population,5,Prevalence,34,Azerbaijan,3,Both,22,All ages,499,Cardiomyopathy and myocarditis,3,Rate,2023,98.11595378526,117.73949145867,82.22684725022
1,All Population,5,Prevalence,111,Dominican Republic,3,Both,22,All ages,499,Cardiomyopathy and myocarditis,3,Rate,2023,62.1935583144,73.27156557329,49.98941536928999
1,All Population,5,Prevalence,122,Ecuador,3,Both,22,All ages,499,Cardiomyopathy and myocarditis,3,Rate,2023,36.62953900129,44.06615414384,28.91253807464
1,All Population,5,Prevalence,90,Norway,3,Both,22,All ages,499,Cardiomyopathy and myocarditis,3,Rate,2023,93.84790725314001,112.47480667149999,75.89913002313
1,All Population,5,Prevalence,79,Finland,3,Both,22,All ages,499,Cardiomyopathy and myocarditis,3,Rate,2023,113.1389681692,137.86326260938,91.87482223755
1,All Population,5,Prevalence,156,United Arab Emirates,3,Both,22,All ages,499,Cardiomyopathy and myocarditis,3,Rate,2023,93.28286835592,116.04211624496,73.26582151453
1,All Population,5,Prevalence,47,Czechia,3,Both,22,All ages,499,Cardiomyopathy and myocarditis,3,Rate,2023,87.17257735684001,110.70656739979,66.48855941349
1,All Population,5,Prevalence,92,Spain,3,Both,22,All ages,499,Cardiomyopathy and myocarditis,3,Rate,2023,155.57556256274,183.57391249444,126.95143437637
1,All Population,5,Prevalence,60,Lithuania,3,Both,22,All ages,499,Cardiomyopathy and myocarditis,3,Rate,2023,120.67772935344999,147.01638027452,94.28793431605
1,All Population,5,Prevalence,169,Central African Republic,3,Both,22,All ages,499,Cardiomyopathy and myocarditis,3,Rate,2023,59.832515859080004,78.30513707268,45.653679689120004
1,All Population,5,Prevalence,49,North Macedonia,3,Both,22,All ages,499,Cardiomyopathy and myocarditis,3,Rate,2023,166.97150524603998,203.86786358371,132.24147405410002
1,All Population,5,Prevalence,81,Germany,3,Both,22,All ages,499,Cardiomyopathy and myocarditis,3,Rate,2023,138.71649577384,166.54473423783,111.51083635687999
1,All Population,5,Prevalence,204,Chad,3,Both,22,All ages,499,Cardiomyopathy and myocarditis,3,Rate,2023,40.63147860441,55.30963529039,29.443728122899998
1,All Population,5,Prevalence,94,Switzerland,3,Both,22,All ages,499,Cardiomyopathy and myocarditis,3,Rate,2023,57.348067626029994,70.56156827545,46.46752789657
1,All Population,5,Prevalence,126,Costa Rica,3,Both,22,All ages,499,Cardiomyopathy and myocarditis,3,Rate,2023,82.2799795645,95.10012527286,69.30706636652
1,All Population,5,Prevalence,215,Sao Tome and Principe,3,Both,22,All ages,499,Cardiomyopathy and myocarditis,3,Rate,2023,63.12963732628,84.60247088700001,46.02060683486
1,All Population,5,Prevalence,182,Malawi,3,Both,22,All ages,499,Cardiomyopathy and myocarditis,3,Rate,2023,85.72311355589,108.20142992865999,66.06200461279
1,All Population,5,Prevalence,171,Democratic Republic of the Congo,3,Both,22,All ages,499,Cardiomyopathy and myocarditis,3,Rate,2023,69.95230812832,90.25989300014,53.06828989806
1,All Population,5,Prevalence,217,Sierra Leone,3,Both,22,All ages,499,Cardiomyopathy and myocarditis,3,Rate,2023,50.776388596660006,68.55416376571,37.43700637772
1,All Population,5,Prevalence,128,Guatemala,3,Both,22,All ages,499,Cardiomyopathy and myocarditis,3,Rate,2023,42.96985672503,52.678880939289996,34.47777276976
1,All Population,5,Prevalence,139,Algeria,3,Both,22,All ages,499,Cardiomyopathy and myocarditis,3,Rate,2023,35.28693535548,43.21344201776,28.13493418274
1,All Population,5,Prevalence,184,Mozambique,3,Both,22,All ages,499,Cardiomyopathy and myocarditis,3,Rate,2023,67.25821771832,89.20789879845,49.95964637518
1,All Population,5,Prevalence,107,Barbados,3,Both,22,All ages,499,Cardiomyopathy and myocarditis,3,Rate,2023,148.59713790492,176.48797014881,120.88637883491
1,All Population,5,Prevalence,173,Gabon,3,Both,22,All ages,499,Cardiomyopathy and myocarditis,3,Rate,2023,83.25790315045,108.43485101795999,63.30573572061
1,All Population,5,Prevalence,186,Seychelles,3,Both,22,All ages,499,Cardiomyopathy and myocarditis,3,Rate,2023,43.116662337929995,50.85623574835,35.70676695427
1,All Population,5,Prevalence,141,Egypt,3,Both,22,All ages,499,Cardiomyopathy and myocarditis,3,Rate,2023,31.518359684139998,39.87309209208,24.639929222939998
1,All Population,5,Prevalence,152,Saudi Arabia,3,Both,22,All ages,499,Cardiomyopathy and myocarditis,3,Rate,2023,57.23623987471999,71.19024723094,47.54559805601
1,All Population,5,Prevalence,189,United Republic of Tanzania,3,Both,22,All ages,499,Cardiomyopathy and myocarditis,3,Rate,2023,95.10318142124001,123.17739280251999,71.44888565957
1,All Population,5,Prevalence,298,American Samoa,3,Both,22,All ages,499,Cardiomyopathy and myocarditis,3,Rate,2023,56.73077034949,69.11660648800999,45.11302130501
1,All Population,5,Prevalence,154,Tunisia,3,Both,22,All ages,499,Cardiomyopathy and myocarditis,3,Rate,2023,38.01514415104,45.70634141086,30.748884007189996
1,All Population,5,Prevalence,200,Benin,3,Both,22,All ages,499,Cardiomyopathy and myocarditis,3,Rate,2023,48.33045276817,63.683061723719995,35.34910482211
1,All Population,5,Prevalence,393,Saint Kitts and Nevis,3,Both,22,All ages,499,Cardiomyopathy and myocarditis,3,Rate,2023,126.61214859323,148.0122303213,104.52323381312
1,All Population,5,Prevalence,320,Cook Islands,3,Both,22,All ages,499,Cardiomyopathy and myocarditis,3,Rate,2023,11.21556756084,14.06408661406,9.02676179732
1,All Population,5,Prevalence,202,Cameroon,3,Both,22,All ages,499,Cardiomyopathy and myocarditis,3,Rate,2023,51.168244899209995,67.18499931972,38.293878242270004
1,All Population,5,Prevalence,351,Guam,3,Both,22,All ages,499,Cardiomyopathy and myocarditis,3,Rate,2023,43.76205049555,52.459211442560004,34.88953440358
1,All Population,5,Prevalence,413,Tokelau,3,Both,22,All ages,499,Cardiomyopathy and myocarditis,3,Rate,2023,40.22132376178,48.09930118193,32.04601809268
1,All Population,5,Prevalence,422,United States Virgin Islands,3,Both,22,All ages,499,Cardiomyopathy and myocarditis,3,Rate,2023,126.90142155859,154.59495496819,102.03461531902
