population_group_id,population_group_name,measure_id,measure_name,location_id,location_name,sex_id,sex_name,age_id,age_name,cause_id,cause_name,metric_id,metric_name,year,val,upper,lower
1,All Population,5,Prevalence,27,Samoa,3,Both,22,All ages,495,Ischemic stroke,3,Rate,2014,666.64808405336,700.4672752538501,631.66866939467
1,All Population,5,Prevalence,74,Andorra,3,Both,22,All ages,495,Ischemic stroke,3,Rate,2014,883.3018437652299,933.7877321693401,838.16189887159
1,All Population,5,Prevalence,14,Maldives,3,Both,22,All ages,495,Ischemic stroke,3,Rate,2014,534.7494468191001,562.53619117192,509.50425831656
1,All Population,5,Prevalence,61,Republic of Moldova,3,Both,22,All ages,495,Ischemic stroke,3,Rate,2014,1086.8953451382,1153.02357014177,1026.24329902825
1,All Population,5,Prevalence,121,Bolivia (Plurinational State of),3,Both,22,All ages,495,Ischemic stroke,3,Rate,2014,489.65297363284003,512.73706513829,467.02199201114996
1,All Population,5,Prevalence,108,Belize,3,Both,22,All ages,495,Ischemic stroke,3,Rate,2014,401.79467779188,421.19635262996,382.74978893827
1,All Population,5,Prevalence,53,Serbia,3,Both,22,All ages,495,Ischemic stroke,3,Rate,2014,1320.06435711828,1393.15315251427,1247.37499508089
1,All Population,5,Prevalence,160,Afghanistan,3,Both,22,All ages,495,Ischemic stroke,3,Rate,2014,496.43271010825003,521.97967089136,473.16131482763
1,All Population,5,Prevalence,147,Libya,3,Both,22,All ages,495,Ischemic stroke,3,Rate,2014,880.3677076372301,917.9966552361699,836.67199964077
1,All Population,5,Prevalence,66,Brunei Darussalam,3,Both,22,All ages,495,Ischemic stroke,3,Rate,2014,504.78291085817,528.12042508673,478.74799041524005
1,All Population,5,Prevalence,173,Gabon,3,Both,22,All ages,495,Ischemic stroke,3,Rate,2014,525.20003720498,554.11928683089,498.44744506375
1,All Population,5,Prevalence,102,United States of America,3,Both,22,All ages,495,Ischemic stroke,3,Rate,2014,1775.54326004902,1882.42057377901,1678.64029122513
1,All Population,5,Prevalence,168,Angola,3,Both,22,All ages,495,Ischemic stroke,3,Rate,2014,322.44938988839004,338.28249787589,307.03950030825
1,All Population,5,Prevalence,6,China,3,Both,22,All ages,495,Ischemic stroke,3,Rate,2014,1150.90404479089,1276.64285361774,1034.05684416173
1,All Population,5,Prevalence,81,Germany,3,Both,22,All ages,495,Ischemic stroke,3,Rate,2014,2163.61706073699,2214.85201359567,2108.98726523773
1,All Population,5,Prevalence,155,Türkiye,3,Both,22,All ages,495,Ischemic stroke,3,Rate,2014,598.34783261596,627.09679457362,565.1051441058801
1,All Population,5,Prevalence,178,Eritrea,3,Both,22,All ages,495,Ischemic stroke,3,Rate,2014,438.14805728152,461.75744924179,414.22601270664995
1,All Population,5,Prevalence,214,Nigeria,3,Both,22,All ages,495,Ischemic stroke,3,Rate,2014,459.01900622849,510.73350029395004,409.40973742501
1,All Population,5,Prevalence,113,Guyana,3,Both,22,All ages,495,Ischemic stroke,3,Rate,2014,659.70584919723,695.1675819641499,625.35117254592
1,All Population,5,Prevalence,63,Ukraine,3,Both,22,All ages,495,Ischemic stroke,3,Rate,2014,1480.23574628799,1668.36897752663,1307.70543345988
1,All Population,5,Prevalence,110,Dominica,3,Both,22,All ages,495,Ischemic stroke,3,Rate,2014,873.5210910756,922.86313381912,821.92164424504
1,All Population,5,Prevalence,203,Cabo Verde,3,Both,22,All ages,495,Ischemic stroke,3,Rate,2014,885.1843525252,924.86797785356,841.81041502819
1,All Population,5,Prevalence,55,Slovenia,3,Both,22,All ages,495,Ischemic stroke,3,Rate,2014,865.80876648141,906.65728023477,823.3343199915499
1,All Population,5,Prevalence,13,Malaysia,3,Both,22,All ages,495,Ischemic stroke,3,Rate,2014,759.2998726800299,793.55796212832,725.69501128616
1,All Population,5,Prevalence,16,Philippines,3,Both,22,All ages,495,Ischemic stroke,3,Rate,2014,603.07745448178,663.6941351680999,542.9562150826699
1,All Population,5,Prevalence,45,Bulgaria,3,Both,22,All ages,495,Ischemic stroke,3,Rate,2014,2302.71436616637,2596.35992374051,2106.17531758882
1,All Population,5,Prevalence,92,Spain,3,Both,22,All ages,495,Ischemic stroke,3,Rate,2014,1274.35025944482,1323.3446228381201,1233.4036052281901
1,All Population,5,Prevalence,76,Belgium,3,Both,22,All ages,495,Ischemic stroke,3,Rate,2014,1056.65098519655,1095.13538121429,1014.6608318712899
1,All Population,5,Prevalence,89,Netherlands,3,Both,22,All ages,495,Ischemic stroke,3,Rate,2014,1146.6151450308998,1202.2890646933101,1094.0477487303501
1,All Population,5,Prevalence,8,Taiwan,3,Both,22,All ages,495,Ischemic stroke,3,Rate,2014,867.7735148436399,907.0336517194299,826.8526838382501
1,All Population,5,Prevalence,149,Palestine,3,Both,22,All ages,495,Ischemic stroke,3,Rate,2014,443.17293657101,530.02872313986,365.93028647869
1,All Population,5,Prevalence,68,Republic of Korea,3,Both,22,All ages,495,Ischemic stroke,3,Rate,2014,1190.05462507761,1275.04292947151,1109.61094582886
1,All Population,5,Prevalence,58,Estonia,3,Both,22,All ages,495,Ischemic stroke,3,Rate,2014,1149.38055853793,1220.16786117371,1089.6592897037099
1,All Population,5,Prevalence,180,Kenya,3,Both,22,All ages,495,Ischemic stroke,3,Rate,2014,405.00654277517,449.51937549475997,359.19806245384
1,All Population,5,Prevalence,162,Bhutan,3,Both,22,All ages,495,Ischemic stroke,3,Rate,2014,486.38410102615,513.17169339399,460.13584896385
1,All Population,5,Prevalence,105,Antigua and Barbuda,3,Both,22,All ages,495,Ischemic stroke,3,Rate,2014,684.67258977826,714.0817256604499,657.62856231101
1,All Population,5,Prevalence,216,Senegal,3,Both,22,All ages,495,Ischemic stroke,3,Rate,2014,695.5417924397,732.22848182954,660.85641922164
1,All Population,5,Prevalence,157,Yemen,3,Both,22,All ages,495,Ischemic stroke,3,Rate,2014,433.30967612614,457.09087339841005,410.41207766903
1,All Population,5,Prevalence,195,Namibia,3,Both,22,All ages,495,Ischemic stroke,3,Rate,2014,420.18466174925004,445.36332524121,396.44402922334
1,All Population,5,Prevalence,181,Madagascar,3,Both,22,All ages,495,Ischemic stroke,3,Rate,2014,518.78891979239,543.45147206671,493.55680066231
1,All Population,5,Prevalence,34,Azerbaijan,3,Both,22,All ages,495,Ischemic stroke,3,Rate,2014,524.29940318719,551.5814006409499,496.22154912096
1,All Population,5,Prevalence,115,Jamaica,3,Both,22,All ages,495,Ischemic stroke,3,Rate,2014,746.71144659544,777.0311859513499,709.87147039609
1,All Population,5,Prevalence,57,Belarus,3,Both,22,All ages,495,Ischemic stroke,3,Rate,2014,1302.03801307433,1378.3719159331201,1217.61982431716
1,All Population,5,Prevalence,28,Solomon Islands,3,Both,22,All ages,495,Ischemic stroke,3,Rate,2014,463.35359762942005,488.16007596274994,440.60148427790995
1,All Population,5,Prevalence,144,Jordan,3,Both,22,All ages,495,Ischemic stroke,3,Rate,2014,568.5095031588801,595.42607668541,540.63950105561
1,All Population,5,Prevalence,143,Iraq,3,Both,22,All ages,495,Ischemic stroke,3,Rate,2014,681.22601064039,714.1420269629,651.6621151258
1,All Population,5,Prevalence,10,Cambodia,3,Both,22,All ages,495,Ischemic stroke,3,Rate,2014,544.26205217057,573.32619136531,518.37151688814
1,All Population,5,Prevalence,190,Uganda,3,Both,22,All ages,495,Ischemic stroke,3,Rate,2014,337.82215967643003,356.74177107711,321.16161289165
1,All Population,5,Prevalence,78,Denmark,3,Both,22,All ages,495,Ischemic stroke,3,Rate,2014,1122.8506988091601,1178.5608365344701,1068.80059020201
1,All Population,5,Prevalence,97,Argentina,3,Both,22,All ages,495,Ischemic stroke,3,Rate,2014,440.83984434130997,468.58545011910996,413.39273842161
1,All Population,5,Prevalence,29,Tonga,3,Both,22,All ages,495,Ischemic stroke,3,Rate,2014,555.7562570915101,585.46914190351,531.37553920964
1,All Population,5,Prevalence,84,Ireland,3,Both,22,All ages,495,Ischemic stroke,3,Rate,2014,599.61707531971,631.30296167828,566.93403862959
1,All Population,5,Prevalence,44,Bosnia and Herzegovina,3,Both,22,All ages,495,Ischemic stroke,3,Rate,2014,1530.55609116443,1604.0618734893,1456.1778438967299
1,All Population,5,Prevalence,131,Nicaragua,3,Both,22,All ages,495,Ischemic stroke,3,Rate,2014,422.40861857281,443.10658678657995,402.21690392427
1,All Population,5,Prevalence,50,Montenegro,3,Both,22,All ages,495,Ischemic stroke,3,Rate,2014,1127.40584684182,1200.36777152722,1063.47819012268
1,All Population,5,Prevalence,37,Kyrgyzstan,3,Both,22,All ages,495,Ischemic stroke,3,Rate,2014,563.0344768826,590.23867350989,533.07859913641
1,All Population,5,Prevalence,18,Thailand,3,Both,22,All ages,495,Ischemic stroke,3,Rate,2014,1044.00523849409,1090.63225538524,997.5238467334601
1,All Population,5,Prevalence,218,Togo,3,Both,22,All ages,495,Ischemic stroke,3,Rate,2014,590.1458981473199,618.17102544804,562.90763747748
1,All Population,5,Prevalence,26,Papua New Guinea,3,Both,22,All ages,495,Ischemic stroke,3,Rate,2014,363.8059105846,383.45152405895,345.40970663465
1,All Population,5,Prevalence,164,Nepal,3,Both,22,All ages,495,Ischemic stroke,3,Rate,2014,542.54031631874,570.7181161050601,517.14140391438
1,All Population,5,Prevalence,117,Saint Vincent and the Grenadines,3,Both,22,All ages,495,Ischemic stroke,3,Rate,2014,867.58180990586,920.21446903776,822.23065999063
1,All Population,5,Prevalence,47,Czechia,3,Both,22,All ages,495,Ischemic stroke,3,Rate,2014,1296.42034526938,1398.64276539405,1217.9090726664401
1,All Population,5,Prevalence,94,Switzerland,3,Both,22,All ages,495,Ischemic stroke,3,Rate,2014,861.79540613793,894.5868307661401,827.95267554627
1,All Population,5,Prevalence,72,New Zealand,3,Both,22,All ages,495,Ischemic stroke,3,Rate,2014,939.4970254337901,1036.49037157095,858.90131495206
1,All Population,5,Prevalence,80,France,3,Both,22,All ages,495,Ischemic stroke,3,Rate,2014,1120.73761311709,1152.29440471873,1084.00997539329
1,All Population,5,Prevalence,60,Lithuania,3,Both,22,All ages,495,Ischemic stroke,3,Rate,2014,1512.4757923701102,1677.39623795191,1346.34159384462
1,All Population,5,Prevalence,139,Algeria,3,Both,22,All ages,495,Ischemic stroke,3,Rate,2014,619.01919056108,648.6129089163001,589.21159496385
1,All Population,5,Prevalence,186,Seychelles,3,Both,22,All ages,495,Ischemic stroke,3,Rate,2014,891.6741962198399,934.63699758543,849.9709681289099
1,All Population,5,Prevalence,119,Trinidad and Tobago,3,Both,22,All ages,495,Ischemic stroke,3,Rate,2014,906.39468601885,951.9955518070699,854.9072451140499
1,All Population,5,Prevalence,107,Barbados,3,Both,22,All ages,495,Ischemic stroke,3,Rate,2014,1037.8404943329501,1082.7233332606,987.81749344654
1,All Population,5,Prevalence,20,Viet Nam,3,Both,22,All ages,495,Ischemic stroke,3,Rate,2014,887.57547331278,927.7242114053599,848.03226679824
1,All Population,5,Prevalence,133,Venezuela (Bolivarian Republic of),3,Both,22,All ages,495,Ischemic stroke,3,Rate,2014,451.23656695421,471.5346605963,429.14594452826
1,All Population,5,Prevalence,33,Armenia,3,Both,22,All ages,495,Ischemic stroke,3,Rate,2014,830.87392181271,873.7883453412501,790.83371744331
1,All Population,5,Prevalence,86,Italy,3,Both,22,All ages,495,Ischemic stroke,3,Rate,2014,1014.4737574326899,1126.11849030668,898.6323899002999
1,All Population,5,Prevalence,75,Austria,3,Both,22,All ages,495,Ischemic stroke,3,Rate,2014,1622.34510755522,1698.8158503739699,1545.89901354662
1,All Population,5,Prevalence,39,Tajikistan,3,Both,22,All ages,495,Ischemic stroke,3,Rate,2014,437.07864697442,461.31537455865,414.85161207242004
1,All Population,5,Prevalence,51,Poland,3,Both,22,All ages,495,Ischemic stroke,3,Rate,2014,1069.5124903452502,1211.29408929959,962.5348104467
1,All Population,5,Prevalence,152,Saudi Arabia,3,Both,22,All ages,495,Ischemic stroke,3,Rate,2014,489.66244478236996,515.61929593299,464.21380420262
1,All Population,5,Prevalence,30,Vanuatu,3,Both,22,All ages,495,Ischemic stroke,3,Rate,2014,683.5825082005,716.97995391182,652.99615422326
1,All Population,5,Prevalence,52,Romania,3,Both,22,All ages,495,Ischemic stroke,3,Rate,2014,1388.45621745039,1509.66781990356,1284.5198895046701
1,All Population,5,Prevalence,200,Benin,3,Both,22,All ages,495,Ischemic stroke,3,Rate,2014,443.73622833784,466.76849321643,421.82886591057
1,All Population,5,Prevalence,49,North Macedonia,3,Both,22,All ages,495,Ischemic stroke,3,Rate,2014,1619.27714767131,1702.5138847309202,1532.83859080181
1,All Population,5,Prevalence,175,Burundi,3,Both,22,All ages,495,Ischemic stroke,3,Rate,2014,356.86157837506,376.27889180834,339.05297628566
1,All Population,5,Prevalence,191,Zambia,3,Both,22,All ages,495,Ischemic stroke,3,Rate,2014,353.35171073962,371.17745001952,336.99504786092
1,All Population,5,Prevalence,98,Chile,3,Both,22,All ages,495,Ischemic stroke,3,Rate,2014,740.6266495971,775.54732720684,711.64348970939
1,All Population,5,Prevalence,83,Iceland,3,Both,22,All ages,495,Ischemic stroke,3,Rate,2014,830.64173452967,865.74801981577,792.3879150796
1,All Population,5,Prevalence,99,Uruguay,3,Both,22,All ages,495,Ischemic stroke,3,Rate,2014,766.49235186381,809.68730438589,720.96774388634
1,All Population,5,Prevalence,123,Peru,3,Both,22,All ages,495,Ischemic stroke,3,Rate,2014,534.42050926373,558.94646825015,509.17332151416997
1,All Population,5,Prevalence,109,Cuba,3,Both,22,All ages,495,Ischemic stroke,3,Rate,2014,1237.0421335172,1293.21540137414,1182.10313811984
1,All Population,5,Prevalence,15,Myanmar,3,Both,22,All ages,495,Ischemic stroke,3,Rate,2014,811.55894623881,847.66611983803,772.02114722283
1,All Population,5,Prevalence,194,Lesotho,3,Both,22,All ages,495,Ischemic stroke,3,Rate,2014,444.66896830376,473.89501960169997,415.3366576578
1,All Population,5,Prevalence,62,Russian Federation,3,Both,22,All ages,495,Ischemic stroke,3,Rate,2014,1290.5874102108698,1437.73821947512,1163.7510177762101
1,All Population,5,Prevalence,197,Eswatini,3,Both,22,All ages,495,Ischemic stroke,3,Rate,2014,384.25870671334997,407.82759459839997,360.01403213657
1,All Population,5,Prevalence,136,Paraguay,3,Both,22,All ages,495,Ischemic stroke,3,Rate,2014,586.14286824569,613.8452551853501,562.16592908116
1,All Population,5,Prevalence,23,Kiribati,3,Both,22,All ages,495,Ischemic stroke,3,Rate,2014,646.00704295496,677.5664599041501,614.6915613935
1,All Population,5,Prevalence,7,Democratic People's Republic of Korea,3,Both,22,All ages,495,Ischemic stroke,3,Rate,2014,1149.1996350336399,1216.95780994982,1090.40292652222
1,All Population,5,Prevalence,88,Malta,3,Both,22,All ages,495,Ischemic stroke,3,Rate,2014,765.1377155468,804.8532193794899,727.36990448175
1,All Population,5,Prevalence,170,Congo,3,Both,22,All ages,495,Ischemic stroke,3,Rate,2014,457.80841188625004,479.98077969713,436.2634732912
1,All Population,5,Prevalence,41,Uzbekistan,3,Both,22,All ages,495,Ischemic stroke,3,Rate,2014,573.17882878549,601.4263103827101,545.99010979537
1,All Population,5,Prevalence,12,Lao People's Democratic Republic,3,Both,22,All ages,495,Ischemic stroke,3,Rate,2014,541.8418372907,574.8955136319701,515.05282054291
1,All Population,5,Prevalence,54,Slovakia,3,Both,22,All ages,495,Ischemic stroke,3,Rate,2014,1294.27065316435,1380.46497050368,1207.2211695271199
1,All Population,5,Prevalence,101,Canada,3,Both,22,All ages,495,Ischemic stroke,3,Rate,2014,1430.23037280804,1476.45183844452,1376.84538455091
1,All Population,5,Prevalence,196,South Africa,3,Both,22,All ages,495,Ischemic stroke,3,Rate,2014,507.25051209886,569.53479250713,452.8713176484
1,All Population,5,Prevalence,128,Guatemala,3,Both,22,All ages,495,Ischemic stroke,3,Rate,2014,312.07664652801003,328.2263618631,296.47186422547
1,All Population,5,Prevalence,141,Egypt,3,Both,22,All ages,495,Ischemic stroke,3,Rate,2014,733.3104194879601,765.09822913393,701.5382467629199
1,All Population,5,Prevalence,154,Tunisia,3,Both,22,All ages,495,Ischemic stroke,3,Rate,2014,616.0802459059,650.8271382628501,584.33673544748
1,All Population,5,Prevalence,111,Dominican Republic,3,Both,22,All ages,495,Ischemic stroke,3,Rate,2014,621.09748354522,648.44674933973,591.51253323681
1,All Population,5,Prevalence,156,United Arab Emirates,3,Both,22,All ages,495,Ischemic stroke,3,Rate,2014,563.69623561663,603.05581194573,528.70259737666
1,All Population,5,Prevalence,43,Albania,3,Both,22,All ages,495,Ischemic stroke,3,Rate,2014,788.38272983155,838.0807667740501,739.61273253023
1,All Population,5,Prevalence,206,Gambia,3,Both,22,All ages,495,Ischemic stroke,3,Rate,2014,642.24366810761,672.89086041943,607.8735591693099
1,All Population,5,Prevalence,90,Norway,3,Both,22,All ages,495,Ischemic stroke,3,Rate,2014,1188.67187338589,1325.41048221983,1056.19020413416
1,All Population,5,Prevalence,183,Mauritius,3,Both,22,All ages,495,Ischemic stroke,3,Rate,2014,1014.01940356432,1059.10972079903,970.9094702810099
1,All Population,5,Prevalence,35,Georgia,3,Both,22,All ages,495,Ischemic stroke,3,Rate,2014,1222.7901360385001,1304.45056075349,1140.65771530371
1,All Population,5,Prevalence,205,Côte d'Ivoire,3,Both,22,All ages,495,Ischemic stroke,3,Rate,2014,526.70445990862,549.11695019234,502.64567073084
1,All Population,5,Prevalence,146,Lebanon,3,Both,22,All ages,495,Ischemic stroke,3,Rate,2014,597.53778247089,627.85882244797,568.88274495066
1,All Population,5,Prevalence,112,Grenada,3,Both,22,All ages,495,Ischemic stroke,3,Rate,2014,1063.72712206089,1106.10856826301,1013.8081223265699
1,All Population,5,Prevalence,67,Japan,3,Both,22,All ages,495,Ischemic stroke,3,Rate,2014,1611.87849922931,1780.29542173486,1436.8992577998201
1,All Population,5,Prevalence,161,Bangladesh,3,Both,22,All ages,495,Ischemic stroke,3,Rate,2014,533.93821197592,562.17468631132,509.64466646859
1,All Population,5,Prevalence,176,Comoros,3,Both,22,All ages,495,Ischemic stroke,3,Rate,2014,604.46218375989,638.9441726464,568.2471356199101
1,All Population,5,Prevalence,36,Kazakhstan,3,Both,22,All ages,495,Ischemic stroke,3,Rate,2014,796.67006566808,852.34780806798,745.2435507568799
1,All Population,5,Prevalence,351,Guam,3,Both,22,All ages,495,Ischemic stroke,3,Rate,2014,766.11129007902,797.03230403691,734.69821094466
1,All Population,5,Prevalence,145,Kuwait,3,Both,22,All ages,495,Ischemic stroke,3,Rate,2014,655.93711911883,691.19838455716,619.37439420792
1,All Population,5,Prevalence,208,Guinea,3,Both,22,All ages,495,Ischemic stroke,3,Rate,2014,558.50175202139,586.1507397202901,532.32303353069
1,All Population,5,Prevalence,376,Northern Mariana Islands,3,Both,22,All ages,495,Ischemic stroke,3,Rate,2014,586.30536239221,614.79693831929,556.27673026325
1,All Population,5,Prevalence,22,Fiji,3,Both,22,All ages,495,Ischemic stroke,3,Rate,2014,610.15100033603,636.67172898681,583.56982697785
1,All Population,5,Prevalence,127,El Salvador,3,Both,22,All ages,495,Ischemic stroke,3,Rate,2014,468.76721106127,491.59204226034,447.38300510719
1,All Population,5,Prevalence,148,Morocco,3,Both,22,All ages,495,Ischemic stroke,3,Rate,2014,684.12594547579,719.43710120782,649.12874690502
1,All Population,5,Prevalence,367,Monaco,3,Both,22,All ages,495,Ischemic stroke,3,Rate,2014,1529.4308784970199,1627.33740003848,1435.54042969761
1,All Population,5,Prevalence,82,Greece,3,Both,22,All ages,495,Ischemic stroke,3,Rate,2014,1351.3558710309599,1420.3148942135501,1267.90211704487
1,All Population,5,Prevalence,210,Liberia,3,Both,22,All ages,495,Ischemic stroke,3,Rate,2014,543.5820411849301,572.05996398637,516.06088016866
1,All Population,5,Prevalence,212,Mauritania,3,Both,22,All ages,495,Ischemic stroke,3,Rate,2014,606.50832261453,634.68458268026,578.69126827579
1,All Population,5,Prevalence,213,Niger,3,Both,22,All ages,495,Ischemic stroke,3,Rate,2014,418.55605785243,437.99629324193,399.52434149312006
1,All Population,5,Prevalence,135,Brazil,3,Both,22,All ages,495,Ischemic stroke,3,Rate,2014,736.15807460767,817.1941391002101,673.17307155031
1,All Population,5,Prevalence,182,Malawi,3,Both,22,All ages,495,Ischemic stroke,3,Rate,2014,381.88015286213,401.76837758652005,360.67655983577
1,All Population,5,Prevalence,169,Central African Republic,3,Both,22,All ages,495,Ischemic stroke,3,Rate,2014,408.04714451161,431.27192212455,384.61348786112
1,All Population,5,Prevalence,122,Ecuador,3,Both,22,All ages,495,Ischemic stroke,3,Rate,2014,554.57513206386,582.59972087542,526.62161178025
1,All Population,5,Prevalence,106,Bahamas,3,Both,22,All ages,495,Ischemic stroke,3,Rate,2014,541.45757368209,565.8998861744,516.01427304435
1,All Population,5,Prevalence,435,South Sudan,3,Both,22,All ages,495,Ischemic stroke,3,Rate,2014,338.64314398176,355.55047834632,320.39542031931
1,All Population,5,Prevalence,125,Colombia,3,Both,22,All ages,495,Ischemic stroke,3,Rate,2014,553.3314021454601,580.26481499947,526.1811962117999
1,All Population,5,Prevalence,177,Djibouti,3,Both,22,All ages,495,Ischemic stroke,3,Rate,2014,448.23753842289,471.68688395296005,426.68889616637
1,All Population,5,Prevalence,193,Botswana,3,Both,22,All ages,495,Ischemic stroke,3,Rate,2014,389.927443897,413.49179858910003,364.76100857149
1,All Population,5,Prevalence,85,Israel,3,Both,22,All ages,495,Ischemic stroke,3,Rate,2014,799.27432098082,851.8714834370099,749.86144056694
1,All Population,5,Prevalence,130,Mexico,3,Both,22,All ages,495,Ischemic stroke,3,Rate,2014,497.60220713328,551.13405680908,452.17194357677
1,All Population,5,Prevalence,17,Sri Lanka,3,Both,22,All ages,495,Ischemic stroke,3,Rate,2014,942.36360094052,987.83217421447,899.4120989760501
1,All Population,5,Prevalence,320,Cook Islands,3,Both,22,All ages,495,Ischemic stroke,3,Rate,2014,898.16232897585,935.8088235505701,861.1641259248499
1,All Population,5,Prevalence,413,Tokelau,3,Both,22,All ages,495,Ischemic stroke,3,Rate,2014,937.2040615133701,991.70073573044,888.4711230334999
1,All Population,5,Prevalence,54,Slovakia,3,Both,22,All ages,495,Ischemic stroke,3,Rate,2015,1297.67829051855,1381.03990304944,1211.83426253939
1,All Population,5,Prevalence,151,Qatar,3,Both,22,All ages,495,Ischemic stroke,3,Rate,2014,568.5071691004,606.05366234036,533.67913912202
1,All Population,5,Prevalence,46,Croatia,3,Both,22,All ages,495,Ischemic stroke,3,Rate,2014,1310.26818071396,1401.0248405033599,1221.81813137105
1,All Population,5,Prevalence,172,Equatorial Guinea,3,Both,22,All ages,495,Ischemic stroke,3,Rate,2014,282.44728645758,297.50416903052997,266.84482549066996
1,All Population,5,Prevalence,201,Burkina Faso,3,Both,22,All ages,495,Ischemic stroke,3,Rate,2014,446.75586859379,469.06402449718996,424.25660866542
1,All Population,5,Prevalence,24,Marshall Islands,3,Both,22,All ages,495,Ischemic stroke,3,Rate,2014,483.76108876023,506.68305645784,461.73378901634
1,All Population,5,Prevalence,20,Viet Nam,3,Both,22,All ages,495,Ischemic stroke,3,Rate,2015,902.7141995517801,942.6989124722901,860.60678872371
1,All Population,5,Prevalence,369,Nauru,3,Both,22,All ages,495,Ischemic stroke,3,Rate,2014,485.79641836016003,508.13012638208,464.29707571888997
1,All Population,5,Prevalence,207,Ghana,3,Both,22,All ages,495,Ischemic stroke,3,Rate,2014,699.49688026829,733.52626811778,668.66233566658
1,All Population,5,Prevalence,189,United Republic of Tanzania,3,Both,22,All ages,495,Ischemic stroke,3,Rate,2014,431.00743475418,455.75234626593,408.01910520627
1,All Population,5,Prevalence,77,Cyprus,3,Both,22,All ages,495,Ischemic stroke,3,Rate,2014,593.73814874938,627.61886255824,560.90911818164
1,All Population,5,Prevalence,150,Oman,3,Both,22,All ages,495,Ischemic stroke,3,Rate,2014,478.75831609845,503.5768700338,454.02972547069
1,All Population,5,Prevalence,305,Bermuda,3,Both,22,All ages,495,Ischemic stroke,3,Rate,2014,928.71221113438,978.18211465843,883.2203957120901
1,All Population,5,Prevalence,59,Latvia,3,Both,22,All ages,495,Ischemic stroke,3,Rate,2014,1540.43635138506,1644.58380164318,1432.1966480986798
1,All Population,5,Prevalence,185,Rwanda,3,Both,22,All ages,495,Ischemic stroke,3,Rate,2014,374.77000098045,392.93664777451,354.96019030578
1,All Population,5,Prevalence,385,Puerto Rico,3,Both,22,All ages,495,Ischemic stroke,3,Rate,2014,934.40761048721,976.1473803821599,888.32330675981
1,All Population,5,Prevalence,374,Niue,3,Both,22,All ages,495,Ischemic stroke,3,Rate,2014,1169.38208425732,1233.1089027662,1109.97067123917
1,All Population,5,Prevalence,7,Democratic People's Republic of Korea,3,Both,22,All ages,495,Ischemic stroke,3,Rate,2015,1167.08415137368,1234.3699617857299,1107.58149165686
1,All Population,5,Prevalence,91,Portugal,3,Both,22,All ages,495,Ischemic stroke,3,Rate,2014,1423.7576771798601,1506.35336376524,1341.7244030726
1,All Population,5,Prevalence,132,Panama,3,Both,22,All ages,495,Ischemic stroke,3,Rate,2014,596.0174981655,622.44457434757,566.69399602387
1,All Population,5,Prevalence,179,Ethiopia,3,Both,22,All ages,495,Ischemic stroke,3,Rate,2014,267.98848112552,299.6353449354,238.15643548039
1,All Population,5,Prevalence,298,American Samoa,3,Both,22,All ages,495,Ischemic stroke,3,Rate,2014,558.3603825868,584.7665970269,532.66071237089
1,All Population,5,Prevalence,202,Cameroon,3,Both,22,All ages,495,Ischemic stroke,3,Rate,2014,481.37745199946,505.83100485704,456.93784196712005
1,All Population,5,Prevalence,19,Timor-Leste,3,Both,22,All ages,495,Ischemic stroke,3,Rate,2014,567.6830207781201,599.86039241126,538.8535567937599
1,All Population,5,Prevalence,79,Finland,3,Both,22,All ages,495,Ischemic stroke,3,Rate,2014,1572.95143962068,1658.26406581274,1494.7339963515699
1,All Population,5,Prevalence,87,Luxembourg,3,Both,22,All ages,495,Ischemic stroke,3,Rate,2014,708.52072621176,741.94023077874,675.06378796564
1,All Population,5,Prevalence,25,Micronesia (Federated States of),3,Both,22,All ages,495,Ischemic stroke,3,Rate,2014,656.69704539629,684.9221138804401,628.93606317407
1,All Population,5,Prevalence,36,Kazakhstan,3,Both,22,All ages,495,Ischemic stroke,3,Rate,2015,791.3111040403501,846.61279160748,737.9177818744299
1,All Population,5,Prevalence,38,Mongolia,3,Both,22,All ages,495,Ischemic stroke,3,Rate,2014,360.58564627497,381.81010155975997,338.76111502867
1,All Population,5,Prevalence,35,Georgia,3,Both,22,All ages,495,Ischemic stroke,3,Rate,2015,1226.76523213116,1309.09544609592,1142.66663137552
1,All Population,5,Prevalence,522,Sudan,3,Both,22,All ages,495,Ischemic stroke,3,Rate,2014,710.06484513545,744.91865001876,676.85403615394
1,All Population,5,Prevalence,126,Costa Rica,3,Both,22,All ages,495,Ischemic stroke,3,Rate,2014,529.61752584305,552.47060984378,505.38724410454995
1,All Population,5,Prevalence,184,Mozambique,3,Both,22,All ages,495,Ischemic stroke,3,Rate,2014,478.72282655611,504.07250657111996,455.05298433272
1,All Population,5,Prevalence,66,Brunei Darussalam,3,Both,22,All ages,495,Ischemic stroke,3,Rate,2015,515.58256251863,540.47183282374,486.39995981351007
1,All Population,5,Prevalence,23,Kiribati,3,Both,22,All ages,495,Ischemic stroke,3,Rate,2015,648.76819195091,681.29131257623,617.12060335294
1,All Population,5,Prevalence,215,Sao Tome and Principe,3,Both,22,All ages,495,Ischemic stroke,3,Rate,2014,626.01839177175,654.93033783084,596.61486829253
1,All Population,5,Prevalence,171,Democratic Republic of the Congo,3,Both,22,All ages,495,Ischemic stroke,3,Rate,2014,406.60711771838,430.41915165954,382.61027124617
1,All Population,5,Prevalence,112,Grenada,3,Both,22,All ages,495,Ischemic stroke,3,Rate,2015,1075.18311874858,1119.4303718153,1025.29434147538
1,All Population,5,Prevalence,209,Guinea-Bissau,3,Both,22,All ages,495,Ischemic stroke,3,Rate,2014,530.10849816991,554.40992241015,505.67717458543
1,All Population,5,Prevalence,101,Canada,3,Both,22,All ages,495,Ischemic stroke,3,Rate,2015,1440.35227957929,1488.0424655945299,1385.72069078313
1,All Population,5,Prevalence,422,United States Virgin Islands,3,Both,22,All ages,495,Ischemic stroke,3,Rate,2014,950.4111334458901,996.50171188117,906.42589253669
1,All Population,5,Prevalence,67,Japan,3,Both,22,All ages,495,Ischemic stroke,3,Rate,2015,1635.6340650008901,1804.1489500199602,1459.50812821209
1,All Population,5,Prevalence,140,Bahrain,3,Both,22,All ages,495,Ischemic stroke,3,Rate,2014,548.04574759301,579.31335941428,516.57141505191
1,All Population,5,Prevalence,114,Haiti,3,Both,22,All ages,495,Ischemic stroke,3,Rate,2015,477.24466952415,505.476309893,453.64482979940004
1,All Population,5,Prevalence,59,Latvia,3,Both,22,All ages,495,Ischemic stroke,3,Rate,2015,1539.29365593259,1643.14685417151,1431.4459849383202
1,All Population,5,Prevalence,116,Saint Lucia,3,Both,22,All ages,495,Ischemic stroke,3,Rate,2015,894.21925223097,951.42565127478,833.99006824367
1,All Population,5,Prevalence,69,Singapore,3,Both,22,All ages,495,Ischemic stroke,3,Rate,2015,995.17585961248,1024.58197734528,964.97883832079
1,All Population,5,Prevalence,118,Suriname,3,Both,22,All ages,495,Ischemic stroke,3,Rate,2015,759.56619865728,800.23080454564,722.53873019461
1,All Population,5,Prevalence,71,Australia,3,Both,22,All ages,495,Ischemic stroke,3,Rate,2015,910.69173086386,947.3715974959,870.1119674955
1,All Population,5,Prevalence,69,Singapore,3,Both,22,All ages,495,Ischemic stroke,3,Rate,2014,961.6904412925301,990.99877211287,934.65986121543
1,All Population,5,Prevalence,50,Montenegro,3,Both,22,All ages,495,Ischemic stroke,3,Rate,2015,1145.37609499102,1213.6648412987602,1078.36726880839
1,All Population,5,Prevalence,163,India,3,Both,22,All ages,495,Ischemic stroke,3,Rate,2014,574.99172032519,643.1659400183399,505.87495625428
1,All Population,5,Prevalence,11,Indonesia,3,Both,22,All ages,495,Ischemic stroke,3,Rate,2014,877.4605019660399,977.15855514476,776.69600190596
1,All Population,5,Prevalence,97,Argentina,3,Both,22,All ages,495,Ischemic stroke,3,Rate,2015,442.82530287058,469.04333739226,416.75950563206
1,All Population,5,Prevalence,44,Bosnia and Herzegovina,3,Both,22,All ages,495,Ischemic stroke,3,Rate,2015,1550.54522250561,1622.7606522019998,1477.1257494343101
1,All Population,5,Prevalence,82,Greece,3,Both,22,All ages,495,Ischemic stroke,3,Rate,2015,1361.89503985351,1432.99724810007,1282.2446469327901
1,All Population,5,Prevalence,127,El Salvador,3,Both,22,All ages,495,Ischemic stroke,3,Rate,2015,471.52455473775,492.66347866156,447.77504657385
1,All Population,5,Prevalence,72,New Zealand,3,Both,22,All ages,495,Ischemic stroke,3,Rate,2015,938.4540555251401,1037.02343121227,853.6165358604001
1,All Population,5,Prevalence,51,Poland,3,Both,22,All ages,495,Ischemic stroke,3,Rate,2015,1099.79785336898,1247.58900344636,991.49751024863
1,All Population,5,Prevalence,130,Mexico,3,Both,22,All ages,495,Ischemic stroke,3,Rate,2015,505.41914713332005,559.92917892666,459.32062417628
1,All Population,5,Prevalence,113,Guyana,3,Both,22,All ages,495,Ischemic stroke,3,Rate,2015,665.27875136019,699.1449842017,629.57586845273
1,All Population,5,Prevalence,117,Saint Vincent and the Grenadines,3,Both,22,All ages,495,Ischemic stroke,3,Rate,2015,882.6241328178501,937.5234353329599,837.85324273712
1,All Population,5,Prevalence,81,Germany,3,Both,22,All ages,495,Ischemic stroke,3,Rate,2015,2207.7877050952497,2261.93384464271,2151.63905971154
1,All Population,5,Prevalence,144,Jordan,3,Both,22,All ages,495,Ischemic stroke,3,Rate,2015,569.32673250913,596.07947060648,542.37998768139
1,All Population,5,Prevalence,28,Solomon Islands,3,Both,22,All ages,495,Ischemic stroke,3,Rate,2015,466.21014735972,490.9407708598,443.9921333724
1,All Population,5,Prevalence,125,Colombia,3,Both,22,All ages,495,Ischemic stroke,3,Rate,2015,560.4200517706699,589.4048436275,531.62158178013
1,All Population,5,Prevalence,136,Paraguay,3,Both,22,All ages,495,Ischemic stroke,3,Rate,2015,592.1617533319101,621.32823143242,565.5977982213101
1,All Population,5,Prevalence,183,Mauritius,3,Both,22,All ages,495,Ischemic stroke,3,Rate,2015,1033.40139874396,1080.86285002879,987.23320357691
1,All Population,5,Prevalence,33,Armenia,3,Both,22,All ages,495,Ischemic stroke,3,Rate,2015,841.76625345646,886.22291017226,800.1673662037899
1,All Population,5,Prevalence,27,Samoa,3,Both,22,All ages,495,Ischemic stroke,3,Rate,2015,670.59954238459,703.91290136884,634.62769904614
1,All Population,5,Prevalence,12,Lao People's Democratic Republic,3,Both,22,All ages,495,Ischemic stroke,3,Rate,2015,547.21171694812,579.12650846722,519.9266225508101
1,All Population,5,Prevalence,143,Iraq,3,Both,22,All ages,495,Ischemic stroke,3,Rate,2015,685.95953846525,717.74174908515,655.4455826465299
1,All Population,5,Prevalence,30,Vanuatu,3,Both,22,All ages,495,Ischemic stroke,3,Rate,2015,687.0093376434199,721.01841645558,655.66894505991
1,All Population,5,Prevalence,217,Sierra Leone,3,Both,22,All ages,495,Ischemic stroke,3,Rate,2015,544.28434830766,573.3551845736599,518.06735490504
1,All Population,5,Prevalence,148,Morocco,3,Both,22,All ages,495,Ischemic stroke,3,Rate,2015,693.0998900202101,730.5125984248799,656.7288607764
1,All Population,5,Prevalence,187,Somalia,3,Both,22,All ages,495,Ischemic stroke,3,Rate,2014,382.22296490882,402.62147723362006,361.76880281446
1,All Population,5,Prevalence,89,Netherlands,3,Both,22,All ages,495,Ischemic stroke,3,Rate,2015,1144.2548733928,1198.7464351501,1094.84808676325
1,All Population,5,Prevalence,160,Afghanistan,3,Both,22,All ages,495,Ischemic stroke,3,Rate,2015,496.96568816183003,522.34058560686,472.62271945297
1,All Population,5,Prevalence,351,Guam,3,Both,22,All ages,495,Ischemic stroke,3,Rate,2015,780.86912680145,812.90841796993,748.5488195400601
1,All Population,5,Prevalence,93,Sweden,3,Both,22,All ages,495,Ischemic stroke,3,Rate,2014,1535.82302744515,1566.39323318295,1500.21683808686
1,All Population,5,Prevalence,197,Eswatini,3,Both,22,All ages,495,Ischemic stroke,3,Rate,2015,390.5916990422,415.08072087018996,364.88122113496996
1,All Population,5,Prevalence,121,Bolivia (Plurinational State of),3,Both,22,All ages,495,Ischemic stroke,3,Rate,2015,490.01805581626996,513.04915252157,467.93722250269
1,All Population,5,Prevalence,83,Iceland,3,Both,22,All ages,495,Ischemic stroke,3,Rate,2015,830.0809454181899,867.9708621067201,791.13146242119
1,All Population,5,Prevalence,34,Azerbaijan,3,Both,22,All ages,495,Ischemic stroke,3,Rate,2015,529.8785640736199,558.1696883313,499.59202756163
1,All Population,5,Prevalence,85,Israel,3,Both,22,All ages,495,Ischemic stroke,3,Rate,2015,794.20983052358,846.26011811633,747.57358607027
1,All Population,5,Prevalence,87,Luxembourg,3,Both,22,All ages,495,Ischemic stroke,3,Rate,2015,702.53766549492,734.81001431036,666.44665009605
1,All Population,5,Prevalence,176,Comoros,3,Both,22,All ages,495,Ischemic stroke,3,Rate,2015,607.9825838862599,643.78899247779,571.38291253261
1,All Population,5,Prevalence,129,Honduras,3,Both,22,All ages,495,Ischemic stroke,3,Rate,2014,470.9219435096,490.87567416628,448.50767543904004
1,All Population,5,Prevalence,114,Haiti,3,Both,22,All ages,495,Ischemic stroke,3,Rate,2014,475.51256721399,502.81847758163997,451.78375912876
1,All Population,5,Prevalence,172,Equatorial Guinea,3,Both,22,All ages,495,Ischemic stroke,3,Rate,2015,280.819514382,296.3114817688,264.72062747131
1,All Population,5,Prevalence,190,Uganda,3,Both,22,All ages,495,Ischemic stroke,3,Rate,2015,338.1158407858,357.11650127216,320.91377122078
1,All Population,5,Prevalence,169,Central African Republic,3,Both,22,All ages,495,Ischemic stroke,3,Rate,2015,415.7474786473,440.11448385130006,391.86943195848
1,All Population,5,Prevalence,122,Ecuador,3,Both,22,All ages,495,Ischemic stroke,3,Rate,2015,559.65508059339,588.40454455273,532.26264118708
1,All Population,5,Prevalence,17,Sri Lanka,3,Both,22,All ages,495,Ischemic stroke,3,Rate,2015,952.28910889452,997.3449093728701,908.63259545279
1,All Population,5,Prevalence,106,Bahamas,3,Both,22,All ages,495,Ischemic stroke,3,Rate,2015,548.8966487655899,574.59312999684,523.1978154514401
1,All Population,5,Prevalence,19,Timor-Leste,3,Both,22,All ages,495,Ischemic stroke,3,Rate,2015,580.5597339833599,612.70415412618,551.87489730636
1,All Population,5,Prevalence,6,China,3,Both,22,All ages,495,Ischemic stroke,3,Rate,2015,1184.2040487079,1312.49156026564,1065.52905015442
1,All Population,5,Prevalence,68,Republic of Korea,3,Both,22,All ages,495,Ischemic stroke,3,Rate,2015,1189.5379026427602,1276.4842793461398,1108.10628663851
1,All Population,5,Prevalence,212,Mauritania,3,Both,22,All ages,495,Ischemic stroke,3,Rate,2015,606.59921797129,635.05589846002,577.998057994
1,All Population,5,Prevalence,40,Turkmenistan,3,Both,22,All ages,495,Ischemic stroke,3,Rate,2014,800.4552577881,840.8541926695901,762.94180050575
1,All Population,5,Prevalence,48,Hungary,3,Both,22,All ages,495,Ischemic stroke,3,Rate,2014,1479.36696644044,1566.9714350688198,1407.7012697295
1,All Population,5,Prevalence,211,Mali,3,Both,22,All ages,495,Ischemic stroke,3,Rate,2014,447.14007632576,467.44599670061,426.88443325817
1,All Population,5,Prevalence,129,Honduras,3,Both,22,All ages,495,Ischemic stroke,3,Rate,2015,472.98893723479,493.73999108605,450.18404971548
1,All Population,5,Prevalence,198,Zimbabwe,3,Both,22,All ages,495,Ischemic stroke,3,Rate,2014,415.25238365351,437.79742512731997,393.48812408971
1,All Population,5,Prevalence,74,Andorra,3,Both,22,All ages,495,Ischemic stroke,3,Rate,2015,890.92243208083,946.51103830192,843.97611525236
1,All Population,5,Prevalence,153,Syrian Arab Republic,3,Both,22,All ages,495,Ischemic stroke,3,Rate,2014,550.45672614942,578.7661639261701,522.17151231464
1,All Population,5,Prevalence,78,Denmark,3,Both,22,All ages,495,Ischemic stroke,3,Rate,2015,1109.98888985034,1164.70396259527,1054.73826538239
1,All Population,5,Prevalence,111,Dominican Republic,3,Both,22,All ages,495,Ischemic stroke,3,Rate,2015,627.45977638805,653.94289981436,597.97954232489
1,All Population,5,Prevalence,151,Qatar,3,Both,22,All ages,495,Ischemic stroke,3,Rate,2015,570.91065263981,610.70662688485,537.40109508722
1,All Population,5,Prevalence,380,Palau,3,Both,22,All ages,495,Ischemic stroke,3,Rate,2015,1019.74894492163,1067.0345309266502,978.8182703273999
1,All Population,5,Prevalence,305,Bermuda,3,Both,22,All ages,495,Ischemic stroke,3,Rate,2015,944.62661649748,990.87300520128,897.3180731725801
1,All Population,5,Prevalence,214,Nigeria,3,Both,22,All ages,495,Ischemic stroke,3,Rate,2015,458.84859123589996,509.68900951173003,409.72439709139996
1,All Population,5,Prevalence,298,American Samoa,3,Both,22,All ages,495,Ischemic stroke,3,Rate,2015,570.1709479797,597.3104599539399,544.2038240061
1,All Population,5,Prevalence,182,Malawi,3,Both,22,All ages,495,Ischemic stroke,3,Rate,2015,382.5031446598,402.53633018516996,361.84133790767004
1,All Population,5,Prevalence,43,Albania,3,Both,22,All ages,495,Ischemic stroke,3,Rate,2015,818.65581107942,872.40105201643,765.85659021711
1,All Population,5,Prevalence,80,France,3,Both,22,All ages,495,Ischemic stroke,3,Rate,2015,1137.10548894274,1172.92171077582,1099.83139663571
1,All Population,5,Prevalence,177,Djibouti,3,Both,22,All ages,495,Ischemic stroke,3,Rate,2015,454.00885432677,477.86272629314004,431.47801655419005
1,All Population,5,Prevalence,206,Gambia,3,Both,22,All ages,495,Ischemic stroke,3,Rate,2015,644.55342502944,674.19260899756,609.18316441181
1,All Population,5,Prevalence,146,Lebanon,3,Both,22,All ages,495,Ischemic stroke,3,Rate,2015,567.77119481437,597.8355049662,538.4318084745901
1,All Population,5,Prevalence,82,Greece,3,Both,22,All ages,495,Ischemic stroke,3,Rate,2016,1388.28896370675,1452.16792767792,1310.91618086734
1,All Population,5,Prevalence,161,Bangladesh,3,Both,22,All ages,495,Ischemic stroke,3,Rate,2015,544.32694768491,571.7546202905401,518.76006457148
1,All Population,5,Prevalence,84,Ireland,3,Both,22,All ages,495,Ischemic stroke,3,Rate,2016,610.78310750585,641.03449439654,579.68034320393
1,All Population,5,Prevalence,163,India,3,Both,22,All ages,495,Ischemic stroke,3,Rate,2015,585.8575998579199,655.40458654292,516.5987312889
1,All Population,5,Prevalence,86,Italy,3,Both,22,All ages,495,Ischemic stroke,3,Rate,2016,1036.1707900619801,1146.05415985307,920.15273535727
1,All Population,5,Prevalence,165,Pakistan,3,Both,22,All ages,495,Ischemic stroke,3,Rate,2015,489.958993598,544.37731353247,437.51341005027996
1,All Population,5,Prevalence,88,Malta,3,Both,22,All ages,495,Ischemic stroke,3,Rate,2016,769.5653323455,807.63239729374,733.8050329392
1,All Population,5,Prevalence,135,Brazil,3,Both,22,All ages,495,Ischemic stroke,3,Rate,2015,745.77245174038,828.83736370089,681.68724817244
1,All Population,5,Prevalence,380,Palau,3,Both,22,All ages,495,Ischemic stroke,3,Rate,2014,994.8215163649601,1037.44343546021,956.66377648807
1,All Population,5,Prevalence,13,Malaysia,3,Both,22,All ages,495,Ischemic stroke,3,Rate,2015,776.78322252758,811.5848889261499,743.56824595819
1,All Population,5,Prevalence,150,Oman,3,Both,22,All ages,495,Ischemic stroke,3,Rate,2015,482.07411465357,507.05521302726,458.30443142298
1,All Population,5,Prevalence,58,Estonia,3,Both,22,All ages,495,Ischemic stroke,3,Rate,2015,1145.5671315279499,1218.08530842108,1082.6967896389501
1,All Population,5,Prevalence,105,Antigua and Barbuda,3,Both,22,All ages,495,Ischemic stroke,3,Rate,2015,695.81921332708,726.8180301273001,668.45462913702
1,All Population,5,Prevalence,75,Austria,3,Both,22,All ages,495,Ischemic stroke,3,Rate,2015,1630.70255520642,1710.26399553375,1546.5409803851298
1,All Population,5,Prevalence,90,Norway,3,Both,22,All ages,495,Ischemic stroke,3,Rate,2015,1175.88594840978,1311.56123612321,1045.54380580149
1,All Population,5,Prevalence,204,Chad,3,Both,22,All ages,495,Ischemic stroke,3,Rate,2014,434.70570796657995,456.53711738676003,413.58436756919997
1,All Population,5,Prevalence,213,Niger,3,Both,22,All ages,495,Ischemic stroke,3,Rate,2015,419.30128629445,439.78908479624,399.2322025776
1,All Population,5,Prevalence,198,Zimbabwe,3,Both,22,All ages,495,Ischemic stroke,3,Rate,2015,421.26804436570995,443.60947110154,399.92438676168996
1,All Population,5,Prevalence,46,Croatia,3,Both,22,All ages,495,Ischemic stroke,3,Rate,2015,1316.64905263191,1409.88281650471,1218.74399435443
1,All Population,5,Prevalence,91,Portugal,3,Both,22,All ages,495,Ischemic stroke,3,Rate,2015,1405.17735321006,1482.4440715862202,1331.9394504173902
1,All Population,5,Prevalence,140,Bahrain,3,Both,22,All ages,495,Ischemic stroke,3,Rate,2015,551.94940431646,585.34799993107,519.12511647143
1,All Population,5,Prevalence,185,Rwanda,3,Both,22,All ages,495,Ischemic stroke,3,Rate,2015,377.84872406109,397.32114622560994,357.79547461269
1,All Population,5,Prevalence,207,Ghana,3,Both,22,All ages,495,Ischemic stroke,3,Rate,2015,704.52027580072,739.49586446858,673.37376075517
1,All Population,5,Prevalence,22,Fiji,3,Both,22,All ages,495,Ischemic stroke,3,Rate,2015,615.06302684889,642.09337780666,588.35380464634
1,All Population,5,Prevalence,48,Hungary,3,Both,22,All ages,495,Ischemic stroke,3,Rate,2015,1471.03909814151,1557.34323605902,1402.5638214056098
1,All Population,5,Prevalence,23,Kiribati,3,Both,22,All ages,495,Ischemic stroke,3,Rate,2016,653.41910489422,684.65698419406,622.56022717326
1,All Population,5,Prevalence,191,Zambia,3,Both,22,All ages,495,Ischemic stroke,3,Rate,2015,353.87881631276997,370.55022108251,338.12888608003
1,All Population,5,Prevalence,98,Chile,3,Both,22,All ages,495,Ischemic stroke,3,Rate,2015,744.28278928618,777.52846781546,713.96021950866
1,All Population,5,Prevalence,164,Nepal,3,Both,22,All ages,495,Ischemic stroke,3,Rate,2015,555.81348697064,583.61977764566,528.59862099932
1,All Population,5,Prevalence,28,Solomon Islands,3,Both,22,All ages,495,Ischemic stroke,3,Rate,2016,469.55800942954,494.02818154547,447.0847154413
1,All Population,5,Prevalence,81,Germany,3,Both,22,All ages,495,Ischemic stroke,3,Rate,2016,2224.73120663219,2279.03508022344,2167.4683680960998
1,All Population,5,Prevalence,113,Guyana,3,Both,22,All ages,495,Ischemic stroke,3,Rate,2016,679.26879906174,714.2199925019099,643.30373856349
1,All Population,5,Prevalence,396,San Marino,3,Both,22,All ages,495,Ischemic stroke,3,Rate,2014,1329.92777098716,1392.69627281581,1264.7763028323
1,All Population,5,Prevalence,201,Burkina Faso,3,Both,22,All ages,495,Ischemic stroke,3,Rate,2015,447.19863908944,469.47940941893995,424.54685807970003
1,All Population,5,Prevalence,349,Greenland,3,Both,22,All ages,495,Ischemic stroke,3,Rate,2014,1168.43003843313,1220.71862700366,1119.0105387410902
1,All Population,5,Prevalence,95,United Kingdom,3,Both,22,All ages,495,Ischemic stroke,3,Rate,2014,1039.70496083452,1130.63504258089,955.74201380053
1,All Population,5,Prevalence,12,Lao People's Democratic Republic,3,Both,22,All ages,495,Ischemic stroke,3,Rate,2016,555.4768209326,587.83270903565,526.57116301139
1,All Population,5,Prevalence,168,Angola,3,Both,22,All ages,495,Ischemic stroke,3,Rate,2015,323.42386814321,340.03021957021,307.73754092607
1,All Population,5,Prevalence,14,Maldives,3,Both,22,All ages,495,Ischemic stroke,3,Rate,2016,537.8857170541299,564.89087646038,513.67092574033
1,All Population,5,Prevalence,16,Philippines,3,Both,22,All ages,495,Ischemic stroke,3,Rate,2016,620.84518424114,682.9430400202,559.92172654399
1,All Population,5,Prevalence,66,Brunei Darussalam,3,Both,22,All ages,495,Ischemic stroke,3,Rate,2016,532.25099890949,557.24831205345,505.07638194263
1,All Population,5,Prevalence,18,Thailand,3,Both,22,All ages,495,Ischemic stroke,3,Rate,2016,1110.69899054495,1161.4353590588798,1059.42381418694
1,All Population,5,Prevalence,184,Mozambique,3,Both,22,All ages,495,Ischemic stroke,3,Rate,2015,477.81865054683004,504.62213208301006,453.58532958126005
1,All Population,5,Prevalence,126,Costa Rica,3,Both,22,All ages,495,Ischemic stroke,3,Rate,2015,535.81161695566,559.9861923536699,511.37054003783
1,All Population,5,Prevalence,181,Madagascar,3,Both,22,All ages,495,Ischemic stroke,3,Rate,2015,522.18277247923,547.0632749594,497.2816973918
1,All Population,5,Prevalence,196,South Africa,3,Both,22,All ages,495,Ischemic stroke,3,Rate,2015,509.10956032363,571.99096403563,454.5407666781
1,All Population,5,Prevalence,11,Indonesia,3,Both,22,All ages,495,Ischemic stroke,3,Rate,2015,891.3189427658501,992.3911109541,787.66947860077
1,All Population,5,Prevalence,435,South Sudan,3,Both,22,All ages,495,Ischemic stroke,3,Rate,2015,344.17394259221004,361.66784322519,327.04689246185
1,All Population,5,Prevalence,161,Bangladesh,3,Both,22,All ages,495,Ischemic stroke,3,Rate,2016,552.87394873939,581.75461510587,527.05708991209
1,All Population,5,Prevalence,112,Grenada,3,Both,22,All ages,495,Ischemic stroke,3,Rate,2016,1091.8355409004,1136.6870315724,1042.82000524764
1,All Population,5,Prevalence,71,Australia,3,Both,22,All ages,495,Ischemic stroke,3,Rate,2016,919.10572622485,953.8389469911099,877.6966965532099
1,All Population,5,Prevalence,13,Malaysia,3,Both,22,All ages,495,Ischemic stroke,3,Rate,2016,795.3537406252599,830.3852621128399,762.58554063892
1,All Population,5,Prevalence,162,Bhutan,3,Both,22,All ages,495,Ischemic stroke,3,Rate,2015,495.46895134213,523.63293765149,467.31971977418
1,All Population,5,Prevalence,98,Chile,3,Both,22,All ages,495,Ischemic stroke,3,Rate,2016,756.96419704395,789.6634721756,726.2841638461899
1,All Population,5,Prevalence,51,Poland,3,Both,22,All ages,495,Ischemic stroke,3,Rate,2016,1120.61863685531,1273.41924242441,1009.6978666198
1,All Population,5,Prevalence,6,China,3,Both,22,All ages,495,Ischemic stroke,3,Rate,2016,1218.06041856913,1347.3606784787698,1095.00997089829
1,All Population,5,Prevalence,37,Kyrgyzstan,3,Both,22,All ages,495,Ischemic stroke,3,Rate,2015,562.3540608580299,588.83768920188,531.14467538759
1,All Population,5,Prevalence,116,Saint Lucia,3,Both,22,All ages,495,Ischemic stroke,3,Rate,2014,892.77989985734,948.52150369118,837.16008481282
1,All Population,5,Prevalence,160,Afghanistan,3,Both,22,All ages,495,Ischemic stroke,3,Rate,2016,497.88199399533,523.18486164812,474.10509661987004
1,All Population,5,Prevalence,102,United States of America,3,Both,22,All ages,495,Ischemic stroke,3,Rate,2016,1804.11926554516,1913.53307428796,1701.8331283456498
1,All Population,5,Prevalence,53,Serbia,3,Both,22,All ages,495,Ischemic stroke,3,Rate,2016,1321.86404387778,1398.49990402615,1250.3576761255001
1,All Population,5,Prevalence,36,Kazakhstan,3,Both,22,All ages,495,Ischemic stroke,3,Rate,2016,798.5178648564,854.05264960112,746.53921381198
1,All Population,5,Prevalence,55,Slovenia,3,Both,22,All ages,495,Ischemic stroke,3,Rate,2016,887.1601470013001,926.63323527897,847.7490047027201
1,All Population,5,Prevalence,57,Belarus,3,Both,22,All ages,495,Ischemic stroke,3,Rate,2016,1312.73467171194,1382.1094015769,1238.8528340569799
1,All Population,5,Prevalence,59,Latvia,3,Both,22,All ages,495,Ischemic stroke,3,Rate,2016,1554.60012002116,1651.7520859657998,1448.07123374946
1,All Population,5,Prevalence,74,Andorra,3,Both,22,All ages,495,Ischemic stroke,3,Rate,2016,905.9290313962199,959.97658263884,861.50788556439
1,All Population,5,Prevalence,48,Hungary,3,Both,22,All ages,495,Ischemic stroke,3,Rate,2016,1481.95990307753,1563.85922540388,1416.14557442505
1,All Population,5,Prevalence,385,Puerto Rico,3,Both,22,All ages,495,Ischemic stroke,3,Rate,2015,938.5494696984299,981.1655321184901,895.53051196559
1,All Population,5,Prevalence,61,Republic of Moldova,3,Both,22,All ages,495,Ischemic stroke,3,Rate,2016,1117.79611696611,1179.20278628548,1057.12447451535
1,All Population,5,Prevalence,63,Ukraine,3,Both,22,All ages,495,Ischemic stroke,3,Rate,2016,1498.96870926116,1683.14200799024,1321.83130587442
1,All Population,5,Prevalence,97,Argentina,3,Both,22,All ages,495,Ischemic stroke,3,Rate,2016,446.81395864745,471.43887741323,420.91663407478
1,All Population,5,Prevalence,38,Mongolia,3,Both,22,All ages,495,Ischemic stroke,3,Rate,2015,363.22596853562,385.85995440057,341.60366627921
1,All Population,5,Prevalence,176,Comoros,3,Both,22,All ages,495,Ischemic stroke,3,Rate,2016,612.5082718456799,646.72613836772,576.24782770075
1,All Population,5,Prevalence,367,Monaco,3,Both,22,All ages,495,Ischemic stroke,3,Rate,2016,1512.17924279493,1605.2464964504202,1415.46658385991
1,All Population,5,Prevalence,435,South Sudan,3,Both,22,All ages,495,Ischemic stroke,3,Rate,2016,351.78650839201,368.80984454562,333.83765402545004
1,All Population,5,Prevalence,150,Oman,3,Both,22,All ages,495,Ischemic stroke,3,Rate,2016,486.44746155765,510.87045475912004,462.78415547024
1,All Population,5,Prevalence,131,Nicaragua,3,Both,22,All ages,495,Ischemic stroke,3,Rate,2015,425.68180318459997,445.38133507428,404.84849962250996
1,All Population,5,Prevalence,27,Samoa,3,Both,22,All ages,495,Ischemic stroke,3,Rate,2016,675.1614930547199,707.8735980614999,639.64461780418
1,All Population,5,Prevalence,25,Micronesia (Federated States of),3,Both,22,All ages,495,Ischemic stroke,3,Rate,2015,665.04476994751,694.1112124723101,636.6212171409001
1,All Population,5,Prevalence,7,Democratic People's Republic of Korea,3,Both,22,All ages,495,Ischemic stroke,3,Rate,2016,1187.41359049716,1253.84553576423,1128.53419589271
1,All Population,5,Prevalence,90,Norway,3,Both,22,All ages,495,Ischemic stroke,3,Rate,2016,1184.81658051199,1318.62063523794,1053.91811199416
1,All Population,5,Prevalence,24,Marshall Islands,3,Both,22,All ages,495,Ischemic stroke,3,Rate,2016,506.92773270602,530.2546792319599,485.31216833691
1,All Population,5,Prevalence,144,Jordan,3,Both,22,All ages,495,Ischemic stroke,3,Rate,2016,579.0702413199899,605.93973565167,551.61636621867
1,All Population,5,Prevalence,26,Papua New Guinea,3,Both,22,All ages,495,Ischemic stroke,3,Rate,2016,368.5938759519,387.65909497967,350.22278712878
1,All Population,5,Prevalence,44,Bosnia and Herzegovina,3,Both,22,All ages,495,Ischemic stroke,3,Rate,2016,1580.6589863621,1655.69136166916,1506.04581731155
1,All Population,5,Prevalence,89,Netherlands,3,Both,22,All ages,495,Ischemic stroke,3,Rate,2016,1156.00725633647,1209.94712656202,1107.10222173996
1,All Population,5,Prevalence,106,Bahamas,3,Both,22,All ages,495,Ischemic stroke,3,Rate,2016,559.16117361213,584.42434606106,533.10421274877
1,All Population,5,Prevalence,107,Barbados,3,Both,22,All ages,495,Ischemic stroke,3,Rate,2015,1055.46530997847,1099.83717503443,1005.20810753086
1,All Population,5,Prevalence,198,Zimbabwe,3,Both,22,All ages,495,Ischemic stroke,3,Rate,2016,427.18816430760006,450.16504490906,406.43367879437
1,All Population,5,Prevalence,217,Sierra Leone,3,Both,22,All ages,495,Ischemic stroke,3,Rate,2014,548.09449455605,577.81987113543,523.15334983993
1,All Population,5,Prevalence,147,Libya,3,Both,22,All ages,495,Ischemic stroke,3,Rate,2016,912.7162728863301,950.61774582466,869.8677619461901
1,All Population,5,Prevalence,92,Spain,3,Both,22,All ages,495,Ischemic stroke,3,Rate,2015,1290.07187827459,1341.91640426027,1244.16086692547
1,All Population,5,Prevalence,35,Georgia,3,Both,22,All ages,495,Ischemic stroke,3,Rate,2016,1235.08310557026,1315.52580478741,1153.82757234315
1,All Population,5,Prevalence,149,Palestine,3,Both,22,All ages,495,Ischemic stroke,3,Rate,2016,464.68241252711994,557.1644626626601,383.4950918435
1,All Population,5,Prevalence,50,Montenegro,3,Both,22,All ages,495,Ischemic stroke,3,Rate,2016,1168.73124783582,1240.38443761459,1103.00461219502
1,All Population,5,Prevalence,367,Monaco,3,Both,22,All ages,495,Ischemic stroke,3,Rate,2015,1532.02583215711,1629.92611956195,1437.12476768392
1,All Population,5,Prevalence,52,Romania,3,Both,22,All ages,495,Ischemic stroke,3,Rate,2015,1391.88797164053,1516.0984199559,1288.19146826146
1,All Population,5,Prevalence,20,Viet Nam,3,Both,22,All ages,495,Ischemic stroke,3,Rate,2016,921.1291158473999,959.54296557793,882.2047295756801
1,All Population,5,Prevalence,165,Pakistan,3,Both,22,All ages,495,Ischemic stroke,3,Rate,2016,493.51192337659,549.71136017712,440.32286523894
1,All Population,5,Prevalence,67,Japan,3,Both,22,All ages,495,Ischemic stroke,3,Rate,2016,1662.30925524748,1832.8610384859699,1483.9927276641201
1,All Population,5,Prevalence,37,Kyrgyzstan,3,Both,22,All ages,495,Ischemic stroke,3,Rate,2016,569.15188998229,594.4632085962401,538.0177083753799
1,All Population,5,Prevalence,39,Tajikistan,3,Both,22,All ages,495,Ischemic stroke,3,Rate,2016,445.41047440182996,470.11506533262997,423.22869051212
1,All Population,5,Prevalence,182,Malawi,3,Both,22,All ages,495,Ischemic stroke,3,Rate,2016,384.83793273309,404.82312659059,364.34153357929
1,All Population,5,Prevalence,200,Benin,3,Both,22,All ages,495,Ischemic stroke,3,Rate,2015,444.05046537935993,467.1514565508,421.79379248874994
1,All Population,5,Prevalence,186,Seychelles,3,Both,22,All ages,495,Ischemic stroke,3,Rate,2016,924.2614044559999,968.2285340717,883.60247546378
1,All Population,5,Prevalence,41,Uzbekistan,3,Both,22,All ages,495,Ischemic stroke,3,Rate,2016,587.96919159592,615.7963830201801,561.56183229622
1,All Population,5,Prevalence,75,Austria,3,Both,22,All ages,495,Ischemic stroke,3,Rate,2016,1641.3000201497803,1718.91287621945,1553.85826787987
1,All Population,5,Prevalence,71,Australia,3,Both,22,All ages,495,Ischemic stroke,3,Rate,2014,904.80361175435,940.34229092165,864.94427139321
1,All Population,5,Prevalence,393,Saint Kitts and Nevis,3,Both,22,All ages,495,Ischemic stroke,3,Rate,2016,853.77065334496,901.23424132766,810.21814542359
1,All Population,5,Prevalence,122,Ecuador,3,Both,22,All ages,495,Ischemic stroke,3,Rate,2016,571.2419537208,598.04111940716,545.4066920659
1,All Population,5,Prevalence,173,Gabon,3,Both,22,All ages,495,Ischemic stroke,3,Rate,2016,529.57576304331,557.20680316028,504.47170588131996
1,All Population,5,Prevalence,115,Jamaica,3,Both,22,All ages,495,Ischemic stroke,3,Rate,2015,748.19054906096,780.12128410177,711.61279996315
1,All Population,5,Prevalence,115,Jamaica,3,Both,22,All ages,495,Ischemic stroke,3,Rate,2016,759.0201930675601,790.56878116217,724.08762179888
1,All Population,5,Prevalence,143,Iraq,3,Both,22,All ages,495,Ischemic stroke,3,Rate,2016,695.4145553496601,728.80568516635,664.43899007916
1,All Population,5,Prevalence,173,Gabon,3,Both,22,All ages,495,Ischemic stroke,3,Rate,2015,525.4416028371401,553.41850843385,501.26212974187996
1,All Population,5,Prevalence,119,Trinidad and Tobago,3,Both,22,All ages,495,Ischemic stroke,3,Rate,2015,916.6025832910201,963.62035595867,866.32872972958
1,All Population,5,Prevalence,53,Serbia,3,Both,22,All ages,495,Ischemic stroke,3,Rate,2015,1319.60818176698,1399.0177991237401,1243.69419522063
1,All Population,5,Prevalence,25,Micronesia (Federated States of),3,Both,22,All ages,495,Ischemic stroke,3,Rate,2016,677.6701347677,707.26125050632,649.99247751086
1,All Population,5,Prevalence,102,United States of America,3,Both,22,All ages,495,Ischemic stroke,3,Rate,2015,1792.03863363031,1899.29160045995,1693.13672515127
1,All Population,5,Prevalence,95,United Kingdom,3,Both,22,All ages,495,Ischemic stroke,3,Rate,2016,1034.7843594532098,1124.56291008837,951.0309813979901
1,All Population,5,Prevalence,216,Senegal,3,Both,22,All ages,495,Ischemic stroke,3,Rate,2015,696.75839110223,736.15940131476,660.4803154068201
1,All Population,5,Prevalence,61,Republic of Moldova,3,Both,22,All ages,495,Ischemic stroke,3,Rate,2015,1101.31096363505,1168.13532902139,1040.07024116819
1,All Population,5,Prevalence,522,Sudan,3,Both,22,All ages,495,Ischemic stroke,3,Rate,2015,718.1610877909,754.47319704785,684.65299969859
1,All Population,5,Prevalence,213,Niger,3,Both,22,All ages,495,Ischemic stroke,3,Rate,2016,418.97281683097,439.30768162596,399.07637536016995
1,All Population,5,Prevalence,34,Azerbaijan,3,Both,22,All ages,495,Ischemic stroke,3,Rate,2016,540.12152521481,568.13212391975,509.91382179666
1,All Population,5,Prevalence,320,Cook Islands,3,Both,22,All ages,495,Ischemic stroke,3,Rate,2016,933.54195752699,971.62055239369,894.15943922195
1,All Population,5,Prevalence,7,Democratic People's Republic of Korea,3,Both,22,All ages,495,Ischemic stroke,3,Rate,2017,1208.08977915922,1276.9143579624401,1144.71538681884
1,All Population,5,Prevalence,187,Somalia,3,Both,22,All ages,495,Ischemic stroke,3,Rate,2015,382.32795830275,403.32436669756004,360.62220129243
1,All Population,5,Prevalence,181,Madagascar,3,Both,22,All ages,495,Ischemic stroke,3,Rate,2016,525.6935889902301,549.54655059122,501.37773617349006
1,All Population,5,Prevalence,145,Kuwait,3,Both,22,All ages,495,Ischemic stroke,3,Rate,2015,664.4706777940601,698.51417500662,629.01006732291
1,All Population,5,Prevalence,132,Panama,3,Both,22,All ages,495,Ischemic stroke,3,Rate,2015,602.6398318077199,629.95750652469,572.4258447636699
1,All Population,5,Prevalence,68,Republic of Korea,3,Both,22,All ages,495,Ischemic stroke,3,Rate,2016,1223.18757665468,1313.14557533837,1143.24079369065
1,All Population,5,Prevalence,99,Uruguay,3,Both,22,All ages,495,Ischemic stroke,3,Rate,2015,768.3388583874,809.7132909688,723.9473678153299
1,All Population,5,Prevalence,84,Ireland,3,Both,22,All ages,495,Ischemic stroke,3,Rate,2015,601.80482730764,633.2401442261499,570.05035875254
1,All Population,5,Prevalence,129,Honduras,3,Both,22,All ages,495,Ischemic stroke,3,Rate,2016,479.53600340431,500.44274891876,456.70967336575
1,All Population,5,Prevalence,118,Suriname,3,Both,22,All ages,495,Ischemic stroke,3,Rate,2014,743.32222454568,781.72771150104,706.05303560689
1,All Population,5,Prevalence,15,Myanmar,3,Both,22,All ages,495,Ischemic stroke,3,Rate,2016,826.60120836394,863.5417514025099,789.6353269691999
1,All Population,5,Prevalence,142,Iran (Islamic Republic of),3,Both,22,All ages,495,Ischemic stroke,3,Rate,2015,682.81489766851,761.69618220043,619.14161035598
1,All Population,5,Prevalence,93,Sweden,3,Both,22,All ages,495,Ischemic stroke,3,Rate,2015,1546.50691200203,1579.74443595119,1508.82021218217
1,All Population,5,Prevalence,142,Iran (Islamic Republic of),3,Both,22,All ages,495,Ischemic stroke,3,Rate,2014,675.0937267122799,754.2189138065099,611.52555927079
1,All Population,5,Prevalence,14,Maldives,3,Both,22,All ages,495,Ischemic stroke,3,Rate,2015,533.50288415605,561.8531640361799,508.14301409459006
1,All Population,5,Prevalence,20,Viet Nam,3,Both,22,All ages,495,Ischemic stroke,3,Rate,2017,940.33234105206,980.7292936713,898.31413784414
1,All Population,5,Prevalence,178,Eritrea,3,Both,22,All ages,495,Ischemic stroke,3,Rate,2016,445.98976143099,470.18366278836004,423.42348290483005
1,All Population,5,Prevalence,165,Pakistan,3,Both,22,All ages,495,Ischemic stroke,3,Rate,2014,485.64753654321004,541.60960476934,432.86081363517997
1,All Population,5,Prevalence,162,Bhutan,3,Both,22,All ages,495,Ischemic stroke,3,Rate,2016,506.07778293862003,534.4315250667801,478.45916277048
1,All Population,5,Prevalence,128,Guatemala,3,Both,22,All ages,495,Ischemic stroke,3,Rate,2016,319.01499925618,334.19327047126995,304.22454711454
1,All Population,5,Prevalence,8,Taiwan,3,Both,22,All ages,495,Ischemic stroke,3,Rate,2016,905.3741721610199,944.50780614029,866.20302903008
1,All Population,5,Prevalence,191,Zambia,3,Both,22,All ages,495,Ischemic stroke,3,Rate,2016,355.06794077766,372.32737361761997,338.90983124664996
1,All Population,5,Prevalence,123,Peru,3,Both,22,All ages,495,Ischemic stroke,3,Rate,2015,539.55863626156,562.7452554615701,514.22530180409
1,All Population,5,Prevalence,142,Iran (Islamic Republic of),3,Both,22,All ages,495,Ischemic stroke,3,Rate,2016,693.5292184997701,773.63674140869,628.31347409046
1,All Population,5,Prevalence,121,Bolivia (Plurinational State of),3,Both,22,All ages,495,Ischemic stroke,3,Rate,2016,496.93431056248,520.01201053564,474.2050304508
1,All Population,5,Prevalence,76,Belgium,3,Both,22,All ages,495,Ischemic stroke,3,Rate,2015,1059.25533411688,1098.60322064139,1017.13681233694
1,All Population,5,Prevalence,153,Syrian Arab Republic,3,Both,22,All ages,495,Ischemic stroke,3,Rate,2016,611.7675575573,640.31954917426,582.92169982515
1,All Population,5,Prevalence,29,Tonga,3,Both,22,All ages,495,Ischemic stroke,3,Rate,2015,559.50592573455,590.40055466908,534.66621051522
1,All Population,5,Prevalence,105,Antigua and Barbuda,3,Both,22,All ages,495,Ischemic stroke,3,Rate,2016,708.48470511301,738.32694330661,680.95877887995
1,All Population,5,Prevalence,30,Vanuatu,3,Both,22,All ages,495,Ischemic stroke,3,Rate,2016,691.8108713509,724.26369527936,659.51962904165
1,All Population,5,Prevalence,135,Brazil,3,Both,22,All ages,495,Ischemic stroke,3,Rate,2016,763.46863486045,848.58274306791,697.28232274467
1,All Population,5,Prevalence,186,Seychelles,3,Both,22,All ages,495,Ischemic stroke,3,Rate,2015,904.68295717173,948.90288176381,864.21947406652
1,All Population,5,Prevalence,58,Estonia,3,Both,22,All ages,495,Ischemic stroke,3,Rate,2016,1156.11830506758,1224.61417481807,1098.03502845437
1,All Population,5,Prevalence,60,Lithuania,3,Both,22,All ages,495,Ischemic stroke,3,Rate,2016,1541.18376268817,1710.32359999659,1376.4244505336
1,All Population,5,Prevalence,107,Barbados,3,Both,22,All ages,495,Ischemic stroke,3,Rate,2016,1075.62916183898,1121.1378499467,1027.15410345551
1,All Population,5,Prevalence,109,Cuba,3,Both,22,All ages,495,Ischemic stroke,3,Rate,2016,1283.2366188967,1339.3084645281199,1227.82137513535
1,All Population,5,Prevalence,62,Russian Federation,3,Both,22,All ages,495,Ischemic stroke,3,Rate,2016,1309.91707778227,1462.1470048143701,1185.94602240305
1,All Population,5,Prevalence,111,Dominican Republic,3,Both,22,All ages,495,Ischemic stroke,3,Rate,2016,635.1431364032601,662.75491892103,607.1616651947
1,All Population,5,Prevalence,151,Qatar,3,Both,22,All ages,495,Ischemic stroke,3,Rate,2016,572.3675685715999,610.2786845905599,539.3499228619099
1,All Population,5,Prevalence,45,Bulgaria,3,Both,22,All ages,495,Ischemic stroke,3,Rate,2016,2329.68088720482,2606.69828774988,2133.23452009914
1,All Population,5,Prevalence,92,Spain,3,Both,22,All ages,495,Ischemic stroke,3,Rate,2016,1307.73969903596,1358.41680188458,1264.59011020462
1,All Population,5,Prevalence,214,Nigeria,3,Both,22,All ages,495,Ischemic stroke,3,Rate,2016,459.07719423631005,509.27041186797,410.13393724995996
1,All Population,5,Prevalence,203,Cabo Verde,3,Both,22,All ages,495,Ischemic stroke,3,Rate,2015,898.4881329507101,938.33620643478,854.4807880105899
1,All Population,5,Prevalence,201,Burkina Faso,3,Both,22,All ages,495,Ischemic stroke,3,Rate,2016,447.63439274558004,469.57485743977,425.24632450257997
1,All Population,5,Prevalence,108,Belize,3,Both,22,All ages,495,Ischemic stroke,3,Rate,2015,408.53497921521,429.03535485742003,388.67054214851004
1,All Population,5,Prevalence,8,Taiwan,3,Both,22,All ages,495,Ischemic stroke,3,Rate,2015,883.7802621012299,925.2313527104201,845.2482114700699
1,All Population,5,Prevalence,47,Czechia,3,Both,22,All ages,495,Ischemic stroke,3,Rate,2016,1286.74426708704,1381.29141974713,1211.5389516873402
1,All Population,5,Prevalence,298,American Samoa,3,Both,22,All ages,495,Ischemic stroke,3,Rate,2016,585.39281516851,612.6896568111699,559.9705423617099
1,All Population,5,Prevalence,133,Venezuela (Bolivarian Republic of),3,Both,22,All ages,495,Ischemic stroke,3,Rate,2015,455.56024983434,476.50042166352,432.42300231843
1,All Population,5,Prevalence,94,Switzerland,3,Both,22,All ages,495,Ischemic stroke,3,Rate,2016,867.5760847625501,900.4746256815699,832.81542034052
1,All Population,5,Prevalence,139,Algeria,3,Both,22,All ages,495,Ischemic stroke,3,Rate,2016,631.78061229923,661.0398434689,599.74821139596
1,All Population,5,Prevalence,49,North Macedonia,3,Both,22,All ages,495,Ischemic stroke,3,Rate,2016,1693.7555740764599,1772.6846012567203,1596.16905973375
1,All Population,5,Prevalence,171,Democratic Republic of the Congo,3,Both,22,All ages,495,Ischemic stroke,3,Rate,2015,407.32383824217,430.20975075464,383.42451714022
1,All Population,5,Prevalence,52,Romania,3,Both,22,All ages,495,Ischemic stroke,3,Rate,2016,1406.88220090933,1523.61105567035,1312.46675200736
1,All Population,5,Prevalence,369,Nauru,3,Both,22,All ages,495,Ischemic stroke,3,Rate,2015,489.02091883294,511.0632124855,467.57060982549996
1,All Population,5,Prevalence,195,Namibia,3,Both,22,All ages,495,Ischemic stroke,3,Rate,2016,421.89293805538995,446.37064241900003,398.91662727131
1,All Population,5,Prevalence,376,Northern Mariana Islands,3,Both,22,All ages,495,Ischemic stroke,3,Rate,2016,616.76242919624,644.2838017024401,587.65738659207
1,All Population,5,Prevalence,416,Tuvalu,3,Both,22,All ages,495,Ischemic stroke,3,Rate,2016,826.3986978725101,863.69233644324,791.36281304568
1,All Population,5,Prevalence,136,Paraguay,3,Both,22,All ages,495,Ischemic stroke,3,Rate,2016,602.9772331512401,630.62027972875,575.8972757121801
1,All Population,5,Prevalence,76,Belgium,3,Both,22,All ages,495,Ischemic stroke,3,Rate,2016,1062.71901308127,1100.7428888721201,1022.76491193438
1,All Population,5,Prevalence,118,Suriname,3,Both,22,All ages,495,Ischemic stroke,3,Rate,2016,773.8231466892,811.2952357444501,738.14891704565
1,All Population,5,Prevalence,194,Lesotho,3,Both,22,All ages,495,Ischemic stroke,3,Rate,2015,450.31374122133997,481.28618646739,420.78056315325
1,All Population,5,Prevalence,69,Singapore,3,Both,22,All ages,495,Ischemic stroke,3,Rate,2016,1029.4176324453,1059.40382945761,998.63955508558
1,All Population,5,Prevalence,169,Central African Republic,3,Both,22,All ages,495,Ischemic stroke,3,Rate,2016,422.53982500213,446.50588226768997,399.09224964359004
1,All Population,5,Prevalence,522,Sudan,3,Both,22,All ages,495,Ischemic stroke,3,Rate,2016,725.54756028764,761.00099846283,692.17050259556
1,All Population,5,Prevalence,305,Bermuda,3,Both,22,All ages,495,Ischemic stroke,3,Rate,2016,979.5368274261,1027.95573779102,935.12922842104
1,All Population,5,Prevalence,91,Portugal,3,Both,22,All ages,495,Ischemic stroke,3,Rate,2016,1428.74105993278,1503.0596489475001,1356.86042113992
1,All Population,5,Prevalence,385,Puerto Rico,3,Both,22,All ages,495,Ischemic stroke,3,Rate,2016,968.7360407100399,1011.5953397179901,924.1638811777499
1,All Population,5,Prevalence,60,Lithuania,3,Both,22,All ages,495,Ischemic stroke,3,Rate,2015,1528.0983291077,1690.35483849489,1358.2384442043099
1,All Population,5,Prevalence,63,Ukraine,3,Both,22,All ages,495,Ischemic stroke,3,Rate,2015,1478.5195059148998,1658.21156971682,1306.6349631992
1,All Population,5,Prevalence,77,Cyprus,3,Both,22,All ages,495,Ischemic stroke,3,Rate,2016,590.69404042428,621.68883060343,558.07039774516
1,All Population,5,Prevalence,206,Gambia,3,Both,22,All ages,495,Ischemic stroke,3,Rate,2016,647.03949213798,678.1102376052099,612.5279419251
1,All Population,5,Prevalence,202,Cameroon,3,Both,22,All ages,495,Ischemic stroke,3,Rate,2015,481.82696658134,506.02564040471003,456.07149882883
1,All Population,5,Prevalence,413,Tokelau,3,Both,22,All ages,495,Ischemic stroke,3,Rate,2016,933.7743710719699,987.7126383771299,884.7629588934701
1,All Population,5,Prevalence,109,Cuba,3,Both,22,All ages,495,Ischemic stroke,3,Rate,2015,1262.01842879472,1318.65670712202,1203.4586073417
1,All Population,5,Prevalence,43,Albania,3,Both,22,All ages,495,Ischemic stroke,3,Rate,2016,857.98113203135,909.1932670024399,806.06549729425
1,All Population,5,Prevalence,190,Uganda,3,Both,22,All ages,495,Ischemic stroke,3,Rate,2016,340.77738757162,359.2200006037,323.3080030183
1,All Population,5,Prevalence,178,Eritrea,3,Both,22,All ages,495,Ischemic stroke,3,Rate,2015,441.37112391305,465.97929597792995,418.78331420596004
1,All Population,5,Prevalence,205,Côte d'Ivoire,3,Both,22,All ages,495,Ischemic stroke,3,Rate,2016,525.99739114914,548.15733928776,503.22045270353
1,All Population,5,Prevalence,117,Saint Vincent and the Grenadines,3,Both,22,All ages,495,Ischemic stroke,3,Rate,2016,902.0170264325901,957.3489229215901,857.4021840376001
1,All Population,5,Prevalence,175,Burundi,3,Both,22,All ages,495,Ischemic stroke,3,Rate,2015,357.14549570018,375.9115524463,338.86502389528
1,All Population,5,Prevalence,179,Ethiopia,3,Both,22,All ages,495,Ischemic stroke,3,Rate,2015,268.76124944195,300.68989119402,239.19443649566998
1,All Population,5,Prevalence,6,China,3,Both,22,All ages,495,Ischemic stroke,3,Rate,2017,1252.81210566611,1384.04544621937,1125.06708816652
1,All Population,5,Prevalence,193,Botswana,3,Both,22,All ages,495,Ischemic stroke,3,Rate,2015,392.64808582351,416.5436471053,367.91064891484
1,All Population,5,Prevalence,72,New Zealand,3,Both,22,All ages,495,Ischemic stroke,3,Rate,2016,938.9840903151901,1037.20444597596,852.3448144558
1,All Population,5,Prevalence,218,Togo,3,Both,22,All ages,495,Ischemic stroke,3,Rate,2015,598.0573657259499,627.7108705803,569.22026790754
1,All Population,5,Prevalence,95,United Kingdom,3,Both,22,All ages,495,Ischemic stroke,3,Rate,2015,1035.3576519963299,1122.0609094057502,950.2674479192501
1,All Population,5,Prevalence,155,Türkiye,3,Both,22,All ages,495,Ischemic stroke,3,Rate,2016,605.33608023105,633.74406437686,574.43157861705
1,All Population,5,Prevalence,168,Angola,3,Both,22,All ages,495,Ischemic stroke,3,Rate,2016,325.53992829504,341.75629126109,309.63645816639
1,All Population,5,Prevalence,153,Syrian Arab Republic,3,Both,22,All ages,495,Ischemic stroke,3,Rate,2015,580.45966418203,609.31312669336,550.83082681064
1,All Population,5,Prevalence,351,Guam,3,Both,22,All ages,495,Ischemic stroke,3,Rate,2016,801.28920858563,833.9017398843899,769.76650151309
1,All Population,5,Prevalence,320,Cook Islands,3,Both,22,All ages,495,Ischemic stroke,3,Rate,2015,914.8995216477799,954.35280405548,875.84950724322
1,All Population,5,Prevalence,197,Eswatini,3,Both,22,All ages,495,Ischemic stroke,3,Rate,2016,398.61211261525006,423.31228268607003,372.86566615649
1,All Population,5,Prevalence,180,Kenya,3,Both,22,All ages,495,Ischemic stroke,3,Rate,2016,418.82360208892,464.48888276158004,372.24708554622003
1,All Population,5,Prevalence,349,Greenland,3,Both,22,All ages,495,Ischemic stroke,3,Rate,2015,1171.77375834807,1222.07231578297,1121.92597090568
1,All Population,5,Prevalence,164,Nepal,3,Both,22,All ages,495,Ischemic stroke,3,Rate,2016,568.08361975946,596.28047000151,541.30495632973
1,All Population,5,Prevalence,10,Cambodia,3,Both,22,All ages,495,Ischemic stroke,3,Rate,2016,566.37191443771,596.4363265590799,539.0973236882
1,All Population,5,Prevalence,38,Mongolia,3,Both,22,All ages,495,Ischemic stroke,3,Rate,2016,367.11271666461,388.54795126980997,345.64249897859
1,All Population,5,Prevalence,78,Denmark,3,Both,22,All ages,495,Ischemic stroke,3,Rate,2016,1116.01864491077,1167.43876224672,1064.1447807407
1,All Population,5,Prevalence,208,Guinea,3,Both,22,All ages,495,Ischemic stroke,3,Rate,2015,554.80695041375,581.16927832821,528.90400708079
1,All Population,5,Prevalence,77,Cyprus,3,Both,22,All ages,495,Ischemic stroke,3,Rate,2015,606.2122117737,639.22693645084,571.50479168131
1,All Population,5,Prevalence,83,Iceland,3,Both,22,All ages,495,Ischemic stroke,3,Rate,2016,841.0641974216501,877.03776095435,804.6443729799801
1,All Population,5,Prevalence,189,United Republic of Tanzania,3,Both,22,All ages,495,Ischemic stroke,3,Rate,2015,432.47420948339,455.89155402704,408.92810185419995
1,All Population,5,Prevalence,393,Saint Kitts and Nevis,3,Both,22,All ages,495,Ischemic stroke,3,Rate,2014,838.10601596543,885.23218297894,793.40664912267
1,All Population,5,Prevalence,380,Palau,3,Both,22,All ages,495,Ischemic stroke,3,Rate,2016,1042.30313994054,1086.89147514969,1001.79322693947
1,All Population,5,Prevalence,215,Sao Tome and Principe,3,Both,22,All ages,495,Ischemic stroke,3,Rate,2015,631.73780657418,660.5109304676799,602.57697218421
1,All Population,5,Prevalence,45,Bulgaria,3,Both,22,All ages,495,Ischemic stroke,3,Rate,2015,2326.92622966508,2637.78176443842,2119.1838827506
1,All Population,5,Prevalence,94,Switzerland,3,Both,22,All ages,495,Ischemic stroke,3,Rate,2015,863.59623531549,897.20384651256,829.68393575152
1,All Population,5,Prevalence,393,Saint Kitts and Nevis,3,Both,22,All ages,495,Ischemic stroke,3,Rate,2015,837.49644638325,883.4373693630101,793.5735329126301
1,All Population,5,Prevalence,126,Costa Rica,3,Both,22,All ages,495,Ischemic stroke,3,Rate,2016,545.75254111713,569.01724986385,521.9721774201199
1,All Population,5,Prevalence,17,Sri Lanka,3,Both,22,All ages,495,Ischemic stroke,3,Rate,2016,974.9212137740101,1021.02305166695,929.51148346883
1,All Population,5,Prevalence,152,Saudi Arabia,3,Both,22,All ages,495,Ischemic stroke,3,Rate,2015,494.24159638113997,520.82752572174,469.90820428866
1,All Population,5,Prevalence,24,Marshall Islands,3,Both,22,All ages,495,Ischemic stroke,3,Rate,2015,494.48879477294,517.5974617107,472.28136595022005
1,All Population,5,Prevalence,205,Côte d'Ivoire,3,Both,22,All ages,495,Ischemic stroke,3,Rate,2015,526.06488035525,549.11082970979,503.01174064283
1,All Population,5,Prevalence,35,Georgia,3,Both,22,All ages,495,Ischemic stroke,3,Rate,2017,1243.62814503608,1325.82527427623,1163.06254690895
1,All Population,5,Prevalence,209,Guinea-Bissau,3,Both,22,All ages,495,Ischemic stroke,3,Rate,2015,529.7198007613,554.99710585966,506.07780283427996
1,All Population,5,Prevalence,139,Algeria,3,Both,22,All ages,495,Ischemic stroke,3,Rate,2015,624.63338190728,655.90539473941,593.50940121541
1,All Population,5,Prevalence,396,San Marino,3,Both,22,All ages,495,Ischemic stroke,3,Rate,2015,1323.87187213839,1382.029093595,1263.58445900135
1,All Population,5,Prevalence,416,Tuvalu,3,Both,22,All ages,495,Ischemic stroke,3,Rate,2014,814.7120988636399,852.5502524149599,780.06266475731
1,All Population,5,Prevalence,39,Tajikistan,3,Both,22,All ages,495,Ischemic stroke,3,Rate,2015,440.38099607592005,465.23028429856004,416.37987933538
1,All Population,5,Prevalence,15,Myanmar,3,Both,22,All ages,495,Ischemic stroke,3,Rate,2015,817.1484489219199,854.4181296659299,779.44995026145
1,All Population,5,Prevalence,62,Russian Federation,3,Both,22,All ages,495,Ischemic stroke,3,Rate,2015,1298.67415667321,1446.83871947345,1172.73461817973
1,All Population,5,Prevalence,163,India,3,Both,22,All ages,495,Ischemic stroke,3,Rate,2016,595.64169943386,666.03943846762,525.90984955309
1,All Population,5,Prevalence,11,Indonesia,3,Both,22,All ages,495,Ischemic stroke,3,Rate,2016,908.46670545469,1010.2903824505099,802.95983219667
1,All Population,5,Prevalence,54,Slovakia,3,Both,22,All ages,495,Ischemic stroke,3,Rate,2016,1320.13917897162,1405.41912124623,1232.03934023217
1,All Population,5,Prevalence,41,Uzbekistan,3,Both,22,All ages,495,Ischemic stroke,3,Rate,2017,600.17688075075,627.1636874047,573.7824136486599
1,All Population,5,Prevalence,170,Congo,3,Both,22,All ages,495,Ischemic stroke,3,Rate,2015,456.30169029585,478.68117787235997,434.74833585984004
1,All Population,5,Prevalence,140,Bahrain,3,Both,22,All ages,495,Ischemic stroke,3,Rate,2016,560.02328575549,593.07789356338,528.4770532449601
1,All Population,5,Prevalence,29,Tonga,3,Both,22,All ages,495,Ischemic stroke,3,Rate,2016,564.8566891890799,593.69694736422,539.72769545529
1,All Population,5,Prevalence,157,Yemen,3,Both,22,All ages,495,Ischemic stroke,3,Rate,2016,440.96141441124,464.29960888812997,418.45649501860004
1,All Population,5,Prevalence,93,Sweden,3,Both,22,All ages,495,Ischemic stroke,3,Rate,2016,1554.93706682177,1588.1298675677801,1520.95351436663
1,All Population,5,Prevalence,422,United States Virgin Islands,3,Both,22,All ages,495,Ischemic stroke,3,Rate,2016,1004.41739837028,1052.97088957771,959.58997856524
1,All Population,5,Prevalence,22,Fiji,3,Both,22,All ages,495,Ischemic stroke,3,Rate,2016,621.35735763793,649.3307444681,595.27392644888
1,All Population,5,Prevalence,204,Chad,3,Both,22,All ages,495,Ischemic stroke,3,Rate,2015,431.29477765197004,453.63658134301,410.46005936462
1,All Population,5,Prevalence,79,Finland,3,Both,22,All ages,495,Ischemic stroke,3,Rate,2016,1592.4038585533199,1678.31401088113,1515.64236740656
1,All Population,5,Prevalence,47,Czechia,3,Both,22,All ages,495,Ischemic stroke,3,Rate,2015,1278.6440229715101,1381.32077345725,1197.75274739869
1,All Population,5,Prevalence,23,Kiribati,3,Both,22,All ages,495,Ischemic stroke,3,Rate,2017,658.50735765281,688.72195902795,628.49137976686
1,All Population,5,Prevalence,66,Brunei Darussalam,3,Both,22,All ages,495,Ischemic stroke,3,Rate,2017,549.8124795372901,575.51611143305,524.85863068686
1,All Population,5,Prevalence,175,Burundi,3,Both,22,All ages,495,Ischemic stroke,3,Rate,2016,360.04752711394,378.23667481658,342.51695455852
1,All Population,5,Prevalence,51,Poland,3,Both,22,All ages,495,Ischemic stroke,3,Rate,2017,1145.1536397570899,1301.58779163528,1028.34619997517
1,All Population,5,Prevalence,40,Turkmenistan,3,Both,22,All ages,495,Ischemic stroke,3,Rate,2015,809.2126072834899,850.1748698673799,769.14357171731
1,All Population,5,Prevalence,180,Kenya,3,Both,22,All ages,495,Ischemic stroke,3,Rate,2015,411.77027911631,456.71301724353003,366.08186809685003
1,All Population,5,Prevalence,88,Malta,3,Both,22,All ages,495,Ischemic stroke,3,Rate,2017,774.9475620409501,812.31946581349,738.77193953398
1,All Population,5,Prevalence,108,Belize,3,Both,22,All ages,495,Ischemic stroke,3,Rate,2016,414.94856026938,434.16809313552,395.07609117443997
1,All Population,5,Prevalence,46,Croatia,3,Both,22,All ages,495,Ischemic stroke,3,Rate,2016,1336.14136559383,1423.66451672061,1248.26237793982
1,All Population,5,Prevalence,54,Slovakia,3,Both,22,All ages,495,Ischemic stroke,3,Rate,2017,1346.0533693493298,1432.44793335791,1259.1153999628
1,All Population,5,Prevalence,146,Lebanon,3,Both,22,All ages,495,Ischemic stroke,3,Rate,2016,567.60157365286,596.6349956707,539.70666839435
1,All Population,5,Prevalence,374,Niue,3,Both,22,All ages,495,Ischemic stroke,3,Rate,2016,1170.79216630163,1231.64152219665,1113.94021332764
1,All Population,5,Prevalence,101,Canada,3,Both,22,All ages,495,Ischemic stroke,3,Rate,2017,1481.52282317909,1530.02177572008,1428.54054633449
1,All Population,5,Prevalence,119,Trinidad and Tobago,3,Both,22,All ages,495,Ischemic stroke,3,Rate,2016,936.88856461397,984.71942587568,886.97869927695
1,All Population,5,Prevalence,216,Senegal,3,Both,22,All ages,495,Ischemic stroke,3,Rate,2016,698.24233443962,735.47473790483,662.87072419426
1,All Population,5,Prevalence,19,Timor-Leste,3,Both,22,All ages,495,Ischemic stroke,3,Rate,2016,585.46771434577,617.44899290784,558.23563372772
1,All Population,5,Prevalence,152,Saudi Arabia,3,Both,22,All ages,495,Ischemic stroke,3,Rate,2016,498.11161669040996,524.81420411542,473.16287973525
1,All Population,5,Prevalence,200,Benin,3,Both,22,All ages,495,Ischemic stroke,3,Rate,2016,446.24940658685,468.79527769905,424.13874925131
1,All Population,5,Prevalence,184,Mozambique,3,Both,22,All ages,495,Ischemic stroke,3,Rate,2016,476.87794270794006,502.27976138611996,453.26690777083
1,All Population,5,Prevalence,80,France,3,Both,22,All ages,495,Ischemic stroke,3,Rate,2016,1148.47145083954,1182.46683866414,1111.99657809588
1,All Population,5,Prevalence,16,Philippines,3,Both,22,All ages,495,Ischemic stroke,3,Rate,2015,611.83846180067,673.295414075,550.9643750594
1,All Population,5,Prevalence,123,Peru,3,Both,22,All ages,495,Ischemic stroke,3,Rate,2016,549.47713473719,573.80610291534,524.15373630563
1,All Population,5,Prevalence,110,Dominica,3,Both,22,All ages,495,Ischemic stroke,3,Rate,2015,891.73257204138,945.7649554939799,837.99285803123
1,All Population,5,Prevalence,114,Haiti,3,Both,22,All ages,495,Ischemic stroke,3,Rate,2016,480.23218523360003,508.23951162983,455.8242378105
1,All Population,5,Prevalence,99,Uruguay,3,Both,22,All ages,495,Ischemic stroke,3,Rate,2016,774.78332490077,814.1540251203,730.93043558663
1,All Population,5,Prevalence,183,Mauritius,3,Both,22,All ages,495,Ischemic stroke,3,Rate,2016,1060.28463667283,1105.7709264390699,1013.96607554752
1,All Population,5,Prevalence,128,Guatemala,3,Both,22,All ages,495,Ischemic stroke,3,Rate,2015,314.26669901478,330.20112251738,298.49970984135
1,All Population,5,Prevalence,36,Kazakhstan,3,Both,22,All ages,495,Ischemic stroke,3,Rate,2017,807.28773414173,861.74524935747,755.97479484041
1,All Population,5,Prevalence,349,Greenland,3,Both,22,All ages,495,Ischemic stroke,3,Rate,2016,1197.09757159384,1245.86731734966,1151.30399334608
1,All Population,5,Prevalence,175,Burundi,3,Both,22,All ages,495,Ischemic stroke,3,Rate,2017,364.15828608865996,382.14305889909,347.26728137493
1,All Population,5,Prevalence,193,Botswana,3,Both,22,All ages,495,Ischemic stroke,3,Rate,2016,398.95503176571,423.19425357102,375.2827721638
1,All Population,5,Prevalence,215,Sao Tome and Principe,3,Both,22,All ages,495,Ischemic stroke,3,Rate,2016,639.72492327436,669.68538950983,609.83381855026
1,All Population,5,Prevalence,189,United Republic of Tanzania,3,Both,22,All ages,495,Ischemic stroke,3,Rate,2016,434.60974583963,459.11717920278994,411.13370462281
1,All Population,5,Prevalence,141,Egypt,3,Both,22,All ages,495,Ischemic stroke,3,Rate,2016,740.84969886797,772.3649215970801,708.5715779611601
1,All Population,5,Prevalence,67,Japan,3,Both,22,All ages,495,Ischemic stroke,3,Rate,2017,1697.29281415242,1872.22527192893,1517.53017108078
1,All Population,5,Prevalence,194,Lesotho,3,Both,22,All ages,495,Ischemic stroke,3,Rate,2017,460.49841671832996,491.41747127726,430.81197867004
1,All Population,5,Prevalence,176,Comoros,3,Both,22,All ages,495,Ischemic stroke,3,Rate,2017,617.9012045927001,651.1514247108599,582.15001507143
1,All Population,5,Prevalence,112,Grenada,3,Both,22,All ages,495,Ischemic stroke,3,Rate,2017,1110.48166481485,1154.16588341936,1061.7068407286902
1,All Population,5,Prevalence,374,Niue,3,Both,22,All ages,495,Ischemic stroke,3,Rate,2015,1167.09387133704,1231.08298051338,1109.2017217147
1,All Population,5,Prevalence,82,Greece,3,Both,22,All ages,495,Ischemic stroke,3,Rate,2017,1415.65380680632,1475.86159539093,1339.61042606547
1,All Population,5,Prevalence,28,Solomon Islands,3,Both,22,All ages,495,Ischemic stroke,3,Rate,2017,473.34156345463003,496.83276363836,450.81299265921007
1,All Population,5,Prevalence,148,Morocco,3,Both,22,All ages,495,Ischemic stroke,3,Rate,2017,720.01753699515,756.4419297089,684.1550444038901
1,All Population,5,Prevalence,49,North Macedonia,3,Both,22,All ages,495,Ischemic stroke,3,Rate,2015,1663.20006813837,1747.0285795639502,1567.3088993086
1,All Population,5,Prevalence,144,Jordan,3,Both,22,All ages,495,Ischemic stroke,3,Rate,2017,589.60525884668,617.41599637972,561.03093012802
1,All Population,5,Prevalence,171,Democratic Republic of the Congo,3,Both,22,All ages,495,Ischemic stroke,3,Rate,2016,409.71774099756,432.38662364911,386.40365763803004
1,All Population,5,Prevalence,15,Myanmar,3,Both,22,All ages,495,Ischemic stroke,3,Rate,2017,836.70959601241,873.7830401596,800.17411970874
1,All Population,5,Prevalence,155,Türkiye,3,Both,22,All ages,495,Ischemic stroke,3,Rate,2015,600.3511030331,629.74049159293,567.63212551461
1,All Population,5,Prevalence,203,Cabo Verde,3,Both,22,All ages,495,Ischemic stroke,3,Rate,2016,916.0842560852,955.26241691207,871.7775364417699
1,All Population,5,Prevalence,190,Uganda,3,Both,22,All ages,495,Ischemic stroke,3,Rate,2017,343.77319587284,361.9565714286,326.06437390789
1,All Population,5,Prevalence,170,Congo,3,Both,22,All ages,495,Ischemic stroke,3,Rate,2016,457.4398897528,479.12118274278,434.8960432056
1,All Population,5,Prevalence,396,San Marino,3,Both,22,All ages,495,Ischemic stroke,3,Rate,2016,1369.69896151031,1432.05074422601,1306.47356733176
1,All Population,5,Prevalence,13,Malaysia,3,Both,22,All ages,495,Ischemic stroke,3,Rate,2017,812.46327236323,846.84019307274,777.6836635833
1,All Population,5,Prevalence,11,Indonesia,3,Both,22,All ages,495,Ischemic stroke,3,Rate,2017,927.07491166523,1030.07502762451,819.58266097084
1,All Population,5,Prevalence,55,Slovenia,3,Both,22,All ages,495,Ischemic stroke,3,Rate,2015,872.38699669192,916.13589813165,832.6123935323801
1,All Population,5,Prevalence,130,Mexico,3,Both,22,All ages,495,Ischemic stroke,3,Rate,2016,515.51771896208,571.02429267669,468.00693700337
1,All Population,5,Prevalence,145,Kuwait,3,Both,22,All ages,495,Ischemic stroke,3,Rate,2016,676.61142227962,711.66456402922,641.2792166455
1,All Population,5,Prevalence,164,Nepal,3,Both,22,All ages,495,Ischemic stroke,3,Rate,2017,580.60140153005,609.32141455789,552.88842377431
1,All Population,5,Prevalence,147,Libya,3,Both,22,All ages,495,Ischemic stroke,3,Rate,2015,898.6887963550299,937.30007067695,855.40264267274
1,All Population,5,Prevalence,81,Germany,3,Both,22,All ages,495,Ischemic stroke,3,Rate,2017,2257.23210476333,2313.51344037358,2196.95246645999
1,All Population,5,Prevalence,191,Zambia,3,Both,22,All ages,495,Ischemic stroke,3,Rate,2017,356.54448694276,374.31020752091,340.43601484089004
1,All Population,5,Prevalence,113,Guyana,3,Both,22,All ages,495,Ischemic stroke,3,Rate,2017,693.51710026419,730.18572596851,657.7429905381899
1,All Population,5,Prevalence,117,Saint Vincent and the Grenadines,3,Both,22,All ages,495,Ischemic stroke,3,Rate,2017,922.33568526096,977.4905565726501,876.4010974243
1,All Population,5,Prevalence,212,Mauritania,3,Both,22,All ages,495,Ischemic stroke,3,Rate,2017,614.79390912872,643.65052339328,586.3062875895599
1,All Population,5,Prevalence,206,Gambia,3,Both,22,All ages,495,Ischemic stroke,3,Rate,2017,649.6196660430201,681.5119111326301,615.94091145802
1,All Population,5,Prevalence,128,Guatemala,3,Both,22,All ages,495,Ischemic stroke,3,Rate,2017,324.59431016739,339.04254862515,309.17380054483
1,All Population,5,Prevalence,127,El Salvador,3,Both,22,All ages,495,Ischemic stroke,3,Rate,2017,484.50071369733996,507.22048084743994,460.16782182798
1,All Population,5,Prevalence,50,Montenegro,3,Both,22,All ages,495,Ischemic stroke,3,Rate,2017,1104.82641224736,1167.20203921508,1041.94628578248
1,All Population,5,Prevalence,161,Bangladesh,3,Both,22,All ages,495,Ischemic stroke,3,Rate,2017,561.03598633023,591.35304230961,533.87681687099
1,All Population,5,Prevalence,79,Finland,3,Both,22,All ages,495,Ischemic stroke,3,Rate,2015,1564.69022545316,1654.09913592717,1484.44078992807
1,All Population,5,Prevalence,86,Italy,3,Both,22,All ages,495,Ischemic stroke,3,Rate,2015,1028.00045915369,1135.01566239009,913.61679528417
1,All Population,5,Prevalence,125,Colombia,3,Both,22,All ages,495,Ischemic stroke,3,Rate,2016,570.56879035923,598.4914529604999,542.5349934352801
1,All Population,5,Prevalence,33,Armenia,3,Both,22,All ages,495,Ischemic stroke,3,Rate,2016,859.71842600649,901.21365969628,820.2203090405
1,All Population,5,Prevalence,85,Israel,3,Both,22,All ages,495,Ischemic stroke,3,Rate,2016,792.5775792635601,844.1530289982201,743.68197621051
1,All Population,5,Prevalence,22,Fiji,3,Both,22,All ages,495,Ischemic stroke,3,Rate,2017,628.44580170748,657.4496464918,601.5330638409599
1,All Population,5,Prevalence,127,El Salvador,3,Both,22,All ages,495,Ischemic stroke,3,Rate,2016,477.52706586904,499.39889818203,453.53041227217005
1,All Population,5,Prevalence,131,Nicaragua,3,Both,22,All ages,495,Ischemic stroke,3,Rate,2016,432.28704491598995,451.87712351395004,412.37766617825
1,All Population,5,Prevalence,207,Ghana,3,Both,22,All ages,495,Ischemic stroke,3,Rate,2017,723.86999606931,759.13357994719,692.56905502858
1,All Population,5,Prevalence,141,Egypt,3,Both,22,All ages,495,Ischemic stroke,3,Rate,2015,735.49097520001,769.0513318216,704.30322750085
1,All Population,5,Prevalence,154,Tunisia,3,Both,22,All ages,495,Ischemic stroke,3,Rate,2015,622.14089297539,655.36133015117,589.65929102826
1,All Population,5,Prevalence,30,Vanuatu,3,Both,22,All ages,495,Ischemic stroke,3,Rate,2017,695.52805223084,726.64955609152,663.67985231691
1,All Population,5,Prevalence,413,Tokelau,3,Both,22,All ages,495,Ischemic stroke,3,Rate,2015,933.24747480947,988.4636459044799,885.76131283873
1,All Population,5,Prevalence,17,Sri Lanka,3,Both,22,All ages,495,Ischemic stroke,3,Rate,2017,1008.74096538302,1053.7916388088302,961.0436587475899
1,All Population,5,Prevalence,218,Togo,3,Both,22,All ages,495,Ischemic stroke,3,Rate,2016,606.4848310802901,633.74567391942,578.1514285117601
1,All Population,5,Prevalence,416,Tuvalu,3,Both,22,All ages,495,Ischemic stroke,3,Rate,2015,821.26904333367,860.1508370197399,785.7712512490799
1,All Population,5,Prevalence,154,Tunisia,3,Both,22,All ages,495,Ischemic stroke,3,Rate,2016,631.80756773349,664.89058949049,599.29344164901
1,All Population,5,Prevalence,43,Albania,3,Both,22,All ages,495,Ischemic stroke,3,Rate,2017,895.725894745,950.9659544340301,843.5655341286199
1,All Population,5,Prevalence,202,Cameroon,3,Both,22,All ages,495,Ischemic stroke,3,Rate,2016,482.86102180049005,507.21145552123,458.02537072487996
1,All Population,5,Prevalence,98,Chile,3,Both,22,All ages,495,Ischemic stroke,3,Rate,2017,773.96319254366,806.38636488185,743.4910669844601
1,All Population,5,Prevalence,110,Dominica,3,Both,22,All ages,495,Ischemic stroke,3,Rate,2016,903.8796952306799,956.70586596476,854.46368821238
1,All Population,5,Prevalence,10,Cambodia,3,Both,22,All ages,495,Ischemic stroke,3,Rate,2015,554.36898759609,583.82800658626,527.62749539531
1,All Population,5,Prevalence,185,Rwanda,3,Both,22,All ages,495,Ischemic stroke,3,Rate,2016,384.56074318420997,403.83600560421996,364.31597549405
1,All Population,5,Prevalence,146,Lebanon,3,Both,22,All ages,495,Ischemic stroke,3,Rate,2017,578.87031262087,608.0449180127499,551.00462192773
1,All Population,5,Prevalence,178,Eritrea,3,Both,22,All ages,495,Ischemic stroke,3,Rate,2017,450.33253755389,474.40070796136,426.53110406602
1,All Population,5,Prevalence,18,Thailand,3,Both,22,All ages,495,Ischemic stroke,3,Rate,2015,1073.7586740267002,1123.19241211453,1025.20550912513
1,All Population,5,Prevalence,376,Northern Mariana Islands,3,Both,22,All ages,495,Ischemic stroke,3,Rate,2015,599.23794045462,627.78594759205,568.7180625766399
1,All Population,5,Prevalence,72,New Zealand,3,Both,22,All ages,495,Ischemic stroke,3,Rate,2017,944.2973459786201,1041.20789918937,856.92862704824
1,All Population,5,Prevalence,143,Iraq,3,Both,22,All ages,495,Ischemic stroke,3,Rate,2017,706.0373726926,740.40295558762,673.34956581464
1,All Population,5,Prevalence,208,Guinea,3,Both,22,All ages,495,Ischemic stroke,3,Rate,2016,550.61917316903,577.13644394348,524.1261769915001
1,All Population,5,Prevalence,177,Djibouti,3,Both,22,All ages,495,Ischemic stroke,3,Rate,2016,460.54100636477995,483.57158194404997,438.48769939306004
1,All Population,5,Prevalence,114,Haiti,3,Both,22,All ages,495,Ischemic stroke,3,Rate,2017,483.87452156284,511.5761951513,458.36966379360996
1,All Population,5,Prevalence,195,Namibia,3,Both,22,All ages,495,Ischemic stroke,3,Rate,2015,419.94420191492,444.76545442885003,396.27993209911006
1,All Population,5,Prevalence,83,Iceland,3,Both,22,All ages,495,Ischemic stroke,3,Rate,2017,839.93420354821,874.3151676833,802.88042488024
1,All Population,5,Prevalence,217,Sierra Leone,3,Both,22,All ages,495,Ischemic stroke,3,Rate,2016,542.34754627582,569.27797691965,516.39285396063
1,All Population,5,Prevalence,45,Bulgaria,3,Both,22,All ages,495,Ischemic stroke,3,Rate,2017,2359.60819222867,2610.85081108733,2161.01687114252
1,All Population,5,Prevalence,34,Azerbaijan,3,Both,22,All ages,495,Ischemic stroke,3,Rate,2017,551.0979714596699,580.61699219084,519.84002833759
1,All Population,5,Prevalence,172,Equatorial Guinea,3,Both,22,All ages,495,Ischemic stroke,3,Rate,2016,281.70692150127996,296.69817949311,266.03504202208
1,All Population,5,Prevalence,18,Thailand,3,Both,22,All ages,495,Ischemic stroke,3,Rate,2017,1149.4801723749601,1199.28599130955,1095.43574365589
1,All Population,5,Prevalence,76,Belgium,3,Both,22,All ages,495,Ischemic stroke,3,Rate,2017,1071.89041558841,1107.80124700564,1031.93084342118
1,All Population,5,Prevalence,157,Yemen,3,Both,22,All ages,495,Ischemic stroke,3,Rate,2015,436.65538265473,461.21798170946005,413.86078253544997
1,All Population,5,Prevalence,210,Liberia,3,Both,22,All ages,495,Ischemic stroke,3,Rate,2015,547.10597470117,576.13634404879,518.32324188645
1,All Population,5,Prevalence,40,Turkmenistan,3,Both,22,All ages,495,Ischemic stroke,3,Rate,2016,823.0664594405599,863.8285747558899,783.74605337468
1,All Population,5,Prevalence,26,Papua New Guinea,3,Both,22,All ages,495,Ischemic stroke,3,Rate,2015,365.84560415123,386.0091804447,347.32602249377004
1,All Population,5,Prevalence,52,Romania,3,Both,22,All ages,495,Ischemic stroke,3,Rate,2017,1420.18171480889,1530.96430511489,1322.1293370000199
1,All Population,5,Prevalence,194,Lesotho,3,Both,22,All ages,495,Ischemic stroke,3,Rate,2016,455.28647776905,486.01235271667,425.65071706551
1,All Population,5,Prevalence,369,Nauru,3,Both,22,All ages,495,Ischemic stroke,3,Rate,2016,494.96298838988,516.1022522137699,474.07394002002997
1,All Population,5,Prevalence,19,Timor-Leste,3,Both,22,All ages,495,Ischemic stroke,3,Rate,2017,589.8866299345,621.35116500413,561.52176994348
1,All Population,5,Prevalence,129,Honduras,3,Both,22,All ages,495,Ischemic stroke,3,Rate,2017,486.47854670308004,507.79702788259,464.25480028396
1,All Population,5,Prevalence,163,India,3,Both,22,All ages,495,Ischemic stroke,3,Rate,2017,605.59227425641,676.77282868746,535.19591822345
1,All Population,5,Prevalence,62,Russian Federation,3,Both,22,All ages,495,Ischemic stroke,3,Rate,2017,1324.1176517137,1479.90481154084,1201.89077598144
1,All Population,5,Prevalence,87,Luxembourg,3,Both,22,All ages,495,Ischemic stroke,3,Rate,2016,704.8945953216199,737.97127427347,672.45945320143
1,All Population,5,Prevalence,8,Taiwan,3,Both,22,All ages,495,Ischemic stroke,3,Rate,2017,927.40645031725,965.86377179798,887.7074198258599
1,All Population,5,Prevalence,207,Ghana,3,Both,22,All ages,495,Ischemic stroke,3,Rate,2016,712.6479380393399,747.2913956385,682.4005655494001
1,All Population,5,Prevalence,41,Uzbekistan,3,Both,22,All ages,495,Ischemic stroke,3,Rate,2015,578.11430190392,607.18781113024,550.32277894174
1,All Population,5,Prevalence,37,Kyrgyzstan,3,Both,22,All ages,495,Ischemic stroke,3,Rate,2017,576.9034955314901,601.86784208102,546.7412739848601
1,All Population,5,Prevalence,116,Saint Lucia,3,Both,22,All ages,495,Ischemic stroke,3,Rate,2016,908.60494630338,964.7110444333799,852.13683533723
1,All Population,5,Prevalence,29,Tonga,3,Both,22,All ages,495,Ischemic stroke,3,Rate,2017,570.69299008983,600.0881998930699,545.0597750049
1,All Population,5,Prevalence,106,Bahamas,3,Both,22,All ages,495,Ischemic stroke,3,Rate,2017,570.08083660733,594.48289689764,542.40657673904
1,All Population,5,Prevalence,59,Latvia,3,Both,22,All ages,495,Ischemic stroke,3,Rate,2017,1574.39365265458,1672.9082746572,1467.01327796992
1,All Population,5,Prevalence,211,Mali,3,Both,22,All ages,495,Ischemic stroke,3,Rate,2015,447.24736041607,467.41188504980994,426.83592822498
1,All Population,5,Prevalence,422,United States Virgin Islands,3,Both,22,All ages,495,Ischemic stroke,3,Rate,2015,974.31732129209,1021.81368784622,928.5402028968799
1,All Population,5,Prevalence,168,Angola,3,Both,22,All ages,495,Ischemic stroke,3,Rate,2017,327.98624668743,343.43695840376,312.23205073619
1,All Population,5,Prevalence,12,Lao People's Democratic Republic,3,Both,22,All ages,495,Ischemic stroke,3,Rate,2017,564.27669332427,595.52686634494,533.08955679757
1,All Population,5,Prevalence,218,Togo,3,Both,22,All ages,495,Ischemic stroke,3,Rate,2017,615.42956213124,642.88137439436,586.9707217371399
1,All Population,5,Prevalence,89,Netherlands,3,Both,22,All ages,495,Ischemic stroke,3,Rate,2017,1172.6740076297501,1223.15661449602,1123.64884693817
1,All Population,5,Prevalence,38,Mongolia,3,Both,22,All ages,495,Ischemic stroke,3,Rate,2017,371.19417168110004,391.52032101210006,350.53368901309
1,All Population,5,Prevalence,160,Afghanistan,3,Both,22,All ages,495,Ischemic stroke,3,Rate,2017,500.23828308634,526.58601399681,476.51388866127
1,All Population,5,Prevalence,179,Ethiopia,3,Both,22,All ages,495,Ischemic stroke,3,Rate,2016,271.04509572034,303.31827641496,241.16102886038
1,All Population,5,Prevalence,85,Israel,3,Both,22,All ages,495,Ischemic stroke,3,Rate,2017,801.19990653072,852.92602906725,752.55145631522
1,All Population,5,Prevalence,90,Norway,3,Both,22,All ages,495,Ischemic stroke,3,Rate,2017,1199.40155950358,1329.15959354943,1065.16114738489
1,All Population,5,Prevalence,75,Austria,3,Both,22,All ages,495,Ischemic stroke,3,Rate,2017,1663.7404822082,1745.5002774570598,1573.0992713745202
1,All Population,5,Prevalence,47,Czechia,3,Both,22,All ages,495,Ischemic stroke,3,Rate,2017,1303.5930405133502,1390.4571701530701,1227.57258381334
1,All Population,5,Prevalence,135,Brazil,3,Both,22,All ages,495,Ischemic stroke,3,Rate,2017,783.6073535841301,871.2067178001,713.59185008103
1,All Population,5,Prevalence,156,United Arab Emirates,3,Both,22,All ages,495,Ischemic stroke,3,Rate,2016,597.31701618867,639.94714713355,564.1093884550099
1,All Population,5,Prevalence,122,Ecuador,3,Both,22,All ages,495,Ischemic stroke,3,Rate,2017,583.99691451371,611.4476834315,558.38398811005
1,All Population,5,Prevalence,101,Canada,3,Both,22,All ages,495,Ischemic stroke,3,Rate,2016,1458.1319668609901,1505.1356666249999,1403.25681527294
1,All Population,5,Prevalence,180,Kenya,3,Both,22,All ages,495,Ischemic stroke,3,Rate,2017,426.29168752896,472.74763262862,378.73077179790005
1,All Population,5,Prevalence,97,Argentina,3,Both,22,All ages,495,Ischemic stroke,3,Rate,2017,450.51484097448,474.02139458955,426.59124376426
1,All Population,5,Prevalence,58,Estonia,3,Both,22,All ages,495,Ischemic stroke,3,Rate,2017,1169.29488975812,1232.8603810782,1113.74598294989
1,All Population,5,Prevalence,183,Mauritius,3,Both,22,All ages,495,Ischemic stroke,3,Rate,2017,1089.1692742749299,1134.52567295444,1041.0743739556
1,All Population,5,Prevalence,44,Bosnia and Herzegovina,3,Both,22,All ages,495,Ischemic stroke,3,Rate,2017,1618.7626887654599,1695.55187886875,1543.15628582498
1,All Population,5,Prevalence,197,Eswatini,3,Both,22,All ages,495,Ischemic stroke,3,Rate,2017,407.00265894675,431.5431073521,381.28088649408
1,All Population,5,Prevalence,109,Cuba,3,Both,22,All ages,495,Ischemic stroke,3,Rate,2017,1308.1853173018999,1367.99295038516,1255.3842622166499
1,All Population,5,Prevalence,150,Oman,3,Both,22,All ages,495,Ischemic stroke,3,Rate,2017,491.51589912449,516.30401993598,467.67381202599995
1,All Population,5,Prevalence,204,Chad,3,Both,22,All ages,495,Ischemic stroke,3,Rate,2016,429.19767452011996,450.70430028935004,409.98233204690996
1,All Population,5,Prevalence,25,Micronesia (Federated States of),3,Both,22,All ages,495,Ischemic stroke,3,Rate,2017,690.53873028334,721.11508434218,662.4440117527799
1,All Population,5,Prevalence,53,Serbia,3,Both,22,All ages,495,Ischemic stroke,3,Rate,2017,1352.0432568655,1431.82258009718,1279.6429215921498
1,All Population,5,Prevalence,57,Belarus,3,Both,22,All ages,495,Ischemic stroke,3,Rate,2015,1301.60181704607,1376.5916662064099,1221.40298185373
1,All Population,5,Prevalence,116,Saint Lucia,3,Both,22,All ages,495,Ischemic stroke,3,Rate,2017,929.12892668821,986.16089805079,869.105390507
1,All Population,5,Prevalence,69,Singapore,3,Both,22,All ages,495,Ischemic stroke,3,Rate,2017,1073.19310783036,1103.1719899766001,1041.38941755987
1,All Population,5,Prevalence,196,South Africa,3,Both,22,All ages,495,Ischemic stroke,3,Rate,2017,522.51574198631,586.86127347325,466.92346345676003
1,All Population,5,Prevalence,84,Ireland,3,Both,22,All ages,495,Ischemic stroke,3,Rate,2017,619.6522550936199,649.844741614,588.93703485146
1,All Population,5,Prevalence,131,Nicaragua,3,Both,22,All ages,495,Ischemic stroke,3,Rate,2017,439.37961066965994,459.44399736946,419.6929779479
1,All Population,5,Prevalence,136,Paraguay,3,Both,22,All ages,495,Ischemic stroke,3,Rate,2017,614.1408705065401,643.12082059025,589.0587505194401
1,All Population,5,Prevalence,27,Samoa,3,Both,22,All ages,495,Ischemic stroke,3,Rate,2017,679.8380224209201,712.93895405818,645.04499635714
1,All Population,5,Prevalence,151,Qatar,3,Both,22,All ages,495,Ischemic stroke,3,Rate,2017,574.30941105875,610.88836381194,540.78411302677
1,All Population,5,Prevalence,148,Morocco,3,Both,22,All ages,495,Ischemic stroke,3,Rate,2016,706.18437272866,742.24342243181,669.15106096604
1,All Population,5,Prevalence,165,Pakistan,3,Both,22,All ages,495,Ischemic stroke,3,Rate,2017,497.43899832285007,555.85516509135,443.42903684558
1,All Population,5,Prevalence,133,Venezuela (Bolivarian Republic of),3,Both,22,All ages,495,Ischemic stroke,3,Rate,2016,464.10712214228005,484.80052650797,441.40206722962995
1,All Population,5,Prevalence,170,Congo,3,Both,22,All ages,495,Ischemic stroke,3,Rate,2017,458.89987453261,481.39856712688,436.40782947971
1,All Population,5,Prevalence,305,Bermuda,3,Both,22,All ages,495,Ischemic stroke,3,Rate,2017,1006.80989789694,1057.66099421645,963.4928725573699
1,All Population,5,Prevalence,156,United Arab Emirates,3,Both,22,All ages,495,Ischemic stroke,3,Rate,2015,579.1173499379499,623.94973706121,543.71958548664
1,All Population,5,Prevalence,105,Antigua and Barbuda,3,Both,22,All ages,495,Ischemic stroke,3,Rate,2017,725.84192285764,754.3808603105,696.8297322467499
1,All Population,5,Prevalence,132,Panama,3,Both,22,All ages,495,Ischemic stroke,3,Rate,2016,614.83908743145,642.37202380494,585.2507639223501
1,All Population,5,Prevalence,193,Botswana,3,Both,22,All ages,495,Ischemic stroke,3,Rate,2017,405.67268131341,430.06439097456996,381.46062138081
1,All Population,5,Prevalence,177,Djibouti,3,Both,22,All ages,495,Ischemic stroke,3,Rate,2017,467.09558710064994,489.04582622399005,445.42790813907
1,All Population,5,Prevalence,68,Republic of Korea,3,Both,22,All ages,495,Ischemic stroke,3,Rate,2017,1267.3057233325198,1359.3728590778999,1187.8914697687899
1,All Population,5,Prevalence,385,Puerto Rico,3,Both,22,All ages,495,Ischemic stroke,3,Rate,2017,1003.78791734069,1047.74821439234,959.6833746730199
1,All Population,5,Prevalence,33,Armenia,3,Both,22,All ages,495,Ischemic stroke,3,Rate,2017,878.89108230219,917.0186498084299,842.3229645601601
1,All Population,5,Prevalence,204,Chad,3,Both,22,All ages,495,Ischemic stroke,3,Rate,2017,427.16922562716,448.02863925454,408.82494803351
1,All Population,5,Prevalence,156,United Arab Emirates,3,Both,22,All ages,495,Ischemic stroke,3,Rate,2017,616.35954596988,655.32566328009,583.0789497437501
1,All Population,5,Prevalence,185,Rwanda,3,Both,22,All ages,495,Ischemic stroke,3,Rate,2017,391.62603976299,410.7449973164,371.60752019075
1,All Population,5,Prevalence,24,Marshall Islands,3,Both,22,All ages,495,Ischemic stroke,3,Rate,2017,520.13737807546,542.4808006651,498.51362518997
1,All Population,5,Prevalence,149,Palestine,3,Both,22,All ages,495,Ischemic stroke,3,Rate,2015,449.28061038843,536.72056886772,372.19781340458
1,All Population,5,Prevalence,209,Guinea-Bissau,3,Both,22,All ages,495,Ischemic stroke,3,Rate,2017,532.94981081617,557.75638299864,509.96866115154995
1,All Population,5,Prevalence,88,Malta,3,Both,22,All ages,495,Ischemic stroke,3,Rate,2015,764.86124555895,805.78258880633,725.9757481129
1,All Population,5,Prevalence,119,Trinidad and Tobago,3,Both,22,All ages,495,Ischemic stroke,3,Rate,2017,957.68496735756,1007.20262500358,907.62131886774
1,All Population,5,Prevalence,130,Mexico,3,Both,22,All ages,495,Ischemic stroke,3,Rate,2017,526.57957105759,584.34887250589,478.64704054039
1,All Population,5,Prevalence,214,Nigeria,3,Both,22,All ages,495,Ischemic stroke,3,Rate,2017,460.51525117786997,510.30845243134996,411.55778966786994
1,All Population,5,Prevalence,187,Somalia,3,Both,22,All ages,495,Ischemic stroke,3,Rate,2016,383.40362231115,403.909923626,362.70849524124
1,All Population,5,Prevalence,49,North Macedonia,3,Both,22,All ages,495,Ischemic stroke,3,Rate,2017,1736.70926010552,1825.61328945499,1638.62543702394
1,All Population,5,Prevalence,152,Saudi Arabia,3,Both,22,All ages,495,Ischemic stroke,3,Rate,2017,502.37650770259,529.45658492659,476.62848559322003
1,All Population,5,Prevalence,133,Venezuela (Bolivarian Republic of),3,Both,22,All ages,495,Ischemic stroke,3,Rate,2017,472.91740484855006,494.31265908444004,450.33824339145997
1,All Population,5,Prevalence,198,Zimbabwe,3,Both,22,All ages,495,Ischemic stroke,3,Rate,2017,433.3517728773,455.66641384868,411.34648283856006
1,All Population,5,Prevalence,380,Palau,3,Both,22,All ages,495,Ischemic stroke,3,Rate,2017,1065.05020003249,1109.94549279335,1025.22916426753
1,All Population,5,Prevalence,217,Sierra Leone,3,Both,22,All ages,495,Ischemic stroke,3,Rate,2017,542.2191041943499,568.67044337234,515.81575253293
1,All Population,5,Prevalence,298,American Samoa,3,Both,22,All ages,495,Ischemic stroke,3,Rate,2017,601.68638546575,629.51049355319,576.91533386024
1,All Population,5,Prevalence,201,Burkina Faso,3,Both,22,All ages,495,Ischemic stroke,3,Rate,2017,449.06550814918,470.91444463149,427.16614157347
1,All Population,5,Prevalence,74,Andorra,3,Both,22,All ages,495,Ischemic stroke,3,Rate,2017,923.53456134226,975.18642122713,878.68386480047
1,All Population,5,Prevalence,118,Suriname,3,Both,22,All ages,495,Ischemic stroke,3,Rate,2017,789.86576925609,826.69264905204,753.9734517238601
1,All Population,5,Prevalence,87,Luxembourg,3,Both,22,All ages,495,Ischemic stroke,3,Rate,2017,705.67908087999,738.02741799069,674.11689023996
1,All Population,5,Prevalence,40,Turkmenistan,3,Both,22,All ages,495,Ischemic stroke,3,Rate,2017,837.27643594394,877.62509266001,799.39470049641
1,All Population,5,Prevalence,102,United States of America,3,Both,22,All ages,495,Ischemic stroke,3,Rate,2017,1820.98110554286,1933.6161434732198,1715.6995420308199
1,All Population,5,Prevalence,208,Guinea,3,Both,22,All ages,495,Ischemic stroke,3,Rate,2017,547.10762593749,572.64291848992,521.10431288095
1,All Population,5,Prevalence,173,Gabon,3,Both,22,All ages,495,Ischemic stroke,3,Rate,2017,533.82712836986,561.65587420062,507.75551662427
1,All Population,5,Prevalence,522,Sudan,3,Both,22,All ages,495,Ischemic stroke,3,Rate,2017,733.32554068257,768.51487095245,700.45744321541
1,All Population,5,Prevalence,196,South Africa,3,Both,22,All ages,495,Ischemic stroke,3,Rate,2016,515.0184203129901,578.13293014349,460.50909700265004
1,All Population,5,Prevalence,60,Lithuania,3,Both,22,All ages,495,Ischemic stroke,3,Rate,2017,1551.07994795963,1728.3733496500702,1384.73438726679
1,All Population,5,Prevalence,169,Central African Republic,3,Both,22,All ages,495,Ischemic stroke,3,Rate,2017,424.28802581255,447.09533490479,402.14136900561
1,All Population,5,Prevalence,209,Guinea-Bissau,3,Both,22,All ages,495,Ischemic stroke,3,Rate,2016,531.10392736958,554.9977175079899,507.24410485177
1,All Population,5,Prevalence,210,Liberia,3,Both,22,All ages,495,Ischemic stroke,3,Rate,2016,552.29523491263,580.19555080361,524.02590994756
1,All Population,5,Prevalence,115,Jamaica,3,Both,22,All ages,495,Ischemic stroke,3,Rate,2017,769.37450784413,801.63124373492,737.77507648763
1,All Population,5,Prevalence,182,Malawi,3,Both,22,All ages,495,Ischemic stroke,3,Rate,2017,387.53946076482,407.17709758461,368.24179493327
1,All Population,5,Prevalence,145,Kuwait,3,Both,22,All ages,495,Ischemic stroke,3,Rate,2017,689.93394764046,724.3328998366001,654.63773839326
1,All Population,5,Prevalence,99,Uruguay,3,Both,22,All ages,495,Ischemic stroke,3,Rate,2017,780.98100327252,818.8575102056899,739.24683439289
1,All Population,5,Prevalence,367,Monaco,3,Both,22,All ages,495,Ischemic stroke,3,Rate,2017,1525.53191510578,1619.79612718606,1425.9839952320501
1,All Population,5,Prevalence,374,Niue,3,Both,22,All ages,495,Ischemic stroke,3,Rate,2017,1177.24167904454,1240.83331177043,1120.6711694769199
1,All Population,5,Prevalence,77,Cyprus,3,Both,22,All ages,495,Ischemic stroke,3,Rate,2017,620.36179216507,651.26683937004,587.79820252134
1,All Population,5,Prevalence,139,Algeria,3,Both,22,All ages,495,Ischemic stroke,3,Rate,2017,639.32980575482,668.0572059087,609.14691739088
1,All Population,5,Prevalence,396,San Marino,3,Both,22,All ages,495,Ischemic stroke,3,Rate,2017,1399.90298023178,1466.61129942493,1333.66556109849
1,All Population,5,Prevalence,78,Denmark,3,Both,22,All ages,495,Ischemic stroke,3,Rate,2017,1127.09505329282,1176.19582579794,1077.4830856973301
1,All Population,5,Prevalence,14,Maldives,3,Both,22,All ages,495,Ischemic stroke,3,Rate,2017,542.61933803431,569.42444281438,518.32068697216
1,All Population,5,Prevalence,123,Peru,3,Both,22,All ages,495,Ischemic stroke,3,Rate,2017,569.09985356832,595.23979798686,542.3131157113099
1,All Population,5,Prevalence,61,Republic of Moldova,3,Both,22,All ages,495,Ischemic stroke,3,Rate,2017,1137.22230143888,1194.66198725639,1077.95478082587
1,All Population,5,Prevalence,172,Equatorial Guinea,3,Both,22,All ages,495,Ischemic stroke,3,Rate,2017,282.95947098524,298.24498355868,267.23208885108
1,All Population,5,Prevalence,154,Tunisia,3,Both,22,All ages,495,Ischemic stroke,3,Rate,2017,641.91197469698,674.4684432719599,609.2582034083899
1,All Population,5,Prevalence,187,Somalia,3,Both,22,All ages,495,Ischemic stroke,3,Rate,2017,383.45100243965004,403.69043204794997,362.74319260484
1,All Population,5,Prevalence,107,Barbados,3,Both,22,All ages,495,Ischemic stroke,3,Rate,2017,1097.02186065621,1145.41163058609,1047.99251999011
1,All Population,5,Prevalence,39,Tajikistan,3,Both,22,All ages,495,Ischemic stroke,3,Rate,2017,450.72312004455,475.55792979082,429.63790322295
1,All Population,5,Prevalence,349,Greenland,3,Both,22,All ages,495,Ischemic stroke,3,Rate,2017,1215.2994135485399,1263.48160628722,1170.67337065485
1,All Population,5,Prevalence,71,Australia,3,Both,22,All ages,495,Ischemic stroke,3,Rate,2017,930.52185651219,965.1862817176201,890.89560001654
1,All Population,5,Prevalence,108,Belize,3,Both,22,All ages,495,Ischemic stroke,3,Rate,2017,424.99080750897,443.46415368989,405.91765332549
1,All Population,5,Prevalence,126,Costa Rica,3,Both,22,All ages,495,Ischemic stroke,3,Rate,2017,555.5211407844699,578.9322705375499,532.57619248413
1,All Population,5,Prevalence,171,Democratic Republic of the Congo,3,Both,22,All ages,495,Ischemic stroke,3,Rate,2017,412.44118558923003,434.73953902007,389.24100694391996
1,All Population,5,Prevalence,92,Spain,3,Both,22,All ages,495,Ischemic stroke,3,Rate,2017,1329.3816516096201,1377.4092611460098,1286.99132832089
1,All Population,5,Prevalence,111,Dominican Republic,3,Both,22,All ages,495,Ischemic stroke,3,Rate,2017,642.4419720404001,670.91111634141,615.2983622846
1,All Population,5,Prevalence,216,Senegal,3,Both,22,All ages,495,Ischemic stroke,3,Rate,2017,698.0116002978999,733.35850922346,663.06457361542
1,All Population,5,Prevalence,205,Côte d'Ivoire,3,Both,22,All ages,495,Ischemic stroke,3,Rate,2017,526.3253062515399,548.7111964821,502.89072335516
1,All Population,5,Prevalence,184,Mozambique,3,Both,22,All ages,495,Ischemic stroke,3,Rate,2017,476.16332223462996,500.80763412619,452.38275877923
1,All Population,5,Prevalence,10,Cambodia,3,Both,22,All ages,495,Ischemic stroke,3,Rate,2017,578.81862263925,609.55318265445,550.6692429890201
1,All Population,5,Prevalence,162,Bhutan,3,Both,22,All ages,495,Ischemic stroke,3,Rate,2017,517.41644763715,546.25656118115,489.94092998834
1,All Population,5,Prevalence,121,Bolivia (Plurinational State of),3,Both,22,All ages,495,Ischemic stroke,3,Rate,2017,504.03300721496,526.58800533608,480.59030939045
1,All Population,5,Prevalence,86,Italy,3,Both,22,All ages,495,Ischemic stroke,3,Rate,2017,1055.39148967274,1164.58141743307,940.66134824889
1,All Population,5,Prevalence,26,Papua New Guinea,3,Both,22,All ages,495,Ischemic stroke,3,Rate,2017,371.53019974457,390.37144614966,353.30413639344005
1,All Population,5,Prevalence,91,Portugal,3,Both,22,All ages,495,Ischemic stroke,3,Rate,2017,1450.84267294543,1522.15442666069,1381.99268359098
1,All Population,5,Prevalence,211,Mali,3,Both,22,All ages,495,Ischemic stroke,3,Rate,2017,448.71416891710993,468.73434800453,428.38328633335
1,All Population,5,Prevalence,200,Benin,3,Both,22,All ages,495,Ischemic stroke,3,Rate,2017,448.81045118320003,470.85647189436,426.35334889328004
1,All Population,5,Prevalence,211,Mali,3,Both,22,All ages,495,Ischemic stroke,3,Rate,2016,447.89290533660005,468.22470307159,427.60178056448996
1,All Population,5,Prevalence,179,Ethiopia,3,Both,22,All ages,495,Ischemic stroke,3,Rate,2017,273.76419320302,306.37970309530004,243.53202466282
1,All Population,5,Prevalence,153,Syrian Arab Republic,3,Both,22,All ages,495,Ischemic stroke,3,Rate,2017,639.51697695773,669.3880348277,610.6029632249299
1,All Population,5,Prevalence,203,Cabo Verde,3,Both,22,All ages,495,Ischemic stroke,3,Rate,2017,934.56664061294,974.76731979189,889.74576214406
1,All Population,5,Prevalence,46,Croatia,3,Both,22,All ages,495,Ischemic stroke,3,Rate,2017,1364.06354491676,1454.49285630409,1282.66569044435
1,All Population,5,Prevalence,132,Panama,3,Both,22,All ages,495,Ischemic stroke,3,Rate,2017,626.43727627665,653.53789612529,596.90270733493
1,All Population,5,Prevalence,351,Guam,3,Both,22,All ages,495,Ischemic stroke,3,Rate,2017,827.4330334066301,862.68855761673,794.31010677168
1,All Population,5,Prevalence,55,Slovenia,3,Both,22,All ages,495,Ischemic stroke,3,Rate,2017,904.13782153552,944.624469852,865.00056442777
1,All Population,5,Prevalence,195,Namibia,3,Both,22,All ages,495,Ischemic stroke,3,Rate,2017,424.09970456925,448.47948259773,401.46227277104003
1,All Population,5,Prevalence,210,Liberia,3,Both,22,All ages,495,Ischemic stroke,3,Rate,2017,558.73590081801,586.63259969453,530.4401349889799
1,All Population,5,Prevalence,393,Saint Kitts and Nevis,3,Both,22,All ages,495,Ischemic stroke,3,Rate,2017,875.0224460938099,925.25522524668,831.6218531667699
1,All Population,5,Prevalence,213,Niger,3,Both,22,All ages,495,Ischemic stroke,3,Rate,2017,419.52978559151995,439.64094184914995,399.69805897535
1,All Population,5,Prevalence,92,Spain,3,Both,22,All ages,495,Ischemic stroke,3,Rate,2018,1347.323554583,1392.88180816014,1302.50328361502
1,All Population,5,Prevalence,58,Estonia,3,Both,22,All ages,495,Ischemic stroke,3,Rate,2018,1182.9515514816899,1247.10487938055,1123.27770535584
1,All Population,5,Prevalence,24,Marshall Islands,3,Both,22,All ages,495,Ischemic stroke,3,Rate,2018,533.88039479098,556.77302366766,511.50241627641003
1,All Population,5,Prevalence,16,Philippines,3,Both,22,All ages,495,Ischemic stroke,3,Rate,2017,630.5382668294,694.0223697484699,569.4737011253001
1,All Population,5,Prevalence,11,Indonesia,3,Both,22,All ages,495,Ischemic stroke,3,Rate,2018,947.1325032875001,1053.02210661706,837.81702119257
1,All Population,5,Prevalence,50,Montenegro,3,Both,22,All ages,495,Ischemic stroke,3,Rate,2018,1198.90251327006,1268.93196533792,1129.96974007968
1,All Population,5,Prevalence,140,Bahrain,3,Both,22,All ages,495,Ischemic stroke,3,Rate,2017,566.78947719522,599.6643750761999,537.16500820105
1,All Population,5,Prevalence,416,Tuvalu,3,Both,22,All ages,495,Ischemic stroke,3,Rate,2017,831.08290816511,869.15874831393,795.43924169457
1,All Population,5,Prevalence,35,Georgia,3,Both,22,All ages,495,Ischemic stroke,3,Rate,2018,1252.50921201459,1333.42028218728,1172.03489932813
1,All Population,5,Prevalence,7,Democratic People's Republic of Korea,3,Both,22,All ages,495,Ischemic stroke,3,Rate,2018,1227.96919231496,1296.990955208,1157.77920977551
1,All Population,5,Prevalence,212,Mauritania,3,Both,22,All ages,495,Ischemic stroke,3,Rate,2016,610.60439146575,639.2980179508099,582.93129368808
1,All Population,5,Prevalence,12,Lao People's Democratic Republic,3,Both,22,All ages,495,Ischemic stroke,3,Rate,2018,573.41376285942,604.16357855836,542.14714829315
1,All Population,5,Prevalence,369,Nauru,3,Both,22,All ages,495,Ischemic stroke,3,Rate,2017,501.67873276886,522.88748836731,480.99659571457
1,All Population,5,Prevalence,147,Libya,3,Both,22,All ages,495,Ischemic stroke,3,Rate,2017,927.69002787396,966.37164487707,885.3578926109
1,All Population,5,Prevalence,75,Austria,3,Both,22,All ages,495,Ischemic stroke,3,Rate,2018,1684.5457631219401,1770.75380322539,1597.3229755397201
1,All Population,5,Prevalence,320,Cook Islands,3,Both,22,All ages,495,Ischemic stroke,3,Rate,2017,950.7368995729199,988.8475902434701,910.6825856007999
1,All Population,5,Prevalence,28,Solomon Islands,3,Both,22,All ages,495,Ischemic stroke,3,Rate,2018,477.35580876616996,501.47774264663,454.29955562576
1,All Population,5,Prevalence,45,Bulgaria,3,Both,22,All ages,495,Ischemic stroke,3,Rate,2018,2373.86419576042,2613.42121496182,2177.5266677868904
1,All Population,5,Prevalence,13,Malaysia,3,Both,22,All ages,495,Ischemic stroke,3,Rate,2018,830.47981524852,864.2827012557501,795.1986602080401
1,All Population,5,Prevalence,186,Seychelles,3,Both,22,All ages,495,Ischemic stroke,3,Rate,2017,942.4285699212301,986.9385284396501,904.20538087742
1,All Population,5,Prevalence,150,Oman,3,Both,22,All ages,495,Ischemic stroke,3,Rate,2018,497.33433477551,524.5806671317999,473.15815022643
1,All Population,5,Prevalence,105,Antigua and Barbuda,3,Both,22,All ages,495,Ischemic stroke,3,Rate,2018,745.9614536589501,773.7169164992,716.25228142353
1,All Population,5,Prevalence,186,Seychelles,3,Both,22,All ages,495,Ischemic stroke,3,Rate,2018,961.2958185490199,1006.53137254817,922.5700827002199
1,All Population,5,Prevalence,161,Bangladesh,3,Both,22,All ages,495,Ischemic stroke,3,Rate,2018,568.78957887105,599.39351993729,540.0135749943701
1,All Population,5,Prevalence,118,Suriname,3,Both,22,All ages,495,Ischemic stroke,3,Rate,2018,808.5008465136399,845.22089907535,769.92577081814
1,All Population,5,Prevalence,435,South Sudan,3,Both,22,All ages,495,Ischemic stroke,3,Rate,2018,383.21073360164,402.27724123648005,362.87700881194996
1,All Population,5,Prevalence,165,Pakistan,3,Both,22,All ages,495,Ischemic stroke,3,Rate,2018,501.50420700104,562.22765222864,446.58729436698
1,All Population,5,Prevalence,144,Jordan,3,Both,22,All ages,495,Ischemic stroke,3,Rate,2018,600.93524671083,630.2131127633,571.86756626253
1,All Population,5,Prevalence,129,Honduras,3,Both,22,All ages,495,Ischemic stroke,3,Rate,2018,493.68086533473996,515.86207679808,470.44922699381993
1,All Population,5,Prevalence,112,Grenada,3,Both,22,All ages,495,Ischemic stroke,3,Rate,2018,1128.67022877955,1176.44206052322,1079.8410268386301
1,All Population,5,Prevalence,205,Côte d'Ivoire,3,Both,22,All ages,495,Ischemic stroke,3,Rate,2018,527.08579406255,549.0551775929999,503.36580924616
1,All Population,5,Prevalence,213,Niger,3,Both,22,All ages,495,Ischemic stroke,3,Rate,2018,419.77496599205,439.84970366974,400.04819518792
1,All Population,5,Prevalence,198,Zimbabwe,3,Both,22,All ages,495,Ischemic stroke,3,Rate,2018,439.39503786076,461.90405299708004,416.9764073743
1,All Population,5,Prevalence,182,Malawi,3,Both,22,All ages,495,Ischemic stroke,3,Rate,2018,390.32086273184,410.42007805597,372.05180511024
1,All Population,5,Prevalence,393,Saint Kitts and Nevis,3,Both,22,All ages,495,Ischemic stroke,3,Rate,2018,892.35407058008,946.83985786048,849.68205570701
1,All Population,5,Prevalence,187,Somalia,3,Both,22,All ages,495,Ischemic stroke,3,Rate,2018,383.12301496676,404.36626124984,362.08613183912996
1,All Population,5,Prevalence,181,Madagascar,3,Both,22,All ages,495,Ischemic stroke,3,Rate,2017,529.41708039203,553.2992819926201,505.29748073128
1,All Population,5,Prevalence,71,Australia,3,Both,22,All ages,495,Ischemic stroke,3,Rate,2018,938.36596449372,972.9581233892301,900.6910941792399
1,All Population,5,Prevalence,97,Argentina,3,Both,22,All ages,495,Ischemic stroke,3,Rate,2018,454.41533391924,476.35413308755,432.62443232076004
1,All Population,5,Prevalence,82,Greece,3,Both,22,All ages,495,Ischemic stroke,3,Rate,2018,1435.39739642508,1498.58796234834,1361.77913644107
1,All Population,5,Prevalence,59,Latvia,3,Both,22,All ages,495,Ischemic stroke,3,Rate,2018,1595.06774855511,1696.55691719175,1480.03717882749
1,All Population,5,Prevalence,93,Sweden,3,Both,22,All ages,495,Ischemic stroke,3,Rate,2018,1578.74541705891,1617.66345616399,1542.3287662547
1,All Population,5,Prevalence,140,Bahrain,3,Both,22,All ages,495,Ischemic stroke,3,Rate,2018,573.94972311452,607.22972619696,544.61695791399
1,All Population,5,Prevalence,67,Japan,3,Both,22,All ages,495,Ischemic stroke,3,Rate,2018,1728.71080559893,1909.8621061668803,1547.1518581631801
1,All Population,5,Prevalence,298,American Samoa,3,Both,22,All ages,495,Ischemic stroke,3,Rate,2018,619.09383924084,646.63391322402,594.68215609984
1,All Population,5,Prevalence,90,Norway,3,Both,22,All ages,495,Ischemic stroke,3,Rate,2018,1215.62867358382,1349.15852979754,1077.81709809851
1,All Population,5,Prevalence,46,Croatia,3,Both,22,All ages,495,Ischemic stroke,3,Rate,2018,1391.8681365807402,1482.15835122738,1306.32241973668
1,All Population,5,Prevalence,89,Netherlands,3,Both,22,All ages,495,Ischemic stroke,3,Rate,2018,1189.05681010957,1234.94919951538,1137.2791046427799
1,All Population,5,Prevalence,74,Andorra,3,Both,22,All ages,495,Ischemic stroke,3,Rate,2018,947.8314697412799,998.2927014881999,900.1261923978101
1,All Population,5,Prevalence,106,Bahamas,3,Both,22,All ages,495,Ischemic stroke,3,Rate,2018,581.52498839763,606.29968886651,555.1939944224
1,All Population,5,Prevalence,136,Paraguay,3,Both,22,All ages,495,Ischemic stroke,3,Rate,2018,626.05494786448,655.09489444486,600.5107062807
1,All Population,5,Prevalence,181,Madagascar,3,Both,22,All ages,495,Ischemic stroke,3,Rate,2018,533.39368681691,557.3952123378,509.0537028354
1,All Population,5,Prevalence,44,Bosnia and Herzegovina,3,Both,22,All ages,495,Ischemic stroke,3,Rate,2018,1649.42672074906,1731.25748852651,1571.6293189113098
1,All Population,5,Prevalence,27,Samoa,3,Both,22,All ages,495,Ischemic stroke,3,Rate,2018,684.84099955279,719.64757089051,651.5152712763199
1,All Population,5,Prevalence,201,Burkina Faso,3,Both,22,All ages,495,Ischemic stroke,3,Rate,2018,450.57693706441,472.64491513230996,429.41176387692997
1,All Population,5,Prevalence,320,Cook Islands,3,Both,22,All ages,495,Ischemic stroke,3,Rate,2018,964.31708005896,1002.64440693364,923.23974162754
1,All Population,5,Prevalence,139,Algeria,3,Both,22,All ages,495,Ischemic stroke,3,Rate,2018,647.40566608481,675.71189651771,618.26430962424
1,All Population,5,Prevalence,60,Lithuania,3,Both,22,All ages,495,Ischemic stroke,3,Rate,2018,1558.18673004016,1737.23874840063,1390.54642689092
1,All Population,5,Prevalence,37,Kyrgyzstan,3,Both,22,All ages,495,Ischemic stroke,3,Rate,2018,586.01398450299,611.97628060048,556.89032841653
1,All Population,5,Prevalence,190,Uganda,3,Both,22,All ages,495,Ischemic stroke,3,Rate,2018,346.92291450001,365.19995364036,329.00204468722
1,All Population,5,Prevalence,176,Comoros,3,Both,22,All ages,495,Ischemic stroke,3,Rate,2018,624.00902503502,657.43987827717,588.7326610382
1,All Population,5,Prevalence,168,Angola,3,Both,22,All ages,495,Ischemic stroke,3,Rate,2018,330.68663457089997,346.51165039682,314.55332320426
1,All Population,5,Prevalence,121,Bolivia (Plurinational State of),3,Both,22,All ages,495,Ischemic stroke,3,Rate,2018,511.65261388101004,534.46442069415,487.55170661386
1,All Population,5,Prevalence,214,Nigeria,3,Both,22,All ages,495,Ischemic stroke,3,Rate,2018,462.55163646858006,512.08017497321,413.45417122785005
1,All Population,5,Prevalence,349,Greenland,3,Both,22,All ages,495,Ischemic stroke,3,Rate,2018,1235.45185721414,1288.02581592344,1189.44648337171
1,All Population,5,Prevalence,34,Azerbaijan,3,Both,22,All ages,495,Ischemic stroke,3,Rate,2018,562.77204267174,593.10285531618,531.29648484038
1,All Population,5,Prevalence,153,Syrian Arab Republic,3,Both,22,All ages,495,Ischemic stroke,3,Rate,2018,664.62446928615,696.21598380231,635.58812221516
1,All Population,5,Prevalence,435,South Sudan,3,Both,22,All ages,495,Ischemic stroke,3,Rate,2017,362.07033502463,379.59197998452,342.85544038807996
1,All Population,5,Prevalence,52,Romania,3,Both,22,All ages,495,Ischemic stroke,3,Rate,2018,1434.67417182032,1539.2305825946,1337.2166037675702
1,All Population,5,Prevalence,26,Papua New Guinea,3,Both,22,All ages,495,Ischemic stroke,3,Rate,2018,374.51449913259,393.27772170054,355.83974387886
1,All Population,5,Prevalence,141,Egypt,3,Both,22,All ages,495,Ischemic stroke,3,Rate,2017,747.34152597209,778.30824274894,714.84506472854
1,All Population,5,Prevalence,376,Northern Mariana Islands,3,Both,22,All ages,495,Ischemic stroke,3,Rate,2017,631.53445579199,659.1106742160899,602.75918538144
1,All Population,5,Prevalence,79,Finland,3,Both,22,All ages,495,Ischemic stroke,3,Rate,2017,1611.96538848271,1697.91351000262,1535.93374194764
1,All Population,5,Prevalence,169,Central African Republic,3,Both,22,All ages,495,Ischemic stroke,3,Rate,2018,425.93622187422,448.49434296139,403.90506389827993
1,All Population,5,Prevalence,305,Bermuda,3,Both,22,All ages,495,Ischemic stroke,3,Rate,2018,1033.36933580687,1084.08093818259,988.7478590357899
1,All Population,5,Prevalence,155,Türkiye,3,Both,22,All ages,495,Ischemic stroke,3,Rate,2017,612.5767947448,640.41154379172,583.18033387301
1,All Population,5,Prevalence,20,Viet Nam,3,Both,22,All ages,495,Ischemic stroke,3,Rate,2018,960.50213104068,1004.72645934894,914.32065908387
1,All Population,5,Prevalence,142,Iran (Islamic Republic of),3,Both,22,All ages,495,Ischemic stroke,3,Rate,2017,705.08409679743,786.74230911794,637.77455351533
1,All Population,5,Prevalence,416,Tuvalu,3,Both,22,All ages,495,Ischemic stroke,3,Rate,2018,835.75670354926,874.5685406339101,798.8119303896301
1,All Population,5,Prevalence,6,China,3,Both,22,All ages,495,Ischemic stroke,3,Rate,2018,1289.17006119162,1426.26379049154,1157.45439026238
1,All Population,5,Prevalence,53,Serbia,3,Both,22,All ages,495,Ischemic stroke,3,Rate,2018,1358.09061862214,1437.98805688271,1286.4420937497
1,All Population,5,Prevalence,40,Turkmenistan,3,Both,22,All ages,495,Ischemic stroke,3,Rate,2018,851.6941189163201,891.11069182772,814.7045816163601
1,All Population,5,Prevalence,81,Germany,3,Both,22,All ages,495,Ischemic stroke,3,Rate,2018,2279.44640916322,2337.4275320758,2216.90065414185
1,All Population,5,Prevalence,99,Uruguay,3,Both,22,All ages,495,Ischemic stroke,3,Rate,2018,788.5379212059399,825.62944764293,749.85461974271
1,All Population,5,Prevalence,125,Colombia,3,Both,22,All ages,495,Ischemic stroke,3,Rate,2017,582.9291751890199,608.57593460958,554.83361426358
1,All Population,5,Prevalence,189,United Republic of Tanzania,3,Both,22,All ages,495,Ischemic stroke,3,Rate,2017,436.91523031945,460.85364118764,413.47678007166
1,All Population,5,Prevalence,30,Vanuatu,3,Both,22,All ages,495,Ischemic stroke,3,Rate,2018,699.54214879141,730.4700461311501,666.00907002599
1,All Population,5,Prevalence,94,Switzerland,3,Both,22,All ages,495,Ischemic stroke,3,Rate,2017,878.7017053324001,912.32644841006,843.73586285054
1,All Population,5,Prevalence,87,Luxembourg,3,Both,22,All ages,495,Ischemic stroke,3,Rate,2018,710.23526346186,741.50525218287,679.78905725935
1,All Population,5,Prevalence,102,United States of America,3,Both,22,All ages,495,Ischemic stroke,3,Rate,2018,1838.36659623208,1953.48818122945,1729.33495914903
1,All Population,5,Prevalence,66,Brunei Darussalam,3,Both,22,All ages,495,Ischemic stroke,3,Rate,2018,568.71582638796,594.5829989115999,544.4878330343
1,All Population,5,Prevalence,47,Czechia,3,Both,22,All ages,495,Ischemic stroke,3,Rate,2018,1317.7069370428098,1402.63768020436,1243.57934661024
1,All Population,5,Prevalence,122,Ecuador,3,Both,22,All ages,495,Ischemic stroke,3,Rate,2018,596.18031916886,623.5733534631701,571.85760688051
1,All Population,5,Prevalence,135,Brazil,3,Both,22,All ages,495,Ischemic stroke,3,Rate,2018,803.9677111972401,894.61334376958,729.8926518982801
1,All Population,5,Prevalence,123,Peru,3,Both,22,All ages,495,Ischemic stroke,3,Rate,2018,577.49272324858,603.43897826409,550.33086372922
1,All Population,5,Prevalence,62,Russian Federation,3,Both,22,All ages,495,Ischemic stroke,3,Rate,2018,1339.5288999274,1500.10294868005,1216.80910529829
1,All Population,5,Prevalence,202,Cameroon,3,Both,22,All ages,495,Ischemic stroke,3,Rate,2017,484.17138636836006,507.73776482833006,460.35134558096
1,All Population,5,Prevalence,367,Monaco,3,Both,22,All ages,495,Ischemic stroke,3,Rate,2018,1552.86838188387,1644.4123512944002,1449.53486684042
1,All Population,5,Prevalence,84,Ireland,3,Both,22,All ages,495,Ischemic stroke,3,Rate,2018,628.5147262127599,660.22836036609,596.3354664859099
1,All Population,5,Prevalence,63,Ukraine,3,Both,22,All ages,495,Ischemic stroke,3,Rate,2017,1518.74843513732,1720.87975697776,1354.12125298411
1,All Population,5,Prevalence,108,Belize,3,Both,22,All ages,495,Ischemic stroke,3,Rate,2018,433.35037844365996,450.99076049682003,413.99416468886005
1,All Population,5,Prevalence,110,Dominica,3,Both,22,All ages,495,Ischemic stroke,3,Rate,2017,909.2942884447799,961.0249131819401,861.05993463699
1,All Population,5,Prevalence,369,Nauru,3,Both,22,All ages,495,Ischemic stroke,3,Rate,2018,508.86702264322,530.7312402594999,487.34084656781005
1,All Population,5,Prevalence,113,Guyana,3,Both,22,All ages,495,Ischemic stroke,3,Rate,2018,709.2827545121099,747.36812584408,672.4366366092199
1,All Population,5,Prevalence,147,Libya,3,Both,22,All ages,495,Ischemic stroke,3,Rate,2018,943.41648300436,983.3453417902999,901.2810864056601
1,All Population,5,Prevalence,57,Belarus,3,Both,22,All ages,495,Ischemic stroke,3,Rate,2017,1329.23173978404,1399.6146404992899,1263.8392610405201
1,All Population,5,Prevalence,143,Iraq,3,Both,22,All ages,495,Ischemic stroke,3,Rate,2018,716.86137904385,750.6593172919601,683.86594401832
1,All Population,5,Prevalence,193,Botswana,3,Both,22,All ages,495,Ischemic stroke,3,Rate,2018,412.71023423838,438.16139299556994,388.9477215518
1,All Population,5,Prevalence,54,Slovakia,3,Both,22,All ages,495,Ischemic stroke,3,Rate,2018,1370.95613369422,1459.91435614425,1283.0439645482102
1,All Population,5,Prevalence,39,Tajikistan,3,Both,22,All ages,495,Ischemic stroke,3,Rate,2018,456.76531623375,480.39430566160996,436.39862294588005
1,All Population,5,Prevalence,80,France,3,Both,22,All ages,495,Ischemic stroke,3,Rate,2017,1161.41334968044,1193.27063880099,1124.2248213072598
1,All Population,5,Prevalence,93,Sweden,3,Both,22,All ages,495,Ischemic stroke,3,Rate,2017,1567.3893898025801,1602.80250506428,1531.19626125538
1,All Population,5,Prevalence,163,India,3,Both,22,All ages,495,Ischemic stroke,3,Rate,2018,615.70551148453,687.64325876383,545.29113517235
1,All Population,5,Prevalence,522,Sudan,3,Both,22,All ages,495,Ischemic stroke,3,Rate,2018,739.34085404934,777.1999691030101,705.7681604422901
1,All Population,5,Prevalence,160,Afghanistan,3,Both,22,All ages,495,Ischemic stroke,3,Rate,2018,502.81106660538006,527.93541783918,477.78768640853
1,All Population,5,Prevalence,36,Kazakhstan,3,Both,22,All ages,495,Ischemic stroke,3,Rate,2018,816.7355948435101,873.46905171075,765.8877010262601
1,All Population,5,Prevalence,23,Kiribati,3,Both,22,All ages,495,Ischemic stroke,3,Rate,2018,663.58677109329,694.45456052677,634.20751648633
1,All Population,5,Prevalence,351,Guam,3,Both,22,All ages,495,Ischemic stroke,3,Rate,2018,849.8076042226801,888.1792033202199,816.37801554493
1,All Population,5,Prevalence,173,Gabon,3,Both,22,All ages,495,Ischemic stroke,3,Rate,2018,538.2850399941,565.59182933673,511.03527103983004
1,All Population,5,Prevalence,128,Guatemala,3,Both,22,All ages,495,Ischemic stroke,3,Rate,2018,329.01205334878,343.53629195392,313.33032465245003
1,All Population,5,Prevalence,206,Gambia,3,Both,22,All ages,495,Ischemic stroke,3,Rate,2018,652.52743138004,685.20365093446,619.2524445505401
1,All Population,5,Prevalence,43,Albania,3,Both,22,All ages,495,Ischemic stroke,3,Rate,2018,913.36015173957,966.55460572392,861.06450500157
1,All Population,5,Prevalence,7,Democratic People's Republic of Korea,3,Both,22,All ages,495,Ischemic stroke,3,Rate,2019,1247.94791216667,1322.2716874214,1172.36846152664
1,All Population,5,Prevalence,22,Fiji,3,Both,22,All ages,495,Ischemic stroke,3,Rate,2018,635.54133351062,665.33878728936,608.5009116620801
1,All Population,5,Prevalence,152,Saudi Arabia,3,Both,22,All ages,495,Ischemic stroke,3,Rate,2018,507.07981571860995,534.4906965001001,480.36563572263
1,All Population,5,Prevalence,99,Uruguay,3,Both,22,All ages,495,Ischemic stroke,3,Rate,2019,797.69461698522,838.56435560664,756.28693255672
1,All Population,5,Prevalence,191,Zambia,3,Both,22,All ages,495,Ischemic stroke,3,Rate,2018,358.34354928042995,375.20241757935,342.05300538052
1,All Population,5,Prevalence,149,Palestine,3,Both,22,All ages,495,Ischemic stroke,3,Rate,2017,493.02315999673,594.53627495159,405.36764590832
1,All Population,5,Prevalence,94,Switzerland,3,Both,22,All ages,495,Ischemic stroke,3,Rate,2018,887.7687571727799,923.26922315149,852.37697757235
1,All Population,5,Prevalence,77,Cyprus,3,Both,22,All ages,495,Ischemic stroke,3,Rate,2018,619.19193231693,648.32544265312,586.59957935178
1,All Population,5,Prevalence,157,Yemen,3,Both,22,All ages,495,Ischemic stroke,3,Rate,2017,445.70274970324004,468.504927025,423.36697025501
1,All Population,5,Prevalence,48,Hungary,3,Both,22,All ages,495,Ischemic stroke,3,Rate,2017,1495.21077194484,1575.21231805629,1426.6441587765
1,All Population,5,Prevalence,146,Lebanon,3,Both,22,All ages,495,Ischemic stroke,3,Rate,2018,588.46163319777,618.8846830006499,558.40168809079
1,All Population,5,Prevalence,20,Viet Nam,3,Both,22,All ages,495,Ischemic stroke,3,Rate,2019,981.7828741565501,1029.2566484491301,934.6685972407801
1,All Population,5,Prevalence,41,Uzbekistan,3,Both,22,All ages,495,Ischemic stroke,3,Rate,2019,610.32046807716,638.48033322256,581.04231868722
1,All Population,5,Prevalence,82,Greece,3,Both,22,All ages,495,Ischemic stroke,3,Rate,2019,1460.69137496297,1525.166880405,1388.15665045031
1,All Population,5,Prevalence,189,United Republic of Tanzania,3,Both,22,All ages,495,Ischemic stroke,3,Rate,2018,439.12703926984994,462.35404283209004,415.5852873491
1,All Population,5,Prevalence,49,North Macedonia,3,Both,22,All ages,495,Ischemic stroke,3,Rate,2018,1730.7373179892602,1821.9310929368003,1633.20778133031
1,All Population,5,Prevalence,215,Sao Tome and Principe,3,Both,22,All ages,495,Ischemic stroke,3,Rate,2017,648.7958738424601,678.62263478888,616.9589567963
1,All Population,5,Prevalence,44,Bosnia and Herzegovina,3,Both,22,All ages,495,Ischemic stroke,3,Rate,2019,1683.52257235905,1776.13385935468,1602.17445896014
1,All Population,5,Prevalence,18,Thailand,3,Both,22,All ages,495,Ischemic stroke,3,Rate,2019,1231.2024891087801,1282.59125649256,1173.53572299141
1,All Population,5,Prevalence,14,Maldives,3,Both,22,All ages,495,Ischemic stroke,3,Rate,2018,548.26408991321,574.6537231127801,523.44251128501
1,All Population,5,Prevalence,88,Malta,3,Both,22,All ages,495,Ischemic stroke,3,Rate,2019,782.53669665599,818.76336307026,746.88170196382
1,All Population,5,Prevalence,35,Georgia,3,Both,22,All ages,495,Ischemic stroke,3,Rate,2019,1261.91657023995,1341.35761143043,1180.67113882682
1,All Population,5,Prevalence,101,Canada,3,Both,22,All ages,495,Ischemic stroke,3,Rate,2018,1503.41285926204,1551.8489801332898,1450.03547109736
1,All Population,5,Prevalence,207,Ghana,3,Both,22,All ages,495,Ischemic stroke,3,Rate,2018,736.25558634223,770.86671744764,703.9895672609699
1,All Population,5,Prevalence,131,Nicaragua,3,Both,22,All ages,495,Ischemic stroke,3,Rate,2018,446.85038363229,467.40861340319003,427.63897644172
1,All Population,5,Prevalence,215,Sao Tome and Principe,3,Both,22,All ages,495,Ischemic stroke,3,Rate,2018,658.97687765206,689.15658942551,626.13480366504
1,All Population,5,Prevalence,107,Barbados,3,Both,22,All ages,495,Ischemic stroke,3,Rate,2018,1119.34369456525,1172.20748882746,1069.97559998411
1,All Population,5,Prevalence,413,Tokelau,3,Both,22,All ages,495,Ischemic stroke,3,Rate,2017,935.3449071777001,988.2624232245,887.13975654596
1,All Population,5,Prevalence,141,Egypt,3,Both,22,All ages,495,Ischemic stroke,3,Rate,2018,754.97376803926,786.4195504076,721.890899119
1,All Population,5,Prevalence,8,Taiwan,3,Both,22,All ages,495,Ischemic stroke,3,Rate,2018,949.11917876517,988.6112757931,908.87461966207
1,All Population,5,Prevalence,95,United Kingdom,3,Both,22,All ages,495,Ischemic stroke,3,Rate,2018,1053.99926924497,1153.36586030085,966.00225181275
1,All Population,5,Prevalence,197,Eswatini,3,Both,22,All ages,495,Ischemic stroke,3,Rate,2018,415.47671845672005,441.20713371565,389.87027081674
1,All Population,5,Prevalence,48,Hungary,3,Both,22,All ages,495,Ischemic stroke,3,Rate,2018,1509.2818505995199,1589.86370454891,1435.8059676401301
1,All Population,5,Prevalence,125,Colombia,3,Both,22,All ages,495,Ischemic stroke,3,Rate,2018,594.03641906737,620.10423944833,565.56073459827
1,All Population,5,Prevalence,55,Slovenia,3,Both,22,All ages,495,Ischemic stroke,3,Rate,2018,920.09688174618,963.85539035953,876.0253535038399
1,All Population,5,Prevalence,200,Benin,3,Both,22,All ages,495,Ischemic stroke,3,Rate,2018,453.08227105189997,475.47084504682,429.80593594671996
1,All Population,5,Prevalence,98,Chile,3,Both,22,All ages,495,Ischemic stroke,3,Rate,2018,786.60069851941,821.0058206160401,756.14421447196
1,All Population,5,Prevalence,28,Solomon Islands,3,Both,22,All ages,495,Ischemic stroke,3,Rate,2019,481.5179981381,506.10073033056005,457.0717119007
1,All Population,5,Prevalence,135,Brazil,3,Both,22,All ages,495,Ischemic stroke,3,Rate,2019,826.65662688645,921.26776288883,749.21815239967
1,All Population,5,Prevalence,62,Russian Federation,3,Both,22,All ages,495,Ischemic stroke,3,Rate,2019,1356.83053251498,1524.5134832669999,1233.09144622294
1,All Population,5,Prevalence,15,Myanmar,3,Both,22,All ages,495,Ischemic stroke,3,Rate,2019,858.3766797981399,900.57812586997,818.8557724727199
1,All Population,5,Prevalence,15,Myanmar,3,Both,22,All ages,495,Ischemic stroke,3,Rate,2018,847.4937159861599,886.36789471005,810.3826234897899
1,All Population,5,Prevalence,109,Cuba,3,Both,22,All ages,495,Ischemic stroke,3,Rate,2019,1352.82923551222,1419.1010145052699,1295.32582198808
1,All Population,5,Prevalence,90,Norway,3,Both,22,All ages,495,Ischemic stroke,3,Rate,2019,1233.46457317145,1372.42551762686,1094.51804531527
1,All Population,5,Prevalence,86,Italy,3,Both,22,All ages,495,Ischemic stroke,3,Rate,2018,1067.49072740323,1177.5318620888002,953.97896034392
1,All Population,5,Prevalence,52,Romania,3,Both,22,All ages,495,Ischemic stroke,3,Rate,2019,1449.32820935632,1555.25470001397,1346.52997517382
1,All Population,5,Prevalence,127,El Salvador,3,Both,22,All ages,495,Ischemic stroke,3,Rate,2019,499.15166288203,521.23610579728,473.66037173382995
1,All Population,5,Prevalence,112,Grenada,3,Both,22,All ages,495,Ischemic stroke,3,Rate,2019,1149.05767954942,1203.84188827844,1097.63333038561
1,All Population,5,Prevalence,114,Haiti,3,Both,22,All ages,495,Ischemic stroke,3,Rate,2018,487.45334458298,514.60799773013,463.34784228774
1,All Population,5,Prevalence,12,Lao People's Democratic Republic,3,Both,22,All ages,495,Ischemic stroke,3,Rate,2019,582.72729887213,614.01264010503,550.86981372046
1,All Population,5,Prevalence,91,Portugal,3,Both,22,All ages,495,Ischemic stroke,3,Rate,2018,1477.09618868587,1548.16666491089,1406.5490255367401
1,All Population,5,Prevalence,127,El Salvador,3,Both,22,All ages,495,Ischemic stroke,3,Rate,2018,491.83472693954997,513.5978897692399,466.52766385834997
1,All Population,5,Prevalence,58,Estonia,3,Both,22,All ages,495,Ischemic stroke,3,Rate,2019,1191.0851984517801,1257.9213644167799,1128.69468415812
1,All Population,5,Prevalence,69,Singapore,3,Both,22,All ages,495,Ischemic stroke,3,Rate,2018,1113.88520954682,1143.84565591411,1080.68050190592
1,All Population,5,Prevalence,144,Jordan,3,Both,22,All ages,495,Ischemic stroke,3,Rate,2019,612.94660169676,642.9029863371,583.43108498837
1,All Population,5,Prevalence,76,Belgium,3,Both,22,All ages,495,Ischemic stroke,3,Rate,2018,1080.02853954816,1116.61656918648,1038.99938974001
1,All Population,5,Prevalence,29,Tonga,3,Both,22,All ages,495,Ischemic stroke,3,Rate,2019,583.2716703979399,614.04006525957,555.89889150177
1,All Population,5,Prevalence,115,Jamaica,3,Both,22,All ages,495,Ischemic stroke,3,Rate,2018,782.0123298646699,816.78640262247,746.4369280773
1,All Population,5,Prevalence,83,Iceland,3,Both,22,All ages,495,Ischemic stroke,3,Rate,2018,841.32840818476,876.86227646753,803.2371565093999
1,All Population,5,Prevalence,110,Dominica,3,Both,22,All ages,495,Ischemic stroke,3,Rate,2018,924.5761861423699,976.87784264257,877.02947648509
1,All Population,5,Prevalence,29,Tonga,3,Both,22,All ages,495,Ischemic stroke,3,Rate,2018,576.88631834975,606.09201195355,550.38490361004
1,All Population,5,Prevalence,385,Puerto Rico,3,Both,22,All ages,495,Ischemic stroke,3,Rate,2018,1038.29630912228,1083.56264240785,989.5345278216099
1,All Population,5,Prevalence,208,Guinea,3,Both,22,All ages,495,Ischemic stroke,3,Rate,2018,544.70747864165,570.48640296003,518.4064207383
1,All Population,5,Prevalence,161,Bangladesh,3,Both,22,All ages,495,Ischemic stroke,3,Rate,2019,576.32884162639,607.8252628458,547.7355528285
1,All Population,5,Prevalence,13,Malaysia,3,Both,22,All ages,495,Ischemic stroke,3,Rate,2019,849.87035503263,884.6902694686199,815.59986980442
1,All Population,5,Prevalence,146,Lebanon,3,Both,22,All ages,495,Ischemic stroke,3,Rate,2019,596.32880253231,626.61207607461,565.71768481295
1,All Population,5,Prevalence,41,Uzbekistan,3,Both,22,All ages,495,Ischemic stroke,3,Rate,2018,602.28150488645,629.41323305975,574.48868706563
1,All Population,5,Prevalence,67,Japan,3,Both,22,All ages,495,Ischemic stroke,3,Rate,2019,1759.62363469221,1947.22022953286,1577.9270481354
1,All Population,5,Prevalence,43,Albania,3,Both,22,All ages,495,Ischemic stroke,3,Rate,2019,942.85352887496,997.5464804514901,883.81188833457
1,All Population,5,Prevalence,184,Mozambique,3,Both,22,All ages,495,Ischemic stroke,3,Rate,2018,475.73473978587003,499.3209390356,451.31555256485996
1,All Population,5,Prevalence,150,Oman,3,Both,22,All ages,495,Ischemic stroke,3,Rate,2019,503.87591666636,533.28789442302,478.99643534771997
1,All Population,5,Prevalence,413,Tokelau,3,Both,22,All ages,495,Ischemic stroke,3,Rate,2018,936.3623889142201,990.9226873469601,888.2640311604101
1,All Population,5,Prevalence,105,Antigua and Barbuda,3,Both,22,All ages,495,Ischemic stroke,3,Rate,2019,762.71482819532,793.19957479371,731.0138240861
1,All Population,5,Prevalence,194,Lesotho,3,Both,22,All ages,495,Ischemic stroke,3,Rate,2018,466.0542933903,497.14414803381,435.60222878665996
1,All Population,5,Prevalence,216,Senegal,3,Both,22,All ages,495,Ischemic stroke,3,Rate,2018,697.1573450493299,731.93286561478,662.22551444063
1,All Population,5,Prevalence,183,Mauritius,3,Both,22,All ages,495,Ischemic stroke,3,Rate,2018,1119.17902039623,1163.22130992752,1068.81902523386
1,All Population,5,Prevalence,155,Türkiye,3,Both,22,All ages,495,Ischemic stroke,3,Rate,2018,621.67102463629,651.5097430987801,592.75877318495
1,All Population,5,Prevalence,142,Iran (Islamic Republic of),3,Both,22,All ages,495,Ischemic stroke,3,Rate,2018,717.68888555248,801.03079274729,647.95159752927
1,All Population,5,Prevalence,178,Eritrea,3,Both,22,All ages,495,Ischemic stroke,3,Rate,2018,454.47840813334,479.13911355512005,429.55255293193994
1,All Population,5,Prevalence,170,Congo,3,Both,22,All ages,495,Ischemic stroke,3,Rate,2018,460.81227170065,482.70121565878003,437.62486792136
1,All Population,5,Prevalence,175,Burundi,3,Both,22,All ages,495,Ischemic stroke,3,Rate,2018,366.91653050086,385.22641371389,350.51324577506
1,All Population,5,Prevalence,51,Poland,3,Both,22,All ages,495,Ischemic stroke,3,Rate,2018,1166.51690894352,1325.76341658077,1043.8868780324099
1,All Population,5,Prevalence,154,Tunisia,3,Both,22,All ages,495,Ischemic stroke,3,Rate,2018,652.56277333421,684.01514029471,619.46708381281
1,All Population,5,Prevalence,171,Democratic Republic of the Congo,3,Both,22,All ages,495,Ischemic stroke,3,Rate,2018,415.41834967603,437.00800912484,392.39901104613006
1,All Population,5,Prevalence,195,Namibia,3,Both,22,All ages,495,Ischemic stroke,3,Rate,2018,426.48168296993,451.14177198386005,404.07145373469007
1,All Population,5,Prevalence,149,Palestine,3,Both,22,All ages,495,Ischemic stroke,3,Rate,2018,527.1192961134,642.18805562662,430.39005988243
1,All Population,5,Prevalence,145,Kuwait,3,Both,22,All ages,495,Ischemic stroke,3,Rate,2018,706.07658129525,738.56701959436,669.20013560103
1,All Population,5,Prevalence,130,Mexico,3,Both,22,All ages,495,Ischemic stroke,3,Rate,2018,538.23652827747,597.9645193076,488.84699770436
1,All Population,5,Prevalence,68,Republic of Korea,3,Both,22,All ages,495,Ischemic stroke,3,Rate,2018,1311.09343233846,1406.85840818284,1229.56671202031
1,All Population,5,Prevalence,162,Bhutan,3,Both,22,All ages,495,Ischemic stroke,3,Rate,2018,529.46344951156,558.81668809724,502.49530196157
1,All Population,5,Prevalence,25,Micronesia (Federated States of),3,Both,22,All ages,495,Ischemic stroke,3,Rate,2018,703.75457866286,733.79057162064,675.33990270338
1,All Population,5,Prevalence,380,Palau,3,Both,22,All ages,495,Ischemic stroke,3,Rate,2018,1090.3396907211,1137.0667393799,1048.83746260675
1,All Population,5,Prevalence,123,Peru,3,Both,22,All ages,495,Ischemic stroke,3,Rate,2019,588.75700156791,614.3755945225599,560.68175982809
1,All Population,5,Prevalence,75,Austria,3,Both,22,All ages,495,Ischemic stroke,3,Rate,2019,1704.18808607036,1795.10335967156,1614.04947429643
1,All Population,5,Prevalence,203,Cabo Verde,3,Both,22,All ages,495,Ischemic stroke,3,Rate,2018,953.5411592909601,996.51620034185,907.70168776887
1,All Population,5,Prevalence,89,Netherlands,3,Both,22,All ages,495,Ischemic stroke,3,Rate,2019,1201.92307798852,1248.73555114493,1149.11757370683
1,All Population,5,Prevalence,122,Ecuador,3,Both,22,All ages,495,Ischemic stroke,3,Rate,2019,605.7130666936599,632.9253507485499,580.87594650573
1,All Population,5,Prevalence,376,Northern Mariana Islands,3,Both,22,All ages,495,Ischemic stroke,3,Rate,2018,644.16425803422,672.03979683255,615.95119427487
1,All Population,5,Prevalence,111,Dominican Republic,3,Both,22,All ages,495,Ischemic stroke,3,Rate,2019,656.4684095167501,685.56320520747,624.5578640928501
1,All Population,5,Prevalence,38,Mongolia,3,Both,22,All ages,495,Ischemic stroke,3,Rate,2018,375.93276330905,396.24902840289,354.83891693391
1,All Population,5,Prevalence,61,Republic of Moldova,3,Both,22,All ages,495,Ischemic stroke,3,Rate,2018,1157.02757368563,1215.12182185026,1099.5244816290399
1,All Population,5,Prevalence,76,Belgium,3,Both,22,All ages,495,Ischemic stroke,3,Rate,2019,1087.19073486058,1125.4918960496,1044.1596618366
1,All Population,5,Prevalence,106,Bahamas,3,Both,22,All ages,495,Ischemic stroke,3,Rate,2019,593.3649469624701,618.05233368168,566.08955700784
1,All Population,5,Prevalence,121,Bolivia (Plurinational State of),3,Both,22,All ages,495,Ischemic stroke,3,Rate,2019,519.3164733820801,542.69041383134,494.51091203385
1,All Population,5,Prevalence,11,Indonesia,3,Both,22,All ages,495,Ischemic stroke,3,Rate,2019,968.30077282281,1078.24452194259,857.0312326887101
1,All Population,5,Prevalence,101,Canada,3,Both,22,All ages,495,Ischemic stroke,3,Rate,2019,1523.53247475759,1577.8633721179199,1469.97827715061
1,All Population,5,Prevalence,88,Malta,3,Both,22,All ages,495,Ischemic stroke,3,Rate,2018,777.7365964271701,812.4879912495701,741.97169370948
1,All Population,5,Prevalence,84,Ireland,3,Both,22,All ages,495,Ischemic stroke,3,Rate,2019,637.91840094946,671.29245411103,604.38189727417
1,All Population,5,Prevalence,59,Latvia,3,Both,22,All ages,495,Ischemic stroke,3,Rate,2019,1615.7295574079199,1721.23257140795,1488.3575901726201
1,All Population,5,Prevalence,117,Saint Vincent and the Grenadines,3,Both,22,All ages,495,Ischemic stroke,3,Rate,2018,942.97278238974,998.75249368313,892.43153477007
1,All Population,5,Prevalence,156,United Arab Emirates,3,Both,22,All ages,495,Ischemic stroke,3,Rate,2018,636.1249667511801,674.24737008539,603.2259436632299
1,All Population,5,Prevalence,79,Finland,3,Both,22,All ages,495,Ischemic stroke,3,Rate,2018,1638.5126015571302,1725.24394029549,1557.87452492194
1,All Population,5,Prevalence,126,Costa Rica,3,Both,22,All ages,495,Ischemic stroke,3,Rate,2018,566.1696642219499,589.53302888669,541.7708523700001
1,All Population,5,Prevalence,78,Denmark,3,Both,22,All ages,495,Ischemic stroke,3,Rate,2018,1139.73035383819,1187.34493222462,1087.2131176835499
1,All Population,5,Prevalence,37,Kyrgyzstan,3,Both,22,All ages,495,Ischemic stroke,3,Rate,2019,596.40881169019,624.04251402585,567.57280861907
1,All Population,5,Prevalence,74,Andorra,3,Both,22,All ages,495,Ischemic stroke,3,Rate,2019,964.30732423192,1012.6345996741899,916.91094701237
1,All Population,5,Prevalence,210,Liberia,3,Both,22,All ages,495,Ischemic stroke,3,Rate,2018,567.27034420594,595.41336564396,539.01593582031
1,All Population,5,Prevalence,209,Guinea-Bissau,3,Both,22,All ages,495,Ischemic stroke,3,Rate,2018,535.1873517786,560.40506436716,512.20485901527
1,All Population,5,Prevalence,148,Morocco,3,Both,22,All ages,495,Ischemic stroke,3,Rate,2018,734.38010863045,772.92604196846,697.45128980909
1,All Population,5,Prevalence,50,Montenegro,3,Both,22,All ages,495,Ischemic stroke,3,Rate,2019,1086.31174818279,1147.82482575009,1024.71006371664
1,All Population,5,Prevalence,85,Israel,3,Both,22,All ages,495,Ischemic stroke,3,Rate,2018,801.53890990941,853.62300646397,752.68886639466
1,All Population,5,Prevalence,22,Fiji,3,Both,22,All ages,495,Ischemic stroke,3,Rate,2019,642.87161986045,672.41812727835,614.73497017558
1,All Population,5,Prevalence,97,Argentina,3,Both,22,All ages,495,Ischemic stroke,3,Rate,2019,459.97128820306,480.44778020791995,436.64642026077
1,All Population,5,Prevalence,374,Niue,3,Both,22,All ages,495,Ischemic stroke,3,Rate,2018,1184.98168768565,1250.67092919326,1127.95988827188
1,All Population,5,Prevalence,10,Cambodia,3,Both,22,All ages,495,Ischemic stroke,3,Rate,2018,592.26567017855,624.53034544407,561.4038708503
1,All Population,5,Prevalence,57,Belarus,3,Both,22,All ages,495,Ischemic stroke,3,Rate,2018,1345.3029299980599,1414.30567837509,1278.24391535536
1,All Population,5,Prevalence,116,Saint Lucia,3,Both,22,All ages,495,Ischemic stroke,3,Rate,2018,959.925890487,1019.88253193134,902.5172560653201
1,All Population,5,Prevalence,202,Cameroon,3,Both,22,All ages,495,Ischemic stroke,3,Rate,2018,486.62361625905,509.83947900387005,463.95613711733995
1,All Population,5,Prevalence,177,Djibouti,3,Both,22,All ages,495,Ischemic stroke,3,Rate,2018,473.65471399661004,495.23248534671995,451.5683250064
1,All Population,5,Prevalence,72,New Zealand,3,Both,22,All ages,495,Ischemic stroke,3,Rate,2018,947.04501241542,1042.61778157756,853.07692910685
1,All Population,5,Prevalence,132,Panama,3,Both,22,All ages,495,Ischemic stroke,3,Rate,2018,638.98759273556,668.37577285744,608.63518734959
1,All Population,5,Prevalence,119,Trinidad and Tobago,3,Both,22,All ages,495,Ischemic stroke,3,Rate,2018,979.34380392816,1030.47797064273,927.3705637907401
1,All Population,5,Prevalence,109,Cuba,3,Both,22,All ages,495,Ischemic stroke,3,Rate,2018,1328.9482025110399,1390.95328594549,1275.30508977193
1,All Population,5,Prevalence,422,United States Virgin Islands,3,Both,22,All ages,495,Ischemic stroke,3,Rate,2017,1036.0262627166999,1084.30833075135,990.9490271035401
1,All Population,5,Prevalence,92,Spain,3,Both,22,All ages,495,Ischemic stroke,3,Rate,2019,1362.60386554044,1409.6951545894499,1316.14396890695
1,All Population,5,Prevalence,139,Algeria,3,Both,22,All ages,495,Ischemic stroke,3,Rate,2019,656.1168754735,684.27863442671,625.4140437035
1,All Population,5,Prevalence,78,Denmark,3,Both,22,All ages,495,Ischemic stroke,3,Rate,2019,1147.11937363861,1199.54138301658,1088.95641865734
1,All Population,5,Prevalence,91,Portugal,3,Both,22,All ages,495,Ischemic stroke,3,Rate,2019,1500.87570436486,1574.74172878442,1424.2004551792102
1,All Population,5,Prevalence,125,Colombia,3,Both,22,All ages,495,Ischemic stroke,3,Rate,2019,601.52477993202,626.71494321535,573.1805142455299
1,All Population,5,Prevalence,95,United Kingdom,3,Both,22,All ages,495,Ischemic stroke,3,Rate,2017,1044.8904587376098,1139.09634954563,958.5294216202399
1,All Population,5,Prevalence,63,Ukraine,3,Both,22,All ages,495,Ischemic stroke,3,Rate,2018,1537.7577153765699,1760.7396326875,1371.24154398306
1,All Population,5,Prevalence,126,Costa Rica,3,Both,22,All ages,495,Ischemic stroke,3,Rate,2019,577.79042352668,602.68410854759,550.60710878743
1,All Population,5,Prevalence,217,Sierra Leone,3,Both,22,All ages,495,Ischemic stroke,3,Rate,2018,543.3453085966199,569.81079811135,518.0309201128699
1,All Population,5,Prevalence,30,Vanuatu,3,Both,22,All ages,495,Ischemic stroke,3,Rate,2019,704.08498448591,737.5799601150301,669.77522076193
1,All Population,5,Prevalence,133,Venezuela (Bolivarian Republic of),3,Both,22,All ages,495,Ischemic stroke,3,Rate,2018,485.52551197999003,508.55109909653,462.37525431267994
1,All Population,5,Prevalence,164,Nepal,3,Both,22,All ages,495,Ischemic stroke,3,Rate,2018,593.34863588851,623.34276088592,563.78015925945
1,All Population,5,Prevalence,129,Honduras,3,Both,22,All ages,495,Ischemic stroke,3,Rate,2019,500.98316615606996,525.03208864327,476.85858655937
1,All Population,5,Prevalence,212,Mauritania,3,Both,22,All ages,495,Ischemic stroke,3,Rate,2018,620.06178937266,649.3624131030899,591.59947051807
1,All Population,5,Prevalence,180,Kenya,3,Both,22,All ages,495,Ischemic stroke,3,Rate,2018,434.17215751704,481.51890878905,385.48691568364
1,All Population,5,Prevalence,17,Sri Lanka,3,Both,22,All ages,495,Ischemic stroke,3,Rate,2018,1027.8329544814699,1070.5892546534399,979.31675102887
1,All Population,5,Prevalence,60,Lithuania,3,Both,22,All ages,495,Ischemic stroke,3,Rate,2019,1560.19214868768,1744.16075737132,1392.41062515621
1,All Population,5,Prevalence,152,Saudi Arabia,3,Both,22,All ages,495,Ischemic stroke,3,Rate,2019,512.20696326753,540.80599785727,484.80286583843
1,All Population,5,Prevalence,17,Sri Lanka,3,Both,22,All ages,495,Ischemic stroke,3,Rate,2019,1052.9566895445,1098.83868221116,1003.76519453335
1,All Population,5,Prevalence,179,Ethiopia,3,Both,22,All ages,495,Ischemic stroke,3,Rate,2018,276.80295122371,309.75648328325,246.12072867529
1,All Population,5,Prevalence,108,Belize,3,Both,22,All ages,495,Ischemic stroke,3,Rate,2019,443.0130530629,461.51592130771996,422.60327266248
1,All Population,5,Prevalence,16,Philippines,3,Both,22,All ages,495,Ischemic stroke,3,Rate,2018,641.22260484155,706.66652678982,579.86815595905
1,All Population,5,Prevalence,14,Maldives,3,Both,22,All ages,495,Ischemic stroke,3,Rate,2019,554.5306973985199,580.96070746389,529.2143305288699
1,All Population,5,Prevalence,107,Barbados,3,Both,22,All ages,495,Ischemic stroke,3,Rate,2019,1142.19060948594,1200.94774406312,1089.6472071599999
1,All Population,5,Prevalence,422,United States Virgin Islands,3,Both,22,All ages,495,Ischemic stroke,3,Rate,2018,1068.3527936621201,1116.97891976169,1021.18395479376
1,All Population,5,Prevalence,141,Egypt,3,Both,22,All ages,495,Ischemic stroke,3,Rate,2019,763.3581302644101,795.35405091964,729.21786295228
1,All Population,5,Prevalence,77,Cyprus,3,Both,22,All ages,495,Ischemic stroke,3,Rate,2019,635.8038966135,668.62064648311,602.86398479354
1,All Population,5,Prevalence,196,South Africa,3,Both,22,All ages,495,Ischemic stroke,3,Rate,2018,530.54222130575,595.6742892844301,473.29377445150004
1,All Population,5,Prevalence,114,Haiti,3,Both,22,All ages,495,Ischemic stroke,3,Rate,2019,491.20509262074,517.96469691631,466.71758036526
1,All Population,5,Prevalence,163,India,3,Both,22,All ages,495,Ischemic stroke,3,Rate,2019,625.99240045809,698.72251825464,555.16752743014
1,All Population,5,Prevalence,45,Bulgaria,3,Both,22,All ages,495,Ischemic stroke,3,Rate,2019,2397.7610452717404,2647.17381521151,2196.65057562946
1,All Population,5,Prevalence,54,Slovakia,3,Both,22,All ages,495,Ischemic stroke,3,Rate,2019,1396.96877077124,1492.2003894822801,1308.49961784528
1,All Population,5,Prevalence,69,Singapore,3,Both,22,All ages,495,Ischemic stroke,3,Rate,2019,1157.54106471084,1189.38173566722,1123.43461232327
1,All Population,5,Prevalence,148,Morocco,3,Both,22,All ages,495,Ischemic stroke,3,Rate,2019,749.04616781089,789.37857694067,712.2966651923699
1,All Population,5,Prevalence,396,San Marino,3,Both,22,All ages,495,Ischemic stroke,3,Rate,2018,1415.1676299072,1479.0496622387,1348.2678676734
1,All Population,5,Prevalence,80,France,3,Both,22,All ages,495,Ischemic stroke,3,Rate,2018,1171.31429813518,1205.79620607208,1138.0619620084701
1,All Population,5,Prevalence,46,Croatia,3,Both,22,All ages,495,Ischemic stroke,3,Rate,2019,1416.3266885339801,1512.9340715879,1317.3436125193
1,All Population,5,Prevalence,33,Armenia,3,Both,22,All ages,495,Ischemic stroke,3,Rate,2018,898.35170912943,936.4349286510899,862.53994330094
1,All Population,5,Prevalence,27,Samoa,3,Both,22,All ages,495,Ischemic stroke,3,Rate,2019,690.26160809181,726.58973038289,655.9825791065
1,All Population,5,Prevalence,154,Tunisia,3,Both,22,All ages,495,Ischemic stroke,3,Rate,2019,663.71184471865,696.0228450066501,629.92341886254
1,All Population,5,Prevalence,19,Timor-Leste,3,Both,22,All ages,495,Ischemic stroke,3,Rate,2018,592.36162086328,622.65572865756,563.55469613601
1,All Population,5,Prevalence,19,Timor-Leste,3,Both,22,All ages,495,Ischemic stroke,3,Rate,2019,593.7617061189301,623.30881270984,563.6178129641501
1,All Population,5,Prevalence,39,Tajikistan,3,Both,22,All ages,495,Ischemic stroke,3,Rate,2019,463.53943750463,487.89981651891003,441.60979883639004
1,All Population,5,Prevalence,24,Marshall Islands,3,Both,22,All ages,495,Ischemic stroke,3,Rate,2019,547.74505534274,571.82632301488,525.23198148833
1,All Population,5,Prevalence,86,Italy,3,Both,22,All ages,495,Ischemic stroke,3,Rate,2019,1083.82237258046,1199.1036834843399,970.4489270327999
1,All Population,5,Prevalence,211,Mali,3,Both,22,All ages,495,Ischemic stroke,3,Rate,2018,449.38217569942003,469.98558330039003,428.48880590192994
1,All Population,5,Prevalence,34,Azerbaijan,3,Both,22,All ages,495,Ischemic stroke,3,Rate,2019,575.79425450219,607.0282696905999,545.10923248575
1,All Population,5,Prevalence,131,Nicaragua,3,Both,22,All ages,495,Ischemic stroke,3,Rate,2019,454.01092423791,475.27363849024005,433.45170992801997
1,All Population,5,Prevalence,151,Qatar,3,Both,22,All ages,495,Ischemic stroke,3,Rate,2018,576.88629470711,615.16169615298,544.08204397965
1,All Population,5,Prevalence,33,Armenia,3,Both,22,All ages,495,Ischemic stroke,3,Rate,2019,920.4484435004699,960.9186053044,880.19228352884
1,All Population,5,Prevalence,80,France,3,Both,22,All ages,495,Ischemic stroke,3,Rate,2019,1180.59084088028,1217.58316975501,1145.71312360412
1,All Population,5,Prevalence,93,Sweden,3,Both,22,All ages,495,Ischemic stroke,3,Rate,2019,1590.63461543273,1630.3296045678799,1552.76719228922
1,All Population,5,Prevalence,71,Australia,3,Both,22,All ages,495,Ischemic stroke,3,Rate,2019,952.7094051905201,988.19381858946,916.0209396664801
1,All Population,5,Prevalence,94,Switzerland,3,Both,22,All ages,495,Ischemic stroke,3,Rate,2019,897.00564411928,934.89897592282,858.9845145707001
1,All Population,5,Prevalence,204,Chad,3,Both,22,All ages,495,Ischemic stroke,3,Rate,2018,425.10123445351,446.0550813748,407.12193475733
1,All Population,5,Prevalence,157,Yemen,3,Both,22,All ages,495,Ischemic stroke,3,Rate,2018,450.83706237967004,474.78649685351,428.08356569064
1,All Population,5,Prevalence,185,Rwanda,3,Both,22,All ages,495,Ischemic stroke,3,Rate,2018,398.39650919286,417.56699596297005,378.51606883684
1,All Population,5,Prevalence,116,Saint Lucia,3,Both,22,All ages,495,Ischemic stroke,3,Rate,2019,985.5549070060599,1048.7780978112,926.41081332052
1,All Population,5,Prevalence,165,Pakistan,3,Both,22,All ages,495,Ischemic stroke,3,Rate,2019,505.9394859574,568.0883332355801,449.72472335691003
1,All Population,5,Prevalence,111,Dominican Republic,3,Both,22,All ages,495,Ischemic stroke,3,Rate,2018,649.25530432075,677.3450718911699,620.13540553476
1,All Population,5,Prevalence,218,Togo,3,Both,22,All ages,495,Ischemic stroke,3,Rate,2018,624.40835619659,652.9804176117,595.83687995906
1,All Population,5,Prevalence,172,Equatorial Guinea,3,Both,22,All ages,495,Ischemic stroke,3,Rate,2018,284.62609501640003,300.92337837213,269.28879492352
1,All Population,5,Prevalence,79,Finland,3,Both,22,All ages,495,Ischemic stroke,3,Rate,2019,1659.94863524273,1750.8537793415,1568.23182595607
1,All Population,5,Prevalence,47,Czechia,3,Both,22,All ages,495,Ischemic stroke,3,Rate,2019,1329.74578439247,1410.8158725452,1250.08822490993
1,All Population,5,Prevalence,110,Dominica,3,Both,22,All ages,495,Ischemic stroke,3,Rate,2019,941.2794174458301,994.5061061927701,893.57403207549
1,All Population,5,Prevalence,26,Papua New Guinea,3,Both,22,All ages,495,Ischemic stroke,3,Rate,2019,377.55560189504996,396.56164505268,358.47993207176
1,All Population,5,Prevalence,133,Venezuela (Bolivarian Republic of),3,Both,22,All ages,495,Ischemic stroke,3,Rate,2019,514.57303628313,540.58040172154,490.92190896512994
1,All Population,5,Prevalence,61,Republic of Moldova,3,Both,22,All ages,495,Ischemic stroke,3,Rate,2019,1179.81021899244,1244.05948435362,1119.44248175465
1,All Population,5,Prevalence,118,Suriname,3,Both,22,All ages,495,Ischemic stroke,3,Rate,2019,826.8993204866499,865.3151873664,785.7040732936299
1,All Population,5,Prevalence,95,United Kingdom,3,Both,22,All ages,495,Ischemic stroke,3,Rate,2019,1061.36751242363,1166.0746760520599,971.9988557945101
1,All Population,5,Prevalence,18,Thailand,3,Both,22,All ages,495,Ischemic stroke,3,Rate,2018,1189.855693209,1239.1417645742101,1133.2492116330302
1,All Population,5,Prevalence,16,Philippines,3,Both,22,All ages,495,Ischemic stroke,3,Rate,2019,652.9389099202799,719.87075433655,591.10669089509
1,All Population,5,Prevalence,49,North Macedonia,3,Both,22,All ages,495,Ischemic stroke,3,Rate,2019,1796.77283159125,1896.91024583206,1695.54997124176
1,All Population,5,Prevalence,48,Hungary,3,Both,22,All ages,495,Ischemic stroke,3,Rate,2019,1523.8645222186299,1608.56385847876,1445.24780284201
1,All Population,5,Prevalence,63,Ukraine,3,Both,22,All ages,495,Ischemic stroke,3,Rate,2019,1558.05647515432,1792.8874950010402,1382.2831467285
1,All Population,5,Prevalence,10,Cambodia,3,Both,22,All ages,495,Ischemic stroke,3,Rate,2019,604.41991755849,637.86371716933,570.8225354078199
1,All Population,5,Prevalence,23,Kiribati,3,Both,22,All ages,495,Ischemic stroke,3,Rate,2019,668.6113320726499,699.278409459,638.6278386717
1,All Population,5,Prevalence,6,China,3,Both,22,All ages,495,Ischemic stroke,3,Rate,2019,1331.25612329741,1476.14078264032,1194.34037677544
1,All Population,5,Prevalence,57,Belarus,3,Both,22,All ages,495,Ischemic stroke,3,Rate,2019,1365.0782078136401,1438.90192476366,1292.76601842775
1,All Population,5,Prevalence,36,Kazakhstan,3,Both,22,All ages,495,Ischemic stroke,3,Rate,2019,826.2459356935601,884.59708247749,772.98426417494
1,All Population,5,Prevalence,81,Germany,3,Both,22,All ages,495,Ischemic stroke,3,Rate,2019,2289.89569060833,2349.8228512656797,2225.6489634550103
1,All Population,5,Prevalence,25,Micronesia (Federated States of),3,Both,22,All ages,495,Ischemic stroke,3,Rate,2019,717.31751931073,747.91698013269,687.5123447908001
1,All Population,5,Prevalence,72,New Zealand,3,Both,22,All ages,495,Ischemic stroke,3,Rate,2019,953.79865651953,1053.94681429129,850.7275954075201
1,All Population,5,Prevalence,51,Poland,3,Both,22,All ages,495,Ischemic stroke,3,Rate,2019,1186.10508124502,1349.16544099433,1061.9748442248901
1,All Population,5,Prevalence,8,Taiwan,3,Both,22,All ages,495,Ischemic stroke,3,Rate,2019,977.7123420313,1020.39002234099,934.99939905811
1,All Population,5,Prevalence,117,Saint Vincent and the Grenadines,3,Both,22,All ages,495,Ischemic stroke,3,Rate,2019,969.90362889528,1026.28631180364,917.7768981363099
1,All Population,5,Prevalence,38,Mongolia,3,Both,22,All ages,495,Ischemic stroke,3,Rate,2019,380.93979218522,402.09549591425997,360.36406724089
1,All Population,5,Prevalence,128,Guatemala,3,Both,22,All ages,495,Ischemic stroke,3,Rate,2019,335.07841562829003,350.40238607532,318.49407295582
1,All Population,5,Prevalence,98,Chile,3,Both,22,All ages,495,Ischemic stroke,3,Rate,2019,796.30233792287,833.94616360716,762.98974278784
1,All Population,5,Prevalence,205,Côte d'Ivoire,3,Both,22,All ages,495,Ischemic stroke,3,Rate,2019,528.58257400364,551.29712850296,504.30639553386004
1,All Population,5,Prevalence,83,Iceland,3,Both,22,All ages,495,Ischemic stroke,3,Rate,2019,849.75191601056,888.36059931259,809.8792975095499
1,All Population,5,Prevalence,194,Lesotho,3,Both,22,All ages,495,Ischemic stroke,3,Rate,2019,471.72023055359,503.48452546078,439.69019846596
1,All Population,5,Prevalence,53,Serbia,3,Both,22,All ages,495,Ischemic stroke,3,Rate,2019,1374.31615733037,1456.15641474937,1301.628647276
1,All Population,5,Prevalence,136,Paraguay,3,Both,22,All ages,495,Ischemic stroke,3,Rate,2019,638.00687526294,667.12557835832,611.8068526394001
1,All Population,5,Prevalence,435,South Sudan,3,Both,22,All ages,495,Ischemic stroke,3,Rate,2019,396.46499145825,416.25656368741005,375.42268362486004
1,All Population,5,Prevalence,374,Niue,3,Both,22,All ages,495,Ischemic stroke,3,Rate,2019,1193.00335258689,1259.15080597772,1132.75694075059
1,All Population,5,Prevalence,176,Comoros,3,Both,22,All ages,495,Ischemic stroke,3,Rate,2019,630.16137631474,663.7120532561,595.11984953857
1,All Population,5,Prevalence,143,Iraq,3,Both,22,All ages,495,Ischemic stroke,3,Rate,2019,727.6469292092501,762.66879096274,695.62795412189
1,All Population,5,Prevalence,190,Uganda,3,Both,22,All ages,495,Ischemic stroke,3,Rate,2019,350.26907569037,368.11237247955,332.04330788432
1,All Population,5,Prevalence,207,Ghana,3,Both,22,All ages,495,Ischemic stroke,3,Rate,2019,747.83082891295,783.02684763101,713.99084909132
1,All Population,5,Prevalence,66,Brunei Darussalam,3,Both,22,All ages,495,Ischemic stroke,3,Rate,2019,588.44951435516,615.05501974479,563.9687041265701
1,All Population,5,Prevalence,175,Burundi,3,Both,22,All ages,495,Ischemic stroke,3,Rate,2019,367.06133636224,385.87431690454997,350.40977468331
1,All Population,5,Prevalence,164,Nepal,3,Both,22,All ages,495,Ischemic stroke,3,Rate,2019,606.39601035396,638.0111802787,576.87045676127
1,All Population,5,Prevalence,178,Eritrea,3,Both,22,All ages,495,Ischemic stroke,3,Rate,2019,458.26847775477995,483.7791078449,433.36096649178
1,All Population,5,Prevalence,40,Turkmenistan,3,Both,22,All ages,495,Ischemic stroke,3,Rate,2019,866.2112285305101,906.12368912166,829.51701489354
1,All Population,5,Prevalence,181,Madagascar,3,Both,22,All ages,495,Ischemic stroke,3,Rate,2019,537.49517842335,560.76724997675,513.89935876309
1,All Population,5,Prevalence,140,Bahrain,3,Both,22,All ages,495,Ischemic stroke,3,Rate,2019,582.58934404859,617.00440104452,553.99708055396
1,All Population,5,Prevalence,157,Yemen,3,Both,22,All ages,495,Ischemic stroke,3,Rate,2019,456.26589511382997,480.52483976587996,433.20585047621
1,All Population,5,Prevalence,367,Monaco,3,Both,22,All ages,495,Ischemic stroke,3,Rate,2019,1576.58893567779,1675.4519315447299,1471.73852122641
1,All Population,5,Prevalence,113,Guyana,3,Both,22,All ages,495,Ischemic stroke,3,Rate,2019,712.90450057662,754.12904997658,677.71647084798
1,All Population,5,Prevalence,196,South Africa,3,Both,22,All ages,495,Ischemic stroke,3,Rate,2019,539.20774678181,605.25987342355,480.0624227016
1,All Population,5,Prevalence,119,Trinidad and Tobago,3,Both,22,All ages,495,Ischemic stroke,3,Rate,2019,1002.34034480696,1055.27159800838,949.3915791871199
1,All Population,5,Prevalence,170,Congo,3,Both,22,All ages,495,Ischemic stroke,3,Rate,2019,463.48412898953,485.85028390286,441.05250823698003
1,All Population,5,Prevalence,209,Guinea-Bissau,3,Both,22,All ages,495,Ischemic stroke,3,Rate,2019,537.79457214658,563.3682161314,514.09964797264
1,All Population,5,Prevalence,180,Kenya,3,Both,22,All ages,495,Ischemic stroke,3,Rate,2019,442.37744893223,490.81010320772003,392.41381666673004
1,All Population,5,Prevalence,218,Togo,3,Both,22,All ages,495,Ischemic stroke,3,Rate,2019,634.98453157746,664.63912479372,604.35377949363
1,All Population,5,Prevalence,151,Qatar,3,Both,22,All ages,495,Ischemic stroke,3,Rate,2019,580.0029959879,617.24109799011,546.6416920778601
1,All Population,5,Prevalence,197,Eswatini,3,Both,22,All ages,495,Ischemic stroke,3,Rate,2019,423.91953264905,449.84780576422,398.47532329031003
1,All Population,5,Prevalence,183,Mauritius,3,Both,22,All ages,495,Ischemic stroke,3,Rate,2019,1143.12750902963,1188.38310516238,1092.74144056971
1,All Population,5,Prevalence,142,Iran (Islamic Republic of),3,Both,22,All ages,495,Ischemic stroke,3,Rate,2019,732.30806954559,817.5143235807401,659.27075421853
1,All Population,5,Prevalence,211,Mali,3,Both,22,All ages,495,Ischemic stroke,3,Rate,2019,450.2577697109,471.25677327710997,427.85874729559
1,All Population,5,Prevalence,172,Equatorial Guinea,3,Both,22,All ages,495,Ischemic stroke,3,Rate,2019,286.52402343896,303.55658236132,271.84029228554
1,All Population,5,Prevalence,214,Nigeria,3,Both,22,All ages,495,Ischemic stroke,3,Rate,2019,464.98854058638005,514.36623436669,415.31648320316
1,All Population,5,Prevalence,130,Mexico,3,Both,22,All ages,495,Ischemic stroke,3,Rate,2019,550.40570926516,611.7238192262799,498.99060784618
1,All Population,5,Prevalence,305,Bermuda,3,Both,22,All ages,495,Ischemic stroke,3,Rate,2019,1059.3612558858902,1113.47595927399,1011.40667902745
1,All Population,5,Prevalence,85,Israel,3,Both,22,All ages,495,Ischemic stroke,3,Rate,2019,810.10728181582,864.71275854969,761.79012159813
1,All Population,5,Prevalence,185,Rwanda,3,Both,22,All ages,495,Ischemic stroke,3,Rate,2019,405.48885534212,425.52959662768,386.06619862553003
1,All Population,5,Prevalence,212,Mauritania,3,Both,22,All ages,495,Ischemic stroke,3,Rate,2019,624.5362784955599,655.82071932642,595.439797739
1,All Population,5,Prevalence,153,Syrian Arab Republic,3,Both,22,All ages,495,Ischemic stroke,3,Rate,2019,689.0673779420999,722.68555628918,657.6208386246
1,All Population,5,Prevalence,201,Burkina Faso,3,Both,22,All ages,495,Ischemic stroke,3,Rate,2019,452.11320265234,474.59619502681005,430.66319429888995
1,All Population,5,Prevalence,216,Senegal,3,Both,22,All ages,495,Ischemic stroke,3,Rate,2019,697.76563823888,732.1802257391299,662.43517411581
1,All Population,5,Prevalence,385,Puerto Rico,3,Both,22,All ages,495,Ischemic stroke,3,Rate,2019,1093.29230854517,1142.59252272198,1039.37226091417
1,All Population,5,Prevalence,187,Somalia,3,Both,22,All ages,495,Ischemic stroke,3,Rate,2019,383.50281479686,404.38847939723,360.91209866727
1,All Population,5,Prevalence,351,Guam,3,Both,22,All ages,495,Ischemic stroke,3,Rate,2019,870.38774217351,912.18388658386,833.72907400803
1,All Population,5,Prevalence,145,Kuwait,3,Both,22,All ages,495,Ischemic stroke,3,Rate,2019,720.6467586456899,755.2104760775,682.99984502768
1,All Population,5,Prevalence,55,Slovenia,3,Both,22,All ages,495,Ischemic stroke,3,Rate,2019,934.91351497258,982.1298868317899,890.07406963823
1,All Population,5,Prevalence,349,Greenland,3,Both,22,All ages,495,Ischemic stroke,3,Rate,2019,1253.96164157428,1309.30449924888,1203.98344439592
1,All Population,5,Prevalence,102,United States of America,3,Both,22,All ages,495,Ischemic stroke,3,Rate,2019,1857.6221696773798,1975.5160852713002,1744.52389711869
1,All Population,5,Prevalence,68,Republic of Korea,3,Both,22,All ages,495,Ischemic stroke,3,Rate,2019,1354.68829700821,1455.72626199555,1265.79661765624
1,All Population,5,Prevalence,191,Zambia,3,Both,22,All ages,495,Ischemic stroke,3,Rate,2019,360.49540630731,378.44591573083,343.84396672651
1,All Population,5,Prevalence,160,Afghanistan,3,Both,22,All ages,495,Ischemic stroke,3,Rate,2019,505.95084524846,531.0568202059101,480.78451463318
1,All Population,5,Prevalence,156,United Arab Emirates,3,Both,22,All ages,495,Ischemic stroke,3,Rate,2019,656.74297851268,695.57310940862,622.02830990285
1,All Population,5,Prevalence,169,Central African Republic,3,Both,22,All ages,495,Ischemic stroke,3,Rate,2019,429.07300171512003,452.48250230982,407.05384021049997
1,All Population,5,Prevalence,11,Indonesia,3,Both,22,All ages,495,Ischemic stroke,3,Rate,2020,989.1814184627701,1102.07763684625,875.9320562333801
1,All Population,5,Prevalence,22,Fiji,3,Both,22,All ages,495,Ischemic stroke,3,Rate,2020,650.23597660347,679.57323886553,621.13887508812
1,All Population,5,Prevalence,35,Georgia,3,Both,22,All ages,495,Ischemic stroke,3,Rate,2020,1272.17161899813,1356.47637379454,1182.71292915431
1,All Population,5,Prevalence,204,Chad,3,Both,22,All ages,495,Ischemic stroke,3,Rate,2019,423.52380825747,444.11630876625003,404.62707960526996
1,All Population,5,Prevalence,69,Singapore,3,Both,22,All ages,495,Ischemic stroke,3,Rate,2020,1206.34046637218,1240.3696442641801,1170.14809985265
1,All Population,5,Prevalence,203,Cabo Verde,3,Both,22,All ages,495,Ischemic stroke,3,Rate,2019,972.80520150578,1016.42406726365,926.4357443471699
1,All Population,5,Prevalence,168,Angola,3,Both,22,All ages,495,Ischemic stroke,3,Rate,2019,333.57107132832,350.39416275651996,317.55670608440005
1,All Population,5,Prevalence,182,Malawi,3,Both,22,All ages,495,Ischemic stroke,3,Rate,2019,393.37913139612,414.36631799077,373.1026246771
1,All Population,5,Prevalence,217,Sierra Leone,3,Both,22,All ages,495,Ischemic stroke,3,Rate,2019,545.40920341823,572.42584803056,519.46467774648
1,All Population,5,Prevalence,82,Greece,3,Both,22,All ages,495,Ischemic stroke,3,Rate,2020,1477.14084428671,1546.85501082461,1404.07280880341
1,All Population,5,Prevalence,177,Djibouti,3,Both,22,All ages,495,Ischemic stroke,3,Rate,2019,481.07318317387,503.47508024711004,457.76960489158
1,All Population,5,Prevalence,7,Democratic People's Republic of Korea,3,Both,22,All ages,495,Ischemic stroke,3,Rate,2020,1268.0404994917699,1345.67291430657,1188.25466618644
1,All Population,5,Prevalence,522,Sudan,3,Both,22,All ages,495,Ischemic stroke,3,Rate,2019,745.55871566317,785.76238278519,709.6336642968799
1,All Population,5,Prevalence,127,El Salvador,3,Both,22,All ages,495,Ischemic stroke,3,Rate,2020,505.29073208171997,527.47431956073,479.87281652912003
1,All Population,5,Prevalence,173,Gabon,3,Both,22,All ages,495,Ischemic stroke,3,Rate,2019,541.96666594484,570.0489571377,514.19915624315
1,All Population,5,Prevalence,116,Saint Lucia,3,Both,22,All ages,495,Ischemic stroke,3,Rate,2020,1007.44076740441,1076.0936375649,939.92768332387
1,All Population,5,Prevalence,206,Gambia,3,Both,22,All ages,495,Ischemic stroke,3,Rate,2019,655.8425410387,690.15608810828,623.30333658033
1,All Population,5,Prevalence,50,Montenegro,3,Both,22,All ages,495,Ischemic stroke,3,Rate,2020,1190.21373301824,1263.9373479779101,1121.47744107408
1,All Population,5,Prevalence,155,Türkiye,3,Both,22,All ages,495,Ischemic stroke,3,Rate,2019,631.98035924897,663.72024336084,600.68192789572
1,All Population,5,Prevalence,396,San Marino,3,Both,22,All ages,495,Ischemic stroke,3,Rate,2019,1444.9125694660402,1511.63404982101,1377.27265348065
1,All Population,5,Prevalence,171,Democratic Republic of the Congo,3,Both,22,All ages,495,Ischemic stroke,3,Rate,2019,418.63662129395,440.67644300384006,395.56078146103
1,All Population,5,Prevalence,198,Zimbabwe,3,Both,22,All ages,495,Ischemic stroke,3,Rate,2019,445.67057000259,468.56801515688005,421.58933849441996
1,All Population,5,Prevalence,24,Marshall Islands,3,Both,22,All ages,495,Ischemic stroke,3,Rate,2020,561.47069203327,587.26552264863,538.67082188015
1,All Population,5,Prevalence,380,Palau,3,Both,22,All ages,495,Ischemic stroke,3,Rate,2019,1119.69754505779,1167.09899980169,1075.90482407279
1,All Population,5,Prevalence,37,Kyrgyzstan,3,Both,22,All ages,495,Ischemic stroke,3,Rate,2020,606.1827361221,635.64395231856,576.41852698042
1,All Population,5,Prevalence,298,American Samoa,3,Both,22,All ages,495,Ischemic stroke,3,Rate,2019,637.34122215797,666.40867791032,610.2841812949499
1,All Population,5,Prevalence,97,Argentina,3,Both,22,All ages,495,Ischemic stroke,3,Rate,2020,465.04231016067,486.44213821637993,440.30729550470994
1,All Population,5,Prevalence,184,Mozambique,3,Both,22,All ages,495,Ischemic stroke,3,Rate,2019,475.37742846761,498.53785794112997,449.68698840418006
1,All Population,5,Prevalence,71,Australia,3,Both,22,All ages,495,Ischemic stroke,3,Rate,2020,959.73664162939,995.60082340112,920.57587479664
1,All Population,5,Prevalence,115,Jamaica,3,Both,22,All ages,495,Ischemic stroke,3,Rate,2019,793.94366614505,830.6622564150301,756.06900461845
1,All Population,5,Prevalence,112,Grenada,3,Both,22,All ages,495,Ischemic stroke,3,Rate,2020,1161.48628623424,1221.03002860841,1105.38846960332
1,All Population,5,Prevalence,163,India,3,Both,22,All ages,495,Ischemic stroke,3,Rate,2020,635.4888529897501,708.98578461024,563.1110626403
1,All Population,5,Prevalence,67,Japan,3,Both,22,All ages,495,Ischemic stroke,3,Rate,2020,1781.13744061425,1974.6829162854099,1595.4191169792398
1,All Population,5,Prevalence,176,Comoros,3,Both,22,All ages,495,Ischemic stroke,3,Rate,2020,634.8909666272,669.14771596712,599.74123733772
1,All Population,5,Prevalence,132,Panama,3,Both,22,All ages,495,Ischemic stroke,3,Rate,2019,644.8075187999,676.9852600684101,614.80458385882
1,All Population,5,Prevalence,416,Tuvalu,3,Both,22,All ages,495,Ischemic stroke,3,Rate,2019,840.2188204435199,879.45144238892,803.1169813877
1,All Population,5,Prevalence,200,Benin,3,Both,22,All ages,495,Ischemic stroke,3,Rate,2019,457.4560725868,479.72798023946,434.61693823790006
1,All Population,5,Prevalence,87,Luxembourg,3,Both,22,All ages,495,Ischemic stroke,3,Rate,2019,713.19187818975,744.97186159503,683.59747975703
1,All Population,5,Prevalence,93,Sweden,3,Both,22,All ages,495,Ischemic stroke,3,Rate,2020,1604.3644347121,1645.93170929105,1566.8550218915798
1,All Population,5,Prevalence,46,Croatia,3,Both,22,All ages,495,Ischemic stroke,3,Rate,2020,1439.8986103152702,1538.71202977498,1329.50077048548
1,All Population,5,Prevalence,12,Lao People's Democratic Republic,3,Both,22,All ages,495,Ischemic stroke,3,Rate,2020,592.83015874612,621.89248592314,558.2979399004499
1,All Population,5,Prevalence,162,Bhutan,3,Both,22,All ages,495,Ischemic stroke,3,Rate,2019,542.98742906649,573.63468934771,513.50950594136
1,All Population,5,Prevalence,320,Cook Islands,3,Both,22,All ages,495,Ischemic stroke,3,Rate,2019,974.5486554690101,1015.53537879522,931.7090949055599
1,All Population,5,Prevalence,393,Saint Kitts and Nevis,3,Both,22,All ages,495,Ischemic stroke,3,Rate,2019,908.46418982534,965.2427768219301,866.24392161636
1,All Population,5,Prevalence,59,Latvia,3,Both,22,All ages,495,Ischemic stroke,3,Rate,2020,1634.7928843206403,1746.71525426612,1507.6815704918
1,All Population,5,Prevalence,186,Seychelles,3,Both,22,All ages,495,Ischemic stroke,3,Rate,2019,984.2092163525299,1030.91718593069,943.5158941784699
1,All Population,5,Prevalence,213,Niger,3,Both,22,All ages,495,Ischemic stroke,3,Rate,2019,419.64519719614,440.00974529581003,399.97915003488
1,All Population,5,Prevalence,27,Samoa,3,Both,22,All ages,495,Ischemic stroke,3,Rate,2020,695.91391396502,733.3885277946699,661.70244126642
1,All Population,5,Prevalence,84,Ireland,3,Both,22,All ages,495,Ischemic stroke,3,Rate,2020,644.6461247777399,680.46694368578,610.3768358443
1,All Population,5,Prevalence,129,Honduras,3,Both,22,All ages,495,Ischemic stroke,3,Rate,2020,506.20946288817,530.6999020359,481.43539568655007
1,All Population,5,Prevalence,52,Romania,3,Both,22,All ages,495,Ischemic stroke,3,Rate,2020,1461.6443422023701,1572.0891454552002,1354.61972282302
1,All Population,5,Prevalence,118,Suriname,3,Both,22,All ages,495,Ischemic stroke,3,Rate,2020,841.24191801913,884.40885590965,800.0755067659101
1,All Population,5,Prevalence,144,Jordan,3,Both,22,All ages,495,Ischemic stroke,3,Rate,2020,624.62832610192,656.35132944847,594.2820786168099
1,All Population,5,Prevalence,26,Papua New Guinea,3,Both,22,All ages,495,Ischemic stroke,3,Rate,2020,380.6868450393,399.33387596959994,361.21593298953
1,All Population,5,Prevalence,189,United Republic of Tanzania,3,Both,22,All ages,495,Ischemic stroke,3,Rate,2019,441.57345476294006,464.94952254550003,416.81370141875993
1,All Population,5,Prevalence,48,Hungary,3,Both,22,All ages,495,Ischemic stroke,3,Rate,2020,1536.8754125873,1619.3133286494601,1451.82479304572
1,All Population,5,Prevalence,140,Bahrain,3,Both,22,All ages,495,Ischemic stroke,3,Rate,2020,593.89572060378,628.12967621748,565.18502072461
1,All Population,5,Prevalence,74,Andorra,3,Both,22,All ages,495,Ischemic stroke,3,Rate,2020,983.14559962189,1033.37831281588,932.76285717719
1,All Population,5,Prevalence,151,Qatar,3,Both,22,All ages,495,Ischemic stroke,3,Rate,2020,583.53402933426,621.92989714789,548.99823489728
1,All Population,5,Prevalence,202,Cameroon,3,Both,22,All ages,495,Ischemic stroke,3,Rate,2019,489.4553173686,513.592780858,467.67444605071006
1,All Population,5,Prevalence,147,Libya,3,Both,22,All ages,495,Ischemic stroke,3,Rate,2019,960.2292611930701,1001.14038549813,918.77114792554
1,All Population,5,Prevalence,413,Tokelau,3,Both,22,All ages,495,Ischemic stroke,3,Rate,2019,938.07051664761,993.66008069844,887.5594120120201
1,All Population,5,Prevalence,179,Ethiopia,3,Both,22,All ages,495,Ischemic stroke,3,Rate,2019,279.84130564299,312.97656001392,248.80754970565
1,All Population,5,Prevalence,193,Botswana,3,Both,22,All ages,495,Ischemic stroke,3,Rate,2019,419.94450083096,446.54912194318,395.66773611955
1,All Population,5,Prevalence,369,Nauru,3,Both,22,All ages,495,Ischemic stroke,3,Rate,2019,516.5017717115301,538.59731535304,494.48911018399997
1,All Population,5,Prevalence,61,Republic of Moldova,3,Both,22,All ages,495,Ischemic stroke,3,Rate,2020,1202.000214766,1270.00156482511,1138.7929702153
1,All Population,5,Prevalence,99,Uruguay,3,Both,22,All ages,495,Ischemic stroke,3,Rate,2020,805.0774830037,846.93615927519,764.80766047926
1,All Population,5,Prevalence,20,Viet Nam,3,Both,22,All ages,495,Ischemic stroke,3,Rate,2020,1001.8356743630901,1053.55938765766,950.93373638098
1,All Population,5,Prevalence,215,Sao Tome and Principe,3,Both,22,All ages,495,Ischemic stroke,3,Rate,2019,670.3063636839499,703.87151330055,636.90041221143
1,All Population,5,Prevalence,6,China,3,Both,22,All ages,495,Ischemic stroke,3,Rate,2020,1372.9949501127599,1525.72340845321,1230.52071187978
1,All Population,5,Prevalence,36,Kazakhstan,3,Both,22,All ages,495,Ischemic stroke,3,Rate,2020,833.9865888801301,895.15416927416,779.65766656696
1,All Population,5,Prevalence,161,Bangladesh,3,Both,22,All ages,495,Ischemic stroke,3,Rate,2020,582.55479444483,614.78851941983,552.64287202664
1,All Population,5,Prevalence,34,Azerbaijan,3,Both,22,All ages,495,Ischemic stroke,3,Rate,2020,588.69079663696,622.7001567680401,555.93835647433
1,All Population,5,Prevalence,45,Bulgaria,3,Both,22,All ages,495,Ischemic stroke,3,Rate,2020,2437.4780563550203,2681.50287884124,2213.40308377795
1,All Population,5,Prevalence,13,Malaysia,3,Both,22,All ages,495,Ischemic stroke,3,Rate,2020,870.2651677367401,907.68610312722,833.66899986258
1,All Population,5,Prevalence,39,Tajikistan,3,Both,22,All ages,495,Ischemic stroke,3,Rate,2020,471.56175128536995,497.01381902367,448.45680388010004
1,All Population,5,Prevalence,422,United States Virgin Islands,3,Both,22,All ages,495,Ischemic stroke,3,Rate,2019,1100.5626611918901,1151.69950198986,1050.38610215055
1,All Population,5,Prevalence,106,Bahamas,3,Both,22,All ages,495,Ischemic stroke,3,Rate,2020,604.6784433752799,631.4641252692301,577.02558400835
1,All Population,5,Prevalence,89,Netherlands,3,Both,22,All ages,495,Ischemic stroke,3,Rate,2020,1208.08787345476,1257.98018981223,1151.01437471734
1,All Population,5,Prevalence,79,Finland,3,Both,22,All ages,495,Ischemic stroke,3,Rate,2020,1681.44644493211,1773.33442563039,1575.79889029229
1,All Population,5,Prevalence,95,United Kingdom,3,Both,22,All ages,495,Ischemic stroke,3,Rate,2020,1068.4799945199002,1178.6284857021801,977.46937580129
1,All Population,5,Prevalence,58,Estonia,3,Both,22,All ages,495,Ischemic stroke,3,Rate,2020,1200.05568067232,1269.16751237297,1132.81364260207
1,All Population,5,Prevalence,28,Solomon Islands,3,Both,22,All ages,495,Ischemic stroke,3,Rate,2020,485.45477356547997,510.16718049407,459.88269061770995
1,All Population,5,Prevalence,92,Spain,3,Both,22,All ages,495,Ischemic stroke,3,Rate,2020,1374.20090321793,1421.69094622791,1324.49968892842
1,All Population,5,Prevalence,190,Uganda,3,Both,22,All ages,495,Ischemic stroke,3,Rate,2020,352.66844177889,370.36720289346,334.22909497109003
1,All Population,5,Prevalence,205,Côte d'Ivoire,3,Both,22,All ages,495,Ischemic stroke,3,Rate,2020,530.23170856171,554.30510843351,505.12886396883994
1,All Population,5,Prevalence,165,Pakistan,3,Both,22,All ages,495,Ischemic stroke,3,Rate,2020,509.4659774319,573.2449994589599,451.68599568173
1,All Population,5,Prevalence,47,Czechia,3,Both,22,All ages,495,Ischemic stroke,3,Rate,2020,1337.09928311724,1421.30234443797,1251.8314289213401
1,All Population,5,Prevalence,15,Myanmar,3,Both,22,All ages,495,Ischemic stroke,3,Rate,2020,868.59332773852,912.44463193472,825.7295114585099
1,All Population,5,Prevalence,178,Eritrea,3,Both,22,All ages,495,Ischemic stroke,3,Rate,2020,461.58176585386997,488.36196877759,435.63167112069
1,All Population,5,Prevalence,121,Bolivia (Plurinational State of),3,Both,22,All ages,495,Ischemic stroke,3,Rate,2020,521.9453175628599,546.87422040198,497.27461612143
1,All Population,5,Prevalence,40,Turkmenistan,3,Both,22,All ages,495,Ischemic stroke,3,Rate,2020,880.00429264297,921.3184885515899,842.69347530345
1,All Population,5,Prevalence,208,Guinea,3,Both,22,All ages,495,Ischemic stroke,3,Rate,2019,542.80461347617,568.61200450767,516.30674599382
1,All Population,5,Prevalence,105,Antigua and Barbuda,3,Both,22,All ages,495,Ischemic stroke,3,Rate,2020,778.91334725638,812.0655847849699,745.00521261347
1,All Population,5,Prevalence,14,Maldives,3,Both,22,All ages,495,Ischemic stroke,3,Rate,2020,560.21093229851,586.3828949589,534.35130766957
1,All Population,5,Prevalence,113,Guyana,3,Both,22,All ages,495,Ischemic stroke,3,Rate,2020,720.97405244973,765.53186288407,682.65340367619
1,All Population,5,Prevalence,126,Costa Rica,3,Both,22,All ages,495,Ischemic stroke,3,Rate,2020,587.74755610107,614.3954141977699,558.70072245543
1,All Population,5,Prevalence,211,Mali,3,Both,22,All ages,495,Ischemic stroke,3,Rate,2020,450.24671373564,471.58194466676997,427.86537405905995
1,All Population,5,Prevalence,98,Chile,3,Both,22,All ages,495,Ischemic stroke,3,Rate,2020,801.0169389733301,841.84792800093,765.6053409367399
1,All Population,5,Prevalence,23,Kiribati,3,Both,22,All ages,495,Ischemic stroke,3,Rate,2020,674.0891108107401,706.84601327434,643.29823603253
1,All Population,5,Prevalence,75,Austria,3,Both,22,All ages,495,Ischemic stroke,3,Rate,2020,1724.1967846119098,1819.48579800411,1624.6855898297702
1,All Population,5,Prevalence,60,Lithuania,3,Both,22,All ages,495,Ischemic stroke,3,Rate,2020,1564.07055994994,1758.81760261411,1395.83865959953
1,All Population,5,Prevalence,139,Algeria,3,Both,22,All ages,495,Ischemic stroke,3,Rate,2020,664.8489699964,693.69147832079,633.57278042511
1,All Population,5,Prevalence,114,Haiti,3,Both,22,All ages,495,Ischemic stroke,3,Rate,2020,495.15154971380997,522.1120342097499,469.83920678072
1,All Population,5,Prevalence,146,Lebanon,3,Both,22,All ages,495,Ischemic stroke,3,Rate,2020,602.0405854880299,633.1936096287,571.64952271371
1,All Population,5,Prevalence,30,Vanuatu,3,Both,22,All ages,495,Ischemic stroke,3,Rate,2020,709.22701656785,743.7383638139299,673.34981166246
1,All Population,5,Prevalence,94,Switzerland,3,Both,22,All ages,495,Ischemic stroke,3,Rate,2020,902.73676789002,943.07661421803,861.76175514293
1,All Population,5,Prevalence,367,Monaco,3,Both,22,All ages,495,Ischemic stroke,3,Rate,2020,1570.09443779772,1675.01553525034,1467.3624763952
1,All Population,5,Prevalence,150,Oman,3,Both,22,All ages,495,Ischemic stroke,3,Rate,2020,511.26858953728,543.23619459263,485.27315115376
1,All Population,5,Prevalence,54,Slovakia,3,Both,22,All ages,495,Ischemic stroke,3,Rate,2020,1420.66730055618,1525.36010914891,1316.13516383387
1,All Population,5,Prevalence,51,Poland,3,Both,22,All ages,495,Ischemic stroke,3,Rate,2020,1204.33774125998,1369.44780982146,1079.91125944567
1,All Population,5,Prevalence,63,Ukraine,3,Both,22,All ages,495,Ischemic stroke,3,Rate,2020,1575.74957763785,1823.67247403954,1384.9135928934502
1,All Population,5,Prevalence,435,South Sudan,3,Both,22,All ages,495,Ischemic stroke,3,Rate,2020,395.91243393185,414.98939581486,375.73687891915
1,All Population,5,Prevalence,44,Bosnia and Herzegovina,3,Both,22,All ages,495,Ischemic stroke,3,Rate,2020,1715.29449691984,1815.3103813690698,1628.92179818435
1,All Population,5,Prevalence,181,Madagascar,3,Both,22,All ages,495,Ischemic stroke,3,Rate,2020,541.22723791272,565.69821860715,517.54482228161
1,All Population,5,Prevalence,49,North Macedonia,3,Both,22,All ages,495,Ischemic stroke,3,Rate,2020,1919.67206299203,2033.9054870078799,1811.0826772882601
1,All Population,5,Prevalence,86,Italy,3,Both,22,All ages,495,Ischemic stroke,3,Rate,2020,1099.24642243189,1219.10792911452,986.24781178339
1,All Population,5,Prevalence,131,Nicaragua,3,Both,22,All ages,495,Ischemic stroke,3,Rate,2020,459.25410194282,481.34409812837,437.73158801541
1,All Population,5,Prevalence,101,Canada,3,Both,22,All ages,495,Ischemic stroke,3,Rate,2020,1541.35489186224,1601.5872679888198,1480.82048218565
1,All Population,5,Prevalence,136,Paraguay,3,Both,22,All ages,495,Ischemic stroke,3,Rate,2020,648.90581744221,679.2318170339199,619.82733053353
1,All Population,5,Prevalence,186,Seychelles,3,Both,22,All ages,495,Ischemic stroke,3,Rate,2020,1003.63263743558,1053.61931921149,961.3679370641601
1,All Population,5,Prevalence,145,Kuwait,3,Both,22,All ages,495,Ischemic stroke,3,Rate,2020,735.29154333366,770.4536482900901,697.3436173786
1,All Population,5,Prevalence,66,Brunei Darussalam,3,Both,22,All ages,495,Ischemic stroke,3,Rate,2020,609.48889843684,639.66162058591,584.7814502224301
1,All Population,5,Prevalence,76,Belgium,3,Both,22,All ages,495,Ischemic stroke,3,Rate,2020,1088.75076526433,1128.5943951875302,1043.91374588511
1,All Population,5,Prevalence,122,Ecuador,3,Both,22,All ages,495,Ischemic stroke,3,Rate,2020,608.80726482893,637.76122390939,583.1638683383701
1,All Population,5,Prevalence,29,Tonga,3,Both,22,All ages,495,Ischemic stroke,3,Rate,2020,589.34861552693,621.7571060632499,561.22612336719
1,All Population,5,Prevalence,168,Angola,3,Both,22,All ages,495,Ischemic stroke,3,Rate,2020,336.38819320560003,353.49647783313,320.41065245154
1,All Population,5,Prevalence,107,Barbados,3,Both,22,All ages,495,Ischemic stroke,3,Rate,2020,1164.17206798053,1228.5120407656,1106.67120293096
1,All Population,5,Prevalence,160,Afghanistan,3,Both,22,All ages,495,Ischemic stroke,3,Rate,2020,508.98206425833996,535.33864353682,482.96798708459
1,All Population,5,Prevalence,81,Germany,3,Both,22,All ages,495,Ischemic stroke,3,Rate,2020,2307.01159212934,2370.02240913558,2238.25232552355
1,All Population,5,Prevalence,87,Luxembourg,3,Both,22,All ages,495,Ischemic stroke,3,Rate,2020,715.8812938823,747.52682581441,686.1294496673399
1,All Population,5,Prevalence,41,Uzbekistan,3,Both,22,All ages,495,Ischemic stroke,3,Rate,2020,620.50016651113,649.47593720782,587.98138049239
1,All Population,5,Prevalence,128,Guatemala,3,Both,22,All ages,495,Ischemic stroke,3,Rate,2020,338.72900957611,355.34409496769,322.10413548044
1,All Population,5,Prevalence,194,Lesotho,3,Both,22,All ages,495,Ischemic stroke,3,Rate,2020,476.80619464423995,509.59036932234005,444.31423504056
1,All Population,5,Prevalence,180,Kenya,3,Both,22,All ages,495,Ischemic stroke,3,Rate,2020,449.60968863853,499.16606687256,398.40546572716
1,All Population,5,Prevalence,77,Cyprus,3,Both,22,All ages,495,Ischemic stroke,3,Rate,2020,624.7390404777001,657.12799403908,589.32090127337
1,All Population,5,Prevalence,207,Ghana,3,Both,22,All ages,495,Ischemic stroke,3,Rate,2020,755.93522430595,795.34681924243,720.04532885606
1,All Population,5,Prevalence,169,Central African Republic,3,Both,22,All ages,495,Ischemic stroke,3,Rate,2020,430.33829137673,454.94797165048004,407.52250315524
1,All Population,5,Prevalence,153,Syrian Arab Republic,3,Both,22,All ages,495,Ischemic stroke,3,Rate,2020,704.6376456684401,740.39639946637,671.4568358901399
1,All Population,5,Prevalence,17,Sri Lanka,3,Both,22,All ages,495,Ischemic stroke,3,Rate,2020,1052.4926578759798,1100.78681105733,1003.65273271362
1,All Population,5,Prevalence,43,Albania,3,Both,22,All ages,495,Ischemic stroke,3,Rate,2020,996.84479331169,1057.94353101299,930.5231643255901
1,All Population,5,Prevalence,349,Greenland,3,Both,22,All ages,495,Ischemic stroke,3,Rate,2020,1267.41287692293,1325.52378886468,1213.39697028051
1,All Population,5,Prevalence,376,Northern Mariana Islands,3,Both,22,All ages,495,Ischemic stroke,3,Rate,2019,658.36696275923,686.95437873727,629.86604617687
1,All Population,5,Prevalence,148,Morocco,3,Both,22,All ages,495,Ischemic stroke,3,Rate,2020,763.01335169375,806.1212413293699,727.49518079258
1,All Population,5,Prevalence,152,Saudi Arabia,3,Both,22,All ages,495,Ischemic stroke,3,Rate,2020,517.39141566242,546.84118840952,490.51629646105005
1,All Population,5,Prevalence,149,Palestine,3,Both,22,All ages,495,Ischemic stroke,3,Rate,2019,557.99505481684,681.74086553477,452.98584594150003
1,All Population,5,Prevalence,88,Malta,3,Both,22,All ages,495,Ischemic stroke,3,Rate,2020,787.70606914083,822.5576190589101,752.65766179942
1,All Population,5,Prevalence,374,Niue,3,Both,22,All ages,495,Ischemic stroke,3,Rate,2020,1200.3320538785601,1266.9281750847001,1138.67196588103
1,All Population,5,Prevalence,62,Russian Federation,3,Both,22,All ages,495,Ischemic stroke,3,Rate,2020,1374.64783879889,1545.18878235348,1247.74104090717
1,All Population,5,Prevalence,141,Egypt,3,Both,22,All ages,495,Ischemic stroke,3,Rate,2020,772.25875239278,806.93235588282,736.77057230013
1,All Population,5,Prevalence,193,Botswana,3,Both,22,All ages,495,Ischemic stroke,3,Rate,2020,426.17784474511006,453.41437275923,402.16071062774
1,All Population,5,Prevalence,143,Iraq,3,Both,22,All ages,495,Ischemic stroke,3,Rate,2020,737.3453753658499,774.0031898150199,704.70257314403
1,All Population,5,Prevalence,173,Gabon,3,Both,22,All ages,495,Ischemic stroke,3,Rate,2020,544.69845001947,575.49842230009,515.69853348823
1,All Population,5,Prevalence,142,Iran (Islamic Republic of),3,Both,22,All ages,495,Ischemic stroke,3,Rate,2020,742.06805787921,827.93239164999,666.93662072308
1,All Population,5,Prevalence,133,Venezuela (Bolivarian Republic of),3,Both,22,All ages,495,Ischemic stroke,3,Rate,2020,552.56002199973,582.31598458235,526.73773268836
1,All Population,5,Prevalence,396,San Marino,3,Both,22,All ages,495,Ischemic stroke,3,Rate,2020,1446.96549400055,1517.1805839564702,1373.4709190293
1,All Population,5,Prevalence,201,Burkina Faso,3,Both,22,All ages,495,Ischemic stroke,3,Rate,2020,453.09150916319,475.71948822232997,431.08974678435004
1,All Population,5,Prevalence,214,Nigeria,3,Both,22,All ages,495,Ischemic stroke,3,Rate,2020,467.48141255987,516.8760046575,417.1250138743
1,All Population,5,Prevalence,187,Somalia,3,Both,22,All ages,495,Ischemic stroke,3,Rate,2020,383.16736914806,403.71009836000997,360.48337771552
1,All Population,5,Prevalence,305,Bermuda,3,Both,22,All ages,495,Ischemic stroke,3,Rate,2020,1085.06565209577,1140.9878410699,1030.5667248404
1,All Population,5,Prevalence,108,Belize,3,Both,22,All ages,495,Ischemic stroke,3,Rate,2020,451.56281566520005,471.78992893001,430.41035754355
1,All Population,5,Prevalence,16,Philippines,3,Both,22,All ages,495,Ischemic stroke,3,Rate,2020,663.9538941406,732.4771757656599,601.07350108527
1,All Population,5,Prevalence,191,Zambia,3,Both,22,All ages,495,Ischemic stroke,3,Rate,2020,361.87679735341,381.76028570350996,344.03510868430004
1,All Population,5,Prevalence,8,Taiwan,3,Both,22,All ages,495,Ischemic stroke,3,Rate,2020,1001.85131625601,1043.6745928488501,954.4868465801999
1,All Population,5,Prevalence,206,Gambia,3,Both,22,All ages,495,Ischemic stroke,3,Rate,2020,657.4599978067899,692.31277076739,625.10272745569
1,All Population,5,Prevalence,198,Zimbabwe,3,Both,22,All ages,495,Ischemic stroke,3,Rate,2020,451.22296587388,475.24833075699996,426.81154318604
1,All Population,5,Prevalence,213,Niger,3,Both,22,All ages,495,Ischemic stroke,3,Rate,2020,419.85840526165,440.29193548419,399.58901000159005
1,All Population,5,Prevalence,90,Norway,3,Both,22,All ages,495,Ischemic stroke,3,Rate,2020,1247.9504604915,1391.94900726853,1103.99121307023
1,All Population,5,Prevalence,123,Peru,3,Both,22,All ages,495,Ischemic stroke,3,Rate,2020,591.65108905406,618.21083220801,561.99963525542
1,All Population,5,Prevalence,196,South Africa,3,Both,22,All ages,495,Ischemic stroke,3,Rate,2020,546.23081819457,612.99219860954,485.95449509480005
1,All Population,5,Prevalence,91,Portugal,3,Both,22,All ages,495,Ischemic stroke,3,Rate,2020,1523.01464949167,1601.9543637709799,1442.93412475844
1,All Population,5,Prevalence,522,Sudan,3,Both,22,All ages,495,Ischemic stroke,3,Rate,2020,753.87519527903,796.4910535384299,717.04638669265
1,All Population,5,Prevalence,38,Mongolia,3,Both,22,All ages,495,Ischemic stroke,3,Rate,2020,386.34312180826,407.83798025394003,365.37668686659003
1,All Population,5,Prevalence,351,Guam,3,Both,22,All ages,495,Ischemic stroke,3,Rate,2020,895.23524430817,939.17014316493,854.67010061836
1,All Population,5,Prevalence,135,Brazil,3,Both,22,All ages,495,Ischemic stroke,3,Rate,2020,845.63048543896,944.19224829978,765.03795952239
1,All Population,5,Prevalence,182,Malawi,3,Both,22,All ages,495,Ischemic stroke,3,Rate,2020,395.90870459885,417.5854190475,374.95133711029996
1,All Population,5,Prevalence,189,United Republic of Tanzania,3,Both,22,All ages,495,Ischemic stroke,3,Rate,2020,443.46350402265,467.22455797442996,418.1414512251
1,All Population,5,Prevalence,7,Democratic People's Republic of Korea,3,Both,22,All ages,495,Ischemic stroke,3,Rate,2021,1281.88759160163,1356.8317375731701,1203.47572880736
1,All Population,5,Prevalence,183,Mauritius,3,Both,22,All ages,495,Ischemic stroke,3,Rate,2020,1169.1296163402,1216.76168518795,1117.4265592566999
1,All Population,5,Prevalence,78,Denmark,3,Both,22,All ages,495,Ischemic stroke,3,Rate,2020,1152.8666024495499,1208.87588117473,1091.63639017885
1,All Population,5,Prevalence,209,Guinea-Bissau,3,Both,22,All ages,495,Ischemic stroke,3,Rate,2020,539.68833618568,566.56517136593,515.2661761357599
1,All Population,5,Prevalence,97,Argentina,3,Both,22,All ages,495,Ischemic stroke,3,Rate,2021,479.88357092839004,501.93345135845,455.60380871613
1,All Population,5,Prevalence,298,American Samoa,3,Both,22,All ages,495,Ischemic stroke,3,Rate,2020,654.85585564933,685.66348196488,624.93949468447
1,All Population,5,Prevalence,170,Congo,3,Both,22,All ages,495,Ischemic stroke,3,Rate,2020,465.21356162715995,488.17588799191003,443.92123425102005
1,All Population,5,Prevalence,39,Tajikistan,3,Both,22,All ages,495,Ischemic stroke,3,Rate,2021,477.23305137128,501.08765130613,455.98617003478995
1,All Population,5,Prevalence,50,Montenegro,3,Both,22,All ages,495,Ischemic stroke,3,Rate,2021,1205.83906230521,1280.9221531652802,1127.52950608934
1,All Population,5,Prevalence,20,Viet Nam,3,Both,22,All ages,495,Ischemic stroke,3,Rate,2021,1024.07007363357,1074.83638275781,972.3542900543599
1,All Population,5,Prevalence,109,Cuba,3,Both,22,All ages,495,Ischemic stroke,3,Rate,2020,1378.52006704155,1449.56388571064,1313.69890312331
1,All Population,5,Prevalence,33,Armenia,3,Both,22,All ages,495,Ischemic stroke,3,Rate,2020,942.34720838454,986.94989608446,898.90232714618
1,All Population,5,Prevalence,86,Italy,3,Both,22,All ages,495,Ischemic stroke,3,Rate,2021,1101.82882908589,1220.48981674113,972.7787199265999
1,All Population,5,Prevalence,200,Benin,3,Both,22,All ages,495,Ischemic stroke,3,Rate,2020,460.6196394116,482.83729875874,438.14694949922
1,All Population,5,Prevalence,144,Jordan,3,Both,22,All ages,495,Ischemic stroke,3,Rate,2021,622.75231089331,656.48389591017,592.48813158996
1,All Population,5,Prevalence,195,Namibia,3,Both,22,All ages,495,Ischemic stroke,3,Rate,2019,429.02091748632,454.866612335,406.56930747212
1,All Population,5,Prevalence,369,Nauru,3,Both,22,All ages,495,Ischemic stroke,3,Rate,2020,524.03594632367,546.09690639012,500.93394914494996
1,All Population,5,Prevalence,25,Micronesia (Federated States of),3,Both,22,All ages,495,Ischemic stroke,3,Rate,2020,729.50486523269,761.84046446203,697.78427079776
1,All Population,5,Prevalence,154,Tunisia,3,Both,22,All ages,495,Ischemic stroke,3,Rate,2020,674.01685577356,708.2061669053099,639.68132784659
1,All Population,5,Prevalence,393,Saint Kitts and Nevis,3,Both,22,All ages,495,Ischemic stroke,3,Rate,2020,923.52098669112,984.97981466334,880.7238097181499
1,All Population,5,Prevalence,171,Democratic Republic of the Congo,3,Both,22,All ages,495,Ischemic stroke,3,Rate,2020,420.56151504486,443.33594082541003,396.98672748823003
1,All Population,5,Prevalence,320,Cook Islands,3,Both,22,All ages,495,Ischemic stroke,3,Rate,2020,985.3828657965099,1028.60113074739,938.42951815223
1,All Population,5,Prevalence,19,Timor-Leste,3,Both,22,All ages,495,Ischemic stroke,3,Rate,2020,604.36439311608,636.21781144466,574.0362878321099
1,All Population,5,Prevalence,385,Puerto Rico,3,Both,22,All ages,495,Ischemic stroke,3,Rate,2020,1112.24351672617,1166.17702866129,1055.3123959284699
1,All Population,5,Prevalence,210,Liberia,3,Both,22,All ages,495,Ischemic stroke,3,Rate,2019,575.32224327467,604.55761236321,546.35132720985
1,All Population,5,Prevalence,110,Dominica,3,Both,22,All ages,495,Ischemic stroke,3,Rate,2020,957.8179406321999,1013.55260086943,909.21172292904
1,All Population,5,Prevalence,102,United States of America,3,Both,22,All ages,495,Ischemic stroke,3,Rate,2020,1882.54593465858,2005.59297841693,1766.0810879708802
1,All Population,5,Prevalence,115,Jamaica,3,Both,22,All ages,495,Ischemic stroke,3,Rate,2020,805.49385958485,842.37890465382,768.92162693582
1,All Population,5,Prevalence,53,Serbia,3,Both,22,All ages,495,Ischemic stroke,3,Rate,2020,1398.00880299243,1486.99513502055,1319.3728831421101
1,All Population,5,Prevalence,215,Sao Tome and Principe,3,Both,22,All ages,495,Ischemic stroke,3,Rate,2020,680.66412088842,717.35053899103,646.13474195575
1,All Population,5,Prevalence,155,Türkiye,3,Both,22,All ages,495,Ischemic stroke,3,Rate,2020,642.9408029300199,675.1040949022,610.00629942252
1,All Population,5,Prevalence,202,Cameroon,3,Both,22,All ages,495,Ischemic stroke,3,Rate,2020,492.09599073489,518.04527437185,469.80140037171
1,All Population,5,Prevalence,184,Mozambique,3,Both,22,All ages,495,Ischemic stroke,3,Rate,2020,474.99813305107995,498.85935002115997,449.2781892688
1,All Population,5,Prevalence,147,Libya,3,Both,22,All ages,495,Ischemic stroke,3,Rate,2020,976.00004673833,1018.87623343111,934.1896269483599
1,All Population,5,Prevalence,68,Republic of Korea,3,Both,22,All ages,495,Ischemic stroke,3,Rate,2020,1400.3803695076,1510.19506646109,1312.42643555186
1,All Population,5,Prevalence,35,Georgia,3,Both,22,All ages,495,Ischemic stroke,3,Rate,2021,1287.7984218921,1367.79864135219,1202.4415952013499
1,All Population,5,Prevalence,413,Tokelau,3,Both,22,All ages,495,Ischemic stroke,3,Rate,2020,942.33631849928,999.40059914696,887.8424630367299
1,All Population,5,Prevalence,216,Senegal,3,Both,22,All ages,495,Ischemic stroke,3,Rate,2020,698.12155605943,732.79827790952,661.8094290850499
1,All Population,5,Prevalence,16,Philippines,3,Both,22,All ages,495,Ischemic stroke,3,Rate,2021,669.34617666826,739.00675279986,602.43945443106
1,All Population,5,Prevalence,18,Thailand,3,Both,22,All ages,495,Ischemic stroke,3,Rate,2020,1272.32126382114,1328.3194834867102,1210.5923885062
1,All Population,5,Prevalence,204,Chad,3,Both,22,All ages,495,Ischemic stroke,3,Rate,2020,420.7049139153,441.35308029611,400.74482628171995
1,All Population,5,Prevalence,217,Sierra Leone,3,Both,22,All ages,495,Ischemic stroke,3,Rate,2020,548.09780036905,576.66384651113,520.9893713505601
1,All Population,5,Prevalence,112,Grenada,3,Both,22,All ages,495,Ischemic stroke,3,Rate,2021,1187.39001380911,1245.4239173864398,1134.08519703056
1,All Population,5,Prevalence,83,Iceland,3,Both,22,All ages,495,Ischemic stroke,3,Rate,2020,851.21255890369,890.6940004352999,807.21784322362
1,All Population,5,Prevalence,156,United Arab Emirates,3,Both,22,All ages,495,Ischemic stroke,3,Rate,2020,678.4100410594899,717.9587172688999,640.4131556158001
1,All Population,5,Prevalence,130,Mexico,3,Both,22,All ages,495,Ischemic stroke,3,Rate,2020,560.59126183203,623.3169317926099,507.56921884399
1,All Population,5,Prevalence,194,Lesotho,3,Both,22,All ages,495,Ischemic stroke,3,Rate,2021,478.17962452713004,513.29319801362,446.39316611213
1,All Population,5,Prevalence,127,El Salvador,3,Both,22,All ages,495,Ischemic stroke,3,Rate,2021,507.71631235351,532.32968377972,482.78576491448
1,All Population,5,Prevalence,133,Venezuela (Bolivarian Republic of),3,Both,22,All ages,495,Ischemic stroke,3,Rate,2021,574.27249109836,603.20916689378,547.95112573466
1,All Population,5,Prevalence,180,Kenya,3,Both,22,All ages,495,Ischemic stroke,3,Rate,2021,454.95570983876,507.63157883673,400.8418058512
1,All Population,5,Prevalence,162,Bhutan,3,Both,22,All ages,495,Ischemic stroke,3,Rate,2020,557.50465123648,590.35786009799,523.9540654605
1,All Population,5,Prevalence,67,Japan,3,Both,22,All ages,495,Ischemic stroke,3,Rate,2021,1806.98608293127,2022.0999267069901,1603.80512737609
1,All Population,5,Prevalence,185,Rwanda,3,Both,22,All ages,495,Ischemic stroke,3,Rate,2020,412.47644590951,434.14495613532995,392.29430607283
1,All Population,5,Prevalence,203,Cabo Verde,3,Both,22,All ages,495,Ischemic stroke,3,Rate,2020,989.84521438868,1034.5554893793899,943.11882664254
1,All Population,5,Prevalence,176,Comoros,3,Both,22,All ages,495,Ischemic stroke,3,Rate,2021,636.2373944338,670.3252880142501,597.10831457501
1,All Population,5,Prevalence,27,Samoa,3,Both,22,All ages,495,Ischemic stroke,3,Rate,2021,701.73147585866,738.97804431897,666.39913539047
1,All Population,5,Prevalence,416,Tuvalu,3,Both,22,All ages,495,Ischemic stroke,3,Rate,2020,844.09383874271,884.23882571762,805.47276414359
1,All Population,5,Prevalence,82,Greece,3,Both,22,All ages,495,Ischemic stroke,3,Rate,2021,1434.07617324261,1496.87830303566,1358.36438240071
1,All Population,5,Prevalence,161,Bangladesh,3,Both,22,All ages,495,Ischemic stroke,3,Rate,2021,579.94102501606,615.0847872637,548.08149900012
1,All Population,5,Prevalence,111,Dominican Republic,3,Both,22,All ages,495,Ischemic stroke,3,Rate,2020,662.66482607991,693.2235702358499,629.27820027248
1,All Population,5,Prevalence,422,United States Virgin Islands,3,Both,22,All ages,495,Ischemic stroke,3,Rate,2020,1131.28443636357,1186.15257949016,1078.2022500149
1,All Population,5,Prevalence,175,Burundi,3,Both,22,All ages,495,Ischemic stroke,3,Rate,2020,367.37899588746,386.20411574447,349.48422035756
1,All Population,5,Prevalence,10,Cambodia,3,Both,22,All ages,495,Ischemic stroke,3,Rate,2020,616.57282373521,652.51072084632,581.49073778855
1,All Population,5,Prevalence,205,Côte d'Ivoire,3,Both,22,All ages,495,Ischemic stroke,3,Rate,2021,527.65285134138,553.39975112363,502.60756772033
1,All Population,5,Prevalence,44,Bosnia and Herzegovina,3,Both,22,All ages,495,Ischemic stroke,3,Rate,2021,1701.70545424746,1794.3113654908,1612.0003051538001
1,All Population,5,Prevalence,197,Eswatini,3,Both,22,All ages,495,Ischemic stroke,3,Rate,2020,430.21023127216,456.94838933079996,404.66279340845006
1,All Population,5,Prevalence,380,Palau,3,Both,22,All ages,495,Ischemic stroke,3,Rate,2020,1149.96398891591,1196.83847288215,1103.3076152461401
1,All Population,5,Prevalence,52,Romania,3,Both,22,All ages,495,Ischemic stroke,3,Rate,2021,1421.70274942909,1505.5607570023299,1333.52986954652
1,All Population,5,Prevalence,208,Guinea,3,Both,22,All ages,495,Ischemic stroke,3,Rate,2020,540.56650650559,566.10403089815,512.16235796586
1,All Population,5,Prevalence,10,Cambodia,3,Both,22,All ages,495,Ischemic stroke,3,Rate,2021,625.70644213493,660.10323912668,588.26358788669
1,All Population,5,Prevalence,12,Lao People's Democratic Republic,3,Both,22,All ages,495,Ischemic stroke,3,Rate,2021,596.01413691898,630.4326946873499,564.0014388383
1,All Population,5,Prevalence,125,Colombia,3,Both,22,All ages,495,Ischemic stroke,3,Rate,2020,604.2103850442201,630.94960593708,574.79720083547
1,All Population,5,Prevalence,15,Myanmar,3,Both,22,All ages,495,Ischemic stroke,3,Rate,2021,868.3770088427301,908.9782860625701,827.98856083702
1,All Population,5,Prevalence,55,Slovenia,3,Both,22,All ages,495,Ischemic stroke,3,Rate,2020,945.1070512726201,993.9835168178801,898.17173261774
1,All Population,5,Prevalence,28,Solomon Islands,3,Both,22,All ages,495,Ischemic stroke,3,Rate,2021,492.63735270608,517.74649772415,467.8284678008
1,All Population,5,Prevalence,80,France,3,Both,22,All ages,495,Ischemic stroke,3,Rate,2020,1182.77794718985,1220.17310243309,1146.0632579653
1,All Population,5,Prevalence,172,Equatorial Guinea,3,Both,22,All ages,495,Ischemic stroke,3,Rate,2020,287.92855982725,304.48141782079,273.74063563507
1,All Population,5,Prevalence,89,Netherlands,3,Both,22,All ages,495,Ischemic stroke,3,Rate,2021,1187.04765541143,1239.64204491359,1127.5743958292
1,All Population,5,Prevalence,62,Russian Federation,3,Both,22,All ages,495,Ischemic stroke,3,Rate,2021,1374.81430475593,1544.83199337921,1242.61246331751
1,All Population,5,Prevalence,75,Austria,3,Both,22,All ages,495,Ischemic stroke,3,Rate,2021,1632.7615889893,1713.35000059118,1560.87432101948
1,All Population,5,Prevalence,43,Albania,3,Both,22,All ages,495,Ischemic stroke,3,Rate,2021,1032.10138432329,1095.34262007959,957.34620339587
1,All Population,5,Prevalence,99,Uruguay,3,Both,22,All ages,495,Ischemic stroke,3,Rate,2021,804.2520811244401,845.26548841431,762.99336224
1,All Population,5,Prevalence,88,Malta,3,Both,22,All ages,495,Ischemic stroke,3,Rate,2021,785.71455725966,821.9635130726001,747.33087278873
1,All Population,5,Prevalence,22,Fiji,3,Both,22,All ages,495,Ischemic stroke,3,Rate,2021,656.2227802233,687.7981859401,626.63458235765
1,All Population,5,Prevalence,11,Indonesia,3,Both,22,All ages,495,Ischemic stroke,3,Rate,2021,1000.2373848035901,1119.5317823951,879.09260929606
1,All Population,5,Prevalence,41,Uzbekistan,3,Both,22,All ages,495,Ischemic stroke,3,Rate,2021,619.43484010107,649.38185246226,587.2213681024
1,All Population,5,Prevalence,435,South Sudan,3,Both,22,All ages,495,Ischemic stroke,3,Rate,2021,396.28550934337005,418.7486619308,374.19099335593
1,All Population,5,Prevalence,195,Namibia,3,Both,22,All ages,495,Ischemic stroke,3,Rate,2020,430.71913486259,456.83123630117,408.89114108903993
1,All Population,5,Prevalence,109,Cuba,3,Both,22,All ages,495,Ischemic stroke,3,Rate,2021,1426.07965692224,1494.68483552093,1360.39569490776
1,All Population,5,Prevalence,13,Malaysia,3,Both,22,All ages,495,Ischemic stroke,3,Rate,2021,885.86425915857,924.88745996831,848.90671097471
1,All Population,5,Prevalence,367,Monaco,3,Both,22,All ages,495,Ischemic stroke,3,Rate,2021,1549.41239626243,1644.99254249469,1449.61122834692
1,All Population,5,Prevalence,146,Lebanon,3,Both,22,All ages,495,Ischemic stroke,3,Rate,2021,602.56939126521,637.69073924032,568.95142292596
1,All Population,5,Prevalence,106,Bahamas,3,Both,22,All ages,495,Ischemic stroke,3,Rate,2021,607.90750176958,635.78904617976,580.45447571302
1,All Population,5,Prevalence,17,Sri Lanka,3,Both,22,All ages,495,Ischemic stroke,3,Rate,2021,1057.47275473362,1108.78411093063,1003.59233913354
1,All Population,5,Prevalence,114,Haiti,3,Both,22,All ages,495,Ischemic stroke,3,Rate,2021,502.31439103914,532.5721354999799,476.87375237377
1,All Population,5,Prevalence,30,Vanuatu,3,Both,22,All ages,495,Ischemic stroke,3,Rate,2021,716.81153700866,750.63647046704,682.42684935535
1,All Population,5,Prevalence,129,Honduras,3,Both,22,All ages,495,Ischemic stroke,3,Rate,2021,504.44689583659004,527.92692699537,478.63159908789
1,All Population,5,Prevalence,6,China,3,Both,22,All ages,495,Ischemic stroke,3,Rate,2021,1408.82266160698,1569.91963212547,1248.18437073747
1,All Population,5,Prevalence,149,Palestine,3,Both,22,All ages,495,Ischemic stroke,3,Rate,2020,576.7356773606799,707.65825333593,465.99628865893004
1,All Population,5,Prevalence,90,Norway,3,Both,22,All ages,495,Ischemic stroke,3,Rate,2021,1245.47650907348,1390.5634003519401,1091.85507345421
1,All Population,5,Prevalence,376,Northern Mariana Islands,3,Both,22,All ages,495,Ischemic stroke,3,Rate,2020,676.69958381385,706.78940794501,647.18816475744
1,All Population,5,Prevalence,117,Saint Vincent and the Grenadines,3,Both,22,All ages,495,Ischemic stroke,3,Rate,2020,989.17563115241,1048.79427484525,934.4403018300101
1,All Population,5,Prevalence,72,New Zealand,3,Both,22,All ages,495,Ischemic stroke,3,Rate,2020,957.3786271864001,1061.7680309939099,848.9442486560699
1,All Population,5,Prevalence,157,Yemen,3,Both,22,All ages,495,Ischemic stroke,3,Rate,2020,461.31133647236,485.80142539727007,436.92263911941
1,All Population,5,Prevalence,37,Kyrgyzstan,3,Both,22,All ages,495,Ischemic stroke,3,Rate,2021,603.7142542225901,631.67964437595,571.43150343974
1,All Population,5,Prevalence,122,Ecuador,3,Both,22,All ages,495,Ischemic stroke,3,Rate,2021,610.84490202701,641.1048174067,584.46652791879
1,All Population,5,Prevalence,58,Estonia,3,Both,22,All ages,495,Ischemic stroke,3,Rate,2021,1141.03015479643,1201.5322317441899,1081.2258669191401
1,All Population,5,Prevalence,77,Cyprus,3,Both,22,All ages,495,Ischemic stroke,3,Rate,2021,643.31411153208,676.01273414548,610.8884460619599
1,All Population,5,Prevalence,45,Bulgaria,3,Both,22,All ages,495,Ischemic stroke,3,Rate,2021,2483.37918478175,2696.54303841744,2288.88952993042
1,All Population,5,Prevalence,135,Brazil,3,Both,22,All ages,495,Ischemic stroke,3,Rate,2021,860.01232347491,953.7908584244401,775.40757663928
1,All Population,5,Prevalence,84,Ireland,3,Both,22,All ages,495,Ischemic stroke,3,Rate,2021,648.15773272846,684.82570095262,614.86863504334
1,All Population,5,Prevalence,156,United Arab Emirates,3,Both,22,All ages,495,Ischemic stroke,3,Rate,2021,692.16213296143,732.89970718623,651.74065829421
1,All Population,5,Prevalence,169,Central African Republic,3,Both,22,All ages,495,Ischemic stroke,3,Rate,2021,431.30874019789,454.95719708523,407.11154623071997
1,All Population,5,Prevalence,36,Kazakhstan,3,Both,22,All ages,495,Ischemic stroke,3,Rate,2021,803.8974108580401,852.44878229684,758.02058036008
1,All Population,5,Prevalence,85,Israel,3,Both,22,All ages,495,Ischemic stroke,3,Rate,2020,810.30901202292,868.45689909153,759.5670171683399
1,All Population,5,Prevalence,59,Latvia,3,Both,22,All ages,495,Ischemic stroke,3,Rate,2021,1574.4108599036101,1678.36408252903,1476.01820378404
1,All Population,5,Prevalence,181,Madagascar,3,Both,22,All ages,495,Ischemic stroke,3,Rate,2021,544.64264969643,570.50131035504,516.9412486526
1,All Population,5,Prevalence,81,Germany,3,Both,22,All ages,495,Ischemic stroke,3,Rate,2021,2266.91562434254,2331.19055797619,2207.63077646501
1,All Population,5,Prevalence,57,Belarus,3,Both,22,All ages,495,Ischemic stroke,3,Rate,2021,1360.1823625785598,1435.45468513746,1294.40237799046
1,All Population,5,Prevalence,168,Angola,3,Both,22,All ages,495,Ischemic stroke,3,Rate,2021,337.14758186071003,355.94372362894,318.63402146759
1,All Population,5,Prevalence,157,Yemen,3,Both,22,All ages,495,Ischemic stroke,3,Rate,2021,466.58183718822994,492.99512297833996,442.06308780516
1,All Population,5,Prevalence,121,Bolivia (Plurinational State of),3,Both,22,All ages,495,Ischemic stroke,3,Rate,2021,514.59313560786,541.30681587906,488.67480585341997
1,All Population,5,Prevalence,105,Antigua and Barbuda,3,Both,22,All ages,495,Ischemic stroke,3,Rate,2021,790.40101216932,825.86641364767,753.4734841341
1,All Population,5,Prevalence,111,Dominican Republic,3,Both,22,All ages,495,Ischemic stroke,3,Rate,2021,668.72983899861,701.14641518668,635.65351467081
1,All Population,5,Prevalence,110,Dominica,3,Both,22,All ages,495,Ischemic stroke,3,Rate,2021,977.04250441879,1030.88261308302,922.38635889396
1,All Population,5,Prevalence,18,Thailand,3,Both,22,All ages,495,Ischemic stroke,3,Rate,2021,1292.34734974396,1352.01575464818,1226.59717572142
1,All Population,5,Prevalence,197,Eswatini,3,Both,22,All ages,495,Ischemic stroke,3,Rate,2021,426.66117227963,455.65535617276,400.70877690313
1,All Population,5,Prevalence,29,Tonga,3,Both,22,All ages,495,Ischemic stroke,3,Rate,2021,591.89016009002,623.19556830159,563.4226905203
1,All Population,5,Prevalence,68,Republic of Korea,3,Both,22,All ages,495,Ischemic stroke,3,Rate,2021,1299.3917939460998,1377.3526361283,1230.9685183648398
1,All Population,5,Prevalence,23,Kiribati,3,Both,22,All ages,495,Ischemic stroke,3,Rate,2021,680.03584551145,710.96296355449,647.4948978510799
1,All Population,5,Prevalence,113,Guyana,3,Both,22,All ages,495,Ischemic stroke,3,Rate,2021,712.9265237939001,751.38892254709,677.29779784593
1,All Population,5,Prevalence,51,Poland,3,Both,22,All ages,495,Ischemic stroke,3,Rate,2021,1200.56145928519,1368.2559241301901,1072.43703249184
1,All Population,5,Prevalence,190,Uganda,3,Both,22,All ages,495,Ischemic stroke,3,Rate,2021,352.25187871388,370.78527058224,333.88688704509
1,All Population,5,Prevalence,69,Singapore,3,Both,22,All ages,495,Ischemic stroke,3,Rate,2021,1247.01359653051,1279.96191186283,1214.12514113614
1,All Population,5,Prevalence,196,South Africa,3,Both,22,All ages,495,Ischemic stroke,3,Rate,2021,536.28694184803,603.35788541922,475.85355826741005
1,All Population,5,Prevalence,74,Andorra,3,Both,22,All ages,495,Ischemic stroke,3,Rate,2021,979.4242651243001,1032.04557217215,930.72714911236
1,All Population,5,Prevalence,207,Ghana,3,Both,22,All ages,495,Ischemic stroke,3,Rate,2021,751.88689413391,791.4482084610901,717.21548489219
1,All Population,5,Prevalence,182,Malawi,3,Both,22,All ages,495,Ischemic stroke,3,Rate,2021,390.17646506605,411.62940680850994,368.15933206217
1,All Population,5,Prevalence,136,Paraguay,3,Both,22,All ages,495,Ischemic stroke,3,Rate,2021,653.68812955821,685.31770167809,623.75425536995
1,All Population,5,Prevalence,218,Togo,3,Both,22,All ages,495,Ischemic stroke,3,Rate,2020,645.78086091715,676.84630816127,612.96066359442
1,All Population,5,Prevalence,216,Senegal,3,Both,22,All ages,495,Ischemic stroke,3,Rate,2021,695.17840185493,730.67662961293,659.94830027748
1,All Population,5,Prevalence,163,India,3,Both,22,All ages,495,Ischemic stroke,3,Rate,2021,645.91097310721,724.1003953045999,566.97581974042
1,All Population,5,Prevalence,178,Eritrea,3,Both,22,All ages,495,Ischemic stroke,3,Rate,2021,462.4638536946,487.82234454827005,436.66538297949
1,All Population,5,Prevalence,132,Panama,3,Both,22,All ages,495,Ischemic stroke,3,Rate,2020,652.09668185704,686.45627252857,617.9275497167799
1,All Population,5,Prevalence,98,Chile,3,Both,22,All ages,495,Ischemic stroke,3,Rate,2021,813.73620233388,854.31485987079,776.28701447541
1,All Population,5,Prevalence,150,Oman,3,Both,22,All ages,495,Ischemic stroke,3,Rate,2021,513.53509063189,544.79722888635,486.24249388735007
1,All Population,5,Prevalence,11,Indonesia,3,Both,22,All ages,495,Ischemic stroke,3,Rate,2022,1011.4959426724199,1137.9643098009399,883.1971540973101
1,All Population,5,Prevalence,54,Slovakia,3,Both,22,All ages,495,Ischemic stroke,3,Rate,2021,1340.94950331424,1421.2740871246901,1257.10926723694
1,All Population,5,Prevalence,20,Viet Nam,3,Both,22,All ages,495,Ischemic stroke,3,Rate,2022,1046.81607008336,1105.29822343911,993.4093897188899
1,All Population,5,Prevalence,35,Georgia,3,Both,22,All ages,495,Ischemic stroke,3,Rate,2022,1304.46093052321,1406.91132342591,1214.40361203606
1,All Population,5,Prevalence,50,Montenegro,3,Both,22,All ages,495,Ischemic stroke,3,Rate,2022,1195.68045793035,1282.93664574321,1098.36384548504
1,All Population,5,Prevalence,67,Japan,3,Both,22,All ages,495,Ischemic stroke,3,Rate,2022,1848.71655970768,2088.1915319844397,1618.4969142205598
1,All Population,5,Prevalence,305,Bermuda,3,Both,22,All ages,495,Ischemic stroke,3,Rate,2021,1100.97111090008,1156.18100863917,1050.00084121461
1,All Population,5,Prevalence,34,Azerbaijan,3,Both,22,All ages,495,Ischemic stroke,3,Rate,2021,591.6009150274999,626.3874964221201,557.0913902293
1,All Population,5,Prevalence,151,Qatar,3,Both,22,All ages,495,Ischemic stroke,3,Rate,2021,582.5255118426701,622.20926845148,546.49502690877
1,All Population,5,Prevalence,92,Spain,3,Both,22,All ages,495,Ischemic stroke,3,Rate,2021,1348.76199958,1393.26901341328,1304.91911053257
1,All Population,5,Prevalence,19,Timor-Leste,3,Both,22,All ages,495,Ischemic stroke,3,Rate,2021,610.4020600911,643.49839134078,576.9572723641601
1,All Population,5,Prevalence,204,Chad,3,Both,22,All ages,495,Ischemic stroke,3,Rate,2021,417.26382480394,438.65399844361,397.73690633562
1,All Population,5,Prevalence,164,Nepal,3,Both,22,All ages,495,Ischemic stroke,3,Rate,2020,619.0840904767999,651.92547871765,587.93438955425
1,All Population,5,Prevalence,101,Canada,3,Both,22,All ages,495,Ischemic stroke,3,Rate,2021,1534.32128596024,1592.51132727182,1479.68641981613
1,All Population,5,Prevalence,60,Lithuania,3,Both,22,All ages,495,Ischemic stroke,3,Rate,2021,1557.60503700463,1686.62777474048,1437.40302059755
1,All Population,5,Prevalence,126,Costa Rica,3,Both,22,All ages,495,Ischemic stroke,3,Rate,2021,598.10637420174,627.67085262455,572.20689478737
1,All Population,5,Prevalence,298,American Samoa,3,Both,22,All ages,495,Ischemic stroke,3,Rate,2021,671.87849825319,702.89175796394,642.31970511609
1,All Population,5,Prevalence,198,Zimbabwe,3,Both,22,All ages,495,Ischemic stroke,3,Rate,2021,450.15891409045,475.59228161336,425.55913852741
1,All Population,5,Prevalence,123,Peru,3,Both,22,All ages,495,Ischemic stroke,3,Rate,2021,601.28821401891,629.76827489571,571.83855022197
1,All Population,5,Prevalence,63,Ukraine,3,Both,22,All ages,495,Ischemic stroke,3,Rate,2021,1548.2762470135801,1747.8592776259302,1381.92159778489
1,All Population,5,Prevalence,7,Democratic People's Republic of Korea,3,Both,22,All ages,495,Ischemic stroke,3,Rate,2022,1294.89663029454,1381.64647918898,1207.50663917431
1,All Population,5,Prevalence,46,Croatia,3,Both,22,All ages,495,Ischemic stroke,3,Rate,2021,1395.87007138645,1475.78833033582,1311.99098545727
1,All Population,5,Prevalence,214,Nigeria,3,Both,22,All ages,495,Ischemic stroke,3,Rate,2021,467.66135785637,520.31257118421,416.1904253043
1,All Population,5,Prevalence,162,Bhutan,3,Both,22,All ages,495,Ischemic stroke,3,Rate,2021,570.57115249056,605.59966197644,538.2844077378099
1,All Population,5,Prevalence,191,Zambia,3,Both,22,All ages,495,Ischemic stroke,3,Rate,2021,360.73339199565004,379.08636835078,343.27529243528
1,All Population,5,Prevalence,115,Jamaica,3,Both,22,All ages,495,Ischemic stroke,3,Rate,2021,813.5514132984399,850.54911648324,773.22848125699
1,All Population,5,Prevalence,57,Belarus,3,Both,22,All ages,495,Ischemic stroke,3,Rate,2020,1384.5928287742001,1463.22349105643,1307.75409940019
1,All Population,5,Prevalence,175,Burundi,3,Both,22,All ages,495,Ischemic stroke,3,Rate,2021,367.64655799802,386.52302998945004,348.75015034768
1,All Population,5,Prevalence,128,Guatemala,3,Both,22,All ages,495,Ischemic stroke,3,Rate,2021,341.15443836957,357.54944218326,323.96005476781
1,All Population,5,Prevalence,91,Portugal,3,Both,22,All ages,495,Ischemic stroke,3,Rate,2021,1495.66294233949,1554.37553292409,1426.64850526083
1,All Population,5,Prevalence,522,Sudan,3,Both,22,All ages,495,Ischemic stroke,3,Rate,2021,762.4093623480701,802.35053269711,722.737939095
1,All Population,5,Prevalence,114,Haiti,3,Both,22,All ages,495,Ischemic stroke,3,Rate,2022,510.20168671539,545.52476412569,480.30125014987
1,All Population,5,Prevalence,385,Puerto Rico,3,Both,22,All ages,495,Ischemic stroke,3,Rate,2021,1129.94315350444,1178.96032276644,1075.54198716105
1,All Population,5,Prevalence,108,Belize,3,Both,22,All ages,495,Ischemic stroke,3,Rate,2021,456.07583673336,476.68595700373004,434.51966034585
1,All Population,5,Prevalence,116,Saint Lucia,3,Both,22,All ages,495,Ischemic stroke,3,Rate,2021,1022.8431769858901,1092.15226570104,956.6862722315999
1,All Population,5,Prevalence,215,Sao Tome and Principe,3,Both,22,All ages,495,Ischemic stroke,3,Rate,2021,685.88676328246,718.90702519203,649.8296783242699
1,All Population,5,Prevalence,206,Gambia,3,Both,22,All ages,495,Ischemic stroke,3,Rate,2021,654.61430247294,687.17962320731,622.42016818999
1,All Population,5,Prevalence,177,Djibouti,3,Both,22,All ages,495,Ischemic stroke,3,Rate,2020,488.95995058475995,512.84270534296,465.19332908064
1,All Population,5,Prevalence,143,Iraq,3,Both,22,All ages,495,Ischemic stroke,3,Rate,2021,743.08652317138,780.87031740965,708.5185404574
1,All Population,5,Prevalence,14,Maldives,3,Both,22,All ages,495,Ischemic stroke,3,Rate,2021,556.28784023039,584.74842935216,528.23156174014
1,All Population,5,Prevalence,171,Democratic Republic of the Congo,3,Both,22,All ages,495,Ischemic stroke,3,Rate,2021,420.50553689887,443.62568066716,396.86984545303
1,All Population,5,Prevalence,82,Greece,3,Both,22,All ages,495,Ischemic stroke,3,Rate,2022,1391.27974623363,1459.38804038811,1309.6463918553102
1,All Population,5,Prevalence,127,El Salvador,3,Both,22,All ages,495,Ischemic stroke,3,Rate,2022,511.17760352628,540.42880100281,483.74344625170005
1,All Population,5,Prevalence,97,Argentina,3,Both,22,All ages,495,Ischemic stroke,3,Rate,2022,497.80976418822996,522.92064892522,466.94971090840005
1,All Population,5,Prevalence,79,Finland,3,Both,22,All ages,495,Ischemic stroke,3,Rate,2021,1606.34213832795,1687.7191408029998,1519.44773073328
1,All Population,5,Prevalence,380,Palau,3,Both,22,All ages,495,Ischemic stroke,3,Rate,2021,1165.1493422861301,1218.6562489566,1117.5118297128602
1,All Population,5,Prevalence,139,Algeria,3,Both,22,All ages,495,Ischemic stroke,3,Rate,2021,670.45473977833,705.79731813379,635.6671722278099
1,All Population,5,Prevalence,210,Liberia,3,Both,22,All ages,495,Ischemic stroke,3,Rate,2020,580.90634243027,612.0389547303,548.88594833077
1,All Population,5,Prevalence,210,Liberia,3,Both,22,All ages,495,Ischemic stroke,3,Rate,2021,583.1209637914,613.23581892611,551.3860427313
1,All Population,5,Prevalence,131,Nicaragua,3,Both,22,All ages,495,Ischemic stroke,3,Rate,2021,457.79778786792997,480.71110949487996,435.38391114871996
1,All Population,5,Prevalence,160,Afghanistan,3,Both,22,All ages,495,Ischemic stroke,3,Rate,2021,515.17144192286,542.2517839292,490.29588836901996
1,All Population,5,Prevalence,47,Czechia,3,Both,22,All ages,495,Ischemic stroke,3,Rate,2021,1260.6615557809998,1331.1236750442001,1198.88390004828
1,All Population,5,Prevalence,107,Barbados,3,Both,22,All ages,495,Ischemic stroke,3,Rate,2021,1171.29421344446,1225.80432566618,1115.9131520958101
1,All Population,5,Prevalence,351,Guam,3,Both,22,All ages,495,Ischemic stroke,3,Rate,2021,922.51954207107,965.58634907805,886.90939899917
1,All Population,5,Prevalence,61,Republic of Moldova,3,Both,22,All ages,495,Ischemic stroke,3,Rate,2021,1189.71177202942,1250.9759700448099,1125.10290907881
1,All Population,5,Prevalence,184,Mozambique,3,Both,22,All ages,495,Ischemic stroke,3,Rate,2021,475.58582213932,500.83597272594994,448.09277430295
1,All Population,5,Prevalence,8,Taiwan,3,Both,22,All ages,495,Ischemic stroke,3,Rate,2021,1013.42613872167,1061.3376443782,969.25823087872
1,All Population,5,Prevalence,24,Marshall Islands,3,Both,22,All ages,495,Ischemic stroke,3,Rate,2021,572.89390894846,600.5046353996399,548.24955392191
1,All Population,5,Prevalence,144,Jordan,3,Both,22,All ages,495,Ischemic stroke,3,Rate,2022,620.7065182387,657.9553504898,588.7008936896
1,All Population,5,Prevalence,112,Grenada,3,Both,22,All ages,495,Ischemic stroke,3,Rate,2022,1215.5989921661799,1288.62937147645,1151.11784742968
1,All Population,5,Prevalence,161,Bangladesh,3,Both,22,All ages,495,Ischemic stroke,3,Rate,2022,578.25395183043,613.27906009212,542.74625328096
1,All Population,5,Prevalence,119,Trinidad and Tobago,3,Both,22,All ages,495,Ischemic stroke,3,Rate,2020,1024.6776610172,1087.6781156157201,967.0270653654899
1,All Population,5,Prevalence,152,Saudi Arabia,3,Both,22,All ages,495,Ischemic stroke,3,Rate,2021,517.23052390953,545.80567570334,492.01915301669
1,All Population,5,Prevalence,205,Côte d'Ivoire,3,Both,22,All ages,495,Ischemic stroke,3,Rate,2022,525.51798962356,553.90208778409,499.88647348960006
1,All Population,5,Prevalence,148,Morocco,3,Both,22,All ages,495,Ischemic stroke,3,Rate,2021,764.60531706289,808.67867039719,727.23476631447
1,All Population,5,Prevalence,209,Guinea-Bissau,3,Both,22,All ages,495,Ischemic stroke,3,Rate,2022,541.83112220488,569.42787923454,510.62461127598
1,All Population,5,Prevalence,213,Niger,3,Both,22,All ages,495,Ischemic stroke,3,Rate,2021,417.81540608688005,438.27219057455005,397.51856148305995
1,All Population,5,Prevalence,374,Niue,3,Both,22,All ages,495,Ischemic stroke,3,Rate,2021,1203.39178201636,1266.67958994172,1140.40812373957
1,All Population,5,Prevalence,33,Armenia,3,Both,22,All ages,495,Ischemic stroke,3,Rate,2021,956.19600938494,1000.51785944586,913.68387217283
1,All Population,5,Prevalence,201,Burkina Faso,3,Both,22,All ages,495,Ischemic stroke,3,Rate,2021,449.32698093128005,472.3710188201,425.87445173693004
1,All Population,5,Prevalence,170,Congo,3,Both,22,All ages,495,Ischemic stroke,3,Rate,2021,465.31551435975,488.66078546655996,441.74056326333
1,All Population,5,Prevalence,125,Colombia,3,Both,22,All ages,495,Ischemic stroke,3,Rate,2021,612.81885766812,640.001149992,582.8495132102399
1,All Population,5,Prevalence,190,Uganda,3,Both,22,All ages,495,Ischemic stroke,3,Rate,2022,352.04738256653997,373.22057053951,328.63613606433
1,All Population,5,Prevalence,176,Comoros,3,Both,22,All ages,495,Ischemic stroke,3,Rate,2022,638.99345210742,677.10207124123,593.99737849668
1,All Population,5,Prevalence,209,Guinea-Bissau,3,Both,22,All ages,495,Ischemic stroke,3,Rate,2021,540.47788286734,567.76975876162,514.2152186611399
1,All Population,5,Prevalence,320,Cook Islands,3,Both,22,All ages,495,Ischemic stroke,3,Rate,2021,987.9767767449899,1031.35275638987,946.37496765148
1,All Population,5,Prevalence,200,Benin,3,Both,22,All ages,495,Ischemic stroke,3,Rate,2021,465.50633643982997,488.56231739289,442.14758713108
1,All Population,5,Prevalence,59,Latvia,3,Both,22,All ages,495,Ischemic stroke,3,Rate,2022,1510.17553391224,1612.42356392951,1415.86688537881
1,All Population,5,Prevalence,94,Switzerland,3,Both,22,All ages,495,Ischemic stroke,3,Rate,2021,883.24249188582,925.13952095255,839.48008089059
1,All Population,5,Prevalence,183,Mauritius,3,Both,22,All ages,495,Ischemic stroke,3,Rate,2021,1182.79648375838,1229.95196442299,1132.61392491571
1,All Population,5,Prevalence,44,Bosnia and Herzegovina,3,Both,22,All ages,495,Ischemic stroke,3,Rate,2022,1688.78907152087,1790.10386186023,1595.16939770467
1,All Population,5,Prevalence,76,Belgium,3,Both,22,All ages,495,Ischemic stroke,3,Rate,2021,1049.35596315698,1091.04686389025,1006.80819014347
1,All Population,5,Prevalence,367,Monaco,3,Both,22,All ages,495,Ischemic stroke,3,Rate,2022,1482.97338585533,1575.8605649380902,1385.52091825548
1,All Population,5,Prevalence,25,Micronesia (Federated States of),3,Both,22,All ages,495,Ischemic stroke,3,Rate,2021,742.4966232915699,776.26955943138,709.86818231866
1,All Population,5,Prevalence,38,Mongolia,3,Both,22,All ages,495,Ischemic stroke,3,Rate,2021,383.86295184026,405.52988551839996,362.63200712504
1,All Population,5,Prevalence,66,Brunei Darussalam,3,Both,22,All ages,495,Ischemic stroke,3,Rate,2021,629.38210167725,658.64309478631,600.69744174146
1,All Population,5,Prevalence,53,Serbia,3,Both,22,All ages,495,Ischemic stroke,3,Rate,2021,1378.40710182404,1465.1833490785,1303.26484960743
1,All Population,5,Prevalence,71,Australia,3,Both,22,All ages,495,Ischemic stroke,3,Rate,2021,961.78806085331,999.84411843829,919.22046114273
1,All Population,5,Prevalence,435,South Sudan,3,Both,22,All ages,495,Ischemic stroke,3,Rate,2022,399.87825162685004,422.76049708821,376.98086902662
1,All Population,5,Prevalence,13,Malaysia,3,Both,22,All ages,495,Ischemic stroke,3,Rate,2022,897.5999344235199,945.52633819082,855.3029323145901
1,All Population,5,Prevalence,165,Pakistan,3,Both,22,All ages,495,Ischemic stroke,3,Rate,2021,509.40770934466,574.6195990087,449.7913090565
1,All Population,5,Prevalence,74,Andorra,3,Both,22,All ages,495,Ischemic stroke,3,Rate,2022,974.81539919183,1037.48096597099,921.37743954894
1,All Population,5,Prevalence,218,Togo,3,Both,22,All ages,495,Ischemic stroke,3,Rate,2021,651.39671038808,685.89929429179,620.25520472802
1,All Population,5,Prevalence,153,Syrian Arab Republic,3,Both,22,All ages,495,Ischemic stroke,3,Rate,2021,713.6175335553601,748.57197110068,681.6211807485901
1,All Population,5,Prevalence,349,Greenland,3,Both,22,All ages,495,Ischemic stroke,3,Rate,2021,1260.1302561064201,1319.7920054094,1204.0864449522
1,All Population,5,Prevalence,34,Azerbaijan,3,Both,22,All ages,495,Ischemic stroke,3,Rate,2022,594.79356400956,631.05975854186,558.02099467071
1,All Population,5,Prevalence,58,Estonia,3,Both,22,All ages,495,Ischemic stroke,3,Rate,2022,1076.02312775221,1142.3101421190202,1017.87023258138
1,All Population,5,Prevalence,217,Sierra Leone,3,Both,22,All ages,495,Ischemic stroke,3,Rate,2021,550.10389400998,577.78621085145,522.21129327784
1,All Population,5,Prevalence,140,Bahrain,3,Both,22,All ages,495,Ischemic stroke,3,Rate,2021,602.66355027373,637.3143379616,571.83001357832
1,All Population,5,Prevalence,102,United States of America,3,Both,22,All ages,495,Ischemic stroke,3,Rate,2021,1926.34726934587,2054.26419035666,1801.8927568278598
1,All Population,5,Prevalence,83,Iceland,3,Both,22,All ages,495,Ischemic stroke,3,Rate,2021,830.9120131011399,869.14154787331,787.54542306458
1,All Population,5,Prevalence,72,New Zealand,3,Both,22,All ages,495,Ischemic stroke,3,Rate,2021,972.44679218973,1076.05352385048,875.7216323061499
1,All Population,5,Prevalence,28,Solomon Islands,3,Both,22,All ages,495,Ischemic stroke,3,Rate,2022,500.1209072178,530.50592405503,472.02460072983
1,All Population,5,Prevalence,130,Mexico,3,Both,22,All ages,495,Ischemic stroke,3,Rate,2021,573.14390226668,634.57913686634,515.35437955545
1,All Population,5,Prevalence,37,Kyrgyzstan,3,Both,22,All ages,495,Ischemic stroke,3,Rate,2022,601.76509410978,633.8423440136,567.0897631179901
1,All Population,5,Prevalence,116,Saint Lucia,3,Both,22,All ages,495,Ischemic stroke,3,Rate,2022,1037.60421177464,1121.8236673660301,956.18708157082
1,All Population,5,Prevalence,52,Romania,3,Both,22,All ages,495,Ischemic stroke,3,Rate,2022,1385.81941422869,1480.07213326029,1298.43317281894
1,All Population,5,Prevalence,69,Singapore,3,Both,22,All ages,495,Ischemic stroke,3,Rate,2022,1276.77323601714,1310.54519848766,1244.731985771
1,All Population,5,Prevalence,118,Suriname,3,Both,22,All ages,495,Ischemic stroke,3,Rate,2021,858.4301592812,904.65715652854,814.2903137947201
1,All Population,5,Prevalence,12,Lao People's Democratic Republic,3,Both,22,All ages,495,Ischemic stroke,3,Rate,2022,598.84609324139,643.1930431242499,564.31964865538
1,All Population,5,Prevalence,27,Samoa,3,Both,22,All ages,495,Ischemic stroke,3,Rate,2022,707.49102913722,744.4295942634,667.28419898867
1,All Population,5,Prevalence,33,Armenia,3,Both,22,All ages,495,Ischemic stroke,3,Rate,2022,971.7512929575701,1021.84341877333,923.12355612691
1,All Population,5,Prevalence,22,Fiji,3,Both,22,All ages,495,Ischemic stroke,3,Rate,2022,662.18319230515,697.99381759456,629.88798971946
1,All Population,5,Prevalence,146,Lebanon,3,Both,22,All ages,495,Ischemic stroke,3,Rate,2022,604.71117160652,645.54473485085,571.08324086074
1,All Population,5,Prevalence,91,Portugal,3,Both,22,All ages,495,Ischemic stroke,3,Rate,2022,1470.16434617544,1532.8248418457802,1404.42854904138
1,All Population,5,Prevalence,93,Sweden,3,Both,22,All ages,495,Ischemic stroke,3,Rate,2021,1625.9851212551898,1665.767080504,1588.03033507313
1,All Population,5,Prevalence,45,Bulgaria,3,Both,22,All ages,495,Ischemic stroke,3,Rate,2022,2491.4136428054403,2716.46667438315,2275.0258078503402
1,All Population,5,Prevalence,393,Saint Kitts and Nevis,3,Both,22,All ages,495,Ischemic stroke,3,Rate,2021,937.24934405136,992.3375553069001,888.60902349059
1,All Population,5,Prevalence,38,Mongolia,3,Both,22,All ages,495,Ischemic stroke,3,Rate,2022,380.5489052635,404.72596930616004,357.43185101508
1,All Population,5,Prevalence,117,Saint Vincent and the Grenadines,3,Both,22,All ages,495,Ischemic stroke,3,Rate,2021,1014.0315487278799,1070.88600622069,962.8109607984201
1,All Population,5,Prevalence,164,Nepal,3,Both,22,All ages,495,Ischemic stroke,3,Rate,2021,629.1581506709899,661.48813530392,596.06840752282
1,All Population,5,Prevalence,193,Botswana,3,Both,22,All ages,495,Ischemic stroke,3,Rate,2021,422.52836100853,450.75972296374,396.01788440027997
1,All Population,5,Prevalence,105,Antigua and Barbuda,3,Both,22,All ages,495,Ischemic stroke,3,Rate,2022,804.1543192773399,845.8207292453101,758.61213883347
1,All Population,5,Prevalence,75,Austria,3,Both,22,All ages,495,Ischemic stroke,3,Rate,2022,1548.9395982912401,1615.82139742553,1484.99621616783
1,All Population,5,Prevalence,126,Costa Rica,3,Both,22,All ages,495,Ischemic stroke,3,Rate,2022,608.42594515188,644.85738767174,579.04680718876
1,All Population,5,Prevalence,79,Finland,3,Both,22,All ages,495,Ischemic stroke,3,Rate,2022,1509.50364885186,1584.1800205056902,1435.48767329669
1,All Population,5,Prevalence,141,Egypt,3,Both,22,All ages,495,Ischemic stroke,3,Rate,2021,769.88760851372,803.41679882496,733.81284045425
1,All Population,5,Prevalence,129,Honduras,3,Both,22,All ages,495,Ischemic stroke,3,Rate,2022,503.77871121194,531.89793806606,474.29728194907
1,All Population,5,Prevalence,36,Kazakhstan,3,Both,22,All ages,495,Ischemic stroke,3,Rate,2022,774.197045086,815.3052007428,731.86850513544
1,All Population,5,Prevalence,179,Ethiopia,3,Both,22,All ages,495,Ischemic stroke,3,Rate,2020,282.19839455238,315.31697128317,250.82257091124998
1,All Population,5,Prevalence,151,Qatar,3,Both,22,All ages,495,Ischemic stroke,3,Rate,2022,582.1856957664199,625.03759592168,543.6396238495499
1,All Population,5,Prevalence,48,Hungary,3,Both,22,All ages,495,Ischemic stroke,3,Rate,2021,1496.00428492155,1576.57825088254,1422.27867876717
1,All Population,5,Prevalence,396,San Marino,3,Both,22,All ages,495,Ischemic stroke,3,Rate,2021,1468.74271635672,1543.7701665323,1397.86312409235
1,All Population,5,Prevalence,140,Bahrain,3,Both,22,All ages,495,Ischemic stroke,3,Rate,2022,610.5185573833,652.64826315071,575.72949659683
1,All Population,5,Prevalence,168,Angola,3,Both,22,All ages,495,Ischemic stroke,3,Rate,2022,338.26399690312996,360.09429714058,319.45190680166
1,All Population,5,Prevalence,106,Bahamas,3,Both,22,All ages,495,Ischemic stroke,3,Rate,2022,610.8747131356199,641.18118443103,580.54173435712
1,All Population,5,Prevalence,84,Ireland,3,Both,22,All ages,495,Ischemic stroke,3,Rate,2022,653.93115852068,695.58316673094,615.07889702335
1,All Population,5,Prevalence,163,India,3,Both,22,All ages,495,Ischemic stroke,3,Rate,2022,657.68522428935,740.2520400923801,571.52182140358
1,All Population,5,Prevalence,99,Uruguay,3,Both,22,All ages,495,Ischemic stroke,3,Rate,2022,799.9151602323,844.4897954557899,752.6789978617501
1,All Population,5,Prevalence,139,Algeria,3,Both,22,All ages,495,Ischemic stroke,3,Rate,2022,676.72917878935,718.15193343313,639.56568067082
1,All Population,5,Prevalence,122,Ecuador,3,Both,22,All ages,495,Ischemic stroke,3,Rate,2022,617.85981082961,654.92000769931,583.2025759908701
1,All Population,5,Prevalence,49,North Macedonia,3,Both,22,All ages,495,Ischemic stroke,3,Rate,2021,1870.82073104256,1966.15651745925,1772.57668437001
1,All Population,5,Prevalence,150,Oman,3,Both,22,All ages,495,Ischemic stroke,3,Rate,2022,516.73971545602,549.70810542408,486.76931308028
1,All Population,5,Prevalence,80,France,3,Both,22,All ages,495,Ischemic stroke,3,Rate,2022,1169.80198752931,1220.9890467114599,1120.58883272862
1,All Population,5,Prevalence,92,Spain,3,Both,22,All ages,495,Ischemic stroke,3,Rate,2022,1331.1634319213802,1378.0356320670498,1284.1023184093701
1,All Population,5,Prevalence,186,Seychelles,3,Both,22,All ages,495,Ischemic stroke,3,Rate,2021,1010.13537522776,1062.43643255684,964.42110514501
1,All Population,5,Prevalence,154,Tunisia,3,Both,22,All ages,495,Ischemic stroke,3,Rate,2021,670.77753483572,707.2001322702799,638.75839885954
1,All Population,5,Prevalence,136,Paraguay,3,Both,22,All ages,495,Ischemic stroke,3,Rate,2022,658.57925150297,694.25506894575,627.7927242406
1,All Population,5,Prevalence,23,Kiribati,3,Both,22,All ages,495,Ischemic stroke,3,Rate,2022,686.89072283601,721.45214505761,652.44610497008
1,All Population,5,Prevalence,145,Kuwait,3,Both,22,All ages,495,Ischemic stroke,3,Rate,2021,741.99569353278,777.77458553293,703.2661410000201
1,All Population,5,Prevalence,66,Brunei Darussalam,3,Both,22,All ages,495,Ischemic stroke,3,Rate,2022,649.24024042774,686.41906306261,616.33937548277
1,All Population,5,Prevalence,51,Poland,3,Both,22,All ages,495,Ischemic stroke,3,Rate,2022,1209.9706591867,1385.9702551724,1078.87539394643
1,All Population,5,Prevalence,81,Germany,3,Both,22,All ages,495,Ischemic stroke,3,Rate,2022,2236.34552253722,2312.47493641517,2164.98282272596
1,All Population,5,Prevalence,26,Papua New Guinea,3,Both,22,All ages,495,Ischemic stroke,3,Rate,2021,385.86481057629,405.14223121874,366.63716962881
1,All Population,5,Prevalence,207,Ghana,3,Both,22,All ages,495,Ischemic stroke,3,Rate,2022,747.95568338238,794.4717473014199,708.78734998126
1,All Population,5,Prevalence,121,Bolivia (Plurinational State of),3,Both,22,All ages,495,Ischemic stroke,3,Rate,2022,511.26573417654004,543.1782921179,484.05411527891005
1,All Population,5,Prevalence,15,Myanmar,3,Both,22,All ages,495,Ischemic stroke,3,Rate,2022,868.21699376361,911.30716827705,822.5823181985601
1,All Population,5,Prevalence,7,Democratic People's Republic of Korea,3,Both,22,All ages,495,Ischemic stroke,3,Rate,2023,1318.46528002222,1408.80196710288,1233.59578493311
1,All Population,5,Prevalence,20,Viet Nam,3,Both,22,All ages,495,Ischemic stroke,3,Rate,2023,1074.04054818307,1130.85395828225,1022.16483231488
1,All Population,5,Prevalence,178,Eritrea,3,Both,22,All ages,495,Ischemic stroke,3,Rate,2022,462.7923329897,490.64307692804,435.00320949620004
1,All Population,5,Prevalence,211,Mali,3,Both,22,All ages,495,Ischemic stroke,3,Rate,2022,443.66684403512005,467.13425156945004,420.32835020998
1,All Population,5,Prevalence,6,China,3,Both,22,All ages,495,Ischemic stroke,3,Rate,2022,1441.9776280988,1619.2769741815698,1256.98838571091
1,All Population,5,Prevalence,177,Djibouti,3,Both,22,All ages,495,Ischemic stroke,3,Rate,2021,492.76939178406997,517.31398306098,467.29490243055005
1,All Population,5,Prevalence,208,Guinea,3,Both,22,All ages,495,Ischemic stroke,3,Rate,2021,537.13898552781,563.2601740831,512.14985759241
1,All Population,5,Prevalence,128,Guatemala,3,Both,22,All ages,495,Ischemic stroke,3,Rate,2022,343.09857317259,361.81812819794004,324.67543889849
1,All Population,5,Prevalence,185,Rwanda,3,Both,22,All ages,495,Ischemic stroke,3,Rate,2022,420.56479575918996,442.70342561871996,397.24473988768
1,All Population,5,Prevalence,181,Madagascar,3,Both,22,All ages,495,Ischemic stroke,3,Rate,2022,548.8066924123899,579.83537563535,516.50703743445
1,All Population,5,Prevalence,194,Lesotho,3,Both,22,All ages,495,Ischemic stroke,3,Rate,2022,479.41708049342003,516.22605156568,445.05129276888
1,All Population,5,Prevalence,172,Equatorial Guinea,3,Both,22,All ages,495,Ischemic stroke,3,Rate,2021,287.73217424605,303.94727765422,271.54369242525
1,All Population,5,Prevalence,201,Burkina Faso,3,Both,22,All ages,495,Ischemic stroke,3,Rate,2022,446.02841860383006,468.18616107332997,419.5384765697
1,All Population,5,Prevalence,305,Bermuda,3,Both,22,All ages,495,Ischemic stroke,3,Rate,2022,1093.9930961444,1149.9484892134599,1037.76605699418
1,All Population,5,Prevalence,26,Papua New Guinea,3,Both,22,All ages,495,Ischemic stroke,3,Rate,2023,394.39852583668994,419.36672167060004,370.88333939938997
1,All Population,5,Prevalence,50,Montenegro,3,Both,22,All ages,495,Ischemic stroke,3,Rate,2023,1203.44103958229,1283.15773673095,1115.18279252964
1,All Population,5,Prevalence,30,Vanuatu,3,Both,22,All ages,495,Ischemic stroke,3,Rate,2022,724.39595512442,765.99411984141,689.4626450370499
1,All Population,5,Prevalence,202,Cameroon,3,Both,22,All ages,495,Ischemic stroke,3,Rate,2021,491.37581383687996,514.72061970681,467.56591183677
1,All Population,5,Prevalence,214,Nigeria,3,Both,22,All ages,495,Ischemic stroke,3,Rate,2022,468.67777402299004,524.21211298553,416.26958689055
1,All Population,5,Prevalence,153,Syrian Arab Republic,3,Both,22,All ages,495,Ischemic stroke,3,Rate,2022,726.2459656378,765.7611934809199,688.43207839321
1,All Population,5,Prevalence,212,Mauritania,3,Both,22,All ages,495,Ischemic stroke,3,Rate,2020,626.45715600835,659.9620039347,596.48383422949
1,All Population,5,Prevalence,85,Israel,3,Both,22,All ages,495,Ischemic stroke,3,Rate,2022,702.63203798151,745.83912208564,665.19964721773
1,All Population,5,Prevalence,113,Guyana,3,Both,22,All ages,495,Ischemic stroke,3,Rate,2022,696.56604204491,734.7717871396101,660.14072369625
1,All Population,5,Prevalence,212,Mauritania,3,Both,22,All ages,495,Ischemic stroke,3,Rate,2021,623.44335755962,656.59780878247,594.2522215984601
1,All Population,5,Prevalence,43,Albania,3,Both,22,All ages,495,Ischemic stroke,3,Rate,2022,994.54095965855,1056.1034317488,920.52804968034
1,All Population,5,Prevalence,170,Congo,3,Both,22,All ages,495,Ischemic stroke,3,Rate,2022,466.29774193697995,493.28449492501,442.19068366250997
1,All Population,5,Prevalence,393,Saint Kitts and Nevis,3,Both,22,All ages,495,Ischemic stroke,3,Rate,2022,944.6690148254,1000.0872542380799,888.02145793525
1,All Population,5,Prevalence,396,San Marino,3,Both,22,All ages,495,Ischemic stroke,3,Rate,2022,1446.62976016471,1528.55927212513,1373.5541898514
1,All Population,5,Prevalence,320,Cook Islands,3,Both,22,All ages,495,Ischemic stroke,3,Rate,2022,990.5711329231501,1036.8989445597601,947.20292256646
1,All Population,5,Prevalence,98,Chile,3,Both,22,All ages,495,Ischemic stroke,3,Rate,2022,837.62759922682,884.8053411192001,792.95586457288
1,All Population,5,Prevalence,369,Nauru,3,Both,22,All ages,495,Ischemic stroke,3,Rate,2021,527.84931561042,550.81642642495,503.27404651986996
1,All Population,5,Prevalence,145,Kuwait,3,Both,22,All ages,495,Ischemic stroke,3,Rate,2022,747.2351862173799,789.40558404847,705.17334210793
1,All Population,5,Prevalence,182,Malawi,3,Both,22,All ages,495,Ischemic stroke,3,Rate,2022,384.9274548828,407.06980530121,362.18132692744
1,All Population,5,Prevalence,413,Tokelau,3,Both,22,All ages,495,Ischemic stroke,3,Rate,2021,945.46874985173,999.71141181768,889.3325044734701
1,All Population,5,Prevalence,60,Lithuania,3,Both,22,All ages,495,Ischemic stroke,3,Rate,2022,1553.5094544559,1649.53026844075,1444.77360373768
1,All Population,5,Prevalence,186,Seychelles,3,Both,22,All ages,495,Ischemic stroke,3,Rate,2022,1021.60148286814,1081.68098329845,963.0933055400101
1,All Population,5,Prevalence,522,Sudan,3,Both,22,All ages,495,Ischemic stroke,3,Rate,2022,771.5202247575,813.82896727322,729.86250023651
1,All Population,5,Prevalence,198,Zimbabwe,3,Both,22,All ages,495,Ischemic stroke,3,Rate,2022,449.24671051154,476.78272702137997,425.31566187558
1,All Population,5,Prevalence,155,Türkiye,3,Both,22,All ages,495,Ischemic stroke,3,Rate,2021,645.99573789022,679.85047722472,615.5280674796301
1,All Population,5,Prevalence,203,Cabo Verde,3,Both,22,All ages,495,Ischemic stroke,3,Rate,2021,1000.79736785835,1052.13242458902,950.80740528482
1,All Population,5,Prevalence,78,Denmark,3,Both,22,All ages,495,Ischemic stroke,3,Rate,2021,1117.7623693668,1165.17046471497,1065.18133393699
1,All Population,5,Prevalence,47,Czechia,3,Both,22,All ages,495,Ischemic stroke,3,Rate,2022,1191.69793109667,1257.80999571959,1129.07200438326
1,All Population,5,Prevalence,211,Mali,3,Both,22,All ages,495,Ischemic stroke,3,Rate,2021,446.69971126800004,469.20808326930995,424.41940914664
1,All Population,5,Prevalence,86,Italy,3,Both,22,All ages,495,Ischemic stroke,3,Rate,2023,1123.06159215522,1262.79563733606,976.2318879657599
1,All Population,5,Prevalence,97,Argentina,3,Both,22,All ages,495,Ischemic stroke,3,Rate,2023,504.81797260838,535.90045918279,475.44082345266
1,All Population,5,Prevalence,112,Grenada,3,Both,22,All ages,495,Ischemic stroke,3,Rate,2023,1237.04831054427,1302.43210603308,1164.87655370126
1,All Population,5,Prevalence,374,Niue,3,Both,22,All ages,495,Ischemic stroke,3,Rate,2022,1207.22808801881,1279.36610256222,1141.9823481859
1,All Population,5,Prevalence,298,American Samoa,3,Both,22,All ages,495,Ischemic stroke,3,Rate,2022,689.076410961,725.77899409911,654.54105992089
1,All Population,5,Prevalence,213,Niger,3,Both,22,All ages,495,Ischemic stroke,3,Rate,2022,416.35621117284,439.15736208524,392.39591534758
1,All Population,5,Prevalence,107,Barbados,3,Both,22,All ages,495,Ischemic stroke,3,Rate,2022,1175.72544771799,1237.50373404168,1117.3490665577299
1,All Population,5,Prevalence,132,Panama,3,Both,22,All ages,495,Ischemic stroke,3,Rate,2022,670.49028822374,708.52130893897,637.7240290644
1,All Population,5,Prevalence,169,Central African Republic,3,Both,22,All ages,495,Ischemic stroke,3,Rate,2022,435.35363079768,461.86201264961005,410.31979350556
1,All Population,5,Prevalence,61,Republic of Moldova,3,Both,22,All ages,495,Ischemic stroke,3,Rate,2022,1174.85801720742,1242.02614373121,1104.47949418939
1,All Population,5,Prevalence,77,Cyprus,3,Both,22,All ages,495,Ischemic stroke,3,Rate,2022,669.5054856335499,711.38718925048,631.0646099972699
1,All Population,5,Prevalence,142,Iran (Islamic Republic of),3,Both,22,All ages,495,Ischemic stroke,3,Rate,2021,754.45131880909,841.7715446184601,676.06945534638
1,All Population,5,Prevalence,185,Rwanda,3,Both,22,All ages,495,Ischemic stroke,3,Rate,2021,416.67658307064,438.28101759265,395.09723938172993
1,All Population,5,Prevalence,55,Slovenia,3,Both,22,All ages,495,Ischemic stroke,3,Rate,2021,911.3595144154499,955.88893342331,865.68954222566
1,All Population,5,Prevalence,76,Belgium,3,Both,22,All ages,495,Ischemic stroke,3,Rate,2022,1024.2417917462399,1071.97205929426,969.86037710071
1,All Population,5,Prevalence,173,Gabon,3,Both,22,All ages,495,Ischemic stroke,3,Rate,2022,543.2077316215799,575.99776964901,510.95963431966
1,All Population,5,Prevalence,160,Afghanistan,3,Both,22,All ages,495,Ischemic stroke,3,Rate,2022,522.50132393751,550.45562135643,495.63401665483
1,All Population,5,Prevalence,40,Turkmenistan,3,Both,22,All ages,495,Ischemic stroke,3,Rate,2021,882.10329775649,925.4040567328301,838.81525374228
1,All Population,5,Prevalence,179,Ethiopia,3,Both,22,All ages,495,Ischemic stroke,3,Rate,2022,278.45010556956,312.87888549609,245.62328735081002
1,All Population,5,Prevalence,82,Greece,3,Both,22,All ages,495,Ischemic stroke,3,Rate,2023,1405.7671970767901,1477.42701569565,1323.4019912453
1,All Population,5,Prevalence,118,Suriname,3,Both,22,All ages,495,Ischemic stroke,3,Rate,2022,872.23356888951,924.28187310737,823.2739522163
1,All Population,5,Prevalence,67,Japan,3,Both,22,All ages,495,Ischemic stroke,3,Rate,2023,1885.74883627745,2128.37583119747,1654.2612447429901
1,All Population,5,Prevalence,127,El Salvador,3,Both,22,All ages,495,Ischemic stroke,3,Rate,2023,520.1819045133,549.75293305978,492.84637569767
1,All Population,5,Prevalence,39,Tajikistan,3,Both,22,All ages,495,Ischemic stroke,3,Rate,2023,489.30944231832996,518.58207432373,463.5181845304
1,All Population,5,Prevalence,131,Nicaragua,3,Both,22,All ages,495,Ischemic stroke,3,Rate,2023,469.06677682688996,494.57315146077,443.48535078547
1,All Population,5,Prevalence,29,Tonga,3,Both,22,All ages,495,Ischemic stroke,3,Rate,2022,594.17058004599,629.77691050121,560.9536180008
1,All Population,5,Prevalence,416,Tuvalu,3,Both,22,All ages,495,Ischemic stroke,3,Rate,2021,856.66581711918,900.8687728601901,815.68205709269
1,All Population,5,Prevalence,14,Maldives,3,Both,22,All ages,495,Ischemic stroke,3,Rate,2022,552.78687137211,584.0778015516801,521.25209705896
1,All Population,5,Prevalence,46,Croatia,3,Both,22,All ages,495,Ischemic stroke,3,Rate,2022,1351.83698888365,1417.9347491741,1266.7770762374898
1,All Population,5,Prevalence,155,Türkiye,3,Both,22,All ages,495,Ischemic stroke,3,Rate,2022,649.02734102375,690.3441821354,615.85906463136
1,All Population,5,Prevalence,90,Norway,3,Both,22,All ages,495,Ischemic stroke,3,Rate,2022,1241.2536514282099,1397.98881048623,1074.71491791977
1,All Population,5,Prevalence,54,Slovakia,3,Both,22,All ages,495,Ischemic stroke,3,Rate,2022,1260.33557954181,1327.37239145526,1189.00207255472
1,All Population,5,Prevalence,161,Bangladesh,3,Both,22,All ages,495,Ischemic stroke,3,Rate,2023,586.4866731646999,622.11075424328,549.9550133868399
1,All Population,5,Prevalence,194,Lesotho,3,Both,22,All ages,495,Ischemic stroke,3,Rate,2023,484.26339434140004,522.48216697239,447.39730152569
1,All Population,5,Prevalence,39,Tajikistan,3,Both,22,All ages,495,Ischemic stroke,3,Rate,2022,482.55538362957,509.59634193082,458.34651672104997
1,All Population,5,Prevalence,144,Jordan,3,Both,22,All ages,495,Ischemic stroke,3,Rate,2023,634.43797414283,668.4829152520799,603.17382611088
1,All Population,5,Prevalence,205,Côte d'Ivoire,3,Both,22,All ages,495,Ischemic stroke,3,Rate,2023,528.35883242806,558.53316135162,503.70862716112003
1,All Population,5,Prevalence,178,Eritrea,3,Both,22,All ages,495,Ischemic stroke,3,Rate,2023,466.29479544084,495.05026243591,435.28619406155
1,All Population,5,Prevalence,176,Comoros,3,Both,22,All ages,495,Ischemic stroke,3,Rate,2023,645.82617077571,689.03827648168,606.44219851405
1,All Population,5,Prevalence,148,Morocco,3,Both,22,All ages,495,Ischemic stroke,3,Rate,2022,766.15686895364,813.04836377217,723.1306449387699
1,All Population,5,Prevalence,71,Australia,3,Both,22,All ages,495,Ischemic stroke,3,Rate,2022,960.0551048259499,1007.89616443508,908.28851321517
1,All Population,5,Prevalence,24,Marshall Islands,3,Both,22,All ages,495,Ischemic stroke,3,Rate,2022,583.91556239937,617.3244418424,555.47030102287
1,All Population,5,Prevalence,206,Gambia,3,Both,22,All ages,495,Ischemic stroke,3,Rate,2022,653.6122032626,688.41904212224,617.50895459013
1,All Population,5,Prevalence,173,Gabon,3,Both,22,All ages,495,Ischemic stroke,3,Rate,2021,543.92505537572,575.4503441276701,515.83711716299
1,All Population,5,Prevalence,85,Israel,3,Both,22,All ages,495,Ischemic stroke,3,Rate,2021,752.80245205207,798.8253436405599,714.48464399483
1,All Population,5,Prevalence,132,Panama,3,Both,22,All ages,495,Ischemic stroke,3,Rate,2021,659.31630775441,689.8174190306,630.68679938409
1,All Population,5,Prevalence,172,Equatorial Guinea,3,Both,22,All ages,495,Ischemic stroke,3,Rate,2022,288.20272291244004,306.00142493912,270.07928908126
1,All Population,5,Prevalence,142,Iran (Islamic Republic of),3,Both,22,All ages,495,Ischemic stroke,3,Rate,2022,768.88426190609,862.22178716618,682.4880910052
1,All Population,5,Prevalence,93,Sweden,3,Both,22,All ages,495,Ischemic stroke,3,Rate,2022,1668.1461486780897,1714.6681801312202,1621.07095704407
1,All Population,5,Prevalence,152,Saudi Arabia,3,Both,22,All ages,495,Ischemic stroke,3,Rate,2022,517.88244867861,550.38806603788,488.9156628537
1,All Population,5,Prevalence,94,Switzerland,3,Both,22,All ages,495,Ischemic stroke,3,Rate,2022,873.0177232302501,922.35344525507,824.6895951655101
1,All Population,5,Prevalence,141,Egypt,3,Both,22,All ages,495,Ischemic stroke,3,Rate,2022,767.23226527475,805.38281916321,730.20127903561
1,All Population,5,Prevalence,119,Trinidad and Tobago,3,Both,22,All ages,495,Ischemic stroke,3,Rate,2021,1030.28290055174,1083.75895054654,978.2326385632799
1,All Population,5,Prevalence,89,Netherlands,3,Both,22,All ages,495,Ischemic stroke,3,Rate,2022,1170.86233680305,1234.40055308671,1100.43869408758
1,All Population,5,Prevalence,95,United Kingdom,3,Both,22,All ages,495,Ischemic stroke,3,Rate,2021,1054.06819937056,1157.51720926651,960.93751407172
1,All Population,5,Prevalence,14,Maldives,3,Both,22,All ages,495,Ischemic stroke,3,Rate,2023,561.3036311524199,592.95041356831,529.6418278303
1,All Population,5,Prevalence,131,Nicaragua,3,Both,22,All ages,495,Ischemic stroke,3,Rate,2022,458.60441518807994,484.20096007126,435.17636979644
1,All Population,5,Prevalence,193,Botswana,3,Both,22,All ages,495,Ischemic stroke,3,Rate,2022,418.28133304679,447.4043250633,388.10969884962
1,All Population,5,Prevalence,369,Nauru,3,Both,22,All ages,495,Ischemic stroke,3,Rate,2022,531.39492443498,556.95585964481,502.3268872709
1,All Population,5,Prevalence,40,Turkmenistan,3,Both,22,All ages,495,Ischemic stroke,3,Rate,2022,884.19849698724,932.68827123939,828.2920103556701
1,All Population,5,Prevalence,189,United Republic of Tanzania,3,Both,22,All ages,495,Ischemic stroke,3,Rate,2021,445.23813859839004,469.61505207908,419.59718093779003
1,All Population,5,Prevalence,135,Brazil,3,Both,22,All ages,495,Ischemic stroke,3,Rate,2022,877.2891950310601,975.90973860653,785.85302599785
1,All Population,5,Prevalence,165,Pakistan,3,Both,22,All ages,495,Ischemic stroke,3,Rate,2022,510.93928125217,578.16875700656,448.94633524485
1,All Population,5,Prevalence,101,Canada,3,Both,22,All ages,495,Ischemic stroke,3,Rate,2022,1530.27836256329,1595.96914012613,1452.17083363824
1,All Population,5,Prevalence,367,Monaco,3,Both,22,All ages,495,Ischemic stroke,3,Rate,2023,1516.50112237814,1612.2128352879,1419.7939193791
1,All Population,5,Prevalence,108,Belize,3,Both,22,All ages,495,Ischemic stroke,3,Rate,2022,460.31920204295,485.84560498465,435.02695164316003
1,All Population,5,Prevalence,123,Peru,3,Both,22,All ages,495,Ischemic stroke,3,Rate,2022,611.3401024230201,643.78665815364,579.64487965967
1,All Population,5,Prevalence,349,Greenland,3,Both,22,All ages,495,Ischemic stroke,3,Rate,2022,1248.86440621181,1316.60517799591,1185.93487292034
1,All Population,5,Prevalence,53,Serbia,3,Both,22,All ages,495,Ischemic stroke,3,Rate,2022,1335.70325186697,1426.58766553141,1259.18679953844
1,All Population,5,Prevalence,351,Guam,3,Both,22,All ages,495,Ischemic stroke,3,Rate,2022,939.7629085262,984.4171103056999,894.99461493394
1,All Population,5,Prevalence,25,Micronesia (Federated States of),3,Both,22,All ages,495,Ischemic stroke,3,Rate,2022,755.74474317153,795.27511909361,717.66980875441
1,All Population,5,Prevalence,83,Iceland,3,Both,22,All ages,495,Ischemic stroke,3,Rate,2022,808.8064221262301,855.69168833166,757.6054208453601
1,All Population,5,Prevalence,15,Myanmar,3,Both,22,All ages,495,Ischemic stroke,3,Rate,2023,880.52459577714,928.66241238291,834.7953163062
1,All Population,5,Prevalence,62,Russian Federation,3,Both,22,All ages,495,Ischemic stroke,3,Rate,2022,1373.92212005977,1539.35398518735,1230.00296715741
1,All Population,5,Prevalence,196,South Africa,3,Both,22,All ages,495,Ischemic stroke,3,Rate,2022,527.03253537065,593.69903093716,465.85421589022
1,All Population,5,Prevalence,435,South Sudan,3,Both,22,All ages,495,Ischemic stroke,3,Rate,2023,405.1138608954,429.96013646785,381.16192809345
1,All Population,5,Prevalence,86,Italy,3,Both,22,All ages,495,Ischemic stroke,3,Rate,2022,1115.4467857003299,1248.78541262843,970.8816039801401
1,All Population,5,Prevalence,12,Lao People's Democratic Republic,3,Both,22,All ages,495,Ischemic stroke,3,Rate,2023,609.13819117173,645.77672983661,568.09766366743
1,All Population,5,Prevalence,187,Somalia,3,Both,22,All ages,495,Ischemic stroke,3,Rate,2022,373.85868173042,397.791216049,351.29181160929
1,All Population,5,Prevalence,130,Mexico,3,Both,22,All ages,495,Ischemic stroke,3,Rate,2022,588.44269378532,656.33225124721,526.21908767805
1,All Population,5,Prevalence,179,Ethiopia,3,Both,22,All ages,495,Ischemic stroke,3,Rate,2021,280.10357869564,313.97650303859996,248.06026214122
1,All Population,5,Prevalence,195,Namibia,3,Both,22,All ages,495,Ischemic stroke,3,Rate,2021,425.3950543417,451.26423709371005,401.90524488025
1,All Population,5,Prevalence,115,Jamaica,3,Both,22,All ages,495,Ischemic stroke,3,Rate,2022,822.01399244432,863.15446373522,776.33528598138
1,All Population,5,Prevalence,147,Libya,3,Both,22,All ages,495,Ischemic stroke,3,Rate,2021,992.54692375991,1037.0782257231,949.86205057776
1,All Population,5,Prevalence,180,Kenya,3,Both,22,All ages,495,Ischemic stroke,3,Rate,2022,461.69854978434995,518.17393892824,405.52857465233
1,All Population,5,Prevalence,184,Mozambique,3,Both,22,All ages,495,Ischemic stroke,3,Rate,2022,476.61047700813003,503.89989460226997,447.12392668015
1,All Population,5,Prevalence,189,United Republic of Tanzania,3,Both,22,All ages,495,Ischemic stroke,3,Rate,2022,448.07287694788,474.33272107747996,419.66774557274
1,All Population,5,Prevalence,157,Yemen,3,Both,22,All ages,495,Ischemic stroke,3,Rate,2022,472.74736135569,500.40325737262,445.12037635730996
1,All Population,5,Prevalence,200,Benin,3,Both,22,All ages,495,Ischemic stroke,3,Rate,2022,470.31422180341997,495.72996400919,447.09013653215
1,All Population,5,Prevalence,68,Republic of Korea,3,Both,22,All ages,495,Ischemic stroke,3,Rate,2022,1195.72859344943,1258.08473592127,1134.25085305734
1,All Population,5,Prevalence,422,United States Virgin Islands,3,Both,22,All ages,495,Ischemic stroke,3,Rate,2021,1150.99725674346,1210.70849875525,1093.7037673688599
1,All Population,5,Prevalence,28,Solomon Islands,3,Both,22,All ages,495,Ischemic stroke,3,Rate,2023,504.40795835529,533.64588271004,476.99059681991
1,All Population,5,Prevalence,13,Malaysia,3,Both,22,All ages,495,Ischemic stroke,3,Rate,2023,915.54529449503,958.9232825711599,874.34569923775
1,All Population,5,Prevalence,8,Taiwan,3,Both,22,All ages,495,Ischemic stroke,3,Rate,2022,1017.4343487192899,1073.96949724837,970.06917322158
1,All Population,5,Prevalence,35,Georgia,3,Both,22,All ages,495,Ischemic stroke,3,Rate,2023,1319.02177265921,1421.07894947471,1212.94515327864
1,All Population,5,Prevalence,52,Romania,3,Both,22,All ages,495,Ischemic stroke,3,Rate,2023,1402.27589449282,1504.7686422654701,1291.5664425147502
1,All Population,5,Prevalence,376,Northern Mariana Islands,3,Both,22,All ages,495,Ischemic stroke,3,Rate,2021,683.6110703498399,718.35429617453,650.95436121385
1,All Population,5,Prevalence,133,Venezuela (Bolivarian Republic of),3,Both,22,All ages,495,Ischemic stroke,3,Rate,2023,620.27794294375,655.29230357793,586.04197430803
1,All Population,5,Prevalence,87,Luxembourg,3,Both,22,All ages,495,Ischemic stroke,3,Rate,2022,720.43046855669,757.9370800206,682.39342801053
1,All Population,5,Prevalence,102,United States of America,3,Both,22,All ages,495,Ischemic stroke,3,Rate,2022,1976.6820810550498,2111.62762332043,1842.79410465252
1,All Population,5,Prevalence,59,Latvia,3,Both,22,All ages,495,Ischemic stroke,3,Rate,2023,1528.8539723974002,1624.14913179681,1434.58389551866
1,All Population,5,Prevalence,61,Republic of Moldova,3,Both,22,All ages,495,Ischemic stroke,3,Rate,2023,1192.97935483835,1268.20178088512,1123.7525079221
1,All Population,5,Prevalence,183,Mauritius,3,Both,22,All ages,495,Ischemic stroke,3,Rate,2022,1194.01995369678,1249.0345396206699,1137.87193139908
1,All Population,5,Prevalence,62,Russian Federation,3,Both,22,All ages,495,Ischemic stroke,3,Rate,2023,1383.84691601964,1556.39696447352,1245.28570155653
1,All Population,5,Prevalence,17,Sri Lanka,3,Both,22,All ages,495,Ischemic stroke,3,Rate,2022,1114.235608808,1176.41941953811,1050.96514059241
1,All Population,5,Prevalence,49,North Macedonia,3,Both,22,All ages,495,Ischemic stroke,3,Rate,2022,1859.3615162415401,1973.33219223897,1763.63202397605
1,All Population,5,Prevalence,109,Cuba,3,Both,22,All ages,495,Ischemic stroke,3,Rate,2023,1489.6487931950799,1584.77652210493,1412.76060988223
1,All Population,5,Prevalence,122,Ecuador,3,Both,22,All ages,495,Ischemic stroke,3,Rate,2023,633.6579539345701,675.80183471233,596.26590000808
1,All Population,5,Prevalence,90,Norway,3,Both,22,All ages,495,Ischemic stroke,3,Rate,2023,1260.61390326225,1428.6695654445,1077.47132497108
1,All Population,5,Prevalence,216,Senegal,3,Both,22,All ages,495,Ischemic stroke,3,Rate,2022,692.96059434609,733.66152072207,656.0552708673899
1,All Population,5,Prevalence,203,Cabo Verde,3,Both,22,All ages,495,Ischemic stroke,3,Rate,2022,1014.5491706907,1071.19496326888,957.60094178352
1,All Population,5,Prevalence,147,Libya,3,Both,22,All ages,495,Ischemic stroke,3,Rate,2022,1010.3341934123899,1060.95100766475,962.59240058244
1,All Population,5,Prevalence,191,Zambia,3,Both,22,All ages,495,Ischemic stroke,3,Rate,2022,360.7025494112,382.96128704126,341.03133944554
1,All Population,5,Prevalence,143,Iraq,3,Both,22,All ages,495,Ischemic stroke,3,Rate,2022,750.1862848246,789.12591883715,710.42552251032
1,All Population,5,Prevalence,105,Antigua and Barbuda,3,Both,22,All ages,495,Ischemic stroke,3,Rate,2023,824.20306761713,866.0210843704699,786.76103758272
1,All Population,5,Prevalence,413,Tokelau,3,Both,22,All ages,495,Ischemic stroke,3,Rate,2022,948.1270093876899,1004.16635281392,892.12800291384
1,All Population,5,Prevalence,11,Indonesia,3,Both,22,All ages,495,Ischemic stroke,3,Rate,2023,1036.10504422405,1169.04486245372,905.38974417311
1,All Population,5,Prevalence,41,Uzbekistan,3,Both,22,All ages,495,Ischemic stroke,3,Rate,2023,623.96460090585,656.0527809599,591.67174670035
1,All Population,5,Prevalence,22,Fiji,3,Both,22,All ages,495,Ischemic stroke,3,Rate,2023,669.0363199782801,703.74570130217,634.54195594363
1,All Population,5,Prevalence,88,Malta,3,Both,22,All ages,495,Ischemic stroke,3,Rate,2023,793.2501788036201,837.45221989625,755.17450044434
1,All Population,5,Prevalence,129,Honduras,3,Both,22,All ages,495,Ischemic stroke,3,Rate,2023,511.52395942066005,542.56894742877,483.80942344745
1,All Population,5,Prevalence,69,Singapore,3,Both,22,All ages,495,Ischemic stroke,3,Rate,2023,1338.57167433609,1373.4166701999,1304.4455966094
1,All Population,5,Prevalence,99,Uruguay,3,Both,22,All ages,495,Ischemic stroke,3,Rate,2023,805.20813445798,847.15299428961,759.51638926066
1,All Population,5,Prevalence,74,Andorra,3,Both,22,All ages,495,Ischemic stroke,3,Rate,2023,976.16121855503,1037.4073231520001,914.7483591448499
1,All Population,5,Prevalence,27,Samoa,3,Both,22,All ages,495,Ischemic stroke,3,Rate,2023,713.71178333735,754.82470754248,678.07634836298
1,All Population,5,Prevalence,89,Netherlands,3,Both,22,All ages,495,Ischemic stroke,3,Rate,2023,1183.8572244622499,1251.6722868634001,1116.44042476962
1,All Population,5,Prevalence,416,Tuvalu,3,Both,22,All ages,495,Ischemic stroke,3,Rate,2022,869.2480681262999,918.16946488126,821.44778309116
1,All Population,5,Prevalence,44,Bosnia and Herzegovina,3,Both,22,All ages,495,Ischemic stroke,3,Rate,2023,1725.11665532721,1820.98117901275,1621.05597321379
1,All Population,5,Prevalence,106,Bahamas,3,Both,22,All ages,495,Ischemic stroke,3,Rate,2023,623.22784316861,655.45601142833,588.00941564624
1,All Population,5,Prevalence,84,Ireland,3,Both,22,All ages,495,Ischemic stroke,3,Rate,2023,666.75379835577,708.7361534870499,624.82449645689
1,All Population,5,Prevalence,163,India,3,Both,22,All ages,495,Ischemic stroke,3,Rate,2023,669.7331208572,753.24901729149,582.1944552876499
1,All Population,5,Prevalence,180,Kenya,3,Both,22,All ages,495,Ischemic stroke,3,Rate,2023,471.71053490164996,529.43369347605,414.69574579636
1,All Population,5,Prevalence,114,Haiti,3,Both,22,All ages,495,Ischemic stroke,3,Rate,2023,515.59645280961,544.54759940551,484.82200928666003
1,All Population,5,Prevalence,108,Belize,3,Both,22,All ages,495,Ischemic stroke,3,Rate,2023,471.67489483941,494.60929298553003,448.43470164739995
1,All Population,5,Prevalence,215,Sao Tome and Principe,3,Both,22,All ages,495,Ischemic stroke,3,Rate,2023,708.12398481609,750.7557274990199,670.9366979453499
1,All Population,5,Prevalence,215,Sao Tome and Principe,3,Both,22,All ages,495,Ischemic stroke,3,Rate,2022,693.02008749349,727.40802551895,656.01524743629
1,All Population,5,Prevalence,380,Palau,3,Both,22,All ages,495,Ischemic stroke,3,Rate,2022,1179.7242611285799,1243.0215906477201,1118.26005958358
1,All Population,5,Prevalence,109,Cuba,3,Both,22,All ages,495,Ischemic stroke,3,Rate,2022,1468.5797433155499,1554.0464157922002,1392.90100159428
1,All Population,5,Prevalence,75,Austria,3,Both,22,All ages,495,Ischemic stroke,3,Rate,2023,1565.26205750888,1631.81341757212,1498.61204679038
1,All Population,5,Prevalence,162,Bhutan,3,Both,22,All ages,495,Ischemic stroke,3,Rate,2022,583.4636979785299,623.36457259105,547.98022646217
1,All Population,5,Prevalence,175,Burundi,3,Both,22,All ages,495,Ischemic stroke,3,Rate,2022,367.80852025839,389.88633907525,346.10027056722
1,All Population,5,Prevalence,208,Guinea,3,Both,22,All ages,495,Ischemic stroke,3,Rate,2022,534.52638746339,564.50817318303,508.14214896116005
1,All Population,5,Prevalence,204,Chad,3,Both,22,All ages,495,Ischemic stroke,3,Rate,2023,412.6316023182,438.36815459417,388.94585834528
1,All Population,5,Prevalence,41,Uzbekistan,3,Both,22,All ages,495,Ischemic stroke,3,Rate,2022,615.26223991842,647.86462286328,581.34009528829
1,All Population,5,Prevalence,133,Venezuela (Bolivarian Republic of),3,Both,22,All ages,495,Ischemic stroke,3,Rate,2022,591.7799165288201,624.27528942043,561.02008863434
1,All Population,5,Prevalence,207,Ghana,3,Both,22,All ages,495,Ischemic stroke,3,Rate,2023,754.9709554713301,796.54664331523,717.4567307393401
1,All Population,5,Prevalence,146,Lebanon,3,Both,22,All ages,495,Ischemic stroke,3,Rate,2023,612.94962072825,650.30373453494,577.08817443204
1,All Population,5,Prevalence,43,Albania,3,Both,22,All ages,495,Ischemic stroke,3,Rate,2023,961.5100951801301,1030.72170821273,889.4092861012301
1,All Population,5,Prevalence,198,Zimbabwe,3,Both,22,All ages,495,Ischemic stroke,3,Rate,2023,456.41516452186,483.72347931664996,432.44273051589005
1,All Population,5,Prevalence,171,Democratic Republic of the Congo,3,Both,22,All ages,495,Ischemic stroke,3,Rate,2022,421.12829398340995,449.01810772814997,395.00163893394
1,All Population,5,Prevalence,150,Oman,3,Both,22,All ages,495,Ischemic stroke,3,Rate,2023,527.3360171068999,560.6687645603699,498.91948031541
1,All Population,5,Prevalence,182,Malawi,3,Both,22,All ages,495,Ischemic stroke,3,Rate,2023,388.66179869108,411.51562170872,363.99218069903003
1,All Population,5,Prevalence,169,Central African Republic,3,Both,22,All ages,495,Ischemic stroke,3,Rate,2023,438.66925335454994,465.11656152263004,413.9999842264
1,All Population,5,Prevalence,26,Papua New Guinea,3,Both,22,All ages,495,Ischemic stroke,3,Rate,2022,391.0677789607,414.04190905565,371.43189576468
1,All Population,5,Prevalence,80,France,3,Both,22,All ages,495,Ischemic stroke,3,Rate,2021,1173.382896837,1214.09138875403,1129.68056081655
1,All Population,5,Prevalence,298,American Samoa,3,Both,22,All ages,495,Ischemic stroke,3,Rate,2023,708.42975807396,751.62524099194,671.52154557856
1,All Population,5,Prevalence,135,Brazil,3,Both,22,All ages,495,Ischemic stroke,3,Rate,2023,895.3845341931,1012.65772991264,814.9081654024601
1,All Population,5,Prevalence,196,South Africa,3,Both,22,All ages,495,Ischemic stroke,3,Rate,2023,535.90329704131,598.80165660335,468.63546799398995
1,All Population,5,Prevalence,374,Niue,3,Both,22,All ages,495,Ischemic stroke,3,Rate,2023,1220.28300324539,1296.81933965939,1149.1618477529
1,All Population,5,Prevalence,380,Palau,3,Both,22,All ages,495,Ischemic stroke,3,Rate,2023,1206.75959423721,1265.38462075891,1148.13540435208
1,All Population,5,Prevalence,156,United Arab Emirates,3,Both,22,All ages,495,Ischemic stroke,3,Rate,2023,729.05970459957,774.35047420443,688.37257052788
1,All Population,5,Prevalence,58,Estonia,3,Both,22,All ages,495,Ischemic stroke,3,Rate,2023,1078.72829799813,1149.8592554096901,1015.28284889851
1,All Population,5,Prevalence,87,Luxembourg,3,Both,22,All ages,495,Ischemic stroke,3,Rate,2021,715.51966759804,748.44732240415,684.83075139001
1,All Population,5,Prevalence,195,Namibia,3,Both,22,All ages,495,Ischemic stroke,3,Rate,2022,420.80649356854997,450.80544025977997,395.53272491331
1,All Population,5,Prevalence,117,Saint Vincent and the Grenadines,3,Both,22,All ages,495,Ischemic stroke,3,Rate,2022,1037.61835266128,1102.86488834787,981.21408344789
1,All Population,5,Prevalence,10,Cambodia,3,Both,22,All ages,495,Ischemic stroke,3,Rate,2023,647.6659587096001,685.70520181574,609.2464857272299
1,All Population,5,Prevalence,55,Slovenia,3,Both,22,All ages,495,Ischemic stroke,3,Rate,2022,885.8961148111899,938.0828882557399,831.41190044876
1,All Population,5,Prevalence,77,Cyprus,3,Both,22,All ages,495,Ischemic stroke,3,Rate,2023,653.2690623683201,691.76250501379,617.5731216630801
1,All Population,5,Prevalence,376,Northern Mariana Islands,3,Both,22,All ages,495,Ischemic stroke,3,Rate,2022,684.4851590137,728.29443431295,648.83380266444
1,All Population,5,Prevalence,37,Kyrgyzstan,3,Both,22,All ages,495,Ischemic stroke,3,Rate,2023,615.18538652369,648.98789691908,580.09125671939
1,All Population,5,Prevalence,88,Malta,3,Both,22,All ages,495,Ischemic stroke,3,Rate,2022,787.8479611434499,832.6305556571699,745.39380618519
1,All Population,5,Prevalence,54,Slovakia,3,Both,22,All ages,495,Ischemic stroke,3,Rate,2023,1285.01369395492,1355.5290879561198,1219.5784389322798
1,All Population,5,Prevalence,36,Kazakhstan,3,Both,22,All ages,495,Ischemic stroke,3,Rate,2023,784.6572054760401,826.01450115517,745.12195605352
1,All Population,5,Prevalence,23,Kiribati,3,Both,22,All ages,495,Ischemic stroke,3,Rate,2023,695.32870992897,731.23706582402,662.14135663197
1,All Population,5,Prevalence,6,China,3,Both,22,All ages,495,Ischemic stroke,3,Rate,2023,1483.88552558776,1678.5078373966599,1295.93469994285
1,All Population,5,Prevalence,51,Poland,3,Both,22,All ages,495,Ischemic stroke,3,Rate,2023,1212.57788333942,1395.47361022472,1074.02358715647
1,All Population,5,Prevalence,115,Jamaica,3,Both,22,All ages,495,Ischemic stroke,3,Rate,2023,837.37621300292,882.1148732162301,790.17827301804
1,All Population,5,Prevalence,16,Philippines,3,Both,22,All ages,495,Ischemic stroke,3,Rate,2022,672.48975230628,747.96933189774,600.72138890931
1,All Population,5,Prevalence,197,Eswatini,3,Both,22,All ages,495,Ischemic stroke,3,Rate,2023,430.05841346798,462.78031548236,403.4024004002
1,All Population,5,Prevalence,168,Angola,3,Both,22,All ages,495,Ischemic stroke,3,Rate,2023,341.85640096334,361.48205866048,322.14465290112
1,All Population,5,Prevalence,203,Cabo Verde,3,Both,22,All ages,495,Ischemic stroke,3,Rate,2023,1040.19996733238,1096.64331170131,985.7298377200899
1,All Population,5,Prevalence,151,Qatar,3,Both,22,All ages,495,Ischemic stroke,3,Rate,2023,588.80624119532,632.85385296012,550.24580201749
1,All Population,5,Prevalence,121,Bolivia (Plurinational State of),3,Both,22,All ages,495,Ischemic stroke,3,Rate,2023,519.15665134648,547.8878810857,492.08514869789
1,All Population,5,Prevalence,155,Türkiye,3,Both,22,All ages,495,Ischemic stroke,3,Rate,2023,661.24174151867,701.63452034805,621.66992603399
1,All Population,5,Prevalence,136,Paraguay,3,Both,22,All ages,495,Ischemic stroke,3,Rate,2023,671.64997416447,706.59261812554,634.1976814217101
1,All Population,5,Prevalence,63,Ukraine,3,Both,22,All ages,495,Ischemic stroke,3,Rate,2022,1515.41578515446,1697.02957058997,1342.41809526939
1,All Population,5,Prevalence,187,Somalia,3,Both,22,All ages,495,Ischemic stroke,3,Rate,2021,378.31863008094,398.67233210205,357.13826796603
1,All Population,5,Prevalence,78,Denmark,3,Both,22,All ages,495,Ischemic stroke,3,Rate,2022,1082.35008292891,1136.36664220259,1029.1615368468
1,All Population,5,Prevalence,48,Hungary,3,Both,22,All ages,495,Ischemic stroke,3,Rate,2022,1448.32656156496,1535.1947117514,1362.25535601771
1,All Population,5,Prevalence,181,Madagascar,3,Both,22,All ages,495,Ischemic stroke,3,Rate,2023,555.08431007885,586.76404537513,524.03361739336
1,All Population,5,Prevalence,165,Pakistan,3,Both,22,All ages,495,Ischemic stroke,3,Rate,2023,517.48732264105,588.52960586468,454.58637450387
1,All Population,5,Prevalence,101,Canada,3,Both,22,All ages,495,Ischemic stroke,3,Rate,2023,1552.0774003849,1614.18689906503,1479.4425489923701
1,All Population,5,Prevalence,71,Australia,3,Both,22,All ages,495,Ischemic stroke,3,Rate,2023,974.33940182781,1017.82683596887,927.26262157991
1,All Population,5,Prevalence,16,Philippines,3,Both,22,All ages,495,Ischemic stroke,3,Rate,2023,686.3487361453,760.6838739652401,614.33807838265
1,All Population,5,Prevalence,30,Vanuatu,3,Both,22,All ages,495,Ischemic stroke,3,Rate,2023,730.98861990702,773.03800783176,689.74406195816
1,All Population,5,Prevalence,154,Tunisia,3,Both,22,All ages,495,Ischemic stroke,3,Rate,2022,668.1280734748,706.94454386789,629.8740210762401
1,All Population,5,Prevalence,116,Saint Lucia,3,Both,22,All ages,495,Ischemic stroke,3,Rate,2023,1066.32561195999,1156.72512988425,982.1820946303
1,All Population,5,Prevalence,216,Senegal,3,Both,22,All ages,495,Ischemic stroke,3,Rate,2023,694.88963829853,731.42665878197,656.97037283039
1,All Population,5,Prevalence,202,Cameroon,3,Both,22,All ages,495,Ischemic stroke,3,Rate,2022,491.25920624386,514.3167987299901,463.21274817276003
1,All Population,5,Prevalence,209,Guinea-Bissau,3,Both,22,All ages,495,Ischemic stroke,3,Rate,2023,544.82072074123,575.01301228404,517.39271369657
1,All Population,5,Prevalence,24,Marshall Islands,3,Both,22,All ages,495,Ischemic stroke,3,Rate,2023,597.38988094202,627.39762414958,571.22233382633
1,All Population,5,Prevalence,19,Timor-Leste,3,Both,22,All ages,495,Ischemic stroke,3,Rate,2022,616.23748692746,652.71836801549,580.26159079126
1,All Population,5,Prevalence,57,Belarus,3,Both,22,All ages,495,Ischemic stroke,3,Rate,2023,1352.70239357821,1456.0759037689002,1269.05257360037
1,All Population,5,Prevalence,98,Chile,3,Both,22,All ages,495,Ischemic stroke,3,Rate,2023,844.3148003928201,895.47059628972,800.54776170391
1,All Population,5,Prevalence,17,Sri Lanka,3,Both,22,All ages,495,Ischemic stroke,3,Rate,2023,1142.3500834246,1212.29689558942,1078.39895908201
1,All Population,5,Prevalence,81,Germany,3,Both,22,All ages,495,Ischemic stroke,3,Rate,2023,2242.0796152911803,2324.91959564622,2175.06457167594
1,All Population,5,Prevalence,190,Uganda,3,Both,22,All ages,495,Ischemic stroke,3,Rate,2023,356.00746959601,379.9295659309,334.65333636053
1,All Population,5,Prevalence,95,United Kingdom,3,Both,22,All ages,495,Ischemic stroke,3,Rate,2022,1048.26861311044,1147.29155881812,949.9419319725799
1,All Population,5,Prevalence,148,Morocco,3,Both,22,All ages,495,Ischemic stroke,3,Rate,2023,781.9235950422301,830.2750876889901,735.30309659183
1,All Population,5,Prevalence,385,Puerto Rico,3,Both,22,All ages,495,Ischemic stroke,3,Rate,2023,1170.10836523311,1229.7182367467701,1114.8970544424799
1,All Population,5,Prevalence,305,Bermuda,3,Both,22,All ages,495,Ischemic stroke,3,Rate,2023,1118.51436733736,1189.01506982501,1058.72369794101
1,All Population,5,Prevalence,385,Puerto Rico,3,Both,22,All ages,495,Ischemic stroke,3,Rate,2022,1141.56356638955,1199.10120847107,1081.89158046424
1,All Population,5,Prevalence,110,Dominica,3,Both,22,All ages,495,Ischemic stroke,3,Rate,2022,997.17458126138,1055.95504293723,934.14563315304
1,All Population,5,Prevalence,217,Sierra Leone,3,Both,22,All ages,495,Ischemic stroke,3,Rate,2022,552.6766634114,584.32059476003,522.07692061935
1,All Population,5,Prevalence,126,Costa Rica,3,Both,22,All ages,495,Ischemic stroke,3,Rate,2023,622.38774437106,657.09767882966,592.7135184259599
1,All Population,5,Prevalence,107,Barbados,3,Both,22,All ages,495,Ischemic stroke,3,Rate,2023,1194.96133995289,1262.29015600757,1130.89365073921
1,All Population,5,Prevalence,72,New Zealand,3,Both,22,All ages,495,Ischemic stroke,3,Rate,2022,993.68941577364,1111.36521160693,895.0956008362
1,All Population,5,Prevalence,10,Cambodia,3,Both,22,All ages,495,Ischemic stroke,3,Rate,2022,634.26325660286,670.5619628167,595.9714798472601
1,All Population,5,Prevalence,149,Palestine,3,Both,22,All ages,495,Ischemic stroke,3,Rate,2021,585.62126156326,719.92492794133,474.55774315159005
1,All Population,5,Prevalence,68,Republic of Korea,3,Both,22,All ages,495,Ischemic stroke,3,Rate,2023,1234.63453888151,1295.25583032892,1166.53003020696
1,All Population,5,Prevalence,197,Eswatini,3,Both,22,All ages,495,Ischemic stroke,3,Rate,2022,423.52776844066,455.95987831049,395.60971360116
1,All Population,5,Prevalence,522,Sudan,3,Both,22,All ages,495,Ischemic stroke,3,Rate,2023,782.59276418862,824.7337732972,738.77762252338
1,All Population,5,Prevalence,118,Suriname,3,Both,22,All ages,495,Ischemic stroke,3,Rate,2023,892.1279445933,944.19616872966,840.06601660163
1,All Population,5,Prevalence,125,Colombia,3,Both,22,All ages,495,Ischemic stroke,3,Rate,2022,624.7127798528101,657.38805661191,589.69199702201
1,All Population,5,Prevalence,79,Finland,3,Both,22,All ages,495,Ischemic stroke,3,Rate,2023,1536.66896311435,1619.15207257531,1462.40444927053
1,All Population,5,Prevalence,211,Mali,3,Both,22,All ages,495,Ischemic stroke,3,Rate,2023,444.32336974269,469.12954034718996,419.84046157421
1,All Population,5,Prevalence,217,Sierra Leone,3,Both,22,All ages,495,Ischemic stroke,3,Rate,2023,556.37350033971,587.2716103629,527.0240489988299
1,All Population,5,Prevalence,92,Spain,3,Both,22,All ages,495,Ischemic stroke,3,Rate,2023,1344.71273859081,1392.58180844034,1298.29155532661
1,All Population,5,Prevalence,111,Dominican Republic,3,Both,22,All ages,495,Ischemic stroke,3,Rate,2023,683.8796837375,724.7983693758,645.48266480058
1,All Population,5,Prevalence,128,Guatemala,3,Both,22,All ages,495,Ischemic stroke,3,Rate,2023,348.94175128277,369.57315407005,330.46967097391
1,All Population,5,Prevalence,422,United States Virgin Islands,3,Both,22,All ages,495,Ischemic stroke,3,Rate,2022,1170.3929071600398,1237.36716071912,1107.9260828927302
1,All Population,5,Prevalence,218,Togo,3,Both,22,All ages,495,Ischemic stroke,3,Rate,2022,657.2100360728999,694.40888774254,621.91809858948
1,All Population,5,Prevalence,113,Guyana,3,Both,22,All ages,495,Ischemic stroke,3,Rate,2023,711.20695567298,753.93310967072,674.0624245307499
1,All Population,5,Prevalence,173,Gabon,3,Both,22,All ages,495,Ischemic stroke,3,Rate,2023,548.61186654431,587.37668388264,510.43238335459995
1,All Population,5,Prevalence,162,Bhutan,3,Both,22,All ages,495,Ischemic stroke,3,Rate,2023,598.85583135815,640.6555356366999,562.15966327539
1,All Population,5,Prevalence,160,Afghanistan,3,Both,22,All ages,495,Ischemic stroke,3,Rate,2023,536.88037097838,564.77478201146,508.03753598078
1,All Population,5,Prevalence,206,Gambia,3,Both,22,All ages,495,Ischemic stroke,3,Rate,2023,657.76277851857,691.80518203504,621.82278211805
1,All Population,5,Prevalence,210,Liberia,3,Both,22,All ages,495,Ischemic stroke,3,Rate,2023,598.99590419645,632.4709380666201,565.0437257029901
1,All Population,5,Prevalence,29,Tonga,3,Both,22,All ages,495,Ischemic stroke,3,Rate,2023,599.87438419,637.40125777362,565.1405323909701
1,All Population,5,Prevalence,63,Ukraine,3,Both,22,All ages,495,Ischemic stroke,3,Rate,2023,1619.8327597016798,1870.86148817044,1426.3990196265
1,All Population,5,Prevalence,76,Belgium,3,Both,22,All ages,495,Ischemic stroke,3,Rate,2023,1034.07148873911,1085.61199131806,984.6322529268699
1,All Population,5,Prevalence,164,Nepal,3,Both,22,All ages,495,Ischemic stroke,3,Rate,2022,639.61449110033,677.10373505769,603.93289234933
1,All Population,5,Prevalence,191,Zambia,3,Both,22,All ages,495,Ischemic stroke,3,Rate,2023,364.95028865041,386.18232016344,343.93668368104
1,All Population,5,Prevalence,143,Iraq,3,Both,22,All ages,495,Ischemic stroke,3,Rate,2023,762.8020235580201,805.7819267379999,721.27859382731
1,All Population,5,Prevalence,111,Dominican Republic,3,Both,22,All ages,495,Ischemic stroke,3,Rate,2022,675.15216614752,712.20516694937,636.6157884002
1,All Population,5,Prevalence,320,Cook Islands,3,Both,22,All ages,495,Ischemic stroke,3,Rate,2023,1001.5572843254901,1052.28986413641,948.9908030667101
1,All Population,5,Prevalence,210,Liberia,3,Both,22,All ages,495,Ischemic stroke,3,Rate,2022,587.75501339793,622.41022338416,555.8253707897401
1,All Population,5,Prevalence,149,Palestine,3,Both,22,All ages,495,Ischemic stroke,3,Rate,2022,594.29187267618,727.1629829042901,482.99516653332995
1,All Population,5,Prevalence,119,Trinidad and Tobago,3,Both,22,All ages,495,Ischemic stroke,3,Rate,2022,1033.70311513402,1098.50929178286,980.57148963137
1,All Population,5,Prevalence,177,Djibouti,3,Both,22,All ages,495,Ischemic stroke,3,Rate,2022,496.85599554890007,524.19287402854,468.87881759789
1,All Population,5,Prevalence,184,Mozambique,3,Both,22,All ages,495,Ischemic stroke,3,Rate,2023,477.91024972012997,504.20442115879,449.23862617843
1,All Population,5,Prevalence,213,Niger,3,Both,22,All ages,495,Ischemic stroke,3,Rate,2023,416.33914992405005,440.16760855007,392.89037890106
1,All Population,5,Prevalence,152,Saudi Arabia,3,Both,22,All ages,495,Ischemic stroke,3,Rate,2023,525.09624607931,558.70034459964,498.96600200828
1,All Population,5,Prevalence,139,Algeria,3,Both,22,All ages,495,Ischemic stroke,3,Rate,2023,687.7658381038,726.79769085293,651.19653319649
1,All Population,5,Prevalence,171,Democratic Republic of the Congo,3,Both,22,All ages,495,Ischemic stroke,3,Rate,2023,425.28192105379003,451.94996183187,398.33535065609004
1,All Population,5,Prevalence,200,Benin,3,Both,22,All ages,495,Ischemic stroke,3,Rate,2023,475.04915745586004,502.30824574255996,450.01257060957
1,All Population,5,Prevalence,57,Belarus,3,Both,22,All ages,495,Ischemic stroke,3,Rate,2022,1332.90675875596,1410.81915460192,1260.95239357368
1,All Population,5,Prevalence,46,Croatia,3,Both,22,All ages,495,Ischemic stroke,3,Rate,2023,1369.00277857435,1447.05608450372,1297.84674475266
1,All Population,5,Prevalence,110,Dominica,3,Both,22,All ages,495,Ischemic stroke,3,Rate,2023,1014.30330604342,1077.6080121407501,947.98838704499
1,All Population,5,Prevalence,45,Bulgaria,3,Both,22,All ages,495,Ischemic stroke,3,Rate,2023,2478.3020928329,2836.72917299388,2267.2522407441097
1,All Population,5,Prevalence,34,Azerbaijan,3,Both,22,All ages,495,Ischemic stroke,3,Rate,2023,610.58641548986,648.05984936822,576.05359773262
1,All Population,5,Prevalence,60,Lithuania,3,Both,22,All ages,495,Ischemic stroke,3,Rate,2023,1556.55658872811,1644.13152711625,1467.51910536596
1,All Population,5,Prevalence,19,Timor-Leste,3,Both,22,All ages,495,Ischemic stroke,3,Rate,2023,618.18238014625,657.91841376462,580.6953863208499
1,All Population,5,Prevalence,91,Portugal,3,Both,22,All ages,495,Ischemic stroke,3,Rate,2023,1487.50166100262,1561.63056692327,1415.41070628165
1,All Population,5,Prevalence,157,Yemen,3,Both,22,All ages,495,Ischemic stroke,3,Rate,2023,479.34484620901003,510.48299922514,451.14109008668
1,All Population,5,Prevalence,393,Saint Kitts and Nevis,3,Both,22,All ages,495,Ischemic stroke,3,Rate,2023,963.8419205897201,1016.1183320747001,908.0769671400901
1,All Population,5,Prevalence,156,United Arab Emirates,3,Both,22,All ages,495,Ischemic stroke,3,Rate,2022,705.08830255718,752.40688732151,658.16674213493
1,All Population,5,Prevalence,140,Bahrain,3,Both,22,All ages,495,Ischemic stroke,3,Rate,2023,625.6594914372901,665.6334364186,587.04771198743
1,All Population,5,Prevalence,351,Guam,3,Both,22,All ages,495,Ischemic stroke,3,Rate,2023,959.40112614791,1009.85132504799,916.1373148988599
1,All Population,5,Prevalence,18,Thailand,3,Both,22,All ages,495,Ischemic stroke,3,Rate,2023,1346.6568453678701,1422.72859745495,1279.59484921504
1,All Population,5,Prevalence,201,Burkina Faso,3,Both,22,All ages,495,Ischemic stroke,3,Rate,2023,447.34261592806996,473.85714205843,423.36166378338
1,All Population,5,Prevalence,123,Peru,3,Both,22,All ages,495,Ischemic stroke,3,Rate,2023,601.52195794507,635.11560533846,569.17320634671
1,All Population,5,Prevalence,204,Chad,3,Both,22,All ages,495,Ischemic stroke,3,Rate,2022,414.26388066360994,435.99607127894996,392.23344234419
1,All Population,5,Prevalence,153,Syrian Arab Republic,3,Both,22,All ages,495,Ischemic stroke,3,Rate,2023,739.03213729072,784.9248020847001,701.85775997005
1,All Population,5,Prevalence,170,Congo,3,Both,22,All ages,495,Ischemic stroke,3,Rate,2023,471.37605473385,500.27596618508,444.44102027784004
1,All Population,5,Prevalence,94,Switzerland,3,Both,22,All ages,495,Ischemic stroke,3,Rate,2023,888.53576178149,939.14111243208,838.89797578053
1,All Population,5,Prevalence,214,Nigeria,3,Both,22,All ages,495,Ischemic stroke,3,Rate,2023,472.30918493707003,528.91559840154,418.21451290461
1,All Population,5,Prevalence,18,Thailand,3,Both,22,All ages,495,Ischemic stroke,3,Rate,2022,1307.6195414415502,1386.49191255222,1234.07132742516
1,All Population,5,Prevalence,38,Mongolia,3,Both,22,All ages,495,Ischemic stroke,3,Rate,2023,385.73346532252003,412.65126498303005,362.85050342335
1,All Population,5,Prevalence,218,Togo,3,Both,22,All ages,495,Ischemic stroke,3,Rate,2023,668.9369408421801,707.17158385899,634.13282661711
1,All Population,5,Prevalence,8,Taiwan,3,Both,22,All ages,495,Ischemic stroke,3,Rate,2023,1052.54721509585,1099.52402794161,990.72004670809
1,All Population,5,Prevalence,349,Greenland,3,Both,22,All ages,495,Ischemic stroke,3,Rate,2023,1268.55466705189,1333.56967739487,1212.12574535145
1,All Population,5,Prevalence,183,Mauritius,3,Both,22,All ages,495,Ischemic stroke,3,Rate,2023,1215.27482604905,1290.71212864974,1155.07347880633
1,All Population,5,Prevalence,396,San Marino,3,Both,22,All ages,495,Ischemic stroke,3,Rate,2023,1501.05991109183,1593.70730663945,1411.48496242229
1,All Population,5,Prevalence,141,Egypt,3,Both,22,All ages,495,Ischemic stroke,3,Rate,2023,777.23648062786,816.41604711786,735.88284530665
1,All Population,5,Prevalence,47,Czechia,3,Both,22,All ages,495,Ischemic stroke,3,Rate,2023,1181.99579511682,1250.3804649391,1123.87429751541
1,All Population,5,Prevalence,117,Saint Vincent and the Grenadines,3,Both,22,All ages,495,Ischemic stroke,3,Rate,2023,1062.94093629539,1127.53708796327,1002.28071154311
1,All Population,5,Prevalence,78,Denmark,3,Both,22,All ages,495,Ischemic stroke,3,Rate,2023,1099.39007084687,1162.7010508583398,1050.2058300147298
1,All Population,5,Prevalence,33,Armenia,3,Both,22,All ages,495,Ischemic stroke,3,Rate,2023,1002.72807901282,1056.56818205383,934.49437454316
1,All Population,5,Prevalence,72,New Zealand,3,Both,22,All ages,495,Ischemic stroke,3,Rate,2023,1012.3978758555099,1106.04199190583,911.87364457657
1,All Population,5,Prevalence,25,Micronesia (Federated States of),3,Both,22,All ages,495,Ischemic stroke,3,Rate,2023,770.91753895506,812.0535838038301,735.44849265037
1,All Population,5,Prevalence,154,Tunisia,3,Both,22,All ages,495,Ischemic stroke,3,Rate,2023,680.4325502191699,719.22515448905,640.40506871475
1,All Population,5,Prevalence,186,Seychelles,3,Both,22,All ages,495,Ischemic stroke,3,Rate,2023,1042.96223276935,1107.47162748797,984.36999210401
1,All Population,5,Prevalence,202,Cameroon,3,Both,22,All ages,495,Ischemic stroke,3,Rate,2023,496.27747367906005,521.5998620356401,471.73709031115
1,All Population,5,Prevalence,413,Tokelau,3,Both,22,All ages,495,Ischemic stroke,3,Rate,2023,955.31774005025,1015.70671393462,899.53990877283
1,All Population,5,Prevalence,125,Colombia,3,Both,22,All ages,495,Ischemic stroke,3,Rate,2023,633.71331764015,670.6571763596199,604.3362840723099
1,All Population,5,Prevalence,93,Sweden,3,Both,22,All ages,495,Ischemic stroke,3,Rate,2023,1700.28424320798,1745.21606416089,1654.61822263623
1,All Population,5,Prevalence,142,Iran (Islamic Republic of),3,Both,22,All ages,495,Ischemic stroke,3,Rate,2023,780.0699879640799,873.88272247483,690.11327099381
1,All Population,5,Prevalence,48,Hungary,3,Both,22,All ages,495,Ischemic stroke,3,Rate,2023,1446.58820062833,1534.23703408851,1365.24387543613
1,All Population,5,Prevalence,49,North Macedonia,3,Both,22,All ages,495,Ischemic stroke,3,Rate,2023,1900.8164737082102,2018.09355319613,1797.75970632642
1,All Population,5,Prevalence,189,United Republic of Tanzania,3,Both,22,All ages,495,Ischemic stroke,3,Rate,2023,452.58127779328004,479.94635035793,427.1885849728
1,All Population,5,Prevalence,66,Brunei Darussalam,3,Both,22,All ages,495,Ischemic stroke,3,Rate,2023,671.62958788148,710.66790613917,638.0543769729201
1,All Population,5,Prevalence,53,Serbia,3,Both,22,All ages,495,Ischemic stroke,3,Rate,2023,1350.2842946764401,1434.26117323276,1262.64348692073
1,All Population,5,Prevalence,102,United States of America,3,Both,22,All ages,495,Ischemic stroke,3,Rate,2023,1990.04392134875,2130.40752192941,1847.31185373017
1,All Population,5,Prevalence,83,Iceland,3,Both,22,All ages,495,Ischemic stroke,3,Rate,2023,812.72005526442,855.0590840448799,768.54679099875
1,All Population,5,Prevalence,130,Mexico,3,Both,22,All ages,495,Ischemic stroke,3,Rate,2023,602.39760188168,668.30995374948,539.27134504204
1,All Population,5,Prevalence,422,United States Virgin Islands,3,Both,22,All ages,495,Ischemic stroke,3,Rate,2023,1203.18173302272,1272.10594722625,1136.15462530982
1,All Population,5,Prevalence,193,Botswana,3,Both,22,All ages,495,Ischemic stroke,3,Rate,2023,425.14714255178006,458.83502383179,398.11825451945003
1,All Population,5,Prevalence,416,Tuvalu,3,Both,22,All ages,495,Ischemic stroke,3,Rate,2023,872.7449795796999,917.11766031144,829.7477725552401
1,All Population,5,Prevalence,212,Mauritania,3,Both,22,All ages,495,Ischemic stroke,3,Rate,2023,626.99050600339,665.25478133587,591.5444844607599
1,All Population,5,Prevalence,175,Burundi,3,Both,22,All ages,495,Ischemic stroke,3,Rate,2023,369.94162585771,394.27899052115,348.70885566953
1,All Population,5,Prevalence,208,Guinea,3,Both,22,All ages,495,Ischemic stroke,3,Rate,2023,534.66657475227,564.74401337882,505.89374606012
1,All Population,5,Prevalence,164,Nepal,3,Both,22,All ages,495,Ischemic stroke,3,Rate,2023,653.25113097936,695.76819863311,617.17157486779
1,All Population,5,Prevalence,185,Rwanda,3,Both,22,All ages,495,Ischemic stroke,3,Rate,2023,427.43345224231,451.10049124749,402.34207699352
1,All Population,5,Prevalence,172,Equatorial Guinea,3,Both,22,All ages,495,Ischemic stroke,3,Rate,2023,291.42798150795,312.42790345065,271.88443778601004
1,All Population,5,Prevalence,145,Kuwait,3,Both,22,All ages,495,Ischemic stroke,3,Rate,2023,763.8668271323,803.9646422508199,723.75217796198
1,All Population,5,Prevalence,95,United Kingdom,3,Both,22,All ages,495,Ischemic stroke,3,Rate,2023,1064.24119294881,1163.6544350643599,953.71680612624
1,All Population,5,Prevalence,80,France,3,Both,22,All ages,495,Ischemic stroke,3,Rate,2023,1174.41201125294,1227.6022131938,1123.49822559016
1,All Population,5,Prevalence,212,Mauritania,3,Both,22,All ages,495,Ischemic stroke,3,Rate,2022,621.41421980881,656.8668632066,588.98701110535
1,All Population,5,Prevalence,187,Somalia,3,Both,22,All ages,495,Ischemic stroke,3,Rate,2023,374.75903620903,398.16149672406,351.10970596421004
1,All Population,5,Prevalence,369,Nauru,3,Both,22,All ages,495,Ischemic stroke,3,Rate,2023,537.96448882219,566.81644719114,513.57426199546
1,All Population,5,Prevalence,40,Turkmenistan,3,Both,22,All ages,495,Ischemic stroke,3,Rate,2023,899.2826172154,945.68553504779,851.77986207861
1,All Population,5,Prevalence,119,Trinidad and Tobago,3,Both,22,All ages,495,Ischemic stroke,3,Rate,2023,1056.6994081975201,1126.51874405042,996.4210172087601
1,All Population,5,Prevalence,85,Israel,3,Both,22,All ages,495,Ischemic stroke,3,Rate,2023,710.73485161984,751.8833150630501,672.48182885591
1,All Population,5,Prevalence,195,Namibia,3,Both,22,All ages,495,Ischemic stroke,3,Rate,2023,424.64204880956004,452.61105114599,398.47535149072996
1,All Population,5,Prevalence,177,Djibouti,3,Both,22,All ages,495,Ischemic stroke,3,Rate,2023,506.06628949483996,535.51041516733,475.09303068102
1,All Population,5,Prevalence,55,Slovenia,3,Both,22,All ages,495,Ischemic stroke,3,Rate,2023,899.3912229665699,954.91797511167,840.73681160727
1,All Population,5,Prevalence,132,Panama,3,Both,22,All ages,495,Ischemic stroke,3,Rate,2023,670.23970704595,707.3812708226,637.85140627269
1,All Population,5,Prevalence,147,Libya,3,Both,22,All ages,495,Ischemic stroke,3,Rate,2023,1028.16910266516,1080.62424717182,977.4483791230999
1,All Population,5,Prevalence,376,Northern Mariana Islands,3,Both,22,All ages,495,Ischemic stroke,3,Rate,2023,691.5964667346,730.76434447802,659.33228257998
1,All Population,5,Prevalence,87,Luxembourg,3,Both,22,All ages,495,Ischemic stroke,3,Rate,2023,723.98837110949,758.19015666649,688.48387635216
1,All Population,5,Prevalence,179,Ethiopia,3,Both,22,All ages,495,Ischemic stroke,3,Rate,2023,281.59385643657,317.22716816299,249.03418975873
1,All Population,5,Prevalence,149,Palestine,3,Both,22,All ages,495,Ischemic stroke,3,Rate,2023,602.35539909777,736.43614129359,487.67248096385003
