population_group_id,population_group_name,measure_id,measure_name,location_id,location_name,sex_id,sex_name,age_id,age_name,cause_id,cause_name,metric_id,metric_name,year,val,upper,lower
1,All Population,5,Prevalence,95,United Kingdom,3,Both,22,All ages,487,Leukemia,3,Rate,2014,62.165630995570005,95.28535547259,38.55969103655
1,All Population,5,Prevalence,79,Finland,3,Both,22,All ages,487,Leukemia,3,Rate,2014,74.33656180323,109.81132408527999,52.268600010830006
1,All Population,5,Prevalence,48,Hungary,3,Both,22,All ages,487,Leukemia,3,Rate,2014,57.23388316641,82.3107781756,42.12960886541
1,All Population,5,Prevalence,45,Bulgaria,3,Both,22,All ages,487,Leukemia,3,Rate,2014,25.12730036172,35.28899077106,19.200607517799998
1,All Population,5,Prevalence,53,Serbia,3,Both,22,All ages,487,Leukemia,3,Rate,2014,37.58600545231,53.42761388078,27.83631251032
1,All Population,5,Prevalence,66,Brunei Darussalam,3,Both,22,All ages,487,Leukemia,3,Rate,2014,15.67799548402,23.21458610823,11.5763686102
1,All Population,5,Prevalence,6,China,3,Both,22,All ages,487,Leukemia,3,Rate,2014,34.755895767,57.14111748303001,22.54259739551
1,All Population,5,Prevalence,171,Democratic Republic of the Congo,3,Both,22,All ages,487,Leukemia,3,Rate,2014,8.39663600015,12.42919408431,5.99060587081
1,All Population,5,Prevalence,37,Kyrgyzstan,3,Both,22,All ages,487,Leukemia,3,Rate,2014,8.360401319300001,11.517110215899999,6.50678851087
1,All Population,5,Prevalence,147,Libya,3,Both,22,All ages,487,Leukemia,3,Rate,2014,28.03395155445,49.55464911725001,17.87716028924
1,All Population,5,Prevalence,160,Afghanistan,3,Both,22,All ages,487,Leukemia,3,Rate,2014,15.11789309597,23.01623312293,8.6005398445
1,All Population,5,Prevalence,34,Azerbaijan,3,Both,22,All ages,487,Leukemia,3,Rate,2014,14.9994178763,21.87659843254,11.12172017782
1,All Population,5,Prevalence,92,Spain,3,Both,22,All ages,487,Leukemia,3,Rate,2014,97.06179851973,154.76952265608,57.33591211545
1,All Population,5,Prevalence,19,Timor-Leste,3,Both,22,All ages,487,Leukemia,3,Rate,2014,10.96881584658,16.78561693979,7.617155289409999
1,All Population,5,Prevalence,84,Ireland,3,Both,22,All ages,487,Leukemia,3,Rate,2014,84.21624310935,133.67964850311,48.18693094769
1,All Population,5,Prevalence,97,Argentina,3,Both,22,All ages,487,Leukemia,3,Rate,2014,19.41527794257,30.18812977447,14.391535075639998
1,All Population,5,Prevalence,113,Guyana,3,Both,22,All ages,487,Leukemia,3,Rate,2014,8.630251484,10.823017311420001,7.00876582029
1,All Population,5,Prevalence,105,Antigua and Barbuda,3,Both,22,All ages,487,Leukemia,3,Rate,2014,12.07607958235,18.902048183719998,8.50604155047
1,All Population,5,Prevalence,141,Egypt,3,Both,22,All ages,487,Leukemia,3,Rate,2014,23.46063047858,34.27533800848,16.77718460121
1,All Population,5,Prevalence,139,Algeria,3,Both,22,All ages,487,Leukemia,3,Rate,2014,14.59960919209,26.460678661739998,9.00002126295
1,All Population,5,Prevalence,208,Guinea,3,Both,22,All ages,487,Leukemia,3,Rate,2014,2.61504264478,3.69891173085,1.70957837426
1,All Population,5,Prevalence,126,Costa Rica,3,Both,22,All ages,487,Leukemia,3,Rate,2014,27.02666917982,49.07638097176,16.055115604620003
1,All Population,5,Prevalence,50,Montenegro,3,Both,22,All ages,487,Leukemia,3,Rate,2014,63.57125238151,103.55326172007001,43.556806600049995
1,All Population,5,Prevalence,8,Taiwan,3,Both,22,All ages,487,Leukemia,3,Rate,2014,31.783669777519997,65.25084551655,17.40241307129
1,All Population,5,Prevalence,68,Republic of Korea,3,Both,22,All ages,487,Leukemia,3,Rate,2014,30.71825716792,74.08324789434,12.4966173164
1,All Population,5,Prevalence,108,Belize,3,Both,22,All ages,487,Leukemia,3,Rate,2014,12.179030662899999,17.45401182222,9.24669980532
1,All Population,5,Prevalence,179,Ethiopia,3,Both,22,All ages,487,Leukemia,3,Rate,2014,27.11372850952,39.414538266090005,18.82219080611
1,All Population,5,Prevalence,152,Saudi Arabia,3,Both,22,All ages,487,Leukemia,3,Rate,2014,14.309419806380001,25.109719054470002,9.61317692916
1,All Population,5,Prevalence,55,Slovenia,3,Both,22,All ages,487,Leukemia,3,Rate,2014,121.87265235316,195.59806786764003,79.91112674907
1,All Population,5,Prevalence,131,Nicaragua,3,Both,22,All ages,487,Leukemia,3,Rate,2014,17.78574193121,29.28761850084,12.606255466630001
1,All Population,5,Prevalence,190,Uganda,3,Both,22,All ages,487,Leukemia,3,Rate,2014,9.15545830326,12.97865193152,6.468034300559999
1,All Population,5,Prevalence,173,Gabon,3,Both,22,All ages,487,Leukemia,3,Rate,2014,9.15956736521,12.679884136440002,6.464934958450001
1,All Population,5,Prevalence,115,Jamaica,3,Both,22,All ages,487,Leukemia,3,Rate,2014,16.024313161640002,21.969045808169998,12.349911862639999
1,All Population,5,Prevalence,107,Barbados,3,Both,22,All ages,487,Leukemia,3,Rate,2014,21.59416171721,30.48931034018,16.39133162769
1,All Population,5,Prevalence,58,Estonia,3,Both,22,All ages,487,Leukemia,3,Rate,2014,81.70765755618,131.10076602372,56.52722655479
1,All Population,5,Prevalence,11,Indonesia,3,Both,22,All ages,487,Leukemia,3,Rate,2014,10.65516505623,16.609711763580002,7.05820243963
1,All Population,5,Prevalence,23,Kiribati,3,Both,22,All ages,487,Leukemia,3,Rate,2015,2.61609911643,4.10728603045,1.75950142261
1,All Population,5,Prevalence,14,Maldives,3,Both,22,All ages,487,Leukemia,3,Rate,2014,9.09356483073,16.29359127063,6.10256599782
1,All Population,5,Prevalence,162,Bhutan,3,Both,22,All ages,487,Leukemia,3,Rate,2014,7.54903643544,11.20747301936,5.17349062212
1,All Population,5,Prevalence,94,Switzerland,3,Both,22,All ages,487,Leukemia,3,Rate,2014,115.99368747273,178.55077443685,69.89391194617
1,All Population,5,Prevalence,178,Eritrea,3,Both,22,All ages,487,Leukemia,3,Rate,2014,11.92238127494,16.38231795887,8.335702068029999
1,All Population,5,Prevalence,214,Nigeria,3,Both,22,All ages,487,Leukemia,3,Rate,2014,5.27415918662,7.8548736334300004,3.7695798438
1,All Population,5,Prevalence,186,Seychelles,3,Both,22,All ages,487,Leukemia,3,Rate,2014,23.37591621867,32.289481390860004,17.80272780717
1,All Population,5,Prevalence,72,New Zealand,3,Both,22,All ages,487,Leukemia,3,Rate,2014,87.40406735474001,152.1815185975,47.27886152561
1,All Population,5,Prevalence,71,Australia,3,Both,22,All ages,487,Leukemia,3,Rate,2014,108.11300538201002,133.32389141385,88.15853792924
1,All Population,5,Prevalence,142,Iran (Islamic Republic of),3,Both,22,All ages,487,Leukemia,3,Rate,2014,39.86254509371,73.35876821694,26.15667679595
1,All Population,5,Prevalence,320,Cook Islands,3,Both,22,All ages,487,Leukemia,3,Rate,2014,4.46876956844,8.23232117947,2.63171321827
1,All Population,5,Prevalence,175,Burundi,3,Both,22,All ages,487,Leukemia,3,Rate,2014,10.58519247604,15.25687093867,7.05845834717
1,All Population,5,Prevalence,39,Tajikistan,3,Both,22,All ages,487,Leukemia,3,Rate,2014,7.8425733854,12.394894112380001,5.58353630893
1,All Population,5,Prevalence,154,Tunisia,3,Both,22,All ages,487,Leukemia,3,Rate,2014,45.98935831966,76.7445096246,31.106437322940003
1,All Population,5,Prevalence,61,Republic of Moldova,3,Both,22,All ages,487,Leukemia,3,Rate,2014,15.25543230915,22.80496327609,11.37630858374
1,All Population,5,Prevalence,23,Kiribati,3,Both,22,All ages,487,Leukemia,3,Rate,2014,2.66424678717,4.15403413307,1.85462551344
1,All Population,5,Prevalence,25,Micronesia (Federated States of),3,Both,22,All ages,487,Leukemia,3,Rate,2014,5.1268870843,7.1137026163699995,3.84139210429
1,All Population,5,Prevalence,119,Trinidad and Tobago,3,Both,22,All ages,487,Leukemia,3,Rate,2014,13.380679753970002,19.45680654967,10.22140500361
1,All Population,5,Prevalence,177,Djibouti,3,Both,22,All ages,487,Leukemia,3,Rate,2014,8.614026308709999,12.11497100645,5.99530749721
1,All Population,5,Prevalence,86,Italy,3,Both,22,All ages,487,Leukemia,3,Rate,2014,129.83449967559,203.52394433152,76.21749730404
1,All Population,5,Prevalence,181,Madagascar,3,Both,22,All ages,487,Leukemia,3,Rate,2014,8.30558132461,11.79499392895,5.87837169558
1,All Population,5,Prevalence,155,Türkiye,3,Both,22,All ages,487,Leukemia,3,Rate,2014,26.326681325499997,45.07017816807,18.04419374104
1,All Population,5,Prevalence,99,Uruguay,3,Both,22,All ages,487,Leukemia,3,Rate,2014,35.12911608283,51.702073333959994,25.403397699630002
1,All Population,5,Prevalence,118,Suriname,3,Both,22,All ages,487,Leukemia,3,Rate,2014,10.725573672500001,14.764948817330001,7.99043058275
1,All Population,5,Prevalence,74,Andorra,3,Both,22,All ages,487,Leukemia,3,Rate,2014,125.8824751618,214.24193253813002,70.65398119864001
1,All Population,5,Prevalence,16,Philippines,3,Both,22,All ages,487,Leukemia,3,Rate,2014,9.86997900075,13.698373045610001,7.615751513419999
1,All Population,5,Prevalence,52,Romania,3,Both,22,All ages,487,Leukemia,3,Rate,2014,34.689498036420005,49.53934117242999,26.23651533108
1,All Population,5,Prevalence,144,Jordan,3,Both,22,All ages,487,Leukemia,3,Rate,2014,25.443145869149998,52.36475329974,14.98936224349
1,All Population,5,Prevalence,163,India,3,Both,22,All ages,487,Leukemia,3,Rate,2014,6.78823226793,9.171333792479999,5.13805870314
1,All Population,5,Prevalence,211,Mali,3,Both,22,All ages,487,Leukemia,3,Rate,2014,3.78454004053,5.46203325178,2.54260981872
1,All Population,5,Prevalence,218,Togo,3,Both,22,All ages,487,Leukemia,3,Rate,2014,4.11151156966,5.84641341935,2.7159272312400002
1,All Population,5,Prevalence,26,Papua New Guinea,3,Both,22,All ages,487,Leukemia,3,Rate,2014,5.73536147584,8.80287496481,3.69049253819
1,All Population,5,Prevalence,216,Senegal,3,Both,22,All ages,487,Leukemia,3,Rate,2014,5.52721000314,8.23253652413,4.02117025509
1,All Population,5,Prevalence,183,Mauritius,3,Both,22,All ages,487,Leukemia,3,Rate,2014,14.819782002060002,20.43084212182,11.50332762483
1,All Population,5,Prevalence,172,Equatorial Guinea,3,Both,22,All ages,487,Leukemia,3,Rate,2014,7.3178864813499995,10.96147495155,5.13798823741
1,All Population,5,Prevalence,157,Yemen,3,Both,22,All ages,487,Leukemia,3,Rate,2014,17.2979388747,28.30974281614,11.30695532465
1,All Population,5,Prevalence,101,Canada,3,Both,22,All ages,487,Leukemia,3,Rate,2014,98.31386999477999,173.35615566733,57.28246385276
1,All Population,5,Prevalence,194,Lesotho,3,Both,22,All ages,487,Leukemia,3,Rate,2014,6.4288657022199995,8.9759325269,4.2920849172599995
1,All Population,5,Prevalence,146,Lebanon,3,Both,22,All ages,487,Leukemia,3,Rate,2014,43.44659482521,80.6586992377,27.163991928229997
1,All Population,5,Prevalence,81,Germany,3,Both,22,All ages,487,Leukemia,3,Rate,2014,178.12130820936,231.67450763999997,136.1936147037
1,All Population,5,Prevalence,27,Samoa,3,Both,22,All ages,487,Leukemia,3,Rate,2014,19.729208180489998,28.82261750124,12.42288204564
1,All Population,5,Prevalence,121,Bolivia (Plurinational State of),3,Both,22,All ages,487,Leukemia,3,Rate,2014,17.24252930404,25.590861098690002,12.207935700919998
1,All Population,5,Prevalence,149,Palestine,3,Both,22,All ages,487,Leukemia,3,Rate,2014,22.93149681951,38.67461197833,15.97601002151
1,All Population,5,Prevalence,54,Slovakia,3,Both,22,All ages,487,Leukemia,3,Rate,2014,47.61354891938,74.78945293009001,33.53982702122
1,All Population,5,Prevalence,185,Rwanda,3,Both,22,All ages,487,Leukemia,3,Rate,2014,10.90040737598,16.01605371997,7.5368569783599995
1,All Population,5,Prevalence,47,Czechia,3,Both,22,All ages,487,Leukemia,3,Rate,2014,75.31956964548,115.47022974281,53.33445145906
1,All Population,5,Prevalence,36,Kazakhstan,3,Both,22,All ages,487,Leukemia,3,Rate,2014,13.313353317299999,19.99357144204,9.784191754790001
1,All Population,5,Prevalence,76,Belgium,3,Both,22,All ages,487,Leukemia,3,Rate,2014,93.62499522912,165.86999417058,54.048784810079994
1,All Population,5,Prevalence,168,Angola,3,Both,22,All ages,487,Leukemia,3,Rate,2014,10.3263572739,14.893042728340001,7.35204546978
1,All Population,5,Prevalence,40,Turkmenistan,3,Both,22,All ages,487,Leukemia,3,Rate,2014,10.06784444454,13.54065609022,7.8776167498
1,All Population,5,Prevalence,29,Tonga,3,Both,22,All ages,487,Leukemia,3,Rate,2014,4.06977919192,6.10745603488,2.57911550533
1,All Population,5,Prevalence,156,United Arab Emirates,3,Both,22,All ages,487,Leukemia,3,Rate,2014,8.76085454878,14.09263508746,6.02170393801
1,All Population,5,Prevalence,123,Peru,3,Both,22,All ages,487,Leukemia,3,Rate,2014,20.57592709804,33.73162887144,14.12214193919
1,All Population,5,Prevalence,133,Venezuela (Bolivarian Republic of),3,Both,22,All ages,487,Leukemia,3,Rate,2014,14.612254699669998,23.13187556836,10.12559733921
1,All Population,5,Prevalence,195,Namibia,3,Both,22,All ages,487,Leukemia,3,Rate,2014,7.657905219340001,10.50380172116,5.63597422363
1,All Population,5,Prevalence,63,Ukraine,3,Both,22,All ages,487,Leukemia,3,Rate,2014,33.29690626678,47.321512024280004,24.872301753480002
1,All Population,5,Prevalence,18,Thailand,3,Both,22,All ages,487,Leukemia,3,Rate,2015,19.351140171159997,30.53632028454,13.56252849931
1,All Population,5,Prevalence,17,Sri Lanka,3,Both,22,All ages,487,Leukemia,3,Rate,2014,13.35155895623,20.11034642511,9.31196297458
1,All Population,5,Prevalence,200,Benin,3,Both,22,All ages,487,Leukemia,3,Rate,2014,11.64346453387,16.96172231455,8.13001400095
1,All Population,5,Prevalence,78,Denmark,3,Both,22,All ages,487,Leukemia,3,Rate,2014,107.98291572301001,144.66826388604,81.1471844241
1,All Population,5,Prevalence,132,Panama,3,Both,22,All ages,487,Leukemia,3,Rate,2014,24.24498464286,43.01522859869,15.234597440489999
1,All Population,5,Prevalence,210,Liberia,3,Both,22,All ages,487,Leukemia,3,Rate,2014,4.88363924136,7.17518748838,3.14365739625
1,All Population,5,Prevalence,60,Lithuania,3,Both,22,All ages,487,Leukemia,3,Rate,2014,54.598977581970004,80.65647969103,40.2223385939
1,All Population,5,Prevalence,34,Azerbaijan,3,Both,22,All ages,487,Leukemia,3,Rate,2015,15.08429407933,22.3356323149,11.07853075733
1,All Population,5,Prevalence,13,Malaysia,3,Both,22,All ages,487,Leukemia,3,Rate,2014,13.20102951618,19.046776176090003,9.623082638949999
1,All Population,5,Prevalence,161,Bangladesh,3,Both,22,All ages,487,Leukemia,3,Rate,2014,8.863016992850001,12.79757659564,6.208270408680001
1,All Population,5,Prevalence,213,Niger,3,Both,22,All ages,487,Leukemia,3,Rate,2014,8.84800960554,14.329198380240001,4.8713387948
1,All Population,5,Prevalence,20,Viet Nam,3,Both,22,All ages,487,Leukemia,3,Rate,2015,11.04245679158,18.27399671921,7.276601665069999
1,All Population,5,Prevalence,117,Saint Vincent and the Grenadines,3,Both,22,All ages,487,Leukemia,3,Rate,2014,17.34450093641,22.55075962254,13.460363656350001
1,All Population,5,Prevalence,125,Colombia,3,Both,22,All ages,487,Leukemia,3,Rate,2014,21.29506582269,35.52378721967,14.05892319201
1,All Population,5,Prevalence,112,Grenada,3,Both,22,All ages,487,Leukemia,3,Rate,2015,15.689387720420001,20.51937439052,12.11767782053
1,All Population,5,Prevalence,165,Pakistan,3,Both,22,All ages,487,Leukemia,3,Rate,2014,7.78337484086,10.97577315498,5.35488864926
1,All Population,5,Prevalence,140,Bahrain,3,Both,22,All ages,487,Leukemia,3,Rate,2014,12.222705438390001,20.66453410967,8.04822744099
1,All Population,5,Prevalence,22,Fiji,3,Both,22,All ages,487,Leukemia,3,Rate,2015,7.033312319929999,9.74143698616,5.400315019070001
1,All Population,5,Prevalence,413,Tokelau,3,Both,22,All ages,487,Leukemia,3,Rate,2014,5.18268883384,7.748235290899999,3.6103591528
1,All Population,5,Prevalence,49,North Macedonia,3,Both,22,All ages,487,Leukemia,3,Rate,2014,15.21220628282,26.73969873893,10.411794339450001
1,All Population,5,Prevalence,202,Cameroon,3,Both,22,All ages,487,Leukemia,3,Rate,2014,5.2146249705,7.46093654475,3.41359311148
1,All Population,5,Prevalence,136,Paraguay,3,Both,22,All ages,487,Leukemia,3,Rate,2014,13.946308886670002,20.18780745274,10.74742114182
1,All Population,5,Prevalence,114,Haiti,3,Both,22,All ages,487,Leukemia,3,Rate,2015,12.13168672678,17.28985276566,7.45449025224
1,All Population,5,Prevalence,24,Marshall Islands,3,Both,22,All ages,487,Leukemia,3,Rate,2015,5.61534870322,7.96607199782,3.89074113098
1,All Population,5,Prevalence,116,Saint Lucia,3,Both,22,All ages,487,Leukemia,3,Rate,2015,14.010032068290002,19.1935224021,10.72178670906
1,All Population,5,Prevalence,86,Italy,3,Both,22,All ages,487,Leukemia,3,Rate,2015,129.02333620366,203.46832231484998,75.93991918129
1,All Population,5,Prevalence,62,Russian Federation,3,Both,22,All ages,487,Leukemia,3,Rate,2014,32.64036814704,48.11932179783,23.432770317419997
1,All Population,5,Prevalence,148,Morocco,3,Both,22,All ages,487,Leukemia,3,Rate,2015,5.20098525036,7.871405573160001,3.57294086111
1,All Population,5,Prevalence,215,Sao Tome and Principe,3,Both,22,All ages,487,Leukemia,3,Rate,2014,1.95998092658,3.08368985735,1.32975688488
1,All Population,5,Prevalence,15,Myanmar,3,Both,22,All ages,487,Leukemia,3,Rate,2014,9.68595229251,15.13741223018,6.28895686653
1,All Population,5,Prevalence,102,United States of America,3,Both,22,All ages,487,Leukemia,3,Rate,2014,94.97672939664,151.78941968998998,51.73163939103
1,All Population,5,Prevalence,87,Luxembourg,3,Both,22,All ages,487,Leukemia,3,Rate,2014,99.06400276181,168.9032060521,55.69468368825
1,All Population,5,Prevalence,88,Malta,3,Both,22,All ages,487,Leukemia,3,Rate,2015,57.0946580294,102.88796090013,29.664203018669998
1,All Population,5,Prevalence,217,Sierra Leone,3,Both,22,All ages,487,Leukemia,3,Rate,2014,5.10173286782,7.43668507808,3.40623970564
1,All Population,5,Prevalence,90,Norway,3,Both,22,All ages,487,Leukemia,3,Rate,2015,68.39277105536,94.5254709287,51.56114603441
1,All Population,5,Prevalence,169,Central African Republic,3,Both,22,All ages,487,Leukemia,3,Rate,2014,7.227586058089999,10.12840238492,5.10775574215
1,All Population,5,Prevalence,148,Morocco,3,Both,22,All ages,487,Leukemia,3,Rate,2014,5.03309337188,7.594385465169999,3.45024973501
1,All Population,5,Prevalence,49,North Macedonia,3,Both,22,All ages,487,Leukemia,3,Rate,2015,15.492775614420001,26.302608884650002,10.462784521229999
1,All Population,5,Prevalence,92,Spain,3,Both,22,All ages,487,Leukemia,3,Rate,2015,97.98688884046,155.07224175582002,56.567306418230004
1,All Population,5,Prevalence,17,Sri Lanka,3,Both,22,All ages,487,Leukemia,3,Rate,2015,14.018353199140002,21.41267990467,9.73328514344
1,All Population,5,Prevalence,36,Kazakhstan,3,Both,22,All ages,487,Leukemia,3,Rate,2015,13.99481560075,20.69998957535,10.097002656919999
1,All Population,5,Prevalence,150,Oman,3,Both,22,All ages,487,Leukemia,3,Rate,2014,9.19704645795,16.14592579755,6.21392794088
1,All Population,5,Prevalence,38,Mongolia,3,Both,22,All ages,487,Leukemia,3,Rate,2015,7.54835857736,11.66028343632,5.47671807946
1,All Population,5,Prevalence,435,South Sudan,3,Both,22,All ages,487,Leukemia,3,Rate,2014,9.24636506778,13.15236290892,6.11826101581
1,All Population,5,Prevalence,305,Bermuda,3,Both,22,All ages,487,Leukemia,3,Rate,2014,31.683193607979998,62.96856294737,18.80033949064
1,All Population,5,Prevalence,80,France,3,Both,22,All ages,487,Leukemia,3,Rate,2014,116.63342469429,195.50648356662998,68.87032527731
1,All Population,5,Prevalence,7,Democratic People's Republic of Korea,3,Both,22,All ages,487,Leukemia,3,Rate,2014,21.21825085597,35.23918651722,13.80846994278
1,All Population,5,Prevalence,7,Democratic People's Republic of Korea,3,Both,22,All ages,487,Leukemia,3,Rate,2015,21.5339928271,36.8697667113,13.55228181315
1,All Population,5,Prevalence,180,Kenya,3,Both,22,All ages,487,Leukemia,3,Rate,2014,9.23710502129,12.569213027,6.79434867583
1,All Population,5,Prevalence,374,Niue,3,Both,22,All ages,487,Leukemia,3,Rate,2014,7.13370831483,10.82662307781,4.87503086974
1,All Population,5,Prevalence,122,Ecuador,3,Both,22,All ages,487,Leukemia,3,Rate,2015,17.76204512033,27.340904887340002,12.95601268731
1,All Population,5,Prevalence,75,Austria,3,Both,22,All ages,487,Leukemia,3,Rate,2015,102.82890760275,168.5304468602,60.99861657035
1,All Population,5,Prevalence,133,Venezuela (Bolivarian Republic of),3,Both,22,All ages,487,Leukemia,3,Rate,2015,14.765391056070001,22.95989040397,10.3746786748
1,All Population,5,Prevalence,28,Solomon Islands,3,Both,22,All ages,487,Leukemia,3,Rate,2015,5.51821017294,8.33916964673,3.6887328295999997
1,All Population,5,Prevalence,376,Northern Mariana Islands,3,Both,22,All ages,487,Leukemia,3,Rate,2014,7.037098287599999,10.91315062084,4.6907392507
1,All Population,5,Prevalence,78,Denmark,3,Both,22,All ages,487,Leukemia,3,Rate,2015,104.91001702985,142.89381836799,78.46046296076001
1,All Population,5,Prevalence,44,Bosnia and Herzegovina,3,Both,22,All ages,487,Leukemia,3,Rate,2015,37.32536227864,59.36062526546,23.44527930529
1,All Population,5,Prevalence,57,Belarus,3,Both,22,All ages,487,Leukemia,3,Rate,2015,56.75243217373,85.71562754821,39.5366597521
1,All Population,5,Prevalence,164,Nepal,3,Both,22,All ages,487,Leukemia,3,Rate,2014,6.53936435534,9.20808470056,4.66003391921
1,All Population,5,Prevalence,10,Cambodia,3,Both,22,All ages,487,Leukemia,3,Rate,2014,9.554876335860001,14.2223952142,6.597092697660001
1,All Population,5,Prevalence,151,Qatar,3,Both,22,All ages,487,Leukemia,3,Rate,2014,10.78552627092,22.69469953204,5.79742369656
1,All Population,5,Prevalence,54,Slovakia,3,Both,22,All ages,487,Leukemia,3,Rate,2015,49.83155893783,75.95729013918,34.597687950250005
1,All Population,5,Prevalence,18,Thailand,3,Both,22,All ages,487,Leukemia,3,Rate,2014,19.82289558663,31.56544991922,13.957345548329998
1,All Population,5,Prevalence,203,Cabo Verde,3,Both,22,All ages,487,Leukemia,3,Rate,2014,9.267418842429999,14.93716389082,6.156430993220001
1,All Population,5,Prevalence,189,United Republic of Tanzania,3,Both,22,All ages,487,Leukemia,3,Rate,2014,4.09015354286,5.9366345134200005,2.87289711869
1,All Population,5,Prevalence,351,Guam,3,Both,22,All ages,487,Leukemia,3,Rate,2014,9.79845968677,16.610079454740003,6.50437289018
1,All Population,5,Prevalence,205,Côte d'Ivoire,3,Both,22,All ages,487,Leukemia,3,Rate,2014,3.5817257236499995,4.97888848755,2.62532538907
1,All Population,5,Prevalence,77,Cyprus,3,Both,22,All ages,487,Leukemia,3,Rate,2015,94.35746167077,174.44527710677,56.627114065369994
1,All Population,5,Prevalence,30,Vanuatu,3,Both,22,All ages,487,Leukemia,3,Rate,2015,4.31082235118,6.65531234345,2.72186988401
1,All Population,5,Prevalence,135,Brazil,3,Both,22,All ages,487,Leukemia,3,Rate,2015,11.689211168369999,16.27511047807,9.19808680633
1,All Population,5,Prevalence,128,Guatemala,3,Both,22,All ages,487,Leukemia,3,Rate,2014,13.47074636351,19.123174735430002,10.54968053608
1,All Population,5,Prevalence,422,United States Virgin Islands,3,Both,22,All ages,487,Leukemia,3,Rate,2014,25.412718575010004,34.3036687778,19.0531516864
1,All Population,5,Prevalence,143,Iraq,3,Both,22,All ages,487,Leukemia,3,Rate,2014,33.00719323503,52.255659301659996,22.76435506147
1,All Population,5,Prevalence,207,Ghana,3,Both,22,All ages,487,Leukemia,3,Rate,2014,4.00369515747,5.8941368586500005,2.66740814197
1,All Population,5,Prevalence,209,Guinea-Bissau,3,Both,22,All ages,487,Leukemia,3,Rate,2014,4.95395661321,7.08476882472,3.56744840922
1,All Population,5,Prevalence,367,Monaco,3,Both,22,All ages,487,Leukemia,3,Rate,2014,236.25165847135,426.11366051182,137.07409091781
1,All Population,5,Prevalence,110,Dominica,3,Both,22,All ages,487,Leukemia,3,Rate,2014,15.26669553437,20.77451916449,11.5100986806
1,All Population,5,Prevalence,187,Somalia,3,Both,22,All ages,487,Leukemia,3,Rate,2014,9.12938317293,14.10159693003,6.03405093338
1,All Population,5,Prevalence,139,Algeria,3,Both,22,All ages,487,Leukemia,3,Rate,2015,14.790562926749999,25.635278521500002,9.14001967612
1,All Population,5,Prevalence,38,Mongolia,3,Both,22,All ages,487,Leukemia,3,Rate,2014,8.15749526316,12.56204808498,5.98156161513
1,All Population,5,Prevalence,87,Luxembourg,3,Both,22,All ages,487,Leukemia,3,Rate,2015,95.27614860291,163.09755392542002,52.561999816969994
1,All Population,5,Prevalence,63,Ukraine,3,Both,22,All ages,487,Leukemia,3,Rate,2015,32.17209726537,45.65538459194,23.40873635303
1,All Population,5,Prevalence,89,Netherlands,3,Both,22,All ages,487,Leukemia,3,Rate,2015,136.28530182640998,177.31127554576,80.77193305182
1,All Population,5,Prevalence,136,Paraguay,3,Both,22,All ages,487,Leukemia,3,Rate,2015,14.133020134890002,20.12636746725,10.57812115245
1,All Population,5,Prevalence,40,Turkmenistan,3,Both,22,All ages,487,Leukemia,3,Rate,2015,10.80261241614,14.545989559919999,8.398014112919999
1,All Population,5,Prevalence,170,Congo,3,Both,22,All ages,487,Leukemia,3,Rate,2014,7.84750886851,10.81445116432,5.7136658555799995
1,All Population,5,Prevalence,57,Belarus,3,Both,22,All ages,487,Leukemia,3,Rate,2014,57.45730568626,87.36045619076,40.89190893484
1,All Population,5,Prevalence,101,Canada,3,Both,22,All ages,487,Leukemia,3,Rate,2015,91.57643475689,164.63125803901,51.127752046999994
1,All Population,5,Prevalence,67,Japan,3,Both,22,All ages,487,Leukemia,3,Rate,2015,53.41865493049001,112.62328958169,23.3924059096
1,All Population,5,Prevalence,132,Panama,3,Both,22,All ages,487,Leukemia,3,Rate,2015,24.26782547366,42.92124098324,15.17268793038
1,All Population,5,Prevalence,41,Uzbekistan,3,Both,22,All ages,487,Leukemia,3,Rate,2015,12.49382363244,17.78810168606,9.55531113094
1,All Population,5,Prevalence,91,Portugal,3,Both,22,All ages,487,Leukemia,3,Rate,2015,78.65287229449,134.96600744290998,46.62987344012
1,All Population,5,Prevalence,67,Japan,3,Both,22,All ages,487,Leukemia,3,Rate,2014,52.35270869827,111.49189790943,23.10585084112
1,All Population,5,Prevalence,93,Sweden,3,Both,22,All ages,487,Leukemia,3,Rate,2015,109.93990706887999,172.02397150323,66.74773518767
1,All Population,5,Prevalence,122,Ecuador,3,Both,22,All ages,487,Leukemia,3,Rate,2014,18.113666740670002,27.584829275609998,13.35975485029
1,All Population,5,Prevalence,41,Uzbekistan,3,Both,22,All ages,487,Leukemia,3,Rate,2014,11.4071763042,16.03106148062,8.83201494766
1,All Population,5,Prevalence,69,Singapore,3,Both,22,All ages,487,Leukemia,3,Rate,2015,23.62690661484,54.98154214911,10.16188904225
1,All Population,5,Prevalence,169,Central African Republic,3,Both,22,All ages,487,Leukemia,3,Rate,2015,7.33956829156,10.289225644730001,5.15733916659
1,All Population,5,Prevalence,83,Iceland,3,Both,22,All ages,487,Leukemia,3,Rate,2014,88.70636218892,139.34941079064,49.09848714945
1,All Population,5,Prevalence,110,Dominica,3,Both,22,All ages,487,Leukemia,3,Rate,2015,15.200966834119999,21.06051481263,11.39303878423
1,All Population,5,Prevalence,204,Chad,3,Both,22,All ages,487,Leukemia,3,Rate,2014,4.70563837638,6.73602788663,3.31559502397
1,All Population,5,Prevalence,102,United States of America,3,Both,22,All ages,487,Leukemia,3,Rate,2015,90.1381877298,146.08780607631,48.963690470079996
1,All Population,5,Prevalence,72,New Zealand,3,Both,22,All ages,487,Leukemia,3,Rate,2015,91.31564090593001,152.26552303193,51.18990944092
1,All Population,5,Prevalence,10,Cambodia,3,Both,22,All ages,487,Leukemia,3,Rate,2015,9.42966195563,14.389259807820002,6.5659570168000005
1,All Population,5,Prevalence,25,Micronesia (Federated States of),3,Both,22,All ages,487,Leukemia,3,Rate,2015,5.12817192757,7.17413738754,3.8405673967699996
1,All Population,5,Prevalence,44,Bosnia and Herzegovina,3,Both,22,All ages,487,Leukemia,3,Rate,2014,36.56089355067,58.6479291611,23.50459172726
1,All Population,5,Prevalence,176,Comoros,3,Both,22,All ages,487,Leukemia,3,Rate,2014,7.4063102693400005,10.44502983773,5.24180155308
1,All Population,5,Prevalence,33,Armenia,3,Both,22,All ages,487,Leukemia,3,Rate,2014,21.67223121911,30.87275155424,16.73957149322
1,All Population,5,Prevalence,127,El Salvador,3,Both,22,All ages,487,Leukemia,3,Rate,2014,23.431865227259998,35.18265897083,16.39495696635
1,All Population,5,Prevalence,197,Eswatini,3,Both,22,All ages,487,Leukemia,3,Rate,2014,8.16766206681,12.21003729537,5.18284644675
1,All Population,5,Prevalence,196,South Africa,3,Both,22,All ages,487,Leukemia,3,Rate,2014,9.16807184896,12.00126624516,7.17266649277
1,All Population,5,Prevalence,106,Bahamas,3,Both,22,All ages,487,Leukemia,3,Rate,2015,12.89387240111,18.335709260450002,9.43527820901
1,All Population,5,Prevalence,108,Belize,3,Both,22,All ages,487,Leukemia,3,Rate,2015,12.095521563790001,17.20652849891,9.28528959482
1,All Population,5,Prevalence,212,Mauritania,3,Both,22,All ages,487,Leukemia,3,Rate,2014,4.639160196,7.0129423507999995,3.11655351222
1,All Population,5,Prevalence,140,Bahrain,3,Both,22,All ages,487,Leukemia,3,Rate,2015,12.19502144991,20.63798724645,7.94119832353
1,All Population,5,Prevalence,88,Malta,3,Both,22,All ages,487,Leukemia,3,Rate,2014,57.23509870656,105.62481180642,30.00244947828
1,All Population,5,Prevalence,135,Brazil,3,Both,22,All ages,487,Leukemia,3,Rate,2014,11.33236283511,15.74591466212,9.015275825669999
1,All Population,5,Prevalence,75,Austria,3,Both,22,All ages,487,Leukemia,3,Rate,2014,109.04488883102,180.07395348544,65.46824338306
1,All Population,5,Prevalence,130,Mexico,3,Both,22,All ages,487,Leukemia,3,Rate,2015,16.0434810015,25.2255309152,11.32747434694
1,All Population,5,Prevalence,94,Switzerland,3,Both,22,All ages,487,Leukemia,3,Rate,2015,113.25990228306,177.17001907821,66.29129828085
1,All Population,5,Prevalence,141,Egypt,3,Both,22,All ages,487,Leukemia,3,Rate,2015,23.90003615409,34.15326688691,16.783948535100002
1,All Population,5,Prevalence,150,Oman,3,Both,22,All ages,487,Leukemia,3,Rate,2015,8.94323759275,15.7375924607,5.84244661733
1,All Population,5,Prevalence,106,Bahamas,3,Both,22,All ages,487,Leukemia,3,Rate,2014,12.848540941409999,18.16382113764,9.47244766951
1,All Population,5,Prevalence,143,Iraq,3,Both,22,All ages,487,Leukemia,3,Rate,2015,32.88035578942,51.02697664621,22.14975890124
1,All Population,5,Prevalence,117,Saint Vincent and the Grenadines,3,Both,22,All ages,487,Leukemia,3,Rate,2015,17.486132612029998,22.50527612513,13.60150457193
1,All Population,5,Prevalence,98,Chile,3,Both,22,All ages,487,Leukemia,3,Rate,2015,18.85869822493,31.39295923334,12.25522188231
1,All Population,5,Prevalence,145,Kuwait,3,Both,22,All ages,487,Leukemia,3,Rate,2015,25.13300482148,53.87183920814999,12.1095981892
1,All Population,5,Prevalence,147,Libya,3,Both,22,All ages,487,Leukemia,3,Rate,2015,26.78617517813,46.27166423952,17.00268336157
1,All Population,5,Prevalence,109,Cuba,3,Both,22,All ages,487,Leukemia,3,Rate,2014,21.88377752909,35.35726124609,14.694691700469999
1,All Population,5,Prevalence,51,Poland,3,Both,22,All ages,487,Leukemia,3,Rate,2014,46.71256312848,65.21960280085,35.28294279092
1,All Population,5,Prevalence,83,Iceland,3,Both,22,All ages,487,Leukemia,3,Rate,2015,87.95029240630001,137.3170450486,48.90741391753
1,All Population,5,Prevalence,19,Timor-Leste,3,Both,22,All ages,487,Leukemia,3,Rate,2015,10.91004059334,16.15488798461,7.62625092318
1,All Population,5,Prevalence,51,Poland,3,Both,22,All ages,487,Leukemia,3,Rate,2015,46.80199331563,65.79617735261,35.05442173705
1,All Population,5,Prevalence,85,Israel,3,Both,22,All ages,487,Leukemia,3,Rate,2015,81.08193475812,140.91626989028,45.82113765435
1,All Population,5,Prevalence,80,France,3,Both,22,All ages,487,Leukemia,3,Rate,2015,116.07670471941,192.07540094423,65.55264242567999
1,All Population,5,Prevalence,161,Bangladesh,3,Both,22,All ages,487,Leukemia,3,Rate,2015,9.384337306599999,13.38250935794,6.568875515589999
1,All Population,5,Prevalence,95,United Kingdom,3,Both,22,All ages,487,Leukemia,3,Rate,2015,60.83182861281,92.29687962087,37.68442374819
1,All Population,5,Prevalence,349,Greenland,3,Both,22,All ages,487,Leukemia,3,Rate,2014,14.91016767174,22.38535264198,9.95025202491
1,All Population,5,Prevalence,71,Australia,3,Both,22,All ages,487,Leukemia,3,Rate,2015,110.51098917233,135.91825846935998,90.47064277408
1,All Population,5,Prevalence,380,Palau,3,Both,22,All ages,487,Leukemia,3,Rate,2014,7.899749162909999,11.056863133579999,5.864431779489999
1,All Population,5,Prevalence,298,American Samoa,3,Both,22,All ages,487,Leukemia,3,Rate,2014,7.382916107570001,9.98511543465,5.7292732361
1,All Population,5,Prevalence,118,Suriname,3,Both,22,All ages,487,Leukemia,3,Rate,2015,10.91295999339,15.08698429932,7.85766456439
1,All Population,5,Prevalence,58,Estonia,3,Both,22,All ages,487,Leukemia,3,Rate,2015,82.97192144374,127.05059341088,57.576432035299995
1,All Population,5,Prevalence,105,Antigua and Barbuda,3,Both,22,All ages,487,Leukemia,3,Rate,2015,12.20105907508,18.50938003332,8.775491994269998
1,All Population,5,Prevalence,182,Malawi,3,Both,22,All ages,487,Leukemia,3,Rate,2014,4.42404804524,6.3019828992799996,2.93585865167
1,All Population,5,Prevalence,26,Papua New Guinea,3,Both,22,All ages,487,Leukemia,3,Rate,2015,5.77085582708,8.87459177006,3.63777654726
1,All Population,5,Prevalence,196,South Africa,3,Both,22,All ages,487,Leukemia,3,Rate,2015,9.29729841979,12.524912546229999,7.32668077708
1,All Population,5,Prevalence,207,Ghana,3,Both,22,All ages,487,Leukemia,3,Rate,2015,4.05062554975,5.97328967064,2.6725503642599997
1,All Population,5,Prevalence,82,Greece,3,Both,22,All ages,487,Leukemia,3,Rate,2014,103.90743557901,184.07242560889,62.37285794413
1,All Population,5,Prevalence,33,Armenia,3,Both,22,All ages,487,Leukemia,3,Rate,2015,22.52937603302,31.05375806707,17.04053620137
1,All Population,5,Prevalence,6,China,3,Both,22,All ages,487,Leukemia,3,Rate,2015,35.34476817744,59.03683166239,22.74969958847
1,All Population,5,Prevalence,177,Djibouti,3,Both,22,All ages,487,Leukemia,3,Rate,2015,8.89459642137,12.682436024780001,6.132180226840001
1,All Population,5,Prevalence,351,Guam,3,Both,22,All ages,487,Leukemia,3,Rate,2015,12.01862444761,18.44144810546,8.3134029947
1,All Population,5,Prevalence,189,United Republic of Tanzania,3,Both,22,All ages,487,Leukemia,3,Rate,2015,4.20615559795,6.14201342378,2.92669288846
1,All Population,5,Prevalence,89,Netherlands,3,Both,22,All ages,487,Leukemia,3,Rate,2014,137.13701395017,177.85328596348998,82.40580150358
1,All Population,5,Prevalence,153,Syrian Arab Republic,3,Both,22,All ages,487,Leukemia,3,Rate,2014,23.50143012495,37.65737108109,15.422490913659999
1,All Population,5,Prevalence,191,Zambia,3,Both,22,All ages,487,Leukemia,3,Rate,2014,3.68144350802,5.08158522692,2.64957887357
1,All Population,5,Prevalence,183,Mauritius,3,Both,22,All ages,487,Leukemia,3,Rate,2015,14.14017463611,19.361200259740002,10.7668418441
1,All Population,5,Prevalence,125,Colombia,3,Both,22,All ages,487,Leukemia,3,Rate,2015,21.17197724236,35.826019734,13.65358523747
1,All Population,5,Prevalence,112,Grenada,3,Both,22,All ages,487,Leukemia,3,Rate,2014,15.666089617370002,20.82520004602,12.161450587540001
1,All Population,5,Prevalence,43,Albania,3,Both,22,All ages,487,Leukemia,3,Rate,2015,27.65915233105,48.905687600229996,16.08389957493
1,All Population,5,Prevalence,43,Albania,3,Both,22,All ages,487,Leukemia,3,Rate,2014,26.74981366319,46.37255688387,15.50703398516
1,All Population,5,Prevalence,180,Kenya,3,Both,22,All ages,487,Leukemia,3,Rate,2015,9.237601844810001,12.80244335478,6.820060588
1,All Population,5,Prevalence,305,Bermuda,3,Both,22,All ages,487,Leukemia,3,Rate,2015,33.20638520888,62.60950527882,19.91270701832
1,All Population,5,Prevalence,127,El Salvador,3,Both,22,All ages,487,Leukemia,3,Rate,2015,25.10949449724,37.684203755190005,17.28869190498
1,All Population,5,Prevalence,182,Malawi,3,Both,22,All ages,487,Leukemia,3,Rate,2015,4.33897075229,6.31227397018,2.8356135450399997
1,All Population,5,Prevalence,45,Bulgaria,3,Both,22,All ages,487,Leukemia,3,Rate,2015,24.87915087886,35.47986008987,18.630392897369997
1,All Population,5,Prevalence,184,Mozambique,3,Both,22,All ages,487,Leukemia,3,Rate,2015,5.08160516122,7.28828385094,3.59953177903
1,All Population,5,Prevalence,129,Honduras,3,Both,22,All ages,487,Leukemia,3,Rate,2015,8.46532630978,11.86534948632,6.02166335575
1,All Population,5,Prevalence,47,Czechia,3,Both,22,All ages,487,Leukemia,3,Rate,2015,70.92959019675,110.71281170024999,50.563897758500005
1,All Population,5,Prevalence,131,Nicaragua,3,Both,22,All ages,487,Leukemia,3,Rate,2015,17.86361361935,29.09208048305,12.58747951052
1,All Population,5,Prevalence,369,Nauru,3,Both,22,All ages,487,Leukemia,3,Rate,2014,7.9155463058999995,11.35181212945,5.56979931407
1,All Population,5,Prevalence,385,Puerto Rico,3,Both,22,All ages,487,Leukemia,3,Rate,2015,29.95348029176,51.07862127274,19.44595526578
1,All Population,5,Prevalence,59,Latvia,3,Both,22,All ages,487,Leukemia,3,Rate,2014,62.298289326079995,91.09814187517,45.03133319538
1,All Population,5,Prevalence,46,Croatia,3,Both,22,All ages,487,Leukemia,3,Rate,2014,75.22378897184,116.07805308644,52.64184710601
1,All Population,5,Prevalence,59,Latvia,3,Both,22,All ages,487,Leukemia,3,Rate,2015,60.890146576019994,87.44904462134001,43.31596088455
1,All Population,5,Prevalence,210,Liberia,3,Both,22,All ages,487,Leukemia,3,Rate,2015,4.7698308014499995,7.08169993262,3.06352000428
1,All Population,5,Prevalence,46,Croatia,3,Both,22,All ages,487,Leukemia,3,Rate,2015,77.17865313611,118.5069097983,53.13281839281
1,All Population,5,Prevalence,164,Nepal,3,Both,22,All ages,487,Leukemia,3,Rate,2015,6.4774939965,9.21339359783,4.5903198139
1,All Population,5,Prevalence,197,Eswatini,3,Both,22,All ages,487,Leukemia,3,Rate,2015,7.8788239422299995,11.72857367742,5.02406836372
1,All Population,5,Prevalence,149,Palestine,3,Both,22,All ages,487,Leukemia,3,Rate,2015,22.4641000777,37.93403400885,15.7398488058
1,All Population,5,Prevalence,48,Hungary,3,Both,22,All ages,487,Leukemia,3,Rate,2015,58.091057246329996,84.38354255393,42.01532851469
1,All Population,5,Prevalence,69,Singapore,3,Both,22,All ages,487,Leukemia,3,Rate,2014,22.69651027441,55.117479052789996,9.6844040141
1,All Population,5,Prevalence,28,Solomon Islands,3,Both,22,All ages,487,Leukemia,3,Rate,2014,5.2918622936,7.9527829820800005,3.53018616372
1,All Population,5,Prevalence,171,Democratic Republic of the Congo,3,Both,22,All ages,487,Leukemia,3,Rate,2015,8.44764717939,12.5402475625,6.00582679562
1,All Population,5,Prevalence,79,Finland,3,Both,22,All ages,487,Leukemia,3,Rate,2015,75.4362873844,112.3467197953,53.749733642500004
1,All Population,5,Prevalence,130,Mexico,3,Both,22,All ages,487,Leukemia,3,Rate,2014,16.1479968205,25.562520550480002,11.49086652223
1,All Population,5,Prevalence,151,Qatar,3,Both,22,All ages,487,Leukemia,3,Rate,2015,11.06655109779,23.40867596615,5.6262583809599995
1,All Population,5,Prevalence,145,Kuwait,3,Both,22,All ages,487,Leukemia,3,Rate,2014,24.46895872615,54.867251220350006,11.64637308816
1,All Population,5,Prevalence,172,Equatorial Guinea,3,Both,22,All ages,487,Leukemia,3,Rate,2015,7.11269952677,10.43238030302,4.91913254676
1,All Population,5,Prevalence,202,Cameroon,3,Both,22,All ages,487,Leukemia,3,Rate,2015,5.18598468285,7.5016338324700005,3.38599142134
1,All Population,5,Prevalence,206,Gambia,3,Both,22,All ages,487,Leukemia,3,Rate,2014,1.61849862625,2.32944401379,1.06631786451
1,All Population,5,Prevalence,153,Syrian Arab Republic,3,Both,22,All ages,487,Leukemia,3,Rate,2015,24.25105913303,37.48111667916,15.6017536645
1,All Population,5,Prevalence,187,Somalia,3,Both,22,All ages,487,Leukemia,3,Rate,2015,8.806050040859999,13.688570694589998,5.7803848824
1,All Population,5,Prevalence,129,Honduras,3,Both,22,All ages,487,Leukemia,3,Rate,2014,8.52768161756,12.30437371493,6.02466330691
1,All Population,5,Prevalence,74,Andorra,3,Both,22,All ages,487,Leukemia,3,Rate,2015,124.18560048677999,216.70131392014002,69.91398336537
1,All Population,5,Prevalence,198,Zimbabwe,3,Both,22,All ages,487,Leukemia,3,Rate,2014,5.8794213955300005,8.49479733519,4.07820019344
1,All Population,5,Prevalence,155,Türkiye,3,Both,22,All ages,487,Leukemia,3,Rate,2015,26.600087636660003,45.73980509775,18.47285548776
1,All Population,5,Prevalence,374,Niue,3,Both,22,All ages,487,Leukemia,3,Rate,2015,7.05427929419,10.602646730410001,4.70593341616
1,All Population,5,Prevalence,217,Sierra Leone,3,Both,22,All ages,487,Leukemia,3,Rate,2015,5.01748326856,7.29849913463,3.35739164486
1,All Population,5,Prevalence,320,Cook Islands,3,Both,22,All ages,487,Leukemia,3,Rate,2015,4.42977360332,8.12009859492,2.50597863537
1,All Population,5,Prevalence,522,Sudan,3,Both,22,All ages,487,Leukemia,3,Rate,2014,20.19563219088,30.92010879698,12.484542042389998
1,All Population,5,Prevalence,85,Israel,3,Both,22,All ages,487,Leukemia,3,Rate,2014,82.59844614599,147.25897693155,47.39734322769
1,All Population,5,Prevalence,201,Burkina Faso,3,Both,22,All ages,487,Leukemia,3,Rate,2014,4.0826057347999996,6.04031997174,2.76523790828
1,All Population,5,Prevalence,27,Samoa,3,Both,22,All ages,487,Leukemia,3,Rate,2015,19.43299748406,28.66183306292,12.52974216061
1,All Population,5,Prevalence,12,Lao People's Democratic Republic,3,Both,22,All ages,487,Leukemia,3,Rate,2015,8.93571489382,12.88286558866,6.0353910934099995
1,All Population,5,Prevalence,152,Saudi Arabia,3,Both,22,All ages,487,Leukemia,3,Rate,2015,14.231868936689999,25.255741379920003,9.27033967185
1,All Population,5,Prevalence,142,Iran (Islamic Republic of),3,Both,22,All ages,487,Leukemia,3,Rate,2015,40.29661974518,74.3305915687,25.437978316280002
1,All Population,5,Prevalence,98,Chile,3,Both,22,All ages,487,Leukemia,3,Rate,2014,18.833332786790002,31.93388844987,12.4828081407
1,All Population,5,Prevalence,109,Cuba,3,Both,22,All ages,487,Leukemia,3,Rate,2015,22.41564561553,36.06670809059,15.10060722553
1,All Population,5,Prevalence,422,United States Virgin Islands,3,Both,22,All ages,487,Leukemia,3,Rate,2015,25.57803821513,34.64579217435,18.7815959125
1,All Population,5,Prevalence,126,Costa Rica,3,Both,22,All ages,487,Leukemia,3,Rate,2015,26.670528835349998,48.64691562777,16.34496085657
1,All Population,5,Prevalence,66,Brunei Darussalam,3,Both,22,All ages,487,Leukemia,3,Rate,2015,15.94300370042,23.16401945851,11.737634705560001
1,All Population,5,Prevalence,156,United Arab Emirates,3,Both,22,All ages,487,Leukemia,3,Rate,2015,8.283893882980001,13.513975325809998,5.8113724521500005
1,All Population,5,Prevalence,298,American Samoa,3,Both,22,All ages,487,Leukemia,3,Rate,2015,7.56641985623,10.1019610153,5.79661903242
1,All Population,5,Prevalence,77,Cyprus,3,Both,22,All ages,487,Leukemia,3,Rate,2014,93.16271267692001,172.76577786926,56.80880301152
1,All Population,5,Prevalence,90,Norway,3,Both,22,All ages,487,Leukemia,3,Rate,2014,68.46305490903,93.77135693589,50.774861726130005
1,All Population,5,Prevalence,163,India,3,Both,22,All ages,487,Leukemia,3,Rate,2015,6.812199314210001,9.26678379408,5.18513571215
1,All Population,5,Prevalence,53,Serbia,3,Both,22,All ages,487,Leukemia,3,Rate,2015,38.31587497196,53.37216250084,28.31921155003
1,All Population,5,Prevalence,107,Barbados,3,Both,22,All ages,487,Leukemia,3,Rate,2015,21.66723548372,29.85094799135,16.5088700355
1,All Population,5,Prevalence,60,Lithuania,3,Both,22,All ages,487,Leukemia,3,Rate,2015,56.08255293029001,81.99303944328,40.25310795572
1,All Population,5,Prevalence,55,Slovenia,3,Both,22,All ages,487,Leukemia,3,Rate,2015,127.03546948318,200.03777291295,83.39521580220999
1,All Population,5,Prevalence,119,Trinidad and Tobago,3,Both,22,All ages,487,Leukemia,3,Rate,2015,13.471290794419998,19.13203757082,10.17996382397
1,All Population,5,Prevalence,184,Mozambique,3,Both,22,All ages,487,Leukemia,3,Rate,2014,5.22828850325,7.34426680032,3.7020864702200003
1,All Population,5,Prevalence,211,Mali,3,Both,22,All ages,487,Leukemia,3,Rate,2015,4.02103270806,5.9996810815599995,2.61364331976
1,All Population,5,Prevalence,82,Greece,3,Both,22,All ages,487,Leukemia,3,Rate,2015,99.98719515164,174.75400650394,59.78228158339
1,All Population,5,Prevalence,35,Georgia,3,Both,22,All ages,487,Leukemia,3,Rate,2014,24.625056940030003,31.396181737350002,20.05865995975
1,All Population,5,Prevalence,203,Cabo Verde,3,Both,22,All ages,487,Leukemia,3,Rate,2015,9.20313171709,14.487967956030001,6.06392461226
1,All Population,5,Prevalence,393,Saint Kitts and Nevis,3,Both,22,All ages,487,Leukemia,3,Rate,2014,16.07670549193,20.01344728765,12.95770208792
1,All Population,5,Prevalence,198,Zimbabwe,3,Both,22,All ages,487,Leukemia,3,Rate,2015,5.90036141882,8.45981377309,4.11837715513
1,All Population,5,Prevalence,11,Indonesia,3,Both,22,All ages,487,Leukemia,3,Rate,2015,10.57406087217,16.1884074393,7.09212085622
1,All Population,5,Prevalence,25,Micronesia (Federated States of),3,Both,22,All ages,487,Leukemia,3,Rate,2016,5.08732237152,7.14437782792,3.87114030347
1,All Population,5,Prevalence,20,Viet Nam,3,Both,22,All ages,487,Leukemia,3,Rate,2014,10.392241041150001,17.062244720589998,6.9835781487899995
1,All Population,5,Prevalence,40,Turkmenistan,3,Both,22,All ages,487,Leukemia,3,Rate,2016,10.84000068058,14.617211165450001,8.50673371219
1,All Population,5,Prevalence,97,Argentina,3,Both,22,All ages,487,Leukemia,3,Rate,2015,19.31741260116,29.05240303683,14.169822455230001
1,All Population,5,Prevalence,114,Haiti,3,Both,22,All ages,487,Leukemia,3,Rate,2014,12.124512769699999,17.14405849433,7.37643890946
1,All Population,5,Prevalence,193,Botswana,3,Both,22,All ages,487,Leukemia,3,Rate,2014,5.588647820199999,8.03699728509,3.8882323648700003
1,All Population,5,Prevalence,91,Portugal,3,Both,22,All ages,487,Leukemia,3,Rate,2014,77.75273413091999,138.51306712752998,46.52008462223
1,All Population,5,Prevalence,102,United States of America,3,Both,22,All ages,487,Leukemia,3,Rate,2016,88.92925292676999,144.41259041628,47.83163776519
1,All Population,5,Prevalence,30,Vanuatu,3,Both,22,All ages,487,Leukemia,3,Rate,2014,4.3161771064900005,6.52403002354,2.75541041864
1,All Population,5,Prevalence,435,South Sudan,3,Both,22,All ages,487,Leukemia,3,Rate,2015,9.53606905754,13.57902792183,6.26653537175
1,All Population,5,Prevalence,522,Sudan,3,Both,22,All ages,487,Leukemia,3,Rate,2015,20.34823284849,31.715486732789998,12.89618761304
1,All Population,5,Prevalence,35,Georgia,3,Both,22,All ages,487,Leukemia,3,Rate,2015,25.99387793341,33.287475310050006,21.11642981936
1,All Population,5,Prevalence,72,New Zealand,3,Both,22,All ages,487,Leukemia,3,Rate,2016,90.10974727787999,147.64783173899,49.863714608719995
1,All Population,5,Prevalence,179,Ethiopia,3,Both,22,All ages,487,Leukemia,3,Rate,2015,27.0476579526,40.88557556317,18.87335792392
1,All Population,5,Prevalence,59,Latvia,3,Both,22,All ages,487,Leukemia,3,Rate,2016,60.253137333699996,84.58501729573001,43.04438787062
1,All Population,5,Prevalence,50,Montenegro,3,Both,22,All ages,487,Leukemia,3,Rate,2015,66.40789829165,105.61120601447001,44.98708910172
1,All Population,5,Prevalence,141,Egypt,3,Both,22,All ages,487,Leukemia,3,Rate,2016,24.29008111544,34.156090642180004,16.91190129856
1,All Population,5,Prevalence,173,Gabon,3,Both,22,All ages,487,Leukemia,3,Rate,2015,9.28302884194,12.87334083845,6.61840826429
1,All Population,5,Prevalence,61,Republic of Moldova,3,Both,22,All ages,487,Leukemia,3,Rate,2015,16.06580513141,23.65904622062,11.84259718789
1,All Population,5,Prevalence,168,Angola,3,Both,22,All ages,487,Leukemia,3,Rate,2015,10.625391226600001,15.087637688830002,7.57784912439
1,All Population,5,Prevalence,12,Lao People's Democratic Republic,3,Both,22,All ages,487,Leukemia,3,Rate,2016,8.96856459984,13.255475066230002,6.05197315876
1,All Population,5,Prevalence,106,Bahamas,3,Both,22,All ages,487,Leukemia,3,Rate,2016,13.222967910709999,18.926666780050002,9.534861674150001
1,All Population,5,Prevalence,376,Northern Mariana Islands,3,Both,22,All ages,487,Leukemia,3,Rate,2015,7.02234167869,10.910849066,4.46364583797
1,All Population,5,Prevalence,12,Lao People's Democratic Republic,3,Both,22,All ages,487,Leukemia,3,Rate,2014,8.72176203807,12.55731781456,5.97406618724
1,All Population,5,Prevalence,57,Belarus,3,Both,22,All ages,487,Leukemia,3,Rate,2016,59.378857668849996,93.34648887867999,40.9396078829
1,All Population,5,Prevalence,87,Luxembourg,3,Both,22,All ages,487,Leukemia,3,Rate,2016,91.8278365658,158.03519179892,51.249509507060004
1,All Population,5,Prevalence,178,Eritrea,3,Both,22,All ages,487,Leukemia,3,Rate,2015,11.959410615880001,16.85728779184,8.32365828257
1,All Population,5,Prevalence,17,Sri Lanka,3,Both,22,All ages,487,Leukemia,3,Rate,2016,14.30417587684,22.73355559454,9.98962632521
1,All Population,5,Prevalence,126,Costa Rica,3,Both,22,All ages,487,Leukemia,3,Rate,2016,26.59449511076,50.25989354126,16.20952389979
1,All Population,5,Prevalence,94,Switzerland,3,Both,22,All ages,487,Leukemia,3,Rate,2016,108.79483964372999,168.82988410493002,64.72621819509999
1,All Population,5,Prevalence,79,Finland,3,Both,22,All ages,487,Leukemia,3,Rate,2016,77.92298231248,112.600282162,55.6846664723
1,All Population,5,Prevalence,34,Azerbaijan,3,Both,22,All ages,487,Leukemia,3,Rate,2016,15.327706186690001,23.2147661547,11.232122872889999
1,All Population,5,Prevalence,385,Puerto Rico,3,Both,22,All ages,487,Leukemia,3,Rate,2014,29.01013792902,50.25688154991,18.7869934815
1,All Population,5,Prevalence,76,Belgium,3,Both,22,All ages,487,Leukemia,3,Rate,2015,92.33220274634999,163.79755118429,52.24189340102
1,All Population,5,Prevalence,14,Maldives,3,Both,22,All ages,487,Leukemia,3,Rate,2015,8.90637124379,15.97983209441,5.9973404249
1,All Population,5,Prevalence,133,Venezuela (Bolivarian Republic of),3,Both,22,All ages,487,Leukemia,3,Rate,2016,14.868935668229998,23.14771454813,10.71574527115
1,All Population,5,Prevalence,62,Russian Federation,3,Both,22,All ages,487,Leukemia,3,Rate,2015,34.67066093711,51.317639496880005,24.449158337639997
1,All Population,5,Prevalence,18,Thailand,3,Both,22,All ages,487,Leukemia,3,Rate,2016,19.26710279732,32.28002372117,13.2616728203
1,All Population,5,Prevalence,84,Ireland,3,Both,22,All ages,487,Leukemia,3,Rate,2016,87.27006726970001,137.46154464189,50.68452024135001
1,All Population,5,Prevalence,95,United Kingdom,3,Both,22,All ages,487,Leukemia,3,Rate,2016,59.829143707309996,88.6257998636,36.97267075131
1,All Population,5,Prevalence,110,Dominica,3,Both,22,All ages,487,Leukemia,3,Rate,2016,15.34326821819,20.58515523716,11.29034973474
1,All Population,5,Prevalence,7,Democratic People's Republic of Korea,3,Both,22,All ages,487,Leukemia,3,Rate,2016,22.09588712527,37.52625423083,13.571202762710001
1,All Population,5,Prevalence,92,Spain,3,Both,22,All ages,487,Leukemia,3,Rate,2016,93.94226808809,151.30740878064,53.75012204015
1,All Population,5,Prevalence,154,Tunisia,3,Both,22,All ages,487,Leukemia,3,Rate,2015,47.00277040142,80.48719317647,31.331443437409998
1,All Population,5,Prevalence,152,Saudi Arabia,3,Both,22,All ages,487,Leukemia,3,Rate,2016,14.760434166000001,25.95803956971,9.398341454599999
1,All Population,5,Prevalence,200,Benin,3,Both,22,All ages,487,Leukemia,3,Rate,2016,12.10196028309,17.398876139320002,8.17390522661
1,All Population,5,Prevalence,144,Jordan,3,Both,22,All ages,487,Leukemia,3,Rate,2015,25.79589101691,53.27090121241,14.73782136064
1,All Population,5,Prevalence,45,Bulgaria,3,Both,22,All ages,487,Leukemia,3,Rate,2016,24.973129234880002,35.09490136476,18.4831766025
1,All Population,5,Prevalence,131,Nicaragua,3,Both,22,All ages,487,Leukemia,3,Rate,2016,18.23868049183,29.10787636788,12.90333609561
1,All Population,5,Prevalence,121,Bolivia (Plurinational State of),3,Both,22,All ages,487,Leukemia,3,Rate,2015,17.16118971077,25.49303417243,11.98108428294
1,All Population,5,Prevalence,29,Tonga,3,Both,22,All ages,487,Leukemia,3,Rate,2015,4.03141248085,6.1140206381399995,2.56179832295
1,All Population,5,Prevalence,10,Cambodia,3,Both,22,All ages,487,Leukemia,3,Rate,2016,9.36068744788,13.98378230852,6.637880564960001
1,All Population,5,Prevalence,186,Seychelles,3,Both,22,All ages,487,Leukemia,3,Rate,2016,23.03608913274,30.794996264530003,17.07493867088
1,All Population,5,Prevalence,128,Guatemala,3,Both,22,All ages,487,Leukemia,3,Rate,2015,13.662257897449999,19.243605133990002,10.85149140337
1,All Population,5,Prevalence,109,Cuba,3,Both,22,All ages,487,Leukemia,3,Rate,2016,21.98801644067,35.48298161012,14.778990657649999
1,All Population,5,Prevalence,111,Dominican Republic,3,Both,22,All ages,487,Leukemia,3,Rate,2015,9.14274678967,12.64465975545,6.92547362721
1,All Population,5,Prevalence,6,China,3,Both,22,All ages,487,Leukemia,3,Rate,2016,36.48915541214,59.384233412819995,23.62355030382
1,All Population,5,Prevalence,160,Afghanistan,3,Both,22,All ages,487,Leukemia,3,Rate,2015,15.24371250386,23.05817597169,8.47551285312
1,All Population,5,Prevalence,132,Panama,3,Both,22,All ages,487,Leukemia,3,Rate,2016,25.20318748771,45.188606223019995,15.461199809570001
1,All Population,5,Prevalence,49,North Macedonia,3,Both,22,All ages,487,Leukemia,3,Rate,2016,15.72826996261,26.77349654158,10.43180163217
1,All Population,5,Prevalence,320,Cook Islands,3,Both,22,All ages,487,Leukemia,3,Rate,2016,4.54262336365,8.94234089936,2.46537583337
1,All Population,5,Prevalence,66,Brunei Darussalam,3,Both,22,All ages,487,Leukemia,3,Rate,2016,16.19998306275,23.30245198186,11.85467374713
1,All Population,5,Prevalence,125,Colombia,3,Both,22,All ages,487,Leukemia,3,Rate,2016,21.15898627215,37.63142518648,13.439370419809999
1,All Population,5,Prevalence,171,Democratic Republic of the Congo,3,Both,22,All ages,487,Leukemia,3,Rate,2016,8.451607172300001,12.42840691789,5.9938352131
1,All Population,5,Prevalence,206,Gambia,3,Both,22,All ages,487,Leukemia,3,Rate,2016,1.60824599873,2.28604547518,1.07205668812
1,All Population,5,Prevalence,53,Serbia,3,Both,22,All ages,487,Leukemia,3,Rate,2016,37.57886579388,52.806025837869996,27.64432389274
1,All Population,5,Prevalence,178,Eritrea,3,Both,22,All ages,487,Leukemia,3,Rate,2016,12.24099389582,17.24979862652,8.554583086200001
1,All Population,5,Prevalence,58,Estonia,3,Both,22,All ages,487,Leukemia,3,Rate,2016,87.03329072377001,137.2980081105,60.72927468454
1,All Population,5,Prevalence,41,Uzbekistan,3,Both,22,All ages,487,Leukemia,3,Rate,2016,13.446337790260001,19.279507702009997,10.24394167368
1,All Population,5,Prevalence,374,Niue,3,Both,22,All ages,487,Leukemia,3,Rate,2016,7.0056250892700005,10.38981339158,4.64001987677
1,All Population,5,Prevalence,298,American Samoa,3,Both,22,All ages,487,Leukemia,3,Rate,2016,7.89697535039,10.44807743332,5.921180656500001
1,All Population,5,Prevalence,139,Algeria,3,Both,22,All ages,487,Leukemia,3,Rate,2016,14.99382338888,26.78853971471,9.082431330859999
1,All Population,5,Prevalence,200,Benin,3,Both,22,All ages,487,Leukemia,3,Rate,2015,12.129756776759999,17.93806242845,8.29447969008
1,All Population,5,Prevalence,63,Ukraine,3,Both,22,All ages,487,Leukemia,3,Rate,2016,31.93727727812,45.49040861466,23.47121141527
1,All Population,5,Prevalence,435,South Sudan,3,Both,22,All ages,487,Leukemia,3,Rate,2016,9.75178852964,14.13298794937,6.56267223692
1,All Population,5,Prevalence,176,Comoros,3,Both,22,All ages,487,Leukemia,3,Rate,2016,7.18879491908,9.83989301045,4.98464925764
1,All Population,5,Prevalence,211,Mali,3,Both,22,All ages,487,Leukemia,3,Rate,2016,4.70913917913,6.985225599740001,2.9890958795099998
1,All Population,5,Prevalence,393,Saint Kitts and Nevis,3,Both,22,All ages,487,Leukemia,3,Rate,2016,16.4884021376,20.59477193802,13.41720286912
1,All Population,5,Prevalence,369,Nauru,3,Both,22,All ages,487,Leukemia,3,Rate,2015,7.88056319009,11.52574510424,5.6187665861500005
1,All Population,5,Prevalence,84,Ireland,3,Both,22,All ages,487,Leukemia,3,Rate,2015,84.98993692668,132.91681395468,47.83633863462
1,All Population,5,Prevalence,80,France,3,Both,22,All ages,487,Leukemia,3,Rate,2016,114.31554814108999,189.8213741202,63.74774995328
1,All Population,5,Prevalence,26,Papua New Guinea,3,Both,22,All ages,487,Leukemia,3,Rate,2016,5.655377587089999,8.72721552352,3.6968288285799997
1,All Population,5,Prevalence,376,Northern Mariana Islands,3,Both,22,All ages,487,Leukemia,3,Rate,2016,7.29875178068,11.270470298940001,4.47206510455
1,All Population,5,Prevalence,202,Cameroon,3,Both,22,All ages,487,Leukemia,3,Rate,2016,5.35434624078,7.7331434661300005,3.51039857117
1,All Population,5,Prevalence,218,Togo,3,Both,22,All ages,487,Leukemia,3,Rate,2016,4.21437969746,5.87292673637,2.73754016614
1,All Population,5,Prevalence,48,Hungary,3,Both,22,All ages,487,Leukemia,3,Rate,2016,56.013127118119996,84.4086320882,40.189658562519995
1,All Population,5,Prevalence,22,Fiji,3,Both,22,All ages,487,Leukemia,3,Rate,2014,6.944032449210001,9.474602640179999,5.35233101999
1,All Population,5,Prevalence,172,Equatorial Guinea,3,Both,22,All ages,487,Leukemia,3,Rate,2016,7.10590234486,10.64721017733,4.9467088207400005
1,All Population,5,Prevalence,367,Monaco,3,Both,22,All ages,487,Leukemia,3,Rate,2016,244.03404632318,419.24874063753,132.237245877
1,All Population,5,Prevalence,111,Dominican Republic,3,Both,22,All ages,487,Leukemia,3,Rate,2014,9.123309954629999,12.75645803589,6.9583764100100005
1,All Population,5,Prevalence,66,Brunei Darussalam,3,Both,22,All ages,487,Leukemia,3,Rate,2017,16.5405178985,22.65310038601,12.01302303728
1,All Population,5,Prevalence,163,India,3,Both,22,All ages,487,Leukemia,3,Rate,2016,6.8581091589100005,9.27299835374,5.15929321253
1,All Population,5,Prevalence,71,Australia,3,Both,22,All ages,487,Leukemia,3,Rate,2016,108.69461278192999,132.98392916015,87.82674012633
1,All Population,5,Prevalence,11,Indonesia,3,Both,22,All ages,487,Leukemia,3,Rate,2016,10.57408212318,16.600614730449998,7.27960961573
1,All Population,5,Prevalence,214,Nigeria,3,Both,22,All ages,487,Leukemia,3,Rate,2016,5.5297915491000005,7.93235510491,3.93282203957
1,All Population,5,Prevalence,119,Trinidad and Tobago,3,Both,22,All ages,487,Leukemia,3,Rate,2016,13.981365590740001,19.47848129831,10.38002200187
1,All Population,5,Prevalence,29,Tonga,3,Both,22,All ages,487,Leukemia,3,Rate,2017,4.00045957858,6.31753586505,2.53075562803
1,All Population,5,Prevalence,93,Sweden,3,Both,22,All ages,487,Leukemia,3,Rate,2014,115.06402091573001,180.12807329669,70.293463616
1,All Population,5,Prevalence,74,Andorra,3,Both,22,All ages,487,Leukemia,3,Rate,2016,122.59842285085,215.17711476576,66.40009998834
1,All Population,5,Prevalence,170,Congo,3,Both,22,All ages,487,Leukemia,3,Rate,2015,7.74902536905,10.74847671086,5.55290979583
1,All Population,5,Prevalence,108,Belize,3,Both,22,All ages,487,Leukemia,3,Rate,2016,12.202274789479999,16.869610515159998,9.32661767137
1,All Population,5,Prevalence,126,Costa Rica,3,Both,22,All ages,487,Leukemia,3,Rate,2017,26.227034461149998,48.36365516349,15.94182288903
1,All Population,5,Prevalence,49,North Macedonia,3,Both,22,All ages,487,Leukemia,3,Rate,2017,15.592157064739999,26.651028700890002,10.3376883907
1,All Population,5,Prevalence,128,Guatemala,3,Both,22,All ages,487,Leukemia,3,Rate,2017,14.00832012369,19.73866655711,11.05455302019
1,All Population,5,Prevalence,196,South Africa,3,Both,22,All ages,487,Leukemia,3,Rate,2016,9.32240987843,12.53644809038,7.162969479839999
1,All Population,5,Prevalence,58,Estonia,3,Both,22,All ages,487,Leukemia,3,Rate,2017,88.82771295733001,138.09932373582998,61.135821464159996
1,All Population,5,Prevalence,99,Uruguay,3,Both,22,All ages,487,Leukemia,3,Rate,2015,35.46682444209,53.40409091249,25.393593532620002
1,All Population,5,Prevalence,105,Antigua and Barbuda,3,Both,22,All ages,487,Leukemia,3,Rate,2016,12.578809120730002,19.05602143188,9.06078434372
1,All Population,5,Prevalence,86,Italy,3,Both,22,All ages,487,Leukemia,3,Rate,2016,122.69040081134999,197.87679794034003,71.63274365175
1,All Population,5,Prevalence,201,Burkina Faso,3,Both,22,All ages,487,Leukemia,3,Rate,2016,4.211433953079999,6.308383914869999,2.81962557501
1,All Population,5,Prevalence,89,Netherlands,3,Both,22,All ages,487,Leukemia,3,Rate,2016,137.69519124351,177.97454157053,80.89473240675
1,All Population,5,Prevalence,37,Kyrgyzstan,3,Both,22,All ages,487,Leukemia,3,Rate,2015,8.681964301499999,12.057480049159999,6.64781955817
1,All Population,5,Prevalence,305,Bermuda,3,Both,22,All ages,487,Leukemia,3,Rate,2016,33.05616988831,67.54120666903,19.69728063546
1,All Population,5,Prevalence,116,Saint Lucia,3,Both,22,All ages,487,Leukemia,3,Rate,2014,13.75690973678,18.68223050233,10.41061800742
1,All Population,5,Prevalence,7,Democratic People's Republic of Korea,3,Both,22,All ages,487,Leukemia,3,Rate,2017,22.56642218854,36.354089641529995,13.67491743717
1,All Population,5,Prevalence,349,Greenland,3,Both,22,All ages,487,Leukemia,3,Rate,2015,15.143287397669999,22.82322075176,9.73236230886
1,All Population,5,Prevalence,111,Dominican Republic,3,Both,22,All ages,487,Leukemia,3,Rate,2016,9.23957501472,12.59646676203,6.914045389089999
1,All Population,5,Prevalence,8,Taiwan,3,Both,22,All ages,487,Leukemia,3,Rate,2015,32.52463134582,66.26287691252,17.89396923151
1,All Population,5,Prevalence,175,Burundi,3,Both,22,All ages,487,Leukemia,3,Rate,2015,10.365788295629999,15.04045607078,7.035063341570001
1,All Population,5,Prevalence,191,Zambia,3,Both,22,All ages,487,Leukemia,3,Rate,2015,3.6492887611800002,5.06967572592,2.6202823905000003
1,All Population,5,Prevalence,141,Egypt,3,Both,22,All ages,487,Leukemia,3,Rate,2017,24.04087438659,33.82310582415,16.8597433355
1,All Population,5,Prevalence,155,Türkiye,3,Both,22,All ages,487,Leukemia,3,Rate,2017,27.76567639875,43.56700419761,17.72237216201
1,All Population,5,Prevalence,155,Türkiye,3,Both,22,All ages,487,Leukemia,3,Rate,2016,27.1041425704,45.369108078880004,18.01404000938
1,All Population,5,Prevalence,154,Tunisia,3,Both,22,All ages,487,Leukemia,3,Rate,2016,47.17462462609,79.85585743094,30.796402319880002
1,All Population,5,Prevalence,62,Russian Federation,3,Both,22,All ages,487,Leukemia,3,Rate,2017,37.50260929589,56.16694714826,26.43352903656
1,All Population,5,Prevalence,186,Seychelles,3,Both,22,All ages,487,Leukemia,3,Rate,2015,23.35873878096,32.08568919118,17.40003072723
1,All Population,5,Prevalence,118,Suriname,3,Both,22,All ages,487,Leukemia,3,Rate,2016,10.98502463463,14.96131932771,7.89196866651
1,All Population,5,Prevalence,416,Tuvalu,3,Both,22,All ages,487,Leukemia,3,Rate,2016,8.02878885119,11.70851235001,5.61734392592
1,All Population,5,Prevalence,10,Cambodia,3,Both,22,All ages,487,Leukemia,3,Rate,2017,9.237642573259999,13.534513596990001,6.64926004943
1,All Population,5,Prevalence,396,San Marino,3,Both,22,All ages,487,Leukemia,3,Rate,2014,128.27366588441998,198.94486604317999,81.65879246062
1,All Population,5,Prevalence,195,Namibia,3,Both,22,All ages,487,Leukemia,3,Rate,2016,7.56934662538,10.50848277388,5.35192021535
1,All Population,5,Prevalence,25,Micronesia (Federated States of),3,Both,22,All ages,487,Leukemia,3,Rate,2017,5.11591458235,7.23386710172,3.89722404591
1,All Population,5,Prevalence,149,Palestine,3,Both,22,All ages,487,Leukemia,3,Rate,2017,22.60217127596,35.32122211711,14.807228232870001
1,All Population,5,Prevalence,153,Syrian Arab Republic,3,Both,22,All ages,487,Leukemia,3,Rate,2016,25.91656013714,39.41623320504,16.66252780947
1,All Population,5,Prevalence,149,Palestine,3,Both,22,All ages,487,Leukemia,3,Rate,2016,22.70655300164,36.28931556084,15.103634046919998
1,All Population,5,Prevalence,75,Austria,3,Both,22,All ages,487,Leukemia,3,Rate,2017,103.28592381305,174.59165202258,59.168458107540005
1,All Population,5,Prevalence,140,Bahrain,3,Both,22,All ages,487,Leukemia,3,Rate,2017,12.84141363048,21.62852120526,8.05813909281
1,All Population,5,Prevalence,37,Kyrgyzstan,3,Both,22,All ages,487,Leukemia,3,Rate,2016,8.684275028570001,12.71850194542,6.531399829640001
1,All Population,5,Prevalence,217,Sierra Leone,3,Both,22,All ages,487,Leukemia,3,Rate,2017,5.20345401282,7.40334489969,3.3912711762699996
1,All Population,5,Prevalence,196,South Africa,3,Both,22,All ages,487,Leukemia,3,Rate,2017,9.21156676973,12.31329963631,7.061833254190001
1,All Population,5,Prevalence,135,Brazil,3,Both,22,All ages,487,Leukemia,3,Rate,2016,12.00151196053,17.28447601862,9.4101631476
1,All Population,5,Prevalence,165,Pakistan,3,Both,22,All ages,487,Leukemia,3,Rate,2015,7.88445750481,11.60313220645,5.58869909988
1,All Population,5,Prevalence,180,Kenya,3,Both,22,All ages,487,Leukemia,3,Rate,2016,9.29639789183,12.87881071084,6.70941800942
1,All Population,5,Prevalence,380,Palau,3,Both,22,All ages,487,Leukemia,3,Rate,2015,8.01263945362,11.13304443643,5.89354444813
1,All Population,5,Prevalence,169,Central African Republic,3,Both,22,All ages,487,Leukemia,3,Rate,2017,7.5467866003,10.63027270998,5.3752344693600005
1,All Population,5,Prevalence,81,Germany,3,Both,22,All ages,487,Leukemia,3,Rate,2015,170.83979504849998,221.07379184598,133.0569243724
1,All Population,5,Prevalence,160,Afghanistan,3,Both,22,All ages,487,Leukemia,3,Rate,2016,15.81951106068,24.473879407530003,8.81642611894
1,All Population,5,Prevalence,204,Chad,3,Both,22,All ages,487,Leukemia,3,Rate,2015,4.90610335207,7.2784674891000005,3.4979611297499997
1,All Population,5,Prevalence,147,Libya,3,Both,22,All ages,487,Leukemia,3,Rate,2016,26.38779594094,43.65478785708,16.247195545
1,All Population,5,Prevalence,351,Guam,3,Both,22,All ages,487,Leukemia,3,Rate,2016,15.77789560197,24.04391405484,11.12676646539
1,All Population,5,Prevalence,113,Guyana,3,Both,22,All ages,487,Leukemia,3,Rate,2015,8.53276183291,10.67863967452,6.95877389045
1,All Population,5,Prevalence,162,Bhutan,3,Both,22,All ages,487,Leukemia,3,Rate,2015,7.5415558227399995,11.29676549526,5.118835922710001
1,All Population,5,Prevalence,16,Philippines,3,Both,22,All ages,487,Leukemia,3,Rate,2015,9.91088605515,13.99131891615,7.59017270133
1,All Population,5,Prevalence,133,Venezuela (Bolivarian Republic of),3,Both,22,All ages,487,Leukemia,3,Rate,2017,14.918326384699998,22.73418878319,10.66947296196
1,All Population,5,Prevalence,201,Burkina Faso,3,Both,22,All ages,487,Leukemia,3,Rate,2015,4.17584714703,6.250011235560001,2.83684713816
1,All Population,5,Prevalence,34,Azerbaijan,3,Both,22,All ages,487,Leukemia,3,Rate,2017,15.67687261498,22.95064541008,11.38264594954
1,All Population,5,Prevalence,189,United Republic of Tanzania,3,Both,22,All ages,487,Leukemia,3,Rate,2016,4.141050900360001,6.07739856569,2.84431199017
1,All Population,5,Prevalence,156,United Arab Emirates,3,Both,22,All ages,487,Leukemia,3,Rate,2017,7.79287243791,12.03432608482,5.5063031556299995
1,All Population,5,Prevalence,23,Kiribati,3,Both,22,All ages,487,Leukemia,3,Rate,2017,2.59004646083,3.8203271759,1.73286265494
1,All Population,5,Prevalence,212,Mauritania,3,Both,22,All ages,487,Leukemia,3,Rate,2015,4.85275480576,7.69860687399,3.1520132629899997
1,All Population,5,Prevalence,57,Belarus,3,Both,22,All ages,487,Leukemia,3,Rate,2017,61.346993951429994,92.42741181466,42.41454341976
1,All Population,5,Prevalence,396,San Marino,3,Both,22,All ages,487,Leukemia,3,Rate,2015,126.11290437125,195.33618668347998,76.4799357939
1,All Population,5,Prevalence,101,Canada,3,Both,22,All ages,487,Leukemia,3,Rate,2017,90.54555843032,164.06578843201999,50.342712618650005
1,All Population,5,Prevalence,95,United Kingdom,3,Both,22,All ages,487,Leukemia,3,Rate,2017,57.94895098348,85.3618268106,35.82757850723
1,All Population,5,Prevalence,24,Marshall Islands,3,Both,22,All ages,487,Leukemia,3,Rate,2016,5.55815371491,7.89861359424,3.8409062187400003
1,All Population,5,Prevalence,142,Iran (Islamic Republic of),3,Both,22,All ages,487,Leukemia,3,Rate,2016,41.4226706554,74.36447628004,25.38508707517
1,All Population,5,Prevalence,207,Ghana,3,Both,22,All ages,487,Leukemia,3,Rate,2017,4.17535447833,6.44452494026,2.82839793473
1,All Population,5,Prevalence,67,Japan,3,Both,22,All ages,487,Leukemia,3,Rate,2017,54.688144642859996,110.61226688919999,24.4523607466
1,All Population,5,Prevalence,172,Equatorial Guinea,3,Both,22,All ages,487,Leukemia,3,Rate,2017,7.24173691229,11.00730609831,5.03459253892
1,All Population,5,Prevalence,112,Grenada,3,Both,22,All ages,487,Leukemia,3,Rate,2017,16.068728553,20.73548830785,12.56788762344
1,All Population,5,Prevalence,52,Romania,3,Both,22,All ages,487,Leukemia,3,Rate,2015,34.34535247502,47.17281475043,25.65879230205
1,All Population,5,Prevalence,176,Comoros,3,Both,22,All ages,487,Leukemia,3,Rate,2015,7.29151095296,10.216320490720001,5.1491064221
1,All Population,5,Prevalence,211,Mali,3,Both,22,All ages,487,Leukemia,3,Rate,2017,5.32679302952,8.05428189925,3.16248070994
1,All Population,5,Prevalence,136,Paraguay,3,Both,22,All ages,487,Leukemia,3,Rate,2017,14.379408935629998,19.2226539999,10.732503105060001
1,All Population,5,Prevalence,44,Bosnia and Herzegovina,3,Both,22,All ages,487,Leukemia,3,Rate,2017,39.08902423921,59.68292198648,25.461342868920003
1,All Population,5,Prevalence,15,Myanmar,3,Both,22,All ages,487,Leukemia,3,Rate,2017,9.89993769817,15.272423238570001,6.59851053224
1,All Population,5,Prevalence,380,Palau,3,Both,22,All ages,487,Leukemia,3,Rate,2016,8.275070592799999,11.568013873,6.065650542329999
1,All Population,5,Prevalence,185,Rwanda,3,Both,22,All ages,487,Leukemia,3,Rate,2015,10.946359676290001,16.03950494211,7.504770217939999
1,All Population,5,Prevalence,148,Morocco,3,Both,22,All ages,487,Leukemia,3,Rate,2016,5.16908605194,7.79670109306,3.6033578916000004
1,All Population,5,Prevalence,11,Indonesia,3,Both,22,All ages,487,Leukemia,3,Rate,2017,10.65986563591,16.51602798342,7.28516501094
1,All Population,5,Prevalence,376,Northern Mariana Islands,3,Both,22,All ages,487,Leukemia,3,Rate,2017,7.58552696668,11.53367802047,4.49945838851
1,All Population,5,Prevalence,123,Peru,3,Both,22,All ages,487,Leukemia,3,Rate,2015,20.94599293423,34.94302463458,13.93277014965
1,All Population,5,Prevalence,76,Belgium,3,Both,22,All ages,487,Leukemia,3,Rate,2017,86.64937129527,159.28457839544998,48.41778166787
1,All Population,5,Prevalence,136,Paraguay,3,Both,22,All ages,487,Leukemia,3,Rate,2016,14.75277407098,20.39085021211,11.07887403833
1,All Population,5,Prevalence,208,Guinea,3,Both,22,All ages,487,Leukemia,3,Rate,2016,2.65403824265,3.7855956820600003,1.7979473720899999
1,All Population,5,Prevalence,422,United States Virgin Islands,3,Both,22,All ages,487,Leukemia,3,Rate,2016,24.10449023573,32.73681011302,17.8276305551
1,All Population,5,Prevalence,351,Guam,3,Both,22,All ages,487,Leukemia,3,Rate,2017,14.894831816999998,21.116392019139997,11.17649756579
1,All Population,5,Prevalence,68,Republic of Korea,3,Both,22,All ages,487,Leukemia,3,Rate,2015,31.93420569758,75.06944737501,12.560246981310002
1,All Population,5,Prevalence,173,Gabon,3,Both,22,All ages,487,Leukemia,3,Rate,2016,9.205337444420001,12.69665066151,6.56794446149
1,All Population,5,Prevalence,171,Democratic Republic of the Congo,3,Both,22,All ages,487,Leukemia,3,Rate,2017,8.359091203830001,12.599738543780001,5.833068230159999
1,All Population,5,Prevalence,175,Burundi,3,Both,22,All ages,487,Leukemia,3,Rate,2017,9.983255101640001,14.72807313608,6.583914179660001
1,All Population,5,Prevalence,189,United Republic of Tanzania,3,Both,22,All ages,487,Leukemia,3,Rate,2017,4.0547741215299995,5.78154737616,2.7900594591899996
1,All Population,5,Prevalence,422,United States Virgin Islands,3,Both,22,All ages,487,Leukemia,3,Rate,2017,23.63987406652,31.76236636375,17.49673114605
1,All Population,5,Prevalence,180,Kenya,3,Both,22,All ages,487,Leukemia,3,Rate,2017,9.468282816959999,13.22936944151,6.699250764039999
1,All Population,5,Prevalence,86,Italy,3,Both,22,All ages,487,Leukemia,3,Rate,2017,122.08385968181001,197.85348940910998,68.18635876925
1,All Population,5,Prevalence,122,Ecuador,3,Both,22,All ages,487,Leukemia,3,Rate,2017,17.012924991309998,25.91728261695,12.46013369407
1,All Population,5,Prevalence,118,Suriname,3,Both,22,All ages,487,Leukemia,3,Rate,2017,10.95503544645,15.0692594121,7.78009659286
1,All Population,5,Prevalence,41,Uzbekistan,3,Both,22,All ages,487,Leukemia,3,Rate,2017,14.48370484746,20.71675387894,10.71659680401
1,All Population,5,Prevalence,190,Uganda,3,Both,22,All ages,487,Leukemia,3,Rate,2016,8.98604813381,12.517726048690001,6.28818765863
1,All Population,5,Prevalence,209,Guinea-Bissau,3,Both,22,All ages,487,Leukemia,3,Rate,2015,4.89907054815,6.875543685489999,3.42999145257
1,All Population,5,Prevalence,125,Colombia,3,Both,22,All ages,487,Leukemia,3,Rate,2017,21.71817044614,38.00993586847,13.829827350210001
1,All Population,5,Prevalence,13,Malaysia,3,Both,22,All ages,487,Leukemia,3,Rate,2015,13.261380681830001,19.21877749029,9.72450931951
1,All Population,5,Prevalence,123,Peru,3,Both,22,All ages,487,Leukemia,3,Rate,2017,21.998871698000002,35.72835569068,14.66476011042
1,All Population,5,Prevalence,183,Mauritius,3,Both,22,All ages,487,Leukemia,3,Rate,2017,13.199505309210002,17.6039524195,10.075019125839999
1,All Population,5,Prevalence,164,Nepal,3,Both,22,All ages,487,Leukemia,3,Rate,2017,6.399640882930001,9.31884285758,4.57215221538
1,All Population,5,Prevalence,187,Somalia,3,Both,22,All ages,487,Leukemia,3,Rate,2017,8.268909663870001,12.61290218499,5.27520410551
1,All Population,5,Prevalence,146,Lebanon,3,Both,22,All ages,487,Leukemia,3,Rate,2015,44.44146635566,85.8189526135,27.890585049400002
1,All Population,5,Prevalence,190,Uganda,3,Both,22,All ages,487,Leukemia,3,Rate,2015,8.86270780117,12.41694582619,6.275934551200001
1,All Population,5,Prevalence,522,Sudan,3,Both,22,All ages,487,Leukemia,3,Rate,2016,20.702962684480003,33.58259119457,12.86272899626
1,All Population,5,Prevalence,218,Togo,3,Both,22,All ages,487,Leukemia,3,Rate,2017,4.25558842378,6.02312634415,2.71094503692
1,All Population,5,Prevalence,82,Greece,3,Both,22,All ages,487,Leukemia,3,Rate,2016,97.43705861126,175.88943193035,57.36755571512
1,All Population,5,Prevalence,305,Bermuda,3,Both,22,All ages,487,Leukemia,3,Rate,2017,33.36969277128,64.84921804986,20.262786224099997
1,All Population,5,Prevalence,170,Congo,3,Both,22,All ages,487,Leukemia,3,Rate,2017,7.50938241314,10.20161396457,5.2170799671
1,All Population,5,Prevalence,72,New Zealand,3,Both,22,All ages,487,Leukemia,3,Rate,2017,84.57325029633999,138.08789481169,44.35446437291
1,All Population,5,Prevalence,385,Puerto Rico,3,Both,22,All ages,487,Leukemia,3,Rate,2016,29.83432611373,51.79859957809,19.22164640038
1,All Population,5,Prevalence,202,Cameroon,3,Both,22,All ages,487,Leukemia,3,Rate,2017,5.36233293135,7.57702586663,3.49324510219
1,All Population,5,Prevalence,187,Somalia,3,Both,22,All ages,487,Leukemia,3,Rate,2016,8.61216407825,12.734880746690001,5.4092495201399995
1,All Population,5,Prevalence,157,Yemen,3,Both,22,All ages,487,Leukemia,3,Rate,2015,17.87058210399,28.86924315103,11.43488502066
1,All Population,5,Prevalence,50,Montenegro,3,Both,22,All ages,487,Leukemia,3,Rate,2016,68.7831169255,106.51569479679999,44.15235219826
1,All Population,5,Prevalence,203,Cabo Verde,3,Both,22,All ages,487,Leukemia,3,Rate,2016,9.06314246865,13.787764841380001,5.95646184664
1,All Population,5,Prevalence,67,Japan,3,Both,22,All ages,487,Leukemia,3,Rate,2016,53.85868723249,111.82885757532,23.86668462292
1,All Population,5,Prevalence,320,Cook Islands,3,Both,22,All ages,487,Leukemia,3,Rate,2017,4.65776325777,9.26321522168,2.45485442682
1,All Population,5,Prevalence,204,Chad,3,Both,22,All ages,487,Leukemia,3,Rate,2016,4.9488919113000005,7.04933425386,3.4882736464199997
1,All Population,5,Prevalence,79,Finland,3,Both,22,All ages,487,Leukemia,3,Rate,2017,77.35803376230001,112.39015457482999,53.75342667637
1,All Population,5,Prevalence,81,Germany,3,Both,22,All ages,487,Leukemia,3,Rate,2017,159.12117290646,202.636629381,122.24573916931999
1,All Population,5,Prevalence,198,Zimbabwe,3,Both,22,All ages,487,Leukemia,3,Rate,2016,5.90606434902,8.47632297987,4.09886332555
1,All Population,5,Prevalence,89,Netherlands,3,Both,22,All ages,487,Leukemia,3,Rate,2017,135.50892368856,172.19006425833,78.48731386415
1,All Population,5,Prevalence,168,Angola,3,Both,22,All ages,487,Leukemia,3,Rate,2016,10.41951732329,14.66967024615,7.64708462092
1,All Population,5,Prevalence,165,Pakistan,3,Both,22,All ages,487,Leukemia,3,Rate,2016,7.938450104349999,11.63972788925,5.67122206004
1,All Population,5,Prevalence,76,Belgium,3,Both,22,All ages,487,Leukemia,3,Rate,2016,90.66256439224,162.85581546132002,50.61527660921
1,All Population,5,Prevalence,179,Ethiopia,3,Both,22,All ages,487,Leukemia,3,Rate,2016,26.97552881829,41.15719340429,19.14295117031
1,All Population,5,Prevalence,60,Lithuania,3,Both,22,All ages,487,Leukemia,3,Rate,2017,59.00617529124,84.62556868485001,41.71628093682
1,All Population,5,Prevalence,213,Niger,3,Both,22,All ages,487,Leukemia,3,Rate,2015,8.92553196004,13.77142384231,4.94099479015
1,All Population,5,Prevalence,28,Solomon Islands,3,Both,22,All ages,487,Leukemia,3,Rate,2017,5.47525889894,8.411749759440001,3.71317785737
1,All Population,5,Prevalence,161,Bangladesh,3,Both,22,All ages,487,Leukemia,3,Rate,2017,9.7624483099,13.94094901574,6.811234947500001
1,All Population,5,Prevalence,435,South Sudan,3,Both,22,All ages,487,Leukemia,3,Rate,2017,9.75806744117,13.8857912646,6.41532189107
1,All Population,5,Prevalence,205,Côte d'Ivoire,3,Both,22,All ages,487,Leukemia,3,Rate,2015,3.77748465612,5.42971161379,2.72799333412
1,All Population,5,Prevalence,80,France,3,Both,22,All ages,487,Leukemia,3,Rate,2017,112.91666001163,189.24476052605,62.861749008409994
1,All Population,5,Prevalence,39,Tajikistan,3,Both,22,All ages,487,Leukemia,3,Rate,2015,7.8563012444,12.366964105209998,5.59045130469
1,All Population,5,Prevalence,374,Niue,3,Both,22,All ages,487,Leukemia,3,Rate,2017,6.953383906479999,10.2594187501,4.61477962117
1,All Population,5,Prevalence,298,American Samoa,3,Both,22,All ages,487,Leukemia,3,Rate,2017,8.03481254894,10.487079669549999,6.111145377930001
1,All Population,5,Prevalence,71,Australia,3,Both,22,All ages,487,Leukemia,3,Rate,2017,105.51095375869,128.99733804753,85.11007345721
1,All Population,5,Prevalence,203,Cabo Verde,3,Both,22,All ages,487,Leukemia,3,Rate,2017,8.66535072649,13.535880408090001,5.79893883282
1,All Population,5,Prevalence,54,Slovakia,3,Both,22,All ages,487,Leukemia,3,Rate,2017,51.37145770996,75.15528228088999,34.9194405762
1,All Population,5,Prevalence,48,Hungary,3,Both,22,All ages,487,Leukemia,3,Rate,2017,54.045795441859994,80.97624316488,38.348244436319995
1,All Population,5,Prevalence,24,Marshall Islands,3,Both,22,All ages,487,Leukemia,3,Rate,2014,5.6785541429,8.00850974999,3.9432706472100003
1,All Population,5,Prevalence,163,India,3,Both,22,All ages,487,Leukemia,3,Rate,2017,7.02414542463,9.598085602909999,5.31978862443
1,All Population,5,Prevalence,40,Turkmenistan,3,Both,22,All ages,487,Leukemia,3,Rate,2017,10.83917868023,14.684850651609999,8.426066088579999
1,All Population,5,Prevalence,44,Bosnia and Herzegovina,3,Both,22,All ages,487,Leukemia,3,Rate,2016,38.39139871702,61.13923374363,24.694794488840003
1,All Population,5,Prevalence,121,Bolivia (Plurinational State of),3,Both,22,All ages,487,Leukemia,3,Rate,2016,17.15327996588,25.36569336974,11.784530730070001
1,All Population,5,Prevalence,216,Senegal,3,Both,22,All ages,487,Leukemia,3,Rate,2016,5.4614881549200005,7.9865548703,3.7761507759599997
1,All Population,5,Prevalence,27,Samoa,3,Both,22,All ages,487,Leukemia,3,Rate,2016,19.48872674256,29.701159204969997,12.30327715467
1,All Population,5,Prevalence,117,Saint Vincent and the Grenadines,3,Both,22,All ages,487,Leukemia,3,Rate,2016,17.88196997153,22.73643956725,14.085879211460002
1,All Population,5,Prevalence,91,Portugal,3,Both,22,All ages,487,Leukemia,3,Rate,2016,80.15902727693,145.34541095726,47.41612416811
1,All Population,5,Prevalence,128,Guatemala,3,Both,22,All ages,487,Leukemia,3,Rate,2016,13.66753397154,19.421405636219998,10.838060974540001
1,All Population,5,Prevalence,143,Iraq,3,Both,22,All ages,487,Leukemia,3,Rate,2016,33.45439313165,52.77766892486,22.20091797643
1,All Population,5,Prevalence,369,Nauru,3,Both,22,All ages,487,Leukemia,3,Rate,2016,7.853844368069999,11.66652842221,5.55913876924
1,All Population,5,Prevalence,115,Jamaica,3,Both,22,All ages,487,Leukemia,3,Rate,2015,16.023843814579998,21.49785793489,12.360465064899998
1,All Population,5,Prevalence,416,Tuvalu,3,Both,22,All ages,487,Leukemia,3,Rate,2014,7.814619090980001,11.19614088763,5.52642648149
1,All Population,5,Prevalence,181,Madagascar,3,Both,22,All ages,487,Leukemia,3,Rate,2015,8.48248364164,12.10889923615,6.02491615019
1,All Population,5,Prevalence,27,Samoa,3,Both,22,All ages,487,Leukemia,3,Rate,2017,19.46963731006,28.66192609297,12.15025752568
1,All Population,5,Prevalence,148,Morocco,3,Both,22,All ages,487,Leukemia,3,Rate,2017,5.05238948587,7.5353725445499995,3.5202944859099996
1,All Population,5,Prevalence,105,Antigua and Barbuda,3,Both,22,All ages,487,Leukemia,3,Rate,2017,13.08520280951,19.61689394446,9.43084010177
1,All Population,5,Prevalence,47,Czechia,3,Both,22,All ages,487,Leukemia,3,Rate,2016,69.48177131988,112.47078700417,48.76335179116
1,All Population,5,Prevalence,213,Niger,3,Both,22,All ages,487,Leukemia,3,Rate,2016,8.95690336503,13.367729179680001,4.80936826439
1,All Population,5,Prevalence,182,Malawi,3,Both,22,All ages,487,Leukemia,3,Rate,2016,4.16318196736,5.92068509691,2.67980698569
1,All Population,5,Prevalence,195,Namibia,3,Both,22,All ages,487,Leukemia,3,Rate,2017,7.45587014807,10.24585406257,5.23618835791
1,All Population,5,Prevalence,14,Maldives,3,Both,22,All ages,487,Leukemia,3,Rate,2016,8.74943703574,15.482102162110001,5.68316654425
1,All Population,5,Prevalence,117,Saint Vincent and the Grenadines,3,Both,22,All ages,487,Leukemia,3,Rate,2017,18.32444119196,23.1841648799,14.63308343909
1,All Population,5,Prevalence,102,United States of America,3,Both,22,All ages,487,Leukemia,3,Rate,2017,87.70950830605,140.24702195695,45.289890467039996
1,All Population,5,Prevalence,114,Haiti,3,Both,22,All ages,487,Leukemia,3,Rate,2017,11.9698629927,17.07737374862,7.44969345084
1,All Population,5,Prevalence,33,Armenia,3,Both,22,All ages,487,Leukemia,3,Rate,2017,22.06893008693,31.70173947582,16.26200144855
1,All Population,5,Prevalence,127,El Salvador,3,Both,22,All ages,487,Leukemia,3,Rate,2017,24.56559713948,36.15110042641,16.77161039016
1,All Population,5,Prevalence,349,Greenland,3,Both,22,All ages,487,Leukemia,3,Rate,2016,15.662301709460001,23.433465890799997,10.01008349488
1,All Population,5,Prevalence,61,Republic of Moldova,3,Both,22,All ages,487,Leukemia,3,Rate,2016,16.11432629288,22.96436058125,11.657224037599999
1,All Population,5,Prevalence,98,Chile,3,Both,22,All ages,487,Leukemia,3,Rate,2016,19.54186631341,35.34409659168,12.52847261046
1,All Population,5,Prevalence,81,Germany,3,Both,22,All ages,487,Leukemia,3,Rate,2016,164.38613065437002,212.89758557816,126.55275800384
1,All Population,5,Prevalence,94,Switzerland,3,Both,22,All ages,487,Leukemia,3,Rate,2017,109.56003279510001,167.38211413850001,64.36268260477
1,All Population,5,Prevalence,60,Lithuania,3,Both,22,All ages,487,Leukemia,3,Rate,2016,58.77132651213,83.86942541528,41.68112165811
1,All Population,5,Prevalence,209,Guinea-Bissau,3,Both,22,All ages,487,Leukemia,3,Rate,2017,5.07679486698,7.04362985198,3.63423744243
1,All Population,5,Prevalence,175,Burundi,3,Both,22,All ages,487,Leukemia,3,Rate,2016,10.07768489083,14.90881780725,6.774260685120001
1,All Population,5,Prevalence,191,Zambia,3,Both,22,All ages,487,Leukemia,3,Rate,2016,3.58577091204,4.99759848873,2.5531011756899997
1,All Population,5,Prevalence,385,Puerto Rico,3,Both,22,All ages,487,Leukemia,3,Rate,2017,30.2609460712,51.11351397447999,19.49524525251
1,All Population,5,Prevalence,150,Oman,3,Both,22,All ages,487,Leukemia,3,Rate,2016,8.8603071246,15.22314934919,5.70329875174
1,All Population,5,Prevalence,210,Liberia,3,Both,22,All ages,487,Leukemia,3,Rate,2017,4.66141339105,7.026955178370001,3.00750500679
1,All Population,5,Prevalence,396,San Marino,3,Both,22,All ages,487,Leukemia,3,Rate,2016,124.03429622997999,187.80936250987,76.46753867527
1,All Population,5,Prevalence,78,Denmark,3,Both,22,All ages,487,Leukemia,3,Rate,2016,102.2742799819,140.14739956824,76.67131340493
1,All Population,5,Prevalence,522,Sudan,3,Both,22,All ages,487,Leukemia,3,Rate,2017,20.76563912672,33.90368956138,12.96111910345
1,All Population,5,Prevalence,20,Viet Nam,3,Both,22,All ages,487,Leukemia,3,Rate,2016,11.14845330882,18.400265632110003,7.20024152115
1,All Population,5,Prevalence,43,Albania,3,Both,22,All ages,487,Leukemia,3,Rate,2016,28.68766057455,52.73527008007,16.53459572515
1,All Population,5,Prevalence,112,Grenada,3,Both,22,All ages,487,Leukemia,3,Rate,2016,15.71211559814,20.42199697561,12.31456210794
1,All Population,5,Prevalence,185,Rwanda,3,Both,22,All ages,487,Leukemia,3,Rate,2017,10.65838572517,15.276146340930001,7.06410682378
1,All Population,5,Prevalence,97,Argentina,3,Both,22,All ages,487,Leukemia,3,Rate,2016,19.47837308899,29.89602498292,14.2505878287
1,All Population,5,Prevalence,18,Thailand,3,Both,22,All ages,487,Leukemia,3,Rate,2017,19.00857654148,30.94136507651,12.927688860140002
1,All Population,5,Prevalence,69,Singapore,3,Both,22,All ages,487,Leukemia,3,Rate,2016,25.14020235189,62.07979696094,10.75928914885
1,All Population,5,Prevalence,369,Nauru,3,Both,22,All ages,487,Leukemia,3,Rate,2017,7.884112817839999,11.36564552578,5.48665155807
1,All Population,5,Prevalence,169,Central African Republic,3,Both,22,All ages,487,Leukemia,3,Rate,2016,7.3604775379000005,10.2787792248,5.10088932009
1,All Population,5,Prevalence,28,Solomon Islands,3,Both,22,All ages,487,Leukemia,3,Rate,2016,5.49125344045,8.35350239145,3.7044012113700004
1,All Population,5,Prevalence,52,Romania,3,Both,22,All ages,487,Leukemia,3,Rate,2016,33.65317770392,47.044966930339996,25.18596381793
1,All Population,5,Prevalence,75,Austria,3,Both,22,All ages,487,Leukemia,3,Rate,2016,100.87224542842,167.59995643533,58.68684048595
1,All Population,5,Prevalence,177,Djibouti,3,Both,22,All ages,487,Leukemia,3,Rate,2017,9.4274437343,13.09414401446,6.55873566856
1,All Population,5,Prevalence,191,Zambia,3,Both,22,All ages,487,Leukemia,3,Rate,2017,3.53930555157,4.87290629595,2.45115963498
1,All Population,5,Prevalence,55,Slovenia,3,Both,22,All ages,487,Leukemia,3,Rate,2016,128.56538708447002,200.87723524996997,81.8299645429
1,All Population,5,Prevalence,68,Republic of Korea,3,Both,22,All ages,487,Leukemia,3,Rate,2016,32.91473448566,76.70322240706,12.2575723412
1,All Population,5,Prevalence,109,Cuba,3,Both,22,All ages,487,Leukemia,3,Rate,2017,22.396135172820003,35.54374278241,15.29834381055
1,All Population,5,Prevalence,36,Kazakhstan,3,Both,22,All ages,487,Leukemia,3,Rate,2016,14.450468167550001,21.70784196679,10.38120033994
1,All Population,5,Prevalence,19,Timor-Leste,3,Both,22,All ages,487,Leukemia,3,Rate,2016,10.86260291282,15.83487771117,7.55237318519
1,All Population,5,Prevalence,173,Gabon,3,Both,22,All ages,487,Leukemia,3,Rate,2017,9.12758605163,12.48154608201,6.65039665407
1,All Population,5,Prevalence,51,Poland,3,Both,22,All ages,487,Leukemia,3,Rate,2016,47.09001665686,66.32478735661,34.76661937731
1,All Population,5,Prevalence,204,Chad,3,Both,22,All ages,487,Leukemia,3,Rate,2017,4.96327029363,7.192329365090001,3.54012795228
1,All Population,5,Prevalence,6,China,3,Both,22,All ages,487,Leukemia,3,Rate,2017,37.91793124171,62.5572977862,24.62795937781
1,All Population,5,Prevalence,140,Bahrain,3,Both,22,All ages,487,Leukemia,3,Rate,2016,12.47750610202,21.223920155549997,7.9113652853500005
1,All Population,5,Prevalence,127,El Salvador,3,Both,22,All ages,487,Leukemia,3,Rate,2016,24.686890844620002,36.42364654432,16.80618542633
1,All Population,5,Prevalence,123,Peru,3,Both,22,All ages,487,Leukemia,3,Rate,2016,21.40929358182,34.36431450193,13.86972794107
1,All Population,5,Prevalence,93,Sweden,3,Both,22,All ages,487,Leukemia,3,Rate,2016,105.97213072073,166.66337719388,62.05636334244
1,All Population,5,Prevalence,197,Eswatini,3,Both,22,All ages,487,Leukemia,3,Rate,2017,7.609601828270001,11.06150832624,5.08896961561
1,All Population,5,Prevalence,107,Barbados,3,Both,22,All ages,487,Leukemia,3,Rate,2016,21.93205201707,30.552278312120002,16.720172924609997
1,All Population,5,Prevalence,367,Monaco,3,Both,22,All ages,487,Leukemia,3,Rate,2015,242.28188373781003,434.20644326528003,133.63476186957
1,All Population,5,Prevalence,413,Tokelau,3,Both,22,All ages,487,Leukemia,3,Rate,2016,5.04974384859,7.600322952820001,3.39001641209
1,All Population,5,Prevalence,116,Saint Lucia,3,Both,22,All ages,487,Leukemia,3,Rate,2017,14.30684428023,19.522146511499997,10.99063268977
1,All Population,5,Prevalence,51,Poland,3,Both,22,All ages,487,Leukemia,3,Rate,2017,45.63333040984,63.51857399893,33.44149845604
1,All Population,5,Prevalence,143,Iraq,3,Both,22,All ages,487,Leukemia,3,Rate,2017,33.76670915294,51.871026946849994,22.31919593697
1,All Population,5,Prevalence,130,Mexico,3,Both,22,All ages,487,Leukemia,3,Rate,2016,16.07027052106,24.86580398141,11.54618451778
1,All Population,5,Prevalence,17,Sri Lanka,3,Both,22,All ages,487,Leukemia,3,Rate,2017,14.5612929837,21.75986163496,10.0475392821
1,All Population,5,Prevalence,145,Kuwait,3,Both,22,All ages,487,Leukemia,3,Rate,2016,25.97471598444,57.30602059651,12.45406002553
1,All Population,5,Prevalence,8,Taiwan,3,Both,22,All ages,487,Leukemia,3,Rate,2016,33.2610656669,75.31788424266,18.38680871507
1,All Population,5,Prevalence,68,Republic of Korea,3,Both,22,All ages,487,Leukemia,3,Rate,2017,33.58182101376,76.51153750518,12.91771205814
1,All Population,5,Prevalence,193,Botswana,3,Both,22,All ages,487,Leukemia,3,Rate,2015,5.69235469739,8.2357187886,3.73125240867
1,All Population,5,Prevalence,142,Iran (Islamic Republic of),3,Both,22,All ages,487,Leukemia,3,Rate,2017,43.48104567262,77.47110665732001,25.860101453419997
1,All Population,5,Prevalence,157,Yemen,3,Both,22,All ages,487,Leukemia,3,Rate,2016,17.93626295783,28.25726828724,11.34461152717
1,All Population,5,Prevalence,129,Honduras,3,Both,22,All ages,487,Leukemia,3,Rate,2017,8.41388466365,11.73461975021,5.9401534510900005
1,All Population,5,Prevalence,88,Malta,3,Both,22,All ages,487,Leukemia,3,Rate,2016,57.55003534877999,104.78991631891,30.20686459627
1,All Population,5,Prevalence,10,Cambodia,3,Both,22,All ages,487,Leukemia,3,Rate,2018,9.26822498984,13.657094959570001,6.69622549442
1,All Population,5,Prevalence,39,Tajikistan,3,Both,22,All ages,487,Leukemia,3,Rate,2016,7.916713988920001,12.863097461569998,5.50982202644
1,All Population,5,Prevalence,97,Argentina,3,Both,22,All ages,487,Leukemia,3,Rate,2017,18.964784979690002,28.55521963084,13.77719964071
1,All Population,5,Prevalence,69,Singapore,3,Both,22,All ages,487,Leukemia,3,Rate,2017,26.93526673794,65.50213468631,10.99657760453
1,All Population,5,Prevalence,157,Yemen,3,Both,22,All ages,487,Leukemia,3,Rate,2017,17.47986430676,27.50028857756,10.808591490669999
1,All Population,5,Prevalence,122,Ecuador,3,Both,22,All ages,487,Leukemia,3,Rate,2016,17.21501422365,26.592577492479997,12.38276227584
1,All Population,5,Prevalence,13,Malaysia,3,Both,22,All ages,487,Leukemia,3,Rate,2016,13.29588742673,18.69654244721,9.61372538925
1,All Population,5,Prevalence,11,Indonesia,3,Both,22,All ages,487,Leukemia,3,Rate,2018,10.8159229758,16.42499079202,7.262619411689999
1,All Population,5,Prevalence,113,Guyana,3,Both,22,All ages,487,Leukemia,3,Rate,2016,8.63128780279,10.88680777317,6.99978406106
1,All Population,5,Prevalence,349,Greenland,3,Both,22,All ages,487,Leukemia,3,Rate,2017,16.132853245870002,25.063061385039997,10.16057385127
1,All Population,5,Prevalence,130,Mexico,3,Both,22,All ages,487,Leukemia,3,Rate,2017,16.237189131450002,25.70511708927,11.66417105382
1,All Population,5,Prevalence,6,China,3,Both,22,All ages,487,Leukemia,3,Rate,2018,39.469646271529996,62.84839860568,24.81167552091
1,All Population,5,Prevalence,177,Djibouti,3,Both,22,All ages,487,Leukemia,3,Rate,2016,9.17911282724,12.75075756441,6.36356825205
1,All Population,5,Prevalence,160,Afghanistan,3,Both,22,All ages,487,Leukemia,3,Rate,2017,16.23524158604,25.44933825348,9.27929509795
1,All Population,5,Prevalence,210,Liberia,3,Both,22,All ages,487,Leukemia,3,Rate,2016,4.75336810882,7.025026867189999,3.07501321981
1,All Population,5,Prevalence,72,New Zealand,3,Both,22,All ages,487,Leukemia,3,Rate,2018,86.60500446264,140.47674291966,43.95241848976
1,All Population,5,Prevalence,59,Latvia,3,Both,22,All ages,487,Leukemia,3,Rate,2018,65.23882474929,90.50834240708,45.98203062308
1,All Population,5,Prevalence,46,Croatia,3,Both,22,All ages,487,Leukemia,3,Rate,2017,73.46115293508,115.96760452438,50.34482446002
1,All Population,5,Prevalence,12,Lao People's Democratic Republic,3,Both,22,All ages,487,Leukemia,3,Rate,2018,8.87265289698,13.30963131778,6.327933840719999
1,All Population,5,Prevalence,40,Turkmenistan,3,Both,22,All ages,487,Leukemia,3,Rate,2018,10.77955167008,14.2211925773,8.48160288018
1,All Population,5,Prevalence,93,Sweden,3,Both,22,All ages,487,Leukemia,3,Rate,2018,100.15008242225998,159.70591983194,57.22070208886
1,All Population,5,Prevalence,176,Comoros,3,Both,22,All ages,487,Leukemia,3,Rate,2017,7.28193389888,9.82595663533,5.089288230569999
1,All Population,5,Prevalence,25,Micronesia (Federated States of),3,Both,22,All ages,487,Leukemia,3,Rate,2018,5.09913856503,7.19273644112,3.87305928388
1,All Population,5,Prevalence,12,Lao People's Democratic Republic,3,Both,22,All ages,487,Leukemia,3,Rate,2017,8.84614857911,12.94612505616,6.150477294989999
1,All Population,5,Prevalence,396,San Marino,3,Both,22,All ages,487,Leukemia,3,Rate,2017,123.83801726203001,189.9357306157,75.98019931859
1,All Population,5,Prevalence,151,Qatar,3,Both,22,All ages,487,Leukemia,3,Rate,2017,11.953604391619999,27.92419474749,5.95799495479
1,All Population,5,Prevalence,58,Estonia,3,Both,22,All ages,487,Leukemia,3,Rate,2018,87.97566490066,128.87140606842,60.11321070126
1,All Population,5,Prevalence,198,Zimbabwe,3,Both,22,All ages,487,Leukemia,3,Rate,2018,5.7956875082799995,8.073778965999999,4.14508367731
1,All Population,5,Prevalence,71,Australia,3,Both,22,All ages,487,Leukemia,3,Rate,2018,105.44101575812,127.81312666637001,82.83072153244001
1,All Population,5,Prevalence,86,Italy,3,Both,22,All ages,487,Leukemia,3,Rate,2018,120.37478367562,194.51025389276,67.66358338
1,All Population,5,Prevalence,184,Mozambique,3,Both,22,All ages,487,Leukemia,3,Rate,2016,4.86921082668,6.914602770949999,3.3278891487299997
1,All Population,5,Prevalence,45,Bulgaria,3,Both,22,All ages,487,Leukemia,3,Rate,2018,23.746535986039998,32.92070696394,17.891043015010002
1,All Population,5,Prevalence,41,Uzbekistan,3,Both,22,All ages,487,Leukemia,3,Rate,2018,15.19085785044,21.49354756804,11.19839745803
1,All Population,5,Prevalence,196,South Africa,3,Both,22,All ages,487,Leukemia,3,Rate,2018,9.08772682707,12.11817191936,6.92379176357
1,All Population,5,Prevalence,118,Suriname,3,Both,22,All ages,487,Leukemia,3,Rate,2018,11.106575236460001,15.30603981777,8.016761281660001
1,All Population,5,Prevalence,150,Oman,3,Both,22,All ages,487,Leukemia,3,Rate,2018,9.068451906209999,15.25502906849,5.568208432970001
1,All Population,5,Prevalence,105,Antigua and Barbuda,3,Both,22,All ages,487,Leukemia,3,Rate,2018,13.53426676059,19.75727999253,9.75342746632
1,All Population,5,Prevalence,135,Brazil,3,Both,22,All ages,487,Leukemia,3,Rate,2017,11.781476130409999,16.63680366805,9.25311048126
1,All Population,5,Prevalence,178,Eritrea,3,Both,22,All ages,487,Leukemia,3,Rate,2017,12.403798057160001,17.23391307265,8.7301003039
1,All Population,5,Prevalence,26,Papua New Guinea,3,Both,22,All ages,487,Leukemia,3,Rate,2018,5.5845516603,9.040699345870001,3.6534094525500005
1,All Population,5,Prevalence,77,Cyprus,3,Both,22,All ages,487,Leukemia,3,Rate,2017,94.08430842996,155.87215161454,52.60856867106
1,All Population,5,Prevalence,33,Armenia,3,Both,22,All ages,487,Leukemia,3,Rate,2016,22.8059363893,32.76764223593,17.01857191627
1,All Population,5,Prevalence,110,Dominica,3,Both,22,All ages,487,Leukemia,3,Rate,2017,15.31074463589,20.36953795526,11.07081745315
1,All Population,5,Prevalence,54,Slovakia,3,Both,22,All ages,487,Leukemia,3,Rate,2016,49.59533770402,73.81722548817,34.05888622663
1,All Population,5,Prevalence,193,Botswana,3,Both,22,All ages,487,Leukemia,3,Rate,2016,5.7478508598,8.41418201029,3.7649049712300005
1,All Population,5,Prevalence,186,Seychelles,3,Both,22,All ages,487,Leukemia,3,Rate,2017,22.87468932489,30.87564166731,17.00010812648
1,All Population,5,Prevalence,206,Gambia,3,Both,22,All ages,487,Leukemia,3,Rate,2017,1.73234329053,2.52003949409,1.212316884
1,All Population,5,Prevalence,34,Azerbaijan,3,Both,22,All ages,487,Leukemia,3,Rate,2018,15.92094485525,23.49802708398,11.514326485029999
1,All Population,5,Prevalence,109,Cuba,3,Both,22,All ages,487,Leukemia,3,Rate,2018,22.936308674219998,35.78072257828,15.43912647533
1,All Population,5,Prevalence,106,Bahamas,3,Both,22,All ages,487,Leukemia,3,Rate,2018,13.606179871159998,18.93733942734,9.98129627011
1,All Population,5,Prevalence,211,Mali,3,Both,22,All ages,487,Leukemia,3,Rate,2018,5.72344103622,8.72797942341,3.13417082968
1,All Population,5,Prevalence,163,India,3,Both,22,All ages,487,Leukemia,3,Rate,2018,7.12881127688,9.87112702427,5.50989953521
1,All Population,5,Prevalence,178,Eritrea,3,Both,22,All ages,487,Leukemia,3,Rate,2018,12.55863011684,17.61360995415,8.8112731165
1,All Population,5,Prevalence,92,Spain,3,Both,22,All ages,487,Leukemia,3,Rate,2018,88.90280302161,143.16359223307,49.569173649460005
1,All Population,5,Prevalence,374,Niue,3,Both,22,All ages,487,Leukemia,3,Rate,2018,6.80883130947,10.32177548784,4.49171438467
1,All Population,5,Prevalence,62,Russian Federation,3,Both,22,All ages,487,Leukemia,3,Rate,2016,36.95336707688,56.18560386325,26.08597294584
1,All Population,5,Prevalence,206,Gambia,3,Both,22,All ages,487,Leukemia,3,Rate,2015,1.5437889500000002,2.24175280065,1.0084761972
1,All Population,5,Prevalence,79,Finland,3,Both,22,All ages,487,Leukemia,3,Rate,2018,75.18279684954,108.83957899369,51.73014981398
1,All Population,5,Prevalence,17,Sri Lanka,3,Both,22,All ages,487,Leukemia,3,Rate,2018,14.62896446556,22.20639062523,10.03546345248
1,All Population,5,Prevalence,193,Botswana,3,Both,22,All ages,487,Leukemia,3,Rate,2017,5.85431723841,8.47413195769,3.9030542908
1,All Population,5,Prevalence,66,Brunei Darussalam,3,Both,22,All ages,487,Leukemia,3,Rate,2018,16.90350721211,23.05712355219,12.29949062374
1,All Population,5,Prevalence,202,Cameroon,3,Both,22,All ages,487,Leukemia,3,Rate,2018,5.30646276527,7.797604853,3.45945860682
1,All Population,5,Prevalence,162,Bhutan,3,Both,22,All ages,487,Leukemia,3,Rate,2016,7.55178951745,11.07649604437,5.07063270369
1,All Population,5,Prevalence,182,Malawi,3,Both,22,All ages,487,Leukemia,3,Rate,2017,4.12238080749,5.86853126246,2.63953706029
1,All Population,5,Prevalence,198,Zimbabwe,3,Both,22,All ages,487,Leukemia,3,Rate,2017,5.79948307101,8.24104535469,4.0811555867600005
1,All Population,5,Prevalence,139,Algeria,3,Both,22,All ages,487,Leukemia,3,Rate,2018,15.66987276751,28.17230073383,8.93443518706
1,All Population,5,Prevalence,15,Myanmar,3,Both,22,All ages,487,Leukemia,3,Rate,2015,9.66219243432,14.93359072436,6.229437507849999
1,All Population,5,Prevalence,213,Niger,3,Both,22,All ages,487,Leukemia,3,Rate,2017,8.76020876467,13.318012680779999,4.816267960709999
1,All Population,5,Prevalence,77,Cyprus,3,Both,22,All ages,487,Leukemia,3,Rate,2016,90.52651642392,161.82644100066,50.93682234304
1,All Population,5,Prevalence,393,Saint Kitts and Nevis,3,Both,22,All ages,487,Leukemia,3,Rate,2015,16.10630477875,20.0552603029,13.03712519052
1,All Population,5,Prevalence,133,Venezuela (Bolivarian Republic of),3,Both,22,All ages,487,Leukemia,3,Rate,2018,13.943950365989998,21.47844724807,9.880656330739999
1,All Population,5,Prevalence,393,Saint Kitts and Nevis,3,Both,22,All ages,487,Leukemia,3,Rate,2018,16.37176981969,19.72442671919,13.46342502499
1,All Population,5,Prevalence,144,Jordan,3,Both,22,All ages,487,Leukemia,3,Rate,2016,25.700516205090004,52.08959307989,14.77770302279
1,All Population,5,Prevalence,218,Togo,3,Both,22,All ages,487,Leukemia,3,Rate,2015,4.16014715203,5.91182761003,2.71260879296
1,All Population,5,Prevalence,94,Switzerland,3,Both,22,All ages,487,Leukemia,3,Rate,2018,109.72635916826,166.86557754769998,63.43752966544
1,All Population,5,Prevalence,49,North Macedonia,3,Both,22,All ages,487,Leukemia,3,Rate,2018,15.52671384939,26.257612071399997,10.09461213478
1,All Population,5,Prevalence,197,Eswatini,3,Both,22,All ages,487,Leukemia,3,Rate,2016,7.69970056207,11.27463172323,5.06839987592
1,All Population,5,Prevalence,117,Saint Vincent and the Grenadines,3,Both,22,All ages,487,Leukemia,3,Rate,2018,19.43813515754,23.76805551691,15.61481895682
1,All Population,5,Prevalence,59,Latvia,3,Both,22,All ages,487,Leukemia,3,Rate,2017,62.6053135836,86.8137914534,44.03298914305
1,All Population,5,Prevalence,151,Qatar,3,Both,22,All ages,487,Leukemia,3,Rate,2016,11.60510833912,25.50174988463,5.73921942818
1,All Population,5,Prevalence,170,Congo,3,Both,22,All ages,487,Leukemia,3,Rate,2016,7.63380876508,10.43152372337,5.388276655159999
1,All Population,5,Prevalence,153,Syrian Arab Republic,3,Both,22,All ages,487,Leukemia,3,Rate,2018,30.02338978742,46.28896775433,18.836578424560003
1,All Population,5,Prevalence,132,Panama,3,Both,22,All ages,487,Leukemia,3,Rate,2018,25.71265104698,43.90172921673,15.434350988390001
1,All Population,5,Prevalence,82,Greece,3,Both,22,All ages,487,Leukemia,3,Rate,2017,97.25598405560001,174.13477042128,57.99730262958
1,All Population,5,Prevalence,205,Côte d'Ivoire,3,Both,22,All ages,487,Leukemia,3,Rate,2017,3.81361935299,5.34562354094,2.72136575137
1,All Population,5,Prevalence,205,Côte d'Ivoire,3,Both,22,All ages,487,Leukemia,3,Rate,2016,3.7897619493300003,5.32544855633,2.7738967688600003
1,All Population,5,Prevalence,194,Lesotho,3,Both,22,All ages,487,Leukemia,3,Rate,2016,6.45757747392,9.07403669972,4.35706611446
1,All Population,5,Prevalence,50,Montenegro,3,Both,22,All ages,487,Leukemia,3,Rate,2017,66.97828597912999,102.28223618675,42.79607719163
1,All Population,5,Prevalence,194,Lesotho,3,Both,22,All ages,487,Leukemia,3,Rate,2015,6.518021399139999,9.20920381568,4.35413328035
1,All Population,5,Prevalence,298,American Samoa,3,Both,22,All ages,487,Leukemia,3,Rate,2018,8.09760212338,10.6027562649,6.017748828239999
1,All Population,5,Prevalence,63,Ukraine,3,Both,22,All ages,487,Leukemia,3,Rate,2017,31.542917785740002,43.90615262654,23.3130572426
1,All Population,5,Prevalence,48,Hungary,3,Both,22,All ages,487,Leukemia,3,Rate,2018,54.43217610086,80.90261014138,39.25079671983
1,All Population,5,Prevalence,190,Uganda,3,Both,22,All ages,487,Leukemia,3,Rate,2017,8.88597220305,12.64879478204,6.168064684219999
1,All Population,5,Prevalence,7,Democratic People's Republic of Korea,3,Both,22,All ages,487,Leukemia,3,Rate,2018,23.11780085742,35.61036486453,14.03110137386
1,All Population,5,Prevalence,88,Malta,3,Both,22,All ages,487,Leukemia,3,Rate,2017,58.36451908991,109.81080177217,30.936523780639998
1,All Population,5,Prevalence,416,Tuvalu,3,Both,22,All ages,487,Leukemia,3,Rate,2015,7.854312341279999,11.2211892749,5.51347906025
1,All Population,5,Prevalence,57,Belarus,3,Both,22,All ages,487,Leukemia,3,Rate,2018,63.624741087329994,93.65117133039,43.58407353968
1,All Population,5,Prevalence,87,Luxembourg,3,Both,22,All ages,487,Leukemia,3,Rate,2018,84.41829062384001,145.45161722155,45.35294886903
1,All Population,5,Prevalence,74,Andorra,3,Both,22,All ages,487,Leukemia,3,Rate,2017,119.61587481245999,203.73451098802,62.11285721464
1,All Population,5,Prevalence,214,Nigeria,3,Both,22,All ages,487,Leukemia,3,Rate,2015,5.38413075538,7.80000964281,3.7645260157499996
1,All Population,5,Prevalence,78,Denmark,3,Both,22,All ages,487,Leukemia,3,Rate,2017,101.59048446476,136.49300879973,73.86427155877
1,All Population,5,Prevalence,195,Namibia,3,Both,22,All ages,487,Leukemia,3,Rate,2018,7.350410951430001,10.10602271769,5.15490354657
1,All Population,5,Prevalence,35,Georgia,3,Both,22,All ages,487,Leukemia,3,Rate,2018,28.657853371189997,36.279845805259995,22.36096930711
1,All Population,5,Prevalence,126,Costa Rica,3,Both,22,All ages,487,Leukemia,3,Rate,2018,26.38253115027,45.884795211800004,16.03775708502
1,All Population,5,Prevalence,171,Democratic Republic of the Congo,3,Both,22,All ages,487,Leukemia,3,Rate,2018,8.37557553091,12.237284837859999,5.92527125451
1,All Population,5,Prevalence,36,Kazakhstan,3,Both,22,All ages,487,Leukemia,3,Rate,2017,13.990886242039998,20.48230078813,10.26290734089
1,All Population,5,Prevalence,53,Serbia,3,Both,22,All ages,487,Leukemia,3,Rate,2018,37.1262486171,51.15267274672,26.74900773297
1,All Population,5,Prevalence,43,Albania,3,Both,22,All ages,487,Leukemia,3,Rate,2017,29.73684160044,55.71071559618,17.01223630103
1,All Population,5,Prevalence,160,Afghanistan,3,Both,22,All ages,487,Leukemia,3,Rate,2018,16.2591078554,25.51112359753,9.4983688272
1,All Population,5,Prevalence,83,Iceland,3,Both,22,All ages,487,Leukemia,3,Rate,2017,83.83709964946,131.75939076733,44.23843872776
1,All Population,5,Prevalence,141,Egypt,3,Both,22,All ages,487,Leukemia,3,Rate,2018,24.10353642819,34.28750431318,16.88532998223
1,All Population,5,Prevalence,156,United Arab Emirates,3,Both,22,All ages,487,Leukemia,3,Rate,2016,8.05789089209,12.90087161372,5.67975708932
1,All Population,5,Prevalence,111,Dominican Republic,3,Both,22,All ages,487,Leukemia,3,Rate,2018,9.36764921175,12.85061095421,6.84754240187
1,All Population,5,Prevalence,26,Papua New Guinea,3,Both,22,All ages,487,Leukemia,3,Rate,2017,5.67132431266,9.01023331771,3.65813401051
1,All Population,5,Prevalence,186,Seychelles,3,Both,22,All ages,487,Leukemia,3,Rate,2018,22.91002266073,31.00990201249,16.9488642816
1,All Population,5,Prevalence,320,Cook Islands,3,Both,22,All ages,487,Leukemia,3,Rate,2018,4.73528889148,9.16717547177,2.47190778529
1,All Population,5,Prevalence,132,Panama,3,Both,22,All ages,487,Leukemia,3,Rate,2017,25.601484895309998,45.7740663129,15.513130036329999
1,All Population,5,Prevalence,181,Madagascar,3,Both,22,All ages,487,Leukemia,3,Rate,2016,8.49978350259,11.87856556361,6.0299631675
1,All Population,5,Prevalence,149,Palestine,3,Both,22,All ages,487,Leukemia,3,Rate,2018,22.42645544135,34.57054353374,14.57588607126
1,All Population,5,Prevalence,164,Nepal,3,Both,22,All ages,487,Leukemia,3,Rate,2016,6.48936930546,9.24975318663,4.71901408489
1,All Population,5,Prevalence,164,Nepal,3,Both,22,All ages,487,Leukemia,3,Rate,2018,6.18187035307,9.0920561658,4.4836951872299995
1,All Population,5,Prevalence,91,Portugal,3,Both,22,All ages,487,Leukemia,3,Rate,2017,74.93202376683,135.38204241441,43.0064867792
1,All Population,5,Prevalence,195,Namibia,3,Both,22,All ages,487,Leukemia,3,Rate,2015,7.657760839980001,10.55509754046,5.49740927627
1,All Population,5,Prevalence,147,Libya,3,Both,22,All ages,487,Leukemia,3,Rate,2018,26.69520632968,43.94638137028,16.179025527089998
1,All Population,5,Prevalence,206,Gambia,3,Both,22,All ages,487,Leukemia,3,Rate,2018,1.70330153437,2.4208353220500003,1.19173089935
1,All Population,5,Prevalence,13,Malaysia,3,Both,22,All ages,487,Leukemia,3,Rate,2018,13.25840056478,18.51166025248,9.38239586037
1,All Population,5,Prevalence,168,Angola,3,Both,22,All ages,487,Leukemia,3,Rate,2017,10.26323812983,14.540975671150001,7.351576894240001
1,All Population,5,Prevalence,179,Ethiopia,3,Both,22,All ages,487,Leukemia,3,Rate,2018,28.921256447690002,44.56190385561,20.23151756865
1,All Population,5,Prevalence,201,Burkina Faso,3,Both,22,All ages,487,Leukemia,3,Rate,2017,4.0443076299200005,6.101696329489999,2.74526363928
1,All Population,5,Prevalence,29,Tonga,3,Both,22,All ages,487,Leukemia,3,Rate,2016,4.01531507347,6.299577470959999,2.5430490257100002
1,All Population,5,Prevalence,110,Dominica,3,Both,22,All ages,487,Leukemia,3,Rate,2018,15.40089126457,21.01087006281,10.99866077007
1,All Population,5,Prevalence,131,Nicaragua,3,Both,22,All ages,487,Leukemia,3,Rate,2017,18.225542742000002,28.660718346470002,12.742171523840002
1,All Population,5,Prevalence,80,France,3,Both,22,All ages,487,Leukemia,3,Rate,2018,112.27480164316,190.65888472486,60.80416893763
1,All Population,5,Prevalence,24,Marshall Islands,3,Both,22,All ages,487,Leukemia,3,Rate,2018,5.48508818127,7.828994656510001,3.84026417972
1,All Population,5,Prevalence,140,Bahrain,3,Both,22,All ages,487,Leukemia,3,Rate,2018,12.95672927185,22.139263853099997,7.88540338582
1,All Population,5,Prevalence,155,Türkiye,3,Both,22,All ages,487,Leukemia,3,Rate,2018,28.24506087408,42.96701008718,17.97894850957
1,All Population,5,Prevalence,95,United Kingdom,3,Both,22,All ages,487,Leukemia,3,Rate,2018,58.416145975759996,84.24361110712,36.16141980192
1,All Population,5,Prevalence,63,Ukraine,3,Both,22,All ages,487,Leukemia,3,Rate,2018,32.23798125524,44.865468986100005,23.947023548449998
1,All Population,5,Prevalence,125,Colombia,3,Both,22,All ages,487,Leukemia,3,Rate,2018,21.18118597819,35.475604118999996,13.70023224279
1,All Population,5,Prevalence,129,Honduras,3,Both,22,All ages,487,Leukemia,3,Rate,2018,8.36575456362,12.1577202311,5.95721139087
1,All Population,5,Prevalence,215,Sao Tome and Principe,3,Both,22,All ages,487,Leukemia,3,Rate,2016,1.9111688139,2.83267637321,1.3306254369400001
1,All Population,5,Prevalence,215,Sao Tome and Principe,3,Both,22,All ages,487,Leukemia,3,Rate,2015,1.9293122468500001,2.9521965457,1.35042553419
1,All Population,5,Prevalence,152,Saudi Arabia,3,Both,22,All ages,487,Leukemia,3,Rate,2018,15.5577919576,27.42499902561,9.1839409862
1,All Population,5,Prevalence,13,Malaysia,3,Both,22,All ages,487,Leukemia,3,Rate,2017,13.44976984005,19.02581689937,9.58384832646
1,All Population,5,Prevalence,30,Vanuatu,3,Both,22,All ages,487,Leukemia,3,Rate,2017,4.49590480225,6.81584328472,2.95156513222
1,All Population,5,Prevalence,107,Barbados,3,Both,22,All ages,487,Leukemia,3,Rate,2017,22.1982797019,30.79671432978,16.78380024921
1,All Population,5,Prevalence,179,Ethiopia,3,Both,22,All ages,487,Leukemia,3,Rate,2017,28.08587603834,43.52685788363,19.856179412779998
1,All Population,5,Prevalence,201,Burkina Faso,3,Both,22,All ages,487,Leukemia,3,Rate,2018,3.90277664468,5.62467080758,2.62129490112
1,All Population,5,Prevalence,46,Croatia,3,Both,22,All ages,487,Leukemia,3,Rate,2016,75.64431345867,117.96176211806,52.15262776738
1,All Population,5,Prevalence,119,Trinidad and Tobago,3,Both,22,All ages,487,Leukemia,3,Rate,2017,14.02742748405,19.10545895647,10.57007818265
1,All Population,5,Prevalence,416,Tuvalu,3,Both,22,All ages,487,Leukemia,3,Rate,2018,8.1366187485,11.62554737945,5.5810266641099995
1,All Population,5,Prevalence,212,Mauritania,3,Both,22,All ages,487,Leukemia,3,Rate,2018,4.82124651285,7.42456854162,3.1547718769699995
1,All Population,5,Prevalence,165,Pakistan,3,Both,22,All ages,487,Leukemia,3,Rate,2017,7.980850258149999,11.73618607003,5.70923736584
1,All Population,5,Prevalence,150,Oman,3,Both,22,All ages,487,Leukemia,3,Rate,2017,8.94545965048,14.99007676686,5.63282426699
1,All Population,5,Prevalence,16,Philippines,3,Both,22,All ages,487,Leukemia,3,Rate,2016,9.94237641719,13.63877262258,7.59016384699
1,All Population,5,Prevalence,376,Northern Mariana Islands,3,Both,22,All ages,487,Leukemia,3,Rate,2018,7.65341069147,12.01614360198,4.5538548223
1,All Population,5,Prevalence,106,Bahamas,3,Both,22,All ages,487,Leukemia,3,Rate,2017,13.45454033905,19.0527064413,9.68825476203
1,All Population,5,Prevalence,148,Morocco,3,Both,22,All ages,487,Leukemia,3,Rate,2018,5.01714467076,7.242016022900001,3.47496411569
1,All Population,5,Prevalence,82,Greece,3,Both,22,All ages,487,Leukemia,3,Rate,2018,95.03913943837,170.94805181444,57.07701354999
1,All Population,5,Prevalence,218,Togo,3,Both,22,All ages,487,Leukemia,3,Rate,2018,4.19319343346,6.08045335505,2.69541680125
1,All Population,5,Prevalence,203,Cabo Verde,3,Both,22,All ages,487,Leukemia,3,Rate,2018,8.70499380833,13.490851010980002,5.86097703071
1,All Population,5,Prevalence,305,Bermuda,3,Both,22,All ages,487,Leukemia,3,Rate,2018,33.91316800065,62.145367656910004,20.4572426821
1,All Population,5,Prevalence,187,Somalia,3,Both,22,All ages,487,Leukemia,3,Rate,2018,8.222531204200001,12.231514636420002,5.2884333121400005
1,All Population,5,Prevalence,102,United States of America,3,Both,22,All ages,487,Leukemia,3,Rate,2018,85.96231692375,136.3554076854,44.82720875398
1,All Population,5,Prevalence,208,Guinea,3,Both,22,All ages,487,Leukemia,3,Rate,2017,2.68319988282,3.78305872971,1.8203846709
1,All Population,5,Prevalence,422,United States Virgin Islands,3,Both,22,All ages,487,Leukemia,3,Rate,2018,23.94170317933,31.832303682240003,17.58387867384
1,All Population,5,Prevalence,83,Iceland,3,Both,22,All ages,487,Leukemia,3,Rate,2016,86.44142463736,133.91587960829,47.52077463164
1,All Population,5,Prevalence,22,Fiji,3,Both,22,All ages,487,Leukemia,3,Rate,2016,7.094247456490001,9.73095604275,5.3737783195099995
1,All Population,5,Prevalence,172,Equatorial Guinea,3,Both,22,All ages,487,Leukemia,3,Rate,2018,7.11514866813,10.77968176135,4.89641215539
1,All Population,5,Prevalence,18,Thailand,3,Both,22,All ages,487,Leukemia,3,Rate,2018,19.04597930296,30.570766454730002,12.89009869906
1,All Population,5,Prevalence,416,Tuvalu,3,Both,22,All ages,487,Leukemia,3,Rate,2017,8.05965227752,11.6562193902,5.57818983545
1,All Population,5,Prevalence,89,Netherlands,3,Both,22,All ages,487,Leukemia,3,Rate,2018,134.87225804789,170.0664759013,77.38553179302001
1,All Population,5,Prevalence,176,Comoros,3,Both,22,All ages,487,Leukemia,3,Rate,2018,7.136813610240001,9.853153248549999,4.85378192469
1,All Population,5,Prevalence,380,Palau,3,Both,22,All ages,487,Leukemia,3,Rate,2017,8.41061708881,11.63901121374,6.088500708450001
1,All Population,5,Prevalence,98,Chile,3,Both,22,All ages,487,Leukemia,3,Rate,2017,19.00844075258,32.95054332153,12.37500710826
1,All Population,5,Prevalence,349,Greenland,3,Both,22,All ages,487,Leukemia,3,Rate,2018,16.48298411628,25.42305754225,10.1439113596
1,All Population,5,Prevalence,35,Georgia,3,Both,22,All ages,487,Leukemia,3,Rate,2017,27.45182224515,35.09439755901,21.78716002848
1,All Population,5,Prevalence,99,Uruguay,3,Both,22,All ages,487,Leukemia,3,Rate,2016,35.61572487332,51.661281095410004,25.765099832649998
1,All Population,5,Prevalence,114,Haiti,3,Both,22,All ages,487,Leukemia,3,Rate,2016,12.01517961581,17.15430849974,7.350259557869999
1,All Population,5,Prevalence,20,Viet Nam,3,Both,22,All ages,487,Leukemia,3,Rate,2017,11.74823751258,19.51717162205,7.663417656370001
1,All Population,5,Prevalence,38,Mongolia,3,Both,22,All ages,487,Leukemia,3,Rate,2016,7.221854994789999,10.55005665483,5.29948552655
1,All Population,5,Prevalence,145,Kuwait,3,Both,22,All ages,487,Leukemia,3,Rate,2017,26.60355742757,57.33569407771,12.58549356836
1,All Population,5,Prevalence,212,Mauritania,3,Both,22,All ages,487,Leukemia,3,Rate,2017,4.877257424010001,7.40807503389,3.17596726332
1,All Population,5,Prevalence,435,South Sudan,3,Both,22,All ages,487,Leukemia,3,Rate,2018,9.89125429311,14.1634423727,6.3834647067
1,All Population,5,Prevalence,84,Ireland,3,Both,22,All ages,487,Leukemia,3,Rate,2017,84.62056505906999,134.02346084258,47.69653365102
1,All Population,5,Prevalence,129,Honduras,3,Both,22,All ages,487,Leukemia,3,Rate,2016,8.42362297797,11.72578354341,5.91097159467
1,All Population,5,Prevalence,522,Sudan,3,Both,22,All ages,487,Leukemia,3,Rate,2018,20.75777626114,33.09127827708,12.913726875150001
1,All Population,5,Prevalence,23,Kiribati,3,Both,22,All ages,487,Leukemia,3,Rate,2016,2.5890393407500003,4.04725340224,1.73869489166
1,All Population,5,Prevalence,111,Dominican Republic,3,Both,22,All ages,487,Leukemia,3,Rate,2017,9.31020645428,12.70329443845,6.90312052842
1,All Population,5,Prevalence,162,Bhutan,3,Both,22,All ages,487,Leukemia,3,Rate,2017,7.58680829943,11.27583006691,5.24090476077
1,All Population,5,Prevalence,34,Azerbaijan,3,Both,22,All ages,487,Leukemia,3,Rate,2019,16.20051638011,24.68257972935,11.54107832581
1,All Population,5,Prevalence,23,Kiribati,3,Both,22,All ages,487,Leukemia,3,Rate,2019,2.52518003043,3.73814791066,1.6584028713199999
1,All Population,5,Prevalence,30,Vanuatu,3,Both,22,All ages,487,Leukemia,3,Rate,2016,4.47851647174,6.86693176209,2.8719318286
1,All Population,5,Prevalence,8,Taiwan,3,Both,22,All ages,487,Leukemia,3,Rate,2017,31.3519200384,69.58763098518,16.86007024852
1,All Population,5,Prevalence,109,Cuba,3,Both,22,All ages,487,Leukemia,3,Rate,2019,22.54805077847,35.82912733748,15.27362998692
1,All Population,5,Prevalence,81,Germany,3,Both,22,All ages,487,Leukemia,3,Rate,2019,159.53706713645,202.08752606087,124.19921450126999
1,All Population,5,Prevalence,126,Costa Rica,3,Both,22,All ages,487,Leukemia,3,Rate,2019,26.960519795299998,46.97028429376,16.36993936219
1,All Population,5,Prevalence,90,Norway,3,Both,22,All ages,487,Leukemia,3,Rate,2016,68.25843688228,92.77322841428,50.37116996759
1,All Population,5,Prevalence,127,El Salvador,3,Both,22,All ages,487,Leukemia,3,Rate,2018,24.31850857906,35.10119785493,16.49804831035
1,All Population,5,Prevalence,112,Grenada,3,Both,22,All ages,487,Leukemia,3,Rate,2018,17.09652126586,21.82949444627,13.29481853331
1,All Population,5,Prevalence,11,Indonesia,3,Both,22,All ages,487,Leukemia,3,Rate,2019,10.970098953499999,16.73173838441,7.2026420779
1,All Population,5,Prevalence,58,Estonia,3,Both,22,All ages,487,Leukemia,3,Rate,2019,84.19195265756,126.72844998388999,57.58028179243001
1,All Population,5,Prevalence,28,Solomon Islands,3,Both,22,All ages,487,Leukemia,3,Rate,2019,5.36364066121,8.1750186494,3.60438686533
1,All Population,5,Prevalence,41,Uzbekistan,3,Both,22,All ages,487,Leukemia,3,Rate,2019,15.48116394272,22.97791760998,11.19334900798
1,All Population,5,Prevalence,94,Switzerland,3,Both,22,All ages,487,Leukemia,3,Rate,2019,105.80975715844001,163.5449087127,62.77281345706
1,All Population,5,Prevalence,49,North Macedonia,3,Both,22,All ages,487,Leukemia,3,Rate,2019,15.98106134331,26.943997856520003,10.45304472569
1,All Population,5,Prevalence,66,Brunei Darussalam,3,Both,22,All ages,487,Leukemia,3,Rate,2019,17.25697954768,23.79634151201,12.647739661
1,All Population,5,Prevalence,79,Finland,3,Both,22,All ages,487,Leukemia,3,Rate,2019,76.09061327767999,108.34255661543,52.65770547475
1,All Population,5,Prevalence,53,Serbia,3,Both,22,All ages,487,Leukemia,3,Rate,2017,38.03101359176,52.07823294591,27.097920266640003
1,All Population,5,Prevalence,208,Guinea,3,Both,22,All ages,487,Leukemia,3,Rate,2018,2.70027680075,3.82751984083,1.85534890739
1,All Population,5,Prevalence,385,Puerto Rico,3,Both,22,All ages,487,Leukemia,3,Rate,2018,29.53676491238,48.51070814983,19.37573315286
1,All Population,5,Prevalence,86,Italy,3,Both,22,All ages,487,Leukemia,3,Rate,2019,119.67107495115,195.4585395986,67.32672745237
1,All Population,5,Prevalence,214,Nigeria,3,Both,22,All ages,487,Leukemia,3,Rate,2018,5.492785593660001,8.22349018197,3.91684688545
1,All Population,5,Prevalence,15,Myanmar,3,Both,22,All ages,487,Leukemia,3,Rate,2019,9.951037616219999,15.2084286232,6.78826872506
1,All Population,5,Prevalence,107,Barbados,3,Both,22,All ages,487,Leukemia,3,Rate,2018,22.52829397858,30.56264275746,16.87052532865
1,All Population,5,Prevalence,117,Saint Vincent and the Grenadines,3,Both,22,All ages,487,Leukemia,3,Rate,2019,19.107593649840002,23.08951723681,15.46175297464
1,All Population,5,Prevalence,139,Algeria,3,Both,22,All ages,487,Leukemia,3,Rate,2017,15.232060968399999,27.49194443124,8.61363266194
1,All Population,5,Prevalence,6,China,3,Both,22,All ages,487,Leukemia,3,Rate,2019,40.720437921489996,64.74394822976,26.04895303353
1,All Population,5,Prevalence,19,Timor-Leste,3,Both,22,All ages,487,Leukemia,3,Rate,2017,10.79975754529,15.67838486995,7.59978140101
1,All Population,5,Prevalence,141,Egypt,3,Both,22,All ages,487,Leukemia,3,Rate,2019,23.75248088485,33.48697316069,16.815055718820002
1,All Population,5,Prevalence,205,Côte d'Ivoire,3,Both,22,All ages,487,Leukemia,3,Rate,2018,3.7267731211400004,5.2293435960000005,2.74393302151
1,All Population,5,Prevalence,367,Monaco,3,Both,22,All ages,487,Leukemia,3,Rate,2017,247.00001616421,432.83590253614994,129.71451160697
1,All Population,5,Prevalence,213,Niger,3,Both,22,All ages,487,Leukemia,3,Rate,2018,8.01565386816,12.29026708323,4.55030184852
1,All Population,5,Prevalence,122,Ecuador,3,Both,22,All ages,487,Leukemia,3,Rate,2018,16.76967185875,24.72937300288,12.205693545459999
1,All Population,5,Prevalence,15,Myanmar,3,Both,22,All ages,487,Leukemia,3,Rate,2018,9.87758471523,15.542870157940001,6.6659105245
1,All Population,5,Prevalence,118,Suriname,3,Both,22,All ages,487,Leukemia,3,Rate,2019,11.35370802725,15.58310112947,8.306117412079999
1,All Population,5,Prevalence,128,Guatemala,3,Both,22,All ages,487,Leukemia,3,Rate,2019,13.136092015040001,17.14866546479,10.38894263172
1,All Population,5,Prevalence,204,Chad,3,Both,22,All ages,487,Leukemia,3,Rate,2018,4.93032236446,7.164935901120001,3.4946880021599998
1,All Population,5,Prevalence,123,Peru,3,Both,22,All ages,487,Leukemia,3,Rate,2019,22.150980264940003,33.688467302759996,14.67791462041
1,All Population,5,Prevalence,25,Micronesia (Federated States of),3,Both,22,All ages,487,Leukemia,3,Rate,2019,4.88580908904,6.58803186596,3.7500705157899996
1,All Population,5,Prevalence,136,Paraguay,3,Both,22,All ages,487,Leukemia,3,Rate,2019,14.81784994066,20.37185635861,10.972729196240001
1,All Population,5,Prevalence,40,Turkmenistan,3,Both,22,All ages,487,Leukemia,3,Rate,2019,10.835920023449999,14.46408969727,8.53376511667
1,All Population,5,Prevalence,102,United States of America,3,Both,22,All ages,487,Leukemia,3,Rate,2019,85.96666177907001,137.33934086942,45.4395779369
1,All Population,5,Prevalence,10,Cambodia,3,Both,22,All ages,487,Leukemia,3,Rate,2019,9.226967932019999,13.40257729137,6.472404758050001
1,All Population,5,Prevalence,135,Brazil,3,Both,22,All ages,487,Leukemia,3,Rate,2018,12.10065200861,16.09535432764,9.45817311499
1,All Population,5,Prevalence,215,Sao Tome and Principe,3,Both,22,All ages,487,Leukemia,3,Rate,2017,1.91254891711,2.84052372145,1.31523625321
1,All Population,5,Prevalence,154,Tunisia,3,Both,22,All ages,487,Leukemia,3,Rate,2018,48.124093479790005,80.40279518759,30.775544480600004
1,All Population,5,Prevalence,148,Morocco,3,Both,22,All ages,487,Leukemia,3,Rate,2019,4.836704543640001,6.95838565415,3.3428943532299997
1,All Population,5,Prevalence,165,Pakistan,3,Both,22,All ages,487,Leukemia,3,Rate,2018,7.903696860279999,11.35369399164,5.65749724434
1,All Population,5,Prevalence,74,Andorra,3,Both,22,All ages,487,Leukemia,3,Rate,2018,117.42369893768,194.47922229105,62.093500202579996
1,All Population,5,Prevalence,153,Syrian Arab Republic,3,Both,22,All ages,487,Leukemia,3,Rate,2017,27.90514242254,41.07758419311,17.75971585118
1,All Population,5,Prevalence,210,Liberia,3,Both,22,All ages,487,Leukemia,3,Rate,2018,4.59420383409,6.911796441570001,2.94187166255
1,All Population,5,Prevalence,212,Mauritania,3,Both,22,All ages,487,Leukemia,3,Rate,2016,4.80421145376,7.45870248803,3.07733303791
1,All Population,5,Prevalence,14,Maldives,3,Both,22,All ages,487,Leukemia,3,Rate,2018,8.662245113140001,14.66304108357,5.45389337761
1,All Population,5,Prevalence,115,Jamaica,3,Both,22,All ages,487,Leukemia,3,Rate,2016,16.19403682135,21.60548567831,12.56877984767
1,All Population,5,Prevalence,17,Sri Lanka,3,Both,22,All ages,487,Leukemia,3,Rate,2019,15.157819215059998,23.42448629648,10.28554588263
1,All Population,5,Prevalence,7,Democratic People's Republic of Korea,3,Both,22,All ages,487,Leukemia,3,Rate,2019,23.71994344966,36.31583210345,14.49686736893
1,All Population,5,Prevalence,48,Hungary,3,Both,22,All ages,487,Leukemia,3,Rate,2019,52.98817812581,77.04671727395001,38.20241595448
1,All Population,5,Prevalence,161,Bangladesh,3,Both,22,All ages,487,Leukemia,3,Rate,2016,9.60054926606,13.66131448296,6.732256132200001
1,All Population,5,Prevalence,18,Thailand,3,Both,22,All ages,487,Leukemia,3,Rate,2019,19.56664742058,31.59401895974,13.18078206612
1,All Population,5,Prevalence,140,Bahrain,3,Both,22,All ages,487,Leukemia,3,Rate,2019,13.01693587184,22.00958295187,7.71845762183
1,All Population,5,Prevalence,33,Armenia,3,Both,22,All ages,487,Leukemia,3,Rate,2019,24.2127409063,33.67574080647,17.64012819634
1,All Population,5,Prevalence,91,Portugal,3,Both,22,All ages,487,Leukemia,3,Rate,2018,74.76452502222,134.94906108024,43.49245209893
1,All Population,5,Prevalence,184,Mozambique,3,Both,22,All ages,487,Leukemia,3,Rate,2017,4.73692170051,6.755269976730001,3.2151703723800003
1,All Population,5,Prevalence,413,Tokelau,3,Both,22,All ages,487,Leukemia,3,Rate,2015,5.12088333197,7.57451594241,3.47546419674
1,All Population,5,Prevalence,15,Myanmar,3,Both,22,All ages,487,Leukemia,3,Rate,2016,9.857318740510001,15.364149514340001,6.27348787012
1,All Population,5,Prevalence,200,Benin,3,Both,22,All ages,487,Leukemia,3,Rate,2017,11.83148057954,17.01874548501,7.90254807328
1,All Population,5,Prevalence,60,Lithuania,3,Both,22,All ages,487,Leukemia,3,Rate,2018,60.46042071386,85.79608379987,42.557510462210004
1,All Population,5,Prevalence,62,Russian Federation,3,Both,22,All ages,487,Leukemia,3,Rate,2019,39.2724919862,57.6839701975,27.774219422269997
1,All Population,5,Prevalence,44,Bosnia and Herzegovina,3,Both,22,All ages,487,Leukemia,3,Rate,2018,39.46391929291,62.05633318733,26.1866614445
1,All Population,5,Prevalence,72,New Zealand,3,Both,22,All ages,487,Leukemia,3,Rate,2019,83.90869883689,133.96510313172,42.76629240108
1,All Population,5,Prevalence,202,Cameroon,3,Both,22,All ages,487,Leukemia,3,Rate,2019,5.24663879332,7.751334727240001,3.37346627988
1,All Population,5,Prevalence,71,Australia,3,Both,22,All ages,487,Leukemia,3,Rate,2019,106.77519341325,131.03796016984,83.58970207137
1,All Population,5,Prevalence,144,Jordan,3,Both,22,All ages,487,Leukemia,3,Rate,2017,25.274825877439998,50.28432899402,14.49397132969
1,All Population,5,Prevalence,99,Uruguay,3,Both,22,All ages,487,Leukemia,3,Rate,2017,33.75896186538,48.39730236876,24.01080802465
1,All Population,5,Prevalence,146,Lebanon,3,Both,22,All ages,487,Leukemia,3,Rate,2016,46.30267896549,86.85507110882,28.086525756409998
1,All Population,5,Prevalence,367,Monaco,3,Both,22,All ages,487,Leukemia,3,Rate,2018,249.16555240766,437.32514200502004,133.63206040084
1,All Population,5,Prevalence,125,Colombia,3,Both,22,All ages,487,Leukemia,3,Rate,2019,20.97146726364,33.64269233712,13.50883917512
1,All Population,5,Prevalence,101,Canada,3,Both,22,All ages,487,Leukemia,3,Rate,2016,88.98668250737,163.57791281213,48.41246420789
1,All Population,5,Prevalence,122,Ecuador,3,Both,22,All ages,487,Leukemia,3,Rate,2019,16.57368017537,25.06244514878,11.938729786889999
1,All Population,5,Prevalence,75,Austria,3,Both,22,All ages,487,Leukemia,3,Rate,2018,104.97478644696001,174.24548735446,60.57698656661
1,All Population,5,Prevalence,116,Saint Lucia,3,Both,22,All ages,487,Leukemia,3,Rate,2016,14.076580257649999,19.36257263409,10.82556481884
1,All Population,5,Prevalence,47,Czechia,3,Both,22,All ages,487,Leukemia,3,Rate,2018,71.37783892805,108.69294272217999,49.48272911143
1,All Population,5,Prevalence,108,Belize,3,Both,22,All ages,487,Leukemia,3,Rate,2018,12.18244409147,16.4987797122,9.27660182873
1,All Population,5,Prevalence,119,Trinidad and Tobago,3,Both,22,All ages,487,Leukemia,3,Rate,2018,14.13775532861,19.181011125799998,10.57612047049
1,All Population,5,Prevalence,76,Belgium,3,Both,22,All ages,487,Leukemia,3,Rate,2019,82.43681602064001,151.39481981339,46.78681136377
1,All Population,5,Prevalence,27,Samoa,3,Both,22,All ages,487,Leukemia,3,Rate,2018,19.93673871954,29.167671738659998,12.60057941456
1,All Population,5,Prevalence,87,Luxembourg,3,Both,22,All ages,487,Leukemia,3,Rate,2019,85.67348019463999,148.98595927240999,47.09241911493
1,All Population,5,Prevalence,61,Republic of Moldova,3,Both,22,All ages,487,Leukemia,3,Rate,2017,16.151900047999998,23.065929151189998,11.525345949590001
1,All Population,5,Prevalence,29,Tonga,3,Both,22,All ages,487,Leukemia,3,Rate,2019,3.9395070456400005,6.35030058289,2.43941333331
1,All Population,5,Prevalence,149,Palestine,3,Both,22,All ages,487,Leukemia,3,Rate,2019,22.56494582722,34.3809321636,14.60954879954
1,All Population,5,Prevalence,110,Dominica,3,Both,22,All ages,487,Leukemia,3,Rate,2019,15.57699496166,21.1170086249,11.28541285074
1,All Population,5,Prevalence,81,Germany,3,Both,22,All ages,487,Leukemia,3,Rate,2018,161.09654210828998,205.87475462608998,123.1203063092
1,All Population,5,Prevalence,36,Kazakhstan,3,Both,22,All ages,487,Leukemia,3,Rate,2018,13.995214595399998,20.40050135949,9.9578444352
1,All Population,5,Prevalence,208,Guinea,3,Both,22,All ages,487,Leukemia,3,Rate,2015,2.6135810520100002,3.73711775967,1.7790175267100001
1,All Population,5,Prevalence,175,Burundi,3,Both,22,All ages,487,Leukemia,3,Rate,2019,10.15302441889,14.73623263807,6.30424161567
1,All Population,5,Prevalence,171,Democratic Republic of the Congo,3,Both,22,All ages,487,Leukemia,3,Rate,2019,8.27705798381,11.78940428776,5.85046655702
1,All Population,5,Prevalence,51,Poland,3,Both,22,All ages,487,Leukemia,3,Rate,2018,47.25781848948,64.43461377296,34.66081196338
1,All Population,5,Prevalence,186,Seychelles,3,Both,22,All ages,487,Leukemia,3,Rate,2019,22.42104479678,30.403564640920003,16.42647347676
1,All Population,5,Prevalence,68,Republic of Korea,3,Both,22,All ages,487,Leukemia,3,Rate,2018,34.26255646148,76.26616525886,12.773164171649999
1,All Population,5,Prevalence,8,Taiwan,3,Both,22,All ages,487,Leukemia,3,Rate,2018,31.63342354618,68.69869386299,16.81432905076
1,All Population,5,Prevalence,52,Romania,3,Both,22,All ages,487,Leukemia,3,Rate,2019,31.779136769709996,44.65737022477,23.46980505814
1,All Population,5,Prevalence,50,Montenegro,3,Both,22,All ages,487,Leukemia,3,Rate,2018,68.73998586905999,104.06055196207,44.30943370672
1,All Population,5,Prevalence,37,Kyrgyzstan,3,Both,22,All ages,487,Leukemia,3,Rate,2018,8.77294183973,12.31146754802,6.288931992189999
1,All Population,5,Prevalence,95,United Kingdom,3,Both,22,All ages,487,Leukemia,3,Rate,2019,58.928916530440006,86.43216250565,36.87682922947
1,All Population,5,Prevalence,35,Georgia,3,Both,22,All ages,487,Leukemia,3,Rate,2016,27.29513203946,35.2905015238,21.60180735462
1,All Population,5,Prevalence,216,Senegal,3,Both,22,All ages,487,Leukemia,3,Rate,2015,5.41478332734,7.785467465,3.83722980936
1,All Population,5,Prevalence,164,Nepal,3,Both,22,All ages,487,Leukemia,3,Rate,2019,6.14240379944,8.84780054773,4.393519749639999
1,All Population,5,Prevalence,57,Belarus,3,Both,22,All ages,487,Leukemia,3,Rate,2019,65.90135249179,99.58176126618999,45.41946423994
1,All Population,5,Prevalence,75,Austria,3,Both,22,All ages,487,Leukemia,3,Rate,2019,107.18830212317,173.46103983515,63.49419279434
1,All Population,5,Prevalence,43,Albania,3,Both,22,All ages,487,Leukemia,3,Rate,2018,30.8224931439,57.73102343921,17.28152588697
1,All Population,5,Prevalence,28,Solomon Islands,3,Both,22,All ages,487,Leukemia,3,Rate,2018,5.41581529058,8.21603716251,3.71880931454
1,All Population,5,Prevalence,90,Norway,3,Both,22,All ages,487,Leukemia,3,Rate,2017,66.95846741305,88.56940143331,48.04433786815
1,All Population,5,Prevalence,200,Benin,3,Both,22,All ages,487,Leukemia,3,Rate,2018,11.40826294209,17.020757363119998,7.8673155802400005
1,All Population,5,Prevalence,180,Kenya,3,Both,22,All ages,487,Leukemia,3,Rate,2019,9.46760334536,12.87746922449,6.80832871317
1,All Population,5,Prevalence,169,Central African Republic,3,Both,22,All ages,487,Leukemia,3,Rate,2019,7.6967721281,11.23801587561,5.4691232735
1,All Population,5,Prevalence,133,Venezuela (Bolivarian Republic of),3,Both,22,All ages,487,Leukemia,3,Rate,2019,12.65055111763,19.06773879771,8.86301029829
1,All Population,5,Prevalence,105,Antigua and Barbuda,3,Both,22,All ages,487,Leukemia,3,Rate,2019,13.038641432550001,18.99235917995,9.323064930580001
1,All Population,5,Prevalence,180,Kenya,3,Both,22,All ages,487,Leukemia,3,Rate,2018,9.48992206938,13.28065111006,6.72003822908
1,All Population,5,Prevalence,45,Bulgaria,3,Both,22,All ages,487,Leukemia,3,Rate,2017,24.0722400827,33.55420767894,17.79352673297
1,All Population,5,Prevalence,88,Malta,3,Both,22,All ages,487,Leukemia,3,Rate,2018,58.697938821790004,109.54152787685,30.11381640122
1,All Population,5,Prevalence,98,Chile,3,Both,22,All ages,487,Leukemia,3,Rate,2018,19.57683116211,32.908111560740004,12.586088126609999
1,All Population,5,Prevalence,320,Cook Islands,3,Both,22,All ages,487,Leukemia,3,Rate,2019,4.823051378420001,9.394773115,2.50278783193
1,All Population,5,Prevalence,189,United Republic of Tanzania,3,Both,22,All ages,487,Leukemia,3,Rate,2018,3.9070742647100003,5.501688779109999,2.63256762328
1,All Population,5,Prevalence,19,Timor-Leste,3,Both,22,All ages,487,Leukemia,3,Rate,2018,10.74152757062,16.090993600010002,7.51644805975
1,All Population,5,Prevalence,55,Slovenia,3,Both,22,All ages,487,Leukemia,3,Rate,2018,126.80325535269,199.44726112778,81.24053193644001
1,All Population,5,Prevalence,156,United Arab Emirates,3,Both,22,All ages,487,Leukemia,3,Rate,2019,8.02037337386,11.93278170917,5.5893726446
1,All Population,5,Prevalence,38,Mongolia,3,Both,22,All ages,487,Leukemia,3,Rate,2017,7.48017971262,10.68257667952,5.6333659236
1,All Population,5,Prevalence,351,Guam,3,Both,22,All ages,487,Leukemia,3,Rate,2018,5.85017931787,9.621479007060001,4.28659552532
1,All Population,5,Prevalence,14,Maldives,3,Both,22,All ages,487,Leukemia,3,Rate,2017,8.64558118552,14.724610183489999,5.5530293723
1,All Population,5,Prevalence,61,Republic of Moldova,3,Both,22,All ages,487,Leukemia,3,Rate,2018,16.42015253082,22.77635787234,11.89218617821
1,All Population,5,Prevalence,210,Liberia,3,Both,22,All ages,487,Leukemia,3,Rate,2019,4.75389960339,7.10076001462,2.98616964233
1,All Population,5,Prevalence,195,Namibia,3,Both,22,All ages,487,Leukemia,3,Rate,2019,7.24397361752,9.79834373856,4.96199770869
1,All Population,5,Prevalence,181,Madagascar,3,Both,22,All ages,487,Leukemia,3,Rate,2018,8.78850856184,12.21314142295,5.97186490504
1,All Population,5,Prevalence,136,Paraguay,3,Both,22,All ages,487,Leukemia,3,Rate,2018,14.54262789327,19.58605503413,10.837557726890001
1,All Population,5,Prevalence,183,Mauritius,3,Both,22,All ages,487,Leukemia,3,Rate,2016,13.5288071572,18.34839068369,10.37491258779
1,All Population,5,Prevalence,170,Congo,3,Both,22,All ages,487,Leukemia,3,Rate,2019,7.279138956620001,9.96619746997,5.05088266329
1,All Population,5,Prevalence,181,Madagascar,3,Both,22,All ages,487,Leukemia,3,Rate,2019,8.784954634350001,12.1434049175,5.92071729242
1,All Population,5,Prevalence,197,Eswatini,3,Both,22,All ages,487,Leukemia,3,Rate,2018,7.56106814069,10.80228237583,5.049837467920001
1,All Population,5,Prevalence,163,India,3,Both,22,All ages,487,Leukemia,3,Rate,2019,7.44049772156,10.213990162990001,5.63530309825
1,All Population,5,Prevalence,413,Tokelau,3,Both,22,All ages,487,Leukemia,3,Rate,2018,4.80047762629,7.19698423347,3.24243376745
1,All Population,5,Prevalence,211,Mali,3,Both,22,All ages,487,Leukemia,3,Rate,2019,6.105522247340001,9.62107150536,3.16829903396
1,All Population,5,Prevalence,217,Sierra Leone,3,Both,22,All ages,487,Leukemia,3,Rate,2019,5.28090252771,7.65291274567,3.3595490054
1,All Population,5,Prevalence,196,South Africa,3,Both,22,All ages,487,Leukemia,3,Rate,2019,8.66143863811,11.63046884519,6.648103946629999
1,All Population,5,Prevalence,217,Sierra Leone,3,Both,22,All ages,487,Leukemia,3,Rate,2016,5.0569079799,7.309593104229999,3.30822147026
1,All Population,5,Prevalence,380,Palau,3,Both,22,All ages,487,Leukemia,3,Rate,2018,8.375931030630001,11.326676984,5.974402041009999
1,All Population,5,Prevalence,80,France,3,Both,22,All ages,487,Leukemia,3,Rate,2019,112.33684622531999,186.87153085146,61.07403918796
1,All Population,5,Prevalence,63,Ukraine,3,Both,22,All ages,487,Leukemia,3,Rate,2019,32.447970085529995,45.22478154943,23.90262964994
1,All Population,5,Prevalence,52,Romania,3,Both,22,All ages,487,Leukemia,3,Rate,2017,32.02744957865,44.77522683254,24.34795541951
1,All Population,5,Prevalence,207,Ghana,3,Both,22,All ages,487,Leukemia,3,Rate,2016,4.12364613738,6.2274077747,2.80493227591
1,All Population,5,Prevalence,99,Uruguay,3,Both,22,All ages,487,Leukemia,3,Rate,2019,33.17568745299,49.83785050637,23.60148630686
1,All Population,5,Prevalence,298,American Samoa,3,Both,22,All ages,487,Leukemia,3,Rate,2019,8.17585763895,10.75811460075,6.12250369858
1,All Population,5,Prevalence,8,Taiwan,3,Both,22,All ages,487,Leukemia,3,Rate,2019,32.10701612968,67.18032567891,16.9642234445
1,All Population,5,Prevalence,143,Iraq,3,Both,22,All ages,487,Leukemia,3,Rate,2018,34.25042849692,51.88228535116,22.28619293152
1,All Population,5,Prevalence,422,United States Virgin Islands,3,Both,22,All ages,487,Leukemia,3,Rate,2019,23.69978045556,31.16856868653,17.46752338344
1,All Population,5,Prevalence,85,Israel,3,Both,22,All ages,487,Leukemia,3,Rate,2017,78.29120987557,136.9016649818,43.98252332468
1,All Population,5,Prevalence,128,Guatemala,3,Both,22,All ages,487,Leukemia,3,Rate,2018,13.8171144366,19.03366785739,10.795125628580001
1,All Population,5,Prevalence,173,Gabon,3,Both,22,All ages,487,Leukemia,3,Rate,2018,9.124533781850001,12.7838414582,6.54565873263
1,All Population,5,Prevalence,194,Lesotho,3,Both,22,All ages,487,Leukemia,3,Rate,2017,6.4163092721499995,8.7946413664,4.489558446209999
1,All Population,5,Prevalence,157,Yemen,3,Both,22,All ages,487,Leukemia,3,Rate,2019,17.0828755164,27.156320125349996,10.93350652915
1,All Population,5,Prevalence,172,Equatorial Guinea,3,Both,22,All ages,487,Leukemia,3,Rate,2019,7.01445612278,10.49997524814,4.6933967570299995
1,All Population,5,Prevalence,187,Somalia,3,Both,22,All ages,487,Leukemia,3,Rate,2019,8.2580637492,12.32873020783,5.46271139095
1,All Population,5,Prevalence,157,Yemen,3,Both,22,All ages,487,Leukemia,3,Rate,2018,17.028180962100002,26.615813597649996,10.51967687777
1,All Population,5,Prevalence,33,Armenia,3,Both,22,All ages,487,Leukemia,3,Rate,2018,24.48749788505,33.755868833449995,17.78054073172
1,All Population,5,Prevalence,151,Qatar,3,Both,22,All ages,487,Leukemia,3,Rate,2018,11.88885062556,25.17432714214,5.7074002815
1,All Population,5,Prevalence,93,Sweden,3,Both,22,All ages,487,Leukemia,3,Rate,2017,103.28572768576001,164.56811186095,58.81064134028
1,All Population,5,Prevalence,216,Senegal,3,Both,22,All ages,487,Leukemia,3,Rate,2018,5.04581208997,7.3985686490500004,3.4849896891800003
1,All Population,5,Prevalence,396,San Marino,3,Both,22,All ages,487,Leukemia,3,Rate,2018,121.01278736021,185.68574621861,74.88093695134
1,All Population,5,Prevalence,87,Luxembourg,3,Both,22,All ages,487,Leukemia,3,Rate,2017,88.90806214378,155.00881543243,48.164362902920004
1,All Population,5,Prevalence,152,Saudi Arabia,3,Both,22,All ages,487,Leukemia,3,Rate,2017,15.217293404929999,26.94383773754,9.28616484254
1,All Population,5,Prevalence,181,Madagascar,3,Both,22,All ages,487,Leukemia,3,Rate,2017,8.73062380238,12.24520469684,6.12503232324
1,All Population,5,Prevalence,168,Angola,3,Both,22,All ages,487,Leukemia,3,Rate,2018,10.03414033003,14.30277753964,7.321771084
1,All Population,5,Prevalence,374,Niue,3,Both,22,All ages,487,Leukemia,3,Rate,2019,6.52635998542,10.01110035094,4.34175567363
1,All Population,5,Prevalence,108,Belize,3,Both,22,All ages,487,Leukemia,3,Rate,2017,12.229161705080001,16.81107553038,9.32794146388
1,All Population,5,Prevalence,376,Northern Mariana Islands,3,Both,22,All ages,487,Leukemia,3,Rate,2019,7.66125328133,11.9884017151,4.5465753731
1,All Population,5,Prevalence,305,Bermuda,3,Both,22,All ages,487,Leukemia,3,Rate,2019,34.987547207489996,62.812321536460004,21.17435505166
1,All Population,5,Prevalence,67,Japan,3,Both,22,All ages,487,Leukemia,3,Rate,2018,55.41528114117,109.7087525402,25.537529697119997
1,All Population,5,Prevalence,114,Haiti,3,Both,22,All ages,487,Leukemia,3,Rate,2018,12.067870207759999,16.93916867935,7.67114842145
1,All Population,5,Prevalence,207,Ghana,3,Both,22,All ages,487,Leukemia,3,Rate,2018,4.11650387075,6.232181215270001,2.83207701718
1,All Population,5,Prevalence,113,Guyana,3,Both,22,All ages,487,Leukemia,3,Rate,2018,9.02408312659,11.28619677925,7.19178114337
1,All Population,5,Prevalence,162,Bhutan,3,Both,22,All ages,487,Leukemia,3,Rate,2018,7.60773418531,11.36602320386,5.23868734334
1,All Population,5,Prevalence,20,Viet Nam,3,Both,22,All ages,487,Leukemia,3,Rate,2018,12.11402752811,19.99579506745,7.706293770109999
1,All Population,5,Prevalence,190,Uganda,3,Both,22,All ages,487,Leukemia,3,Rate,2018,8.65966950197,12.3994883223,5.91879528128
1,All Population,5,Prevalence,84,Ireland,3,Both,22,All ages,487,Leukemia,3,Rate,2018,84.73037160404,131.19423520543,48.7436616379
1,All Population,5,Prevalence,194,Lesotho,3,Both,22,All ages,487,Leukemia,3,Rate,2019,6.522859377870001,9.04039211151,4.56267292542
1,All Population,5,Prevalence,146,Lebanon,3,Both,22,All ages,487,Leukemia,3,Rate,2019,59.604617966350006,102.09584872346001,34.77611313686
1,All Population,5,Prevalence,205,Côte d'Ivoire,3,Both,22,All ages,487,Leukemia,3,Rate,2019,3.7538505000900004,5.265700553069999,2.73148273219
1,All Population,5,Prevalence,218,Togo,3,Both,22,All ages,487,Leukemia,3,Rate,2019,4.29614874636,6.13720424943,2.74392913245
1,All Population,5,Prevalence,121,Bolivia (Plurinational State of),3,Both,22,All ages,487,Leukemia,3,Rate,2017,17.17361913456,25.35004665607,12.19002788279
1,All Population,5,Prevalence,178,Eritrea,3,Both,22,All ages,487,Leukemia,3,Rate,2019,12.94048948542,18.16559228027,9.12681808184
1,All Population,5,Prevalence,393,Saint Kitts and Nevis,3,Both,22,All ages,487,Leukemia,3,Rate,2017,16.4003069532,20.18374586498,13.536360081
1,All Population,5,Prevalence,77,Cyprus,3,Both,22,All ages,487,Leukemia,3,Rate,2019,95.16398286793,155.73576512235,52.86926058764001
1,All Population,5,Prevalence,19,Timor-Leste,3,Both,22,All ages,487,Leukemia,3,Rate,2019,10.71483475934,15.665285543,7.61470946985
1,All Population,5,Prevalence,204,Chad,3,Both,22,All ages,487,Leukemia,3,Rate,2019,5.0068666299,7.23143119378,3.5882781287
1,All Population,5,Prevalence,131,Nicaragua,3,Both,22,All ages,487,Leukemia,3,Rate,2018,18.21429556296,27.671909881850002,12.50512799438
1,All Population,5,Prevalence,156,United Arab Emirates,3,Both,22,All ages,487,Leukemia,3,Rate,2018,7.6438287131600005,11.50837889956,5.40010986549
1,All Population,5,Prevalence,97,Argentina,3,Both,22,All ages,487,Leukemia,3,Rate,2018,18.53899289786,27.51161616972,13.47906354685
1,All Population,5,Prevalence,142,Iran (Islamic Republic of),3,Both,22,All ages,487,Leukemia,3,Rate,2018,44.25322974193,78.49242509465999,26.5366754659
1,All Population,5,Prevalence,435,South Sudan,3,Both,22,All ages,487,Leukemia,3,Rate,2019,9.726020250669999,14.15191651477,6.26687805015
1,All Population,5,Prevalence,85,Israel,3,Both,22,All ages,487,Leukemia,3,Rate,2016,80.68403764915,137.20680642525,46.30427092663
1,All Population,5,Prevalence,183,Mauritius,3,Both,22,All ages,487,Leukemia,3,Rate,2019,13.645375687560001,18.30026914866,10.5221388689
1,All Population,5,Prevalence,179,Ethiopia,3,Both,22,All ages,487,Leukemia,3,Rate,2019,29.292739152890004,45.11742960805,20.22784921157
1,All Population,5,Prevalence,98,Chile,3,Both,22,All ages,487,Leukemia,3,Rate,2019,20.24287553055,34.30582162462,12.67804222881
1,All Population,5,Prevalence,147,Libya,3,Both,22,All ages,487,Leukemia,3,Rate,2017,26.660904633650002,44.23123304083,16.25193647044
1,All Population,5,Prevalence,83,Iceland,3,Both,22,All ages,487,Leukemia,3,Rate,2019,79.92173970031,127.63599305604,42.69015984102
1,All Population,5,Prevalence,51,Poland,3,Both,22,All ages,487,Leukemia,3,Rate,2020,42.63475059748,58.823962460349996,30.48536895599
1,All Population,5,Prevalence,94,Switzerland,3,Both,22,All ages,487,Leukemia,3,Rate,2020,100.70717237732,152.89610314364,59.45294711727
1,All Population,5,Prevalence,49,North Macedonia,3,Both,22,All ages,487,Leukemia,3,Rate,2020,17.50272232278,29.31871224452,11.2707613376
1,All Population,5,Prevalence,6,China,3,Both,22,All ages,487,Leukemia,3,Rate,2020,42.087135665779996,65.43621107204,27.39008894728
1,All Population,5,Prevalence,79,Finland,3,Both,22,All ages,487,Leukemia,3,Rate,2020,76.93987258957,106.90163575023,53.417272938450004
1,All Population,5,Prevalence,87,Luxembourg,3,Both,22,All ages,487,Leukemia,3,Rate,2020,86.57570811473,148.38089337300002,47.06999260805
1,All Population,5,Prevalence,34,Azerbaijan,3,Both,22,All ages,487,Leukemia,3,Rate,2020,17.18127690096,25.87217495056,12.19772891605
1,All Population,5,Prevalence,522,Sudan,3,Both,22,All ages,487,Leukemia,3,Rate,2019,21.019014624740002,32.484947080320005,13.488910339790001
1,All Population,5,Prevalence,161,Bangladesh,3,Both,22,All ages,487,Leukemia,3,Rate,2019,9.87066376968,13.79200388461,6.94739409787
1,All Population,5,Prevalence,22,Fiji,3,Both,22,All ages,487,Leukemia,3,Rate,2017,7.07604054052,9.65738684863,5.26299254391
1,All Population,5,Prevalence,37,Kyrgyzstan,3,Both,22,All ages,487,Leukemia,3,Rate,2017,8.78378744995,12.765863864870001,6.44067024806
1,All Population,5,Prevalence,116,Saint Lucia,3,Both,22,All ages,487,Leukemia,3,Rate,2018,14.53480823036,19.44369196585,11.18743109191
1,All Population,5,Prevalence,165,Pakistan,3,Both,22,All ages,487,Leukemia,3,Rate,2019,7.96530081873,11.30736291284,5.79754377297
1,All Population,5,Prevalence,43,Albania,3,Both,22,All ages,487,Leukemia,3,Rate,2019,33.265059747909994,63.82263179345,18.80533802123
1,All Population,5,Prevalence,17,Sri Lanka,3,Both,22,All ages,487,Leukemia,3,Rate,2020,14.06067955981,21.9863114565,9.272387455799999
1,All Population,5,Prevalence,66,Brunei Darussalam,3,Both,22,All ages,487,Leukemia,3,Rate,2020,18.00922936579,24.95052827852,13.063300402960001
1,All Population,5,Prevalence,113,Guyana,3,Both,22,All ages,487,Leukemia,3,Rate,2017,8.63705392354,10.90029026134,6.86682723187
1,All Population,5,Prevalence,51,Poland,3,Both,22,All ages,487,Leukemia,3,Rate,2019,45.22445593821,62.133612231369995,32.531563617290004
1,All Population,5,Prevalence,111,Dominican Republic,3,Both,22,All ages,487,Leukemia,3,Rate,2019,9.15509797443,12.46962899486,6.65502102841
1,All Population,5,Prevalence,68,Republic of Korea,3,Both,22,All ages,487,Leukemia,3,Rate,2019,34.41314053464,76.51501524163,12.94231879078
1,All Population,5,Prevalence,44,Bosnia and Herzegovina,3,Both,22,All ages,487,Leukemia,3,Rate,2019,41.13105322066,63.74889769338999,27.11250580948
1,All Population,5,Prevalence,25,Micronesia (Federated States of),3,Both,22,All ages,487,Leukemia,3,Rate,2020,4.63859439663,6.21900895983,3.51491829034
1,All Population,5,Prevalence,214,Nigeria,3,Both,22,All ages,487,Leukemia,3,Rate,2017,5.48951823164,8.04312402677,3.79781805308
1,All Population,5,Prevalence,156,United Arab Emirates,3,Both,22,All ages,487,Leukemia,3,Rate,2020,8.35677579913,12.50170737058,5.76250406114
1,All Population,5,Prevalence,98,Chile,3,Both,22,All ages,487,Leukemia,3,Rate,2020,19.532166242629998,34.14861702118,11.936952366989999
1,All Population,5,Prevalence,60,Lithuania,3,Both,22,All ages,487,Leukemia,3,Rate,2019,60.53405650721,86.22623780292,42.793875879039994
1,All Population,5,Prevalence,150,Oman,3,Both,22,All ages,487,Leukemia,3,Rate,2019,9.373222783240001,15.44363331702,5.66221261789
1,All Population,5,Prevalence,58,Estonia,3,Both,22,All ages,487,Leukemia,3,Rate,2020,80.28290510458,124.64961683075,54.46381503014
1,All Population,5,Prevalence,92,Spain,3,Both,22,All ages,487,Leukemia,3,Rate,2020,87.12957015934,137.7351268082,49.105696495530005
1,All Population,5,Prevalence,13,Malaysia,3,Both,22,All ages,487,Leukemia,3,Rate,2019,12.97619167228,18.64582411265,9.22190325352
1,All Population,5,Prevalence,86,Italy,3,Both,22,All ages,487,Leukemia,3,Rate,2020,118.21785607052,191.58397327153,65.82432653464
1,All Population,5,Prevalence,118,Suriname,3,Both,22,All ages,487,Leukemia,3,Rate,2020,12.15733135822,17.06647868333,8.91157756053
1,All Population,5,Prevalence,26,Papua New Guinea,3,Both,22,All ages,487,Leukemia,3,Rate,2019,5.74228683632,9.11342732978,3.7919228292000002
1,All Population,5,Prevalence,26,Papua New Guinea,3,Both,22,All ages,487,Leukemia,3,Rate,2020,6.08144987648,9.85499108753,4.07151226786
1,All Population,5,Prevalence,11,Indonesia,3,Both,22,All ages,487,Leukemia,3,Rate,2020,11.25102704722,17.27722713485,7.53142956927
1,All Population,5,Prevalence,209,Guinea-Bissau,3,Both,22,All ages,487,Leukemia,3,Rate,2018,5.01119106902,6.9862519155400005,3.61128700489
1,All Population,5,Prevalence,207,Ghana,3,Both,22,All ages,487,Leukemia,3,Rate,2019,4.14672634768,6.02436859347,2.7890874773500003
1,All Population,5,Prevalence,30,Vanuatu,3,Both,22,All ages,487,Leukemia,3,Rate,2019,4.38963689721,6.76430196785,2.98108412314
1,All Population,5,Prevalence,40,Turkmenistan,3,Both,22,All ages,487,Leukemia,3,Rate,2020,12.09336269061,15.93044449425,9.506735863320001
1,All Population,5,Prevalence,10,Cambodia,3,Both,22,All ages,487,Leukemia,3,Rate,2020,9.085861212,13.24669013324,6.33996801078
1,All Population,5,Prevalence,119,Trinidad and Tobago,3,Both,22,All ages,487,Leukemia,3,Rate,2019,14.25778921113,19.72254042843,10.75359318233
1,All Population,5,Prevalence,46,Croatia,3,Both,22,All ages,487,Leukemia,3,Rate,2020,70.09585135134999,106.45706906296,47.94897323446
1,All Population,5,Prevalence,72,New Zealand,3,Both,22,All ages,487,Leukemia,3,Rate,2020,82.12925054793,131.1172048201,42.48520168759
1,All Population,5,Prevalence,57,Belarus,3,Both,22,All ages,487,Leukemia,3,Rate,2020,73.98023901315,110.53559520497001,51.38424095552
1,All Population,5,Prevalence,12,Lao People's Democratic Republic,3,Both,22,All ages,487,Leukemia,3,Rate,2019,8.911664641329999,12.791891809070002,6.43085643833
1,All Population,5,Prevalence,27,Samoa,3,Both,22,All ages,487,Leukemia,3,Rate,2019,18.07749396518,26.91524413946,11.82129994405
1,All Population,5,Prevalence,203,Cabo Verde,3,Both,22,All ages,487,Leukemia,3,Rate,2019,8.32636916059,12.65417144648,5.57559267694
1,All Population,5,Prevalence,20,Viet Nam,3,Both,22,All ages,487,Leukemia,3,Rate,2019,12.52028932483,19.72686973352,7.520400270850001
1,All Population,5,Prevalence,36,Kazakhstan,3,Both,22,All ages,487,Leukemia,3,Rate,2019,13.75693992599,20.01971459623,9.7009564383
1,All Population,5,Prevalence,126,Costa Rica,3,Both,22,All ages,487,Leukemia,3,Rate,2020,25.60581906822,44.87722711712,15.78493348209
1,All Population,5,Prevalence,111,Dominican Republic,3,Both,22,All ages,487,Leukemia,3,Rate,2020,9.60906424895,13.09705730924,6.931775640450001
1,All Population,5,Prevalence,141,Egypt,3,Both,22,All ages,487,Leukemia,3,Rate,2020,23.82893310093,33.40929525559,16.10428979494
1,All Population,5,Prevalence,206,Gambia,3,Both,22,All ages,487,Leukemia,3,Rate,2019,1.72929701513,2.41576368406,1.2426661324
1,All Population,5,Prevalence,55,Slovenia,3,Both,22,All ages,487,Leukemia,3,Rate,2017,130.1947253143,202.75696056837998,82.91556824292
1,All Population,5,Prevalence,18,Thailand,3,Both,22,All ages,487,Leukemia,3,Rate,2020,20.57502577417,34.346087816309996,13.60209455743
1,All Population,5,Prevalence,33,Armenia,3,Both,22,All ages,487,Leukemia,3,Rate,2020,23.89918594469,34.405780060219996,17.419049430420003
1,All Population,5,Prevalence,132,Panama,3,Both,22,All ages,487,Leukemia,3,Rate,2019,26.64339542593,46.054769110269994,15.78142397765
1,All Population,5,Prevalence,149,Palestine,3,Both,22,All ages,487,Leukemia,3,Rate,2020,22.45363304111,34.17576903261,14.23049310526
1,All Population,5,Prevalence,132,Panama,3,Both,22,All ages,487,Leukemia,3,Rate,2020,25.96336657589,46.115689375289996,15.479525668860001
1,All Population,5,Prevalence,117,Saint Vincent and the Grenadines,3,Both,22,All ages,487,Leukemia,3,Rate,2020,18.766100482560002,22.60637836401,15.39907356995
1,All Population,5,Prevalence,106,Bahamas,3,Both,22,All ages,487,Leukemia,3,Rate,2019,13.82288999125,19.23121755045,10.14121579183
1,All Population,5,Prevalence,46,Croatia,3,Both,22,All ages,487,Leukemia,3,Rate,2018,72.63708233392,110.66597592382999,49.046434991370006
1,All Population,5,Prevalence,179,Ethiopia,3,Both,22,All ages,487,Leukemia,3,Rate,2020,28.13171431062,42.74002598371,19.48080640453
1,All Population,5,Prevalence,74,Andorra,3,Both,22,All ages,487,Leukemia,3,Rate,2019,115.12596052429001,188.80071920722,60.6164859959
1,All Population,5,Prevalence,169,Central African Republic,3,Both,22,All ages,487,Leukemia,3,Rate,2018,7.641597023150001,10.809167658849999,5.4754954751
1,All Population,5,Prevalence,380,Palau,3,Both,22,All ages,487,Leukemia,3,Rate,2019,7.79247906173,10.32811083087,5.52046055898
1,All Population,5,Prevalence,215,Sao Tome and Principe,3,Both,22,All ages,487,Leukemia,3,Rate,2018,1.92573256706,2.83602630477,1.3212028609500002
1,All Population,5,Prevalence,45,Bulgaria,3,Both,22,All ages,487,Leukemia,3,Rate,2020,23.30680471444,32.7893196464,17.44359790215
1,All Population,5,Prevalence,105,Antigua and Barbuda,3,Both,22,All ages,487,Leukemia,3,Rate,2020,12.75539829726,18.33226294213,9.01579149996
1,All Population,5,Prevalence,88,Malta,3,Both,22,All ages,487,Leukemia,3,Rate,2019,60.18967378507,110.99868309717,30.095326892990002
1,All Population,5,Prevalence,92,Spain,3,Both,22,All ages,487,Leukemia,3,Rate,2017,91.46811490949,148.49588817701002,51.617760421069995
1,All Population,5,Prevalence,41,Uzbekistan,3,Both,22,All ages,487,Leukemia,3,Rate,2020,17.66790256042,26.709142596739998,12.67221638626
1,All Population,5,Prevalence,77,Cyprus,3,Both,22,All ages,487,Leukemia,3,Rate,2018,94.06200243566,152.47117123025998,51.65329949229
1,All Population,5,Prevalence,62,Russian Federation,3,Both,22,All ages,487,Leukemia,3,Rate,2018,38.89875838094,56.25773813976,27.46899388839
1,All Population,5,Prevalence,182,Malawi,3,Both,22,All ages,487,Leukemia,3,Rate,2019,4.1777578236299995,6.005634145659999,2.71744089929
1,All Population,5,Prevalence,164,Nepal,3,Both,22,All ages,487,Leukemia,3,Rate,2020,6.48993878198,9.12913196168,4.69706160316
1,All Population,5,Prevalence,106,Bahamas,3,Both,22,All ages,487,Leukemia,3,Rate,2020,15.80934725754,21.61697846684,11.55550058193
1,All Population,5,Prevalence,155,Türkiye,3,Both,22,All ages,487,Leukemia,3,Rate,2019,29.069172249230004,45.135568200870004,18.6075527169
1,All Population,5,Prevalence,69,Singapore,3,Both,22,All ages,487,Leukemia,3,Rate,2020,27.319336041849997,65.33494837937,10.38550980575
1,All Population,5,Prevalence,133,Venezuela (Bolivarian Republic of),3,Both,22,All ages,487,Leukemia,3,Rate,2020,13.54879759139,20.40504283351,9.80557557262
1,All Population,5,Prevalence,142,Iran (Islamic Republic of),3,Both,22,All ages,487,Leukemia,3,Rate,2019,47.39855782341,80.1284706924,28.09417049862
1,All Population,5,Prevalence,139,Algeria,3,Both,22,All ages,487,Leukemia,3,Rate,2020,16.43736370363,28.35940853517,9.182576752340001
1,All Population,5,Prevalence,163,India,3,Both,22,All ages,487,Leukemia,3,Rate,2020,7.847018905590001,11.02190074237,5.8778423773799995
1,All Population,5,Prevalence,178,Eritrea,3,Both,22,All ages,487,Leukemia,3,Rate,2020,13.12183403216,18.16797627712,9.20711247398
1,All Population,5,Prevalence,63,Ukraine,3,Both,22,All ages,487,Leukemia,3,Rate,2020,32.91744155383,46.556861746450004,24.066638401109998
1,All Population,5,Prevalence,80,France,3,Both,22,All ages,487,Leukemia,3,Rate,2020,110.08311145914,175.78329811901,59.44362165931
1,All Population,5,Prevalence,130,Mexico,3,Both,22,All ages,487,Leukemia,3,Rate,2019,15.960659905790001,24.02970647702,11.546761406869999
1,All Population,5,Prevalence,151,Qatar,3,Both,22,All ages,487,Leukemia,3,Rate,2020,12.549568628880001,25.53154597965,5.677499700269999
1,All Population,5,Prevalence,191,Zambia,3,Both,22,All ages,487,Leukemia,3,Rate,2018,3.44991879005,4.69884867887,2.35857976953
1,All Population,5,Prevalence,171,Democratic Republic of the Congo,3,Both,22,All ages,487,Leukemia,3,Rate,2020,8.35474036364,11.749241235040001,5.96974842197
1,All Population,5,Prevalence,145,Kuwait,3,Both,22,All ages,487,Leukemia,3,Rate,2020,27.824110712150002,55.48120001731,13.06475971498
1,All Population,5,Prevalence,143,Iraq,3,Both,22,All ages,487,Leukemia,3,Rate,2019,35.2562557719,55.86280977819,22.06337901237
1,All Population,5,Prevalence,59,Latvia,3,Both,22,All ages,487,Leukemia,3,Rate,2019,65.94287068637,93.61655556009,46.6989923142
1,All Population,5,Prevalence,107,Barbados,3,Both,22,All ages,487,Leukemia,3,Rate,2019,23.2260079137,30.743677116430003,17.562328612880002
1,All Population,5,Prevalence,135,Brazil,3,Both,22,All ages,487,Leukemia,3,Rate,2019,12.24896101328,16.41884531375,9.6300287923
1,All Population,5,Prevalence,182,Malawi,3,Both,22,All ages,487,Leukemia,3,Rate,2018,4.2131928496899995,6.05891245023,2.7013580103
1,All Population,5,Prevalence,140,Bahrain,3,Both,22,All ages,487,Leukemia,3,Rate,2020,13.277023136059999,22.303993116479997,7.880376138960001
1,All Population,5,Prevalence,7,Democratic People's Republic of Korea,3,Both,22,All ages,487,Leukemia,3,Rate,2020,24.329165621799998,36.94293706902,14.82011040905
1,All Population,5,Prevalence,35,Georgia,3,Both,22,All ages,487,Leukemia,3,Rate,2019,28.38784210648,36.41267558415,22.33947719469
1,All Population,5,Prevalence,71,Australia,3,Both,22,All ages,487,Leukemia,3,Rate,2020,106.14149970019,132.35631119082,83.77608331394
1,All Population,5,Prevalence,90,Norway,3,Both,22,All ages,487,Leukemia,3,Rate,2018,63.17379980586,83.29164443575,45.90829102413
1,All Population,5,Prevalence,150,Oman,3,Both,22,All ages,487,Leukemia,3,Rate,2020,9.72783593758,16.46202844347,5.57606076689
1,All Population,5,Prevalence,198,Zimbabwe,3,Both,22,All ages,487,Leukemia,3,Rate,2020,5.59940271468,7.60079210351,3.93340317228
1,All Population,5,Prevalence,198,Zimbabwe,3,Both,22,All ages,487,Leukemia,3,Rate,2019,5.75128775772,8.03001230805,4.0871237884800005
1,All Population,5,Prevalence,47,Czechia,3,Both,22,All ages,487,Leukemia,3,Rate,2017,69.07291948833,108.42992658688999,48.60913846466
1,All Population,5,Prevalence,196,South Africa,3,Both,22,All ages,487,Leukemia,3,Rate,2020,7.369450361309999,9.98590768309,5.5686641235300005
1,All Population,5,Prevalence,16,Philippines,3,Both,22,All ages,487,Leukemia,3,Rate,2018,9.27366077356,12.483097303710002,7.11651448738
1,All Population,5,Prevalence,93,Sweden,3,Both,22,All ages,487,Leukemia,3,Rate,2020,98.21622338894,150.89578512213,56.68185096643
1,All Population,5,Prevalence,201,Burkina Faso,3,Both,22,All ages,487,Leukemia,3,Rate,2020,3.6753221966000003,5.18396430753,2.47843689896
1,All Population,5,Prevalence,195,Namibia,3,Both,22,All ages,487,Leukemia,3,Rate,2020,7.106688335359999,9.65534540218,5.12531814714
1,All Population,5,Prevalence,76,Belgium,3,Both,22,All ages,487,Leukemia,3,Rate,2018,82.58994460534,153.84786294261,46.08761866938
1,All Population,5,Prevalence,29,Tonga,3,Both,22,All ages,487,Leukemia,3,Rate,2018,3.97627403927,6.3324407444599995,2.52209705928
1,All Population,5,Prevalence,185,Rwanda,3,Both,22,All ages,487,Leukemia,3,Rate,2019,10.65109602128,15.10827235236,7.046418292859999
1,All Population,5,Prevalence,38,Mongolia,3,Both,22,All ages,487,Leukemia,3,Rate,2018,6.83838600131,9.7213735992,5.00484725288
1,All Population,5,Prevalence,23,Kiribati,3,Both,22,All ages,487,Leukemia,3,Rate,2018,2.57108261062,3.7893133667100005,1.74059507774
1,All Population,5,Prevalence,83,Iceland,3,Both,22,All ages,487,Leukemia,3,Rate,2018,81.78057187762,127.99211414930001,43.30949941042
1,All Population,5,Prevalence,186,Seychelles,3,Both,22,All ages,487,Leukemia,3,Rate,2020,23.74749651156,32.12566927519,17.34028236927
1,All Population,5,Prevalence,369,Nauru,3,Both,22,All ages,487,Leukemia,3,Rate,2018,7.852074352630001,10.991395707059999,5.42911305438
1,All Population,5,Prevalence,189,United Republic of Tanzania,3,Both,22,All ages,487,Leukemia,3,Rate,2019,3.71475475421,5.19967025753,2.5336799400000003
1,All Population,5,Prevalence,177,Djibouti,3,Both,22,All ages,487,Leukemia,3,Rate,2019,9.410352839989999,13.09484058866,6.559555452710001
1,All Population,5,Prevalence,151,Qatar,3,Both,22,All ages,487,Leukemia,3,Rate,2019,12.18330194366,24.05754087087,5.8190646480199995
1,All Population,5,Prevalence,78,Denmark,3,Both,22,All ages,487,Leukemia,3,Rate,2019,103.85193363111,140.75589550269999,74.82607228767
1,All Population,5,Prevalence,320,Cook Islands,3,Both,22,All ages,487,Leukemia,3,Rate,2020,4.68284689519,8.84402580635,2.39515775989
1,All Population,5,Prevalence,193,Botswana,3,Both,22,All ages,487,Leukemia,3,Rate,2020,6.0755612366200005,8.523992588239999,4.13248277879
1,All Population,5,Prevalence,369,Nauru,3,Both,22,All ages,487,Leukemia,3,Rate,2020,7.9339398796700005,11.298057933039999,5.68458238489
1,All Population,5,Prevalence,204,Chad,3,Both,22,All ages,487,Leukemia,3,Rate,2020,5.18313300161,7.49251715378,3.6656945072999996
1,All Population,5,Prevalence,160,Afghanistan,3,Both,22,All ages,487,Leukemia,3,Rate,2019,16.96599874016,26.22620338231,10.226223409660001
1,All Population,5,Prevalence,130,Mexico,3,Both,22,All ages,487,Leukemia,3,Rate,2018,16.211171730300002,24.30694168722,11.68656402913
1,All Population,5,Prevalence,30,Vanuatu,3,Both,22,All ages,487,Leukemia,3,Rate,2018,4.45251197058,6.73253439648,2.91377123269
1,All Population,5,Prevalence,211,Mali,3,Both,22,All ages,487,Leukemia,3,Rate,2020,7.004277077329999,10.92348846684,3.13872730839
1,All Population,5,Prevalence,89,Netherlands,3,Both,22,All ages,487,Leukemia,3,Rate,2019,135.07342513909998,170.66960480730998,78.87399083601001
1,All Population,5,Prevalence,50,Montenegro,3,Both,22,All ages,487,Leukemia,3,Rate,2019,66.40903461756,100.83691552208,42.74607301704
1,All Population,5,Prevalence,155,Türkiye,3,Both,22,All ages,487,Leukemia,3,Rate,2020,30.202173176259997,46.97123978482,18.827403599110003
1,All Population,5,Prevalence,48,Hungary,3,Both,22,All ages,487,Leukemia,3,Rate,2020,50.41645327652999,72.66523500688,36.38449119607
1,All Population,5,Prevalence,351,Guam,3,Both,22,All ages,487,Leukemia,3,Rate,2019,6.95441963995,11.30894660315,4.94382345881
1,All Population,5,Prevalence,172,Equatorial Guinea,3,Both,22,All ages,487,Leukemia,3,Rate,2020,7.2326185078,10.84203131384,4.80070417332
1,All Population,5,Prevalence,95,United Kingdom,3,Both,22,All ages,487,Leukemia,3,Rate,2020,57.91078479001,84.87470337511,36.749093187140005
1,All Population,5,Prevalence,146,Lebanon,3,Both,22,All ages,487,Leukemia,3,Rate,2017,48.81018876659,92.02902298677,29.386086621220002
1,All Population,5,Prevalence,121,Bolivia (Plurinational State of),3,Both,22,All ages,487,Leukemia,3,Rate,2018,17.22518974185,24.29289109231,12.477687821209999
1,All Population,5,Prevalence,396,San Marino,3,Both,22,All ages,487,Leukemia,3,Rate,2020,118.32364859641,173.71585691671,72.21926273649001
1,All Population,5,Prevalence,212,Mauritania,3,Both,22,All ages,487,Leukemia,3,Rate,2020,4.90153844736,7.09311043141,3.2427659159999997
1,All Population,5,Prevalence,101,Canada,3,Both,22,All ages,487,Leukemia,3,Rate,2019,86.18936826480001,156.57426348065002,46.96166595951
1,All Population,5,Prevalence,22,Fiji,3,Both,22,All ages,487,Leukemia,3,Rate,2020,7.27006535162,9.74172606962,5.40020189451
1,All Population,5,Prevalence,176,Comoros,3,Both,22,All ages,487,Leukemia,3,Rate,2020,7.44041485087,10.18615454002,5.16774389758
1,All Population,5,Prevalence,52,Romania,3,Both,22,All ages,487,Leukemia,3,Rate,2018,32.42819471117,44.37654079013,24.003978163510002
1,All Population,5,Prevalence,168,Angola,3,Both,22,All ages,487,Leukemia,3,Rate,2019,10.194478367050001,14.72489364079,7.388416228550001
1,All Population,5,Prevalence,127,El Salvador,3,Both,22,All ages,487,Leukemia,3,Rate,2020,24.914466625270002,36.51341410519,17.20664601368
1,All Population,5,Prevalence,393,Saint Kitts and Nevis,3,Both,22,All ages,487,Leukemia,3,Rate,2020,16.65672085447,19.84813722915,13.83449806092
1,All Population,5,Prevalence,213,Niger,3,Both,22,All ages,487,Leukemia,3,Rate,2019,7.8977593627700005,11.991261253,4.49552333181
1,All Population,5,Prevalence,212,Mauritania,3,Both,22,All ages,487,Leukemia,3,Rate,2019,5.06341389698,7.55956378937,3.3769588253199996
1,All Population,5,Prevalence,16,Philippines,3,Both,22,All ages,487,Leukemia,3,Rate,2017,9.6843264834,13.02580112719,7.41051060161
1,All Population,5,Prevalence,197,Eswatini,3,Both,22,All ages,487,Leukemia,3,Rate,2019,7.4401872986,10.40529930335,4.87119055745
1,All Population,5,Prevalence,183,Mauritius,3,Both,22,All ages,487,Leukemia,3,Rate,2018,14.352853676850001,18.84335391498,11.155399574959999
1,All Population,5,Prevalence,115,Jamaica,3,Both,22,All ages,487,Leukemia,3,Rate,2018,16.396565124040002,21.01822971031,12.935071331509999
1,All Population,5,Prevalence,173,Gabon,3,Both,22,All ages,487,Leukemia,3,Rate,2019,9.196206929830002,12.985251390150001,6.693552432580001
1,All Population,5,Prevalence,175,Burundi,3,Both,22,All ages,487,Leukemia,3,Rate,2018,10.07590955842,14.88749672995,6.34993874354
1,All Population,5,Prevalence,185,Rwanda,3,Both,22,All ages,487,Leukemia,3,Rate,2016,10.783701663130001,15.60753292723,7.250878795759999
1,All Population,5,Prevalence,393,Saint Kitts and Nevis,3,Both,22,All ages,487,Leukemia,3,Rate,2019,16.48653554889,19.71604732395,13.616661431429998
1,All Population,5,Prevalence,154,Tunisia,3,Both,22,All ages,487,Leukemia,3,Rate,2017,47.73183591536,77.13945074929,30.83894577901
1,All Population,5,Prevalence,184,Mozambique,3,Both,22,All ages,487,Leukemia,3,Rate,2019,4.76671540442,6.803266634,3.30248390215
1,All Population,5,Prevalence,200,Benin,3,Both,22,All ages,487,Leukemia,3,Rate,2019,11.45131911664,16.840109770999998,7.69427717004
1,All Population,5,Prevalence,67,Japan,3,Both,22,All ages,487,Leukemia,3,Rate,2019,55.44223074969,109.66383228874,26.07068118024
1,All Population,5,Prevalence,127,El Salvador,3,Both,22,All ages,487,Leukemia,3,Rate,2019,24.43785719564,34.67728694923,16.52433979735
1,All Population,5,Prevalence,116,Saint Lucia,3,Both,22,All ages,487,Leukemia,3,Rate,2020,14.31669947334,18.08931306031,11.151535913550001
1,All Population,5,Prevalence,54,Slovakia,3,Both,22,All ages,487,Leukemia,3,Rate,2019,53.35339885058,78.63743216446,36.616126039760005
1,All Population,5,Prevalence,110,Dominica,3,Both,22,All ages,487,Leukemia,3,Rate,2020,16.06189126215,22.21450083809,11.805680157140001
1,All Population,5,Prevalence,97,Argentina,3,Both,22,All ages,487,Leukemia,3,Rate,2019,18.29475375821,26.734402702759997,13.360063770430001
1,All Population,5,Prevalence,385,Puerto Rico,3,Both,22,All ages,487,Leukemia,3,Rate,2019,28.97111737678,48.59917621363,19.36307434941
1,All Population,5,Prevalence,376,Northern Mariana Islands,3,Both,22,All ages,487,Leukemia,3,Rate,2020,7.7986192489,12.15231504955,4.6663242369199995
1,All Population,5,Prevalence,208,Guinea,3,Both,22,All ages,487,Leukemia,3,Rate,2019,2.7238152804099998,3.87570433144,1.86799415339
1,All Population,5,Prevalence,145,Kuwait,3,Both,22,All ages,487,Leukemia,3,Rate,2018,26.823345567919997,54.91304702338,12.65892726598
1,All Population,5,Prevalence,39,Tajikistan,3,Both,22,All ages,487,Leukemia,3,Rate,2018,8.02417560154,13.190816750800002,5.45789798963
1,All Population,5,Prevalence,176,Comoros,3,Both,22,All ages,487,Leukemia,3,Rate,2019,7.13204466506,9.77561913614,4.935085470310001
1,All Population,5,Prevalence,108,Belize,3,Both,22,All ages,487,Leukemia,3,Rate,2020,12.70861359117,17.20201669125,9.63710754099
1,All Population,5,Prevalence,170,Congo,3,Both,22,All ages,487,Leukemia,3,Rate,2018,7.32936692172,9.98049612675,5.07229470278
1,All Population,5,Prevalence,112,Grenada,3,Both,22,All ages,487,Leukemia,3,Rate,2019,16.90511586488,21.52991286495,13.26009435856
1,All Population,5,Prevalence,209,Guinea-Bissau,3,Both,22,All ages,487,Leukemia,3,Rate,2019,5.03004469692,7.0316939692,3.64051896264
1,All Population,5,Prevalence,298,American Samoa,3,Both,22,All ages,487,Leukemia,3,Rate,2020,8.08877805749,10.64141383454,6.1549391149699995
1,All Population,5,Prevalence,413,Tokelau,3,Both,22,All ages,487,Leukemia,3,Rate,2017,4.95104786611,7.401209323150001,3.37631051704
1,All Population,5,Prevalence,161,Bangladesh,3,Both,22,All ages,487,Leukemia,3,Rate,2018,9.77755122086,13.69162306667,6.928103050430001
1,All Population,5,Prevalence,190,Uganda,3,Both,22,All ages,487,Leukemia,3,Rate,2019,8.49321737095,12.054212197170001,5.86222371845
1,All Population,5,Prevalence,53,Serbia,3,Both,22,All ages,487,Leukemia,3,Rate,2020,38.57147796545,54.42798922078,28.26734484525
1,All Population,5,Prevalence,85,Israel,3,Both,22,All ages,487,Leukemia,3,Rate,2019,74.09428064776,132.37170062221,42.91366089721
1,All Population,5,Prevalence,102,United States of America,3,Both,22,All ages,487,Leukemia,3,Rate,2020,87.08181494096,136.00057256458,45.84390079061
1,All Population,5,Prevalence,218,Togo,3,Both,22,All ages,487,Leukemia,3,Rate,2020,4.35904540494,6.21153479196,2.74040609403
1,All Population,5,Prevalence,194,Lesotho,3,Both,22,All ages,487,Leukemia,3,Rate,2018,6.442784367700001,8.982892647029999,4.54771656013
1,All Population,5,Prevalence,22,Fiji,3,Both,22,All ages,487,Leukemia,3,Rate,2018,7.021647603319999,9.6307372762,5.29521743639
1,All Population,5,Prevalence,305,Bermuda,3,Both,22,All ages,487,Leukemia,3,Rate,2020,35.6598936124,64.34964010016,21.467234544900002
1,All Population,5,Prevalence,349,Greenland,3,Both,22,All ages,487,Leukemia,3,Rate,2019,16.80038811338,25.47081958378,10.39543654533
1,All Population,5,Prevalence,82,Greece,3,Both,22,All ages,487,Leukemia,3,Rate,2019,95.14257992,169.97190293227,57.65659286227
1,All Population,5,Prevalence,46,Croatia,3,Both,22,All ages,487,Leukemia,3,Rate,2019,71.67193861954,109.89284068327,49.51118719206
1,All Population,5,Prevalence,35,Georgia,3,Both,22,All ages,487,Leukemia,3,Rate,2020,29.61516501239,38.68246832805,23.366285696560002
1,All Population,5,Prevalence,187,Somalia,3,Both,22,All ages,487,Leukemia,3,Rate,2020,8.805937833889999,12.489260279469999,5.90072726013
1,All Population,5,Prevalence,19,Timor-Leste,3,Both,22,All ages,487,Leukemia,3,Rate,2020,11.15097297324,16.32107168109,7.7587951875000005
1,All Population,5,Prevalence,60,Lithuania,3,Both,22,All ages,487,Leukemia,3,Rate,2020,59.214414989080005,86.27276023269,42.87038844527
1,All Population,5,Prevalence,69,Singapore,3,Both,22,All ages,487,Leukemia,3,Rate,2018,27.100002980139998,63.76673955685,10.85928293494
1,All Population,5,Prevalence,8,Taiwan,3,Both,22,All ages,487,Leukemia,3,Rate,2020,32.57175128318,70.20988037288001,17.03235049907
1,All Population,5,Prevalence,113,Guyana,3,Both,22,All ages,487,Leukemia,3,Rate,2019,8.806445513549999,11.068515970970001,7.16609935205
1,All Population,5,Prevalence,209,Guinea-Bissau,3,Both,22,All ages,487,Leukemia,3,Rate,2016,5.0599799961,7.112795502059999,3.6049441571900003
1,All Population,5,Prevalence,349,Greenland,3,Both,22,All ages,487,Leukemia,3,Rate,2020,17.49824971864,26.72295115024,10.82953709511
1,All Population,5,Prevalence,374,Niue,3,Both,22,All ages,487,Leukemia,3,Rate,2020,5.9958500818100005,9.13750041109,3.97639161117
1,All Population,5,Prevalence,68,Republic of Korea,3,Both,22,All ages,487,Leukemia,3,Rate,2020,34.95353210824,72.91445097602,13.150494032829998
1,All Population,5,Prevalence,128,Guatemala,3,Both,22,All ages,487,Leukemia,3,Rate,2020,13.50517090522,18.18219111814,10.77848529612
1,All Population,5,Prevalence,435,South Sudan,3,Both,22,All ages,487,Leukemia,3,Rate,2020,9.93943126386,14.099014908380001,6.345638656349999
1,All Population,5,Prevalence,203,Cabo Verde,3,Both,22,All ages,487,Leukemia,3,Rate,2020,7.674163469980001,11.62568515277,5.03429625894
1,All Population,5,Prevalence,144,Jordan,3,Both,22,All ages,487,Leukemia,3,Rate,2018,24.3780981263,50.1556627218,13.54184033414
1,All Population,5,Prevalence,99,Uruguay,3,Both,22,All ages,487,Leukemia,3,Rate,2018,33.046038611899995,48.01322126649,23.49208756638
1,All Population,5,Prevalence,24,Marshall Islands,3,Both,22,All ages,487,Leukemia,3,Rate,2020,5.53887143522,7.86293963238,3.8828166365
1,All Population,5,Prevalence,89,Netherlands,3,Both,22,All ages,487,Leukemia,3,Rate,2020,130.76889892077,166.2566712235,79.07790048387
1,All Population,5,Prevalence,27,Samoa,3,Both,22,All ages,487,Leukemia,3,Rate,2020,20.399846519660002,30.54258481986,13.136144263010001
1,All Population,5,Prevalence,44,Bosnia and Herzegovina,3,Both,22,All ages,487,Leukemia,3,Rate,2020,40.43096048388,63.91986401632,25.73852531529
1,All Population,5,Prevalence,26,Papua New Guinea,3,Both,22,All ages,487,Leukemia,3,Rate,2021,6.96486096116,11.36695402323,4.623738561990001
1,All Population,5,Prevalence,15,Myanmar,3,Both,22,All ages,487,Leukemia,3,Rate,2021,10.45195722029,15.246822661589999,7.1789419242
1,All Population,5,Prevalence,522,Sudan,3,Both,22,All ages,487,Leukemia,3,Rate,2020,22.42574706653,35.11320266408,14.51545843791
1,All Population,5,Prevalence,36,Kazakhstan,3,Both,22,All ages,487,Leukemia,3,Rate,2020,14.76891483718,21.781402118520003,10.475387290659999
1,All Population,5,Prevalence,109,Cuba,3,Both,22,All ages,487,Leukemia,3,Rate,2020,23.39772434466,38.02979617901,15.912077441740001
1,All Population,5,Prevalence,143,Iraq,3,Both,22,All ages,487,Leukemia,3,Rate,2020,38.44937946474,60.354014662160004,23.99676018498
1,All Population,5,Prevalence,160,Afghanistan,3,Both,22,All ages,487,Leukemia,3,Rate,2020,19.39833154358,30.459456579610002,12.04687669416
1,All Population,5,Prevalence,81,Germany,3,Both,22,All ages,487,Leukemia,3,Rate,2020,157.73119356456,197.71576547279003,123.0591092715
1,All Population,5,Prevalence,115,Jamaica,3,Both,22,All ages,487,Leukemia,3,Rate,2017,16.2820067486,21.28161346666,12.79538022447
1,All Population,5,Prevalence,121,Bolivia (Plurinational State of),3,Both,22,All ages,487,Leukemia,3,Rate,2019,17.23670355035,24.517202022769997,12.1110067927
1,All Population,5,Prevalence,39,Tajikistan,3,Both,22,All ages,487,Leukemia,3,Rate,2017,8.04057293514,13.0308372441,5.602006515969999
1,All Population,5,Prevalence,45,Bulgaria,3,Both,22,All ages,487,Leukemia,3,Rate,2019,23.31063690713,32.025933063640004,17.33416388665
1,All Population,5,Prevalence,28,Solomon Islands,3,Both,22,All ages,487,Leukemia,3,Rate,2020,5.2823358458000005,8.1206451862,3.5844932479600002
1,All Population,5,Prevalence,11,Indonesia,3,Both,22,All ages,487,Leukemia,3,Rate,2021,11.161546457,17.165265290289998,7.52412187289
1,All Population,5,Prevalence,41,Uzbekistan,3,Both,22,All ages,487,Leukemia,3,Rate,2021,17.85554205958,26.79709532129,12.58067365809
1,All Population,5,Prevalence,13,Malaysia,3,Both,22,All ages,487,Leukemia,3,Rate,2020,12.534403836440001,18.17101968159,8.906465009929999
1,All Population,5,Prevalence,152,Saudi Arabia,3,Both,22,All ages,487,Leukemia,3,Rate,2019,15.95831817077,27.36434535575,9.22340710116
1,All Population,5,Prevalence,90,Norway,3,Both,22,All ages,487,Leukemia,3,Rate,2019,67.53854226835,92.01117830739,49.13729681933
1,All Population,5,Prevalence,22,Fiji,3,Both,22,All ages,487,Leukemia,3,Rate,2019,7.12464196047,9.70685172389,5.38224364149
1,All Population,5,Prevalence,37,Kyrgyzstan,3,Both,22,All ages,487,Leukemia,3,Rate,2020,7.954433016149999,11.84445348469,5.7174485515599995
1,All Population,5,Prevalence,74,Andorra,3,Both,22,All ages,487,Leukemia,3,Rate,2020,115.50065654090001,182.50424422841,62.15873900263001
1,All Population,5,Prevalence,216,Senegal,3,Both,22,All ages,487,Leukemia,3,Rate,2017,5.29022376952,7.80589629658,3.6906432910299998
1,All Population,5,Prevalence,12,Lao People's Democratic Republic,3,Both,22,All ages,487,Leukemia,3,Rate,2020,9.21950042198,13.161640815,6.54158526653
1,All Population,5,Prevalence,27,Samoa,3,Both,22,All ages,487,Leukemia,3,Rate,2021,20.641646394389998,30.96553676061,12.53048323073
1,All Population,5,Prevalence,14,Maldives,3,Both,22,All ages,487,Leukemia,3,Rate,2019,8.869883372170001,14.36443810481,5.48214051208
1,All Population,5,Prevalence,59,Latvia,3,Both,22,All ages,487,Leukemia,3,Rate,2020,58.99720822507,84.76752051661,42.84369297274
1,All Population,5,Prevalence,20,Viet Nam,3,Both,22,All ages,487,Leukemia,3,Rate,2020,12.691871558919999,19.23089453384,7.765825787490001
1,All Population,5,Prevalence,53,Serbia,3,Both,22,All ages,487,Leukemia,3,Rate,2019,37.8358002842,53.03587705272,27.21172404164
1,All Population,5,Prevalence,189,United Republic of Tanzania,3,Both,22,All ages,487,Leukemia,3,Rate,2020,3.5444624293700002,5.02717937727,2.4060025298800003
1,All Population,5,Prevalence,108,Belize,3,Both,22,All ages,487,Leukemia,3,Rate,2019,12.288394808380001,16.44739556203,9.310757344399999
1,All Population,5,Prevalence,109,Cuba,3,Both,22,All ages,487,Leukemia,3,Rate,2021,25.17250483505,41.16191048142,17.04523373399
1,All Population,5,Prevalence,117,Saint Vincent and the Grenadines,3,Both,22,All ages,487,Leukemia,3,Rate,2021,17.30291028673,20.94648402552,14.39254900769
1,All Population,5,Prevalence,10,Cambodia,3,Both,22,All ages,487,Leukemia,3,Rate,2021,9.41564173487,13.57749325035,6.57520286368
1,All Population,5,Prevalence,68,Republic of Korea,3,Both,22,All ages,487,Leukemia,3,Rate,2021,34.59750433846,75.24227722026001,13.22453111077
1,All Population,5,Prevalence,81,Germany,3,Both,22,All ages,487,Leukemia,3,Rate,2021,156.1688840668,195.96734293819,120.56629263824999
1,All Population,5,Prevalence,24,Marshall Islands,3,Both,22,All ages,487,Leukemia,3,Rate,2017,5.52590423079,7.814779184360001,3.88302324232
1,All Population,5,Prevalence,67,Japan,3,Both,22,All ages,487,Leukemia,3,Rate,2020,55.68872249343,107.76859932332,26.42103081151
1,All Population,5,Prevalence,180,Kenya,3,Both,22,All ages,487,Leukemia,3,Rate,2020,9.856037062710001,13.33133407615,7.281321531520001
1,All Population,5,Prevalence,88,Malta,3,Both,22,All ages,487,Leukemia,3,Rate,2020,60.527144381030006,113.35593128520001,30.54110738468
1,All Population,5,Prevalence,107,Barbados,3,Both,22,All ages,487,Leukemia,3,Rate,2020,23.789255905530002,31.630719153580003,17.97025309879
1,All Population,5,Prevalence,217,Sierra Leone,3,Both,22,All ages,487,Leukemia,3,Rate,2018,5.20169697387,7.62988122453,3.2811523093700004
1,All Population,5,Prevalence,200,Benin,3,Both,22,All ages,487,Leukemia,3,Rate,2020,12.61494937122,18.80517428492,8.34366240238
1,All Population,5,Prevalence,75,Austria,3,Both,22,All ages,487,Leukemia,3,Rate,2020,106.77537594161998,174.54954244691,61.86690434542
1,All Population,5,Prevalence,122,Ecuador,3,Both,22,All ages,487,Leukemia,3,Rate,2020,16.77400809959,25.33567494919,12.08346358176
1,All Population,5,Prevalence,413,Tokelau,3,Both,22,All ages,487,Leukemia,3,Rate,2019,4.5572774668100005,6.891937436519999,3.1507113479199997
1,All Population,5,Prevalence,142,Iran (Islamic Republic of),3,Both,22,All ages,487,Leukemia,3,Rate,2020,44.12893289388,78.33847141374,25.235507784640003
1,All Population,5,Prevalence,144,Jordan,3,Both,22,All ages,487,Leukemia,3,Rate,2019,24.07401398202,44.248886150619995,13.18567624112
1,All Population,5,Prevalence,54,Slovakia,3,Both,22,All ages,487,Leukemia,3,Rate,2018,52.84444917453,76.67001335918,35.94067942677
1,All Population,5,Prevalence,16,Philippines,3,Both,22,All ages,487,Leukemia,3,Rate,2021,9.91925623355,13.3086980606,7.31453721789
1,All Population,5,Prevalence,157,Yemen,3,Both,22,All ages,487,Leukemia,3,Rate,2020,17.78416595129,28.45305841773,11.47667836367
1,All Population,5,Prevalence,37,Kyrgyzstan,3,Both,22,All ages,487,Leukemia,3,Rate,2019,8.80072232722,12.73453511231,6.30350071623
1,All Population,5,Prevalence,173,Gabon,3,Both,22,All ages,487,Leukemia,3,Rate,2020,9.446937381489999,13.277032008430002,6.644220750610001
1,All Population,5,Prevalence,193,Botswana,3,Both,22,All ages,487,Leukemia,3,Rate,2018,5.96063356277,8.468867806999999,4.00616711988
1,All Population,5,Prevalence,115,Jamaica,3,Both,22,All ages,487,Leukemia,3,Rate,2021,16.78362205006,21.96497925719,13.207297470130001
1,All Population,5,Prevalence,94,Switzerland,3,Both,22,All ages,487,Leukemia,3,Rate,2021,95.18603294686,142.64393419682,57.27427576018
1,All Population,5,Prevalence,113,Guyana,3,Both,22,All ages,487,Leukemia,3,Rate,2020,7.77712897523,9.97249499947,6.184181065900001
1,All Population,5,Prevalence,165,Pakistan,3,Both,22,All ages,487,Leukemia,3,Rate,2020,8.44105312598,11.94485229011,6.10923001777
1,All Population,5,Prevalence,43,Albania,3,Both,22,All ages,487,Leukemia,3,Rate,2020,33.25202040921,62.88272503411,18.54716890698
1,All Population,5,Prevalence,129,Honduras,3,Both,22,All ages,487,Leukemia,3,Rate,2019,8.38463676973,11.89438959319,6.0536208724
1,All Population,5,Prevalence,97,Argentina,3,Both,22,All ages,487,Leukemia,3,Rate,2020,17.88034015642,26.98220678812,12.942046512900001
1,All Population,5,Prevalence,50,Montenegro,3,Both,22,All ages,487,Leukemia,3,Rate,2020,65.22709796657,96.74595378506001,42.151463337870005
1,All Population,5,Prevalence,112,Grenada,3,Both,22,All ages,487,Leukemia,3,Rate,2020,17.03107683232,22.02200775216,13.29351181482
1,All Population,5,Prevalence,121,Bolivia (Plurinational State of),3,Both,22,All ages,487,Leukemia,3,Rate,2021,19.32750877546,26.94565098264,13.98383077424
1,All Population,5,Prevalence,119,Trinidad and Tobago,3,Both,22,All ages,487,Leukemia,3,Rate,2020,14.616931270479999,20.662683652370003,10.99513066643
1,All Population,5,Prevalence,136,Paraguay,3,Both,22,All ages,487,Leukemia,3,Rate,2020,15.034984989229999,20.49072971275,11.11191118947
1,All Population,5,Prevalence,153,Syrian Arab Republic,3,Both,22,All ages,487,Leukemia,3,Rate,2020,31.70183597683,49.22752269959,20.02990801225
1,All Population,5,Prevalence,78,Denmark,3,Both,22,All ages,487,Leukemia,3,Rate,2018,105.18878200926,143.52759264244,74.76706757873
1,All Population,5,Prevalence,102,United States of America,3,Both,22,All ages,487,Leukemia,3,Rate,2021,89.82655366756,137.56059232265,46.6794099952
1,All Population,5,Prevalence,181,Madagascar,3,Both,22,All ages,487,Leukemia,3,Rate,2020,9.67468472983,13.45387079422,6.444835364869999
1,All Population,5,Prevalence,164,Nepal,3,Both,22,All ages,487,Leukemia,3,Rate,2021,6.12191999167,8.437302519540001,4.3241390849
1,All Population,5,Prevalence,40,Turkmenistan,3,Both,22,All ages,487,Leukemia,3,Rate,2021,11.5858768208,15.61245568694,9.093613977470001
1,All Population,5,Prevalence,136,Paraguay,3,Both,22,All ages,487,Leukemia,3,Rate,2021,15.416198862309999,21.44402997476,11.40904434773
1,All Population,5,Prevalence,125,Colombia,3,Both,22,All ages,487,Leukemia,3,Rate,2020,21.46144331571,35.12167596071,13.967217560789999
1,All Population,5,Prevalence,129,Honduras,3,Both,22,All ages,487,Leukemia,3,Rate,2020,8.66312582544,12.55766430539,6.14283459462
1,All Population,5,Prevalence,202,Cameroon,3,Both,22,All ages,487,Leukemia,3,Rate,2021,5.0740609092,7.66332733673,3.02855726974
1,All Population,5,Prevalence,147,Libya,3,Both,22,All ages,487,Leukemia,3,Rate,2020,27.64511801349,43.8929033948,16.9927446915
1,All Population,5,Prevalence,6,China,3,Both,22,All ages,487,Leukemia,3,Rate,2021,42.80077974593,68.18094900559,27.832644176220004
1,All Population,5,Prevalence,128,Guatemala,3,Both,22,All ages,487,Leukemia,3,Rate,2021,14.41990223629,19.81041259094,11.35770390177
1,All Population,5,Prevalence,23,Kiribati,3,Both,22,All ages,487,Leukemia,3,Rate,2021,2.67190371141,3.9538581687,1.76506150047
1,All Population,5,Prevalence,34,Azerbaijan,3,Both,22,All ages,487,Leukemia,3,Rate,2021,16.46978301835,25.2599779854,11.708185587060001
1,All Population,5,Prevalence,66,Brunei Darussalam,3,Both,22,All ages,487,Leukemia,3,Rate,2021,19.09059008694,26.38614827545,14.06898298037
1,All Population,5,Prevalence,69,Singapore,3,Both,22,All ages,487,Leukemia,3,Rate,2019,27.20163652669,63.32473768276,10.78292789055
1,All Population,5,Prevalence,38,Mongolia,3,Both,22,All ages,487,Leukemia,3,Rate,2019,7.0850131221599995,9.96825207621,5.04696437703
1,All Population,5,Prevalence,85,Israel,3,Both,22,All ages,487,Leukemia,3,Rate,2018,75.81461785051,130.41935959021998,43.657888128100005
1,All Population,5,Prevalence,62,Russian Federation,3,Both,22,All ages,487,Leukemia,3,Rate,2021,32.61412678152,47.792378372150004,22.56562840153
1,All Population,5,Prevalence,196,South Africa,3,Both,22,All ages,487,Leukemia,3,Rate,2021,7.03429151632,9.51973731845,5.19636880749
1,All Population,5,Prevalence,184,Mozambique,3,Both,22,All ages,487,Leukemia,3,Rate,2018,4.66354574989,6.54664150488,3.19706641252
1,All Population,5,Prevalence,135,Brazil,3,Both,22,All ages,487,Leukemia,3,Rate,2020,12.02073611211,16.309605254330002,9.39587043899
1,All Population,5,Prevalence,58,Estonia,3,Both,22,All ages,487,Leukemia,3,Rate,2021,75.51471671028,116.09374739817999,52.52964061494
1,All Population,5,Prevalence,211,Mali,3,Both,22,All ages,487,Leukemia,3,Rate,2021,6.90903950526,10.60428547639,3.3406581251099996
1,All Population,5,Prevalence,17,Sri Lanka,3,Both,22,All ages,487,Leukemia,3,Rate,2021,13.068529847959999,20.48976400853,8.465764120220001
1,All Population,5,Prevalence,148,Morocco,3,Both,22,All ages,487,Leukemia,3,Rate,2020,4.73521419232,6.88292549562,3.2554901373000003
1,All Population,5,Prevalence,422,United States Virgin Islands,3,Both,22,All ages,487,Leukemia,3,Rate,2020,25.558218103029997,34.15974644261,18.57654634363
1,All Population,5,Prevalence,141,Egypt,3,Both,22,All ages,487,Leukemia,3,Rate,2021,24.702107642570002,35.75481727014,16.857559800369998
1,All Population,5,Prevalence,49,North Macedonia,3,Both,22,All ages,487,Leukemia,3,Rate,2021,17.29992105319,29.488163660719998,10.80833409935
1,All Population,5,Prevalence,186,Seychelles,3,Both,22,All ages,487,Leukemia,3,Rate,2021,25.509001585780002,34.09015890243,17.91673524609
1,All Population,5,Prevalence,148,Morocco,3,Both,22,All ages,487,Leukemia,3,Rate,2021,4.56851032171,6.78894268569,3.1168349474899997
1,All Population,5,Prevalence,169,Central African Republic,3,Both,22,All ages,487,Leukemia,3,Rate,2021,8.75124741241,12.46288162699,6.08778703685
1,All Population,5,Prevalence,163,India,3,Both,22,All ages,487,Leukemia,3,Rate,2021,7.96614724324,10.91960649652,5.95394075194
1,All Population,5,Prevalence,75,Austria,3,Both,22,All ages,487,Leukemia,3,Rate,2021,107.10632199439,172.5901341715,63.48513260287999
1,All Population,5,Prevalence,213,Niger,3,Both,22,All ages,487,Leukemia,3,Rate,2020,8.63981064893,13.0590557582,4.74228932878
1,All Population,5,Prevalence,180,Kenya,3,Both,22,All ages,487,Leukemia,3,Rate,2021,9.77554870928,13.319867304139999,7.244474139259999
1,All Population,5,Prevalence,215,Sao Tome and Principe,3,Both,22,All ages,487,Leukemia,3,Rate,2021,1.7464000352899998,2.51143246703,1.17538835568
1,All Population,5,Prevalence,47,Czechia,3,Both,22,All ages,487,Leukemia,3,Rate,2020,72.25976654876,109.54866490981,51.812497419799996
1,All Population,5,Prevalence,210,Liberia,3,Both,22,All ages,487,Leukemia,3,Rate,2020,4.55291064926,6.94519327118,2.76901747163
1,All Population,5,Prevalence,168,Angola,3,Both,22,All ages,487,Leukemia,3,Rate,2021,10.26539738969,14.17888184285,7.368300258920001
1,All Population,5,Prevalence,86,Italy,3,Both,22,All ages,487,Leukemia,3,Rate,2021,116.91048953727001,187.77024022592002,66.27434781731999
1,All Population,5,Prevalence,74,Andorra,3,Both,22,All ages,487,Leukemia,3,Rate,2021,109.35020239765,177.45453365156,57.18273698102001
1,All Population,5,Prevalence,153,Syrian Arab Republic,3,Both,22,All ages,487,Leukemia,3,Rate,2019,32.079281199659995,48.52686901912,19.92609521465
1,All Population,5,Prevalence,149,Palestine,3,Both,22,All ages,487,Leukemia,3,Rate,2021,21.62270645964,33.58320520926,13.66199845098
1,All Population,5,Prevalence,72,New Zealand,3,Both,22,All ages,487,Leukemia,3,Rate,2021,83.44720581301,129.77835287598,43.08762275384
1,All Population,5,Prevalence,91,Portugal,3,Both,22,All ages,487,Leukemia,3,Rate,2019,75.6189665947,136.49576321549,43.169918618850005
1,All Population,5,Prevalence,195,Namibia,3,Both,22,All ages,487,Leukemia,3,Rate,2021,6.34128369662,8.38927753004,4.4121853152
1,All Population,5,Prevalence,61,Republic of Moldova,3,Both,22,All ages,487,Leukemia,3,Rate,2019,17.125682114620002,23.50506946842,12.38918062526
1,All Population,5,Prevalence,57,Belarus,3,Both,22,All ages,487,Leukemia,3,Rate,2021,71.08117415185,108.44636409925,48.34219721944
1,All Population,5,Prevalence,181,Madagascar,3,Both,22,All ages,487,Leukemia,3,Rate,2021,9.60927033954,13.345185188970001,6.523316975869999
1,All Population,5,Prevalence,197,Eswatini,3,Both,22,All ages,487,Leukemia,3,Rate,2020,6.877240346779999,9.41073357815,4.60722386241
1,All Population,5,Prevalence,175,Burundi,3,Both,22,All ages,487,Leukemia,3,Rate,2021,9.37775515211,13.70365694852,5.64269560131
1,All Population,5,Prevalence,351,Guam,3,Both,22,All ages,487,Leukemia,3,Rate,2020,5.16984801391,8.59364311396,3.69574573402
1,All Population,5,Prevalence,191,Zambia,3,Both,22,All ages,487,Leukemia,3,Rate,2019,3.4222603628400003,4.70921751738,2.3166893810299998
1,All Population,5,Prevalence,162,Bhutan,3,Both,22,All ages,487,Leukemia,3,Rate,2021,7.958219242439999,11.75036417634,5.42259274534
1,All Population,5,Prevalence,23,Kiribati,3,Both,22,All ages,487,Leukemia,3,Rate,2020,2.62472853461,3.96960036547,1.8028378981499997
1,All Population,5,Prevalence,369,Nauru,3,Both,22,All ages,487,Leukemia,3,Rate,2019,7.95841344761,11.16865136366,5.592014648229999
1,All Population,5,Prevalence,145,Kuwait,3,Both,22,All ages,487,Leukemia,3,Rate,2019,27.1906724424,55.50076357236,12.85310354131
1,All Population,5,Prevalence,156,United Arab Emirates,3,Both,22,All ages,487,Leukemia,3,Rate,2021,8.975081713609999,13.40144837756,5.84049364971
1,All Population,5,Prevalence,320,Cook Islands,3,Both,22,All ages,487,Leukemia,3,Rate,2021,4.24837765007,8.04362499584,2.0991209101
1,All Population,5,Prevalence,152,Saudi Arabia,3,Both,22,All ages,487,Leukemia,3,Rate,2020,16.41107412245,29.153389521350004,9.35900817934
1,All Population,5,Prevalence,122,Ecuador,3,Both,22,All ages,487,Leukemia,3,Rate,2021,17.701580271130002,27.601655696530003,12.69918115567
1,All Population,5,Prevalence,380,Palau,3,Both,22,All ages,487,Leukemia,3,Rate,2020,7.8131065265799995,10.36789664063,5.48099971174
1,All Population,5,Prevalence,298,American Samoa,3,Both,22,All ages,487,Leukemia,3,Rate,2021,7.85639297648,10.53086326493,5.85948357109
1,All Population,5,Prevalence,139,Algeria,3,Both,22,All ages,487,Leukemia,3,Rate,2019,16.03717398691,27.54971881771,8.98953422614
1,All Population,5,Prevalence,118,Suriname,3,Both,22,All ages,487,Leukemia,3,Rate,2021,12.32033396472,17.64389491779,8.97631063107
1,All Population,5,Prevalence,374,Niue,3,Both,22,All ages,487,Leukemia,3,Rate,2021,5.6104637148,8.64396380703,3.73724751903
1,All Population,5,Prevalence,133,Venezuela (Bolivarian Republic of),3,Both,22,All ages,487,Leukemia,3,Rate,2021,13.9866283867,21.03843124992,10.07624648466
1,All Population,5,Prevalence,105,Antigua and Barbuda,3,Both,22,All ages,487,Leukemia,3,Rate,2021,12.371025563109999,17.968568961989998,8.842324237429999
1,All Population,5,Prevalence,82,Greece,3,Both,22,All ages,487,Leukemia,3,Rate,2020,93.34485209297999,166.98685618609,56.97800663323999
1,All Population,5,Prevalence,114,Haiti,3,Both,22,All ages,487,Leukemia,3,Rate,2019,12.200961125440001,17.01354963324,7.920235428490001
1,All Population,5,Prevalence,24,Marshall Islands,3,Both,22,All ages,487,Leukemia,3,Rate,2019,5.448767241890001,7.764017365410001,3.8431101493499997
1,All Population,5,Prevalence,39,Tajikistan,3,Both,22,All ages,487,Leukemia,3,Rate,2020,9.56559107358,15.104062332380002,6.67342893564
1,All Population,5,Prevalence,422,United States Virgin Islands,3,Both,22,All ages,487,Leukemia,3,Rate,2021,27.449427436319997,36.81274060836,19.93616367788
1,All Population,5,Prevalence,206,Gambia,3,Both,22,All ages,487,Leukemia,3,Rate,2020,1.65490475179,2.37791071247,1.17217525174
1,All Population,5,Prevalence,413,Tokelau,3,Both,22,All ages,487,Leukemia,3,Rate,2020,4.17294265429,6.29229964766,2.82560912214
1,All Population,5,Prevalence,416,Tuvalu,3,Both,22,All ages,487,Leukemia,3,Rate,2020,8.367560754780001,11.82043349434,5.8115255369800005
1,All Population,5,Prevalence,168,Angola,3,Both,22,All ages,487,Leukemia,3,Rate,2020,10.57055770853,14.79634785453,7.4731278418
1,All Population,5,Prevalence,210,Liberia,3,Both,22,All ages,487,Leukemia,3,Rate,2021,4.424426415169999,6.60941495136,2.66834310492
1,All Population,5,Prevalence,87,Luxembourg,3,Both,22,All ages,487,Leukemia,3,Rate,2021,84.70009026702,143.57266027846,47.17812989038
1,All Population,5,Prevalence,376,Northern Mariana Islands,3,Both,22,All ages,487,Leukemia,3,Rate,2021,7.82849655774,11.87559805317,4.7554825995100005
1,All Population,5,Prevalence,216,Senegal,3,Both,22,All ages,487,Leukemia,3,Rate,2021,4.7749166266300005,6.806834573390001,3.42131849544
1,All Population,5,Prevalence,123,Peru,3,Both,22,All ages,487,Leukemia,3,Rate,2018,22.43786880667,33.54737767839,15.02719875517
1,All Population,5,Prevalence,33,Armenia,3,Both,22,All ages,487,Leukemia,3,Rate,2021,21.71231660298,31.44022796288,15.850991842820001
1,All Population,5,Prevalence,177,Djibouti,3,Both,22,All ages,487,Leukemia,3,Rate,2018,9.26958664649,12.65185524775,5.88755800017
1,All Population,5,Prevalence,214,Nigeria,3,Both,22,All ages,487,Leukemia,3,Rate,2020,5.54301003897,8.10185473159,3.88794867419
1,All Population,5,Prevalence,396,San Marino,3,Both,22,All ages,487,Leukemia,3,Rate,2019,117.31497484259,175.61663516938,71.28257323081
1,All Population,5,Prevalence,201,Burkina Faso,3,Both,22,All ages,487,Leukemia,3,Rate,2019,3.79614565721,5.37837489952,2.49851089152
1,All Population,5,Prevalence,385,Puerto Rico,3,Both,22,All ages,487,Leukemia,3,Rate,2020,30.382597071979998,51.74148027416,20.810616522649998
1,All Population,5,Prevalence,55,Slovenia,3,Both,22,All ages,487,Leukemia,3,Rate,2020,118.29490233268001,189.66223308558,75.05570135642999
1,All Population,5,Prevalence,214,Nigeria,3,Both,22,All ages,487,Leukemia,3,Rate,2019,5.50616052097,8.180398602,3.96413644148
1,All Population,5,Prevalence,202,Cameroon,3,Both,22,All ages,487,Leukemia,3,Rate,2020,5.13671454166,7.852616891619999,3.16526251707
1,All Population,5,Prevalence,162,Bhutan,3,Both,22,All ages,487,Leukemia,3,Rate,2019,7.6498680618499995,11.389255949719999,5.26081752237
1,All Population,5,Prevalence,190,Uganda,3,Both,22,All ages,487,Leukemia,3,Rate,2020,8.52371204879,12.515922604670001,5.44552491286
1,All Population,5,Prevalence,7,Democratic People's Republic of Korea,3,Both,22,All ages,487,Leukemia,3,Rate,2021,25.07841509132,38.50792066034,14.833695017179998
1,All Population,5,Prevalence,185,Rwanda,3,Both,22,All ages,487,Leukemia,3,Rate,2018,10.613491950650001,15.28817884005,7.03110035542
1,All Population,5,Prevalence,44,Bosnia and Herzegovina,3,Both,22,All ages,487,Leukemia,3,Rate,2021,40.02217388135,63.50016381649,25.15419891891
1,All Population,5,Prevalence,367,Monaco,3,Both,22,All ages,487,Leukemia,3,Rate,2019,250.51604911098002,436.63923745444,132.64368968725
1,All Population,5,Prevalence,84,Ireland,3,Both,22,All ages,487,Leukemia,3,Rate,2019,86.82081302189,135.13699777144998,49.15184657581
1,All Population,5,Prevalence,367,Monaco,3,Both,22,All ages,487,Leukemia,3,Rate,2020,245.77308279628,427.1542444937,134.49871404184
1,All Population,5,Prevalence,115,Jamaica,3,Both,22,All ages,487,Leukemia,3,Rate,2019,16.80463462636,21.85343872154,13.171821973
1,All Population,5,Prevalence,62,Russian Federation,3,Both,22,All ages,487,Leukemia,3,Rate,2020,38.65749983784,56.27468299667,26.95623042354
1,All Population,5,Prevalence,215,Sao Tome and Principe,3,Both,22,All ages,487,Leukemia,3,Rate,2019,1.88900107142,2.75357103459,1.26900142008
1,All Population,5,Prevalence,45,Bulgaria,3,Both,22,All ages,487,Leukemia,3,Rate,2022,21.73020419797,31.26048010949,16.316187903750002
1,All Population,5,Prevalence,50,Montenegro,3,Both,22,All ages,487,Leukemia,3,Rate,2021,70.43692771752,105.46376758154999,44.47960294098
1,All Population,5,Prevalence,187,Somalia,3,Both,22,All ages,487,Leukemia,3,Rate,2021,8.14744608605,11.57193637549,5.44813871349
1,All Population,5,Prevalence,39,Tajikistan,3,Both,22,All ages,487,Leukemia,3,Rate,2021,9.95952699794,16.04205180253,6.99662732676
1,All Population,5,Prevalence,18,Thailand,3,Both,22,All ages,487,Leukemia,3,Rate,2021,21.32295600084,34.89258159661,14.033529965240001
1,All Population,5,Prevalence,194,Lesotho,3,Both,22,All ages,487,Leukemia,3,Rate,2021,6.23701240573,8.28540890308,4.4309618488
1,All Population,5,Prevalence,157,Yemen,3,Both,22,All ages,487,Leukemia,3,Rate,2021,18.52285706365,29.35980349492,12.399140016530001
1,All Population,5,Prevalence,110,Dominica,3,Both,22,All ages,487,Leukemia,3,Rate,2021,18.17729291938,25.154680841559998,13.515371459199999
1,All Population,5,Prevalence,59,Latvia,3,Both,22,All ages,487,Leukemia,3,Rate,2021,56.580063574440004,80.15637811730001,41.380302966689996
1,All Population,5,Prevalence,205,Côte d'Ivoire,3,Both,22,All ages,487,Leukemia,3,Rate,2020,3.7900755590799995,5.31753991043,2.75558818518
1,All Population,5,Prevalence,125,Colombia,3,Both,22,All ages,487,Leukemia,3,Rate,2021,21.95902795888,35.85299384636,13.92811195268
1,All Population,5,Prevalence,205,Côte d'Ivoire,3,Both,22,All ages,487,Leukemia,3,Rate,2021,3.7121393452499998,5.16751010456,2.6915972933
1,All Population,5,Prevalence,218,Togo,3,Both,22,All ages,487,Leukemia,3,Rate,2021,4.31046259517,6.149812356219999,2.64188620732
1,All Population,5,Prevalence,435,South Sudan,3,Both,22,All ages,487,Leukemia,3,Rate,2021,10.211142145130001,14.530801266020001,6.67604979647
1,All Population,5,Prevalence,95,United Kingdom,3,Both,22,All ages,487,Leukemia,3,Rate,2021,58.177739592849996,84.60769539891,38.372865501830006
1,All Population,5,Prevalence,97,Argentina,3,Both,22,All ages,487,Leukemia,3,Rate,2021,19.07885659865,28.913987736120003,13.849805594140001
1,All Population,5,Prevalence,144,Jordan,3,Both,22,All ages,487,Leukemia,3,Rate,2021,20.24689725559,40.84246839384,9.67911591097
1,All Population,5,Prevalence,86,Italy,3,Both,22,All ages,487,Leukemia,3,Rate,2022,119.94310254193,192.4450857804,66.38122741454
1,All Population,5,Prevalence,140,Bahrain,3,Both,22,All ages,487,Leukemia,3,Rate,2021,12.64628236625,21.59899432584,7.30706050764
1,All Population,5,Prevalence,63,Ukraine,3,Both,22,All ages,487,Leukemia,3,Rate,2021,30.92522083202,43.36067185201,22.74096518754
1,All Population,5,Prevalence,130,Mexico,3,Both,22,All ages,487,Leukemia,3,Rate,2020,16.11941246126,24.90493080343,11.65013606789
1,All Population,5,Prevalence,6,China,3,Both,22,All ages,487,Leukemia,3,Rate,2022,44.33353766629,73.97901748622,28.27359351067
1,All Population,5,Prevalence,66,Brunei Darussalam,3,Both,22,All ages,487,Leukemia,3,Rate,2022,20.16726731583,27.640156242800003,14.45739091935
1,All Population,5,Prevalence,49,North Macedonia,3,Both,22,All ages,487,Leukemia,3,Rate,2022,16.10477830633,27.518509510979996,9.854341310539999
1,All Population,5,Prevalence,41,Uzbekistan,3,Both,22,All ages,487,Leukemia,3,Rate,2022,16.121472130639997,24.41952643611,11.15645145468
1,All Population,5,Prevalence,71,Australia,3,Both,22,All ages,487,Leukemia,3,Rate,2022,113.03278063460999,140.7473735881,84.59607874767
1,All Population,5,Prevalence,11,Indonesia,3,Both,22,All ages,487,Leukemia,3,Rate,2022,11.518112116420001,17.45645138311,7.71047590645
1,All Population,5,Prevalence,178,Eritrea,3,Both,22,All ages,487,Leukemia,3,Rate,2022,12.643393857280001,17.96456260313,8.919665508709999
1,All Population,5,Prevalence,163,India,3,Both,22,All ages,487,Leukemia,3,Rate,2022,8.09405365658,11.20537565735,5.85293009187
1,All Population,5,Prevalence,58,Estonia,3,Both,22,All ages,487,Leukemia,3,Rate,2022,74.61388377585,114.42601867677001,51.9254847987
1,All Population,5,Prevalence,92,Spain,3,Both,22,All ages,487,Leukemia,3,Rate,2022,90.1954048129,141.41638550526,50.038822655420006
1,All Population,5,Prevalence,118,Suriname,3,Both,22,All ages,487,Leukemia,3,Rate,2022,12.75170982818,17.928958071849998,9.21898248262
1,All Population,5,Prevalence,29,Tonga,3,Both,22,All ages,487,Leukemia,3,Rate,2020,3.99712318775,6.62467244979,2.44037078817
1,All Population,5,Prevalence,91,Portugal,3,Both,22,All ages,487,Leukemia,3,Rate,2020,76.49197954072001,137.60556960472002,44.0973618916
1,All Population,5,Prevalence,72,New Zealand,3,Both,22,All ages,487,Leukemia,3,Rate,2022,84.03632623496,129.70662830035,44.00970947401
1,All Population,5,Prevalence,80,France,3,Both,22,All ages,487,Leukemia,3,Rate,2021,111.21367919378999,178.27306952183,60.62711456151
1,All Population,5,Prevalence,79,Finland,3,Both,22,All ages,487,Leukemia,3,Rate,2022,82.26292606271001,112.92166140645,54.325903161090004
1,All Population,5,Prevalence,109,Cuba,3,Both,22,All ages,487,Leukemia,3,Rate,2022,30.32459283686,48.11253703362,20.29495811488
1,All Population,5,Prevalence,367,Monaco,3,Both,22,All ages,487,Leukemia,3,Rate,2021,249.78242789083,448.06770275818,128.00493873953
1,All Population,5,Prevalence,29,Tonga,3,Both,22,All ages,487,Leukemia,3,Rate,2021,3.8578378298300002,6.36570824622,2.28361563546
1,All Population,5,Prevalence,146,Lebanon,3,Both,22,All ages,487,Leukemia,3,Rate,2018,52.5931506332,95.69691041731,31.551206564410002
1,All Population,5,Prevalence,172,Equatorial Guinea,3,Both,22,All ages,487,Leukemia,3,Rate,2021,7.0775163139799995,10.48777924411,4.732913556190001
1,All Population,5,Prevalence,305,Bermuda,3,Both,22,All ages,487,Leukemia,3,Rate,2021,36.62771896981,66.36373516756,21.84447769323
1,All Population,5,Prevalence,26,Papua New Guinea,3,Both,22,All ages,487,Leukemia,3,Rate,2022,6.2139197363,9.94762135751,4.03215815109
1,All Population,5,Prevalence,105,Antigua and Barbuda,3,Both,22,All ages,487,Leukemia,3,Rate,2022,11.8767694915,17.54157540891,8.59423022544
1,All Population,5,Prevalence,133,Venezuela (Bolivarian Republic of),3,Both,22,All ages,487,Leukemia,3,Rate,2022,13.21320135339,19.721360895820002,9.66572459991
1,All Population,5,Prevalence,182,Malawi,3,Both,22,All ages,487,Leukemia,3,Rate,2020,4.041938275760001,5.79969984323,2.56239679207
1,All Population,5,Prevalence,43,Albania,3,Both,22,All ages,487,Leukemia,3,Rate,2021,35.33732623055,65.32452158331,19.22563018511
1,All Population,5,Prevalence,77,Cyprus,3,Both,22,All ages,487,Leukemia,3,Rate,2020,93.76697030299,153.86190392157002,50.12242213459
1,All Population,5,Prevalence,28,Solomon Islands,3,Both,22,All ages,487,Leukemia,3,Rate,2021,5.23832768352,8.09135834159,3.58126618259
1,All Population,5,Prevalence,92,Spain,3,Both,22,All ages,487,Leukemia,3,Rate,2019,89.03776986822,143.02291043846,49.607041882599994
1,All Population,5,Prevalence,191,Zambia,3,Both,22,All ages,487,Leukemia,3,Rate,2020,3.36226275161,4.59396783765,2.2411227891900003
1,All Population,5,Prevalence,51,Poland,3,Both,22,All ages,487,Leukemia,3,Rate,2022,40.32535662364,57.31535830112001,29.197834027219997
1,All Population,5,Prevalence,34,Azerbaijan,3,Both,22,All ages,487,Leukemia,3,Rate,2022,16.87375312433,25.083120992279998,11.97595378925
1,All Population,5,Prevalence,17,Sri Lanka,3,Both,22,All ages,487,Leukemia,3,Rate,2022,15.968310400639998,24.792568766989998,10.28574945672
1,All Population,5,Prevalence,38,Mongolia,3,Both,22,All ages,487,Leukemia,3,Rate,2020,7.0503864941000005,9.73973737783,4.94303590088
1,All Population,5,Prevalence,55,Slovenia,3,Both,22,All ages,487,Leukemia,3,Rate,2019,124.45387499056,195.44464436789,79.20525259016
1,All Population,5,Prevalence,98,Chile,3,Both,22,All ages,487,Leukemia,3,Rate,2022,21.37446504973,38.582117487110004,13.30951408819
1,All Population,5,Prevalence,83,Iceland,3,Both,22,All ages,487,Leukemia,3,Rate,2020,78.98982481406,124.64946693815,41.733089760809996
1,All Population,5,Prevalence,85,Israel,3,Both,22,All ages,487,Leukemia,3,Rate,2022,78.36930288188,141.29785813057,43.206100035720006
1,All Population,5,Prevalence,101,Canada,3,Both,22,All ages,487,Leukemia,3,Rate,2018,88.39570820794,160.99644657486002,47.91792272415
1,All Population,5,Prevalence,22,Fiji,3,Both,22,All ages,487,Leukemia,3,Rate,2022,6.964474076559999,9.32127377575,5.05573001447
1,All Population,5,Prevalence,522,Sudan,3,Both,22,All ages,487,Leukemia,3,Rate,2021,22.53561776614,34.76154069714,14.99788174731
1,All Population,5,Prevalence,46,Croatia,3,Both,22,All ages,487,Leukemia,3,Rate,2021,67.71535775265001,103.85124950461999,45.47179921293
1,All Population,5,Prevalence,57,Belarus,3,Both,22,All ages,487,Leukemia,3,Rate,2022,59.30729111129,92.32887292734999,39.54602505739
1,All Population,5,Prevalence,25,Micronesia (Federated States of),3,Both,22,All ages,487,Leukemia,3,Rate,2022,4.65481340897,6.21461058209,3.4561173631199997
1,All Population,5,Prevalence,10,Cambodia,3,Both,22,All ages,487,Leukemia,3,Rate,2022,9.7681278448,14.103984439540001,6.80005157094
1,All Population,5,Prevalence,16,Philippines,3,Both,22,All ages,487,Leukemia,3,Rate,2019,8.90076875881,11.86662556947,6.64256034373
1,All Population,5,Prevalence,44,Bosnia and Herzegovina,3,Both,22,All ages,487,Leukemia,3,Rate,2022,42.79334508949,68.94194219286,26.605573572159997
1,All Population,5,Prevalence,25,Micronesia (Federated States of),3,Both,22,All ages,487,Leukemia,3,Rate,2021,4.67046159747,6.2290263580600005,3.52971514351
1,All Population,5,Prevalence,91,Portugal,3,Both,22,All ages,487,Leukemia,3,Rate,2022,81.22284919616,144.25087564689,46.87056244331
1,All Population,5,Prevalence,40,Turkmenistan,3,Both,22,All ages,487,Leukemia,3,Rate,2022,11.056554334589999,15.18319933844,8.63708822267
1,All Population,5,Prevalence,164,Nepal,3,Both,22,All ages,487,Leukemia,3,Rate,2022,6.0789311428,8.38967626968,4.34838261076
1,All Population,5,Prevalence,47,Czechia,3,Both,22,All ages,487,Leukemia,3,Rate,2019,72.39898309602,109.13787619615,50.70081598132
1,All Population,5,Prevalence,150,Oman,3,Both,22,All ages,487,Leukemia,3,Rate,2022,10.61116331465,18.900495808429998,5.87047210245
1,All Population,5,Prevalence,154,Tunisia,3,Both,22,All ages,487,Leukemia,3,Rate,2019,48.591622148729996,78.1529645206,30.85430883337
1,All Population,5,Prevalence,90,Norway,3,Both,22,All ages,487,Leukemia,3,Rate,2020,62.052969504459995,85.16901993015,44.66734546925
1,All Population,5,Prevalence,169,Central African Republic,3,Both,22,All ages,487,Leukemia,3,Rate,2020,8.38111005885,12.149292462270001,5.90105316188
1,All Population,5,Prevalence,33,Armenia,3,Both,22,All ages,487,Leukemia,3,Rate,2022,19.48172438024,27.93504527484,14.456687110979999
1,All Population,5,Prevalence,79,Finland,3,Both,22,All ages,487,Leukemia,3,Rate,2021,81.03585635823,109.87625427233999,55.68054891624
1,All Population,5,Prevalence,12,Lao People's Democratic Republic,3,Both,22,All ages,487,Leukemia,3,Rate,2021,9.96855163457,14.33077800991,7.056692239139999
1,All Population,5,Prevalence,171,Democratic Republic of the Congo,3,Both,22,All ages,487,Leukemia,3,Rate,2022,7.9790218048,11.22559076319,5.57938880008
1,All Population,5,Prevalence,119,Trinidad and Tobago,3,Both,22,All ages,487,Leukemia,3,Rate,2021,15.06192897481,21.47854796404,11.29845676932
1,All Population,5,Prevalence,126,Costa Rica,3,Both,22,All ages,487,Leukemia,3,Rate,2022,25.84108393666,45.48721120367,16.3195505531
1,All Population,5,Prevalence,149,Palestine,3,Both,22,All ages,487,Leukemia,3,Rate,2022,23.86196021508,37.060549212320005,14.768284232150002
1,All Population,5,Prevalence,115,Jamaica,3,Both,22,All ages,487,Leukemia,3,Rate,2020,16.90226968523,22.352988489890002,13.161301593460001
1,All Population,5,Prevalence,162,Bhutan,3,Both,22,All ages,487,Leukemia,3,Rate,2020,7.714455781799999,11.19948473679,5.20726475809
1,All Population,5,Prevalence,156,United Arab Emirates,3,Both,22,All ages,487,Leukemia,3,Rate,2022,10.67423823349,15.96651976419,6.997803198670001
1,All Population,5,Prevalence,61,Republic of Moldova,3,Both,22,All ages,487,Leukemia,3,Rate,2020,14.8799487917,21.15557593726,10.85266263161
1,All Population,5,Prevalence,141,Egypt,3,Both,22,All ages,487,Leukemia,3,Rate,2022,20.27758740113,29.39232569188,13.61116121959
1,All Population,5,Prevalence,36,Kazakhstan,3,Both,22,All ages,487,Leukemia,3,Rate,2021,13.952505269,21.75399246328,9.82881424183
1,All Population,5,Prevalence,175,Burundi,3,Both,22,All ages,487,Leukemia,3,Rate,2020,9.73455351011,14.40331662231,5.820695649219999
1,All Population,5,Prevalence,145,Kuwait,3,Both,22,All ages,487,Leukemia,3,Rate,2022,26.15261265105,53.49212517941,11.800003751050001
1,All Population,5,Prevalence,204,Chad,3,Both,22,All ages,487,Leukemia,3,Rate,2021,5.306957719070001,7.62556498535,3.8622033402800002
1,All Population,5,Prevalence,83,Iceland,3,Both,22,All ages,487,Leukemia,3,Rate,2021,77.92511225086,124.12075823123,41.54584835245
1,All Population,5,Prevalence,69,Singapore,3,Both,22,All ages,487,Leukemia,3,Rate,2022,27.19941538987,69.62936172871,8.86627010363
1,All Population,5,Prevalence,114,Haiti,3,Both,22,All ages,487,Leukemia,3,Rate,2022,12.92011519349,17.74237679278,8.92159178601
1,All Population,5,Prevalence,48,Hungary,3,Both,22,All ages,487,Leukemia,3,Rate,2022,47.39217502871,69.70083679398999,33.74362726511
1,All Population,5,Prevalence,63,Ukraine,3,Both,22,All ages,487,Leukemia,3,Rate,2022,30.85454862398,44.34181088039,22.50418563616
1,All Population,5,Prevalence,161,Bangladesh,3,Both,22,All ages,487,Leukemia,3,Rate,2020,9.505900682290001,13.155838854259999,6.53704714392
1,All Population,5,Prevalence,161,Bangladesh,3,Both,22,All ages,487,Leukemia,3,Rate,2021,8.75681879848,12.14618028079,5.87827178961
1,All Population,5,Prevalence,18,Thailand,3,Both,22,All ages,487,Leukemia,3,Rate,2022,22.652274381450002,35.97100432331,14.5464453268
1,All Population,5,Prevalence,30,Vanuatu,3,Both,22,All ages,487,Leukemia,3,Rate,2020,4.34487991083,6.663145399239999,2.97132343619
1,All Population,5,Prevalence,15,Myanmar,3,Both,22,All ages,487,Leukemia,3,Rate,2020,10.5390970556,15.9189505575,7.25482102717
1,All Population,5,Prevalence,13,Malaysia,3,Both,22,All ages,487,Leukemia,3,Rate,2021,12.5530917718,17.95947040868,8.8833355471
1,All Population,5,Prevalence,139,Algeria,3,Both,22,All ages,487,Leukemia,3,Rate,2022,17.45905765302,31.370848172200002,9.44691572981
1,All Population,5,Prevalence,132,Panama,3,Both,22,All ages,487,Leukemia,3,Rate,2022,24.08631154952,44.28197753029,14.37168818728
1,All Population,5,Prevalence,123,Peru,3,Both,22,All ages,487,Leukemia,3,Rate,2021,24.110270424019998,38.466260467800005,15.39895391099
1,All Population,5,Prevalence,151,Qatar,3,Both,22,All ages,487,Leukemia,3,Rate,2022,13.84417525475,30.29100523585,5.724577931
1,All Population,5,Prevalence,87,Luxembourg,3,Both,22,All ages,487,Leukemia,3,Rate,2022,85.55094823445,140.57113920804,49.00863603133
1,All Population,5,Prevalence,196,South Africa,3,Both,22,All ages,487,Leukemia,3,Rate,2022,7.82656150783,10.313505447459999,5.69213716816
1,All Population,5,Prevalence,298,American Samoa,3,Both,22,All ages,487,Leukemia,3,Rate,2022,7.67255554233,10.24203009192,5.64433685367
1,All Population,5,Prevalence,198,Zimbabwe,3,Both,22,All ages,487,Leukemia,3,Rate,2022,5.3568868306,7.2017407355600005,3.76023590488
1,All Population,5,Prevalence,95,United Kingdom,3,Both,22,All ages,487,Leukemia,3,Rate,2022,62.57542070671,90.77551917987,38.86661279938
1,All Population,5,Prevalence,155,Türkiye,3,Both,22,All ages,487,Leukemia,3,Rate,2022,34.41592037851,57.556064794739996,20.989722970699997
1,All Population,5,Prevalence,80,France,3,Both,22,All ages,487,Leukemia,3,Rate,2022,120.04196155664,194.78318229054,66.26114335697
1,All Population,5,Prevalence,7,Democratic People's Republic of Korea,3,Both,22,All ages,487,Leukemia,3,Rate,2022,23.49047689863,36.3065652078,14.012906715049999
1,All Population,5,Prevalence,76,Belgium,3,Both,22,All ages,487,Leukemia,3,Rate,2020,80.62249815739999,147.76056200138999,44.76536378723
1,All Population,5,Prevalence,14,Maldives,3,Both,22,All ages,487,Leukemia,3,Rate,2020,9.1870592953,15.71543181487,5.4479983246499994
1,All Population,5,Prevalence,117,Saint Vincent and the Grenadines,3,Both,22,All ages,487,Leukemia,3,Rate,2022,16.47082449357,20.339886491599998,13.67256062744
1,All Population,5,Prevalence,106,Bahamas,3,Both,22,All ages,487,Leukemia,3,Rate,2022,15.31912551489,21.62083072352,10.987469457420001
1,All Population,5,Prevalence,126,Costa Rica,3,Both,22,All ages,487,Leukemia,3,Rate,2021,25.387989719969998,45.197795261269995,15.736910108630001
1,All Population,5,Prevalence,60,Lithuania,3,Both,22,All ages,487,Leukemia,3,Rate,2021,51.88556651751001,77.3412273344,38.28260621916
1,All Population,5,Prevalence,213,Niger,3,Both,22,All ages,487,Leukemia,3,Rate,2021,8.89823657106,13.54260972311,4.94482991073
1,All Population,5,Prevalence,147,Libya,3,Both,22,All ages,487,Leukemia,3,Rate,2019,27.294107272990004,44.67802124276,16.32251078166
1,All Population,5,Prevalence,98,Chile,3,Both,22,All ages,487,Leukemia,3,Rate,2021,18.46319024445,32.147886058320005,11.44365894163
1,All Population,5,Prevalence,51,Poland,3,Both,22,All ages,487,Leukemia,3,Rate,2021,38.774841450109996,53.614575977179996,28.14963304358
1,All Population,5,Prevalence,111,Dominican Republic,3,Both,22,All ages,487,Leukemia,3,Rate,2021,9.48969073702,13.08021491191,6.79146386442
1,All Population,5,Prevalence,189,United Republic of Tanzania,3,Both,22,All ages,487,Leukemia,3,Rate,2021,3.39826737259,4.836106121009999,2.3209920954800003
1,All Population,5,Prevalence,143,Iraq,3,Both,22,All ages,487,Leukemia,3,Rate,2021,41.48023845187,66.63189517749001,25.37932327006
1,All Population,5,Prevalence,76,Belgium,3,Both,22,All ages,487,Leukemia,3,Rate,2021,84.32528705282,148.9398675913,46.28015204938
1,All Population,5,Prevalence,154,Tunisia,3,Both,22,All ages,487,Leukemia,3,Rate,2020,40.37109069916,64.20510779748001,24.39999606944
1,All Population,5,Prevalence,71,Australia,3,Both,22,All ages,487,Leukemia,3,Rate,2021,108.58733595161,135.74367632005,84.26547003766
1,All Population,5,Prevalence,215,Sao Tome and Principe,3,Both,22,All ages,487,Leukemia,3,Rate,2020,1.76366371639,2.59821037486,1.17994721369
1,All Population,5,Prevalence,61,Republic of Moldova,3,Both,22,All ages,487,Leukemia,3,Rate,2021,13.60801855975,20.07590932976,9.91281438441
1,All Population,5,Prevalence,121,Bolivia (Plurinational State of),3,Both,22,All ages,487,Leukemia,3,Rate,2020,18.215351666809998,26.00966820459,13.04110634455
1,All Population,5,Prevalence,183,Mauritius,3,Both,22,All ages,487,Leukemia,3,Rate,2020,12.84076938586,17.8704813577,9.828335599079999
1,All Population,5,Prevalence,170,Congo,3,Both,22,All ages,487,Leukemia,3,Rate,2021,7.488265544389999,10.74511415015,5.11534677413
1,All Population,5,Prevalence,198,Zimbabwe,3,Both,22,All ages,487,Leukemia,3,Rate,2021,5.12320009254,6.885752019020001,3.6852304977299997
1,All Population,5,Prevalence,183,Mauritius,3,Both,22,All ages,487,Leukemia,3,Rate,2021,12.350334648450001,17.44654175876,9.41262903082
1,All Population,5,Prevalence,182,Malawi,3,Both,22,All ages,487,Leukemia,3,Rate,2021,3.57945799455,5.22271439785,2.2693800506
1,All Population,5,Prevalence,178,Eritrea,3,Both,22,All ages,487,Leukemia,3,Rate,2021,13.784998421709998,19.18155382693,9.81573583169
1,All Population,5,Prevalence,351,Guam,3,Both,22,All ages,487,Leukemia,3,Rate,2021,6.149749486599999,10.09551426135,4.2715601444199995
1,All Population,5,Prevalence,127,El Salvador,3,Both,22,All ages,487,Leukemia,3,Rate,2022,24.488824850609998,36.97980256375,17.17708996624
1,All Population,5,Prevalence,140,Bahrain,3,Both,22,All ages,487,Leukemia,3,Rate,2022,13.265455658370001,23.343651668310002,7.60486101189
1,All Population,5,Prevalence,176,Comoros,3,Both,22,All ages,487,Leukemia,3,Rate,2021,7.69833340232,10.71635174461,5.32900581223
1,All Population,5,Prevalence,374,Niue,3,Both,22,All ages,487,Leukemia,3,Rate,2022,5.46427940906,8.31551526409,3.55523910686
1,All Population,5,Prevalence,88,Malta,3,Both,22,All ages,487,Leukemia,3,Rate,2021,59.13645171042,111.97413878124001,30.03219639805
1,All Population,5,Prevalence,217,Sierra Leone,3,Both,22,All ages,487,Leukemia,3,Rate,2021,5.20276733755,7.8455734536,3.0597820730100005
1,All Population,5,Prevalence,197,Eswatini,3,Both,22,All ages,487,Leukemia,3,Rate,2021,6.34311950508,8.59629442549,4.28035789637
1,All Population,5,Prevalence,208,Guinea,3,Both,22,All ages,487,Leukemia,3,Rate,2020,2.86658032001,4.0054958116999995,1.95379815228
1,All Population,5,Prevalence,211,Mali,3,Both,22,All ages,487,Leukemia,3,Rate,2022,6.18319795986,9.88640990188,2.9843704037200003
1,All Population,5,Prevalence,170,Congo,3,Both,22,All ages,487,Leukemia,3,Rate,2020,7.4302388864,10.33541635527,5.05763926905
1,All Population,5,Prevalence,130,Mexico,3,Both,22,All ages,487,Leukemia,3,Rate,2021,15.711643877190001,24.502117719700003,11.26652698486
1,All Population,5,Prevalence,77,Cyprus,3,Both,22,All ages,487,Leukemia,3,Rate,2021,96.2446960433,160.14476771246,51.29825717246
1,All Population,5,Prevalence,393,Saint Kitts and Nevis,3,Both,22,All ages,487,Leukemia,3,Rate,2022,17.360837494370003,20.99259660118,14.53447734018
1,All Population,5,Prevalence,131,Nicaragua,3,Both,22,All ages,487,Leukemia,3,Rate,2020,19.43820814696,28.46618463513,13.08134520881
1,All Population,5,Prevalence,135,Brazil,3,Both,22,All ages,487,Leukemia,3,Rate,2021,12.26617806182,16.268634703990003,9.55312374571
1,All Population,5,Prevalence,210,Liberia,3,Both,22,All ages,487,Leukemia,3,Rate,2022,4.50650148372,6.71737216801,2.7400923329699998
1,All Population,5,Prevalence,179,Ethiopia,3,Both,22,All ages,487,Leukemia,3,Rate,2022,27.680118556860002,40.9559732894,19.33800499669
1,All Population,5,Prevalence,150,Oman,3,Both,22,All ages,487,Leukemia,3,Rate,2021,9.71079492766,16.93698485759,5.29459721224
1,All Population,5,Prevalence,165,Pakistan,3,Both,22,All ages,487,Leukemia,3,Rate,2021,8.1686015144,11.619665946109999,5.81945775499
1,All Population,5,Prevalence,177,Djibouti,3,Both,22,All ages,487,Leukemia,3,Rate,2021,9.62576272493,13.3659532667,6.6317153307500005
1,All Population,5,Prevalence,160,Afghanistan,3,Both,22,All ages,487,Leukemia,3,Rate,2021,19.483502188219997,30.72589326739,11.8635396816
1,All Population,5,Prevalence,380,Palau,3,Both,22,All ages,487,Leukemia,3,Rate,2021,7.61649198088,9.94514060737,5.2971725731
1,All Population,5,Prevalence,8,Taiwan,3,Both,22,All ages,487,Leukemia,3,Rate,2021,34.30554321421,74.66194915122,17.91599816825
1,All Population,5,Prevalence,193,Botswana,3,Both,22,All ages,487,Leukemia,3,Rate,2019,6.0262464684,8.65548021081,4.07000205271
1,All Population,5,Prevalence,111,Dominican Republic,3,Both,22,All ages,487,Leukemia,3,Rate,2022,9.07077879145,13.08867558723,6.41165917143
1,All Population,5,Prevalence,369,Nauru,3,Both,22,All ages,487,Leukemia,3,Rate,2022,7.5714313334500005,10.82052457866,5.31433502998
1,All Population,5,Prevalence,107,Barbados,3,Both,22,All ages,487,Leukemia,3,Rate,2021,24.63955716401,32.98878523004,18.74150684148
1,All Population,5,Prevalence,320,Cook Islands,3,Both,22,All ages,487,Leukemia,3,Rate,2022,4.2709509380799995,8.28226635622,2.0698459364
1,All Population,5,Prevalence,171,Democratic Republic of the Congo,3,Both,22,All ages,487,Leukemia,3,Rate,2021,8.52414694061,11.918060086419999,6.0118847067
1,All Population,5,Prevalence,19,Timor-Leste,3,Both,22,All ages,487,Leukemia,3,Rate,2021,11.76924621289,17.35797371666,7.97803553299
1,All Population,5,Prevalence,193,Botswana,3,Both,22,All ages,487,Leukemia,3,Rate,2022,6.09684045431,8.59548864882,4.16945133104
1,All Population,5,Prevalence,131,Nicaragua,3,Both,22,All ages,487,Leukemia,3,Rate,2019,18.42666872617,27.59797423384,12.43753589856
1,All Population,5,Prevalence,114,Haiti,3,Both,22,All ages,487,Leukemia,3,Rate,2020,13.048188372939999,18.31362198364,8.54565689309
1,All Population,5,Prevalence,161,Bangladesh,3,Both,22,All ages,487,Leukemia,3,Rate,2022,9.73693741524,14.055469475929998,6.612794417620001
1,All Population,5,Prevalence,39,Tajikistan,3,Both,22,All ages,487,Leukemia,3,Rate,2019,8.09169816305,13.09638032058,5.56014658674
1,All Population,5,Prevalence,110,Dominica,3,Both,22,All ages,487,Leukemia,3,Rate,2022,18.96008744531,26.45992348272,13.99966107065
1,All Population,5,Prevalence,99,Uruguay,3,Both,22,All ages,487,Leukemia,3,Rate,2020,32.34593360419,49.862318826030005,23.28230770715
1,All Population,5,Prevalence,84,Ireland,3,Both,22,All ages,487,Leukemia,3,Rate,2020,86.30981686214,132.63923440046,48.92210046781
1,All Population,5,Prevalence,185,Rwanda,3,Both,22,All ages,487,Leukemia,3,Rate,2022,10.786280567519999,15.13338202148,7.02240176882
1,All Population,5,Prevalence,106,Bahamas,3,Both,22,All ages,487,Leukemia,3,Rate,2021,16.16542323364,21.9184457949,11.77198298099
1,All Population,5,Prevalence,151,Qatar,3,Both,22,All ages,487,Leukemia,3,Rate,2021,13.348254920319999,27.46460962478,5.74632280913
1,All Population,5,Prevalence,385,Puerto Rico,3,Both,22,All ages,487,Leukemia,3,Rate,2021,31.15820384774,52.000300712219996,21.26643898581
1,All Population,5,Prevalence,201,Burkina Faso,3,Both,22,All ages,487,Leukemia,3,Rate,2022,3.77312316135,5.49040244877,2.56784039343
1,All Population,5,Prevalence,93,Sweden,3,Both,22,All ages,487,Leukemia,3,Rate,2019,99.40454720176999,156.28612754421,57.7431576446
1,All Population,5,Prevalence,212,Mauritania,3,Both,22,All ages,487,Leukemia,3,Rate,2021,4.9290603610299994,7.3791258949600005,3.3473093288599998
1,All Population,5,Prevalence,89,Netherlands,3,Both,22,All ages,487,Leukemia,3,Rate,2021,132.57077984083,165.98947886292,84.15202182003
1,All Population,5,Prevalence,186,Seychelles,3,Both,22,All ages,487,Leukemia,3,Rate,2022,26.23421174005,35.348867415360004,18.494072264699998
1,All Population,5,Prevalence,204,Chad,3,Both,22,All ages,487,Leukemia,3,Rate,2022,4.9598782545,7.02100871165,3.5615854298099996
1,All Population,5,Prevalence,144,Jordan,3,Both,22,All ages,487,Leukemia,3,Rate,2020,22.00570558756,43.92208723856,11.33213342651
1,All Population,5,Prevalence,52,Romania,3,Both,22,All ages,487,Leukemia,3,Rate,2020,31.104021210470002,43.604844402110004,23.09675436019
1,All Population,5,Prevalence,177,Djibouti,3,Both,22,All ages,487,Leukemia,3,Rate,2020,9.481640217519999,13.01330969966,6.63691834418
1,All Population,5,Prevalence,376,Northern Mariana Islands,3,Both,22,All ages,487,Leukemia,3,Rate,2022,8.30861398165,13.081702941,4.27850892826
1,All Population,5,Prevalence,396,San Marino,3,Both,22,All ages,487,Leukemia,3,Rate,2022,128.15004311762002,191.8860082864,76.76069161666001
1,All Population,5,Prevalence,216,Senegal,3,Both,22,All ages,487,Leukemia,3,Rate,2019,5.06643903438,7.4334081353400006,3.6278824445500004
1,All Population,5,Prevalence,47,Czechia,3,Both,22,All ages,487,Leukemia,3,Rate,2022,71.81911612802999,109.50416539662,51.277234544360006
1,All Population,5,Prevalence,194,Lesotho,3,Both,22,All ages,487,Leukemia,3,Rate,2020,6.633709849160001,9.030246338,4.71561012013
1,All Population,5,Prevalence,209,Guinea-Bissau,3,Both,22,All ages,487,Leukemia,3,Rate,2022,4.97002823451,6.86552293918,3.52062344514
1,All Population,5,Prevalence,187,Somalia,3,Both,22,All ages,487,Leukemia,3,Rate,2022,7.9768902838899995,11.78573157608,5.28601636468
1,All Population,5,Prevalence,305,Bermuda,3,Both,22,All ages,487,Leukemia,3,Rate,2022,37.41366487723,71.82794997289,22.329012028650002
1,All Population,5,Prevalence,128,Guatemala,3,Both,22,All ages,487,Leukemia,3,Rate,2022,14.855001090939998,21.32037892766,11.60509313295
1,All Population,5,Prevalence,176,Comoros,3,Both,22,All ages,487,Leukemia,3,Rate,2022,7.404994636700001,10.06869180529,5.155617126779999
1,All Population,5,Prevalence,35,Georgia,3,Both,22,All ages,487,Leukemia,3,Rate,2021,25.75668241422,33.73367919292,20.37046740534
1,All Population,5,Prevalence,216,Senegal,3,Both,22,All ages,487,Leukemia,3,Rate,2020,4.96560909226,7.08937504942,3.57005594047
1,All Population,5,Prevalence,416,Tuvalu,3,Both,22,All ages,487,Leukemia,3,Rate,2019,8.16192205161,11.77711592476,5.66922640881
1,All Population,5,Prevalence,75,Austria,3,Both,22,All ages,487,Leukemia,3,Rate,2022,108.26501674063,174.66129464488,62.04103331424
1,All Population,5,Prevalence,180,Kenya,3,Both,22,All ages,487,Leukemia,3,Rate,2022,9.42370211347,12.588321753499999,7.04268961633
1,All Population,5,Prevalence,60,Lithuania,3,Both,22,All ages,487,Leukemia,3,Rate,2022,51.11783849032,75.75358332205,36.80841983081
1,All Population,5,Prevalence,43,Albania,3,Both,22,All ages,487,Leukemia,3,Rate,2022,35.73531098367,65.63507156146,19.48128875482
1,All Population,5,Prevalence,116,Saint Lucia,3,Both,22,All ages,487,Leukemia,3,Rate,2019,13.99690047536,18.34101524294,10.7790447484
1,All Population,5,Prevalence,207,Ghana,3,Both,22,All ages,487,Leukemia,3,Rate,2020,4.29455834052,6.17121933572,2.9050782826000003
1,All Population,5,Prevalence,99,Uruguay,3,Both,22,All ages,487,Leukemia,3,Rate,2021,31.09788766256,47.61178589661,22.56090440995
1,All Population,5,Prevalence,146,Lebanon,3,Both,22,All ages,487,Leukemia,3,Rate,2021,56.54306650325,99.33141606385,31.88357628044
1,All Population,5,Prevalence,203,Cabo Verde,3,Both,22,All ages,487,Leukemia,3,Rate,2022,7.535779282109999,11.40472254376,4.60478500754
1,All Population,5,Prevalence,213,Niger,3,Both,22,All ages,487,Leukemia,3,Rate,2022,8.550285743409999,12.61644282465,4.68961671892
1,All Population,5,Prevalence,184,Mozambique,3,Both,22,All ages,487,Leukemia,3,Rate,2020,4.7000674478299995,6.42640858601,3.33007412341
1,All Population,5,Prevalence,88,Malta,3,Both,22,All ages,487,Leukemia,3,Rate,2022,57.32069436191,109.35572054113999,28.584978416309998
1,All Population,5,Prevalence,152,Saudi Arabia,3,Both,22,All ages,487,Leukemia,3,Rate,2022,16.904914203449998,30.7597943729,9.52303344902
1,All Population,5,Prevalence,112,Grenada,3,Both,22,All ages,487,Leukemia,3,Rate,2021,16.16486403637,21.11653986855,12.349729051479999
1,All Population,5,Prevalence,142,Iran (Islamic Republic of),3,Both,22,All ages,487,Leukemia,3,Rate,2021,50.143034154860004,89.89218959221,28.23978099616
1,All Population,5,Prevalence,127,El Salvador,3,Both,22,All ages,487,Leukemia,3,Rate,2021,24.51677341226,35.43346000132,17.01107435641
1,All Population,5,Prevalence,190,Uganda,3,Both,22,All ages,487,Leukemia,3,Rate,2021,8.422374627,12.62942181905,5.31203386104
1,All Population,5,Prevalence,48,Hungary,3,Both,22,All ages,487,Leukemia,3,Rate,2021,49.73826953662,73.19903767833,35.04474747008
1,All Population,5,Prevalence,74,Andorra,3,Both,22,All ages,487,Leukemia,3,Rate,2022,104.20839334687,162.91932916098,53.166416119850005
1,All Population,5,Prevalence,165,Pakistan,3,Both,22,All ages,487,Leukemia,3,Rate,2022,7.453537011650001,10.32758724463,5.172258225599999
1,All Population,5,Prevalence,6,China,3,Both,22,All ages,487,Leukemia,3,Rate,2023,42.454687478299995,70.46675636481,26.83432471157
1,All Population,5,Prevalence,113,Guyana,3,Both,22,All ages,487,Leukemia,3,Rate,2022,9.09473290433,11.78716466773,6.96645179945
1,All Population,5,Prevalence,148,Morocco,3,Both,22,All ages,487,Leukemia,3,Rate,2022,4.44249958071,6.3750240923,2.97359943249
1,All Population,5,Prevalence,28,Solomon Islands,3,Both,22,All ages,487,Leukemia,3,Rate,2022,4.98095699571,7.29989096336,3.42184506095
1,All Population,5,Prevalence,122,Ecuador,3,Both,22,All ages,487,Leukemia,3,Rate,2022,19.27869576248,29.786232665260002,13.43993071647
1,All Population,5,Prevalence,45,Bulgaria,3,Both,22,All ages,487,Leukemia,3,Rate,2021,22.06094475467,32.32269247726,16.737685536329998
1,All Population,5,Prevalence,13,Malaysia,3,Both,22,All ages,487,Leukemia,3,Rate,2022,13.44167268834,19.54595632828,9.48735695559
1,All Population,5,Prevalence,107,Barbados,3,Both,22,All ages,487,Leukemia,3,Rate,2022,25.09145513653,34.41951884499,18.9163017837
1,All Population,5,Prevalence,67,Japan,3,Both,22,All ages,487,Leukemia,3,Rate,2021,55.80949900849,109.73655829472,26.26058056426
1,All Population,5,Prevalence,207,Ghana,3,Both,22,All ages,487,Leukemia,3,Rate,2021,4.42218550465,6.29779955248,2.92283859534
1,All Population,5,Prevalence,52,Romania,3,Both,22,All ages,487,Leukemia,3,Rate,2021,30.437276875859997,42.9519473868,22.68393568446
1,All Population,5,Prevalence,203,Cabo Verde,3,Both,22,All ages,487,Leukemia,3,Rate,2021,7.45343432054,11.55562456065,4.67279257712
1,All Population,5,Prevalence,20,Viet Nam,3,Both,22,All ages,487,Leukemia,3,Rate,2021,12.23579002923,19.05926276081,7.14842670183
1,All Population,5,Prevalence,79,Finland,3,Both,22,All ages,487,Leukemia,3,Rate,2023,85.57448975994001,121.33565053448999,55.84438874394
1,All Population,5,Prevalence,30,Vanuatu,3,Both,22,All ages,487,Leukemia,3,Rate,2021,4.4278552838,6.68054374912,2.9429081089499998
1,All Population,5,Prevalence,135,Brazil,3,Both,22,All ages,487,Leukemia,3,Rate,2022,12.86424867902,17.81334461337,9.98563537302
1,All Population,5,Prevalence,59,Latvia,3,Both,22,All ages,487,Leukemia,3,Rate,2022,58.85298043506,82.88767958863,42.75667893557
1,All Population,5,Prevalence,435,South Sudan,3,Both,22,All ages,487,Leukemia,3,Rate,2022,9.75988387589,14.37165344462,6.374633032789999
1,All Population,5,Prevalence,94,Switzerland,3,Both,22,All ages,487,Leukemia,3,Rate,2023,93.56902268222,145.61383716518,54.636651233689996
1,All Population,5,Prevalence,68,Republic of Korea,3,Both,22,All ages,487,Leukemia,3,Rate,2022,34.89743911741,76.16989952068,12.85735895949
1,All Population,5,Prevalence,81,Germany,3,Both,22,All ages,487,Leukemia,3,Rate,2022,157.88775766179,204.02921626311,118.69665802735001
1,All Population,5,Prevalence,94,Switzerland,3,Both,22,All ages,487,Leukemia,3,Rate,2022,98.66415261491001,147.59036692038998,56.97947714322
1,All Population,5,Prevalence,8,Taiwan,3,Both,22,All ages,487,Leukemia,3,Rate,2022,35.32843903795,77.63653238879999,18.11692038786
1,All Population,5,Prevalence,23,Kiribati,3,Both,22,All ages,487,Leukemia,3,Rate,2023,2.40899167138,3.59153321703,1.5301730839699998
1,All Population,5,Prevalence,85,Israel,3,Both,22,All ages,487,Leukemia,3,Rate,2020,73.98130570117,133.63977882951,41.58197345208
1,All Population,5,Prevalence,173,Gabon,3,Both,22,All ages,487,Leukemia,3,Rate,2022,9.13453238526,12.3421336,6.61761948837
1,All Population,5,Prevalence,38,Mongolia,3,Both,22,All ages,487,Leukemia,3,Rate,2021,6.89398084716,9.5568672248,4.86547741297
1,All Population,5,Prevalence,68,Republic of Korea,3,Both,22,All ages,487,Leukemia,3,Rate,2023,36.52634773808,80.02757827341999,14.0588267399
1,All Population,5,Prevalence,27,Samoa,3,Both,22,All ages,487,Leukemia,3,Rate,2023,19.47407079115,28.585117490120002,12.124097570810001
1,All Population,5,Prevalence,17,Sri Lanka,3,Both,22,All ages,487,Leukemia,3,Rate,2023,16.389194262140002,25.78745631921,10.63563436283
1,All Population,5,Prevalence,160,Afghanistan,3,Both,22,All ages,487,Leukemia,3,Rate,2022,17.676350094460002,27.6864560971,10.94133833006
1,All Population,5,Prevalence,10,Cambodia,3,Both,22,All ages,487,Leukemia,3,Rate,2023,9.488528895590001,13.77331222177,6.448010598750001
1,All Population,5,Prevalence,14,Maldives,3,Both,22,All ages,487,Leukemia,3,Rate,2023,8.54218266027,15.218939277539999,4.636743672110001
1,All Population,5,Prevalence,217,Sierra Leone,3,Both,22,All ages,487,Leukemia,3,Rate,2020,5.09017160561,7.75633257373,2.97054652683
1,All Population,5,Prevalence,182,Malawi,3,Both,22,All ages,487,Leukemia,3,Rate,2022,3.78728327446,5.51054365395,2.3688102893400003
1,All Population,5,Prevalence,50,Montenegro,3,Both,22,All ages,487,Leukemia,3,Rate,2022,73.46572197253,108.33252265312001,45.90709483932
1,All Population,5,Prevalence,522,Sudan,3,Both,22,All ages,487,Leukemia,3,Rate,2022,22.41736563017,34.011575419130004,14.92719555737
1,All Population,5,Prevalence,82,Greece,3,Both,22,All ages,487,Leukemia,3,Rate,2021,92.06813838695,163.21538766183,56.24227697612
1,All Population,5,Prevalence,35,Georgia,3,Both,22,All ages,487,Leukemia,3,Rate,2022,27.919454456670003,35.88210793257,21.880825051880002
1,All Population,5,Prevalence,24,Marshall Islands,3,Both,22,All ages,487,Leukemia,3,Rate,2022,5.279521488069999,7.4565336143300005,3.70052356628
1,All Population,5,Prevalence,61,Republic of Moldova,3,Both,22,All ages,487,Leukemia,3,Rate,2023,15.988106121149999,22.907960806400002,11.63288732513
1,All Population,5,Prevalence,74,Andorra,3,Both,22,All ages,487,Leukemia,3,Rate,2023,99.28950763227,151.52827063271002,50.96225149901
1,All Population,5,Prevalence,108,Belize,3,Both,22,All ages,487,Leukemia,3,Rate,2023,13.29005436526,18.13251850251,10.18875585684
1,All Population,5,Prevalence,102,United States of America,3,Both,22,All ages,487,Leukemia,3,Rate,2023,90.57560216925,139.78777984239,45.77393680075
1,All Population,5,Prevalence,185,Rwanda,3,Both,22,All ages,487,Leukemia,3,Rate,2020,10.886695128240001,15.776274310949999,7.400285043899999
1,All Population,5,Prevalence,12,Lao People's Democratic Republic,3,Both,22,All ages,487,Leukemia,3,Rate,2022,9.556119993260001,13.82116292774,6.61460582005
1,All Population,5,Prevalence,27,Samoa,3,Both,22,All ages,487,Leukemia,3,Rate,2022,20.3208987559,30.25332884278,12.54420505744
1,All Population,5,Prevalence,87,Luxembourg,3,Both,22,All ages,487,Leukemia,3,Rate,2023,83.51495422363,135.60125250613999,48.46547605912
1,All Population,5,Prevalence,40,Turkmenistan,3,Both,22,All ages,487,Leukemia,3,Rate,2023,10.48827293233,14.04015145618,8.152574378199999
1,All Population,5,Prevalence,168,Angola,3,Both,22,All ages,487,Leukemia,3,Rate,2022,9.769912033139999,13.28057662983,6.9883480125599995
1,All Population,5,Prevalence,57,Belarus,3,Both,22,All ages,487,Leukemia,3,Rate,2023,60.79175505448,92.10443254012999,40.119708999290005
1,All Population,5,Prevalence,215,Sao Tome and Principe,3,Both,22,All ages,487,Leukemia,3,Rate,2022,1.7230275292600001,2.56590278873,1.1464001158800001
1,All Population,5,Prevalence,19,Timor-Leste,3,Both,22,All ages,487,Leukemia,3,Rate,2022,12.0871881844,17.69145487253,8.0387539552
1,All Population,5,Prevalence,206,Gambia,3,Both,22,All ages,487,Leukemia,3,Rate,2021,1.59472904071,2.26005963792,1.1197123019500002
1,All Population,5,Prevalence,109,Cuba,3,Both,22,All ages,487,Leukemia,3,Rate,2023,29.90332007103,47.92840858273,19.79134222443
1,All Population,5,Prevalence,49,North Macedonia,3,Both,22,All ages,487,Leukemia,3,Rate,2023,16.878829578439998,28.08407332756,10.15943433981
1,All Population,5,Prevalence,34,Azerbaijan,3,Both,22,All ages,487,Leukemia,3,Rate,2023,17.88934960226,26.63099010261,12.608217678409998
1,All Population,5,Prevalence,53,Serbia,3,Both,22,All ages,487,Leukemia,3,Rate,2022,36.5908410244,51.994846926170005,26.11607162599
1,All Population,5,Prevalence,147,Libya,3,Both,22,All ages,487,Leukemia,3,Rate,2022,26.217036015690002,42.04901929388,15.11401218154
1,All Population,5,Prevalence,115,Jamaica,3,Both,22,All ages,487,Leukemia,3,Rate,2023,16.24610911949,22.22011516369,12.42113405651
1,All Population,5,Prevalence,26,Papua New Guinea,3,Both,22,All ages,487,Leukemia,3,Rate,2023,5.93031697899,9.54500058347,3.74850010664
1,All Population,5,Prevalence,66,Brunei Darussalam,3,Both,22,All ages,487,Leukemia,3,Rate,2023,19.58903967565,26.91711831131,13.74643264068
1,All Population,5,Prevalence,46,Croatia,3,Both,22,All ages,487,Leukemia,3,Rate,2022,66.83010728539,106.55026132726,44.271403649839996
1,All Population,5,Prevalence,20,Viet Nam,3,Both,22,All ages,487,Leukemia,3,Rate,2022,13.05134811543,21.25533633478,7.37786634215
1,All Population,5,Prevalence,349,Greenland,3,Both,22,All ages,487,Leukemia,3,Rate,2021,18.57902573431,27.9380020972,11.351465878279999
1,All Population,5,Prevalence,67,Japan,3,Both,22,All ages,487,Leukemia,3,Rate,2022,58.99787747104,114.55205587456001,27.05047946084
1,All Population,5,Prevalence,39,Tajikistan,3,Both,22,All ages,487,Leukemia,3,Rate,2023,9.78275901987,16.33164694058,6.7032570185299996
1,All Population,5,Prevalence,15,Myanmar,3,Both,22,All ages,487,Leukemia,3,Rate,2023,10.38145277505,15.69850128183,7.08562079534
1,All Population,5,Prevalence,184,Mozambique,3,Both,22,All ages,487,Leukemia,3,Rate,2021,4.7183190385,6.514990181470001,3.3148111117199996
1,All Population,5,Prevalence,11,Indonesia,3,Both,22,All ages,487,Leukemia,3,Rate,2023,11.21359091775,16.49003538507,7.4719673882699995
1,All Population,5,Prevalence,200,Benin,3,Both,22,All ages,487,Leukemia,3,Rate,2021,12.773568032950001,19.217445092440002,8.35550035507
1,All Population,5,Prevalence,413,Tokelau,3,Both,22,All ages,487,Leukemia,3,Rate,2022,3.80996367444,5.67778462201,2.563234457
1,All Population,5,Prevalence,200,Benin,3,Both,22,All ages,487,Leukemia,3,Rate,2022,12.402289541239998,18.15496818417,7.907821565139999
1,All Population,5,Prevalence,380,Palau,3,Both,22,All ages,487,Leukemia,3,Rate,2022,7.18385412448,9.18331200705,5.15289447267
1,All Population,5,Prevalence,85,Israel,3,Both,22,All ages,487,Leukemia,3,Rate,2021,75.60859598433,135.12992399724,42.95750114808
1,All Population,5,Prevalence,130,Mexico,3,Both,22,All ages,487,Leukemia,3,Rate,2022,16.29164805668,25.338043366519997,11.77297966966
1,All Population,5,Prevalence,202,Cameroon,3,Both,22,All ages,487,Leukemia,3,Rate,2023,5.0974820882900005,7.31312446511,3.1253252079700005
1,All Population,5,Prevalence,143,Iraq,3,Both,22,All ages,487,Leukemia,3,Rate,2022,41.76660131247,67.64023643236,25.861587465800003
1,All Population,5,Prevalence,36,Kazakhstan,3,Both,22,All ages,487,Leukemia,3,Rate,2022,13.289727257680001,20.37329440704,9.26459507767
1,All Population,5,Prevalence,173,Gabon,3,Both,22,All ages,487,Leukemia,3,Rate,2023,9.2672461081,12.721240307399999,6.58206643213
1,All Population,5,Prevalence,126,Costa Rica,3,Both,22,All ages,487,Leukemia,3,Rate,2023,26.41458410759,47.14723596007,16.38070433208
1,All Population,5,Prevalence,50,Montenegro,3,Both,22,All ages,487,Leukemia,3,Rate,2023,73.91353366035,108.08484909924,45.511318699460006
1,All Population,5,Prevalence,116,Saint Lucia,3,Both,22,All ages,487,Leukemia,3,Rate,2022,14.15084711053,18.96758610742,11.0324907813
1,All Population,5,Prevalence,63,Ukraine,3,Both,22,All ages,487,Leukemia,3,Rate,2023,34.36375030907,48.584162945459994,24.69104804148
1,All Population,5,Prevalence,33,Armenia,3,Both,22,All ages,487,Leukemia,3,Rate,2023,18.62533425649,26.84337284951,13.87322184825
1,All Population,5,Prevalence,14,Maldives,3,Both,22,All ages,487,Leukemia,3,Rate,2021,8.77813187702,15.20319972242,5.0261534477100005
1,All Population,5,Prevalence,153,Syrian Arab Republic,3,Both,22,All ages,487,Leukemia,3,Rate,2022,31.0834813074,46.359725691179996,19.5114290085
1,All Population,5,Prevalence,132,Panama,3,Both,22,All ages,487,Leukemia,3,Rate,2021,24.21386971672,43.88452485685,14.38404132651
1,All Population,5,Prevalence,132,Panama,3,Both,22,All ages,487,Leukemia,3,Rate,2023,24.37988686054,45.2191356541,14.32444521896
1,All Population,5,Prevalence,108,Belize,3,Both,22,All ages,487,Leukemia,3,Rate,2022,12.851123078990002,17.61086678085,9.78355915553
1,All Population,5,Prevalence,123,Peru,3,Both,22,All ages,487,Leukemia,3,Rate,2020,23.259647442389998,36.7741878305,15.106706700350001
1,All Population,5,Prevalence,121,Bolivia (Plurinational State of),3,Both,22,All ages,487,Leukemia,3,Rate,2023,18.65837480858,25.74069093707,13.28789326158
1,All Population,5,Prevalence,136,Paraguay,3,Both,22,All ages,487,Leukemia,3,Rate,2022,17.143797364890002,24.3843093234,12.685485028910001
1,All Population,5,Prevalence,89,Netherlands,3,Both,22,All ages,487,Leukemia,3,Rate,2022,136.4055976006,169.47681463170002,85.94806362184
1,All Population,5,Prevalence,93,Sweden,3,Both,22,All ages,487,Leukemia,3,Rate,2022,94.76748227344001,144.34695397491998,52.259969582720004
1,All Population,5,Prevalence,86,Italy,3,Both,22,All ages,487,Leukemia,3,Rate,2023,118.65087518233,193.22653982504,67.9094290097
1,All Population,5,Prevalence,118,Suriname,3,Both,22,All ages,487,Leukemia,3,Rate,2023,12.574473578060001,17.357161459,9.03319984102
1,All Population,5,Prevalence,90,Norway,3,Both,22,All ages,487,Leukemia,3,Rate,2021,55.52056879864,76.25431703583,40.11809516032
1,All Population,5,Prevalence,62,Russian Federation,3,Both,22,All ages,487,Leukemia,3,Rate,2023,33.41211151159,51.985604395070006,23.19417689336
1,All Population,5,Prevalence,141,Egypt,3,Both,22,All ages,487,Leukemia,3,Rate,2023,21.001250973650002,30.869062584469997,13.443828169600001
1,All Population,5,Prevalence,113,Guyana,3,Both,22,All ages,487,Leukemia,3,Rate,2021,8.22461719516,10.36458816376,6.414973408899999
1,All Population,5,Prevalence,122,Ecuador,3,Both,22,All ages,487,Leukemia,3,Rate,2023,20.629405487859998,30.98535994173,14.12989124185
1,All Population,5,Prevalence,75,Austria,3,Both,22,All ages,487,Leukemia,3,Rate,2023,109.13002081983001,177.86645886544,64.54658596299001
1,All Population,5,Prevalence,149,Palestine,3,Both,22,All ages,487,Leukemia,3,Rate,2023,24.641576402309997,38.75460347026,15.073071120869999
1,All Population,5,Prevalence,119,Trinidad and Tobago,3,Both,22,All ages,487,Leukemia,3,Rate,2022,14.98208243351,21.14378651708,11.07643063168
1,All Population,5,Prevalence,139,Algeria,3,Both,22,All ages,487,Leukemia,3,Rate,2021,16.75577885588,29.28597526911,9.432160606330001
1,All Population,5,Prevalence,169,Central African Republic,3,Both,22,All ages,487,Leukemia,3,Rate,2022,8.32311320575,11.75093622937,5.62223535375
1,All Population,5,Prevalence,41,Uzbekistan,3,Both,22,All ages,487,Leukemia,3,Rate,2023,15.714538631489999,24.23292639473,11.01574500315
1,All Population,5,Prevalence,393,Saint Kitts and Nevis,3,Both,22,All ages,487,Leukemia,3,Rate,2021,18.11047115251,21.421826836770002,15.02452265692
1,All Population,5,Prevalence,152,Saudi Arabia,3,Both,22,All ages,487,Leukemia,3,Rate,2021,16.427976762380002,29.06099022975,9.42000854316
1,All Population,5,Prevalence,186,Seychelles,3,Both,22,All ages,487,Leukemia,3,Rate,2023,27.005239617180003,36.93816923826,19.26445111188
1,All Population,5,Prevalence,58,Estonia,3,Both,22,All ages,487,Leukemia,3,Rate,2023,75.23053389710999,116.96651325564,51.9157072572
1,All Population,5,Prevalence,191,Zambia,3,Both,22,All ages,487,Leukemia,3,Rate,2021,3.1892188215200004,4.35362669932,2.18040761266
1,All Population,5,Prevalence,145,Kuwait,3,Both,22,All ages,487,Leukemia,3,Rate,2021,27.137816002159997,53.31569975885,12.17954265466
1,All Population,5,Prevalence,78,Denmark,3,Both,22,All ages,487,Leukemia,3,Rate,2021,99.00661204353,130.00217919628,71.88515630802
1,All Population,5,Prevalence,78,Denmark,3,Both,22,All ages,487,Leukemia,3,Rate,2020,100.19313501164,134.26216639053,72.61143349960001
1,All Population,5,Prevalence,201,Burkina Faso,3,Both,22,All ages,487,Leukemia,3,Rate,2021,3.83750930642,5.5097209452,2.60242999643
1,All Population,5,Prevalence,195,Namibia,3,Both,22,All ages,487,Leukemia,3,Rate,2023,7.1877361420599994,9.55386592484,5.01652149492
1,All Population,5,Prevalence,16,Philippines,3,Both,22,All ages,487,Leukemia,3,Rate,2020,9.12483640301,12.20352573524,6.839233055709999
1,All Population,5,Prevalence,115,Jamaica,3,Both,22,All ages,487,Leukemia,3,Rate,2022,16.56095092844,22.08280337344,12.80794455921
1,All Population,5,Prevalence,369,Nauru,3,Both,22,All ages,487,Leukemia,3,Rate,2021,7.85219540598,11.2237413935,5.61483935091
1,All Population,5,Prevalence,168,Angola,3,Both,22,All ages,487,Leukemia,3,Rate,2023,9.93115009714,13.35182549546,6.910555005450001
1,All Population,5,Prevalence,320,Cook Islands,3,Both,22,All ages,487,Leukemia,3,Rate,2023,4.18719484984,7.78023599653,1.98915023753
1,All Population,5,Prevalence,202,Cameroon,3,Both,22,All ages,487,Leukemia,3,Rate,2022,4.9924917419799995,7.5610601629800005,2.9855830879200003
1,All Population,5,Prevalence,7,Democratic People's Republic of Korea,3,Both,22,All ages,487,Leukemia,3,Rate,2023,22.132122855240002,35.5429878475,13.2907319237
1,All Population,5,Prevalence,162,Bhutan,3,Both,22,All ages,487,Leukemia,3,Rate,2023,7.917759573230001,11.487713310030001,5.3702942377900005
1,All Population,5,Prevalence,184,Mozambique,3,Both,22,All ages,487,Leukemia,3,Rate,2022,4.5841631253,6.27692023812,3.1316397093600004
1,All Population,5,Prevalence,156,United Arab Emirates,3,Both,22,All ages,487,Leukemia,3,Rate,2023,10.95595903237,16.093611306049997,6.95717627857
1,All Population,5,Prevalence,179,Ethiopia,3,Both,22,All ages,487,Leukemia,3,Rate,2023,27.99137051532,41.312856845679995,19.46716177332
1,All Population,5,Prevalence,189,United Republic of Tanzania,3,Both,22,All ages,487,Leukemia,3,Rate,2022,3.41719819343,4.74703127931,2.3654803074
1,All Population,5,Prevalence,53,Serbia,3,Both,22,All ages,487,Leukemia,3,Rate,2021,37.81608129229,53.68387322235,27.54496216873
1,All Population,5,Prevalence,351,Guam,3,Both,22,All ages,487,Leukemia,3,Rate,2022,7.35364557486,11.44645111841,5.34964074112
1,All Population,5,Prevalence,210,Liberia,3,Both,22,All ages,487,Leukemia,3,Rate,2023,4.64860126478,6.7348847376,2.85691566644
1,All Population,5,Prevalence,105,Antigua and Barbuda,3,Both,22,All ages,487,Leukemia,3,Rate,2023,11.97926479559,18.55174426897,8.5359759389
1,All Population,5,Prevalence,179,Ethiopia,3,Both,22,All ages,487,Leukemia,3,Rate,2021,26.8748114816,39.96494145407,18.51449598672
1,All Population,5,Prevalence,181,Madagascar,3,Both,22,All ages,487,Leukemia,3,Rate,2022,9.01727749131,12.58320119273,6.24123738439
1,All Population,5,Prevalence,212,Mauritania,3,Both,22,All ages,487,Leukemia,3,Rate,2022,4.78795324767,7.28712638569,3.1416568819100004
1,All Population,5,Prevalence,142,Iran (Islamic Republic of),3,Both,22,All ages,487,Leukemia,3,Rate,2022,55.75596394921,99.57089586623,31.58304663717
1,All Population,5,Prevalence,157,Yemen,3,Both,22,All ages,487,Leukemia,3,Rate,2022,17.39520082341,27.3362503273,11.757421848229999
1,All Population,5,Prevalence,129,Honduras,3,Both,22,All ages,487,Leukemia,3,Rate,2022,7.95380336531,10.90680535922,5.62272693161
1,All Population,5,Prevalence,172,Equatorial Guinea,3,Both,22,All ages,487,Leukemia,3,Rate,2022,6.459494823,9.67328981771,4.17991115706
1,All Population,5,Prevalence,95,United Kingdom,3,Both,22,All ages,487,Leukemia,3,Rate,2023,61.863612757380004,90.23254065053,38.49140193953
1,All Population,5,Prevalence,97,Argentina,3,Both,22,All ages,487,Leukemia,3,Rate,2022,20.90007259482,30.99132668576,15.11888851758
1,All Population,5,Prevalence,173,Gabon,3,Both,22,All ages,487,Leukemia,3,Rate,2021,9.41119819847,12.90568480834,6.61456491953
1,All Population,5,Prevalence,422,United States Virgin Islands,3,Both,22,All ages,487,Leukemia,3,Rate,2023,33.533470189730004,46.88186559953,23.45192566306
1,All Population,5,Prevalence,148,Morocco,3,Both,22,All ages,487,Leukemia,3,Rate,2023,4.4439531511200006,6.4146336357200004,2.91011622766
1,All Population,5,Prevalence,154,Tunisia,3,Both,22,All ages,487,Leukemia,3,Rate,2022,49.243060406519994,80.4663395421,29.62278461746
1,All Population,5,Prevalence,169,Central African Republic,3,Both,22,All ages,487,Leukemia,3,Rate,2023,8.15605150754,11.42692530473,5.58581352203
1,All Population,5,Prevalence,217,Sierra Leone,3,Both,22,All ages,487,Leukemia,3,Rate,2022,5.05956325555,7.48636760271,3.0609553447100004
1,All Population,5,Prevalence,54,Slovakia,3,Both,22,All ages,487,Leukemia,3,Rate,2020,53.182455748849996,79.33323935581,35.68593728854
1,All Population,5,Prevalence,146,Lebanon,3,Both,22,All ages,487,Leukemia,3,Rate,2020,63.12374671165,108.32446275996,36.50421469967
1,All Population,5,Prevalence,112,Grenada,3,Both,22,All ages,487,Leukemia,3,Rate,2022,16.0160187451,21.26669484789,12.253092806469999
1,All Population,5,Prevalence,18,Thailand,3,Both,22,All ages,487,Leukemia,3,Rate,2023,22.701278566670002,36.72705173782,14.98664450849
1,All Population,5,Prevalence,133,Venezuela (Bolivarian Republic of),3,Both,22,All ages,487,Leukemia,3,Rate,2023,12.24616503269,17.428633028270003,8.9000892674
1,All Population,5,Prevalence,216,Senegal,3,Both,22,All ages,487,Leukemia,3,Rate,2023,5.04281933069,7.13436719609,3.46612576285
1,All Population,5,Prevalence,108,Belize,3,Both,22,All ages,487,Leukemia,3,Rate,2021,12.446243694709999,16.862462182159998,9.40728553932
1,All Population,5,Prevalence,164,Nepal,3,Both,22,All ages,487,Leukemia,3,Rate,2023,6.097596842,8.39912988308,4.26490198539
1,All Population,5,Prevalence,376,Northern Mariana Islands,3,Both,22,All ages,487,Leukemia,3,Rate,2023,8.07699561009,12.941505400459999,4.27094602475
1,All Population,5,Prevalence,185,Rwanda,3,Both,22,All ages,487,Leukemia,3,Rate,2021,10.78565558525,15.23275181807,7.13324070774
1,All Population,5,Prevalence,153,Syrian Arab Republic,3,Both,22,All ages,487,Leukemia,3,Rate,2021,31.05944890984,48.02981750314,19.763289579989998
1,All Population,5,Prevalence,396,San Marino,3,Both,22,All ages,487,Leukemia,3,Rate,2021,130.22997403652,188.85084175863,78.77078243276
1,All Population,5,Prevalence,195,Namibia,3,Both,22,All ages,487,Leukemia,3,Rate,2022,7.204921014699999,9.71541671923,5.1291711211
1,All Population,5,Prevalence,111,Dominican Republic,3,Both,22,All ages,487,Leukemia,3,Rate,2023,9.20264048595,13.36900260781,6.5518944361099996
1,All Population,5,Prevalence,206,Gambia,3,Both,22,All ages,487,Leukemia,3,Rate,2022,1.4853658895900002,2.09501361323,1.01761404018
1,All Population,5,Prevalence,91,Portugal,3,Both,22,All ages,487,Leukemia,3,Rate,2021,76.49829979557,136.10960586589,44.09101329163
1,All Population,5,Prevalence,80,France,3,Both,22,All ages,487,Leukemia,3,Rate,2023,117.54862726247,188.92284883875,63.88347823391
1,All Population,5,Prevalence,82,Greece,3,Both,22,All ages,487,Leukemia,3,Rate,2022,93.62162994713,165.64150817773,57.30599309297
1,All Population,5,Prevalence,101,Canada,3,Both,22,All ages,487,Leukemia,3,Rate,2020,87.32745732453,157.64184270682,47.55506704159
1,All Population,5,Prevalence,37,Kyrgyzstan,3,Both,22,All ages,487,Leukemia,3,Rate,2021,6.90071097335,10.59932436127,4.8908667051200005
1,All Population,5,Prevalence,214,Nigeria,3,Both,22,All ages,487,Leukemia,3,Rate,2021,5.68516989906,8.46323968178,4.03188757036
1,All Population,5,Prevalence,416,Tuvalu,3,Both,22,All ages,487,Leukemia,3,Rate,2022,7.152907031220001,10.161497024800001,5.05168537476
1,All Population,5,Prevalence,218,Togo,3,Both,22,All ages,487,Leukemia,3,Rate,2022,4.1051473648800005,5.9008579844,2.5622722856599998
1,All Population,5,Prevalence,205,Côte d'Ivoire,3,Both,22,All ages,487,Leukemia,3,Rate,2022,3.60470698262,5.04298963822,2.54309369966
1,All Population,5,Prevalence,385,Puerto Rico,3,Both,22,All ages,487,Leukemia,3,Rate,2022,36.36983168577,59.516968732420004,24.704847907069997
1,All Population,5,Prevalence,101,Canada,3,Both,22,All ages,487,Leukemia,3,Rate,2021,89.3846223895,157.59036001424,48.36306668285
1,All Population,5,Prevalence,190,Uganda,3,Both,22,All ages,487,Leukemia,3,Rate,2022,8.311315501980001,12.03123264684,5.37770087226
1,All Population,5,Prevalence,110,Dominica,3,Both,22,All ages,487,Leukemia,3,Rate,2023,18.65416875283,27.21467042845,13.609434184389999
1,All Population,5,Prevalence,125,Colombia,3,Both,22,All ages,487,Leukemia,3,Rate,2023,22.46946242832,37.68875722549,14.20611195012
1,All Population,5,Prevalence,97,Argentina,3,Both,22,All ages,487,Leukemia,3,Rate,2023,20.04686081253,29.843008361069998,14.43048276375
1,All Population,5,Prevalence,422,United States Virgin Islands,3,Both,22,All ages,487,Leukemia,3,Rate,2022,34.31045323763,47.14816973192,24.79741624717
1,All Population,5,Prevalence,163,India,3,Both,22,All ages,487,Leukemia,3,Rate,2023,7.8075979577400005,10.548535028109999,5.7080586123499994
1,All Population,5,Prevalence,62,Russian Federation,3,Both,22,All ages,487,Leukemia,3,Rate,2022,32.04152836937,48.68269440159,22.1195466378
1,All Population,5,Prevalence,77,Cyprus,3,Both,22,All ages,487,Leukemia,3,Rate,2022,102.75420361859,168.6848513471,54.76337339928
1,All Population,5,Prevalence,215,Sao Tome and Principe,3,Both,22,All ages,487,Leukemia,3,Rate,2023,1.7181506951099998,2.5536830354299997,1.10720537872
1,All Population,5,Prevalence,180,Kenya,3,Both,22,All ages,487,Leukemia,3,Rate,2023,9.43155945561,12.470519750960001,6.799762984180001
1,All Population,5,Prevalence,90,Norway,3,Both,22,All ages,487,Leukemia,3,Rate,2022,55.705793798170006,77.34166541206,40.71816909302
1,All Population,5,Prevalence,211,Mali,3,Both,22,All ages,487,Leukemia,3,Rate,2023,6.033084375840001,9.62865557092,2.98375184539
1,All Population,5,Prevalence,15,Myanmar,3,Both,22,All ages,487,Leukemia,3,Rate,2022,10.767844590080001,16.49305694482,7.2102517241
1,All Population,5,Prevalence,81,Germany,3,Both,22,All ages,487,Leukemia,3,Rate,2023,153.02473856957,203.61969913133998,110.15544461117
1,All Population,5,Prevalence,98,Chile,3,Both,22,All ages,487,Leukemia,3,Rate,2023,21.91506057107,38.1449241741,13.61334047747
1,All Population,5,Prevalence,196,South Africa,3,Both,22,All ages,487,Leukemia,3,Rate,2023,8.507690421709999,11.15592380611,6.16130072684
1,All Population,5,Prevalence,209,Guinea-Bissau,3,Both,22,All ages,487,Leukemia,3,Rate,2020,5.22354420483,7.18981978663,3.70338604785
1,All Population,5,Prevalence,114,Haiti,3,Both,22,All ages,487,Leukemia,3,Rate,2021,13.35749639568,19.0585424059,8.94016047476
1,All Population,5,Prevalence,155,Türkiye,3,Both,22,All ages,487,Leukemia,3,Rate,2023,36.615088097969995,60.50244050458,22.510673116350002
1,All Population,5,Prevalence,155,Türkiye,3,Both,22,All ages,487,Leukemia,3,Rate,2021,30.63158183333,48.07445990286,18.41563933286
1,All Population,5,Prevalence,349,Greenland,3,Both,22,All ages,487,Leukemia,3,Rate,2022,18.08742323121,26.43242817592,11.3170407098
1,All Population,5,Prevalence,140,Bahrain,3,Both,22,All ages,487,Leukemia,3,Rate,2023,13.359241793859999,22.72345984065,7.33309453877
1,All Population,5,Prevalence,30,Vanuatu,3,Both,22,All ages,487,Leukemia,3,Rate,2022,4.169410983640001,6.28133293934,2.82055753591
1,All Population,5,Prevalence,144,Jordan,3,Both,22,All ages,487,Leukemia,3,Rate,2023,21.34975480004,42.69688742192,10.25890923697
1,All Population,5,Prevalence,129,Honduras,3,Both,22,All ages,487,Leukemia,3,Rate,2021,8.096876721,11.46010601756,5.74539203764
1,All Population,5,Prevalence,172,Equatorial Guinea,3,Both,22,All ages,487,Leukemia,3,Rate,2023,6.392940508210001,9.71139777425,4.16637506422
1,All Population,5,Prevalence,83,Iceland,3,Both,22,All ages,487,Leukemia,3,Rate,2022,84.06712438708,130.47454243673,46.11822888412
1,All Population,5,Prevalence,175,Burundi,3,Both,22,All ages,487,Leukemia,3,Rate,2022,9.65682086596,14.241460319589999,5.879256087
1,All Population,5,Prevalence,38,Mongolia,3,Both,22,All ages,487,Leukemia,3,Rate,2022,6.87520966196,9.75981579591,4.747704707
1,All Population,5,Prevalence,47,Czechia,3,Both,22,All ages,487,Leukemia,3,Rate,2021,69.58883600116,105.30430776416999,49.42059123809
1,All Population,5,Prevalence,374,Niue,3,Both,22,All ages,487,Leukemia,3,Rate,2023,5.35057174612,8.23571060587,3.50206900866
1,All Population,5,Prevalence,23,Kiribati,3,Both,22,All ages,487,Leukemia,3,Rate,2022,2.5011002434100003,3.83635579185,1.6814949020699999
1,All Population,5,Prevalence,162,Bhutan,3,Both,22,All ages,487,Leukemia,3,Rate,2022,8.21026316125,11.84637976604,5.48381434056
1,All Population,5,Prevalence,8,Taiwan,3,Both,22,All ages,487,Leukemia,3,Rate,2023,38.26073018637,82.77386951121,19.76664985516
1,All Population,5,Prevalence,12,Lao People's Democratic Republic,3,Both,22,All ages,487,Leukemia,3,Rate,2023,9.33323789799,13.536014499659998,6.33410873626
1,All Population,5,Prevalence,187,Somalia,3,Both,22,All ages,487,Leukemia,3,Rate,2023,7.84435694739,11.32387367608,5.1175460581
1,All Population,5,Prevalence,16,Philippines,3,Both,22,All ages,487,Leukemia,3,Rate,2023,9.73815578647,13.66857460854,6.96091459172
1,All Population,5,Prevalence,170,Congo,3,Both,22,All ages,487,Leukemia,3,Rate,2022,7.1789398882399995,10.01557615427,4.74329632138
1,All Population,5,Prevalence,208,Guinea,3,Both,22,All ages,487,Leukemia,3,Rate,2021,2.8735378897,4.00935926012,2.0034987075
1,All Population,5,Prevalence,298,American Samoa,3,Both,22,All ages,487,Leukemia,3,Rate,2023,7.52376381409,10.00588205337,5.48556318129
1,All Population,5,Prevalence,22,Fiji,3,Both,22,All ages,487,Leukemia,3,Rate,2021,7.62814130841,10.3133153376,5.65557154198
1,All Population,5,Prevalence,69,Singapore,3,Both,22,All ages,487,Leukemia,3,Rate,2021,27.20144597015,65.40466176505,9.639741182829999
1,All Population,5,Prevalence,52,Romania,3,Both,22,All ages,487,Leukemia,3,Rate,2022,32.73709954359,46.10657082006,24.48949869016
1,All Population,5,Prevalence,54,Slovakia,3,Both,22,All ages,487,Leukemia,3,Rate,2021,52.642237532210004,78.72031634275001,35.34238262596
1,All Population,5,Prevalence,28,Solomon Islands,3,Both,22,All ages,487,Leukemia,3,Rate,2023,4.73838126011,7.122315051339999,3.2766550861700003
1,All Population,5,Prevalence,209,Guinea-Bissau,3,Both,22,All ages,487,Leukemia,3,Rate,2021,5.351935317620001,7.252244226539999,3.81201086707
1,All Population,5,Prevalence,92,Spain,3,Both,22,All ages,487,Leukemia,3,Rate,2021,86.87172085528,135.30001027163,47.98181061981
1,All Population,5,Prevalence,43,Albania,3,Both,22,All ages,487,Leukemia,3,Rate,2023,33.2261831365,63.68061471172,17.77044007285
1,All Population,5,Prevalence,60,Lithuania,3,Both,22,All ages,487,Leukemia,3,Rate,2023,53.239562176899994,73.95051669579,37.353450453149996
1,All Population,5,Prevalence,29,Tonga,3,Both,22,All ages,487,Leukemia,3,Rate,2023,3.6152716938999996,5.882191423,2.14293399197
1,All Population,5,Prevalence,76,Belgium,3,Both,22,All ages,487,Leukemia,3,Rate,2022,85.56527984833001,154.02191023235,48.105524916499995
1,All Population,5,Prevalence,121,Bolivia (Plurinational State of),3,Both,22,All ages,487,Leukemia,3,Rate,2022,19.15983078553,26.99486845822,13.8350653141
1,All Population,5,Prevalence,175,Burundi,3,Both,22,All ages,487,Leukemia,3,Rate,2023,9.91611479484,14.09270294449,6.19702211624
1,All Population,5,Prevalence,113,Guyana,3,Both,22,All ages,487,Leukemia,3,Rate,2023,9.70832712368,12.447714641120001,7.32107594915
1,All Population,5,Prevalence,19,Timor-Leste,3,Both,22,All ages,487,Leukemia,3,Rate,2023,11.70227542138,16.88362115591,7.7753031430299995
1,All Population,5,Prevalence,102,United States of America,3,Both,22,All ages,487,Leukemia,3,Rate,2022,91.35096654262999,138.84260212118,46.46280498735
1,All Population,5,Prevalence,77,Cyprus,3,Both,22,All ages,487,Leukemia,3,Rate,2023,95.97321588352,162.23153209687,49.1374799816
1,All Population,5,Prevalence,413,Tokelau,3,Both,22,All ages,487,Leukemia,3,Rate,2021,3.94393872095,5.9683517305,2.62546674228
1,All Population,5,Prevalence,36,Kazakhstan,3,Both,22,All ages,487,Leukemia,3,Rate,2023,12.655761393050001,18.84733643562,8.69647647593
1,All Population,5,Prevalence,204,Chad,3,Both,22,All ages,487,Leukemia,3,Rate,2023,4.94709111222,7.065027049759999,3.4841146162300003
1,All Population,5,Prevalence,51,Poland,3,Both,22,All ages,487,Leukemia,3,Rate,2023,39.85302609465,58.765790283159994,29.04302323771
1,All Population,5,Prevalence,55,Slovenia,3,Both,22,All ages,487,Leukemia,3,Rate,2022,126.12415499471,195.31837882712,79.34118636105
1,All Population,5,Prevalence,128,Guatemala,3,Both,22,All ages,487,Leukemia,3,Rate,2023,15.580331683779999,22.01515948567,11.87603938757
1,All Population,5,Prevalence,189,United Republic of Tanzania,3,Both,22,All ages,487,Leukemia,3,Rate,2023,3.46431649422,4.8770168543,2.34727076915
1,All Population,5,Prevalence,147,Libya,3,Both,22,All ages,487,Leukemia,3,Rate,2021,27.95090005148,43.59682582185,16.989567515130002
1,All Population,5,Prevalence,351,Guam,3,Both,22,All ages,487,Leukemia,3,Rate,2023,7.16046142285,11.85366994964,5.222315571009999
1,All Population,5,Prevalence,143,Iraq,3,Both,22,All ages,487,Leukemia,3,Rate,2023,41.83874540411,69.49844786387,24.87814848003
1,All Population,5,Prevalence,84,Ireland,3,Both,22,All ages,487,Leukemia,3,Rate,2021,84.95436737886,127.81438825075,47.65944535884
1,All Population,5,Prevalence,218,Togo,3,Both,22,All ages,487,Leukemia,3,Rate,2023,4.08180827343,6.06054238074,2.5211104405599998
1,All Population,5,Prevalence,37,Kyrgyzstan,3,Both,22,All ages,487,Leukemia,3,Rate,2022,7.09755859783,10.99207946155,5.07926990641
1,All Population,5,Prevalence,106,Bahamas,3,Both,22,All ages,487,Leukemia,3,Rate,2023,14.8565532696,21.17259386418,10.66865524128
1,All Population,5,Prevalence,89,Netherlands,3,Both,22,All ages,487,Leukemia,3,Rate,2023,136.932838681,169.90164027203,87.87522906119
1,All Population,5,Prevalence,29,Tonga,3,Both,22,All ages,487,Leukemia,3,Rate,2022,3.74321482808,6.1373167889,2.19778975868
1,All Population,5,Prevalence,14,Maldives,3,Both,22,All ages,487,Leukemia,3,Rate,2022,8.64990661437,15.21453078083,4.80137469257
1,All Population,5,Prevalence,61,Republic of Moldova,3,Both,22,All ages,487,Leukemia,3,Rate,2022,15.470222119150002,21.705769387100002,11.29608649298
1,All Population,5,Prevalence,117,Saint Vincent and the Grenadines,3,Both,22,All ages,487,Leukemia,3,Rate,2023,16.33525153603,20.30985599178,13.45351091055
1,All Population,5,Prevalence,72,New Zealand,3,Both,22,All ages,487,Leukemia,3,Rate,2023,88.74470075171,138.84576232793,47.268807823580005
1,All Population,5,Prevalence,212,Mauritania,3,Both,22,All ages,487,Leukemia,3,Rate,2023,4.98231615977,7.51825748953,3.0811586760600003
1,All Population,5,Prevalence,59,Latvia,3,Both,22,All ages,487,Leukemia,3,Rate,2023,60.141257545470005,84.73006998137,43.16998424459
1,All Population,5,Prevalence,44,Bosnia and Herzegovina,3,Both,22,All ages,487,Leukemia,3,Rate,2023,44.90673776664,73.34066111228,27.589614597629996
1,All Population,5,Prevalence,197,Eswatini,3,Both,22,All ages,487,Leukemia,3,Rate,2022,6.8810974068799995,9.35296571067,4.6602551733199995
1,All Population,5,Prevalence,191,Zambia,3,Both,22,All ages,487,Leukemia,3,Rate,2022,3.2328706487299996,4.36155188468,2.22067190236
1,All Population,5,Prevalence,193,Botswana,3,Both,22,All ages,487,Leukemia,3,Rate,2021,6.05923548251,8.38768458856,4.14371571584
1,All Population,5,Prevalence,177,Djibouti,3,Both,22,All ages,487,Leukemia,3,Rate,2022,9.88569716974,13.74308864026,6.92304083003
1,All Population,5,Prevalence,197,Eswatini,3,Both,22,All ages,487,Leukemia,3,Rate,2023,6.9057839457300005,9.44771608592,4.724632096320001
1,All Population,5,Prevalence,76,Belgium,3,Both,22,All ages,487,Leukemia,3,Rate,2023,84.00902628709,151.9183267919,45.86542149316
1,All Population,5,Prevalence,13,Malaysia,3,Both,22,All ages,487,Leukemia,3,Rate,2023,11.77952596677,17.51273242225,8.20322859182
1,All Population,5,Prevalence,71,Australia,3,Both,22,All ages,487,Leukemia,3,Rate,2023,111.21691584578,141.18366618164,79.08083773429
1,All Population,5,Prevalence,88,Malta,3,Both,22,All ages,487,Leukemia,3,Rate,2023,56.54586289431,104.27358914009001,28.97068645009
1,All Population,5,Prevalence,154,Tunisia,3,Both,22,All ages,487,Leukemia,3,Rate,2021,39.08553145367,65.24209712996999,22.50016190083
1,All Population,5,Prevalence,435,South Sudan,3,Both,22,All ages,487,Leukemia,3,Rate,2023,9.59363540831,14.66524169226,6.19322896991
1,All Population,5,Prevalence,135,Brazil,3,Both,22,All ages,487,Leukemia,3,Rate,2023,12.329504934900001,17.23373381903,9.4745850921
1,All Population,5,Prevalence,107,Barbados,3,Both,22,All ages,487,Leukemia,3,Rate,2023,25.283243526590002,34.10584847755,19.18023626482
1,All Population,5,Prevalence,150,Oman,3,Both,22,All ages,487,Leukemia,3,Rate,2023,10.64666728017,18.96884341504,5.75564174152
1,All Population,5,Prevalence,55,Slovenia,3,Both,22,All ages,487,Leukemia,3,Rate,2021,123.19086044193001,198.04521398600997,80.31874857366
1,All Population,5,Prevalence,136,Paraguay,3,Both,22,All ages,487,Leukemia,3,Rate,2023,17.31023569739,23.92226655058,12.43598764849
1,All Population,5,Prevalence,170,Congo,3,Both,22,All ages,487,Leukemia,3,Rate,2023,7.08299851022,10.120801309159999,4.657834204519999
1,All Population,5,Prevalence,123,Peru,3,Both,22,All ages,487,Leukemia,3,Rate,2023,22.53255226704,36.32021092469,14.828260850409999
1,All Population,5,Prevalence,151,Qatar,3,Both,22,All ages,487,Leukemia,3,Rate,2023,13.60844200782,29.02436265595,5.7570968001
1,All Population,5,Prevalence,171,Democratic Republic of the Congo,3,Both,22,All ages,487,Leukemia,3,Rate,2023,7.99822353105,11.39317026355,5.48898284881
1,All Population,5,Prevalence,208,Guinea,3,Both,22,All ages,487,Leukemia,3,Rate,2022,2.5868342817500003,3.60094868477,1.77799362296
1,All Population,5,Prevalence,160,Afghanistan,3,Both,22,All ages,487,Leukemia,3,Rate,2023,17.458429509549998,27.42826040063,10.45732212764
1,All Population,5,Prevalence,178,Eritrea,3,Both,22,All ages,487,Leukemia,3,Rate,2023,12.669327083550002,17.74081097474,8.92211268202
1,All Population,5,Prevalence,177,Djibouti,3,Both,22,All ages,487,Leukemia,3,Rate,2023,10.03073498553,13.84055387965,6.47525033044
1,All Population,5,Prevalence,198,Zimbabwe,3,Both,22,All ages,487,Leukemia,3,Rate,2023,5.1748767548,6.769433847119999,3.64506218724
1,All Population,5,Prevalence,125,Colombia,3,Both,22,All ages,487,Leukemia,3,Rate,2022,21.92366864665,37.31576997413,13.609699437569999
1,All Population,5,Prevalence,52,Romania,3,Both,22,All ages,487,Leukemia,3,Rate,2023,32.510160072990004,45.8722726839,24.19727214332
1,All Population,5,Prevalence,48,Hungary,3,Both,22,All ages,487,Leukemia,3,Rate,2023,47.97060416929,72.14960642244,33.47715983618
1,All Population,5,Prevalence,203,Cabo Verde,3,Both,22,All ages,487,Leukemia,3,Rate,2023,7.47873452416,11.40315163777,4.54715335839
1,All Population,5,Prevalence,367,Monaco,3,Both,22,All ages,487,Leukemia,3,Rate,2023,238.91581364318998,434.25870641424,125.09141226432999
1,All Population,5,Prevalence,305,Bermuda,3,Both,22,All ages,487,Leukemia,3,Rate,2023,38.32691573234,74.45439912149,22.42795557903
1,All Population,5,Prevalence,165,Pakistan,3,Both,22,All ages,487,Leukemia,3,Rate,2023,7.32545961281,10.13362017955,5.12375908865
1,All Population,5,Prevalence,182,Malawi,3,Both,22,All ages,487,Leukemia,3,Rate,2023,3.73984037749,5.49399116704,2.38405546797
1,All Population,5,Prevalence,191,Zambia,3,Both,22,All ages,487,Leukemia,3,Rate,2023,3.26649727005,4.4658468133,2.17591099315
1,All Population,5,Prevalence,214,Nigeria,3,Both,22,All ages,487,Leukemia,3,Rate,2022,5.4427880672299995,7.66039151112,3.71862211091
1,All Population,5,Prevalence,183,Mauritius,3,Both,22,All ages,487,Leukemia,3,Rate,2022,12.939240105089999,18.19556914994,9.98744622061
1,All Population,5,Prevalence,181,Madagascar,3,Both,22,All ages,487,Leukemia,3,Rate,2023,9.14022116624,13.09585201785,6.17656393953
1,All Population,5,Prevalence,83,Iceland,3,Both,22,All ages,487,Leukemia,3,Rate,2023,82.13228592640999,128.10467687079998,45.07485347599
1,All Population,5,Prevalence,385,Puerto Rico,3,Both,22,All ages,487,Leukemia,3,Rate,2023,37.41704051736,59.956658928130004,24.65189614773
1,All Population,5,Prevalence,416,Tuvalu,3,Both,22,All ages,487,Leukemia,3,Rate,2021,7.7188845952700005,11.33750913327,5.3478938779
1,All Population,5,Prevalence,213,Niger,3,Both,22,All ages,487,Leukemia,3,Rate,2023,8.95532952034,14.184089512360002,4.87790411904
1,All Population,5,Prevalence,217,Sierra Leone,3,Both,22,All ages,487,Leukemia,3,Rate,2023,5.16943214921,7.5696629060700005,3.2360199615200003
1,All Population,5,Prevalence,194,Lesotho,3,Both,22,All ages,487,Leukemia,3,Rate,2023,6.14109285318,8.19727905376,4.27899310623
1,All Population,5,Prevalence,35,Georgia,3,Both,22,All ages,487,Leukemia,3,Rate,2023,28.3011830517,36.72476880775,22.260832643540002
1,All Population,5,Prevalence,131,Nicaragua,3,Both,22,All ages,487,Leukemia,3,Rate,2022,19.49225648324,31.0652853022,12.04862555115
1,All Population,5,Prevalence,45,Bulgaria,3,Both,22,All ages,487,Leukemia,3,Rate,2023,21.33700006863,29.52967564323,15.863367481180001
1,All Population,5,Prevalence,206,Gambia,3,Both,22,All ages,487,Leukemia,3,Rate,2023,1.51193824998,2.1301199664399997,0.9923641623599999
1,All Population,5,Prevalence,25,Micronesia (Federated States of),3,Both,22,All ages,487,Leukemia,3,Rate,2023,4.525967624420001,5.8298509621,3.37522045565
1,All Population,5,Prevalence,93,Sweden,3,Both,22,All ages,487,Leukemia,3,Rate,2021,95.17394838930001,145.811747618,53.16519504324
1,All Population,5,Prevalence,54,Slovakia,3,Both,22,All ages,487,Leukemia,3,Rate,2022,55.565148203650004,79.46962252219,37.65878207929
1,All Population,5,Prevalence,67,Japan,3,Both,22,All ages,487,Leukemia,3,Rate,2023,65.70501161562,129.559008176,30.28448492226
1,All Population,5,Prevalence,380,Palau,3,Both,22,All ages,487,Leukemia,3,Rate,2023,6.94236110277,8.8018656292,5.03110511664
1,All Population,5,Prevalence,78,Denmark,3,Both,22,All ages,487,Leukemia,3,Rate,2022,100.15995086447,132.72127445472,73.20048266064
1,All Population,5,Prevalence,194,Lesotho,3,Both,22,All ages,487,Leukemia,3,Rate,2022,6.32990114799,8.495757785990001,4.433796243370001
1,All Population,5,Prevalence,369,Nauru,3,Both,22,All ages,487,Leukemia,3,Rate,2023,7.32860339375,10.30362194932,5.05095711339
1,All Population,5,Prevalence,130,Mexico,3,Both,22,All ages,487,Leukemia,3,Rate,2023,17.03640498352,25.73936863054,12.10766127987
1,All Population,5,Prevalence,53,Serbia,3,Both,22,All ages,487,Leukemia,3,Rate,2023,36.925729290110006,53.18822338295001,25.771675555079998
1,All Population,5,Prevalence,193,Botswana,3,Both,22,All ages,487,Leukemia,3,Rate,2023,6.03505348391,8.19136051056,4.1678586633900006
1,All Population,5,Prevalence,145,Kuwait,3,Both,22,All ages,487,Leukemia,3,Rate,2023,25.681199578730002,53.31414692929,12.335596443060002
1,All Population,5,Prevalence,38,Mongolia,3,Both,22,All ages,487,Leukemia,3,Rate,2023,6.44274605277,9.25847078559,4.31194967238
1,All Population,5,Prevalence,20,Viet Nam,3,Both,22,All ages,487,Leukemia,3,Rate,2023,13.02013903922,21.12599295487,7.18776620072
1,All Population,5,Prevalence,99,Uruguay,3,Both,22,All ages,487,Leukemia,3,Rate,2022,35.0803607773,51.94104851786,25.284943086789998
1,All Population,5,Prevalence,144,Jordan,3,Both,22,All ages,487,Leukemia,3,Rate,2022,21.194630377110002,42.07209016253,10.187906187080001
1,All Population,5,Prevalence,84,Ireland,3,Both,22,All ages,487,Leukemia,3,Rate,2022,87.98902487211,130.78847165381,49.37980887165
1,All Population,5,Prevalence,207,Ghana,3,Both,22,All ages,487,Leukemia,3,Rate,2022,4.33231291683,6.1778672705,2.80927728812
1,All Population,5,Prevalence,30,Vanuatu,3,Both,22,All ages,487,Leukemia,3,Rate,2023,4.00802533392,5.93774113533,2.7387372715400002
1,All Population,5,Prevalence,139,Algeria,3,Both,22,All ages,487,Leukemia,3,Rate,2023,16.8513580657,29.102582035639998,8.83207303027
1,All Population,5,Prevalence,208,Guinea,3,Both,22,All ages,487,Leukemia,3,Rate,2023,2.59866975555,3.6153559001899995,1.7145893944100001
1,All Population,5,Prevalence,85,Israel,3,Both,22,All ages,487,Leukemia,3,Rate,2023,79.62220304792,136.74825073314,43.77582809493
1,All Population,5,Prevalence,82,Greece,3,Both,22,All ages,487,Leukemia,3,Rate,2023,97.02341347197,170.58181885151,58.98776234742
1,All Population,5,Prevalence,176,Comoros,3,Both,22,All ages,487,Leukemia,3,Rate,2023,7.30391302938,9.88946642464,4.95397721063
1,All Population,5,Prevalence,39,Tajikistan,3,Both,22,All ages,487,Leukemia,3,Rate,2022,10.03795944715,16.49461871579,6.99596718925
1,All Population,5,Prevalence,152,Saudi Arabia,3,Both,22,All ages,487,Leukemia,3,Rate,2023,16.88344825901,29.89723806626,9.40017165028
1,All Population,5,Prevalence,184,Mozambique,3,Both,22,All ages,487,Leukemia,3,Rate,2023,4.63183053236,6.52278269907,3.17111579019
1,All Population,5,Prevalence,90,Norway,3,Both,22,All ages,487,Leukemia,3,Rate,2023,56.33320369585,78.11001698173,39.28092705305
1,All Population,5,Prevalence,396,San Marino,3,Both,22,All ages,487,Leukemia,3,Rate,2023,126.98951780246001,184.01170922394,73.71649772031
1,All Population,5,Prevalence,16,Philippines,3,Both,22,All ages,487,Leukemia,3,Rate,2022,9.45859933269,13.3012125253,6.9070183192200005
1,All Population,5,Prevalence,55,Slovenia,3,Both,22,All ages,487,Leukemia,3,Rate,2023,127.07789481430001,193.96820504421,77.40751590911
1,All Population,5,Prevalence,200,Benin,3,Both,22,All ages,487,Leukemia,3,Rate,2023,12.06449735993,18.370491150990002,7.54236057072
1,All Population,5,Prevalence,147,Libya,3,Both,22,All ages,487,Leukemia,3,Rate,2023,25.880233579810003,40.89195618647,14.66369617465
1,All Population,5,Prevalence,131,Nicaragua,3,Both,22,All ages,487,Leukemia,3,Rate,2021,19.76259105546,30.39699137987,12.93450705018
1,All Population,5,Prevalence,127,El Salvador,3,Both,22,All ages,487,Leukemia,3,Rate,2023,23.94694403357,37.38293978918,16.92193150434
1,All Population,5,Prevalence,157,Yemen,3,Both,22,All ages,487,Leukemia,3,Rate,2023,16.920472491920002,26.112737983379997,11.30805281263
1,All Population,5,Prevalence,116,Saint Lucia,3,Both,22,All ages,487,Leukemia,3,Rate,2021,14.29522987102,18.49415664148,11.163987421189999
1,All Population,5,Prevalence,522,Sudan,3,Both,22,All ages,487,Leukemia,3,Rate,2023,21.96234032302,32.831030305540004,14.58269278727
1,All Population,5,Prevalence,367,Monaco,3,Both,22,All ages,487,Leukemia,3,Rate,2022,240.62316771855,432.70213033754,127.58438088217
1,All Population,5,Prevalence,112,Grenada,3,Both,22,All ages,487,Leukemia,3,Rate,2023,15.93886325369,21.35508419543,11.80433731297
1,All Population,5,Prevalence,146,Lebanon,3,Both,22,All ages,487,Leukemia,3,Rate,2023,61.043120823699994,109.72035807983,33.71728701098
1,All Population,5,Prevalence,99,Uruguay,3,Both,22,All ages,487,Leukemia,3,Rate,2023,35.59606664013,53.53457621993,25.103487769450002
1,All Population,5,Prevalence,142,Iran (Islamic Republic of),3,Both,22,All ages,487,Leukemia,3,Rate,2023,54.28182204399,97.9288762047,29.309738250400002
1,All Population,5,Prevalence,214,Nigeria,3,Both,22,All ages,487,Leukemia,3,Rate,2023,5.32972552853,7.619679813229999,3.59304603991
1,All Population,5,Prevalence,153,Syrian Arab Republic,3,Both,22,All ages,487,Leukemia,3,Rate,2023,30.54005511002,46.382476174400004,18.90426966803
1,All Population,5,Prevalence,123,Peru,3,Both,22,All ages,487,Leukemia,3,Rate,2022,27.263780405309998,44.399424502689996,18.113307133710002
1,All Population,5,Prevalence,183,Mauritius,3,Both,22,All ages,487,Leukemia,3,Rate,2023,13.59739192331,18.82993809654,10.510712636900001
1,All Population,5,Prevalence,91,Portugal,3,Both,22,All ages,487,Leukemia,3,Rate,2023,85.12862776687,150.60573666867,47.75778800771
1,All Population,5,Prevalence,119,Trinidad and Tobago,3,Both,22,All ages,487,Leukemia,3,Rate,2023,15.50140682771,21.77963857635,11.45001884294
1,All Population,5,Prevalence,78,Denmark,3,Both,22,All ages,487,Leukemia,3,Rate,2023,98.81390206404001,131.37515445369002,70.60699794627999
1,All Population,5,Prevalence,47,Czechia,3,Both,22,All ages,487,Leukemia,3,Rate,2023,69.21214326859,105.51707485140999,48.8341973913
1,All Population,5,Prevalence,46,Croatia,3,Both,22,All ages,487,Leukemia,3,Rate,2023,71.36367726288,115.42286607031001,48.3355133863
1,All Population,5,Prevalence,190,Uganda,3,Both,22,All ages,487,Leukemia,3,Rate,2023,8.67926251489,12.827670542809999,5.66753963451
1,All Population,5,Prevalence,201,Burkina Faso,3,Both,22,All ages,487,Leukemia,3,Rate,2023,3.81621414104,5.42290224037,2.60858531683
1,All Population,5,Prevalence,216,Senegal,3,Both,22,All ages,487,Leukemia,3,Rate,2022,4.9440903584399996,6.973064808929999,3.4312847485000004
1,All Population,5,Prevalence,24,Marshall Islands,3,Both,22,All ages,487,Leukemia,3,Rate,2021,5.49206804356,7.90070572764,3.9607820815
1,All Population,5,Prevalence,205,Côte d'Ivoire,3,Both,22,All ages,487,Leukemia,3,Rate,2023,3.5674882752599997,4.90114830115,2.5178939656
1,All Population,5,Prevalence,393,Saint Kitts and Nevis,3,Both,22,All ages,487,Leukemia,3,Rate,2023,17.10617169356,20.853576127980002,14.410637613179999
1,All Population,5,Prevalence,416,Tuvalu,3,Both,22,All ages,487,Leukemia,3,Rate,2023,7.1894153888100005,10.18850626835,5.04121410019
1,All Population,5,Prevalence,185,Rwanda,3,Both,22,All ages,487,Leukemia,3,Rate,2023,10.74388264964,14.95546903907,7.114850652009999
1,All Population,5,Prevalence,154,Tunisia,3,Both,22,All ages,487,Leukemia,3,Rate,2023,51.13158566643,84.40043040047,29.442121973080003
1,All Population,5,Prevalence,101,Canada,3,Both,22,All ages,487,Leukemia,3,Rate,2022,92.53905108457,160.46538079123,50.012448946940005
1,All Population,5,Prevalence,349,Greenland,3,Both,22,All ages,487,Leukemia,3,Rate,2023,17.85202208939,26.19605322516,10.98504093219
1,All Population,5,Prevalence,93,Sweden,3,Both,22,All ages,487,Leukemia,3,Rate,2023,95.89925839543001,148.02920081968,54.86077810217
1,All Population,5,Prevalence,92,Spain,3,Both,22,All ages,487,Leukemia,3,Rate,2023,88.79824907669,139.26553389551,50.78121309963
1,All Population,5,Prevalence,54,Slovakia,3,Both,22,All ages,487,Leukemia,3,Rate,2023,55.380185054730006,79.99597292514,36.52666675916
1,All Population,5,Prevalence,69,Singapore,3,Both,22,All ages,487,Leukemia,3,Rate,2023,31.521266732559997,76.77230165264001,10.04883796573
1,All Population,5,Prevalence,146,Lebanon,3,Both,22,All ages,487,Leukemia,3,Rate,2022,63.014015019830005,110.35276067226,35.46638607384
1,All Population,5,Prevalence,37,Kyrgyzstan,3,Both,22,All ages,487,Leukemia,3,Rate,2023,7.28265081647,11.63269707059,5.07664366027
1,All Population,5,Prevalence,22,Fiji,3,Both,22,All ages,487,Leukemia,3,Rate,2023,6.772093803020001,9.3525965701,4.87392226933
1,All Population,5,Prevalence,413,Tokelau,3,Both,22,All ages,487,Leukemia,3,Rate,2023,3.66231925049,5.4244258987,2.49508551619
1,All Population,5,Prevalence,84,Ireland,3,Both,22,All ages,487,Leukemia,3,Rate,2023,87.55903878045,133.51898505036,51.030131161540005
1,All Population,5,Prevalence,129,Honduras,3,Both,22,All ages,487,Leukemia,3,Rate,2023,7.67213891048,10.63979881164,5.3262704233
1,All Population,5,Prevalence,114,Haiti,3,Both,22,All ages,487,Leukemia,3,Rate,2023,12.568136888029999,17.79574883999,8.76355306379
1,All Population,5,Prevalence,101,Canada,3,Both,22,All ages,487,Leukemia,3,Rate,2023,89.77890883388,156.98819017578,49.7588697621
1,All Population,5,Prevalence,161,Bangladesh,3,Both,22,All ages,487,Leukemia,3,Rate,2023,9.63460598907,13.91253733859,6.37416966735
1,All Population,5,Prevalence,207,Ghana,3,Both,22,All ages,487,Leukemia,3,Rate,2023,4.31010831108,6.398092496289999,2.8977933787000003
1,All Population,5,Prevalence,24,Marshall Islands,3,Both,22,All ages,487,Leukemia,3,Rate,2023,5.14124253704,7.2290451844,3.58788665899
1,All Population,5,Prevalence,131,Nicaragua,3,Both,22,All ages,487,Leukemia,3,Rate,2023,19.610723135809998,32.04086920849,12.07271550605
1,All Population,5,Prevalence,116,Saint Lucia,3,Both,22,All ages,487,Leukemia,3,Rate,2023,14.1627872355,19.03437661892,11.14482994713
1,All Population,5,Prevalence,209,Guinea-Bissau,3,Both,22,All ages,487,Leukemia,3,Rate,2023,5.002773685,6.7108698136100005,3.61258862886
