population_group_id,population_group_name,measure_id,measure_name,location_id,location_name,sex_id,sex_name,age_id,age_name,cause_id,cause_name,metric_id,metric_name,year,val,upper,lower
1,All Population,5,Prevalence,190,Uganda,3,Both,22,All ages,507,Other cardiovascular and circulatory diseases,3,Rate,2014,457.81679077939003,594.6956737952501,353.3638749918
1,All Population,5,Prevalence,61,Republic of Moldova,3,Both,22,All ages,507,Other cardiovascular and circulatory diseases,3,Rate,2014,413.83367091808003,552.86254898392,316.79225590832
1,All Population,5,Prevalence,50,Montenegro,3,Both,22,All ages,507,Other cardiovascular and circulatory diseases,3,Rate,2014,1131.98051669586,1474.31275652103,838.8518313429099
1,All Population,5,Prevalence,23,Kiribati,3,Both,22,All ages,507,Other cardiovascular and circulatory diseases,3,Rate,2015,237.96641363707,294.6476290471,193.57368680609
1,All Population,5,Prevalence,136,Paraguay,3,Both,22,All ages,507,Other cardiovascular and circulatory diseases,3,Rate,2014,708.7406555119101,865.3062989305399,560.0508212691
1,All Population,5,Prevalence,89,Netherlands,3,Both,22,All ages,507,Other cardiovascular and circulatory diseases,3,Rate,2014,2456.82789561877,3153.91120361671,1898.4727870535598
1,All Population,5,Prevalence,195,Namibia,3,Both,22,All ages,507,Other cardiovascular and circulatory diseases,3,Rate,2014,959.92469175882,1312.91893735025,692.15839045238
1,All Population,5,Prevalence,63,Ukraine,3,Both,22,All ages,507,Other cardiovascular and circulatory diseases,3,Rate,2014,557.1703214632299,728.99974511707,421.27800162105
1,All Population,5,Prevalence,52,Romania,3,Both,22,All ages,507,Other cardiovascular and circulatory diseases,3,Rate,2014,925.1648158983401,1190.80016056421,680.8025479383
1,All Population,5,Prevalence,8,Taiwan,3,Both,22,All ages,507,Other cardiovascular and circulatory diseases,3,Rate,2014,900.3594704051701,1126.00324613671,684.1471873084901
1,All Population,5,Prevalence,147,Libya,3,Both,22,All ages,507,Other cardiovascular and circulatory diseases,3,Rate,2014,1426.59233675386,1730.01136104158,1191.86459114664
1,All Population,5,Prevalence,183,Mauritius,3,Both,22,All ages,507,Other cardiovascular and circulatory diseases,3,Rate,2014,545.285687464,673.0034110908799,430.98169712093
1,All Population,5,Prevalence,12,Lao People's Democratic Republic,3,Both,22,All ages,507,Other cardiovascular and circulatory diseases,3,Rate,2015,157.82144838647,193.73026935746,129.8410046788
1,All Population,5,Prevalence,376,Northern Mariana Islands,3,Both,22,All ages,507,Other cardiovascular and circulatory diseases,3,Rate,2014,733.48415611571,933.8694125807999,575.38451357147
1,All Population,5,Prevalence,102,United States of America,3,Both,22,All ages,507,Other cardiovascular and circulatory diseases,3,Rate,2014,2216.34620351926,2716.75932408282,1831.20092772427
1,All Population,5,Prevalence,55,Slovenia,3,Both,22,All ages,507,Other cardiovascular and circulatory diseases,3,Rate,2014,1332.3405593789,1668.6695380722601,1012.04222964462
1,All Population,5,Prevalence,37,Kyrgyzstan,3,Both,22,All ages,507,Other cardiovascular and circulatory diseases,3,Rate,2014,244.05495599436,307.77899460339,193.22768846092
1,All Population,5,Prevalence,44,Bosnia and Herzegovina,3,Both,22,All ages,507,Other cardiovascular and circulatory diseases,3,Rate,2014,1755.1780648026001,2298.95484428628,1283.0694175541998
1,All Population,5,Prevalence,26,Papua New Guinea,3,Both,22,All ages,507,Other cardiovascular and circulatory diseases,3,Rate,2014,168.5358716606,212.33125145216,136.50781743634002
1,All Population,5,Prevalence,216,Senegal,3,Both,22,All ages,507,Other cardiovascular and circulatory diseases,3,Rate,2014,1566.5697329454501,2017.8812362881702,1170.69058334675
1,All Population,5,Prevalence,162,Bhutan,3,Both,22,All ages,507,Other cardiovascular and circulatory diseases,3,Rate,2014,569.31643031787,698.31127544065,453.03255182734995
1,All Population,5,Prevalence,123,Peru,3,Both,22,All ages,507,Other cardiovascular and circulatory diseases,3,Rate,2014,1269.44002064115,1553.1071876452102,1020.08892966238
1,All Population,5,Prevalence,146,Lebanon,3,Both,22,All ages,507,Other cardiovascular and circulatory diseases,3,Rate,2014,2297.75928247552,2819.85475798306,1861.55827047659
1,All Population,5,Prevalence,25,Micronesia (Federated States of),3,Both,22,All ages,507,Other cardiovascular and circulatory diseases,3,Rate,2015,211.07604661819002,265.07781265074,172.65521847431
1,All Population,5,Prevalence,149,Palestine,3,Both,22,All ages,507,Other cardiovascular and circulatory diseases,3,Rate,2014,429.68062711958004,519.67926306216,352.71902763238
1,All Population,5,Prevalence,91,Portugal,3,Both,22,All ages,507,Other cardiovascular and circulatory diseases,3,Rate,2014,1931.28945049455,2527.97296588005,1462.8724141852401
1,All Population,5,Prevalence,115,Jamaica,3,Both,22,All ages,507,Other cardiovascular and circulatory diseases,3,Rate,2014,1233.29891172052,1528.25348477853,989.47725635822
1,All Population,5,Prevalence,131,Nicaragua,3,Both,22,All ages,507,Other cardiovascular and circulatory diseases,3,Rate,2014,610.5152528932699,753.71712061804,491.28917978208
1,All Population,5,Prevalence,39,Tajikistan,3,Both,22,All ages,507,Other cardiovascular and circulatory diseases,3,Rate,2014,110.84104572769999,135.25498398229,92.12208394198
1,All Population,5,Prevalence,97,Argentina,3,Both,22,All ages,507,Other cardiovascular and circulatory diseases,3,Rate,2014,2228.6208263564,2900.4299587044297,1721.57761548825
1,All Population,5,Prevalence,208,Guinea,3,Both,22,All ages,507,Other cardiovascular and circulatory diseases,3,Rate,2014,1277.4022653352001,1704.17871298526,944.2970986456301
1,All Population,5,Prevalence,197,Eswatini,3,Both,22,All ages,507,Other cardiovascular and circulatory diseases,3,Rate,2014,745.54726503609,1035.65925969369,536.50337915178
1,All Population,5,Prevalence,385,Puerto Rico,3,Both,22,All ages,507,Other cardiovascular and circulatory diseases,3,Rate,2014,2199.91022249612,2724.3227484660097,1719.18691203632
1,All Population,5,Prevalence,203,Cabo Verde,3,Both,22,All ages,507,Other cardiovascular and circulatory diseases,3,Rate,2014,2907.31540203859,3664.55950699559,2173.3866906427
1,All Population,5,Prevalence,14,Maldives,3,Both,22,All ages,507,Other cardiovascular and circulatory diseases,3,Rate,2015,769.19616092228,946.78237729102,616.70263832948
1,All Population,5,Prevalence,60,Lithuania,3,Both,22,All ages,507,Other cardiovascular and circulatory diseases,3,Rate,2014,1196.71024597049,1600.5090629370297,873.2675402162
1,All Population,5,Prevalence,20,Viet Nam,3,Both,22,All ages,507,Other cardiovascular and circulatory diseases,3,Rate,2015,343.80608819639997,423.21709423991,275.00961839546
1,All Population,5,Prevalence,151,Qatar,3,Both,22,All ages,507,Other cardiovascular and circulatory diseases,3,Rate,2014,957.3566646450901,1252.19399955069,732.5756247515501
1,All Population,5,Prevalence,16,Philippines,3,Both,22,All ages,507,Other cardiovascular and circulatory diseases,3,Rate,2014,164.48996406697,198.87085988219002,135.49195650472998
1,All Population,5,Prevalence,155,Türkiye,3,Both,22,All ages,507,Other cardiovascular and circulatory diseases,3,Rate,2014,1481.9201278764099,1791.28379870203,1249.4427832619901
1,All Population,5,Prevalence,144,Jordan,3,Both,22,All ages,507,Other cardiovascular and circulatory diseases,3,Rate,2014,579.55742562253,702.70595428064,479.38419013978
1,All Population,5,Prevalence,27,Samoa,3,Both,22,All ages,507,Other cardiovascular and circulatory diseases,3,Rate,2015,303.98391767929996,381.66946924966,245.07947759009
1,All Population,5,Prevalence,210,Liberia,3,Both,22,All ages,507,Other cardiovascular and circulatory diseases,3,Rate,2014,1069.32106766134,1404.96826984398,774.89988184955
1,All Population,5,Prevalence,28,Solomon Islands,3,Both,22,All ages,507,Other cardiovascular and circulatory diseases,3,Rate,2014,148.7500145813,184.48527262514,118.36989190119
1,All Population,5,Prevalence,78,Denmark,3,Both,22,All ages,507,Other cardiovascular and circulatory diseases,3,Rate,2014,1640.1888938561701,2092.38695663629,1240.91076718458
1,All Population,5,Prevalence,396,San Marino,3,Both,22,All ages,507,Other cardiovascular and circulatory diseases,3,Rate,2014,7872.014089613561,9478.86809086309,6237.17613998974
1,All Population,5,Prevalence,7,Democratic People's Republic of Korea,3,Both,22,All ages,507,Other cardiovascular and circulatory diseases,3,Rate,2015,215.22633036565,274.48347551589,168.3851807373
1,All Population,5,Prevalence,75,Austria,3,Both,22,All ages,507,Other cardiovascular and circulatory diseases,3,Rate,2014,1608.43367086621,1977.80875658472,1323.98225911334
1,All Population,5,Prevalence,84,Ireland,3,Both,22,All ages,507,Other cardiovascular and circulatory diseases,3,Rate,2014,1498.73473768901,1917.85260428575,1159.53949783294
1,All Population,5,Prevalence,178,Eritrea,3,Both,22,All ages,507,Other cardiovascular and circulatory diseases,3,Rate,2014,582.10976630494,776.8104239637099,435.5406867805
1,All Population,5,Prevalence,101,Canada,3,Both,22,All ages,507,Other cardiovascular and circulatory diseases,3,Rate,2014,3799.8370317818603,4687.0844686151295,2961.5185188763103
1,All Population,5,Prevalence,22,Fiji,3,Both,22,All ages,507,Other cardiovascular and circulatory diseases,3,Rate,2015,288.93281826336,366.08332902208997,230.97135826248
1,All Population,5,Prevalence,157,Yemen,3,Both,22,All ages,507,Other cardiovascular and circulatory diseases,3,Rate,2014,780.74124985103,944.5648058837099,639.60658485698
1,All Population,5,Prevalence,205,Côte d'Ivoire,3,Both,22,All ages,507,Other cardiovascular and circulatory diseases,3,Rate,2014,1128.5108467334799,1490.05224053043,840.7755029157801
1,All Population,5,Prevalence,13,Malaysia,3,Both,22,All ages,507,Other cardiovascular and circulatory diseases,3,Rate,2014,713.08333398843,877.33731287661,578.76618604348
1,All Population,5,Prevalence,29,Tonga,3,Both,22,All ages,507,Other cardiovascular and circulatory diseases,3,Rate,2015,447.18588861441003,561.0817803912499,356.53950151897
1,All Population,5,Prevalence,153,Syrian Arab Republic,3,Both,22,All ages,507,Other cardiovascular and circulatory diseases,3,Rate,2014,1059.76013524137,1309.18217275778,866.84684177705
1,All Population,5,Prevalence,212,Mauritania,3,Both,22,All ages,507,Other cardiovascular and circulatory diseases,3,Rate,2014,1438.11774425614,1931.62251757494,1053.52309690643
1,All Population,5,Prevalence,34,Azerbaijan,3,Both,22,All ages,507,Other cardiovascular and circulatory diseases,3,Rate,2014,325.37491668382,422.86975125508,249.16196184324
1,All Population,5,Prevalence,133,Venezuela (Bolivarian Republic of),3,Both,22,All ages,507,Other cardiovascular and circulatory diseases,3,Rate,2014,532.90127368475,652.01001985083,425.55664810276005
1,All Population,5,Prevalence,99,Uruguay,3,Both,22,All ages,507,Other cardiovascular and circulatory diseases,3,Rate,2014,1735.3678253443802,2238.78382362112,1343.08979306267
1,All Population,5,Prevalence,67,Japan,3,Both,22,All ages,507,Other cardiovascular and circulatory diseases,3,Rate,2014,1568.35191002073,1964.3175458583898,1250.92978702009
1,All Population,5,Prevalence,209,Guinea-Bissau,3,Both,22,All ages,507,Other cardiovascular and circulatory diseases,3,Rate,2014,950.58849334641,1243.49539519683,709.026329246
1,All Population,5,Prevalence,194,Lesotho,3,Both,22,All ages,507,Other cardiovascular and circulatory diseases,3,Rate,2014,781.53589040823,1080.56177330563,554.58745019963
1,All Population,5,Prevalence,207,Ghana,3,Both,22,All ages,507,Other cardiovascular and circulatory diseases,3,Rate,2014,830.27883726218,1153.1643299967,567.0422288508701
1,All Population,5,Prevalence,215,Sao Tome and Principe,3,Both,22,All ages,507,Other cardiovascular and circulatory diseases,3,Rate,2014,1890.0666374525601,2399.1225284061097,1439.65007077592
1,All Population,5,Prevalence,193,Botswana,3,Both,22,All ages,507,Other cardiovascular and circulatory diseases,3,Rate,2014,1037.026544715,1406.45094761024,759.25399231266
1,All Population,5,Prevalence,214,Nigeria,3,Both,22,All ages,507,Other cardiovascular and circulatory diseases,3,Rate,2014,750.46099439151,961.33673787038,573.17668672688
1,All Population,5,Prevalence,54,Slovakia,3,Both,22,All ages,507,Other cardiovascular and circulatory diseases,3,Rate,2014,2454.79287980458,3051.05169286181,1932.73051429877
1,All Population,5,Prevalence,122,Ecuador,3,Both,22,All ages,507,Other cardiovascular and circulatory diseases,3,Rate,2014,758.60587424662,923.4374816362699,613.76834277483
1,All Population,5,Prevalence,30,Vanuatu,3,Both,22,All ages,507,Other cardiovascular and circulatory diseases,3,Rate,2014,194.60472172668,242.82517503872,158.7307199714
1,All Population,5,Prevalence,36,Kazakhstan,3,Both,22,All ages,507,Other cardiovascular and circulatory diseases,3,Rate,2014,347.65617468618,448.92787656085005,257.70368419217
1,All Population,5,Prevalence,148,Morocco,3,Both,22,All ages,507,Other cardiovascular and circulatory diseases,3,Rate,2014,522.87943435308,648.4746791267701,418.98803425119
1,All Population,5,Prevalence,116,Saint Lucia,3,Both,22,All ages,507,Other cardiovascular and circulatory diseases,3,Rate,2014,2250.04812465613,2791.39052132382,1777.5914112285002
1,All Population,5,Prevalence,93,Sweden,3,Both,22,All ages,507,Other cardiovascular and circulatory diseases,3,Rate,2014,3407.80829824502,4389.22182733273,2663.84955985821
1,All Population,5,Prevalence,7,Democratic People's Republic of Korea,3,Both,22,All ages,507,Other cardiovascular and circulatory diseases,3,Rate,2014,212.46066371118002,266.78844921021,166.59365139976
1,All Population,5,Prevalence,86,Italy,3,Both,22,All ages,507,Other cardiovascular and circulatory diseases,3,Rate,2014,2379.59203049201,2948.02798649547,1884.9549492574802
1,All Population,5,Prevalence,135,Brazil,3,Both,22,All ages,507,Other cardiovascular and circulatory diseases,3,Rate,2014,1358.69852043333,1677.1774074672198,1076.64142226987
1,All Population,5,Prevalence,180,Kenya,3,Both,22,All ages,507,Other cardiovascular and circulatory diseases,3,Rate,2014,434.03359877071995,569.42299673557,326.63061955795
1,All Population,5,Prevalence,41,Uzbekistan,3,Both,22,All ages,507,Other cardiovascular and circulatory diseases,3,Rate,2014,273.66820661534,352.2952934601,214.11529033097
1,All Population,5,Prevalence,23,Kiribati,3,Both,22,All ages,507,Other cardiovascular and circulatory diseases,3,Rate,2014,236.70053468763,292.47187977156,192.46921241963
1,All Population,5,Prevalence,130,Mexico,3,Both,22,All ages,507,Other cardiovascular and circulatory diseases,3,Rate,2014,997.98873824828,1219.57730394266,807.10932678712
1,All Population,5,Prevalence,46,Croatia,3,Both,22,All ages,507,Other cardiovascular and circulatory diseases,3,Rate,2014,370.27999826584,474.57465753008006,280.34491797832
1,All Population,5,Prevalence,201,Burkina Faso,3,Both,22,All ages,507,Other cardiovascular and circulatory diseases,3,Rate,2014,1443.2669516313701,1924.22780659998,1053.77272844238
1,All Population,5,Prevalence,48,Hungary,3,Both,22,All ages,507,Other cardiovascular and circulatory diseases,3,Rate,2014,1248.4532698052599,1681.3624517451601,904.5744243599601
1,All Population,5,Prevalence,88,Malta,3,Both,22,All ages,507,Other cardiovascular and circulatory diseases,3,Rate,2014,1350.68973294582,1711.34656328909,1063.4285936070798
1,All Population,5,Prevalence,367,Monaco,3,Both,22,All ages,507,Other cardiovascular and circulatory diseases,3,Rate,2014,1264.51251968786,1680.3853790917901,948.27690230365
1,All Population,5,Prevalence,106,Bahamas,3,Both,22,All ages,507,Other cardiovascular and circulatory diseases,3,Rate,2014,1318.93902581723,1606.23298389881,1047.95225096839
1,All Population,5,Prevalence,211,Mali,3,Both,22,All ages,507,Other cardiovascular and circulatory diseases,3,Rate,2014,968.1866824137301,1274.67287469441,716.8951057107299
1,All Population,5,Prevalence,10,Cambodia,3,Both,22,All ages,507,Other cardiovascular and circulatory diseases,3,Rate,2014,169.25738779866,209.17822989504,134.22524544203998
1,All Population,5,Prevalence,170,Congo,3,Both,22,All ages,507,Other cardiovascular and circulatory diseases,3,Rate,2014,665.499630469,904.98192032505,480.68532692655003
1,All Population,5,Prevalence,182,Malawi,3,Both,22,All ages,507,Other cardiovascular and circulatory diseases,3,Rate,2014,481.65933186010994,642.2837317258,363.7625499272
1,All Population,5,Prevalence,16,Philippines,3,Both,22,All ages,507,Other cardiovascular and circulatory diseases,3,Rate,2015,167.54672667814,202.35683378546997,137.90957160625
1,All Population,5,Prevalence,90,Norway,3,Both,22,All ages,507,Other cardiovascular and circulatory diseases,3,Rate,2014,1207.38892829497,1543.33947459302,950.15482013385
1,All Population,5,Prevalence,12,Lao People's Democratic Republic,3,Both,22,All ages,507,Other cardiovascular and circulatory diseases,3,Rate,2014,154.59901935755,189.93352672126,126.35945260395
1,All Population,5,Prevalence,33,Armenia,3,Both,22,All ages,507,Other cardiovascular and circulatory diseases,3,Rate,2014,875.8993654388499,1111.9871968722998,668.24627296378
1,All Population,5,Prevalence,69,Singapore,3,Both,22,All ages,507,Other cardiovascular and circulatory diseases,3,Rate,2014,437.95834760332997,538.65325071915,340.09654009453
1,All Population,5,Prevalence,18,Thailand,3,Both,22,All ages,507,Other cardiovascular and circulatory diseases,3,Rate,2015,751.6445189549399,940.59906251935,578.29843262904
1,All Population,5,Prevalence,14,Maldives,3,Both,22,All ages,507,Other cardiovascular and circulatory diseases,3,Rate,2014,757.6986776905001,928.4303891438901,617.12674507285
1,All Population,5,Prevalence,117,Saint Vincent and the Grenadines,3,Both,22,All ages,507,Other cardiovascular and circulatory diseases,3,Rate,2014,2457.94812761607,2977.11796250943,1954.7493117259298
1,All Population,5,Prevalence,71,Australia,3,Both,22,All ages,507,Other cardiovascular and circulatory diseases,3,Rate,2014,3100.65860118318,3859.59470931517,2403.70835342592
1,All Population,5,Prevalence,164,Nepal,3,Both,22,All ages,507,Other cardiovascular and circulatory diseases,3,Rate,2014,324.91307501096003,398.32631773491,257.13534523469
1,All Population,5,Prevalence,72,New Zealand,3,Both,22,All ages,507,Other cardiovascular and circulatory diseases,3,Rate,2014,1261.01202033864,1571.69477519742,973.7988536863401
1,All Population,5,Prevalence,369,Nauru,3,Both,22,All ages,507,Other cardiovascular and circulatory diseases,3,Rate,2014,132.08237641245,159.0733167859,109.94647371257999
1,All Population,5,Prevalence,177,Djibouti,3,Both,22,All ages,507,Other cardiovascular and circulatory diseases,3,Rate,2014,628.39193353662,833.7344375430599,462.33160259051994
1,All Population,5,Prevalence,57,Belarus,3,Both,22,All ages,507,Other cardiovascular and circulatory diseases,3,Rate,2014,620.54973478669,809.78373260109,466.49208290011
1,All Population,5,Prevalence,24,Marshall Islands,3,Both,22,All ages,507,Other cardiovascular and circulatory diseases,3,Rate,2014,161.2002752994,198.84777113162002,131.49778162365
1,All Population,5,Prevalence,202,Cameroon,3,Both,22,All ages,507,Other cardiovascular and circulatory diseases,3,Rate,2014,1229.1262460923901,1593.83354322085,939.11401961031
1,All Population,5,Prevalence,125,Colombia,3,Both,22,All ages,507,Other cardiovascular and circulatory diseases,3,Rate,2014,1632.7544989263602,2002.03895056715,1271.9087691984998
1,All Population,5,Prevalence,185,Rwanda,3,Both,22,All ages,507,Other cardiovascular and circulatory diseases,3,Rate,2014,547.92693151306,733.86836290931,407.57215562761996
1,All Population,5,Prevalence,196,South Africa,3,Both,22,All ages,507,Other cardiovascular and circulatory diseases,3,Rate,2014,1039.8781314831801,1402.84179142511,759.6121881740299
1,All Population,5,Prevalence,218,Togo,3,Both,22,All ages,507,Other cardiovascular and circulatory diseases,3,Rate,2014,1239.5626900473799,1634.89184219227,921.19485972115
1,All Population,5,Prevalence,18,Thailand,3,Both,22,All ages,507,Other cardiovascular and circulatory diseases,3,Rate,2014,722.6645059588101,908.36465427221,556.3073479080699
1,All Population,5,Prevalence,80,France,3,Both,22,All ages,507,Other cardiovascular and circulatory diseases,3,Rate,2014,10542.13692299853,12148.1732400807,8933.29226842336
1,All Population,5,Prevalence,108,Belize,3,Both,22,All ages,507,Other cardiovascular and circulatory diseases,3,Rate,2014,1190.1394197592099,1438.30409929196,953.95504808417
1,All Population,5,Prevalence,435,South Sudan,3,Both,22,All ages,507,Other cardiovascular and circulatory diseases,3,Rate,2014,499.55505330273996,667.22644497397,372.14758651907
1,All Population,5,Prevalence,95,United Kingdom,3,Both,22,All ages,507,Other cardiovascular and circulatory diseases,3,Rate,2014,2527.30576231035,3108.3952720176,2042.27373070612
1,All Population,5,Prevalence,110,Dominica,3,Both,22,All ages,507,Other cardiovascular and circulatory diseases,3,Rate,2014,1375.8753225754501,1702.3635629119901,1068.51219791628
1,All Population,5,Prevalence,154,Tunisia,3,Both,22,All ages,507,Other cardiovascular and circulatory diseases,3,Rate,2014,1923.6775800030098,2383.28854367846,1545.2850330183799
1,All Population,5,Prevalence,81,Germany,3,Both,22,All ages,507,Other cardiovascular and circulatory diseases,3,Rate,2014,3886.20129649432,4818.53775216551,3067.66564506993
1,All Population,5,Prevalence,186,Seychelles,3,Both,22,All ages,507,Other cardiovascular and circulatory diseases,3,Rate,2014,407.22979274122997,503.58162680596,328.73940780149
1,All Population,5,Prevalence,139,Algeria,3,Both,22,All ages,507,Other cardiovascular and circulatory diseases,3,Rate,2014,1560.3144771943998,1924.22566976032,1243.44189625633
1,All Population,5,Prevalence,112,Grenada,3,Both,22,All ages,507,Other cardiovascular and circulatory diseases,3,Rate,2014,1824.03239933515,2248.8483340603602,1442.01063461068
1,All Population,5,Prevalence,83,Iceland,3,Both,22,All ages,507,Other cardiovascular and circulatory diseases,3,Rate,2014,493.93783400926003,613.8093125069499,386.74814022576
1,All Population,5,Prevalence,141,Egypt,3,Both,22,All ages,507,Other cardiovascular and circulatory diseases,3,Rate,2014,1008.86729789278,1226.09802953122,822.27762277361
1,All Population,5,Prevalence,140,Bahrain,3,Both,22,All ages,507,Other cardiovascular and circulatory diseases,3,Rate,2014,859.3306310685999,1100.35775110487,680.0190522852699
1,All Population,5,Prevalence,33,Armenia,3,Both,22,All ages,507,Other cardiovascular and circulatory diseases,3,Rate,2015,940.0175861620501,1188.03598252115,704.14436291312
1,All Population,5,Prevalence,189,United Republic of Tanzania,3,Both,22,All ages,507,Other cardiovascular and circulatory diseases,3,Rate,2014,743.1663134363699,980.0212292348299,561.229641074
1,All Population,5,Prevalence,143,Iraq,3,Both,22,All ages,507,Other cardiovascular and circulatory diseases,3,Rate,2014,498.54024102763,611.26210534524,400.72714811659
1,All Population,5,Prevalence,114,Haiti,3,Both,22,All ages,507,Other cardiovascular and circulatory diseases,3,Rate,2014,605.22530206335,746.48681527866,493.50216289245
1,All Population,5,Prevalence,320,Cook Islands,3,Both,22,All ages,507,Other cardiovascular and circulatory diseases,3,Rate,2014,97.33003672166,123.34594376384,78.53847176834
1,All Population,5,Prevalence,145,Kuwait,3,Both,22,All ages,507,Other cardiovascular and circulatory diseases,3,Rate,2014,380.68034906354,477.55558489036,305.53820450032003
1,All Population,5,Prevalence,191,Zambia,3,Both,22,All ages,507,Other cardiovascular and circulatory diseases,3,Rate,2014,475.79125606342996,636.04115267035,359.39108310176
1,All Population,5,Prevalence,161,Bangladesh,3,Both,22,All ages,507,Other cardiovascular and circulatory diseases,3,Rate,2014,516.3625203235399,642.73845554041,400.80479422257
1,All Population,5,Prevalence,351,Guam,3,Both,22,All ages,507,Other cardiovascular and circulatory diseases,3,Rate,2014,434.7916623815,556.8443156547,344.26305320625
1,All Population,5,Prevalence,132,Panama,3,Both,22,All ages,507,Other cardiovascular and circulatory diseases,3,Rate,2014,1086.21976885728,1346.3251850449901,838.21021570381
1,All Population,5,Prevalence,55,Slovenia,3,Both,22,All ages,507,Other cardiovascular and circulatory diseases,3,Rate,2015,1361.78744442972,1704.7984086646002,1018.9134631885499
1,All Population,5,Prevalence,213,Niger,3,Both,22,All ages,507,Other cardiovascular and circulatory diseases,3,Rate,2014,888.9989192827999,1178.19975519363,648.0439669083199
1,All Population,5,Prevalence,305,Bermuda,3,Both,22,All ages,507,Other cardiovascular and circulatory diseases,3,Rate,2014,5798.9055456200995,7122.91247459024,4520.6512017715995
1,All Population,5,Prevalence,46,Croatia,3,Both,22,All ages,507,Other cardiovascular and circulatory diseases,3,Rate,2015,381.48271776448,495.39925082578003,285.32697756269
1,All Population,5,Prevalence,6,China,3,Both,22,All ages,507,Other cardiovascular and circulatory diseases,3,Rate,2014,340.00977056413996,439.2933779061,269.3303290493
1,All Population,5,Prevalence,119,Trinidad and Tobago,3,Both,22,All ages,507,Other cardiovascular and circulatory diseases,3,Rate,2014,1309.29346898881,1646.90047881694,1038.0847914107098
1,All Population,5,Prevalence,150,Oman,3,Both,22,All ages,507,Other cardiovascular and circulatory diseases,3,Rate,2014,2185.96974800222,2674.21333173737,1825.4322663053601
1,All Population,5,Prevalence,105,Antigua and Barbuda,3,Both,22,All ages,507,Other cardiovascular and circulatory diseases,3,Rate,2014,2417.26734455299,2938.34269838074,1924.9993858796902
1,All Population,5,Prevalence,118,Suriname,3,Both,22,All ages,507,Other cardiovascular and circulatory diseases,3,Rate,2014,786.90726621217,966.0289711269099,609.57773023116
1,All Population,5,Prevalence,35,Georgia,3,Both,22,All ages,507,Other cardiovascular and circulatory diseases,3,Rate,2014,750.7665428554101,1016.50156805278,529.59952115486
1,All Population,5,Prevalence,58,Estonia,3,Both,22,All ages,507,Other cardiovascular and circulatory diseases,3,Rate,2014,882.7711359986599,1195.95002520558,627.97659641035
1,All Population,5,Prevalence,54,Slovakia,3,Both,22,All ages,507,Other cardiovascular and circulatory diseases,3,Rate,2015,2464.65519669558,3069.97449238966,1914.35735453015
1,All Population,5,Prevalence,172,Equatorial Guinea,3,Both,22,All ages,507,Other cardiovascular and circulatory diseases,3,Rate,2014,622.16610451569,830.6953542787701,470.65309291348
1,All Population,5,Prevalence,77,Cyprus,3,Both,22,All ages,507,Other cardiovascular and circulatory diseases,3,Rate,2014,807.75513759047,1018.83500634343,634.1277624430901
1,All Population,5,Prevalence,62,Russian Federation,3,Both,22,All ages,507,Other cardiovascular and circulatory diseases,3,Rate,2014,977.17452166262,1287.41278961255,741.3537188019
1,All Population,5,Prevalence,413,Tokelau,3,Both,22,All ages,507,Other cardiovascular and circulatory diseases,3,Rate,2014,467.33087206635,610.9761655198,364.62699966142003
1,All Population,5,Prevalence,128,Guatemala,3,Both,22,All ages,507,Other cardiovascular and circulatory diseases,3,Rate,2014,785.20097723113,956.46774474863,632.42163232057
1,All Population,5,Prevalence,175,Burundi,3,Both,22,All ages,507,Other cardiovascular and circulatory diseases,3,Rate,2014,523.83467115754,688.7547693547,395.37266035466
1,All Population,5,Prevalence,126,Costa Rica,3,Both,22,All ages,507,Other cardiovascular and circulatory diseases,3,Rate,2014,1492.6937090664999,1817.20773542494,1172.13363612079
1,All Population,5,Prevalence,43,Albania,3,Both,22,All ages,507,Other cardiovascular and circulatory diseases,3,Rate,2014,2790.77481992031,3528.7188492096598,2164.4867468665
1,All Population,5,Prevalence,30,Vanuatu,3,Both,22,All ages,507,Other cardiovascular and circulatory diseases,3,Rate,2015,195.83401258462,241.73407354613,157.55905308172
1,All Population,5,Prevalence,11,Indonesia,3,Both,22,All ages,507,Other cardiovascular and circulatory diseases,3,Rate,2014,235.13555026029002,287.71658184683,193.08339331343998
1,All Population,5,Prevalence,374,Niue,3,Both,22,All ages,507,Other cardiovascular and circulatory diseases,3,Rate,2014,462.98373992638005,606.46458729601,359.4574506623
1,All Population,5,Prevalence,422,United States Virgin Islands,3,Both,22,All ages,507,Other cardiovascular and circulatory diseases,3,Rate,2014,1813.08114734587,2268.86614500367,1377.3197698612898
1,All Population,5,Prevalence,92,Spain,3,Both,22,All ages,507,Other cardiovascular and circulatory diseases,3,Rate,2014,2573.34756877592,3168.44472234357,2057.4263602739898
1,All Population,5,Prevalence,107,Barbados,3,Both,22,All ages,507,Other cardiovascular and circulatory diseases,3,Rate,2014,2925.27090901831,3554.5666039544503,2303.99154000122
1,All Population,5,Prevalence,380,Palau,3,Both,22,All ages,507,Other cardiovascular and circulatory diseases,3,Rate,2014,325.1433221054,412.33978896364,253.52707389619
1,All Population,5,Prevalence,94,Switzerland,3,Both,22,All ages,507,Other cardiovascular and circulatory diseases,3,Rate,2014,1332.5359127058,1675.7626166497002,1054.37676516343
1,All Population,5,Prevalence,43,Albania,3,Both,22,All ages,507,Other cardiovascular and circulatory diseases,3,Rate,2015,2867.65382743976,3630.73914669414,2223.65995440056
1,All Population,5,Prevalence,198,Zimbabwe,3,Both,22,All ages,507,Other cardiovascular and circulatory diseases,3,Rate,2014,1241.37722758315,1687.6076368525598,920.73491067728
1,All Population,5,Prevalence,393,Saint Kitts and Nevis,3,Both,22,All ages,507,Other cardiovascular and circulatory diseases,3,Rate,2014,1419.5869604173101,1738.08623707147,1118.13763978396
1,All Population,5,Prevalence,98,Chile,3,Both,22,All ages,507,Other cardiovascular and circulatory diseases,3,Rate,2014,1039.73034440876,1322.18411731846,791.49790718772
1,All Population,5,Prevalence,184,Mozambique,3,Both,22,All ages,507,Other cardiovascular and circulatory diseases,3,Rate,2014,899.18126817164,1167.15977724357,712.60264114928
1,All Population,5,Prevalence,90,Norway,3,Both,22,All ages,507,Other cardiovascular and circulatory diseases,3,Rate,2015,1222.85205695872,1560.0368744325801,959.7749779100899
1,All Population,5,Prevalence,169,Central African Republic,3,Both,22,All ages,507,Other cardiovascular and circulatory diseases,3,Rate,2014,478.92744349785,632.62750580123,349.71503112756
1,All Population,5,Prevalence,59,Latvia,3,Both,22,All ages,507,Other cardiovascular and circulatory diseases,3,Rate,2014,679.41249060614,962.7862966484499,468.39833426088
1,All Population,5,Prevalence,168,Angola,3,Both,22,All ages,507,Other cardiovascular and circulatory diseases,3,Rate,2014,608.80563106519,812.6973634678301,453.06998318863003
1,All Population,5,Prevalence,85,Israel,3,Both,22,All ages,507,Other cardiovascular and circulatory diseases,3,Rate,2014,1234.94859982971,1551.55051593908,960.79653168428
1,All Population,5,Prevalence,179,Ethiopia,3,Both,22,All ages,507,Other cardiovascular and circulatory diseases,3,Rate,2014,532.7978989693399,703.14059912944,406.13553733504
1,All Population,5,Prevalence,8,Taiwan,3,Both,22,All ages,507,Other cardiovascular and circulatory diseases,3,Rate,2015,911.60703509544,1149.73026956208,694.11869093605
1,All Population,5,Prevalence,204,Chad,3,Both,22,All ages,507,Other cardiovascular and circulatory diseases,3,Rate,2014,929.2576173617499,1228.56168546202,700.58628380472
1,All Population,5,Prevalence,59,Latvia,3,Both,22,All ages,507,Other cardiovascular and circulatory diseases,3,Rate,2015,731.9449352382201,1039.52863056518,502.60312128874
1,All Population,5,Prevalence,47,Czechia,3,Both,22,All ages,507,Other cardiovascular and circulatory diseases,3,Rate,2014,4743.06250973662,5888.7264383271995,3841.57211856678
1,All Population,5,Prevalence,15,Myanmar,3,Both,22,All ages,507,Other cardiovascular and circulatory diseases,3,Rate,2014,220.1144057942,272.16301260086,175.23482940385
1,All Population,5,Prevalence,82,Greece,3,Both,22,All ages,507,Other cardiovascular and circulatory diseases,3,Rate,2014,448.76350141745,569.31575792726,346.01101657097
1,All Population,5,Prevalence,20,Viet Nam,3,Both,22,All ages,507,Other cardiovascular and circulatory diseases,3,Rate,2014,337.33704051441,414.97468131277,272.19006892276
1,All Population,5,Prevalence,142,Iran (Islamic Republic of),3,Both,22,All ages,507,Other cardiovascular and circulatory diseases,3,Rate,2014,2046.9901358425,2492.80304951052,1689.11375848512
1,All Population,5,Prevalence,187,Somalia,3,Both,22,All ages,507,Other cardiovascular and circulatory diseases,3,Rate,2014,435.20921967731,587.4395315923999,328.98765338556
1,All Population,5,Prevalence,127,El Salvador,3,Both,22,All ages,507,Other cardiovascular and circulatory diseases,3,Rate,2014,774.49453739662,946.7320244532699,613.13882025221
1,All Population,5,Prevalence,164,Nepal,3,Both,22,All ages,507,Other cardiovascular and circulatory diseases,3,Rate,2015,331.33706884560996,407.61907102926006,261.46184122543
1,All Population,5,Prevalence,106,Bahamas,3,Both,22,All ages,507,Other cardiovascular and circulatory diseases,3,Rate,2015,1344.46371101283,1645.72832084675,1063.03887229744
1,All Population,5,Prevalence,38,Mongolia,3,Both,22,All ages,507,Other cardiovascular and circulatory diseases,3,Rate,2014,244.28742848511,318.67656818042997,190.12437804262998
1,All Population,5,Prevalence,35,Georgia,3,Both,22,All ages,507,Other cardiovascular and circulatory diseases,3,Rate,2015,777.65449541441,1055.39252886144,544.7316246995
1,All Population,5,Prevalence,416,Tuvalu,3,Both,22,All ages,507,Other cardiovascular and circulatory diseases,3,Rate,2014,253.29937256645002,322.98506098769997,200.299739075
1,All Population,5,Prevalence,147,Libya,3,Both,22,All ages,507,Other cardiovascular and circulatory diseases,3,Rate,2015,1472.18185212657,1784.4522039628298,1228.8851159073201
1,All Population,5,Prevalence,130,Mexico,3,Both,22,All ages,507,Other cardiovascular and circulatory diseases,3,Rate,2015,1031.00618253657,1257.98915146488,833.16992749409
1,All Population,5,Prevalence,153,Syrian Arab Republic,3,Both,22,All ages,507,Other cardiovascular and circulatory diseases,3,Rate,2015,1131.24569947444,1389.75400373966,916.90879069809
1,All Population,5,Prevalence,156,United Arab Emirates,3,Both,22,All ages,507,Other cardiovascular and circulatory diseases,3,Rate,2014,689.28580989535,915.95445831619,506.53628720444
1,All Population,5,Prevalence,152,Saudi Arabia,3,Both,22,All ages,507,Other cardiovascular and circulatory diseases,3,Rate,2014,749.3524858225001,924.86772996018,604.73241241964
1,All Population,5,Prevalence,61,Republic of Moldova,3,Both,22,All ages,507,Other cardiovascular and circulatory diseases,3,Rate,2015,444.25029608692,599.20111752726,338.3908904896
1,All Population,5,Prevalence,85,Israel,3,Both,22,All ages,507,Other cardiovascular and circulatory diseases,3,Rate,2015,1253.0558210157901,1564.7336133804702,968.90938205367
1,All Population,5,Prevalence,117,Saint Vincent and the Grenadines,3,Both,22,All ages,507,Other cardiovascular and circulatory diseases,3,Rate,2015,2513.08046838402,3038.57540653444,1992.1488063061502
1,All Population,5,Prevalence,102,United States of America,3,Both,22,All ages,507,Other cardiovascular and circulatory diseases,3,Rate,2015,2255.17273011388,2770.69276652556,1858.26756236966
1,All Population,5,Prevalence,58,Estonia,3,Both,22,All ages,507,Other cardiovascular and circulatory diseases,3,Rate,2015,929.43762722297,1255.57874553708,660.92033711051
1,All Population,5,Prevalence,51,Poland,3,Both,22,All ages,507,Other cardiovascular and circulatory diseases,3,Rate,2015,1408.7453650140399,1834.8988324449401,1119.95118680682
1,All Population,5,Prevalence,67,Japan,3,Both,22,All ages,507,Other cardiovascular and circulatory diseases,3,Rate,2015,1628.38921144763,2035.8826920195802,1293.7628734765399
1,All Population,5,Prevalence,114,Haiti,3,Both,22,All ages,507,Other cardiovascular and circulatory diseases,3,Rate,2015,608.98420791523,752.1410475448299,499.68985969685
1,All Population,5,Prevalence,79,Finland,3,Both,22,All ages,507,Other cardiovascular and circulatory diseases,3,Rate,2014,1713.1967940633601,2123.03899337601,1384.8172494534501
1,All Population,5,Prevalence,185,Rwanda,3,Both,22,All ages,507,Other cardiovascular and circulatory diseases,3,Rate,2015,555.22512608743,748.7652847145799,414.0820270263
1,All Population,5,Prevalence,78,Denmark,3,Both,22,All ages,507,Other cardiovascular and circulatory diseases,3,Rate,2015,1674.57729280839,2172.50467399748,1259.93896002741
1,All Population,5,Prevalence,57,Belarus,3,Both,22,All ages,507,Other cardiovascular and circulatory diseases,3,Rate,2015,659.1901087033999,860.9031079754,494.82110184734
1,All Population,5,Prevalence,72,New Zealand,3,Both,22,All ages,507,Other cardiovascular and circulatory diseases,3,Rate,2015,1341.13936424763,1675.3380661404499,1021.3687424184799
1,All Population,5,Prevalence,193,Botswana,3,Both,22,All ages,507,Other cardiovascular and circulatory diseases,3,Rate,2015,1055.0375632586702,1446.1603814985701,768.62488354334
1,All Population,5,Prevalence,177,Djibouti,3,Both,22,All ages,507,Other cardiovascular and circulatory diseases,3,Rate,2015,637.13393814172,858.31621827623,468.22562601162
1,All Population,5,Prevalence,38,Mongolia,3,Both,22,All ages,507,Other cardiovascular and circulatory diseases,3,Rate,2015,257.58723811455,335.94610271962,197.71214532871002
1,All Population,5,Prevalence,212,Mauritania,3,Both,22,All ages,507,Other cardiovascular and circulatory diseases,3,Rate,2015,1438.96901764165,1927.4782909503401,1063.42649654579
1,All Population,5,Prevalence,66,Brunei Darussalam,3,Both,22,All ages,507,Other cardiovascular and circulatory diseases,3,Rate,2014,378.41744370581,507.72541483959003,270.10912772708
1,All Population,5,Prevalence,200,Benin,3,Both,22,All ages,507,Other cardiovascular and circulatory diseases,3,Rate,2014,934.94750883013,1229.9127625155002,680.9014686323401
1,All Population,5,Prevalence,161,Bangladesh,3,Both,22,All ages,507,Other cardiovascular and circulatory diseases,3,Rate,2015,528.20262910864,655.52575851341,407.02040947417
1,All Population,5,Prevalence,11,Indonesia,3,Both,22,All ages,507,Other cardiovascular and circulatory diseases,3,Rate,2015,238.57322649187,292.88456474463,196.06962668804002
1,All Population,5,Prevalence,45,Bulgaria,3,Both,22,All ages,507,Other cardiovascular and circulatory diseases,3,Rate,2014,1888.5027006092798,2448.0093450803897,1402.77622331406
1,All Population,5,Prevalence,131,Nicaragua,3,Both,22,All ages,507,Other cardiovascular and circulatory diseases,3,Rate,2015,621.23455959336,766.84781633608,495.01356400906
1,All Population,5,Prevalence,116,Saint Lucia,3,Both,22,All ages,507,Other cardiovascular and circulatory diseases,3,Rate,2015,2279.48091780019,2847.06881037919,1780.6389332147
1,All Population,5,Prevalence,146,Lebanon,3,Both,22,All ages,507,Other cardiovascular and circulatory diseases,3,Rate,2015,2151.05007482981,2650.56573647899,1738.63724346491
1,All Population,5,Prevalence,69,Singapore,3,Both,22,All ages,507,Other cardiovascular and circulatory diseases,3,Rate,2015,446.05792481837005,555.1601619159201,344.85062538526
1,All Population,5,Prevalence,209,Guinea-Bissau,3,Both,22,All ages,507,Other cardiovascular and circulatory diseases,3,Rate,2015,950.38081957986,1240.50026590847,713.3719221756901
1,All Population,5,Prevalence,176,Comoros,3,Both,22,All ages,507,Other cardiovascular and circulatory diseases,3,Rate,2014,859.2384145296201,1147.33752751834,631.97344635755
1,All Population,5,Prevalence,172,Equatorial Guinea,3,Both,22,All ages,507,Other cardiovascular and circulatory diseases,3,Rate,2015,616.28893099467,817.6801567001099,464.06084596653
1,All Population,5,Prevalence,24,Marshall Islands,3,Both,22,All ages,507,Other cardiovascular and circulatory diseases,3,Rate,2015,165.01228251005,204.86965175849,135.38475864963
1,All Population,5,Prevalence,148,Morocco,3,Both,22,All ages,507,Other cardiovascular and circulatory diseases,3,Rate,2015,529.40479804788,659.98650644349,425.64801708991
1,All Population,5,Prevalence,369,Nauru,3,Both,22,All ages,507,Other cardiovascular and circulatory diseases,3,Rate,2015,134.52360215335,162.14591096167,111.45807047557
1,All Population,5,Prevalence,208,Guinea,3,Both,22,All ages,507,Other cardiovascular and circulatory diseases,3,Rate,2015,1259.81513263027,1690.29472395929,924.1293005216
1,All Population,5,Prevalence,298,American Samoa,3,Both,22,All ages,507,Other cardiovascular and circulatory diseases,3,Rate,2014,509.54571161273,637.57100576055,405.0536134466
1,All Population,5,Prevalence,170,Congo,3,Both,22,All ages,507,Other cardiovascular and circulatory diseases,3,Rate,2015,664.66381277472,903.60337689763,479.34463128921
1,All Population,5,Prevalence,125,Colombia,3,Both,22,All ages,507,Other cardiovascular and circulatory diseases,3,Rate,2015,1656.0490774303898,2039.3185147399201,1277.31526140312
1,All Population,5,Prevalence,140,Bahrain,3,Both,22,All ages,507,Other cardiovascular and circulatory diseases,3,Rate,2015,879.1741455533399,1136.0035768324801,694.34950042707
1,All Population,5,Prevalence,48,Hungary,3,Both,22,All ages,507,Other cardiovascular and circulatory diseases,3,Rate,2015,1252.5696730673399,1689.8027340090798,916.50062974311
1,All Population,5,Prevalence,98,Chile,3,Both,22,All ages,507,Other cardiovascular and circulatory diseases,3,Rate,2015,1097.39228599548,1405.9486716004901,829.26518390577
1,All Population,5,Prevalence,17,Sri Lanka,3,Both,22,All ages,507,Other cardiovascular and circulatory diseases,3,Rate,2015,479.36672893918,605.39503526216,376.956134131
1,All Population,5,Prevalence,121,Bolivia (Plurinational State of),3,Both,22,All ages,507,Other cardiovascular and circulatory diseases,3,Rate,2014,837.76475737287,1034.14919101072,672.8891258755799
1,All Population,5,Prevalence,181,Madagascar,3,Both,22,All ages,507,Other cardiovascular and circulatory diseases,3,Rate,2014,857.6087299086399,1121.85350592141,644.61728339415
1,All Population,5,Prevalence,84,Ireland,3,Both,22,All ages,507,Other cardiovascular and circulatory diseases,3,Rate,2015,1534.34591367176,1976.9729440954497,1188.99389212691
1,All Population,5,Prevalence,380,Palau,3,Both,22,All ages,507,Other cardiovascular and circulatory diseases,3,Rate,2015,333.64569567812003,424.41192662895,257.99645966899
1,All Population,5,Prevalence,367,Monaco,3,Both,22,All ages,507,Other cardiovascular and circulatory diseases,3,Rate,2015,1304.55314635956,1728.24846629764,980.10703474852
1,All Population,5,Prevalence,196,South Africa,3,Both,22,All ages,507,Other cardiovascular and circulatory diseases,3,Rate,2015,1055.13983650179,1426.0397498287,766.0820578108701
1,All Population,5,Prevalence,393,Saint Kitts and Nevis,3,Both,22,All ages,507,Other cardiovascular and circulatory diseases,3,Rate,2015,1433.38310286238,1757.0138151415601,1123.82473551491
1,All Population,5,Prevalence,216,Senegal,3,Both,22,All ages,507,Other cardiovascular and circulatory diseases,3,Rate,2015,1563.9397547473102,2022.26849508336,1167.1705486809099
1,All Population,5,Prevalence,93,Sweden,3,Both,22,All ages,507,Other cardiovascular and circulatory diseases,3,Rate,2015,3540.32243008168,4569.9829374150095,2727.53692050884
1,All Population,5,Prevalence,522,Sudan,3,Both,22,All ages,507,Other cardiovascular and circulatory diseases,3,Rate,2014,922.8795588967,1112.0479709547499,750.61368918369
1,All Population,5,Prevalence,22,Fiji,3,Both,22,All ages,507,Other cardiovascular and circulatory diseases,3,Rate,2014,285.6648289323,359.93163562106,228.48359685269
1,All Population,5,Prevalence,129,Honduras,3,Both,22,All ages,507,Other cardiovascular and circulatory diseases,3,Rate,2014,474.16345327863996,574.13010296957,380.26475992531
1,All Population,5,Prevalence,101,Canada,3,Both,22,All ages,507,Other cardiovascular and circulatory diseases,3,Rate,2015,3853.6023118928897,4718.45804198928,3010.99849779133
1,All Population,5,Prevalence,40,Turkmenistan,3,Both,22,All ages,507,Other cardiovascular and circulatory diseases,3,Rate,2014,219.03830875652,277.5977647648,165.59584898833
1,All Population,5,Prevalence,25,Micronesia (Federated States of),3,Both,22,All ages,507,Other cardiovascular and circulatory diseases,3,Rate,2014,209.21765880475,260.81303457047,168.93265894678999
1,All Population,5,Prevalence,66,Brunei Darussalam,3,Both,22,All ages,507,Other cardiovascular and circulatory diseases,3,Rate,2015,390.1061930254,527.90902913839,279.69438749926
1,All Population,5,Prevalence,217,Sierra Leone,3,Both,22,All ages,507,Other cardiovascular and circulatory diseases,3,Rate,2014,1301.51668970549,1715.47564959081,975.25396962032
1,All Population,5,Prevalence,109,Cuba,3,Both,22,All ages,507,Other cardiovascular and circulatory diseases,3,Rate,2014,1589.54870365893,1970.0401155826298,1230.7663440274798
1,All Population,5,Prevalence,77,Cyprus,3,Both,22,All ages,507,Other cardiovascular and circulatory diseases,3,Rate,2015,822.8996249080001,1061.2480128740601,635.53562658926
1,All Population,5,Prevalence,171,Democratic Republic of the Congo,3,Both,22,All ages,507,Other cardiovascular and circulatory diseases,3,Rate,2014,590.41047557355,796.3450177702299,435.21635176252
1,All Population,5,Prevalence,92,Spain,3,Both,22,All ages,507,Other cardiovascular and circulatory diseases,3,Rate,2015,2681.66685612643,3324.95172615593,2147.2050830159296
1,All Population,5,Prevalence,206,Gambia,3,Both,22,All ages,507,Other cardiovascular and circulatory diseases,3,Rate,2014,1340.42234198491,1749.0376944555098,1019.0043864102801
1,All Population,5,Prevalence,49,North Macedonia,3,Both,22,All ages,507,Other cardiovascular and circulatory diseases,3,Rate,2014,693.64922910992,913.2567402144799,514.37173932765
1,All Population,5,Prevalence,51,Poland,3,Both,22,All ages,507,Other cardiovascular and circulatory diseases,3,Rate,2014,1385.81604237061,1801.78050151173,1102.19534168821
1,All Population,5,Prevalence,178,Eritrea,3,Both,22,All ages,507,Other cardiovascular and circulatory diseases,3,Rate,2015,590.72308515767,790.69713504533,438.63261236912996
1,All Population,5,Prevalence,163,India,3,Both,22,All ages,507,Other cardiovascular and circulatory diseases,3,Rate,2014,465.71587034698007,584.53778399474,367.81600618769
1,All Population,5,Prevalence,194,Lesotho,3,Both,22,All ages,507,Other cardiovascular and circulatory diseases,3,Rate,2015,794.0789572569599,1114.06506493698,566.62523052498
1,All Population,5,Prevalence,53,Serbia,3,Both,22,All ages,507,Other cardiovascular and circulatory diseases,3,Rate,2014,730.3581656379399,974.1897710337,495.8100431072
1,All Population,5,Prevalence,136,Paraguay,3,Both,22,All ages,507,Other cardiovascular and circulatory diseases,3,Rate,2016,736.71007879355,899.9352453503501,580.20741201828
1,All Population,5,Prevalence,60,Lithuania,3,Both,22,All ages,507,Other cardiovascular and circulatory diseases,3,Rate,2015,1280.362962788,1719.88863851912,930.4196563960201
1,All Population,5,Prevalence,74,Andorra,3,Both,22,All ages,507,Other cardiovascular and circulatory diseases,3,Rate,2014,844.5909874330999,1062.84067525828,647.3330959607
1,All Population,5,Prevalence,130,Mexico,3,Both,22,All ages,507,Other cardiovascular and circulatory diseases,3,Rate,2016,1069.62286464149,1307.23641410859,855.92284782456
1,All Population,5,Prevalence,47,Czechia,3,Both,22,All ages,507,Other cardiovascular and circulatory diseases,3,Rate,2015,4773.98536392426,5885.56357036156,3865.0975556921403
1,All Population,5,Prevalence,169,Central African Republic,3,Both,22,All ages,507,Other cardiovascular and circulatory diseases,3,Rate,2015,486.52098076776997,646.10013647415,356.10228338693
1,All Population,5,Prevalence,160,Afghanistan,3,Both,22,All ages,507,Other cardiovascular and circulatory diseases,3,Rate,2014,607.79974544389,753.40088404814,497.22175565638
1,All Population,5,Prevalence,145,Kuwait,3,Both,22,All ages,507,Other cardiovascular and circulatory diseases,3,Rate,2015,362.54345725243,455.80779044192997,289.87606543335
1,All Population,5,Prevalence,111,Dominican Republic,3,Both,22,All ages,507,Other cardiovascular and circulatory diseases,3,Rate,2015,779.29732444685,951.12256969794,632.65365852737
1,All Population,5,Prevalence,155,Türkiye,3,Both,22,All ages,507,Other cardiovascular and circulatory diseases,3,Rate,2015,1500.93208344233,1814.17350798283,1257.82546044719
1,All Population,5,Prevalence,171,Democratic Republic of the Congo,3,Both,22,All ages,507,Other cardiovascular and circulatory diseases,3,Rate,2015,591.68261479222,790.4786470877599,430.23105679057
1,All Population,5,Prevalence,201,Burkina Faso,3,Both,22,All ages,507,Other cardiovascular and circulatory diseases,3,Rate,2015,1445.50933830944,1926.83575641198,1052.193480016
1,All Population,5,Prevalence,305,Bermuda,3,Both,22,All ages,507,Other cardiovascular and circulatory diseases,3,Rate,2015,5968.34056048565,7324.71009197318,4597.505676855821
1,All Population,5,Prevalence,108,Belize,3,Both,22,All ages,507,Other cardiovascular and circulatory diseases,3,Rate,2015,1211.70373358392,1474.4202197434502,967.8573793223601
1,All Population,5,Prevalence,37,Kyrgyzstan,3,Both,22,All ages,507,Other cardiovascular and circulatory diseases,3,Rate,2015,257.51830050039996,325.39364666646,203.07353575228
1,All Population,5,Prevalence,7,Democratic People's Republic of Korea,3,Both,22,All ages,507,Other cardiovascular and circulatory diseases,3,Rate,2016,218.92790016342,276.61440863424997,171.52113487885
1,All Population,5,Prevalence,206,Gambia,3,Both,22,All ages,507,Other cardiovascular and circulatory diseases,3,Rate,2015,1341.53664048527,1745.1993880201198,1018.6547158665301
1,All Population,5,Prevalence,160,Afghanistan,3,Both,22,All ages,507,Other cardiovascular and circulatory diseases,3,Rate,2015,610.4575548842901,752.78620080492,496.64662011186005
1,All Population,5,Prevalence,139,Algeria,3,Both,22,All ages,507,Other cardiovascular and circulatory diseases,3,Rate,2015,1586.25560050391,1963.7319026561202,1259.06400362825
1,All Population,5,Prevalence,173,Gabon,3,Both,22,All ages,507,Other cardiovascular and circulatory diseases,3,Rate,2015,924.6161417553699,1278.80034706029,665.31284281209
1,All Population,5,Prevalence,126,Costa Rica,3,Both,22,All ages,507,Other cardiovascular and circulatory diseases,3,Rate,2015,1535.5591825274,1878.6388957131799,1203.73407537547
1,All Population,5,Prevalence,6,China,3,Both,22,All ages,507,Other cardiovascular and circulatory diseases,3,Rate,2015,349.23473526712,451.14875928,275.91073029313003
1,All Population,5,Prevalence,217,Sierra Leone,3,Both,22,All ages,507,Other cardiovascular and circulatory diseases,3,Rate,2015,1296.68287446095,1699.4224452211802,983.15064490376
1,All Population,5,Prevalence,175,Burundi,3,Both,22,All ages,507,Other cardiovascular and circulatory diseases,3,Rate,2015,524.89386040505,693.09600892931,392.23414427541996
1,All Population,5,Prevalence,23,Kiribati,3,Both,22,All ages,507,Other cardiovascular and circulatory diseases,3,Rate,2016,240.38489222209,296.98555741775,195.56737333614
1,All Population,5,Prevalence,8,Taiwan,3,Both,22,All ages,507,Other cardiovascular and circulatory diseases,3,Rate,2016,930.43063835208,1182.317890805,698.82384939939
1,All Population,5,Prevalence,72,New Zealand,3,Both,22,All ages,507,Other cardiovascular and circulatory diseases,3,Rate,2016,1385.48929552667,1749.08459881579,1062.55864333609
1,All Population,5,Prevalence,89,Netherlands,3,Both,22,All ages,507,Other cardiovascular and circulatory diseases,3,Rate,2016,2620.2765674279,3379.82634011703,1995.48810876688
1,All Population,5,Prevalence,33,Armenia,3,Both,22,All ages,507,Other cardiovascular and circulatory diseases,3,Rate,2016,1025.5960741198699,1299.6543290688899,774.69933431884
1,All Population,5,Prevalence,416,Tuvalu,3,Both,22,All ages,507,Other cardiovascular and circulatory diseases,3,Rate,2015,253.66632734588998,326.25866521021,199.65899482611
1,All Population,5,Prevalence,522,Sudan,3,Both,22,All ages,507,Other cardiovascular and circulatory diseases,3,Rate,2015,931.3980027986499,1125.40027033304,755.16659901507
1,All Population,5,Prevalence,147,Libya,3,Both,22,All ages,507,Other cardiovascular and circulatory diseases,3,Rate,2016,1515.32746571965,1844.37444867856,1252.4178378049098
1,All Population,5,Prevalence,115,Jamaica,3,Both,22,All ages,507,Other cardiovascular and circulatory diseases,3,Rate,2016,1255.41789784423,1563.02247308896,995.4688585377301
1,All Population,5,Prevalence,76,Belgium,3,Both,22,All ages,507,Other cardiovascular and circulatory diseases,3,Rate,2016,2917.40078470637,3496.29685347453,2487.23422427494
1,All Population,5,Prevalence,162,Bhutan,3,Both,22,All ages,507,Other cardiovascular and circulatory diseases,3,Rate,2016,600.9240510839,739.4879912945601,473.98080129218
1,All Population,5,Prevalence,55,Slovenia,3,Both,22,All ages,507,Other cardiovascular and circulatory diseases,3,Rate,2016,1374.67832474527,1729.86984162724,1034.3893422697001
1,All Population,5,Prevalence,29,Tonga,3,Both,22,All ages,507,Other cardiovascular and circulatory diseases,3,Rate,2016,452.27248029644005,571.4189868684899,361.74676848541003
1,All Population,5,Prevalence,74,Andorra,3,Both,22,All ages,507,Other cardiovascular and circulatory diseases,3,Rate,2015,861.84392523039,1082.5107566075199,660.70067252693
1,All Population,5,Prevalence,44,Bosnia and Herzegovina,3,Both,22,All ages,507,Other cardiovascular and circulatory diseases,3,Rate,2016,1813.3581188499,2400.5189405341803,1333.3963466651198
1,All Population,5,Prevalence,34,Azerbaijan,3,Both,22,All ages,507,Other cardiovascular and circulatory diseases,3,Rate,2015,330.38164901102,430.92698732283,251.33337732253003
1,All Population,5,Prevalence,68,Republic of Korea,3,Both,22,All ages,507,Other cardiovascular and circulatory diseases,3,Rate,2014,1132.75976558769,1420.44311236567,873.50356987671
1,All Population,5,Prevalence,413,Tokelau,3,Both,22,All ages,507,Other cardiovascular and circulatory diseases,3,Rate,2015,464.90112070628,602.65670078396,364.96144300228997
1,All Population,5,Prevalence,71,Australia,3,Both,22,All ages,507,Other cardiovascular and circulatory diseases,3,Rate,2015,3188.9245129871,3997.43815844223,2467.8757362076803
1,All Population,5,Prevalence,118,Suriname,3,Both,22,All ages,507,Other cardiovascular and circulatory diseases,3,Rate,2016,816.1999980247,998.20835502515,635.1732275605
1,All Population,5,Prevalence,11,Indonesia,3,Both,22,All ages,507,Other cardiovascular and circulatory diseases,3,Rate,2016,242.36809915124002,298.11672991458,199.085867273
1,All Population,5,Prevalence,38,Mongolia,3,Both,22,All ages,507,Other cardiovascular and circulatory diseases,3,Rate,2016,268.38356891554,347.49182932165,207.06276167002
1,All Population,5,Prevalence,298,American Samoa,3,Both,22,All ages,507,Other cardiovascular and circulatory diseases,3,Rate,2015,519.76713619625,652.58442686536,411.87025112736995
1,All Population,5,Prevalence,40,Turkmenistan,3,Both,22,All ages,507,Other cardiovascular and circulatory diseases,3,Rate,2016,237.60764167756997,303.12889521135,178.10229582158001
1,All Population,5,Prevalence,61,Republic of Moldova,3,Both,22,All ages,507,Other cardiovascular and circulatory diseases,3,Rate,2016,477.43034600873006,638.1725240124,357.59157440208
1,All Population,5,Prevalence,93,Sweden,3,Both,22,All ages,507,Other cardiovascular and circulatory diseases,3,Rate,2016,3643.3249472679404,4684.38941732001,2808.20571693512
1,All Population,5,Prevalence,37,Kyrgyzstan,3,Both,22,All ages,507,Other cardiovascular and circulatory diseases,3,Rate,2016,278.18770839074,350.75458870181,220.55996596638002
1,All Population,5,Prevalence,108,Belize,3,Both,22,All ages,507,Other cardiovascular and circulatory diseases,3,Rate,2016,1220.01914866284,1482.2913413511,973.4103207720401
1,All Population,5,Prevalence,16,Philippines,3,Both,22,All ages,507,Other cardiovascular and circulatory diseases,3,Rate,2016,169.99500644572,205.51774539943997,140.33265615755
1,All Population,5,Prevalence,80,France,3,Both,22,All ages,507,Other cardiovascular and circulatory diseases,3,Rate,2015,10558.27776655783,12255.27113345012,8915.70955405678
1,All Population,5,Prevalence,39,Tajikistan,3,Both,22,All ages,507,Other cardiovascular and circulatory diseases,3,Rate,2016,112.85492279457,137.92591443773,93.18564198733
1,All Population,5,Prevalence,101,Canada,3,Both,22,All ages,507,Other cardiovascular and circulatory diseases,3,Rate,2016,3914.99603453809,4808.86365289297,3048.29513755995
1,All Population,5,Prevalence,54,Slovakia,3,Both,22,All ages,507,Other cardiovascular and circulatory diseases,3,Rate,2016,2455.63671229393,3040.38970114621,1904.25790900989
1,All Population,5,Prevalence,84,Ireland,3,Both,22,All ages,507,Other cardiovascular and circulatory diseases,3,Rate,2016,1556.21363300289,1983.6885477697901,1209.03236032619
1,All Population,5,Prevalence,39,Tajikistan,3,Both,22,All ages,507,Other cardiovascular and circulatory diseases,3,Rate,2015,111.46460108131,136.3209997536,92.68495634313
1,All Population,5,Prevalence,71,Australia,3,Both,22,All ages,507,Other cardiovascular and circulatory diseases,3,Rate,2016,3280.0842750219203,4107.8085661819805,2567.4107222194198
1,All Population,5,Prevalence,45,Bulgaria,3,Both,22,All ages,507,Other cardiovascular and circulatory diseases,3,Rate,2015,1911.35430562526,2497.47949402554,1419.7714894865999
1,All Population,5,Prevalence,102,United States of America,3,Both,22,All ages,507,Other cardiovascular and circulatory diseases,3,Rate,2016,2294.7386280443097,2829.9148691481,1888.36965338809
1,All Population,5,Prevalence,40,Turkmenistan,3,Both,22,All ages,507,Other cardiovascular and circulatory diseases,3,Rate,2015,229.24538783206,291.33173566285996,172.62591032371
1,All Population,5,Prevalence,86,Italy,3,Both,22,All ages,507,Other cardiovascular and circulatory diseases,3,Rate,2016,2461.55634403843,3039.65811829226,1959.59446635826
1,All Population,5,Prevalence,184,Mozambique,3,Both,22,All ages,507,Other cardiovascular and circulatory diseases,3,Rate,2015,899.0905734284199,1162.23871423553,704.54065187159
1,All Population,5,Prevalence,88,Malta,3,Both,22,All ages,507,Other cardiovascular and circulatory diseases,3,Rate,2016,1389.58205344773,1778.33473122866,1095.53820878638
1,All Population,5,Prevalence,95,United Kingdom,3,Both,22,All ages,507,Other cardiovascular and circulatory diseases,3,Rate,2016,2515.0326138816104,3106.75769750665,2013.30817702878
1,All Population,5,Prevalence,48,Hungary,3,Both,22,All ages,507,Other cardiovascular and circulatory diseases,3,Rate,2016,1250.55989569537,1690.2751129309597,909.2707391506499
1,All Population,5,Prevalence,46,Croatia,3,Both,22,All ages,507,Other cardiovascular and circulatory diseases,3,Rate,2016,402.19736883905,517.30850120588,301.65942567318
1,All Population,5,Prevalence,90,Norway,3,Both,22,All ages,507,Other cardiovascular and circulatory diseases,3,Rate,2016,1284.3266485444,1651.88506269417,998.70656015607
1,All Population,5,Prevalence,78,Denmark,3,Both,22,All ages,507,Other cardiovascular and circulatory diseases,3,Rate,2016,1680.30218920131,2182.2668774302197,1277.27283285045
1,All Population,5,Prevalence,349,Greenland,3,Both,22,All ages,507,Other cardiovascular and circulatory diseases,3,Rate,2014,721.92793761053,940.69694357278,547.02930873912
1,All Population,5,Prevalence,50,Montenegro,3,Both,22,All ages,507,Other cardiovascular and circulatory diseases,3,Rate,2015,1158.06530869077,1516.00176109635,849.0304641345399
1,All Population,5,Prevalence,194,Lesotho,3,Both,22,All ages,507,Other cardiovascular and circulatory diseases,3,Rate,2016,807.3721557020699,1141.14942954194,574.08411557969
1,All Population,5,Prevalence,24,Marshall Islands,3,Both,22,All ages,507,Other cardiovascular and circulatory diseases,3,Rate,2016,169.28802790464002,210.41750049944,136.77776357895
1,All Population,5,Prevalence,131,Nicaragua,3,Both,22,All ages,507,Other cardiovascular and circulatory diseases,3,Rate,2016,631.59043711099,775.3535434663501,503.88242522217
1,All Population,5,Prevalence,60,Lithuania,3,Both,22,All ages,507,Other cardiovascular and circulatory diseases,3,Rate,2016,1375.3165940751899,1847.4705060532701,1011.89128550834
1,All Population,5,Prevalence,133,Venezuela (Bolivarian Republic of),3,Both,22,All ages,507,Other cardiovascular and circulatory diseases,3,Rate,2016,551.37129927268,679.19119421394,440.05025439459
1,All Population,5,Prevalence,135,Brazil,3,Both,22,All ages,507,Other cardiovascular and circulatory diseases,3,Rate,2016,1460.8854582011502,1814.7788862701,1147.6952725155002
1,All Population,5,Prevalence,111,Dominican Republic,3,Both,22,All ages,507,Other cardiovascular and circulatory diseases,3,Rate,2014,780.49119222964,960.48269101768,631.97225416982
1,All Population,5,Prevalence,173,Gabon,3,Both,22,All ages,507,Other cardiovascular and circulatory diseases,3,Rate,2014,926.81832029765,1274.0802524338599,663.97269945173
1,All Population,5,Prevalence,165,Pakistan,3,Both,22,All ages,507,Other cardiovascular and circulatory diseases,3,Rate,2016,311.11240949703,384.99705192659,250.82839965262002
1,All Population,5,Prevalence,13,Malaysia,3,Both,22,All ages,507,Other cardiovascular and circulatory diseases,3,Rate,2016,737.4679807132401,905.71319207882,595.25879286089
1,All Population,5,Prevalence,123,Peru,3,Both,22,All ages,507,Other cardiovascular and circulatory diseases,3,Rate,2016,1320.91530340765,1610.47362736585,1056.26300163016
1,All Population,5,Prevalence,95,United Kingdom,3,Both,22,All ages,507,Other cardiovascular and circulatory diseases,3,Rate,2015,2526.61448328915,3110.38619277702,2031.01042491209
1,All Population,5,Prevalence,17,Sri Lanka,3,Both,22,All ages,507,Other cardiovascular and circulatory diseases,3,Rate,2014,472.04671922072,595.76800798201,371.59981659791003
1,All Population,5,Prevalence,27,Samoa,3,Both,22,All ages,507,Other cardiovascular and circulatory diseases,3,Rate,2014,303.00644788501995,379.21999560325,247.57856289173998
1,All Population,5,Prevalence,195,Namibia,3,Both,22,All ages,507,Other cardiovascular and circulatory diseases,3,Rate,2016,979.8009632919101,1344.15474648697,706.218583748
1,All Population,5,Prevalence,10,Cambodia,3,Both,22,All ages,507,Other cardiovascular and circulatory diseases,3,Rate,2015,174.2488094915,215.49689713158998,137.51622899206998
1,All Population,5,Prevalence,201,Burkina Faso,3,Both,22,All ages,507,Other cardiovascular and circulatory diseases,3,Rate,2016,1444.6315542131,1897.21970148704,1044.69822395527
1,All Population,5,Prevalence,140,Bahrain,3,Both,22,All ages,507,Other cardiovascular and circulatory diseases,3,Rate,2016,907.59572877879,1176.28170480924,713.5743061268199
1,All Population,5,Prevalence,178,Eritrea,3,Both,22,All ages,507,Other cardiovascular and circulatory diseases,3,Rate,2016,599.16939038723,800.13310554111,446.77364278209
1,All Population,5,Prevalence,116,Saint Lucia,3,Both,22,All ages,507,Other cardiovascular and circulatory diseases,3,Rate,2016,2316.5986370514197,2885.31558582329,1820.49951267778
1,All Population,5,Prevalence,213,Niger,3,Both,22,All ages,507,Other cardiovascular and circulatory diseases,3,Rate,2016,884.6291359296699,1167.8978189644,646.68619653359
1,All Population,5,Prevalence,81,Germany,3,Both,22,All ages,507,Other cardiovascular and circulatory diseases,3,Rate,2016,3968.3345176305797,4851.020685026449,3167.65934567358
1,All Population,5,Prevalence,34,Azerbaijan,3,Both,22,All ages,507,Other cardiovascular and circulatory diseases,3,Rate,2016,336.40120767510996,442.16741093581004,255.72587343541
1,All Population,5,Prevalence,15,Myanmar,3,Both,22,All ages,507,Other cardiovascular and circulatory diseases,3,Rate,2016,229.3185253185,282.00033843593,184.2400822709
1,All Population,5,Prevalence,47,Czechia,3,Both,22,All ages,507,Other cardiovascular and circulatory diseases,3,Rate,2016,4695.40377907906,5792.52744625601,3749.62674231799
1,All Population,5,Prevalence,126,Costa Rica,3,Both,22,All ages,507,Other cardiovascular and circulatory diseases,3,Rate,2016,1578.97407243885,1925.5384523761802,1229.78602104031
1,All Population,5,Prevalence,91,Portugal,3,Both,22,All ages,507,Other cardiovascular and circulatory diseases,3,Rate,2016,2073.3293826122103,2682.89288754711,1575.2589049645799
1,All Population,5,Prevalence,68,Republic of Korea,3,Both,22,All ages,507,Other cardiovascular and circulatory diseases,3,Rate,2016,1207.60148448196,1521.61635901365,923.98328304319
1,All Population,5,Prevalence,132,Panama,3,Both,22,All ages,507,Other cardiovascular and circulatory diseases,3,Rate,2016,1127.43462383581,1384.18556865041,872.71451665535
1,All Population,5,Prevalence,62,Russian Federation,3,Both,22,All ages,507,Other cardiovascular and circulatory diseases,3,Rate,2016,1163.94541470323,1540.43804092354,882.58119292863
1,All Population,5,Prevalence,87,Luxembourg,3,Both,22,All ages,507,Other cardiovascular and circulatory diseases,3,Rate,2014,3756.4563443042703,4500.8694243945,3034.43757980543
1,All Population,5,Prevalence,133,Venezuela (Bolivarian Republic of),3,Both,22,All ages,507,Other cardiovascular and circulatory diseases,3,Rate,2015,543.6283715293,671.45961717082,432.02000012824
1,All Population,5,Prevalence,117,Saint Vincent and the Grenadines,3,Both,22,All ages,507,Other cardiovascular and circulatory diseases,3,Rate,2016,2560.17295433392,3097.68040473844,2020.62693793769
1,All Population,5,Prevalence,202,Cameroon,3,Both,22,All ages,507,Other cardiovascular and circulatory diseases,3,Rate,2015,1226.93952150285,1594.28740385292,943.07109555454
1,All Population,5,Prevalence,107,Barbados,3,Both,22,All ages,507,Other cardiovascular and circulatory diseases,3,Rate,2016,3024.23691452355,3701.4453570378496,2371.84132304287
1,All Population,5,Prevalence,35,Georgia,3,Both,22,All ages,507,Other cardiovascular and circulatory diseases,3,Rate,2016,824.0384623929999,1107.05014075639,577.64959715546
1,All Population,5,Prevalence,190,Uganda,3,Both,22,All ages,507,Other cardiovascular and circulatory diseases,3,Rate,2016,465.04797175971,605.6024592372801,355.20579452575
1,All Population,5,Prevalence,522,Sudan,3,Both,22,All ages,507,Other cardiovascular and circulatory diseases,3,Rate,2016,940.76061154279,1130.22048491034,760.2334081636101
1,All Population,5,Prevalence,118,Suriname,3,Both,22,All ages,507,Other cardiovascular and circulatory diseases,3,Rate,2015,804.16927994901,984.8032366029499,622.62934910507
1,All Population,5,Prevalence,177,Djibouti,3,Both,22,All ages,507,Other cardiovascular and circulatory diseases,3,Rate,2016,646.46851291488,867.42015978458,472.17517058051993
1,All Population,5,Prevalence,369,Nauru,3,Both,22,All ages,507,Other cardiovascular and circulatory diseases,3,Rate,2016,136.53879428815,165.23109255589,113.83484312204001
1,All Population,5,Prevalence,74,Andorra,3,Both,22,All ages,507,Other cardiovascular and circulatory diseases,3,Rate,2016,877.40952372212,1105.76713119961,668.46373172284
1,All Population,5,Prevalence,85,Israel,3,Both,22,All ages,507,Other cardiovascular and circulatory diseases,3,Rate,2016,1286.25438103303,1618.14983089066,993.82162346573
1,All Population,5,Prevalence,57,Belarus,3,Both,22,All ages,507,Other cardiovascular and circulatory diseases,3,Rate,2016,696.8083060034401,898.18727723913,525.61769552804
1,All Population,5,Prevalence,154,Tunisia,3,Both,22,All ages,507,Other cardiovascular and circulatory diseases,3,Rate,2016,1993.99242029703,2477.0564649297103,1590.91306580596
1,All Population,5,Prevalence,92,Spain,3,Both,22,All ages,507,Other cardiovascular and circulatory diseases,3,Rate,2016,2763.25916750345,3448.4456858382,2212.15236051561
1,All Population,5,Prevalence,320,Cook Islands,3,Both,22,All ages,507,Other cardiovascular and circulatory diseases,3,Rate,2016,99.20832009068,127.56764787235,79.53910725547
1,All Population,5,Prevalence,305,Bermuda,3,Both,22,All ages,507,Other cardiovascular and circulatory diseases,3,Rate,2016,6158.17056522472,7539.332748818239,4822.2339292326205
1,All Population,5,Prevalence,82,Greece,3,Both,22,All ages,507,Other cardiovascular and circulatory diseases,3,Rate,2015,457.79730526536,584.85703697292,352.7659242513
1,All Population,5,Prevalence,63,Ukraine,3,Both,22,All ages,507,Other cardiovascular and circulatory diseases,3,Rate,2016,601.28401061229,789.38519962768,443.99481628201005
1,All Population,5,Prevalence,142,Iran (Islamic Republic of),3,Both,22,All ages,507,Other cardiovascular and circulatory diseases,3,Rate,2016,2050.11176766385,2510.8071016663,1682.1084291868199
1,All Population,5,Prevalence,110,Dominica,3,Both,22,All ages,507,Other cardiovascular and circulatory diseases,3,Rate,2016,1417.92969843998,1762.25111786706,1102.36543281504
1,All Population,5,Prevalence,75,Austria,3,Both,22,All ages,507,Other cardiovascular and circulatory diseases,3,Rate,2015,1609.8838047368401,1959.48324453236,1324.17676246087
1,All Population,5,Prevalence,122,Ecuador,3,Both,22,All ages,507,Other cardiovascular and circulatory diseases,3,Rate,2016,815.20468485949,989.2976434479899,655.82810950976
1,All Population,5,Prevalence,149,Palestine,3,Both,22,All ages,507,Other cardiovascular and circulatory diseases,3,Rate,2016,435.69693235198,529.73521369226,356.34655953604
1,All Population,5,Prevalence,76,Belgium,3,Both,22,All ages,507,Other cardiovascular and circulatory diseases,3,Rate,2015,2912.3388978357802,3497.6536469400903,2465.03606463717
1,All Population,5,Prevalence,119,Trinidad and Tobago,3,Both,22,All ages,507,Other cardiovascular and circulatory diseases,3,Rate,2015,1344.52949082637,1692.220903397,1068.3092862758901
1,All Population,5,Prevalence,164,Nepal,3,Both,22,All ages,507,Other cardiovascular and circulatory diseases,3,Rate,2016,338.64400542855,416.80551330965005,268.37521514635
1,All Population,5,Prevalence,161,Bangladesh,3,Both,22,All ages,507,Other cardiovascular and circulatory diseases,3,Rate,2016,539.54548589458,670.83890396498,419.38376081164995
1,All Population,5,Prevalence,41,Uzbekistan,3,Both,22,All ages,507,Other cardiovascular and circulatory diseases,3,Rate,2016,331.02486139192,427.42046317893,257.46590623396
1,All Population,5,Prevalence,58,Estonia,3,Both,22,All ages,507,Other cardiovascular and circulatory diseases,3,Rate,2016,960.4110869567501,1290.484871561,691.17715421151
1,All Population,5,Prevalence,75,Austria,3,Both,22,All ages,507,Other cardiovascular and circulatory diseases,3,Rate,2016,1621.29908723402,1986.40431396377,1319.26575800096
1,All Population,5,Prevalence,50,Montenegro,3,Both,22,All ages,507,Other cardiovascular and circulatory diseases,3,Rate,2016,1182.87804774349,1546.00352546206,871.7275101856201
1,All Population,5,Prevalence,170,Congo,3,Both,22,All ages,507,Other cardiovascular and circulatory diseases,3,Rate,2016,666.53618575045,908.2981806571701,482.28206865159
1,All Population,5,Prevalence,155,Türkiye,3,Both,22,All ages,507,Other cardiovascular and circulatory diseases,3,Rate,2016,1528.07662695305,1850.7043778070502,1261.3884802616399
1,All Population,5,Prevalence,97,Argentina,3,Both,22,All ages,507,Other cardiovascular and circulatory diseases,3,Rate,2016,2338.98648599438,3027.73380109168,1790.3674175353601
1,All Population,5,Prevalence,52,Romania,3,Both,22,All ages,507,Other cardiovascular and circulatory diseases,3,Rate,2015,948.43648839401,1222.44821600139,690.8400622000801
1,All Population,5,Prevalence,185,Rwanda,3,Both,22,All ages,507,Other cardiovascular and circulatory diseases,3,Rate,2016,564.8719838158701,763.84761919301,422.48565597409004
1,All Population,5,Prevalence,162,Bhutan,3,Both,22,All ages,507,Other cardiovascular and circulatory diseases,3,Rate,2015,583.72347516193,716.72633913167,465.02994111286
1,All Population,5,Prevalence,115,Jamaica,3,Both,22,All ages,507,Other cardiovascular and circulatory diseases,3,Rate,2015,1243.2008267505,1546.91386071805,994.7286368910501
1,All Population,5,Prevalence,168,Angola,3,Both,22,All ages,507,Other cardiovascular and circulatory diseases,3,Rate,2015,613.84942831224,817.7444072511499,454.6053484872
1,All Population,5,Prevalence,87,Luxembourg,3,Both,22,All ages,507,Other cardiovascular and circulatory diseases,3,Rate,2015,3742.56537514151,4536.80343897548,2990.25541275365
1,All Population,5,Prevalence,179,Ethiopia,3,Both,22,All ages,507,Other cardiovascular and circulatory diseases,3,Rate,2015,541.09705916341,713.42594246433,410.55055461438
1,All Population,5,Prevalence,413,Tokelau,3,Both,22,All ages,507,Other cardiovascular and circulatory diseases,3,Rate,2016,464.6722003404,604.74373199386,364.73141052131
1,All Population,5,Prevalence,169,Central African Republic,3,Both,22,All ages,507,Other cardiovascular and circulatory diseases,3,Rate,2016,493.02627467755,659.5204182838,358.68830561136997
1,All Population,5,Prevalence,128,Guatemala,3,Both,22,All ages,507,Other cardiovascular and circulatory diseases,3,Rate,2016,809.47147101996,983.00256420606,648.88743060413
1,All Population,5,Prevalence,139,Algeria,3,Both,22,All ages,507,Other cardiovascular and circulatory diseases,3,Rate,2016,1610.38753770288,1987.78537395167,1275.7788141383198
1,All Population,5,Prevalence,53,Serbia,3,Both,22,All ages,507,Other cardiovascular and circulatory diseases,3,Rate,2015,754.74438738096,1010.31088554973,517.6064503231299
1,All Population,5,Prevalence,113,Guyana,3,Both,22,All ages,507,Other cardiovascular and circulatory diseases,3,Rate,2014,672.63726897972,830.5461303926801,538.21771351075
1,All Population,5,Prevalence,19,Timor-Leste,3,Both,22,All ages,507,Other cardiovascular and circulatory diseases,3,Rate,2015,169.10760854929998,212.62197825332998,138.00372054715
1,All Population,5,Prevalence,150,Oman,3,Both,22,All ages,507,Other cardiovascular and circulatory diseases,3,Rate,2015,2175.3968554915,2676.68474637312,1792.84845796898
1,All Population,5,Prevalence,19,Timor-Leste,3,Both,22,All ages,507,Other cardiovascular and circulatory diseases,3,Rate,2014,166.64638103042,206.42902908571,137.1971190233
1,All Population,5,Prevalence,55,Slovenia,3,Both,22,All ages,507,Other cardiovascular and circulatory diseases,3,Rate,2017,1379.25616712864,1770.14811530126,1026.46721918114
1,All Population,5,Prevalence,195,Namibia,3,Both,22,All ages,507,Other cardiovascular and circulatory diseases,3,Rate,2015,969.65135304253,1329.5245025772101,697.01240967875
1,All Population,5,Prevalence,72,New Zealand,3,Both,22,All ages,507,Other cardiovascular and circulatory diseases,3,Rate,2017,1429.1297774991199,1820.0053961277101,1105.68746219525
1,All Population,5,Prevalence,181,Madagascar,3,Both,22,All ages,507,Other cardiovascular and circulatory diseases,3,Rate,2016,863.17030092545,1135.56789134913,646.25293078907
1,All Population,5,Prevalence,44,Bosnia and Herzegovina,3,Both,22,All ages,507,Other cardiovascular and circulatory diseases,3,Rate,2015,1784.7845286915701,2368.29553289194,1305.15472940805
1,All Population,5,Prevalence,117,Saint Vincent and the Grenadines,3,Both,22,All ages,507,Other cardiovascular and circulatory diseases,3,Rate,2017,2625.19205776341,3170.4434581940095,2070.1120687514103
1,All Population,5,Prevalence,106,Bahamas,3,Both,22,All ages,507,Other cardiovascular and circulatory diseases,3,Rate,2016,1371.41843051906,1683.2693843299999,1083.3013537167299
1,All Population,5,Prevalence,68,Republic of Korea,3,Both,22,All ages,507,Other cardiovascular and circulatory diseases,3,Rate,2015,1174.00337597123,1473.76320098712,895.85472013223
1,All Population,5,Prevalence,176,Comoros,3,Both,22,All ages,507,Other cardiovascular and circulatory diseases,3,Rate,2015,862.8363265733101,1157.82397283832,627.32542937625
1,All Population,5,Prevalence,63,Ukraine,3,Both,22,All ages,507,Other cardiovascular and circulatory diseases,3,Rate,2015,585.48974230963,769.66023084993,441.71520431726
1,All Population,5,Prevalence,97,Argentina,3,Both,22,All ages,507,Other cardiovascular and circulatory diseases,3,Rate,2015,2257.3861835264897,2936.41311240653,1713.04151840591
1,All Population,5,Prevalence,123,Peru,3,Both,22,All ages,507,Other cardiovascular and circulatory diseases,3,Rate,2015,1296.41939493895,1577.6763822435098,1044.81220944853
1,All Population,5,Prevalence,187,Somalia,3,Both,22,All ages,507,Other cardiovascular and circulatory diseases,3,Rate,2015,438.19306788464996,596.0667247558299,328.62357442185
1,All Population,5,Prevalence,163,India,3,Both,22,All ages,507,Other cardiovascular and circulatory diseases,3,Rate,2015,473.79971432570994,595.69964659766,373.53429087004
1,All Population,5,Prevalence,13,Malaysia,3,Both,22,All ages,507,Other cardiovascular and circulatory diseases,3,Rate,2015,723.81247726275,890.6118449316,583.78426247617
1,All Population,5,Prevalence,209,Guinea-Bissau,3,Both,22,All ages,507,Other cardiovascular and circulatory diseases,3,Rate,2016,952.86935292041,1239.6049364450898,713.40941257998
1,All Population,5,Prevalence,146,Lebanon,3,Both,22,All ages,507,Other cardiovascular and circulatory diseases,3,Rate,2016,2142.9343205004398,2612.0193811041004,1732.12185971433
1,All Population,5,Prevalence,101,Canada,3,Both,22,All ages,507,Other cardiovascular and circulatory diseases,3,Rate,2017,3996.41156604894,4917.88121041204,3117.17058245247
1,All Population,5,Prevalence,26,Papua New Guinea,3,Both,22,All ages,507,Other cardiovascular and circulatory diseases,3,Rate,2016,172.84853936136,216.7613256919,140.28892171949
1,All Population,5,Prevalence,367,Monaco,3,Both,22,All ages,507,Other cardiovascular and circulatory diseases,3,Rate,2016,1289.89797309916,1713.60527969815,965.35127397951
1,All Population,5,Prevalence,41,Uzbekistan,3,Both,22,All ages,507,Other cardiovascular and circulatory diseases,3,Rate,2017,365.96724718605,471.92316489099,282.95389252952003
1,All Population,5,Prevalence,84,Ireland,3,Both,22,All ages,507,Other cardiovascular and circulatory diseases,3,Rate,2017,1572.50757910209,2004.86563347964,1225.98456298013
1,All Population,5,Prevalence,135,Brazil,3,Both,22,All ages,507,Other cardiovascular and circulatory diseases,3,Rate,2017,1499.03944490468,1861.1208267070099,1168.81927432653
1,All Population,5,Prevalence,211,Mali,3,Both,22,All ages,507,Other cardiovascular and circulatory diseases,3,Rate,2015,968.2267859749201,1278.86842201133,716.15921716537
1,All Population,5,Prevalence,146,Lebanon,3,Both,22,All ages,507,Other cardiovascular and circulatory diseases,3,Rate,2017,2189.8628693975597,2665.71471534497,1779.74956937363
1,All Population,5,Prevalence,26,Papua New Guinea,3,Both,22,All ages,507,Other cardiovascular and circulatory diseases,3,Rate,2015,170.39072526204,214.75218689633002,138.99125969818002
1,All Population,5,Prevalence,198,Zimbabwe,3,Both,22,All ages,507,Other cardiovascular and circulatory diseases,3,Rate,2015,1268.66829129195,1726.76132885621,944.9387650206199
1,All Population,5,Prevalence,149,Palestine,3,Both,22,All ages,507,Other cardiovascular and circulatory diseases,3,Rate,2015,431.52770748310996,526.57482006016,352.57704615672
1,All Population,5,Prevalence,130,Mexico,3,Both,22,All ages,507,Other cardiovascular and circulatory diseases,3,Rate,2017,1119.02351264797,1370.2984861065,886.0938378409099
1,All Population,5,Prevalence,175,Burundi,3,Both,22,All ages,507,Other cardiovascular and circulatory diseases,3,Rate,2016,528.1331476625,692.94356402736,395.22161666684997
1,All Population,5,Prevalence,79,Finland,3,Both,22,All ages,507,Other cardiovascular and circulatory diseases,3,Rate,2015,1703.81022930562,2134.06278847689,1350.29621523839
1,All Population,5,Prevalence,113,Guyana,3,Both,22,All ages,507,Other cardiovascular and circulatory diseases,3,Rate,2015,687.36957453626,850.6949361836499,545.65763692735
1,All Population,5,Prevalence,83,Iceland,3,Both,22,All ages,507,Other cardiovascular and circulatory diseases,3,Rate,2016,506.62435299477,635.57411095949,393.00510032404
1,All Population,5,Prevalence,128,Guatemala,3,Both,22,All ages,507,Other cardiovascular and circulatory diseases,3,Rate,2015,794.84692251725,966.81418937261,636.24047678079
1,All Population,5,Prevalence,186,Seychelles,3,Both,22,All ages,507,Other cardiovascular and circulatory diseases,3,Rate,2016,416.78936420977004,514.36013929668,336.48735002487996
1,All Population,5,Prevalence,94,Switzerland,3,Both,22,All ages,507,Other cardiovascular and circulatory diseases,3,Rate,2015,1391.45828670876,1759.5547332960998,1103.8392401425901
1,All Population,5,Prevalence,102,United States of America,3,Both,22,All ages,507,Other cardiovascular and circulatory diseases,3,Rate,2017,2349.38735407394,2910.7721906932,1927.6063167360799
1,All Population,5,Prevalence,298,American Samoa,3,Both,22,All ages,507,Other cardiovascular and circulatory diseases,3,Rate,2016,535.0417122282701,670.54855180823,424.29542424628
1,All Population,5,Prevalence,7,Democratic People's Republic of Korea,3,Both,22,All ages,507,Other cardiovascular and circulatory diseases,3,Rate,2017,223.17676849920002,282.13927832028,175.04150711296
1,All Population,5,Prevalence,46,Croatia,3,Both,22,All ages,507,Other cardiovascular and circulatory diseases,3,Rate,2017,437.36612842919,558.0323997238199,324.969050905
1,All Population,5,Prevalence,33,Armenia,3,Both,22,All ages,507,Other cardiovascular and circulatory diseases,3,Rate,2017,1137.6617640874101,1424.01733775522,870.37097339039
1,All Population,5,Prevalence,127,El Salvador,3,Both,22,All ages,507,Other cardiovascular and circulatory diseases,3,Rate,2015,784.8275160945301,959.8720582646899,620.8796050327301
1,All Population,5,Prevalence,214,Nigeria,3,Both,22,All ages,507,Other cardiovascular and circulatory diseases,3,Rate,2015,747.6619610134201,959.4377923373099,569.74448064665
1,All Population,5,Prevalence,29,Tonga,3,Both,22,All ages,507,Other cardiovascular and circulatory diseases,3,Rate,2014,443.03292734308,561.47705802121,352.30032092785
1,All Population,5,Prevalence,132,Panama,3,Both,22,All ages,507,Other cardiovascular and circulatory diseases,3,Rate,2015,1101.66288347962,1366.72999671334,852.11486499287
1,All Population,5,Prevalence,147,Libya,3,Both,22,All ages,507,Other cardiovascular and circulatory diseases,3,Rate,2017,1560.48715482376,1896.46462001761,1274.86396245882
1,All Population,5,Prevalence,49,North Macedonia,3,Both,22,All ages,507,Other cardiovascular and circulatory diseases,3,Rate,2015,714.91457141925,956.9043773062599,525.55524877105
1,All Population,5,Prevalence,141,Egypt,3,Both,22,All ages,507,Other cardiovascular and circulatory diseases,3,Rate,2015,1018.1222352626299,1234.9600553616501,826.0669458696499
1,All Population,5,Prevalence,69,Singapore,3,Both,22,All ages,507,Other cardiovascular and circulatory diseases,3,Rate,2016,462.75265487837,570.8233488913701,355.9342980266
1,All Population,5,Prevalence,6,China,3,Both,22,All ages,507,Other cardiovascular and circulatory diseases,3,Rate,2016,358.18217198565003,463.92139786223,283.20270133236
1,All Population,5,Prevalence,107,Barbados,3,Both,22,All ages,507,Other cardiovascular and circulatory diseases,3,Rate,2015,2973.71105335041,3624.57414547074,2344.16560583015
1,All Population,5,Prevalence,374,Niue,3,Both,22,All ages,507,Other cardiovascular and circulatory diseases,3,Rate,2015,462.03068840448003,607.5276940602799,359.3455954899
1,All Population,5,Prevalence,217,Sierra Leone,3,Both,22,All ages,507,Other cardiovascular and circulatory diseases,3,Rate,2016,1292.83297431233,1695.24550986654,974.41607822326
1,All Population,5,Prevalence,109,Cuba,3,Both,22,All ages,507,Other cardiovascular and circulatory diseases,3,Rate,2016,1669.4272271446298,2058.65042738472,1284.7650526227499
1,All Population,5,Prevalence,36,Kazakhstan,3,Both,22,All ages,507,Other cardiovascular and circulatory diseases,3,Rate,2015,361.36627478466,467.36925042917,265.19490054301997
1,All Population,5,Prevalence,203,Cabo Verde,3,Both,22,All ages,507,Other cardiovascular and circulatory diseases,3,Rate,2016,2945.3025873655897,3717.8136939431997,2220.97722031965
1,All Population,5,Prevalence,15,Myanmar,3,Both,22,All ages,507,Other cardiovascular and circulatory diseases,3,Rate,2015,224.69977369366,276.86562438578,178.72593931673
1,All Population,5,Prevalence,202,Cameroon,3,Both,22,All ages,507,Other cardiovascular and circulatory diseases,3,Rate,2016,1230.61826906415,1597.62412977341,947.4961519667099
1,All Population,5,Prevalence,88,Malta,3,Both,22,All ages,507,Other cardiovascular and circulatory diseases,3,Rate,2017,1382.80584741695,1771.77846081112,1082.60438715172
1,All Population,5,Prevalence,116,Saint Lucia,3,Both,22,All ages,507,Other cardiovascular and circulatory diseases,3,Rate,2017,2373.71583561562,2947.1336554630498,1862.16648823024
1,All Population,5,Prevalence,180,Kenya,3,Both,22,All ages,507,Other cardiovascular and circulatory diseases,3,Rate,2015,440.95295817669995,579.79475821249,332.12516289000996
1,All Population,5,Prevalence,105,Antigua and Barbuda,3,Both,22,All ages,507,Other cardiovascular and circulatory diseases,3,Rate,2015,2436.32455671659,2968.7299383653,1920.2409953751699
1,All Population,5,Prevalence,182,Malawi,3,Both,22,All ages,507,Other cardiovascular and circulatory diseases,3,Rate,2017,497.04697297584005,665.35347034854,372.72248093124
1,All Population,5,Prevalence,153,Syrian Arab Republic,3,Both,22,All ages,507,Other cardiovascular and circulatory diseases,3,Rate,2017,1260.15204801719,1563.04659334424,1009.4732731033
1,All Population,5,Prevalence,210,Liberia,3,Both,22,All ages,507,Other cardiovascular and circulatory diseases,3,Rate,2015,1069.59002635196,1408.47457220461,767.77314392146
1,All Population,5,Prevalence,376,Northern Mariana Islands,3,Both,22,All ages,507,Other cardiovascular and circulatory diseases,3,Rate,2015,770.28158423627,990.8267012180601,604.3144162719201
1,All Population,5,Prevalence,54,Slovakia,3,Both,22,All ages,507,Other cardiovascular and circulatory diseases,3,Rate,2017,2422.17043098073,3033.88506410224,1871.8317918225098
1,All Population,5,Prevalence,86,Italy,3,Both,22,All ages,507,Other cardiovascular and circulatory diseases,3,Rate,2015,2419.0291956761,2993.68740895668,1914.78530719686
1,All Population,5,Prevalence,58,Estonia,3,Both,22,All ages,507,Other cardiovascular and circulatory diseases,3,Rate,2017,991.8200051924101,1336.81496411205,719.23791828628
1,All Population,5,Prevalence,154,Tunisia,3,Both,22,All ages,507,Other cardiovascular and circulatory diseases,3,Rate,2015,1960.91147910371,2443.1926348649004,1571.7235058959
1,All Population,5,Prevalence,186,Seychelles,3,Both,22,All ages,507,Other cardiovascular and circulatory diseases,3,Rate,2015,412.75632733903996,513.90313108671,332.89548020227
1,All Population,5,Prevalence,422,United States Virgin Islands,3,Both,22,All ages,507,Other cardiovascular and circulatory diseases,3,Rate,2015,1867.62549375672,2351.3971304379597,1408.5815110977499
1,All Population,5,Prevalence,94,Switzerland,3,Both,22,All ages,507,Other cardiovascular and circulatory diseases,3,Rate,2016,1464.26010282502,1853.49500497898,1145.7828529087599
1,All Population,5,Prevalence,60,Lithuania,3,Both,22,All ages,507,Other cardiovascular and circulatory diseases,3,Rate,2017,1490.9685585448199,1998.5648315538,1107.63203081804
1,All Population,5,Prevalence,416,Tuvalu,3,Both,22,All ages,507,Other cardiovascular and circulatory diseases,3,Rate,2016,254.79365431746,326.43486055753,200.79680101123
1,All Population,5,Prevalence,142,Iran (Islamic Republic of),3,Both,22,All ages,507,Other cardiovascular and circulatory diseases,3,Rate,2015,2037.60969718545,2492.10323954532,1682.05787318889
1,All Population,5,Prevalence,216,Senegal,3,Both,22,All ages,507,Other cardiovascular and circulatory diseases,3,Rate,2016,1572.31864169468,2031.3857601003401,1174.96324108119
1,All Population,5,Prevalence,108,Belize,3,Both,22,All ages,507,Other cardiovascular and circulatory diseases,3,Rate,2017,1231.76249356697,1491.7079776879,982.7852438456399
1,All Population,5,Prevalence,67,Japan,3,Both,22,All ages,507,Other cardiovascular and circulatory diseases,3,Rate,2017,1781.0530431661202,2228.46071083571,1395.77014135826
1,All Population,5,Prevalence,61,Republic of Moldova,3,Both,22,All ages,507,Other cardiovascular and circulatory diseases,3,Rate,2017,517.1536458165,684.82506085857,387.49094454928
1,All Population,5,Prevalence,78,Denmark,3,Both,22,All ages,507,Other cardiovascular and circulatory diseases,3,Rate,2017,1668.10672364286,2168.2997711758403,1273.14529557795
1,All Population,5,Prevalence,15,Myanmar,3,Both,22,All ages,507,Other cardiovascular and circulatory diseases,3,Rate,2017,234.08104810287,290.01370794597,189.86297868239
1,All Population,5,Prevalence,367,Monaco,3,Both,22,All ages,507,Other cardiovascular and circulatory diseases,3,Rate,2017,1303.16360834521,1749.89910811531,976.82278628632
1,All Population,5,Prevalence,69,Singapore,3,Both,22,All ages,507,Other cardiovascular and circulatory diseases,3,Rate,2017,492.12040123549,607.0521637542801,376.38204095471
1,All Population,5,Prevalence,123,Peru,3,Both,22,All ages,507,Other cardiovascular and circulatory diseases,3,Rate,2017,1365.69010563338,1665.4940317844,1089.91264821095
1,All Population,5,Prevalence,112,Grenada,3,Both,22,All ages,507,Other cardiovascular and circulatory diseases,3,Rate,2017,1854.22284168299,2303.18294130684,1436.4189384522
1,All Population,5,Prevalence,119,Trinidad and Tobago,3,Both,22,All ages,507,Other cardiovascular and circulatory diseases,3,Rate,2016,1375.69057568256,1729.05160090159,1084.1130610607402
1,All Population,5,Prevalence,106,Bahamas,3,Both,22,All ages,507,Other cardiovascular and circulatory diseases,3,Rate,2017,1401.75687252681,1722.11328385883,1103.60471492199
1,All Population,5,Prevalence,376,Northern Mariana Islands,3,Both,22,All ages,507,Other cardiovascular and circulatory diseases,3,Rate,2016,817.2273382089,1038.05275825918,643.20161543271
1,All Population,5,Prevalence,87,Luxembourg,3,Both,22,All ages,507,Other cardiovascular and circulatory diseases,3,Rate,2016,3753.72216913928,4550.70559360841,3000.23408101269
1,All Population,5,Prevalence,208,Guinea,3,Both,22,All ages,507,Other cardiovascular and circulatory diseases,3,Rate,2016,1247.58156450016,1651.3756684827401,925.13275450344
1,All Population,5,Prevalence,59,Latvia,3,Both,22,All ages,507,Other cardiovascular and circulatory diseases,3,Rate,2016,794.70314094929,1121.33074360824,555.24270845262
1,All Population,5,Prevalence,151,Qatar,3,Both,22,All ages,507,Other cardiovascular and circulatory diseases,3,Rate,2016,957.9573578987,1244.9504403943001,736.1692980881601
1,All Population,5,Prevalence,36,Kazakhstan,3,Both,22,All ages,507,Other cardiovascular and circulatory diseases,3,Rate,2016,372.78802891323,485.97054089426996,274.65482122367996
1,All Population,5,Prevalence,6,China,3,Both,22,All ages,507,Other cardiovascular and circulatory diseases,3,Rate,2017,366.49702744006,476.38174487450004,286.98708870605003
1,All Population,5,Prevalence,320,Cook Islands,3,Both,22,All ages,507,Other cardiovascular and circulatory diseases,3,Rate,2015,97.72495020688001,125.61375945783,78.19048405939
1,All Population,5,Prevalence,168,Angola,3,Both,22,All ages,507,Other cardiovascular and circulatory diseases,3,Rate,2016,619.35335192938,821.84109349906,458.56643256893
1,All Population,5,Prevalence,59,Latvia,3,Both,22,All ages,507,Other cardiovascular and circulatory diseases,3,Rate,2017,873.2565246529,1206.5300880093798,620.39334852433
1,All Population,5,Prevalence,161,Bangladesh,3,Both,22,All ages,507,Other cardiovascular and circulatory diseases,3,Rate,2017,551.7174538644,688.79640257541,430.62847584516
1,All Population,5,Prevalence,165,Pakistan,3,Both,22,All ages,507,Other cardiovascular and circulatory diseases,3,Rate,2014,306.35174468262,378.72250909064,246.3106576895
1,All Population,5,Prevalence,131,Nicaragua,3,Both,22,All ages,507,Other cardiovascular and circulatory diseases,3,Rate,2017,642.05156140341,784.1905209126099,509.59344689945004
1,All Population,5,Prevalence,194,Lesotho,3,Both,22,All ages,507,Other cardiovascular and circulatory diseases,3,Rate,2017,822.28092570039,1160.4705226537899,587.62659861197
1,All Population,5,Prevalence,349,Greenland,3,Both,22,All ages,507,Other cardiovascular and circulatory diseases,3,Rate,2015,738.24011853633,963.2810423933399,559.32919958857
1,All Population,5,Prevalence,218,Togo,3,Both,22,All ages,507,Other cardiovascular and circulatory diseases,3,Rate,2015,1261.38089444624,1664.17638555438,931.79743671371
1,All Population,5,Prevalence,203,Cabo Verde,3,Both,22,All ages,507,Other cardiovascular and circulatory diseases,3,Rate,2015,2920.39765397671,3690.9651380599603,2215.75929291976
1,All Population,5,Prevalence,110,Dominica,3,Both,22,All ages,507,Other cardiovascular and circulatory diseases,3,Rate,2015,1404.76596392494,1734.72965974601,1088.81856981332
1,All Population,5,Prevalence,67,Japan,3,Both,22,All ages,507,Other cardiovascular and circulatory diseases,3,Rate,2016,1694.3265849245802,2116.7861636868497,1339.30621553823
1,All Population,5,Prevalence,140,Bahrain,3,Both,22,All ages,507,Other cardiovascular and circulatory diseases,3,Rate,2017,921.17562360046,1187.34621155391,721.8123493824099
1,All Population,5,Prevalence,112,Grenada,3,Both,22,All ages,507,Other cardiovascular and circulatory diseases,3,Rate,2016,1846.11903769432,2289.0122822323297,1439.54749865233
1,All Population,5,Prevalence,43,Albania,3,Both,22,All ages,507,Other cardiovascular and circulatory diseases,3,Rate,2016,2959.32010735548,3766.29127949409,2286.08220358998
1,All Population,5,Prevalence,157,Yemen,3,Both,22,All ages,507,Other cardiovascular and circulatory diseases,3,Rate,2015,789.47947506648,961.7565052142501,644.44124322632
1,All Population,5,Prevalence,178,Eritrea,3,Both,22,All ages,507,Other cardiovascular and circulatory diseases,3,Rate,2017,607.21703661195,807.08649607803,450.00496644470996
1,All Population,5,Prevalence,105,Antigua and Barbuda,3,Both,22,All ages,507,Other cardiovascular and circulatory diseases,3,Rate,2016,2473.63171280509,3010.9476002890297,1934.2236325370702
1,All Population,5,Prevalence,177,Djibouti,3,Both,22,All ages,507,Other cardiovascular and circulatory diseases,3,Rate,2017,657.02349099511,881.7984010328499,480.11419734528005
1,All Population,5,Prevalence,164,Nepal,3,Both,22,All ages,507,Other cardiovascular and circulatory diseases,3,Rate,2017,346.71944520538,423.94367473128,273.90862130245
1,All Population,5,Prevalence,38,Mongolia,3,Both,22,All ages,507,Other cardiovascular and circulatory diseases,3,Rate,2017,279.3942508815,364.25704573394,213.0140877977
1,All Population,5,Prevalence,212,Mauritania,3,Both,22,All ages,507,Other cardiovascular and circulatory diseases,3,Rate,2017,1449.71887973206,1935.6696022350202,1071.77435145288
1,All Population,5,Prevalence,23,Kiribati,3,Both,22,All ages,507,Other cardiovascular and circulatory diseases,3,Rate,2017,243.65831616292,300.88003865999,197.39542851325
1,All Population,5,Prevalence,193,Botswana,3,Both,22,All ages,507,Other cardiovascular and circulatory diseases,3,Rate,2017,1094.17584194876,1488.26546004239,800.5603252890801
1,All Population,5,Prevalence,25,Micronesia (Federated States of),3,Both,22,All ages,507,Other cardiovascular and circulatory diseases,3,Rate,2016,214.47251023445003,268.26762698481997,174.13254238739
1,All Population,5,Prevalence,76,Belgium,3,Both,22,All ages,507,Other cardiovascular and circulatory diseases,3,Rate,2014,2874.62570075675,3431.4050280742304,2439.7806850275797
1,All Population,5,Prevalence,85,Israel,3,Both,22,All ages,507,Other cardiovascular and circulatory diseases,3,Rate,2017,1361.55519953777,1723.53498554473,1062.0147104135501
1,All Population,5,Prevalence,111,Dominican Republic,3,Both,22,All ages,507,Other cardiovascular and circulatory diseases,3,Rate,2016,781.8790309882501,954.7902385501799,632.53812105825
1,All Population,5,Prevalence,66,Brunei Darussalam,3,Both,22,All ages,507,Other cardiovascular and circulatory diseases,3,Rate,2016,400.79180411816,536.7920223620799,290.33859874356
1,All Population,5,Prevalence,49,North Macedonia,3,Both,22,All ages,507,Other cardiovascular and circulatory diseases,3,Rate,2016,727.83887669018,966.22612335705,538.7883297393801
1,All Population,5,Prevalence,77,Cyprus,3,Both,22,All ages,507,Other cardiovascular and circulatory diseases,3,Rate,2016,823.14248708304,1043.2111396272699,640.91221423125
1,All Population,5,Prevalence,204,Chad,3,Both,22,All ages,507,Other cardiovascular and circulatory diseases,3,Rate,2015,923.43356450642,1224.735217663,696.77935989758
1,All Population,5,Prevalence,17,Sri Lanka,3,Both,22,All ages,507,Other cardiovascular and circulatory diseases,3,Rate,2016,489.21511819431004,609.07892129995,383.50504412888
1,All Population,5,Prevalence,171,Democratic Republic of the Congo,3,Both,22,All ages,507,Other cardiovascular and circulatory diseases,3,Rate,2016,596.35203656175,799.15612966905,430.67161696939
1,All Population,5,Prevalence,374,Niue,3,Both,22,All ages,507,Other cardiovascular and circulatory diseases,3,Rate,2017,465.41404237795,608.43986313512,360.94349345324997
1,All Population,5,Prevalence,11,Indonesia,3,Both,22,All ages,507,Other cardiovascular and circulatory diseases,3,Rate,2017,246.77073481719998,305.54153933016,201.56468857047
1,All Population,5,Prevalence,28,Solomon Islands,3,Both,22,All ages,507,Other cardiovascular and circulatory diseases,3,Rate,2016,149.95821515441,187.1712323277,120.09096302951
1,All Population,5,Prevalence,30,Vanuatu,3,Both,22,All ages,507,Other cardiovascular and circulatory diseases,3,Rate,2017,197.65394877174998,244.39749308939,160.11044724247998
1,All Population,5,Prevalence,98,Chile,3,Both,22,All ages,507,Other cardiovascular and circulatory diseases,3,Rate,2016,1177.1677582485001,1507.84987602275,890.77601820838
1,All Population,5,Prevalence,156,United Arab Emirates,3,Both,22,All ages,507,Other cardiovascular and circulatory diseases,3,Rate,2016,788.83277640606,1044.68817822732,575.29261740608
1,All Population,5,Prevalence,170,Congo,3,Both,22,All ages,507,Other cardiovascular and circulatory diseases,3,Rate,2017,668.05329440627,912.4309339756701,485.3022518705
1,All Population,5,Prevalence,18,Thailand,3,Both,22,All ages,507,Other cardiovascular and circulatory diseases,3,Rate,2016,778.77074518619,977.2636251885101,600.11644295595
1,All Population,5,Prevalence,80,France,3,Both,22,All ages,507,Other cardiovascular and circulatory diseases,3,Rate,2016,10568.8499073932,12163.58939104162,8980.23469888668
1,All Population,5,Prevalence,52,Romania,3,Both,22,All ages,507,Other cardiovascular and circulatory diseases,3,Rate,2016,962.6162610777201,1240.4334412046599,705.89772164862
1,All Population,5,Prevalence,185,Rwanda,3,Both,22,All ages,507,Other cardiovascular and circulatory diseases,3,Rate,2017,575.23676470699,781.45532415009,426.55488205165005
1,All Population,5,Prevalence,10,Cambodia,3,Both,22,All ages,507,Other cardiovascular and circulatory diseases,3,Rate,2016,179.065988785,223.01745689831,142.4448923694
1,All Population,5,Prevalence,12,Lao People's Democratic Republic,3,Both,22,All ages,507,Other cardiovascular and circulatory diseases,3,Rate,2017,163.28928949901,199.7362190388,133.48087825989
1,All Population,5,Prevalence,24,Marshall Islands,3,Both,22,All ages,507,Other cardiovascular and circulatory diseases,3,Rate,2017,173.98067608227998,215.98059695636,140.62008793197998
1,All Population,5,Prevalence,41,Uzbekistan,3,Both,22,All ages,507,Other cardiovascular and circulatory diseases,3,Rate,2015,301.48648262532,389.29959490204,235.72457632252
1,All Population,5,Prevalence,135,Brazil,3,Both,22,All ages,507,Other cardiovascular and circulatory diseases,3,Rate,2015,1419.27970127157,1754.1157453212102,1124.06056462725
1,All Population,5,Prevalence,43,Albania,3,Both,22,All ages,507,Other cardiovascular and circulatory diseases,3,Rate,2017,3038.8580094489503,3865.92368210495,2350.83078690186
1,All Population,5,Prevalence,62,Russian Federation,3,Both,22,All ages,507,Other cardiovascular and circulatory diseases,3,Rate,2015,1069.18391568212,1413.74474055846,809.69733871957
1,All Population,5,Prevalence,351,Guam,3,Both,22,All ages,507,Other cardiovascular and circulatory diseases,3,Rate,2016,455.55977754691,584.73095770643,358.9253634366
1,All Population,5,Prevalence,141,Egypt,3,Both,22,All ages,507,Other cardiovascular and circulatory diseases,3,Rate,2016,1029.0905467599898,1250.39499472074,836.12754624927
1,All Population,5,Prevalence,435,South Sudan,3,Both,22,All ages,507,Other cardiovascular and circulatory diseases,3,Rate,2015,502.92730262901,674.41424019677,372.15490689293
1,All Population,5,Prevalence,99,Uruguay,3,Both,22,All ages,507,Other cardiovascular and circulatory diseases,3,Rate,2016,1790.89850846638,2302.10482285172,1381.6280612481398
1,All Population,5,Prevalence,208,Guinea,3,Both,22,All ages,507,Other cardiovascular and circulatory diseases,3,Rate,2017,1239.57671108657,1627.22072969478,919.6870868143499
1,All Population,5,Prevalence,209,Guinea-Bissau,3,Both,22,All ages,507,Other cardiovascular and circulatory diseases,3,Rate,2017,956.81974470997,1243.30837453713,710.5643716047
1,All Population,5,Prevalence,155,Türkiye,3,Both,22,All ages,507,Other cardiovascular and circulatory diseases,3,Rate,2017,1579.16888944126,1897.74438528568,1275.52726705583
1,All Population,5,Prevalence,48,Hungary,3,Both,22,All ages,507,Other cardiovascular and circulatory diseases,3,Rate,2017,1245.42199333291,1678.03102356488,902.3472927204
1,All Population,5,Prevalence,99,Uruguay,3,Both,22,All ages,507,Other cardiovascular and circulatory diseases,3,Rate,2015,1750.84625971759,2265.64812043064,1356.51735601416
1,All Population,5,Prevalence,215,Sao Tome and Principe,3,Both,22,All ages,507,Other cardiovascular and circulatory diseases,3,Rate,2016,1926.1838973475699,2429.4669158326396,1467.99725042941
1,All Population,5,Prevalence,196,South Africa,3,Both,22,All ages,507,Other cardiovascular and circulatory diseases,3,Rate,2016,1077.7301650319,1454.31488124654,784.88090936879
1,All Population,5,Prevalence,113,Guyana,3,Both,22,All ages,507,Other cardiovascular and circulatory diseases,3,Rate,2016,699.96919530708,859.93467684527,561.4910288848499
1,All Population,5,Prevalence,18,Thailand,3,Both,22,All ages,507,Other cardiovascular and circulatory diseases,3,Rate,2017,805.29769974425,1015.14644180884,616.2664537012699
1,All Population,5,Prevalence,205,Côte d'Ivoire,3,Both,22,All ages,507,Other cardiovascular and circulatory diseases,3,Rate,2016,1133.81275798409,1508.32474653478,841.8614415817999
1,All Population,5,Prevalence,93,Sweden,3,Both,22,All ages,507,Other cardiovascular and circulatory diseases,3,Rate,2017,3750.7078375054903,4810.09783397747,2877.72002559354
1,All Population,5,Prevalence,63,Ukraine,3,Both,22,All ages,507,Other cardiovascular and circulatory diseases,3,Rate,2017,615.28696845633,809.3269279734101,448.79706873269004
1,All Population,5,Prevalence,422,United States Virgin Islands,3,Both,22,All ages,507,Other cardiovascular and circulatory diseases,3,Rate,2016,1925.66981983305,2422.8581556378003,1451.1107613617799
1,All Population,5,Prevalence,81,Germany,3,Both,22,All ages,507,Other cardiovascular and circulatory diseases,3,Rate,2015,3959.66095037191,4892.94032250652,3140.47802876784
1,All Population,5,Prevalence,204,Chad,3,Both,22,All ages,507,Other cardiovascular and circulatory diseases,3,Rate,2016,918.93253969824,1213.38048840398,691.2805701702999
1,All Population,5,Prevalence,173,Gabon,3,Both,22,All ages,507,Other cardiovascular and circulatory diseases,3,Rate,2016,930.40804049522,1281.41214163373,670.59070743173
1,All Population,5,Prevalence,153,Syrian Arab Republic,3,Both,22,All ages,507,Other cardiovascular and circulatory diseases,3,Rate,2016,1200.42150184182,1481.90060815384,972.2869270903999
1,All Population,5,Prevalence,8,Taiwan,3,Both,22,All ages,507,Other cardiovascular and circulatory diseases,3,Rate,2017,948.39957118222,1201.6668551769799,717.9930591308799
1,All Population,5,Prevalence,125,Colombia,3,Both,22,All ages,507,Other cardiovascular and circulatory diseases,3,Rate,2016,1715.20066621844,2110.96515941954,1329.21796436166
1,All Population,5,Prevalence,121,Bolivia (Plurinational State of),3,Both,22,All ages,507,Other cardiovascular and circulatory diseases,3,Rate,2016,862.63366800471,1060.15868835539,695.8650031199099
1,All Population,5,Prevalence,197,Eswatini,3,Both,22,All ages,507,Other cardiovascular and circulatory diseases,3,Rate,2016,793.6446990832401,1106.75037408227,572.00072647818
1,All Population,5,Prevalence,45,Bulgaria,3,Both,22,All ages,507,Other cardiovascular and circulatory diseases,3,Rate,2016,1944.08136498603,2527.52563840998,1445.33361572116
1,All Population,5,Prevalence,180,Kenya,3,Both,22,All ages,507,Other cardiovascular and circulatory diseases,3,Rate,2016,449.83607466343,594.57535736898,339.2064599205
1,All Population,5,Prevalence,196,South Africa,3,Both,22,All ages,507,Other cardiovascular and circulatory diseases,3,Rate,2017,1109.24745739257,1495.17222117904,809.7316771608901
1,All Population,5,Prevalence,189,United Republic of Tanzania,3,Both,22,All ages,507,Other cardiovascular and circulatory diseases,3,Rate,2016,754.06598651781,998.82466847631,564.3131951854
1,All Population,5,Prevalence,160,Afghanistan,3,Both,22,All ages,507,Other cardiovascular and circulatory diseases,3,Rate,2016,612.6514569634301,756.76459825911,497.17943315875004
1,All Population,5,Prevalence,114,Haiti,3,Both,22,All ages,507,Other cardiovascular and circulatory diseases,3,Rate,2016,613.88269045456,756.24903646758,502.98556148699004
1,All Population,5,Prevalence,172,Equatorial Guinea,3,Both,22,All ages,507,Other cardiovascular and circulatory diseases,3,Rate,2017,611.62781894788,801.6234771036501,459.07098820968
1,All Population,5,Prevalence,17,Sri Lanka,3,Both,22,All ages,507,Other cardiovascular and circulatory diseases,3,Rate,2017,502.80135661295,628.1139086256401,393.90196480958
1,All Population,5,Prevalence,143,Iraq,3,Both,22,All ages,507,Other cardiovascular and circulatory diseases,3,Rate,2015,500.73081042963,611.7418332401401,401.39603590597
1,All Population,5,Prevalence,156,United Arab Emirates,3,Both,22,All ages,507,Other cardiovascular and circulatory diseases,3,Rate,2015,735.44739246417,978.52626107991,532.2284287338699
1,All Population,5,Prevalence,189,United Republic of Tanzania,3,Both,22,All ages,507,Other cardiovascular and circulatory diseases,3,Rate,2015,747.36195392771,989.27125393717,560.36763825004
1,All Population,5,Prevalence,109,Cuba,3,Both,22,All ages,507,Other cardiovascular and circulatory diseases,3,Rate,2015,1633.54980271844,2022.0178149071899,1260.3125939808199
1,All Population,5,Prevalence,184,Mozambique,3,Both,22,All ages,507,Other cardiovascular and circulatory diseases,3,Rate,2016,904.7519611036,1173.36073450392,704.64973915008
1,All Population,5,Prevalence,20,Viet Nam,3,Both,22,All ages,507,Other cardiovascular and circulatory diseases,3,Rate,2016,351.63233679288,431.92060171018,280.53729561869
1,All Population,5,Prevalence,121,Bolivia (Plurinational State of),3,Both,22,All ages,507,Other cardiovascular and circulatory diseases,3,Rate,2015,850.7803154436999,1046.23660772847,683.73711025928
1,All Population,5,Prevalence,179,Ethiopia,3,Both,22,All ages,507,Other cardiovascular and circulatory diseases,3,Rate,2016,548.63934913211,723.65468015437,416.00251365746
1,All Population,5,Prevalence,214,Nigeria,3,Both,22,All ages,507,Other cardiovascular and circulatory diseases,3,Rate,2017,767.77234658002,985.28667010451,585.38336949999
1,All Population,5,Prevalence,27,Samoa,3,Both,22,All ages,507,Other cardiovascular and circulatory diseases,3,Rate,2016,305.7982054731,384.38197749584,248.00557502573
1,All Population,5,Prevalence,122,Ecuador,3,Both,22,All ages,507,Other cardiovascular and circulatory diseases,3,Rate,2015,778.29576540222,944.1361202029,624.35489460696
1,All Population,5,Prevalence,351,Guam,3,Both,22,All ages,507,Other cardiovascular and circulatory diseases,3,Rate,2015,442.14224462493,567.6550908570599,347.77928852224
1,All Population,5,Prevalence,12,Lao People's Democratic Republic,3,Both,22,All ages,507,Other cardiovascular and circulatory diseases,3,Rate,2016,160.53699729474002,197.33429366922,131.65842774564
1,All Population,5,Prevalence,181,Madagascar,3,Both,22,All ages,507,Other cardiovascular and circulatory diseases,3,Rate,2015,859.1300272136299,1128.72297855328,645.81732373402
1,All Population,5,Prevalence,197,Eswatini,3,Both,22,All ages,507,Other cardiovascular and circulatory diseases,3,Rate,2015,770.38441098638,1077.42083030479,553.0487460974799
1,All Population,5,Prevalence,380,Palau,3,Both,22,All ages,507,Other cardiovascular and circulatory diseases,3,Rate,2017,348.74368329637997,442.93747935681,271.03755745259
1,All Population,5,Prevalence,30,Vanuatu,3,Both,22,All ages,507,Other cardiovascular and circulatory diseases,3,Rate,2016,197.07915679232002,243.3046607996,158.86225085805
1,All Population,5,Prevalence,211,Mali,3,Both,22,All ages,507,Other cardiovascular and circulatory diseases,3,Rate,2016,970.1316710709401,1285.13574824894,717.90436945566
1,All Population,5,Prevalence,152,Saudi Arabia,3,Both,22,All ages,507,Other cardiovascular and circulatory diseases,3,Rate,2015,753.9396781532499,931.5199976774101,608.5205981483
1,All Population,5,Prevalence,349,Greenland,3,Both,22,All ages,507,Other cardiovascular and circulatory diseases,3,Rate,2016,750.2606426797801,972.8198874487,562.9535680892401
1,All Population,5,Prevalence,51,Poland,3,Both,22,All ages,507,Other cardiovascular and circulatory diseases,3,Rate,2016,1408.80092501834,1835.8289071391,1117.53624268405
1,All Population,5,Prevalence,50,Montenegro,3,Both,22,All ages,507,Other cardiovascular and circulatory diseases,3,Rate,2017,1133.50742543478,1482.46783178637,843.45769251697
1,All Population,5,Prevalence,162,Bhutan,3,Both,22,All ages,507,Other cardiovascular and circulatory diseases,3,Rate,2017,619.78163917776,765.23597343459,486.32193953183
1,All Population,5,Prevalence,183,Mauritius,3,Both,22,All ages,507,Other cardiovascular and circulatory diseases,3,Rate,2016,604.80081759609,753.36417501957,469.4293503578
1,All Population,5,Prevalence,57,Belarus,3,Both,22,All ages,507,Other cardiovascular and circulatory diseases,3,Rate,2017,739.79714692442,951.4129502384601,560.1739397902099
1,All Population,5,Prevalence,74,Andorra,3,Both,22,All ages,507,Other cardiovascular and circulatory diseases,3,Rate,2017,894.96027931993,1136.06980931079,680.65751743262
1,All Population,5,Prevalence,151,Qatar,3,Both,22,All ages,507,Other cardiovascular and circulatory diseases,3,Rate,2015,950.01656944688,1233.89810779876,723.61446994037
1,All Population,5,Prevalence,89,Netherlands,3,Both,22,All ages,507,Other cardiovascular and circulatory diseases,3,Rate,2015,2530.8973821590803,3284.32062116574,1928.2217758971299
1,All Population,5,Prevalence,149,Palestine,3,Both,22,All ages,507,Other cardiovascular and circulatory diseases,3,Rate,2017,440.70465534106,533.2597266031901,363.30226265849
1,All Population,5,Prevalence,105,Antigua and Barbuda,3,Both,22,All ages,507,Other cardiovascular and circulatory diseases,3,Rate,2017,2535.23906823819,3085.32710720939,2006.6579695546102
1,All Population,5,Prevalence,28,Solomon Islands,3,Both,22,All ages,507,Other cardiovascular and circulatory diseases,3,Rate,2015,148.9943853093,184.39490891216,118.42921572270001
1,All Population,5,Prevalence,165,Pakistan,3,Both,22,All ages,507,Other cardiovascular and circulatory diseases,3,Rate,2015,308.27125680411,382.07521690343003,248.17426274033002
1,All Population,5,Prevalence,156,United Arab Emirates,3,Both,22,All ages,507,Other cardiovascular and circulatory diseases,3,Rate,2017,847.44272970301,1107.22151513574,612.7953112591
1,All Population,5,Prevalence,79,Finland,3,Both,22,All ages,507,Other cardiovascular and circulatory diseases,3,Rate,2016,1717.6705505086502,2145.36036786342,1359.6794549334002
1,All Population,5,Prevalence,77,Cyprus,3,Both,22,All ages,507,Other cardiovascular and circulatory diseases,3,Rate,2017,916.96159128964,1160.96070027177,716.52887583607
1,All Population,5,Prevalence,45,Bulgaria,3,Both,22,All ages,507,Other cardiovascular and circulatory diseases,3,Rate,2017,2013.7045126858302,2623.05578096629,1511.8403571824601
1,All Population,5,Prevalence,148,Morocco,3,Both,22,All ages,507,Other cardiovascular and circulatory diseases,3,Rate,2017,537.95040894819,667.71472703821,428.26502290235
1,All Population,5,Prevalence,163,India,3,Both,22,All ages,507,Other cardiovascular and circulatory diseases,3,Rate,2016,483.91927800312004,610.3153252166501,380.55268638116
1,All Population,5,Prevalence,148,Morocco,3,Both,22,All ages,507,Other cardiovascular and circulatory diseases,3,Rate,2016,534.7440585906199,664.87848779127,426.72386333705
1,All Population,5,Prevalence,86,Italy,3,Both,22,All ages,507,Other cardiovascular and circulatory diseases,3,Rate,2017,2525.3818532627597,3128.6078959166402,2013.7370504465498
1,All Population,5,Prevalence,90,Norway,3,Both,22,All ages,507,Other cardiovascular and circulatory diseases,3,Rate,2017,1403.66725174207,1831.50356833954,1077.47217330739
1,All Population,5,Prevalence,172,Equatorial Guinea,3,Both,22,All ages,507,Other cardiovascular and circulatory diseases,3,Rate,2016,613.97543468916,814.08413263731,462.68131945983
1,All Population,5,Prevalence,132,Panama,3,Both,22,All ages,507,Other cardiovascular and circulatory diseases,3,Rate,2017,1156.72283849512,1426.1291932214099,893.1802280248099
1,All Population,5,Prevalence,136,Paraguay,3,Both,22,All ages,507,Other cardiovascular and circulatory diseases,3,Rate,2015,723.74145823406,882.6046751859,571.2020443933
1,All Population,5,Prevalence,210,Liberia,3,Both,22,All ages,507,Other cardiovascular and circulatory diseases,3,Rate,2016,1077.06683435349,1414.8368765949901,780.7057338774599
1,All Population,5,Prevalence,119,Trinidad and Tobago,3,Both,22,All ages,507,Other cardiovascular and circulatory diseases,3,Rate,2017,1407.8501311791201,1764.50880696125,1100.2574188388598
1,All Population,5,Prevalence,144,Jordan,3,Both,22,All ages,507,Other cardiovascular and circulatory diseases,3,Rate,2016,589.6077296093599,719.03111912514,485.69501821636
1,All Population,5,Prevalence,187,Somalia,3,Both,22,All ages,507,Other cardiovascular and circulatory diseases,3,Rate,2016,441.93019609416,603.23077594348,336.55797330668
1,All Population,5,Prevalence,207,Ghana,3,Both,22,All ages,507,Other cardiovascular and circulatory diseases,3,Rate,2016,845.24458634338,1174.21841867538,580.92701383414
1,All Population,5,Prevalence,157,Yemen,3,Both,22,All ages,507,Other cardiovascular and circulatory diseases,3,Rate,2016,796.87625933372,967.32349755355,648.22811823471
1,All Population,5,Prevalence,80,France,3,Both,22,All ages,507,Other cardiovascular and circulatory diseases,3,Rate,2017,10587.07443253793,12166.20853100685,9028.53408411865
1,All Population,5,Prevalence,19,Timor-Leste,3,Both,22,All ages,507,Other cardiovascular and circulatory diseases,3,Rate,2016,169.71264808259,214.20470320425,138.77439914575
1,All Population,5,Prevalence,71,Australia,3,Both,22,All ages,507,Other cardiovascular and circulatory diseases,3,Rate,2017,3395.86405181661,4254.40785835542,2677.50792906443
1,All Population,5,Prevalence,180,Kenya,3,Both,22,All ages,507,Other cardiovascular and circulatory diseases,3,Rate,2017,460.83448110034004,610.44620576001,346.50047099382
1,All Population,5,Prevalence,198,Zimbabwe,3,Both,22,All ages,507,Other cardiovascular and circulatory diseases,3,Rate,2017,1324.61217037538,1768.3122665282901,983.7831934285699
1,All Population,5,Prevalence,200,Benin,3,Both,22,All ages,507,Other cardiovascular and circulatory diseases,3,Rate,2015,939.18872375296,1235.54071035717,685.8246575747501
1,All Population,5,Prevalence,182,Malawi,3,Both,22,All ages,507,Other cardiovascular and circulatory diseases,3,Rate,2015,486.74218304,652.62408605192,366.02323300849
1,All Population,5,Prevalence,213,Niger,3,Both,22,All ages,507,Other cardiovascular and circulatory diseases,3,Rate,2015,886.54548181032,1170.55642102667,641.6479860462999
1,All Population,5,Prevalence,118,Suriname,3,Both,22,All ages,507,Other cardiovascular and circulatory diseases,3,Rate,2017,830.50875547012,1022.78298742936,649.7126165130101
1,All Population,5,Prevalence,163,India,3,Both,22,All ages,507,Other cardiovascular and circulatory diseases,3,Rate,2017,495.62930116524,627.44755883158,388.58762689977
1,All Population,5,Prevalence,385,Puerto Rico,3,Both,22,All ages,507,Other cardiovascular and circulatory diseases,3,Rate,2015,2292.5489592233303,2852.8221547655603,1785.50385031159
1,All Population,5,Prevalence,385,Puerto Rico,3,Both,22,All ages,507,Other cardiovascular and circulatory diseases,3,Rate,2016,2370.24964041372,2959.6060978278,1841.92790022306
1,All Population,5,Prevalence,126,Costa Rica,3,Both,22,All ages,507,Other cardiovascular and circulatory diseases,3,Rate,2017,1624.52183322568,1989.00020672448,1253.43336254447
1,All Population,5,Prevalence,62,Russian Federation,3,Both,22,All ages,507,Other cardiovascular and circulatory diseases,3,Rate,2017,1278.3408447357,1695.6636605360402,968.7992981715
1,All Population,5,Prevalence,16,Philippines,3,Both,22,All ages,507,Other cardiovascular and circulatory diseases,3,Rate,2017,172.52247013654,209.42885255845002,142.33760175972
1,All Population,5,Prevalence,129,Honduras,3,Both,22,All ages,507,Other cardiovascular and circulatory diseases,3,Rate,2015,479.01564478868,585.70895097696,384.06391959223
1,All Population,5,Prevalence,114,Haiti,3,Both,22,All ages,507,Other cardiovascular and circulatory diseases,3,Rate,2017,619.74679359715,763.74221090227,506.12318613337
1,All Population,5,Prevalence,133,Venezuela (Bolivarian Republic of),3,Both,22,All ages,507,Other cardiovascular and circulatory diseases,3,Rate,2017,557.43187984848,686.64271875668,446.15869584596
1,All Population,5,Prevalence,374,Niue,3,Both,22,All ages,507,Other cardiovascular and circulatory diseases,3,Rate,2016,462.87283230162996,606.46416271471,358.34008080013
1,All Population,5,Prevalence,88,Malta,3,Both,22,All ages,507,Other cardiovascular and circulatory diseases,3,Rate,2015,1384.5142729216,1762.99026831786,1076.5295866153401
1,All Population,5,Prevalence,179,Ethiopia,3,Both,22,All ages,507,Other cardiovascular and circulatory diseases,3,Rate,2017,556.62071276817,733.7636368963,421.36428016184004
1,All Population,5,Prevalence,115,Jamaica,3,Both,22,All ages,507,Other cardiovascular and circulatory diseases,3,Rate,2017,1262.38636165076,1569.22621381719,991.6751053488999
1,All Population,5,Prevalence,195,Namibia,3,Both,22,All ages,507,Other cardiovascular and circulatory diseases,3,Rate,2017,990.9393831004201,1355.54598669469,718.67831615909
1,All Population,5,Prevalence,435,South Sudan,3,Both,22,All ages,507,Other cardiovascular and circulatory diseases,3,Rate,2016,509.57327658807003,683.53445628881,376.27609960533
1,All Population,5,Prevalence,125,Colombia,3,Both,22,All ages,507,Other cardiovascular and circulatory diseases,3,Rate,2017,1818.6673265797801,2236.28439284745,1405.4283121517399
1,All Population,5,Prevalence,190,Uganda,3,Both,22,All ages,507,Other cardiovascular and circulatory diseases,3,Rate,2015,458.66628588146,599.5607298822899,348.76318348276
1,All Population,5,Prevalence,35,Georgia,3,Both,22,All ages,507,Other cardiovascular and circulatory diseases,3,Rate,2017,890.44818613852,1203.51340601271,619.81409551286
1,All Population,5,Prevalence,218,Togo,3,Both,22,All ages,507,Other cardiovascular and circulatory diseases,3,Rate,2016,1281.40992132923,1699.2182364357698,941.54114574867
1,All Population,5,Prevalence,110,Dominica,3,Both,22,All ages,507,Other cardiovascular and circulatory diseases,3,Rate,2017,1409.53047728694,1769.68488580862,1095.49894784153
1,All Population,5,Prevalence,144,Jordan,3,Both,22,All ages,507,Other cardiovascular and circulatory diseases,3,Rate,2015,579.54907391813,708.03915918267,478.60139901239
1,All Population,5,Prevalence,109,Cuba,3,Both,22,All ages,507,Other cardiovascular and circulatory diseases,3,Rate,2017,1715.99895249194,2119.60862556419,1318.41160099118
1,All Population,5,Prevalence,204,Chad,3,Both,22,All ages,507,Other cardiovascular and circulatory diseases,3,Rate,2017,914.42216269948,1210.74555915792,684.09494682568
1,All Population,5,Prevalence,169,Central African Republic,3,Both,22,All ages,507,Other cardiovascular and circulatory diseases,3,Rate,2017,494.47071773615,666.0751925795499,358.87499394854996
1,All Population,5,Prevalence,51,Poland,3,Both,22,All ages,507,Other cardiovascular and circulatory diseases,3,Rate,2017,1387.04632093439,1814.04147031346,1088.52207373281
1,All Population,5,Prevalence,145,Kuwait,3,Both,22,All ages,507,Other cardiovascular and circulatory diseases,3,Rate,2017,396.60457149829,496.86556566135005,314.67562339594
1,All Population,5,Prevalence,206,Gambia,3,Both,22,All ages,507,Other cardiovascular and circulatory diseases,3,Rate,2016,1342.1915051701599,1752.7229193497799,1021.75604898173
1,All Population,5,Prevalence,14,Maldives,3,Both,22,All ages,507,Other cardiovascular and circulatory diseases,3,Rate,2016,776.11673944825,960.6772522872001,625.18431350844
1,All Population,5,Prevalence,87,Luxembourg,3,Both,22,All ages,507,Other cardiovascular and circulatory diseases,3,Rate,2017,3777.5403415437504,4594.58337980462,3019.33478982149
1,All Population,5,Prevalence,168,Angola,3,Both,22,All ages,507,Other cardiovascular and circulatory diseases,3,Rate,2017,625.11657180105,827.9085676717999,462.00506187041
1,All Population,5,Prevalence,210,Liberia,3,Both,22,All ages,507,Other cardiovascular and circulatory diseases,3,Rate,2017,1088.5759281598398,1430.67731948519,784.2642568588999
1,All Population,5,Prevalence,393,Saint Kitts and Nevis,3,Both,22,All ages,507,Other cardiovascular and circulatory diseases,3,Rate,2017,1484.28936677702,1819.5963433408301,1169.72509484579
1,All Population,5,Prevalence,151,Qatar,3,Both,22,All ages,507,Other cardiovascular and circulatory diseases,3,Rate,2017,974.44012049552,1272.44608207629,755.53930939619
1,All Population,5,Prevalence,82,Greece,3,Both,22,All ages,507,Other cardiovascular and circulatory diseases,3,Rate,2016,488.85465307486004,621.4242356186601,373.38460124717
1,All Population,5,Prevalence,187,Somalia,3,Both,22,All ages,507,Other cardiovascular and circulatory diseases,3,Rate,2017,445.27630889648003,607.03179821516,342.93564536967
1,All Population,5,Prevalence,142,Iran (Islamic Republic of),3,Both,22,All ages,507,Other cardiovascular and circulatory diseases,3,Rate,2017,2061.96184173697,2545.1717693494797,1680.15010573484
1,All Population,5,Prevalence,205,Côte d'Ivoire,3,Both,22,All ages,507,Other cardiovascular and circulatory diseases,3,Rate,2015,1130.84899046344,1498.39370154893,832.2962540954999
1,All Population,5,Prevalence,176,Comoros,3,Both,22,All ages,507,Other cardiovascular and circulatory diseases,3,Rate,2017,875.63304703592,1182.0575454809,657.36814222795
1,All Population,5,Prevalence,112,Grenada,3,Both,22,All ages,507,Other cardiovascular and circulatory diseases,3,Rate,2015,1836.43804074358,2274.0235570178997,1427.4730227293499
1,All Population,5,Prevalence,22,Fiji,3,Both,22,All ages,507,Other cardiovascular and circulatory diseases,3,Rate,2016,292.16054261407,367.10128976475,234.44415764174
1,All Population,5,Prevalence,25,Micronesia (Federated States of),3,Both,22,All ages,507,Other cardiovascular and circulatory diseases,3,Rate,2017,218.1514753271,274.72131421897,175.5592989382
1,All Population,5,Prevalence,40,Turkmenistan,3,Both,22,All ages,507,Other cardiovascular and circulatory diseases,3,Rate,2017,246.00023583719002,313.18267074536,184.49581295138
1,All Population,5,Prevalence,10,Cambodia,3,Both,22,All ages,507,Other cardiovascular and circulatory diseases,3,Rate,2017,184.06387261871,229.94018376888,146.23249236869
1,All Population,5,Prevalence,14,Maldives,3,Both,22,All ages,507,Other cardiovascular and circulatory diseases,3,Rate,2017,782.0467440268001,968.8586461687399,630.73016094598
1,All Population,5,Prevalence,39,Tajikistan,3,Both,22,All ages,507,Other cardiovascular and circulatory diseases,3,Rate,2017,114.88953492673001,140.64396696034,94.23619961693
1,All Population,5,Prevalence,122,Ecuador,3,Both,22,All ages,507,Other cardiovascular and circulatory diseases,3,Rate,2017,875.5550023985201,1061.98599913931,707.25693623061
1,All Population,5,Prevalence,26,Papua New Guinea,3,Both,22,All ages,507,Other cardiovascular and circulatory diseases,3,Rate,2017,175.80065696473,219.85089086308,141.19233997556
1,All Population,5,Prevalence,13,Malaysia,3,Both,22,All ages,507,Other cardiovascular and circulatory diseases,3,Rate,2017,751.1525128153601,918.7060209606799,607.1740952507599
1,All Population,5,Prevalence,198,Zimbabwe,3,Both,22,All ages,507,Other cardiovascular and circulatory diseases,3,Rate,2016,1296.42722127856,1744.71396827914,963.81587832296
1,All Population,5,Prevalence,197,Eswatini,3,Both,22,All ages,507,Other cardiovascular and circulatory diseases,3,Rate,2017,817.1141377837299,1137.67405789253,584.4800663554801
1,All Population,5,Prevalence,298,American Samoa,3,Both,22,All ages,507,Other cardiovascular and circulatory diseases,3,Rate,2017,552.11226711427,697.53363030594,437.7264283738
1,All Population,5,Prevalence,143,Iraq,3,Both,22,All ages,507,Other cardiovascular and circulatory diseases,3,Rate,2016,505.46756907177996,621.90012492955,405.44519621719996
1,All Population,5,Prevalence,184,Mozambique,3,Both,22,All ages,507,Other cardiovascular and circulatory diseases,3,Rate,2017,916.3467107939,1188.0940161019,708.1939890397
1,All Population,5,Prevalence,19,Timor-Leste,3,Both,22,All ages,507,Other cardiovascular and circulatory diseases,3,Rate,2017,170.02841588703,215.47665384401,138.53128469901
1,All Population,5,Prevalence,34,Azerbaijan,3,Both,22,All ages,507,Other cardiovascular and circulatory diseases,3,Rate,2017,343.44597237185,453.64921202961995,261.54103704844
1,All Population,5,Prevalence,47,Czechia,3,Both,22,All ages,507,Other cardiovascular and circulatory diseases,3,Rate,2017,4472.56605492092,5526.38763367916,3520.31632353726
1,All Population,5,Prevalence,139,Algeria,3,Both,22,All ages,507,Other cardiovascular and circulatory diseases,3,Rate,2017,1634.09502614803,2001.31221008267,1293.2098455038
1,All Population,5,Prevalence,92,Spain,3,Both,22,All ages,507,Other cardiovascular and circulatory diseases,3,Rate,2017,2846.9004324318303,3544.61103027715,2305.7339562698
1,All Population,5,Prevalence,83,Iceland,3,Both,22,All ages,507,Other cardiovascular and circulatory diseases,3,Rate,2015,493.19008720582,613.14260906681,384.33122917478
1,All Population,5,Prevalence,98,Chile,3,Both,22,All ages,507,Other cardiovascular and circulatory diseases,3,Rate,2017,1288.58526773528,1653.02179289598,984.6353672151199
1,All Population,5,Prevalence,217,Sierra Leone,3,Both,22,All ages,507,Other cardiovascular and circulatory diseases,3,Rate,2017,1293.641620657,1672.7138997174502,966.1640613228901
1,All Population,5,Prevalence,52,Romania,3,Both,22,All ages,507,Other cardiovascular and circulatory diseases,3,Rate,2017,970.1020360633601,1255.01262534455,704.03582754074
1,All Population,5,Prevalence,413,Tokelau,3,Both,22,All ages,507,Other cardiovascular and circulatory diseases,3,Rate,2017,465.77365910619994,607.85782849589,367.63395866951
1,All Population,5,Prevalence,191,Zambia,3,Both,22,All ages,507,Other cardiovascular and circulatory diseases,3,Rate,2016,485.10550571563,646.4597824999701,364.93974133639
1,All Population,5,Prevalence,191,Zambia,3,Both,22,All ages,507,Other cardiovascular and circulatory diseases,3,Rate,2015,481.15796123283997,642.87180312672,363.02099651438
1,All Population,5,Prevalence,95,United Kingdom,3,Both,22,All ages,507,Other cardiovascular and circulatory diseases,3,Rate,2017,2512.93911304317,3110.27164905443,2001.12090569341
1,All Population,5,Prevalence,202,Cameroon,3,Both,22,All ages,507,Other cardiovascular and circulatory diseases,3,Rate,2017,1237.20202725135,1599.5261291627,954.5597155599
1,All Population,5,Prevalence,20,Viet Nam,3,Both,22,All ages,507,Other cardiovascular and circulatory diseases,3,Rate,2017,359.93104649442,444.26627477681996,286.15438817617
1,All Population,5,Prevalence,200,Benin,3,Both,22,All ages,507,Other cardiovascular and circulatory diseases,3,Rate,2017,951.754373313,1248.86536833296,702.51312135274
1,All Population,5,Prevalence,211,Mali,3,Both,22,All ages,507,Other cardiovascular and circulatory diseases,3,Rate,2017,973.19612707943,1297.31414517224,719.17520984438
1,All Population,5,Prevalence,182,Malawi,3,Both,22,All ages,507,Other cardiovascular and circulatory diseases,3,Rate,2016,491.73604162054,658.02678753832,366.53895401233996
1,All Population,5,Prevalence,127,El Salvador,3,Both,22,All ages,507,Other cardiovascular and circulatory diseases,3,Rate,2016,795.25097969623,969.9184295268001,627.07762687102
1,All Population,5,Prevalence,66,Brunei Darussalam,3,Both,22,All ages,507,Other cardiovascular and circulatory diseases,3,Rate,2017,411.51845102245994,548.97856741385,295.68995494954
1,All Population,5,Prevalence,157,Yemen,3,Both,22,All ages,507,Other cardiovascular and circulatory diseases,3,Rate,2017,803.35212035274,969.8133905535601,654.33773806358
1,All Population,5,Prevalence,165,Pakistan,3,Both,22,All ages,507,Other cardiovascular and circulatory diseases,3,Rate,2017,314.9776049805,389.06247133695,252.88360900695997
1,All Population,5,Prevalence,183,Mauritius,3,Both,22,All ages,507,Other cardiovascular and circulatory diseases,3,Rate,2015,574.52249736768,715.16433736266,451.38056544491997
1,All Population,5,Prevalence,75,Austria,3,Both,22,All ages,507,Other cardiovascular and circulatory diseases,3,Rate,2017,1655.17806254486,2035.4680716207702,1336.4799030357499
1,All Population,5,Prevalence,193,Botswana,3,Both,22,All ages,507,Other cardiovascular and circulatory diseases,3,Rate,2016,1074.6740966873701,1463.82122197089,785.29714088587
1,All Population,5,Prevalence,76,Belgium,3,Both,22,All ages,507,Other cardiovascular and circulatory diseases,3,Rate,2017,2915.9098669415002,3503.5245708285,2465.86346245299
1,All Population,5,Prevalence,53,Serbia,3,Both,22,All ages,507,Other cardiovascular and circulatory diseases,3,Rate,2017,862.59945927992,1163.24126509741,599.78340311389
1,All Population,5,Prevalence,207,Ghana,3,Both,22,All ages,507,Other cardiovascular and circulatory diseases,3,Rate,2017,856.14778279531,1197.20194560634,592.59992598519
1,All Population,5,Prevalence,111,Dominican Republic,3,Both,22,All ages,507,Other cardiovascular and circulatory diseases,3,Rate,2017,784.1846146441,958.5422222851599,631.76274822088
1,All Population,5,Prevalence,215,Sao Tome and Principe,3,Both,22,All ages,507,Other cardiovascular and circulatory diseases,3,Rate,2015,1905.0656738077003,2410.4395104824102,1445.8625876629599
1,All Population,5,Prevalence,150,Oman,3,Both,22,All ages,507,Other cardiovascular and circulatory diseases,3,Rate,2017,2184.39274964503,2703.86720277944,1800.1485376771602
1,All Population,5,Prevalence,150,Oman,3,Both,22,All ages,507,Other cardiovascular and circulatory diseases,3,Rate,2016,2176.8077515998402,2677.13583104369,1794.24638905334
1,All Population,5,Prevalence,380,Palau,3,Both,22,All ages,507,Other cardiovascular and circulatory diseases,3,Rate,2016,340.56198838964,432.30241515742,263.38806994386
1,All Population,5,Prevalence,369,Nauru,3,Both,22,All ages,507,Other cardiovascular and circulatory diseases,3,Rate,2017,138.52929720082,168.38263045764,114.72213973755001
1,All Population,5,Prevalence,53,Serbia,3,Both,22,All ages,507,Other cardiovascular and circulatory diseases,3,Rate,2016,791.42247977796,1058.1756985848199,538.94992099278
1,All Population,5,Prevalence,91,Portugal,3,Both,22,All ages,507,Other cardiovascular and circulatory diseases,3,Rate,2015,2010.8677508418,2610.52876065909,1527.54148858766
1,All Population,5,Prevalence,82,Greece,3,Both,22,All ages,507,Other cardiovascular and circulatory diseases,3,Rate,2017,545.68845654784,686.7613281730199,417.75482582124
1,All Population,5,Prevalence,79,Finland,3,Both,22,All ages,507,Other cardiovascular and circulatory diseases,3,Rate,2017,1733.95710624331,2170.9234055543,1376.0476721452899
1,All Population,5,Prevalence,201,Burkina Faso,3,Both,22,All ages,507,Other cardiovascular and circulatory diseases,3,Rate,2017,1452.36582483534,1907.20236233095,1053.0245690741299
1,All Population,5,Prevalence,396,San Marino,3,Both,22,All ages,507,Other cardiovascular and circulatory diseases,3,Rate,2016,8146.432914604119,9768.19608174783,6456.68252187423
1,All Population,5,Prevalence,121,Bolivia (Plurinational State of),3,Both,22,All ages,507,Other cardiovascular and circulatory diseases,3,Rate,2017,872.7319788246099,1070.57242252515,709.83930555403
1,All Population,5,Prevalence,212,Mauritania,3,Both,22,All ages,507,Other cardiovascular and circulatory diseases,3,Rate,2016,1444.4990402252602,1933.1178788115799,1067.5159802937
1,All Population,5,Prevalence,136,Paraguay,3,Both,22,All ages,507,Other cardiovascular and circulatory diseases,3,Rate,2017,747.9052464457,915.9832314244601,590.25214755166
1,All Population,5,Prevalence,49,North Macedonia,3,Both,22,All ages,507,Other cardiovascular and circulatory diseases,3,Rate,2017,746.13933505158,990.3857266906599,558.74876902545
1,All Population,5,Prevalence,36,Kazakhstan,3,Both,22,All ages,507,Other cardiovascular and circulatory diseases,3,Rate,2017,385.71984108811,506.63858222491996,286.18971675558
1,All Population,5,Prevalence,107,Barbados,3,Both,22,All ages,507,Other cardiovascular and circulatory diseases,3,Rate,2017,3080.05001267839,3795.1876670661204,2430.53430026168
1,All Population,5,Prevalence,160,Afghanistan,3,Both,22,All ages,507,Other cardiovascular and circulatory diseases,3,Rate,2017,615.75158499312,758.04102324882,498.58538505902
1,All Population,5,Prevalence,68,Republic of Korea,3,Both,22,All ages,507,Other cardiovascular and circulatory diseases,3,Rate,2017,1242.92178916748,1561.60355220933,958.73279010523
1,All Population,5,Prevalence,127,El Salvador,3,Both,22,All ages,507,Other cardiovascular and circulatory diseases,3,Rate,2017,807.18773570369,983.43886094666,639.57245032856
1,All Population,5,Prevalence,89,Netherlands,3,Both,22,All ages,507,Other cardiovascular and circulatory diseases,3,Rate,2017,2748.50649123553,3520.0555917813203,2075.77521705506
1,All Population,5,Prevalence,181,Madagascar,3,Both,22,All ages,507,Other cardiovascular and circulatory diseases,3,Rate,2017,869.2253353369599,1134.6258730962002,649.84612982308
1,All Population,5,Prevalence,28,Solomon Islands,3,Both,22,All ages,507,Other cardiovascular and circulatory diseases,3,Rate,2017,151.54895693184,189.02526375305,121.69283961782
1,All Population,5,Prevalence,128,Guatemala,3,Both,22,All ages,507,Other cardiovascular and circulatory diseases,3,Rate,2017,829.8715274517299,1011.75669109971,667.63447296747
1,All Population,5,Prevalence,218,Togo,3,Both,22,All ages,507,Other cardiovascular and circulatory diseases,3,Rate,2017,1304.33989901065,1746.8532586278702,954.2275173341601
1,All Population,5,Prevalence,522,Sudan,3,Both,22,All ages,507,Other cardiovascular and circulatory diseases,3,Rate,2017,950.9364195988101,1141.46460711729,767.87371674893
1,All Population,5,Prevalence,176,Comoros,3,Both,22,All ages,507,Other cardiovascular and circulatory diseases,3,Rate,2016,868.18422389865,1167.60104360738,643.84930659112
1,All Population,5,Prevalence,416,Tuvalu,3,Both,22,All ages,507,Other cardiovascular and circulatory diseases,3,Rate,2017,256.01396606899,327.26262024755,201.03634740087003
1,All Population,5,Prevalence,305,Bermuda,3,Both,22,All ages,507,Other cardiovascular and circulatory diseases,3,Rate,2017,6305.539644498411,7671.321270236909,5010.33803769094
1,All Population,5,Prevalence,396,San Marino,3,Both,22,All ages,507,Other cardiovascular and circulatory diseases,3,Rate,2015,7924.936603503401,9560.52690477422,6194.78659258534
1,All Population,5,Prevalence,200,Benin,3,Both,22,All ages,507,Other cardiovascular and circulatory diseases,3,Rate,2016,945.0466074909,1238.74505339553,690.79342637507
1,All Population,5,Prevalence,71,Australia,3,Both,22,All ages,507,Other cardiovascular and circulatory diseases,3,Rate,2018,3508.1494958592,4397.46118921858,2795.43213041476
1,All Population,5,Prevalence,216,Senegal,3,Both,22,All ages,507,Other cardiovascular and circulatory diseases,3,Rate,2017,1580.1753516167,2040.7347110713702,1185.21113082907
1,All Population,5,Prevalence,113,Guyana,3,Both,22,All ages,507,Other cardiovascular and circulatory diseases,3,Rate,2017,711.92628993733,871.67151641376,574.92353144018
1,All Population,5,Prevalence,207,Ghana,3,Both,22,All ages,507,Other cardiovascular and circulatory diseases,3,Rate,2015,837.42188563,1167.4823317565501,570.4657984888499
1,All Population,5,Prevalence,118,Suriname,3,Both,22,All ages,507,Other cardiovascular and circulatory diseases,3,Rate,2018,848.8632743023301,1042.67880320147,667.69743080003
1,All Population,5,Prevalence,206,Gambia,3,Both,22,All ages,507,Other cardiovascular and circulatory diseases,3,Rate,2017,1342.05188314013,1752.06593091571,1023.46599936721
1,All Population,5,Prevalence,171,Democratic Republic of the Congo,3,Both,22,All ages,507,Other cardiovascular and circulatory diseases,3,Rate,2017,602.41309256308,812.6381615712501,436.01233224357003
1,All Population,5,Prevalence,154,Tunisia,3,Both,22,All ages,507,Other cardiovascular and circulatory diseases,3,Rate,2017,2023.79635132863,2508.87175830848,1613.11257781912
1,All Population,5,Prevalence,105,Antigua and Barbuda,3,Both,22,All ages,507,Other cardiovascular and circulatory diseases,3,Rate,2018,2609.17084404894,3174.5073080434804,2069.05610510652
1,All Population,5,Prevalence,37,Kyrgyzstan,3,Both,22,All ages,507,Other cardiovascular and circulatory diseases,3,Rate,2017,308.76063620559,390.0717104532,244.77494516717
1,All Population,5,Prevalence,200,Benin,3,Both,22,All ages,507,Other cardiovascular and circulatory diseases,3,Rate,2018,965.43630462578,1269.49061417817,722.48366716748
1,All Population,5,Prevalence,211,Mali,3,Both,22,All ages,507,Other cardiovascular and circulatory diseases,3,Rate,2018,975.67944977128,1299.72865960051,718.8302302910901
1,All Population,5,Prevalence,152,Saudi Arabia,3,Both,22,All ages,507,Other cardiovascular and circulatory diseases,3,Rate,2018,753.1774449839099,935.52591827705,602.75829803531
1,All Population,5,Prevalence,376,Northern Mariana Islands,3,Both,22,All ages,507,Other cardiovascular and circulatory diseases,3,Rate,2017,858.13498022017,1088.59650490922,679.43547919849
1,All Population,5,Prevalence,27,Samoa,3,Both,22,All ages,507,Other cardiovascular and circulatory diseases,3,Rate,2017,308.01514413993,386.89177594803004,250.67317075856
1,All Population,5,Prevalence,76,Belgium,3,Both,22,All ages,507,Other cardiovascular and circulatory diseases,3,Rate,2018,2904.8183257064,3524.08149197661,2423.77958327055
1,All Population,5,Prevalence,40,Turkmenistan,3,Both,22,All ages,507,Other cardiovascular and circulatory diseases,3,Rate,2018,253.99074424645997,323.62874168047,192.13436163354
1,All Population,5,Prevalence,87,Luxembourg,3,Both,22,All ages,507,Other cardiovascular and circulatory diseases,3,Rate,2018,3826.70152656398,4696.94288370955,3053.60418356417
1,All Population,5,Prevalence,186,Seychelles,3,Both,22,All ages,507,Other cardiovascular and circulatory diseases,3,Rate,2017,415.52405287202,514.34873341812,331.94859931788
1,All Population,5,Prevalence,94,Switzerland,3,Both,22,All ages,507,Other cardiovascular and circulatory diseases,3,Rate,2017,1569.2154365113,1989.07064150564,1214.92560387053
1,All Population,5,Prevalence,23,Kiribati,3,Both,22,All ages,507,Other cardiovascular and circulatory diseases,3,Rate,2018,247.26580211718,306.58542976954,199.54295439484002
1,All Population,5,Prevalence,422,United States Virgin Islands,3,Both,22,All ages,507,Other cardiovascular and circulatory diseases,3,Rate,2017,1984.78233373721,2498.21629679308,1504.0768862411198
1,All Population,5,Prevalence,144,Jordan,3,Both,22,All ages,507,Other cardiovascular and circulatory diseases,3,Rate,2017,601.3485539074401,736.6028515409299,493.89036197027
1,All Population,5,Prevalence,165,Pakistan,3,Both,22,All ages,507,Other cardiovascular and circulatory diseases,3,Rate,2018,319.41167807857,392.81317027469004,254.67738417303997
1,All Population,5,Prevalence,24,Marshall Islands,3,Both,22,All ages,507,Other cardiovascular and circulatory diseases,3,Rate,2018,178.99268304485,223.3887987468,145.20592790376
1,All Population,5,Prevalence,213,Niger,3,Both,22,All ages,507,Other cardiovascular and circulatory diseases,3,Rate,2017,888.65354252252,1171.05884024499,656.43515873457
1,All Population,5,Prevalence,39,Tajikistan,3,Both,22,All ages,507,Other cardiovascular and circulatory diseases,3,Rate,2018,117.34366024787,143.63000579376998,95.9183399018
1,All Population,5,Prevalence,11,Indonesia,3,Both,22,All ages,507,Other cardiovascular and circulatory diseases,3,Rate,2018,251.69916110563,315.47244070675004,204.90877609901003
1,All Population,5,Prevalence,136,Paraguay,3,Both,22,All ages,507,Other cardiovascular and circulatory diseases,3,Rate,2018,758.82164039966,931.95451518907,599.32937439243
1,All Population,5,Prevalence,54,Slovakia,3,Both,22,All ages,507,Other cardiovascular and circulatory diseases,3,Rate,2018,2381.38597653841,3021.45158557405,1851.27789690873
1,All Population,5,Prevalence,141,Egypt,3,Both,22,All ages,507,Other cardiovascular and circulatory diseases,3,Rate,2017,1041.40833326394,1271.0671621951699,846.7638693920201
1,All Population,5,Prevalence,320,Cook Islands,3,Both,22,All ages,507,Other cardiovascular and circulatory diseases,3,Rate,2017,101.40547756325,130.20777440799,81.63256169938
1,All Population,5,Prevalence,68,Republic of Korea,3,Both,22,All ages,507,Other cardiovascular and circulatory diseases,3,Rate,2018,1277.14014802991,1602.29127107822,989.34691736203
1,All Population,5,Prevalence,190,Uganda,3,Both,22,All ages,507,Other cardiovascular and circulatory diseases,3,Rate,2017,476.06775905606,619.77674116629,362.76342390072
1,All Population,5,Prevalence,22,Fiji,3,Both,22,All ages,507,Other cardiovascular and circulatory diseases,3,Rate,2017,295.83783276694,375.06972975310003,237.13027911848
1,All Population,5,Prevalence,169,Central African Republic,3,Both,22,All ages,507,Other cardiovascular and circulatory diseases,3,Rate,2018,495.90427345805,672.8367886341999,360.76111673976
1,All Population,5,Prevalence,6,China,3,Both,22,All ages,507,Other cardiovascular and circulatory diseases,3,Rate,2018,374.67755039191,490.05599192796,290.15109899874
1,All Population,5,Prevalence,15,Myanmar,3,Both,22,All ages,507,Other cardiovascular and circulatory diseases,3,Rate,2018,238.87252328707,296.24914109869,194.02791633515
1,All Population,5,Prevalence,175,Burundi,3,Both,22,All ages,507,Other cardiovascular and circulatory diseases,3,Rate,2018,535.62681623691,701.13992570275,397.11905007718997
1,All Population,5,Prevalence,72,New Zealand,3,Both,22,All ages,507,Other cardiovascular and circulatory diseases,3,Rate,2018,1465.9750793537598,1892.59204228955,1126.65197227884
1,All Population,5,Prevalence,147,Libya,3,Both,22,All ages,507,Other cardiovascular and circulatory diseases,3,Rate,2018,1604.96996128339,1975.4999647096101,1296.59351488435
1,All Population,5,Prevalence,102,United States of America,3,Both,22,All ages,507,Other cardiovascular and circulatory diseases,3,Rate,2018,2407.90150704501,2992.30601413492,1960.2558787011399
1,All Population,5,Prevalence,193,Botswana,3,Both,22,All ages,507,Other cardiovascular and circulatory diseases,3,Rate,2018,1114.61549534031,1514.39882977385,820.32817680783
1,All Population,5,Prevalence,84,Ireland,3,Both,22,All ages,507,Other cardiovascular and circulatory diseases,3,Rate,2018,1586.47896030891,2011.4389381310798,1232.25034786353
1,All Population,5,Prevalence,146,Lebanon,3,Both,22,All ages,507,Other cardiovascular and circulatory diseases,3,Rate,2018,2227.0915881935803,2718.79357154915,1808.04743397062
1,All Population,5,Prevalence,44,Bosnia and Herzegovina,3,Both,22,All ages,507,Other cardiovascular and circulatory diseases,3,Rate,2017,1850.83839464321,2456.01609277387,1371.12768220021
1,All Population,5,Prevalence,115,Jamaica,3,Both,22,All ages,507,Other cardiovascular and circulatory diseases,3,Rate,2018,1271.32105086425,1583.41501708372,1001.44462880426
1,All Population,5,Prevalence,8,Taiwan,3,Both,22,All ages,507,Other cardiovascular and circulatory diseases,3,Rate,2018,967.52240199311,1219.49823149044,739.01166788511
1,All Population,5,Prevalence,131,Nicaragua,3,Both,22,All ages,507,Other cardiovascular and circulatory diseases,3,Rate,2018,652.79657146833,797.42986099596,516.73771509045
1,All Population,5,Prevalence,367,Monaco,3,Both,22,All ages,507,Other cardiovascular and circulatory diseases,3,Rate,2018,1323.56808970348,1796.5915335453299,992.99997686461
1,All Population,5,Prevalence,58,Estonia,3,Both,22,All ages,507,Other cardiovascular and circulatory diseases,3,Rate,2018,1025.2251703607799,1390.39042556689,742.57295010691
1,All Population,5,Prevalence,101,Canada,3,Both,22,All ages,507,Other cardiovascular and circulatory diseases,3,Rate,2018,4078.3335267105704,5036.18152406791,3181.4789718229404
1,All Population,5,Prevalence,97,Argentina,3,Both,22,All ages,507,Other cardiovascular and circulatory diseases,3,Rate,2017,2475.78219589703,3167.66295051468,1920.1299561962499
1,All Population,5,Prevalence,349,Greenland,3,Both,22,All ages,507,Other cardiovascular and circulatory diseases,3,Rate,2017,756.68111589372,992.90362691536,567.07847796882
1,All Population,5,Prevalence,162,Bhutan,3,Both,22,All ages,507,Other cardiovascular and circulatory diseases,3,Rate,2018,639.96911539525,792.15604233628,503.38965024916
1,All Population,5,Prevalence,130,Mexico,3,Both,22,All ages,507,Other cardiovascular and circulatory diseases,3,Rate,2018,1172.63748868012,1437.55336068529,926.12481596464
1,All Population,5,Prevalence,369,Nauru,3,Both,22,All ages,507,Other cardiovascular and circulatory diseases,3,Rate,2018,140.43728252907,172.82495157005,114.64702736377001
1,All Population,5,Prevalence,194,Lesotho,3,Both,22,All ages,507,Other cardiovascular and circulatory diseases,3,Rate,2018,838.8085623636,1173.75823186183,591.59928147357
1,All Population,5,Prevalence,75,Austria,3,Both,22,All ages,507,Other cardiovascular and circulatory diseases,3,Rate,2018,1695.36517119892,2101.3245746899197,1360.06975621218
1,All Population,5,Prevalence,181,Madagascar,3,Both,22,All ages,507,Other cardiovascular and circulatory diseases,3,Rate,2018,876.3870798294699,1148.2908387536,656.24224409388
1,All Population,5,Prevalence,177,Djibouti,3,Both,22,All ages,507,Other cardiovascular and circulatory diseases,3,Rate,2018,668.35204876269,906.5177583421299,487.30937463218
1,All Population,5,Prevalence,47,Czechia,3,Both,22,All ages,507,Other cardiovascular and circulatory diseases,3,Rate,2018,4194.513628452741,5212.82917236704,3284.4830111816104
1,All Population,5,Prevalence,81,Germany,3,Both,22,All ages,507,Other cardiovascular and circulatory diseases,3,Rate,2018,3920.5312208108503,4775.70585470099,3097.07686438566
1,All Population,5,Prevalence,62,Russian Federation,3,Both,22,All ages,507,Other cardiovascular and circulatory diseases,3,Rate,2018,1394.41703350793,1846.9287837564598,1057.5331096514199
1,All Population,5,Prevalence,145,Kuwait,3,Both,22,All ages,507,Other cardiovascular and circulatory diseases,3,Rate,2016,376.34709135538,472.11081256839,300.87919784902
1,All Population,5,Prevalence,154,Tunisia,3,Both,22,All ages,507,Other cardiovascular and circulatory diseases,3,Rate,2018,2053.36553677319,2535.6830810923598,1635.0467099106402
1,All Population,5,Prevalence,34,Azerbaijan,3,Both,22,All ages,507,Other cardiovascular and circulatory diseases,3,Rate,2018,351.10821912439,466.3619297869,265.62900580517004
1,All Population,5,Prevalence,186,Seychelles,3,Both,22,All ages,507,Other cardiovascular and circulatory diseases,3,Rate,2018,412.37267522755997,512.2492957680801,324.43568975014
1,All Population,5,Prevalence,298,American Samoa,3,Both,22,All ages,507,Other cardiovascular and circulatory diseases,3,Rate,2018,571.09615723125,723.73557806493,447.00265058718
1,All Population,5,Prevalence,435,South Sudan,3,Both,22,All ages,507,Other cardiovascular and circulatory diseases,3,Rate,2017,519.16902516705,700.39169331636,388.74266971995
1,All Population,5,Prevalence,7,Democratic People's Republic of Korea,3,Both,22,All ages,507,Other cardiovascular and circulatory diseases,3,Rate,2018,227.50604106671,285.56598589904996,178.53753250430998
1,All Population,5,Prevalence,61,Republic of Moldova,3,Both,22,All ages,507,Other cardiovascular and circulatory diseases,3,Rate,2018,558.2970502372999,738.57411934771,418.77242399616006
1,All Population,5,Prevalence,46,Croatia,3,Both,22,All ages,507,Other cardiovascular and circulatory diseases,3,Rate,2018,479.04308407740996,612.34797009646,354.09658320971
1,All Population,5,Prevalence,55,Slovenia,3,Both,22,All ages,507,Other cardiovascular and circulatory diseases,3,Rate,2018,1377.44709184447,1814.86777829862,992.7246615374099
1,All Population,5,Prevalence,29,Tonga,3,Both,22,All ages,507,Other cardiovascular and circulatory diseases,3,Rate,2018,464.58370645583005,590.02545607206,373.66132415468
1,All Population,5,Prevalence,385,Puerto Rico,3,Both,22,All ages,507,Other cardiovascular and circulatory diseases,3,Rate,2017,2427.54559466211,3045.27356843469,1875.6683871036
1,All Population,5,Prevalence,393,Saint Kitts and Nevis,3,Both,22,All ages,507,Other cardiovascular and circulatory diseases,3,Rate,2016,1455.31823503342,1788.63694515747,1137.585917187
1,All Population,5,Prevalence,178,Eritrea,3,Both,22,All ages,507,Other cardiovascular and circulatory diseases,3,Rate,2018,614.68959526348,819.4800556397701,451.6375864892
1,All Population,5,Prevalence,208,Guinea,3,Both,22,All ages,507,Other cardiovascular and circulatory diseases,3,Rate,2018,1236.35812807084,1611.6284529485401,908.36344169489
1,All Population,5,Prevalence,44,Bosnia and Herzegovina,3,Both,22,All ages,507,Other cardiovascular and circulatory diseases,3,Rate,2018,1885.37526550915,2513.22556586973,1409.09551976845
1,All Population,5,Prevalence,152,Saudi Arabia,3,Both,22,All ages,507,Other cardiovascular and circulatory diseases,3,Rate,2017,753.9477890693701,932.0197182149499,605.72600589303
1,All Population,5,Prevalence,139,Algeria,3,Both,22,All ages,507,Other cardiovascular and circulatory diseases,3,Rate,2018,1658.61958575471,2028.58283780027,1305.64550472276
1,All Population,5,Prevalence,320,Cook Islands,3,Both,22,All ages,507,Other cardiovascular and circulatory diseases,3,Rate,2018,103.9197076209,133.05625621205002,83.82217647935
1,All Population,5,Prevalence,92,Spain,3,Both,22,All ages,507,Other cardiovascular and circulatory diseases,3,Rate,2018,2924.4900803433,3640.80668902148,2362.1880368785
1,All Population,5,Prevalence,81,Germany,3,Both,22,All ages,507,Other cardiovascular and circulatory diseases,3,Rate,2017,3958.05016903846,4815.76496023062,3142.51847699555
1,All Population,5,Prevalence,26,Papua New Guinea,3,Both,22,All ages,507,Other cardiovascular and circulatory diseases,3,Rate,2018,178.95330779018002,223.91935078688,141.82052715043
1,All Population,5,Prevalence,152,Saudi Arabia,3,Both,22,All ages,507,Other cardiovascular and circulatory diseases,3,Rate,2016,754.94306446262,932.0547370002901,609.53499118046
1,All Population,5,Prevalence,13,Malaysia,3,Both,22,All ages,507,Other cardiovascular and circulatory diseases,3,Rate,2018,766.2311315672,930.0145355289601,619.42615462911
1,All Population,5,Prevalence,41,Uzbekistan,3,Both,22,All ages,507,Other cardiovascular and circulatory diseases,3,Rate,2018,396.00069705579995,511.49833318058,304.13036890709003
1,All Population,5,Prevalence,413,Tokelau,3,Both,22,All ages,507,Other cardiovascular and circulatory diseases,3,Rate,2018,465.96548409688,608.42657825663,368.40184843753
1,All Population,5,Prevalence,140,Bahrain,3,Both,22,All ages,507,Other cardiovascular and circulatory diseases,3,Rate,2018,931.25091571467,1194.85897968156,733.12407159702
1,All Population,5,Prevalence,25,Micronesia (Federated States of),3,Both,22,All ages,507,Other cardiovascular and circulatory diseases,3,Rate,2018,222.18424343701002,279.52719730165995,176.98874143389
1,All Population,5,Prevalence,35,Georgia,3,Both,22,All ages,507,Other cardiovascular and circulatory diseases,3,Rate,2018,963.14598566952,1293.34191779444,666.19290496427
1,All Population,5,Prevalence,93,Sweden,3,Both,22,All ages,507,Other cardiovascular and circulatory diseases,3,Rate,2018,3851.64426384784,4965.4915687516195,2944.50260650367
1,All Population,5,Prevalence,16,Philippines,3,Both,22,All ages,507,Other cardiovascular and circulatory diseases,3,Rate,2018,175.21502312568,215.11466349463,143.91147042629
1,All Population,5,Prevalence,82,Greece,3,Both,22,All ages,507,Other cardiovascular and circulatory diseases,3,Rate,2018,608.96125170555,768.35786539379,464.30783401358997
1,All Population,5,Prevalence,108,Belize,3,Both,22,All ages,507,Other cardiovascular and circulatory diseases,3,Rate,2018,1233.64733163219,1489.70816205976,987.16181454015
1,All Population,5,Prevalence,78,Denmark,3,Both,22,All ages,507,Other cardiovascular and circulatory diseases,3,Rate,2018,1643.4170588213701,2143.73154499892,1245.45181417514
1,All Population,5,Prevalence,107,Barbados,3,Both,22,All ages,507,Other cardiovascular and circulatory diseases,3,Rate,2018,3138.77652892221,3880.0170589764,2490.2295663035998
1,All Population,5,Prevalence,217,Sierra Leone,3,Both,22,All ages,507,Other cardiovascular and circulatory diseases,3,Rate,2018,1297.17448691651,1670.24163954172,962.84849084299
1,All Population,5,Prevalence,129,Honduras,3,Both,22,All ages,507,Other cardiovascular and circulatory diseases,3,Rate,2018,500.2313481425,610.3003003224001,398.99720332967996
1,All Population,5,Prevalence,128,Guatemala,3,Both,22,All ages,507,Other cardiovascular and circulatory diseases,3,Rate,2018,850.4695287019,1036.50458168533,683.32664641452
1,All Population,5,Prevalence,202,Cameroon,3,Both,22,All ages,507,Other cardiovascular and circulatory diseases,3,Rate,2018,1249.36942206682,1609.7740063290698,956.23227686004
1,All Population,5,Prevalence,129,Honduras,3,Both,22,All ages,507,Other cardiovascular and circulatory diseases,3,Rate,2016,485.44462304361,591.644289749,387.84781622017
1,All Population,5,Prevalence,203,Cabo Verde,3,Both,22,All ages,507,Other cardiovascular and circulatory diseases,3,Rate,2017,2971.67289571687,3751.7691049721398,2223.3801710386697
1,All Population,5,Prevalence,123,Peru,3,Both,22,All ages,507,Other cardiovascular and circulatory diseases,3,Rate,2018,1383.29588209752,1687.60248333065,1105.34569389563
1,All Population,5,Prevalence,33,Armenia,3,Both,22,All ages,507,Other cardiovascular and circulatory diseases,3,Rate,2018,1254.42451232831,1567.2909057228499,962.14699805623
1,All Population,5,Prevalence,170,Congo,3,Both,22,All ages,507,Other cardiovascular and circulatory diseases,3,Rate,2018,669.83014106785,919.2515100202701,487.5482716427
1,All Population,5,Prevalence,126,Costa Rica,3,Both,22,All ages,507,Other cardiovascular and circulatory diseases,3,Rate,2018,1672.49226484564,2049.10745712174,1273.81476497033
1,All Population,5,Prevalence,176,Comoros,3,Both,22,All ages,507,Other cardiovascular and circulatory diseases,3,Rate,2018,884.5476057980201,1197.9810780523599,668.09160297319
1,All Population,5,Prevalence,187,Somalia,3,Both,22,All ages,507,Other cardiovascular and circulatory diseases,3,Rate,2018,448.50725070015005,607.9017874131,334.61044587671
1,All Population,5,Prevalence,155,Türkiye,3,Both,22,All ages,507,Other cardiovascular and circulatory diseases,3,Rate,2018,1642.61504224982,1997.83418255827,1302.61652921362
1,All Population,5,Prevalence,60,Lithuania,3,Both,22,All ages,507,Other cardiovascular and circulatory diseases,3,Rate,2018,1615.14951219834,2159.52002922308,1213.18142350693
1,All Population,5,Prevalence,10,Cambodia,3,Both,22,All ages,507,Other cardiovascular and circulatory diseases,3,Rate,2018,189.26137493395,236.30488043057002,149.54260500478
1,All Population,5,Prevalence,216,Senegal,3,Both,22,All ages,507,Other cardiovascular and circulatory diseases,3,Rate,2018,1586.2970117960801,2043.3038371080702,1192.81796817411
1,All Population,5,Prevalence,305,Bermuda,3,Both,22,All ages,507,Other cardiovascular and circulatory diseases,3,Rate,2018,6446.61288237087,7927.69665836721,5172.24477845447
1,All Population,5,Prevalence,416,Tuvalu,3,Both,22,All ages,507,Other cardiovascular and circulatory diseases,3,Rate,2018,257.44432926810003,329.30169879542,200.9531182913
1,All Population,5,Prevalence,129,Honduras,3,Both,22,All ages,507,Other cardiovascular and circulatory diseases,3,Rate,2017,492.56302479638,600.28834428299,393.19809722305
1,All Population,5,Prevalence,183,Mauritius,3,Both,22,All ages,507,Other cardiovascular and circulatory diseases,3,Rate,2017,640.49451350471,796.49215806256,495.29804762565
1,All Population,5,Prevalence,201,Burkina Faso,3,Both,22,All ages,507,Other cardiovascular and circulatory diseases,3,Rate,2018,1461.05106069271,1919.4124895248199,1063.12819063142
1,All Population,5,Prevalence,173,Gabon,3,Both,22,All ages,507,Other cardiovascular and circulatory diseases,3,Rate,2017,935.9620278368499,1293.16127189586,669.57223325962
1,All Population,5,Prevalence,349,Greenland,3,Both,22,All ages,507,Other cardiovascular and circulatory diseases,3,Rate,2018,762.42557917203,1009.00819317521,573.70221247851
1,All Population,5,Prevalence,38,Mongolia,3,Both,22,All ages,507,Other cardiovascular and circulatory diseases,3,Rate,2019,300.32743898008,397.78046837496,226.65494890587
1,All Population,5,Prevalence,10,Cambodia,3,Both,22,All ages,507,Other cardiovascular and circulatory diseases,3,Rate,2019,193.98078556222,243.51182389414,152.34978244083
1,All Population,5,Prevalence,8,Taiwan,3,Both,22,All ages,507,Other cardiovascular and circulatory diseases,3,Rate,2019,994.6711391785899,1262.3244154034,754.2283113838499
1,All Population,5,Prevalence,214,Nigeria,3,Both,22,All ages,507,Other cardiovascular and circulatory diseases,3,Rate,2016,752.06784985553,967.15990672166,574.04067278347
1,All Population,5,Prevalence,522,Sudan,3,Both,22,All ages,507,Other cardiovascular and circulatory diseases,3,Rate,2018,958.43123993445,1162.79765073116,773.77607799179
1,All Population,5,Prevalence,106,Bahamas,3,Both,22,All ages,507,Other cardiovascular and circulatory diseases,3,Rate,2019,1464.9303260987401,1817.91362591311,1133.13482710862
1,All Population,5,Prevalence,57,Belarus,3,Both,22,All ages,507,Other cardiovascular and circulatory diseases,3,Rate,2018,781.92416749481,1008.1866322730001,587.85096575079
1,All Population,5,Prevalence,396,San Marino,3,Both,22,All ages,507,Other cardiovascular and circulatory diseases,3,Rate,2017,8304.15160615728,10039.51773823975,6670.01054942408
1,All Population,5,Prevalence,91,Portugal,3,Both,22,All ages,507,Other cardiovascular and circulatory diseases,3,Rate,2017,2132.23289280868,2756.6323376072,1607.1672229246499
1,All Population,5,Prevalence,38,Mongolia,3,Both,22,All ages,507,Other cardiovascular and circulatory diseases,3,Rate,2018,290.43956473432,380.30069311819,218.06486698151
1,All Population,5,Prevalence,54,Slovakia,3,Both,22,All ages,507,Other cardiovascular and circulatory diseases,3,Rate,2019,2355.53280338632,3012.19444180157,1828.59939122716
1,All Population,5,Prevalence,122,Ecuador,3,Both,22,All ages,507,Other cardiovascular and circulatory diseases,3,Rate,2018,944.04094210852,1149.7052451329,762.34373704953
1,All Population,5,Prevalence,88,Malta,3,Both,22,All ages,507,Other cardiovascular and circulatory diseases,3,Rate,2019,1345.29951500901,1741.1891676519201,1024.55984654574
1,All Population,5,Prevalence,23,Kiribati,3,Both,22,All ages,507,Other cardiovascular and circulatory diseases,3,Rate,2019,250.81858235291,313.39998739383,202.05274664761998
1,All Population,5,Prevalence,41,Uzbekistan,3,Both,22,All ages,507,Other cardiovascular and circulatory diseases,3,Rate,2019,425.29876967568003,551.21458794516,322.73522030924
1,All Population,5,Prevalence,28,Solomon Islands,3,Both,22,All ages,507,Other cardiovascular and circulatory diseases,3,Rate,2019,155.07807530796,193.81718279457002,123.91651282488999
1,All Population,5,Prevalence,72,New Zealand,3,Both,22,All ages,507,Other cardiovascular and circulatory diseases,3,Rate,2019,1496.77808371738,1965.0661881685598,1130.94641556323
1,All Population,5,Prevalence,75,Austria,3,Both,22,All ages,507,Other cardiovascular and circulatory diseases,3,Rate,2019,1733.04516967915,2155.2648345522102,1377.08860788428
1,All Population,5,Prevalence,43,Albania,3,Both,22,All ages,507,Other cardiovascular and circulatory diseases,3,Rate,2018,3070.38325232765,3887.5790144646503,2370.21410812327
1,All Population,5,Prevalence,101,Canada,3,Both,22,All ages,507,Other cardiovascular and circulatory diseases,3,Rate,2019,4150.98537001112,5167.76672659856,3218.2041414647297
1,All Population,5,Prevalence,77,Cyprus,3,Both,22,All ages,507,Other cardiovascular and circulatory diseases,3,Rate,2019,1059.7683882687402,1366.5623860302,808.5355020356001
1,All Population,5,Prevalence,139,Algeria,3,Both,22,All ages,507,Other cardiovascular and circulatory diseases,3,Rate,2019,1685.4225828397,2071.7763883563002,1318.91644335639
1,All Population,5,Prevalence,51,Poland,3,Both,22,All ages,507,Other cardiovascular and circulatory diseases,3,Rate,2019,1326.78728649976,1759.70321186679,1011.40592110358
1,All Population,5,Prevalence,145,Kuwait,3,Both,22,All ages,507,Other cardiovascular and circulatory diseases,3,Rate,2019,442.58962881955,555.37376100811,348.47148114338
1,All Population,5,Prevalence,62,Russian Federation,3,Both,22,All ages,507,Other cardiovascular and circulatory diseases,3,Rate,2019,1498.97253801799,2003.21390945201,1135.47836840238
1,All Population,5,Prevalence,189,United Republic of Tanzania,3,Both,22,All ages,507,Other cardiovascular and circulatory diseases,3,Rate,2017,762.70089953901,1009.4422480582401,565.08865909728
1,All Population,5,Prevalence,34,Azerbaijan,3,Both,22,All ages,507,Other cardiovascular and circulatory diseases,3,Rate,2019,359.66140595495,480.10350245933,270.54469813327
1,All Population,5,Prevalence,15,Myanmar,3,Both,22,All ages,507,Other cardiovascular and circulatory diseases,3,Rate,2019,243.43946439987002,303.50887618656003,196.10730407272
1,All Population,5,Prevalence,92,Spain,3,Both,22,All ages,507,Other cardiovascular and circulatory diseases,3,Rate,2019,2999.65971774837,3734.99705640895,2411.98219662082
1,All Population,5,Prevalence,47,Czechia,3,Both,22,All ages,507,Other cardiovascular and circulatory diseases,3,Rate,2019,3964.1054309733804,5061.5562538122595,3014.09689754979
1,All Population,5,Prevalence,143,Iraq,3,Both,22,All ages,507,Other cardiovascular and circulatory diseases,3,Rate,2017,510.36667378909,626.8439621853,409.06300337167
1,All Population,5,Prevalence,6,China,3,Both,22,All ages,507,Other cardiovascular and circulatory diseases,3,Rate,2019,384.65094170535,505.56597789114005,294.71299002695
1,All Population,5,Prevalence,63,Ukraine,3,Both,22,All ages,507,Other cardiovascular and circulatory diseases,3,Rate,2019,640.79471277734,862.14182525269,467.80120546673993
1,All Population,5,Prevalence,24,Marshall Islands,3,Both,22,All ages,507,Other cardiovascular and circulatory diseases,3,Rate,2019,184.08536372865998,230.95016040488,148.57082585468999
1,All Population,5,Prevalence,28,Solomon Islands,3,Both,22,All ages,507,Other cardiovascular and circulatory diseases,3,Rate,2018,153.37170036966,191.20918277307,124.19431793432
1,All Population,5,Prevalence,161,Bangladesh,3,Both,22,All ages,507,Other cardiovascular and circulatory diseases,3,Rate,2018,564.80056723793,703.00583320139,442.92518201145003
1,All Population,5,Prevalence,209,Guinea-Bissau,3,Both,22,All ages,507,Other cardiovascular and circulatory diseases,3,Rate,2018,961.7415059913301,1251.5504293619802,712.2623565179699
1,All Population,5,Prevalence,93,Sweden,3,Both,22,All ages,507,Other cardiovascular and circulatory diseases,3,Rate,2019,3940.7971882276897,5143.96762163421,3011.26175500269
1,All Population,5,Prevalence,33,Armenia,3,Both,22,All ages,507,Other cardiovascular and circulatory diseases,3,Rate,2019,1361.85484312084,1728.61574723238,1041.96806310224
1,All Population,5,Prevalence,78,Denmark,3,Both,22,All ages,507,Other cardiovascular and circulatory diseases,3,Rate,2019,1609.1037586839202,2112.22689711182,1208.23518478283
1,All Population,5,Prevalence,46,Croatia,3,Both,22,All ages,507,Other cardiovascular and circulatory diseases,3,Rate,2019,518.58843436635,678.10466946083,379.00191143746
1,All Population,5,Prevalence,135,Brazil,3,Both,22,All ages,507,Other cardiovascular and circulatory diseases,3,Rate,2019,1571.5077445563102,1957.22112043223,1210.95799926179
1,All Population,5,Prevalence,16,Philippines,3,Both,22,All ages,507,Other cardiovascular and circulatory diseases,3,Rate,2019,178.13503453512,221.83238202613998,145.73208693454
1,All Population,5,Prevalence,85,Israel,3,Both,22,All ages,507,Other cardiovascular and circulatory diseases,3,Rate,2019,1515.27473333391,1927.8260638375198,1168.24744854347
1,All Population,5,Prevalence,27,Samoa,3,Both,22,All ages,507,Other cardiovascular and circulatory diseases,3,Rate,2018,310.7095207668,390.76733793756,251.59213604346002
1,All Population,5,Prevalence,57,Belarus,3,Both,22,All ages,507,Other cardiovascular and circulatory diseases,3,Rate,2019,822.68141750327,1068.1923589713301,615.64633739476
1,All Population,5,Prevalence,147,Libya,3,Both,22,All ages,507,Other cardiovascular and circulatory diseases,3,Rate,2019,1647.00182474123,2038.3789885342799,1315.70747425488
1,All Population,5,Prevalence,130,Mexico,3,Both,22,All ages,507,Other cardiovascular and circulatory diseases,3,Rate,2019,1223.63467107824,1501.97063354088,962.7410900745001
1,All Population,5,Prevalence,89,Netherlands,3,Both,22,All ages,507,Other cardiovascular and circulatory diseases,3,Rate,2018,2883.06227139744,3679.3011960306203,2155.40942060799
1,All Population,5,Prevalence,204,Chad,3,Both,22,All ages,507,Other cardiovascular and circulatory diseases,3,Rate,2019,905.7398151367199,1182.98402519977,676.66041484349
1,All Population,5,Prevalence,98,Chile,3,Both,22,All ages,507,Other cardiovascular and circulatory diseases,3,Rate,2019,1486.01102482919,1928.4077360351403,1141.80241649763
1,All Population,5,Prevalence,171,Democratic Republic of the Congo,3,Both,22,All ages,507,Other cardiovascular and circulatory diseases,3,Rate,2018,609.11247464459,824.0637212469501,442.44292242619
1,All Population,5,Prevalence,351,Guam,3,Both,22,All ages,507,Other cardiovascular and circulatory diseases,3,Rate,2017,476.63521236526003,609.23805177189,378.05546418214
1,All Population,5,Prevalence,169,Central African Republic,3,Both,22,All ages,507,Other cardiovascular and circulatory diseases,3,Rate,2019,499.14662233373,664.86268709505,363.42209362239004
1,All Population,5,Prevalence,116,Saint Lucia,3,Both,22,All ages,507,Other cardiovascular and circulatory diseases,3,Rate,2019,2508.21176140087,3088.1362741882,1983.48524380871
1,All Population,5,Prevalence,122,Ecuador,3,Both,22,All ages,507,Other cardiovascular and circulatory diseases,3,Rate,2019,1003.96555178238,1233.00139656297,811.1535954347901
1,All Population,5,Prevalence,11,Indonesia,3,Both,22,All ages,507,Other cardiovascular and circulatory diseases,3,Rate,2019,256.95706574032005,323.83307678294,208.38578855478002
1,All Population,5,Prevalence,298,American Samoa,3,Both,22,All ages,507,Other cardiovascular and circulatory diseases,3,Rate,2019,591.63757270272,753.43156316596,459.16027053924
1,All Population,5,Prevalence,146,Lebanon,3,Both,22,All ages,507,Other cardiovascular and circulatory diseases,3,Rate,2019,2256.55117384793,2766.37874912002,1825.94424139725
1,All Population,5,Prevalence,367,Monaco,3,Both,22,All ages,507,Other cardiovascular and circulatory diseases,3,Rate,2019,1344.60636948667,1838.3843091967601,1007.7748941664701
1,All Population,5,Prevalence,194,Lesotho,3,Both,22,All ages,507,Other cardiovascular and circulatory diseases,3,Rate,2019,856.2091157956199,1207.3810302408901,597.50173636748
1,All Population,5,Prevalence,109,Cuba,3,Both,22,All ages,507,Other cardiovascular and circulatory diseases,3,Rate,2019,1795.30380722543,2239.69702017757,1367.55823005413
1,All Population,5,Prevalence,116,Saint Lucia,3,Both,22,All ages,507,Other cardiovascular and circulatory diseases,3,Rate,2018,2450.211988592,3033.8512283744,1926.28869665762
1,All Population,5,Prevalence,435,South Sudan,3,Both,22,All ages,507,Other cardiovascular and circulatory diseases,3,Rate,2018,542.7410163176401,738.7919389610599,400.82814099331006
1,All Population,5,Prevalence,7,Democratic People's Republic of Korea,3,Both,22,All ages,507,Other cardiovascular and circulatory diseases,3,Rate,2019,231.68795615857,291.63876503388,181.43713023484
1,All Population,5,Prevalence,110,Dominica,3,Both,22,All ages,507,Other cardiovascular and circulatory diseases,3,Rate,2019,1443.2279014945,1845.59511002352,1129.70662149804
1,All Population,5,Prevalence,99,Uruguay,3,Both,22,All ages,507,Other cardiovascular and circulatory diseases,3,Rate,2019,2005.4166015365,2568.8508479317197,1553.38059832655
1,All Population,5,Prevalence,140,Bahrain,3,Both,22,All ages,507,Other cardiovascular and circulatory diseases,3,Rate,2019,945.20205357386,1207.3803513521,738.45702447212
1,All Population,5,Prevalence,69,Singapore,3,Both,22,All ages,507,Other cardiovascular and circulatory diseases,3,Rate,2019,564.01221883632,696.64723322539,427.86657025965997
1,All Population,5,Prevalence,85,Israel,3,Both,22,All ages,507,Other cardiovascular and circulatory diseases,3,Rate,2018,1436.46080885179,1822.27810519464,1116.64840885546
1,All Population,5,Prevalence,12,Lao People's Democratic Republic,3,Both,22,All ages,507,Other cardiovascular and circulatory diseases,3,Rate,2018,166.0674685102,202.3575068372,135.41942934712
1,All Population,5,Prevalence,102,United States of America,3,Both,22,All ages,507,Other cardiovascular and circulatory diseases,3,Rate,2019,2463.48926099685,3080.41449045443,1988.4730471182902
1,All Population,5,Prevalence,74,Andorra,3,Both,22,All ages,507,Other cardiovascular and circulatory diseases,3,Rate,2018,919.11214663497,1174.42892669676,694.3791535883399
1,All Population,5,Prevalence,117,Saint Vincent and the Grenadines,3,Both,22,All ages,507,Other cardiovascular and circulatory diseases,3,Rate,2019,2764.27004757605,3349.2269835062502,2224.0194517393697
1,All Population,5,Prevalence,55,Slovenia,3,Both,22,All ages,507,Other cardiovascular and circulatory diseases,3,Rate,2019,1373.77048887494,1848.9848044493801,979.59218532722
1,All Population,5,Prevalence,156,United Arab Emirates,3,Both,22,All ages,507,Other cardiovascular and circulatory diseases,3,Rate,2019,972.30129743481,1280.95062580685,704.06692744781
1,All Population,5,Prevalence,126,Costa Rica,3,Both,22,All ages,507,Other cardiovascular and circulatory diseases,3,Rate,2019,1721.1460914596103,2113.22941509515,1298.38662574564
1,All Population,5,Prevalence,217,Sierra Leone,3,Both,22,All ages,507,Other cardiovascular and circulatory diseases,3,Rate,2019,1302.1086384344399,1675.4886304054198,952.8928135541801
1,All Population,5,Prevalence,77,Cyprus,3,Both,22,All ages,507,Other cardiovascular and circulatory diseases,3,Rate,2018,983.32681077544,1254.76515826094,760.3488036296001
1,All Population,5,Prevalence,413,Tokelau,3,Both,22,All ages,507,Other cardiovascular and circulatory diseases,3,Rate,2019,465.59133821963,608.97217292571,367.20756272141
1,All Population,5,Prevalence,184,Mozambique,3,Both,22,All ages,507,Other cardiovascular and circulatory diseases,3,Rate,2019,942.745949248,1236.85319591986,722.88233384823
1,All Population,5,Prevalence,36,Kazakhstan,3,Both,22,All ages,507,Other cardiovascular and circulatory diseases,3,Rate,2018,399.12222386734,528.01286263227,297.24702282613003
1,All Population,5,Prevalence,49,North Macedonia,3,Both,22,All ages,507,Other cardiovascular and circulatory diseases,3,Rate,2018,751.58658512745,994.7274030269499,565.11079960075
1,All Population,5,Prevalence,133,Venezuela (Bolivarian Republic of),3,Both,22,All ages,507,Other cardiovascular and circulatory diseases,3,Rate,2018,566.56686466741,695.05819287455,451.41176266142
1,All Population,5,Prevalence,182,Malawi,3,Both,22,All ages,507,Other cardiovascular and circulatory diseases,3,Rate,2019,506.77598789909996,673.52510239076,379.75192596444
1,All Population,5,Prevalence,215,Sao Tome and Principe,3,Both,22,All ages,507,Other cardiovascular and circulatory diseases,3,Rate,2017,1951.28587790509,2464.60913428375,1484.18849388451
1,All Population,5,Prevalence,69,Singapore,3,Both,22,All ages,507,Other cardiovascular and circulatory diseases,3,Rate,2018,526.39584306739,646.6578619677,402.74532103872
1,All Population,5,Prevalence,213,Niger,3,Both,22,All ages,507,Other cardiovascular and circulatory diseases,3,Rate,2018,893.1875155885101,1175.4592369055101,662.29280613654
1,All Population,5,Prevalence,148,Morocco,3,Both,22,All ages,507,Other cardiovascular and circulatory diseases,3,Rate,2018,540.82038438345,669.30870055619,431.51807628047
1,All Population,5,Prevalence,164,Nepal,3,Both,22,All ages,507,Other cardiovascular and circulatory diseases,3,Rate,2019,364.92565921015,450.17771017619003,287.44936541667
1,All Population,5,Prevalence,177,Djibouti,3,Both,22,All ages,507,Other cardiovascular and circulatory diseases,3,Rate,2019,680.83842464372,930.3802695139699,492.25217497998005
1,All Population,5,Prevalence,29,Tonga,3,Both,22,All ages,507,Other cardiovascular and circulatory diseases,3,Rate,2017,458.11241647144,581.3523951733,368.37011295453
1,All Population,5,Prevalence,117,Saint Vincent and the Grenadines,3,Both,22,All ages,507,Other cardiovascular and circulatory diseases,3,Rate,2018,2682.9979395863497,3253.8511901027705,2142.5698008418403
1,All Population,5,Prevalence,193,Botswana,3,Both,22,All ages,507,Other cardiovascular and circulatory diseases,3,Rate,2019,1136.54616162611,1544.4439914228299,839.15537492885
1,All Population,5,Prevalence,151,Qatar,3,Both,22,All ages,507,Other cardiovascular and circulatory diseases,3,Rate,2019,1022.03114826979,1350.45086491211,796.5409544520401
1,All Population,5,Prevalence,396,San Marino,3,Both,22,All ages,507,Other cardiovascular and circulatory diseases,3,Rate,2019,8552.85581291551,10405.92718296892,6917.5039581826495
1,All Population,5,Prevalence,52,Romania,3,Both,22,All ages,507,Other cardiovascular and circulatory diseases,3,Rate,2019,981.11244995158,1284.14200414233,701.88597694024
1,All Population,5,Prevalence,99,Uruguay,3,Both,22,All ages,507,Other cardiovascular and circulatory diseases,3,Rate,2017,1853.0136307421799,2369.7736848659697,1424.35694507651
1,All Population,5,Prevalence,209,Guinea-Bissau,3,Both,22,All ages,507,Other cardiovascular and circulatory diseases,3,Rate,2019,967.3381799277801,1251.6751540056798,722.1995834568501
1,All Population,5,Prevalence,86,Italy,3,Both,22,All ages,507,Other cardiovascular and circulatory diseases,3,Rate,2018,2589.99268700659,3217.35131238782,2055.51180150065
1,All Population,5,Prevalence,374,Niue,3,Both,22,All ages,507,Other cardiovascular and circulatory diseases,3,Rate,2019,473.08444548124,625.2859748012901,367.49325711139
1,All Population,5,Prevalence,24,Marshall Islands,3,Both,22,All ages,507,Other cardiovascular and circulatory diseases,3,Rate,2020,189.20135062506998,237.71044098369998,151.39740458558
1,All Population,5,Prevalence,11,Indonesia,3,Both,22,All ages,507,Other cardiovascular and circulatory diseases,3,Rate,2020,262.10947863113,332.24253186843,211.51842085292
1,All Population,5,Prevalence,48,Hungary,3,Both,22,All ages,507,Other cardiovascular and circulatory diseases,3,Rate,2018,1240.95162007977,1675.87833214957,910.9988194769801
1,All Population,5,Prevalence,83,Iceland,3,Both,22,All ages,507,Other cardiovascular and circulatory diseases,3,Rate,2018,551.37941686309,696.65192250035,424.15665330673
1,All Population,5,Prevalence,83,Iceland,3,Both,22,All ages,507,Other cardiovascular and circulatory diseases,3,Rate,2017,526.35559319685,665.94879586394,406.54393319176995
1,All Population,5,Prevalence,17,Sri Lanka,3,Both,22,All ages,507,Other cardiovascular and circulatory diseases,3,Rate,2018,511.09388789515,638.77314870851,404.5001504269
1,All Population,5,Prevalence,156,United Arab Emirates,3,Both,22,All ages,507,Other cardiovascular and circulatory diseases,3,Rate,2018,909.04769570538,1185.3848094063,654.2981248367701
1,All Population,5,Prevalence,39,Tajikistan,3,Both,22,All ages,507,Other cardiovascular and circulatory diseases,3,Rate,2020,122.29323898577,150.22658352653002,99.12946665655001
1,All Population,5,Prevalence,123,Peru,3,Both,22,All ages,507,Other cardiovascular and circulatory diseases,3,Rate,2019,1406.53644537193,1716.75814608024,1129.9113824286499
1,All Population,5,Prevalence,34,Azerbaijan,3,Both,22,All ages,507,Other cardiovascular and circulatory diseases,3,Rate,2020,367.89395230972997,495.84429412899,276.05000390971003
1,All Population,5,Prevalence,15,Myanmar,3,Both,22,All ages,507,Other cardiovascular and circulatory diseases,3,Rate,2020,247.47879204407002,311.87903572333,197.23075850877999
1,All Population,5,Prevalence,189,United Republic of Tanzania,3,Both,22,All ages,507,Other cardiovascular and circulatory diseases,3,Rate,2018,771.10084266661,1017.6179463199901,567.33560461056
1,All Population,5,Prevalence,66,Brunei Darussalam,3,Both,22,All ages,507,Other cardiovascular and circulatory diseases,3,Rate,2018,423.34697959954,563.80610209265,301.52385973536
1,All Population,5,Prevalence,202,Cameroon,3,Both,22,All ages,507,Other cardiovascular and circulatory diseases,3,Rate,2019,1262.4757272572301,1627.7766659037002,958.8869518976501
1,All Population,5,Prevalence,80,France,3,Both,22,All ages,507,Other cardiovascular and circulatory diseases,3,Rate,2018,10583.710441144529,12149.58026743159,9042.06801631027
1,All Population,5,Prevalence,305,Bermuda,3,Both,22,All ages,507,Other cardiovascular and circulatory diseases,3,Rate,2019,6586.841947416259,8140.728917995891,5309.03483293365
1,All Population,5,Prevalence,369,Nauru,3,Both,22,All ages,507,Other cardiovascular and circulatory diseases,3,Rate,2019,142.46667970415,177.83002834283,116.19946709291
1,All Population,5,Prevalence,195,Namibia,3,Both,22,All ages,507,Other cardiovascular and circulatory diseases,3,Rate,2018,1001.9807443433599,1362.5865404726999,730.98612189034
1,All Population,5,Prevalence,212,Mauritania,3,Both,22,All ages,507,Other cardiovascular and circulatory diseases,3,Rate,2019,1468.9674578476202,1948.5275924491198,1083.85815858766
1,All Population,5,Prevalence,164,Nepal,3,Both,22,All ages,507,Other cardiovascular and circulatory diseases,3,Rate,2018,355.44298589448,435.96785364168005,280.46034532614
1,All Population,5,Prevalence,23,Kiribati,3,Both,22,All ages,507,Other cardiovascular and circulatory diseases,3,Rate,2020,254.19085629701001,320.23061204403,203.51377992286
1,All Population,5,Prevalence,106,Bahamas,3,Both,22,All ages,507,Other cardiovascular and circulatory diseases,3,Rate,2018,1433.4660778819,1776.69607628503,1122.75887517652
1,All Population,5,Prevalence,376,Northern Mariana Islands,3,Both,22,All ages,507,Other cardiovascular and circulatory diseases,3,Rate,2018,890.7702021149299,1140.7490226592,702.53224264634
1,All Population,5,Prevalence,58,Estonia,3,Both,22,All ages,507,Other cardiovascular and circulatory diseases,3,Rate,2020,1108.82973457186,1534.57537488919,782.35228522712
1,All Population,5,Prevalence,45,Bulgaria,3,Both,22,All ages,507,Other cardiovascular and circulatory diseases,3,Rate,2020,2211.3238385495197,2883.6832065019003,1660.33722079338
1,All Population,5,Prevalence,84,Ireland,3,Both,22,All ages,507,Other cardiovascular and circulatory diseases,3,Rate,2020,1611.89046854055,2055.32072677015,1225.4917897650998
1,All Population,5,Prevalence,161,Bangladesh,3,Both,22,All ages,507,Other cardiovascular and circulatory diseases,3,Rate,2019,579.08899325006,721.42584029417,451.50510988306996
1,All Population,5,Prevalence,45,Bulgaria,3,Both,22,All ages,507,Other cardiovascular and circulatory diseases,3,Rate,2018,2084.25202686558,2698.99910098641,1569.95375188796
1,All Population,5,Prevalence,178,Eritrea,3,Both,22,All ages,507,Other cardiovascular and circulatory diseases,3,Rate,2019,621.0300569856,831.22355165078,456.66365273848
1,All Population,5,Prevalence,30,Vanuatu,3,Both,22,All ages,507,Other cardiovascular and circulatory diseases,3,Rate,2018,198.26096421496,245.63591754336,160.93212986344
1,All Population,5,Prevalence,205,Côte d'Ivoire,3,Both,22,All ages,507,Other cardiovascular and circulatory diseases,3,Rate,2019,1159.16842485295,1537.89488785396,874.88801071404
1,All Population,5,Prevalence,157,Yemen,3,Both,22,All ages,507,Other cardiovascular and circulatory diseases,3,Rate,2019,816.06602362545,984.2376518645699,666.50241998226
1,All Population,5,Prevalence,37,Kyrgyzstan,3,Both,22,All ages,507,Other cardiovascular and circulatory diseases,3,Rate,2018,342.37245369468,430.12751696971003,270.59436965945
1,All Population,5,Prevalence,201,Burkina Faso,3,Both,22,All ages,507,Other cardiovascular and circulatory diseases,3,Rate,2019,1469.80325502022,1895.28948134305,1070.29640447243
1,All Population,5,Prevalence,435,South Sudan,3,Both,22,All ages,507,Other cardiovascular and circulatory diseases,3,Rate,2019,555.5612901363401,762.46187802314,403.62870516198
1,All Population,5,Prevalence,374,Niue,3,Both,22,All ages,507,Other cardiovascular and circulatory diseases,3,Rate,2018,469.12272012711,614.21677024637,365.04703351355
1,All Population,5,Prevalence,180,Kenya,3,Both,22,All ages,507,Other cardiovascular and circulatory diseases,3,Rate,2018,473.15054012664,629.13069948493,354.55167312891
1,All Population,5,Prevalence,196,South Africa,3,Both,22,All ages,507,Other cardiovascular and circulatory diseases,3,Rate,2018,1142.0945202039,1536.5345788905502,834.02758790807
1,All Population,5,Prevalence,183,Mauritius,3,Both,22,All ages,507,Other cardiovascular and circulatory diseases,3,Rate,2018,677.18400339956,844.13425638634,522.49254146641
1,All Population,5,Prevalence,115,Jamaica,3,Both,22,All ages,507,Other cardiovascular and circulatory diseases,3,Rate,2019,1278.04232783163,1595.4229265192798,1016.0367540633999
1,All Population,5,Prevalence,8,Taiwan,3,Both,22,All ages,507,Other cardiovascular and circulatory diseases,3,Rate,2020,1023.38502746697,1312.64349854471,769.7931021595
1,All Population,5,Prevalence,6,China,3,Both,22,All ages,507,Other cardiovascular and circulatory diseases,3,Rate,2020,395.10268527325997,523.05670541806,300.20656559694
1,All Population,5,Prevalence,422,United States Virgin Islands,3,Both,22,All ages,507,Other cardiovascular and circulatory diseases,3,Rate,2018,2044.5756959786802,2582.7688640043903,1557.35113644853
1,All Population,5,Prevalence,47,Czechia,3,Both,22,All ages,507,Other cardiovascular and circulatory diseases,3,Rate,2020,3884.3833076105802,5013.43191098953,2868.23744336679
1,All Population,5,Prevalence,210,Liberia,3,Both,22,All ages,507,Other cardiovascular and circulatory diseases,3,Rate,2018,1103.2787887387299,1454.36572001994,791.01917850701
1,All Population,5,Prevalence,179,Ethiopia,3,Both,22,All ages,507,Other cardiovascular and circulatory diseases,3,Rate,2018,564.84245688285,744.08732689361,425.74230664754
1,All Population,5,Prevalence,59,Latvia,3,Both,22,All ages,507,Other cardiovascular and circulatory diseases,3,Rate,2018,953.49494221692,1310.304986947,681.46734230555
1,All Population,5,Prevalence,149,Palestine,3,Both,22,All ages,507,Other cardiovascular and circulatory diseases,3,Rate,2018,447.51735931198,541.5469416101,367.3438545669
1,All Population,5,Prevalence,132,Panama,3,Both,22,All ages,507,Other cardiovascular and circulatory diseases,3,Rate,2018,1189.9204663861399,1468.00280915055,916.3103946433
1,All Population,5,Prevalence,27,Samoa,3,Both,22,All ages,507,Other cardiovascular and circulatory diseases,3,Rate,2020,317.14477247028,404.83128827721004,252.96533244222
1,All Population,5,Prevalence,184,Mozambique,3,Both,22,All ages,507,Other cardiovascular and circulatory diseases,3,Rate,2018,930.5075568105999,1213.16889542238,726.24692201727
1,All Population,5,Prevalence,79,Finland,3,Both,22,All ages,507,Other cardiovascular and circulatory diseases,3,Rate,2020,1776.3548562897702,2343.17183691622,1346.7034856898401
1,All Population,5,Prevalence,155,Türkiye,3,Both,22,All ages,507,Other cardiovascular and circulatory diseases,3,Rate,2019,1705.46337806657,2081.14527831938,1338.35335073784
1,All Population,5,Prevalence,170,Congo,3,Both,22,All ages,507,Other cardiovascular and circulatory diseases,3,Rate,2019,672.7127090493,928.1600700171999,490.22910603289006
1,All Population,5,Prevalence,218,Togo,3,Both,22,All ages,507,Other cardiovascular and circulatory diseases,3,Rate,2019,1353.69691848801,1805.43780476955,990.9447332881899
1,All Population,5,Prevalence,63,Ukraine,3,Both,22,All ages,507,Other cardiovascular and circulatory diseases,3,Rate,2018,628.05589228143,838.1785881537801,461.57008596815
1,All Population,5,Prevalence,110,Dominica,3,Both,22,All ages,507,Other cardiovascular and circulatory diseases,3,Rate,2018,1425.63708105612,1811.57051675191,1104.8043289005
1,All Population,5,Prevalence,416,Tuvalu,3,Both,22,All ages,507,Other cardiovascular and circulatory diseases,3,Rate,2019,258.88630149664,331.3349643963,200.70947409492
1,All Population,5,Prevalence,55,Slovenia,3,Both,22,All ages,507,Other cardiovascular and circulatory diseases,3,Rate,2020,1371.85336398684,1903.7969610918901,957.09215014326
1,All Population,5,Prevalence,72,New Zealand,3,Both,22,All ages,507,Other cardiovascular and circulatory diseases,3,Rate,2020,1514.194460505,2016.2877159433,1116.91048693713
1,All Population,5,Prevalence,190,Uganda,3,Both,22,All ages,507,Other cardiovascular and circulatory diseases,3,Rate,2018,488.85537328587003,637.05655323354,370.88969850747
1,All Population,5,Prevalence,95,United Kingdom,3,Both,22,All ages,507,Other cardiovascular and circulatory diseases,3,Rate,2018,2508.67748310234,3112.14038337541,1988.17835116968
1,All Population,5,Prevalence,7,Democratic People's Republic of Korea,3,Both,22,All ages,507,Other cardiovascular and circulatory diseases,3,Rate,2020,235.77036498718002,299.01778310467,184.89060247348
1,All Population,5,Prevalence,185,Rwanda,3,Both,22,All ages,507,Other cardiovascular and circulatory diseases,3,Rate,2019,596.33743523678,815.3910748405799,437.14010380012996
1,All Population,5,Prevalence,185,Rwanda,3,Both,22,All ages,507,Other cardiovascular and circulatory diseases,3,Rate,2018,585.35744449914,795.5125406795299,430.31731229861
1,All Population,5,Prevalence,69,Singapore,3,Both,22,All ages,507,Other cardiovascular and circulatory diseases,3,Rate,2020,603.45640567514,762.08629179387,452.54673848547003
1,All Population,5,Prevalence,141,Egypt,3,Both,22,All ages,507,Other cardiovascular and circulatory diseases,3,Rate,2018,1055.3812628308199,1297.70317919805,858.42529143822
1,All Population,5,Prevalence,206,Gambia,3,Both,22,All ages,507,Other cardiovascular and circulatory diseases,3,Rate,2019,1343.98726096939,1751.1009513914498,1014.14032722593
1,All Population,5,Prevalence,92,Spain,3,Both,22,All ages,507,Other cardiovascular and circulatory diseases,3,Rate,2020,3074.51854886499,3825.19953819105,2438.50789463199
1,All Population,5,Prevalence,68,Republic of Korea,3,Both,22,All ages,507,Other cardiovascular and circulatory diseases,3,Rate,2020,1340.70047170832,1675.3282844309801,1043.44777506986
1,All Population,5,Prevalence,208,Guinea,3,Both,22,All ages,507,Other cardiovascular and circulatory diseases,3,Rate,2019,1234.7813315363398,1612.4785554222299,906.68775588529
1,All Population,5,Prevalence,62,Russian Federation,3,Both,22,All ages,507,Other cardiovascular and circulatory diseases,3,Rate,2020,1574.50145610822,2136.2802921847597,1181.48579976274
1,All Population,5,Prevalence,351,Guam,3,Both,22,All ages,507,Other cardiovascular and circulatory diseases,3,Rate,2018,494.37303803301,634.4416158043,392.12992474902
1,All Population,5,Prevalence,94,Switzerland,3,Both,22,All ages,507,Other cardiovascular and circulatory diseases,3,Rate,2018,1675.19343656868,2118.72665004447,1290.25192495332
1,All Population,5,Prevalence,204,Chad,3,Both,22,All ages,507,Other cardiovascular and circulatory diseases,3,Rate,2018,909.32458028794,1200.7853022403,680.46055523609
1,All Population,5,Prevalence,74,Andorra,3,Both,22,All ages,507,Other cardiovascular and circulatory diseases,3,Rate,2020,953.32327105668,1235.63731541789,712.10194744228
1,All Population,5,Prevalence,87,Luxembourg,3,Both,22,All ages,507,Other cardiovascular and circulatory diseases,3,Rate,2020,3864.73616101801,4899.86831461053,2985.21039914082
1,All Population,5,Prevalence,40,Turkmenistan,3,Both,22,All ages,507,Other cardiovascular and circulatory diseases,3,Rate,2020,266.7850967543,343.02311578194,204.63064102941
1,All Population,5,Prevalence,119,Trinidad and Tobago,3,Both,22,All ages,507,Other cardiovascular and circulatory diseases,3,Rate,2019,1477.16900041138,1854.66514995053,1135.89473675612
1,All Population,5,Prevalence,14,Maldives,3,Both,22,All ages,507,Other cardiovascular and circulatory diseases,3,Rate,2018,788.02697916398,977.18587710058,636.2095578129899
1,All Population,5,Prevalence,522,Sudan,3,Both,22,All ages,507,Other cardiovascular and circulatory diseases,3,Rate,2019,965.76733156185,1182.07479489354,781.6709827225401
1,All Population,5,Prevalence,67,Japan,3,Both,22,All ages,507,Other cardiovascular and circulatory diseases,3,Rate,2019,1945.07049214691,2451.96470945307,1513.40413869194
1,All Population,5,Prevalence,142,Iran (Islamic Republic of),3,Both,22,All ages,507,Other cardiovascular and circulatory diseases,3,Rate,2018,2077.14647111455,2578.6435712441503,1689.37188124214
1,All Population,5,Prevalence,125,Colombia,3,Both,22,All ages,507,Other cardiovascular and circulatory diseases,3,Rate,2018,1935.03274890337,2386.29135956338,1505.6821946252999
1,All Population,5,Prevalence,18,Thailand,3,Both,22,All ages,507,Other cardiovascular and circulatory diseases,3,Rate,2018,831.61621044523,1049.86515149711,634.4888598528299
1,All Population,5,Prevalence,16,Philippines,3,Both,22,All ages,507,Other cardiovascular and circulatory diseases,3,Rate,2020,180.98053238117998,228.15462314976,147.67763201529002
1,All Population,5,Prevalence,175,Burundi,3,Both,22,All ages,507,Other cardiovascular and circulatory diseases,3,Rate,2017,532.8297334154801,697.89410698177,396.85327064015
1,All Population,5,Prevalence,205,Côte d'Ivoire,3,Both,22,All ages,507,Other cardiovascular and circulatory diseases,3,Rate,2017,1140.29288365873,1514.08865763224,856.17266914271
1,All Population,5,Prevalence,22,Fiji,3,Both,22,All ages,507,Other cardiovascular and circulatory diseases,3,Rate,2020,307.80171839183,399.41487373856,241.95442968096
1,All Population,5,Prevalence,46,Croatia,3,Both,22,All ages,507,Other cardiovascular and circulatory diseases,3,Rate,2020,548.1304199566599,728.34352128193,392.32836120609
1,All Population,5,Prevalence,203,Cabo Verde,3,Both,22,All ages,507,Other cardiovascular and circulatory diseases,3,Rate,2018,3001.07441755106,3781.5244111078996,2228.77233856285
1,All Population,5,Prevalence,61,Republic of Moldova,3,Both,22,All ages,507,Other cardiovascular and circulatory diseases,3,Rate,2019,596.3303899725099,791.88121312512,443.98916245404996
1,All Population,5,Prevalence,218,Togo,3,Both,22,All ages,507,Other cardiovascular and circulatory diseases,3,Rate,2018,1325.96597397841,1766.60326357173,974.88742630773
1,All Population,5,Prevalence,109,Cuba,3,Both,22,All ages,507,Other cardiovascular and circulatory diseases,3,Rate,2018,1755.38198704584,2181.3197339564604,1346.01891215657
1,All Population,5,Prevalence,172,Equatorial Guinea,3,Both,22,All ages,507,Other cardiovascular and circulatory diseases,3,Rate,2018,609.9740626579501,792.07297377181,456.87095799192997
1,All Population,5,Prevalence,40,Turkmenistan,3,Both,22,All ages,507,Other cardiovascular and circulatory diseases,3,Rate,2019,261.14441629007,334.02072844731,199.39052207086002
1,All Population,5,Prevalence,12,Lao People's Democratic Republic,3,Both,22,All ages,507,Other cardiovascular and circulatory diseases,3,Rate,2019,168.85204165168,207.56206711741,137.18639812015
1,All Population,5,Prevalence,90,Norway,3,Both,22,All ages,507,Other cardiovascular and circulatory diseases,3,Rate,2019,1669.63284726184,2230.66098798314,1246.87788105468
1,All Population,5,Prevalence,74,Andorra,3,Both,22,All ages,507,Other cardiovascular and circulatory diseases,3,Rate,2019,935.4025829674199,1206.95984303757,702.12494574238
1,All Population,5,Prevalence,43,Albania,3,Both,22,All ages,507,Other cardiovascular and circulatory diseases,3,Rate,2019,3144.82330868155,3969.01053008208,2389.6374270075403
1,All Population,5,Prevalence,58,Estonia,3,Both,22,All ages,507,Other cardiovascular and circulatory diseases,3,Rate,2019,1062.47742438529,1454.68801664742,765.6193627062901
1,All Population,5,Prevalence,157,Yemen,3,Both,22,All ages,507,Other cardiovascular and circulatory diseases,3,Rate,2018,809.5786335445899,972.89760753389,660.52731088641
1,All Population,5,Prevalence,78,Denmark,3,Both,22,All ages,507,Other cardiovascular and circulatory diseases,3,Rate,2020,1578.31636804872,2104.20271059561,1172.88977839084
1,All Population,5,Prevalence,82,Greece,3,Both,22,All ages,507,Other cardiovascular and circulatory diseases,3,Rate,2020,699.36239974666,909.2751895907801,528.1415332745601
1,All Population,5,Prevalence,61,Republic of Moldova,3,Both,22,All ages,507,Other cardiovascular and circulatory diseases,3,Rate,2020,624.61268211124,838.3542722194101,461.35118739746
1,All Population,5,Prevalence,116,Saint Lucia,3,Both,22,All ages,507,Other cardiovascular and circulatory diseases,3,Rate,2020,2554.90944641173,3127.8080009838804,2030.80186729237
1,All Population,5,Prevalence,191,Zambia,3,Both,22,All ages,507,Other cardiovascular and circulatory diseases,3,Rate,2017,488.57506953443,659.7853912525501,367.84809422949996
1,All Population,5,Prevalence,79,Finland,3,Both,22,All ages,507,Other cardiovascular and circulatory diseases,3,Rate,2019,1769.0576510871401,2285.95372878372,1340.4653962853201
1,All Population,5,Prevalence,105,Antigua and Barbuda,3,Both,22,All ages,507,Other cardiovascular and circulatory diseases,3,Rate,2019,2674.53535080675,3256.7464763787502,2100.23953278134
1,All Population,5,Prevalence,131,Nicaragua,3,Both,22,All ages,507,Other cardiovascular and circulatory diseases,3,Rate,2020,671.53720905868,810.79102895142,527.91017678148
1,All Population,5,Prevalence,84,Ireland,3,Both,22,All ages,507,Other cardiovascular and circulatory diseases,3,Rate,2019,1600.6345050869002,2029.77180006856,1233.9957498818299
1,All Population,5,Prevalence,71,Australia,3,Both,22,All ages,507,Other cardiovascular and circulatory diseases,3,Rate,2019,3610.48656850654,4511.70913822836,2894.64373551929
1,All Population,5,Prevalence,152,Saudi Arabia,3,Both,22,All ages,507,Other cardiovascular and circulatory diseases,3,Rate,2020,759.61413185222,954.8506382303701,596.85977133838
1,All Population,5,Prevalence,163,India,3,Both,22,All ages,507,Other cardiovascular and circulatory diseases,3,Rate,2020,535.36656562056,683.19401862845,414.57394996415
1,All Population,5,Prevalence,35,Georgia,3,Both,22,All ages,507,Other cardiovascular and circulatory diseases,3,Rate,2020,1067.19166855657,1477.14872769837,713.64056460452
1,All Population,5,Prevalence,141,Egypt,3,Both,22,All ages,507,Other cardiovascular and circulatory diseases,3,Rate,2019,1069.9157833336199,1314.3749686067702,867.4677165538901
1,All Population,5,Prevalence,87,Luxembourg,3,Both,22,All ages,507,Other cardiovascular and circulatory diseases,3,Rate,2019,3857.91009164158,4807.72007641673,3050.36874522474
1,All Population,5,Prevalence,136,Paraguay,3,Both,22,All ages,507,Other cardiovascular and circulatory diseases,3,Rate,2020,781.23904445443,971.14675121348,615.56004912061
1,All Population,5,Prevalence,107,Barbados,3,Both,22,All ages,507,Other cardiovascular and circulatory diseases,3,Rate,2020,3251.51109518877,4086.1134682905504,2508.5083163929803
1,All Population,5,Prevalence,53,Serbia,3,Both,22,All ages,507,Other cardiovascular and circulatory diseases,3,Rate,2019,997.06063374776,1359.70348642632,676.3387366299299
1,All Population,5,Prevalence,94,Switzerland,3,Both,22,All ages,507,Other cardiovascular and circulatory diseases,3,Rate,2019,1763.5199314120002,2257.31977485444,1348.58080457891
1,All Population,5,Prevalence,49,North Macedonia,3,Both,22,All ages,507,Other cardiovascular and circulatory diseases,3,Rate,2019,778.61614415571,1042.25918951812,584.29940838876
1,All Population,5,Prevalence,107,Barbados,3,Both,22,All ages,507,Other cardiovascular and circulatory diseases,3,Rate,2019,3197.7544580508097,3980.44599017575,2505.1497232076
1,All Population,5,Prevalence,36,Kazakhstan,3,Both,22,All ages,507,Other cardiovascular and circulatory diseases,3,Rate,2019,412.49484924936,548.71321572695,304.58349437229
1,All Population,5,Prevalence,154,Tunisia,3,Both,22,All ages,507,Other cardiovascular and circulatory diseases,3,Rate,2019,2085.3256752728403,2576.3025365271396,1658.71452949835
1,All Population,5,Prevalence,169,Central African Republic,3,Both,22,All ages,507,Other cardiovascular and circulatory diseases,3,Rate,2020,500.40055214514,661.16006057359,364.42105564845
1,All Population,5,Prevalence,13,Malaysia,3,Both,22,All ages,507,Other cardiovascular and circulatory diseases,3,Rate,2020,799.5658329641501,978.4098629442999,643.1508341024299
1,All Population,5,Prevalence,105,Antigua and Barbuda,3,Both,22,All ages,507,Other cardiovascular and circulatory diseases,3,Rate,2020,2726.71117343948,3337.9148476147,2117.4506854402
1,All Population,5,Prevalence,59,Latvia,3,Both,22,All ages,507,Other cardiovascular and circulatory diseases,3,Rate,2019,1022.2325592913501,1400.12354903303,725.0314686733
1,All Population,5,Prevalence,25,Micronesia (Federated States of),3,Both,22,All ages,507,Other cardiovascular and circulatory diseases,3,Rate,2019,226.58256820733,287.07614559451997,179.09280440508
1,All Population,5,Prevalence,121,Bolivia (Plurinational State of),3,Both,22,All ages,507,Other cardiovascular and circulatory diseases,3,Rate,2020,897.95938991912,1094.00151665775,725.14866212575
1,All Population,5,Prevalence,148,Morocco,3,Both,22,All ages,507,Other cardiovascular and circulatory diseases,3,Rate,2019,544.8595100026199,675.04966590712,434.57831661202
1,All Population,5,Prevalence,26,Papua New Guinea,3,Both,22,All ages,507,Other cardiovascular and circulatory diseases,3,Rate,2019,182.1218487274,228.30680466925003,143.31915125728
1,All Population,5,Prevalence,41,Uzbekistan,3,Both,22,All ages,507,Other cardiovascular and circulatory diseases,3,Rate,2020,449.65405471545995,587.64247693951,339.07328823073004
1,All Population,5,Prevalence,146,Lebanon,3,Both,22,All ages,507,Other cardiovascular and circulatory diseases,3,Rate,2020,2279.4631941791504,2788.94573471626,1838.5386598287998
1,All Population,5,Prevalence,101,Canada,3,Both,22,All ages,507,Other cardiovascular and circulatory diseases,3,Rate,2020,4203.31196250082,5242.774457654769,3246.58934433793
1,All Population,5,Prevalence,125,Colombia,3,Both,22,All ages,507,Other cardiovascular and circulatory diseases,3,Rate,2019,2028.5066276734299,2510.14790678301,1589.80611016645
1,All Population,5,Prevalence,112,Grenada,3,Both,22,All ages,507,Other cardiovascular and circulatory diseases,3,Rate,2019,1859.83023009838,2333.45761097336,1431.8077081725098
1,All Population,5,Prevalence,128,Guatemala,3,Both,22,All ages,507,Other cardiovascular and circulatory diseases,3,Rate,2019,874.93170881477,1069.78499646597,701.81967972602
1,All Population,5,Prevalence,36,Kazakhstan,3,Both,22,All ages,507,Other cardiovascular and circulatory diseases,3,Rate,2020,424.30496786501,572.51392300563,312.10044371725
1,All Population,5,Prevalence,168,Angola,3,Both,22,All ages,507,Other cardiovascular and circulatory diseases,3,Rate,2020,642.36292970935,865.7693174227101,470.58623626067
1,All Population,5,Prevalence,102,United States of America,3,Both,22,All ages,507,Other cardiovascular and circulatory diseases,3,Rate,2020,2511.5387182119202,3175.25769076885,2018.44819367176
1,All Population,5,Prevalence,111,Dominican Republic,3,Both,22,All ages,507,Other cardiovascular and circulatory diseases,3,Rate,2019,791.3220093059101,967.95189064531,629.90517508
1,All Population,5,Prevalence,121,Bolivia (Plurinational State of),3,Both,22,All ages,507,Other cardiovascular and circulatory diseases,3,Rate,2019,893.59385527234,1089.67057234461,723.06110576918
1,All Population,5,Prevalence,60,Lithuania,3,Both,22,All ages,507,Other cardiovascular and circulatory diseases,3,Rate,2020,1837.04321800319,2476.51348284192,1354.6289897356498
1,All Population,5,Prevalence,142,Iran (Islamic Republic of),3,Both,22,All ages,507,Other cardiovascular and circulatory diseases,3,Rate,2019,2104.8976028526004,2638.8694682055,1715.41365441339
1,All Population,5,Prevalence,91,Portugal,3,Both,22,All ages,507,Other cardiovascular and circulatory diseases,3,Rate,2018,2190.47893198451,2844.45631542398,1635.42230304669
1,All Population,5,Prevalence,13,Malaysia,3,Both,22,All ages,507,Other cardiovascular and circulatory diseases,3,Rate,2019,782.63051831899,952.39579341701,631.29089569233
1,All Population,5,Prevalence,26,Papua New Guinea,3,Both,22,All ages,507,Other cardiovascular and circulatory diseases,3,Rate,2020,185.12030793768,231.45192689512,144.78163994429
1,All Population,5,Prevalence,50,Montenegro,3,Both,22,All ages,507,Other cardiovascular and circulatory diseases,3,Rate,2018,1211.42069501853,1592.7322203404901,890.4255852514699
1,All Population,5,Prevalence,139,Algeria,3,Both,22,All ages,507,Other cardiovascular and circulatory diseases,3,Rate,2020,1713.4792300061201,2111.21200174283,1323.5399922081199
1,All Population,5,Prevalence,171,Democratic Republic of the Congo,3,Both,22,All ages,507,Other cardiovascular and circulatory diseases,3,Rate,2019,615.81838241065,827.16593667533,446.59670033902
1,All Population,5,Prevalence,173,Gabon,3,Both,22,All ages,507,Other cardiovascular and circulatory diseases,3,Rate,2020,948.6786100256301,1311.98525074325,658.7781884089501
1,All Population,5,Prevalence,154,Tunisia,3,Both,22,All ages,507,Other cardiovascular and circulatory diseases,3,Rate,2020,2116.91673170494,2631.22963551656,1681.11701066726
1,All Population,5,Prevalence,126,Costa Rica,3,Both,22,All ages,507,Other cardiovascular and circulatory diseases,3,Rate,2020,1764.1972470786397,2181.95912378401,1328.75766158102
1,All Population,5,Prevalence,186,Seychelles,3,Both,22,All ages,507,Other cardiovascular and circulatory diseases,3,Rate,2020,412.77491269220997,515.87296731816,319.7862935053
1,All Population,5,Prevalence,147,Libya,3,Both,22,All ages,507,Other cardiovascular and circulatory diseases,3,Rate,2020,1681.35151174661,2091.17428013503,1328.3423497983201
1,All Population,5,Prevalence,179,Ethiopia,3,Both,22,All ages,507,Other cardiovascular and circulatory diseases,3,Rate,2019,572.52225158623,751.43931966608,429.51563162680003
1,All Population,5,Prevalence,385,Puerto Rico,3,Both,22,All ages,507,Other cardiovascular and circulatory diseases,3,Rate,2018,2472.96216660003,3129.1123590913003,1896.09898292825
1,All Population,5,Prevalence,149,Palestine,3,Both,22,All ages,507,Other cardiovascular and circulatory diseases,3,Rate,2019,454.55946147976,551.66457742498,371.04691649246
1,All Population,5,Prevalence,197,Eswatini,3,Both,22,All ages,507,Other cardiovascular and circulatory diseases,3,Rate,2018,840.28345755635,1171.90192853043,595.02933715244
1,All Population,5,Prevalence,115,Jamaica,3,Both,22,All ages,507,Other cardiovascular and circulatory diseases,3,Rate,2020,1285.19740309804,1612.5732346036402,1022.85673743666
1,All Population,5,Prevalence,200,Benin,3,Both,22,All ages,507,Other cardiovascular and circulatory diseases,3,Rate,2020,983.94940521115,1296.29842047374,737.06341825052
1,All Population,5,Prevalence,211,Mali,3,Both,22,All ages,507,Other cardiovascular and circulatory diseases,3,Rate,2020,978.6457557786499,1294.05743517363,709.21846362738
1,All Population,5,Prevalence,30,Vanuatu,3,Both,22,All ages,507,Other cardiovascular and circulatory diseases,3,Rate,2019,199.03396243328,246.91735037634,161.75976154408
1,All Population,5,Prevalence,367,Monaco,3,Both,22,All ages,507,Other cardiovascular and circulatory diseases,3,Rate,2020,1331.9342633659198,1830.2566457132598,992.25237788961
1,All Population,5,Prevalence,178,Eritrea,3,Both,22,All ages,507,Other cardiovascular and circulatory diseases,3,Rate,2020,626.0051810193401,846.87471368142,461.2724946141
1,All Population,5,Prevalence,194,Lesotho,3,Both,22,All ages,507,Other cardiovascular and circulatory diseases,3,Rate,2020,872.53941398928,1244.3680923080901,600.28613548029
1,All Population,5,Prevalence,163,India,3,Both,22,All ages,507,Other cardiovascular and circulatory diseases,3,Rate,2018,508.53757359054,642.91649667297,397.30969505588996
1,All Population,5,Prevalence,160,Afghanistan,3,Both,22,All ages,507,Other cardiovascular and circulatory diseases,3,Rate,2019,618.4648138960699,756.94927902726,501.89446335019005
1,All Population,5,Prevalence,173,Gabon,3,Both,22,All ages,507,Other cardiovascular and circulatory diseases,3,Rate,2018,941.9784164876099,1301.76621991755,668.72486463969
1,All Population,5,Prevalence,49,North Macedonia,3,Both,22,All ages,507,Other cardiovascular and circulatory diseases,3,Rate,2020,823.8725680013899,1121.21582698368,614.23532633301
1,All Population,5,Prevalence,186,Seychelles,3,Both,22,All ages,507,Other cardiovascular and circulatory diseases,3,Rate,2019,412.08507511502,509.35374307155996,321.56770372502
1,All Population,5,Prevalence,17,Sri Lanka,3,Both,22,All ages,507,Other cardiovascular and circulatory diseases,3,Rate,2019,521.3985694975701,651.64352456294,412.55055194007
1,All Population,5,Prevalence,66,Brunei Darussalam,3,Both,22,All ages,507,Other cardiovascular and circulatory diseases,3,Rate,2019,435.47685053537,582.86645702641,307.61286250493004
1,All Population,5,Prevalence,35,Georgia,3,Both,22,All ages,507,Other cardiovascular and circulatory diseases,3,Rate,2019,1027.2808063664302,1393.52369871019,698.69967987011
1,All Population,5,Prevalence,80,France,3,Both,22,All ages,507,Other cardiovascular and circulatory diseases,3,Rate,2019,10568.079592745811,12153.9521094996,9081.01688548471
1,All Population,5,Prevalence,93,Sweden,3,Both,22,All ages,507,Other cardiovascular and circulatory diseases,3,Rate,2020,4011.95319415766,5256.69773491783,3047.06794036097
1,All Population,5,Prevalence,48,Hungary,3,Both,22,All ages,507,Other cardiovascular and circulatory diseases,3,Rate,2019,1241.85246902779,1685.85331385338,920.27035912313
1,All Population,5,Prevalence,108,Belize,3,Both,22,All ages,507,Other cardiovascular and circulatory diseases,3,Rate,2020,1237.66640080261,1513.15885611445,989.5055004106199
1,All Population,5,Prevalence,123,Peru,3,Both,22,All ages,507,Other cardiovascular and circulatory diseases,3,Rate,2020,1411.31811379161,1732.57817422277,1135.6959831097402
1,All Population,5,Prevalence,48,Hungary,3,Both,22,All ages,507,Other cardiovascular and circulatory diseases,3,Rate,2020,1250.97111400557,1717.5007813719699,906.94162147477
1,All Population,5,Prevalence,129,Honduras,3,Both,22,All ages,507,Other cardiovascular and circulatory diseases,3,Rate,2020,514.20998460486,622.80544075384,413.14551539032
1,All Population,5,Prevalence,18,Thailand,3,Both,22,All ages,507,Other cardiovascular and circulatory diseases,3,Rate,2019,858.1400927728901,1087.88407441032,652.16749417685
1,All Population,5,Prevalence,108,Belize,3,Both,22,All ages,507,Other cardiovascular and circulatory diseases,3,Rate,2019,1237.09853506801,1497.97643315552,992.25091582608
1,All Population,5,Prevalence,422,United States Virgin Islands,3,Both,22,All ages,507,Other cardiovascular and circulatory diseases,3,Rate,2019,2104.96538404776,2671.5987327064104,1607.67211088981
1,All Population,5,Prevalence,77,Cyprus,3,Both,22,All ages,507,Other cardiovascular and circulatory diseases,3,Rate,2020,1073.15448342153,1399.57830141557,817.904027479
1,All Population,5,Prevalence,57,Belarus,3,Both,22,All ages,507,Other cardiovascular and circulatory diseases,3,Rate,2020,857.24707205243,1120.23206138823,639.0242063112601
1,All Population,5,Prevalence,54,Slovakia,3,Both,22,All ages,507,Other cardiovascular and circulatory diseases,3,Rate,2020,2365.17057076938,3055.43333347582,1821.25931083278
1,All Population,5,Prevalence,212,Mauritania,3,Both,22,All ages,507,Other cardiovascular and circulatory diseases,3,Rate,2018,1462.09133733365,1944.56263283867,1082.84642277692
1,All Population,5,Prevalence,132,Panama,3,Both,22,All ages,507,Other cardiovascular and circulatory diseases,3,Rate,2019,1210.61052956842,1499.5837843720901,930.48307525053
1,All Population,5,Prevalence,162,Bhutan,3,Both,22,All ages,507,Other cardiovascular and circulatory diseases,3,Rate,2020,685.72970804045,857.82475081752,534.7697545191301
1,All Population,5,Prevalence,25,Micronesia (Federated States of),3,Both,22,All ages,507,Other cardiovascular and circulatory diseases,3,Rate,2020,230.38131464633,292.69401412999,180.27323743981
1,All Population,5,Prevalence,10,Cambodia,3,Both,22,All ages,507,Other cardiovascular and circulatory diseases,3,Rate,2020,198.44565600906998,250.23819357122002,154.6711078879
1,All Population,5,Prevalence,153,Syrian Arab Republic,3,Both,22,All ages,507,Other cardiovascular and circulatory diseases,3,Rate,2019,1363.78130130496,1686.09606037649,1071.82737489173
1,All Population,5,Prevalence,118,Suriname,3,Both,22,All ages,507,Other cardiovascular and circulatory diseases,3,Rate,2019,866.66945532787,1074.56298211369,683.86090875307
1,All Population,5,Prevalence,131,Nicaragua,3,Both,22,All ages,507,Other cardiovascular and circulatory diseases,3,Rate,2019,663.2137306311399,802.40984430342,523.48491127351
1,All Population,5,Prevalence,135,Brazil,3,Both,22,All ages,507,Other cardiovascular and circulatory diseases,3,Rate,2018,1533.18300501882,1904.97900098273,1188.7492690833599
1,All Population,5,Prevalence,150,Oman,3,Both,22,All ages,507,Other cardiovascular and circulatory diseases,3,Rate,2018,2197.91627435274,2747.74367310646,1803.0066825847998
1,All Population,5,Prevalence,168,Angola,3,Both,22,All ages,507,Other cardiovascular and circulatory diseases,3,Rate,2019,636.80796799702,847.4336192798801,468.47477100005
1,All Population,5,Prevalence,215,Sao Tome and Principe,3,Both,22,All ages,507,Other cardiovascular and circulatory diseases,3,Rate,2018,1980.81124818104,2501.54004459437,1500.7326566055701
1,All Population,5,Prevalence,163,India,3,Both,22,All ages,507,Other cardiovascular and circulatory diseases,3,Rate,2019,522.29333198697,662.41372748691,406.3835150591
1,All Population,5,Prevalence,95,United Kingdom,3,Both,22,All ages,507,Other cardiovascular and circulatory diseases,3,Rate,2019,2502.7737992194698,3117.98016119489,1972.1433150337998
1,All Population,5,Prevalence,86,Italy,3,Both,22,All ages,507,Other cardiovascular and circulatory diseases,3,Rate,2020,2703.99321204051,3401.94071748638,2120.26162777415
1,All Population,5,Prevalence,140,Bahrain,3,Both,22,All ages,507,Other cardiovascular and circulatory diseases,3,Rate,2020,970.40328578926,1244.0303693758601,748.75003832071
1,All Population,5,Prevalence,63,Ukraine,3,Both,22,All ages,507,Other cardiovascular and circulatory diseases,3,Rate,2020,652.66849156231,897.34800828799,473.60567985684
1,All Population,5,Prevalence,119,Trinidad and Tobago,3,Both,22,All ages,507,Other cardiovascular and circulatory diseases,3,Rate,2018,1441.43378068487,1808.4703313098498,1116.3983792547801
1,All Population,5,Prevalence,44,Bosnia and Herzegovina,3,Both,22,All ages,507,Other cardiovascular and circulatory diseases,3,Rate,2019,1922.90171458839,2583.28267180491,1432.9912858411099
1,All Population,5,Prevalence,193,Botswana,3,Both,22,All ages,507,Other cardiovascular and circulatory diseases,3,Rate,2020,1155.0272133692902,1571.06017901005,846.52060216624
1,All Population,5,Prevalence,181,Madagascar,3,Both,22,All ages,507,Other cardiovascular and circulatory diseases,3,Rate,2020,888.06122077102,1170.13202140616,664.94641885367
1,All Population,5,Prevalence,195,Namibia,3,Both,22,All ages,507,Other cardiovascular and circulatory diseases,3,Rate,2019,1012.3337028129699,1366.25958289468,732.52024168526
1,All Population,5,Prevalence,45,Bulgaria,3,Both,22,All ages,507,Other cardiovascular and circulatory diseases,3,Rate,2019,2152.89565015564,2805.6980722275302,1625.8144669450699
1,All Population,5,Prevalence,380,Palau,3,Both,22,All ages,507,Other cardiovascular and circulatory diseases,3,Rate,2019,373.63627362432,481.52877051831,290.69754701172
1,All Population,5,Prevalence,211,Mali,3,Both,22,All ages,507,Other cardiovascular and circulatory diseases,3,Rate,2019,978.7608815826601,1293.2921340996002,715.3034424927399
1,All Population,5,Prevalence,168,Angola,3,Both,22,All ages,507,Other cardiovascular and circulatory diseases,3,Rate,2018,630.9898837669699,836.5329507782,465.41061436351004
1,All Population,5,Prevalence,320,Cook Islands,3,Both,22,All ages,507,Other cardiovascular and circulatory diseases,3,Rate,2020,109.33916539894,143.18162195815998,87.97770319028001
1,All Population,5,Prevalence,17,Sri Lanka,3,Both,22,All ages,507,Other cardiovascular and circulatory diseases,3,Rate,2020,523.01094418971,649.85882276904,409.11700976699996
1,All Population,5,Prevalence,320,Cook Islands,3,Both,22,All ages,507,Other cardiovascular and circulatory diseases,3,Rate,2019,106.4983236998,136.56079552704,86.00683978354999
1,All Population,5,Prevalence,160,Afghanistan,3,Both,22,All ages,507,Other cardiovascular and circulatory diseases,3,Rate,2018,617.34493015536,758.3980350750201,501.03587282912
1,All Population,5,Prevalence,298,American Samoa,3,Both,22,All ages,507,Other cardiovascular and circulatory diseases,3,Rate,2020,611.7188333397601,784.47321329986,471.55492129805
1,All Population,5,Prevalence,51,Poland,3,Both,22,All ages,507,Other cardiovascular and circulatory diseases,3,Rate,2018,1354.70971718078,1783.4348171576398,1049.80917546475
1,All Population,5,Prevalence,66,Brunei Darussalam,3,Both,22,All ages,507,Other cardiovascular and circulatory diseases,3,Rate,2020,448.48767263682,610.50999781569,316.79315746379
1,All Population,5,Prevalence,81,Germany,3,Both,22,All ages,507,Other cardiovascular and circulatory diseases,3,Rate,2020,3811.29964055334,4802.37977062943,2959.26996902578
1,All Population,5,Prevalence,79,Finland,3,Both,22,All ages,507,Other cardiovascular and circulatory diseases,3,Rate,2018,1754.1329222710299,2219.20670097682,1374.67662429236
1,All Population,5,Prevalence,33,Armenia,3,Both,22,All ages,507,Other cardiovascular and circulatory diseases,3,Rate,2020,1434.20425470059,1844.2501630495801,1083.0505768245798
1,All Population,5,Prevalence,176,Comoros,3,Both,22,All ages,507,Other cardiovascular and circulatory diseases,3,Rate,2020,899.3697799071999,1220.7802384716301,665.0889637397399
1,All Population,5,Prevalence,170,Congo,3,Both,22,All ages,507,Other cardiovascular and circulatory diseases,3,Rate,2020,673.17070893906,934.3420166309401,491.02977987549997
1,All Population,5,Prevalence,413,Tokelau,3,Both,22,All ages,507,Other cardiovascular and circulatory diseases,3,Rate,2020,466.20190982945996,612.9394762076,366.48956972121
1,All Population,5,Prevalence,217,Sierra Leone,3,Both,22,All ages,507,Other cardiovascular and circulatory diseases,3,Rate,2020,1307.35191115156,1682.46906830418,947.0488126392901
1,All Population,5,Prevalence,196,South Africa,3,Both,22,All ages,507,Other cardiovascular and circulatory diseases,3,Rate,2019,1175.39698537896,1578.8335713063598,858.56748382845
1,All Population,5,Prevalence,67,Japan,3,Both,22,All ages,507,Other cardiovascular and circulatory diseases,3,Rate,2018,1869.0862158592201,2348.35908303225,1458.1142577065
1,All Population,5,Prevalence,71,Australia,3,Both,22,All ages,507,Other cardiovascular and circulatory diseases,3,Rate,2020,3666.60975358481,4615.09843191398,2926.29074883708
1,All Population,5,Prevalence,180,Kenya,3,Both,22,All ages,507,Other cardiovascular and circulatory diseases,3,Rate,2019,485.6489444699,648.24126856892,361.78767318836003
1,All Population,5,Prevalence,214,Nigeria,3,Both,22,All ages,507,Other cardiovascular and circulatory diseases,3,Rate,2019,806.008216826,1032.91932381318,609.35964619279
1,All Population,5,Prevalence,208,Guinea,3,Both,22,All ages,507,Other cardiovascular and circulatory diseases,3,Rate,2020,1231.0414304101,1606.8746580967402,906.61538862032
1,All Population,5,Prevalence,376,Northern Mariana Islands,3,Both,22,All ages,507,Other cardiovascular and circulatory diseases,3,Rate,2019,917.3526101040001,1179.6491438238302,715.59203166244
1,All Population,5,Prevalence,29,Tonga,3,Both,22,All ages,507,Other cardiovascular and circulatory diseases,3,Rate,2020,478.3751470901,610.31088446868,380.87716389002
1,All Population,5,Prevalence,380,Palau,3,Both,22,All ages,507,Other cardiovascular and circulatory diseases,3,Rate,2018,359.44465917773005,458.56277287203005,280.19995298911
1,All Population,5,Prevalence,151,Qatar,3,Both,22,All ages,507,Other cardiovascular and circulatory diseases,3,Rate,2018,997.244255571,1313.75971601117,775.84942571741
1,All Population,5,Prevalence,182,Malawi,3,Both,22,All ages,507,Other cardiovascular and circulatory diseases,3,Rate,2018,502.02008229611,671.06100861219,378.35465031681
1,All Population,5,Prevalence,44,Bosnia and Herzegovina,3,Both,22,All ages,507,Other cardiovascular and circulatory diseases,3,Rate,2020,1959.19316993118,2683.3767872734898,1452.21667671899
1,All Population,5,Prevalence,89,Netherlands,3,Both,22,All ages,507,Other cardiovascular and circulatory diseases,3,Rate,2020,3058.88576468001,3916.8765380567597,2284.43587189942
1,All Population,5,Prevalence,155,Türkiye,3,Both,22,All ages,507,Other cardiovascular and circulatory diseases,3,Rate,2020,1757.58262342182,2163.16104392,1361.03930496138
1,All Population,5,Prevalence,349,Greenland,3,Both,22,All ages,507,Other cardiovascular and circulatory diseases,3,Rate,2019,766.35789453422,1021.5762056674901,566.36424538129
1,All Population,5,Prevalence,187,Somalia,3,Both,22,All ages,507,Other cardiovascular and circulatory diseases,3,Rate,2019,452.20542560656,610.19295804592,335.70468308104
1,All Population,5,Prevalence,172,Equatorial Guinea,3,Both,22,All ages,507,Other cardiovascular and circulatory diseases,3,Rate,2019,609.06933372896,790.08262016915,455.03938516907004
1,All Population,5,Prevalence,6,China,3,Both,22,All ages,507,Other cardiovascular and circulatory diseases,3,Rate,2021,407.82231213231,545.20963798251,305.41213977749004
1,All Population,5,Prevalence,15,Myanmar,3,Both,22,All ages,507,Other cardiovascular and circulatory diseases,3,Rate,2021,251.17725940789,316.18835025788997,201.53062438109
1,All Population,5,Prevalence,143,Iraq,3,Both,22,All ages,507,Other cardiovascular and circulatory diseases,3,Rate,2018,515.2273993625399,631.86216605294,411.08182758615
1,All Population,5,Prevalence,88,Malta,3,Both,22,All ages,507,Other cardiovascular and circulatory diseases,3,Rate,2018,1363.94835897029,1731.44354154561,1048.61165336577
1,All Population,5,Prevalence,210,Liberia,3,Both,22,All ages,507,Other cardiovascular and circulatory diseases,3,Rate,2019,1116.79967413028,1474.9378588706,803.0908338888
1,All Population,5,Prevalence,76,Belgium,3,Both,22,All ages,507,Other cardiovascular and circulatory diseases,3,Rate,2020,2895.7107615846503,3561.39560517275,2342.48424995824
1,All Population,5,Prevalence,39,Tajikistan,3,Both,22,All ages,507,Other cardiovascular and circulatory diseases,3,Rate,2019,119.91076993576,147.66105995996,97.3807050093
1,All Population,5,Prevalence,97,Argentina,3,Both,22,All ages,507,Other cardiovascular and circulatory diseases,3,Rate,2018,2635.91946749931,3349.84947516909,2051.7102738687
1,All Population,5,Prevalence,207,Ghana,3,Both,22,All ages,507,Other cardiovascular and circulatory diseases,3,Rate,2019,882.24052561117,1245.19202340664,611.52125704721
1,All Population,5,Prevalence,203,Cabo Verde,3,Both,22,All ages,507,Other cardiovascular and circulatory diseases,3,Rate,2019,3035.62169564221,3839.93099152741,2236.71095795225
1,All Population,5,Prevalence,112,Grenada,3,Both,22,All ages,507,Other cardiovascular and circulatory diseases,3,Rate,2018,1854.2710055457899,2309.4497695487203,1429.67168503915
1,All Population,5,Prevalence,18,Thailand,3,Both,22,All ages,507,Other cardiovascular and circulatory diseases,3,Rate,2020,885.0326009283101,1128.3508145699002,675.40494974408
1,All Population,5,Prevalence,94,Switzerland,3,Both,22,All ages,507,Other cardiovascular and circulatory diseases,3,Rate,2020,1807.04075457727,2338.82682782048,1370.19237367146
1,All Population,5,Prevalence,19,Timor-Leste,3,Both,22,All ages,507,Other cardiovascular and circulatory diseases,3,Rate,2018,169.93329989533,214.65374027373002,138.24393124455
1,All Population,5,Prevalence,191,Zambia,3,Both,22,All ages,507,Other cardiovascular and circulatory diseases,3,Rate,2018,491.86405592789004,666.03657596328,370.19526723223
1,All Population,5,Prevalence,195,Namibia,3,Both,22,All ages,507,Other cardiovascular and circulatory diseases,3,Rate,2020,1018.0598506766199,1384.81054843166,735.29305888898
1,All Population,5,Prevalence,369,Nauru,3,Both,22,All ages,507,Other cardiovascular and circulatory diseases,3,Rate,2020,144.65054585851001,181.77928096694,118.30847225722
1,All Population,5,Prevalence,14,Maldives,3,Both,22,All ages,507,Other cardiovascular and circulatory diseases,3,Rate,2019,794.9698700314,998.7875918464201,641.31882355142
1,All Population,5,Prevalence,206,Gambia,3,Both,22,All ages,507,Other cardiovascular and circulatory diseases,3,Rate,2018,1342.3951779092201,1746.1181368843102,1019.4201209107001
1,All Population,5,Prevalence,37,Kyrgyzstan,3,Both,22,All ages,507,Other cardiovascular and circulatory diseases,3,Rate,2020,386.24596317204,484.70641574408995,302.49758191406
1,All Population,5,Prevalence,202,Cameroon,3,Both,22,All ages,507,Other cardiovascular and circulatory diseases,3,Rate,2020,1273.89436218162,1644.8423716849,960.0570027160501
1,All Population,5,Prevalence,187,Somalia,3,Both,22,All ages,507,Other cardiovascular and circulatory diseases,3,Rate,2020,454.39907119740997,611.2076277137301,332.41305784588
1,All Population,5,Prevalence,127,El Salvador,3,Both,22,All ages,507,Other cardiovascular and circulatory diseases,3,Rate,2018,819.60617534037,1004.8578547438699,656.4315507396
1,All Population,5,Prevalence,198,Zimbabwe,3,Both,22,All ages,507,Other cardiovascular and circulatory diseases,3,Rate,2018,1352.75283252391,1791.46201447551,1006.20510436278
1,All Population,5,Prevalence,50,Montenegro,3,Both,22,All ages,507,Other cardiovascular and circulatory diseases,3,Rate,2020,1213.39793080508,1608.9020775878898,887.4867817283
1,All Population,5,Prevalence,20,Viet Nam,3,Both,22,All ages,507,Other cardiovascular and circulatory diseases,3,Rate,2018,368.56101534452,454.28765530864,291.246468981
1,All Population,5,Prevalence,98,Chile,3,Both,22,All ages,507,Other cardiovascular and circulatory diseases,3,Rate,2018,1397.62604879663,1803.4761361184599,1076.64249724206
1,All Population,5,Prevalence,60,Lithuania,3,Both,22,All ages,507,Other cardiovascular and circulatory diseases,3,Rate,2019,1733.33569656675,2307.22563412945,1299.28158973579
1,All Population,5,Prevalence,111,Dominican Republic,3,Both,22,All ages,507,Other cardiovascular and circulatory diseases,3,Rate,2018,786.61287817088,963.21036569392,629.82980235406
1,All Population,5,Prevalence,28,Solomon Islands,3,Both,22,All ages,507,Other cardiovascular and circulatory diseases,3,Rate,2020,156.1661209721,195.65531416174,123.18051338276
1,All Population,5,Prevalence,80,France,3,Both,22,All ages,507,Other cardiovascular and circulatory diseases,3,Rate,2020,10498.86756666389,12138.95039369344,9014.09652236676
1,All Population,5,Prevalence,210,Liberia,3,Both,22,All ages,507,Other cardiovascular and circulatory diseases,3,Rate,2020,1124.64423576938,1485.63791950288,808.6310998503401
1,All Population,5,Prevalence,305,Bermuda,3,Both,22,All ages,507,Other cardiovascular and circulatory diseases,3,Rate,2020,6734.761761660529,8370.12494227858,5388.27827879639
1,All Population,5,Prevalence,205,Côte d'Ivoire,3,Both,22,All ages,507,Other cardiovascular and circulatory diseases,3,Rate,2018,1148.72042816895,1519.6959701423,861.39547703038
1,All Population,5,Prevalence,67,Japan,3,Both,22,All ages,507,Other cardiovascular and circulatory diseases,3,Rate,2020,1992.38827405056,2516.15224306278,1538.8838737922101
1,All Population,5,Prevalence,201,Burkina Faso,3,Both,22,All ages,507,Other cardiovascular and circulatory diseases,3,Rate,2020,1474.35025930039,1890.88530236379,1073.7506508055799
1,All Population,5,Prevalence,216,Senegal,3,Both,22,All ages,507,Other cardiovascular and circulatory diseases,3,Rate,2020,1605.09545614649,2058.4441897023803,1215.3596251218
1,All Population,5,Prevalence,51,Poland,3,Both,22,All ages,507,Other cardiovascular and circulatory diseases,3,Rate,2020,1317.69345921883,1762.07436245241,988.93296267837
1,All Population,5,Prevalence,81,Germany,3,Both,22,All ages,507,Other cardiovascular and circulatory diseases,3,Rate,2019,3868.47973572544,4798.720471858401,3028.05966187988
1,All Population,5,Prevalence,68,Republic of Korea,3,Both,22,All ages,507,Other cardiovascular and circulatory diseases,3,Rate,2019,1309.28298984191,1639.12825831432,1024.51471899962
1,All Population,5,Prevalence,28,Solomon Islands,3,Both,22,All ages,507,Other cardiovascular and circulatory diseases,3,Rate,2021,154.81477561217,199.35678593204,120.75608443626
1,All Population,5,Prevalence,17,Sri Lanka,3,Both,22,All ages,507,Other cardiovascular and circulatory diseases,3,Rate,2021,535.49694428502,675.87413256606,420.78084875118003
1,All Population,5,Prevalence,8,Taiwan,3,Both,22,All ages,507,Other cardiovascular and circulatory diseases,3,Rate,2021,1072.74523564244,1390.9206648078,796.18736460202
1,All Population,5,Prevalence,10,Cambodia,3,Both,22,All ages,507,Other cardiovascular and circulatory diseases,3,Rate,2021,202.5449772898,256.46979248841,159.26835944668
1,All Population,5,Prevalence,349,Greenland,3,Both,22,All ages,507,Other cardiovascular and circulatory diseases,3,Rate,2020,767.65972814793,1029.8902580287202,560.97645130182
1,All Population,5,Prevalence,142,Iran (Islamic Republic of),3,Both,22,All ages,507,Other cardiovascular and circulatory diseases,3,Rate,2020,2115.2281097819,2679.1654139043603,1696.3393660132401
1,All Population,5,Prevalence,144,Jordan,3,Both,22,All ages,507,Other cardiovascular and circulatory diseases,3,Rate,2018,614.3270438689,754.2850136899,500.75490692101005
1,All Population,5,Prevalence,161,Bangladesh,3,Both,22,All ages,507,Other cardiovascular and circulatory diseases,3,Rate,2020,592.34975067006,741.81774076548,457.80856166412997
1,All Population,5,Prevalence,43,Albania,3,Both,22,All ages,507,Other cardiovascular and circulatory diseases,3,Rate,2020,3295.6755559928497,4209.149190202,2457.6206225023398
1,All Population,5,Prevalence,24,Marshall Islands,3,Both,22,All ages,507,Other cardiovascular and circulatory diseases,3,Rate,2021,194.71264206531,250.40355907815,154.33348057094
1,All Population,5,Prevalence,150,Oman,3,Both,22,All ages,507,Other cardiovascular and circulatory diseases,3,Rate,2019,2216.5556394056402,2780.82457928809,1805.1585455516401
1,All Population,5,Prevalence,133,Venezuela (Bolivarian Republic of),3,Both,22,All ages,507,Other cardiovascular and circulatory diseases,3,Rate,2020,629.32213498593,775.2776272725,499.28216535844996
1,All Population,5,Prevalence,118,Suriname,3,Both,22,All ages,507,Other cardiovascular and circulatory diseases,3,Rate,2020,878.87022572547,1096.41188635145,689.78767152294
1,All Population,5,Prevalence,171,Democratic Republic of the Congo,3,Both,22,All ages,507,Other cardiovascular and circulatory diseases,3,Rate,2020,618.83933524096,838.3371861072599,443.9052497849
1,All Population,5,Prevalence,143,Iraq,3,Both,22,All ages,507,Other cardiovascular and circulatory diseases,3,Rate,2019,520.07599986299,637.48141319133,412.78810184934
1,All Population,5,Prevalence,156,United Arab Emirates,3,Both,22,All ages,507,Other cardiovascular and circulatory diseases,3,Rate,2020,1037.70063494118,1388.60384534547,758.1911294457101
1,All Population,5,Prevalence,34,Azerbaijan,3,Both,22,All ages,507,Other cardiovascular and circulatory diseases,3,Rate,2021,372.40771914349,494.97065428357,277.98049260506997
1,All Population,5,Prevalence,11,Indonesia,3,Both,22,All ages,507,Other cardiovascular and circulatory diseases,3,Rate,2021,268.47749207531,342.11251386143,214.55556696706998
1,All Population,5,Prevalence,157,Yemen,3,Both,22,All ages,507,Other cardiovascular and circulatory diseases,3,Rate,2020,822.5026944038699,999.77661193457,670.76670443001
1,All Population,5,Prevalence,113,Guyana,3,Both,22,All ages,507,Other cardiovascular and circulatory diseases,3,Rate,2019,729.07721362593,894.25723504449,590.78509873971
1,All Population,5,Prevalence,189,United Republic of Tanzania,3,Both,22,All ages,507,Other cardiovascular and circulatory diseases,3,Rate,2020,781.39048739075,1031.96028459192,566.7272875641
1,All Population,5,Prevalence,175,Burundi,3,Both,22,All ages,507,Other cardiovascular and circulatory diseases,3,Rate,2020,535.97402639997,716.5713391514801,393.52066697858
1,All Population,5,Prevalence,165,Pakistan,3,Both,22,All ages,507,Other cardiovascular and circulatory diseases,3,Rate,2020,328.82159306879004,407.27194338595,259.82432293984
1,All Population,5,Prevalence,76,Belgium,3,Both,22,All ages,507,Other cardiovascular and circulatory diseases,3,Rate,2019,2897.19824950938,3541.2988868354996,2368.71591244324
1,All Population,5,Prevalence,89,Netherlands,3,Both,22,All ages,507,Other cardiovascular and circulatory diseases,3,Rate,2019,2996.2072139017,3830.0068245341304,2225.9535932023
1,All Population,5,Prevalence,27,Samoa,3,Both,22,All ages,507,Other cardiovascular and circulatory diseases,3,Rate,2019,313.81964165287,396.51674534323,252.62517102729998
1,All Population,5,Prevalence,23,Kiribati,3,Both,22,All ages,507,Other cardiovascular and circulatory diseases,3,Rate,2021,258.05185866784,329.92516028944004,206.73476161175998
1,All Population,5,Prevalence,177,Djibouti,3,Both,22,All ages,507,Other cardiovascular and circulatory diseases,3,Rate,2020,693.07125222262,953.8521318570799,497.03405257694004
1,All Population,5,Prevalence,396,San Marino,3,Both,22,All ages,507,Other cardiovascular and circulatory diseases,3,Rate,2018,8398.18179694813,10117.51010738783,6754.0787138899395
1,All Population,5,Prevalence,38,Mongolia,3,Both,22,All ages,507,Other cardiovascular and circulatory diseases,3,Rate,2021,307.05400232379,408.70825496581,230.10017828949
1,All Population,5,Prevalence,416,Tuvalu,3,Both,22,All ages,507,Other cardiovascular and circulatory diseases,3,Rate,2020,259.98651339805997,334.63269736363,200.74263763023
1,All Population,5,Prevalence,127,El Salvador,3,Both,22,All ages,507,Other cardiovascular and circulatory diseases,3,Rate,2019,831.88116148498,1026.07240844056,664.94426551301
1,All Population,5,Prevalence,86,Italy,3,Both,22,All ages,507,Other cardiovascular and circulatory diseases,3,Rate,2019,2653.78222802684,3313.1281774046997,2098.1684961891096
1,All Population,5,Prevalence,180,Kenya,3,Both,22,All ages,507,Other cardiovascular and circulatory diseases,3,Rate,2020,495.46185766168,663.33898078236,366.76126700656
1,All Population,5,Prevalence,181,Madagascar,3,Both,22,All ages,507,Other cardiovascular and circulatory diseases,3,Rate,2019,883.2293490178099,1157.51781578117,662.25127090895
1,All Population,5,Prevalence,59,Latvia,3,Both,22,All ages,507,Other cardiovascular and circulatory diseases,3,Rate,2020,1065.82140915629,1458.7767819908602,757.28628075687
1,All Population,5,Prevalence,522,Sudan,3,Both,22,All ages,507,Other cardiovascular and circulatory diseases,3,Rate,2020,975.28663807286,1198.237556109,789.6638995825499
1,All Population,5,Prevalence,7,Democratic People's Republic of Korea,3,Both,22,All ages,507,Other cardiovascular and circulatory diseases,3,Rate,2021,242.0872974566,309.94739768825,188.54461884894
1,All Population,5,Prevalence,52,Romania,3,Both,22,All ages,507,Other cardiovascular and circulatory diseases,3,Rate,2020,986.1182122922199,1305.07818606855,703.25785903116
1,All Population,5,Prevalence,141,Egypt,3,Both,22,All ages,507,Other cardiovascular and circulatory diseases,3,Rate,2020,1084.5591142422502,1339.26041172796,875.66613979294
1,All Population,5,Prevalence,144,Jordan,3,Both,22,All ages,507,Other cardiovascular and circulatory diseases,3,Rate,2019,627.8724739140899,772.61148105302,507.27784267855003
1,All Population,5,Prevalence,109,Cuba,3,Both,22,All ages,507,Other cardiovascular and circulatory diseases,3,Rate,2020,1828.9951548907402,2299.62136851422,1385.0238442723198
1,All Population,5,Prevalence,19,Timor-Leste,3,Both,22,All ages,507,Other cardiovascular and circulatory diseases,3,Rate,2020,171.2118675866,216.92438838567,138.20215495059
1,All Population,5,Prevalence,83,Iceland,3,Both,22,All ages,507,Other cardiovascular and circulatory diseases,3,Rate,2020,591.91588429068,770.02551847607,446.76313448313005
1,All Population,5,Prevalence,128,Guatemala,3,Both,22,All ages,507,Other cardiovascular and circulatory diseases,3,Rate,2020,892.99351224378,1096.32802721358,714.4776067031399
1,All Population,5,Prevalence,47,Czechia,3,Both,22,All ages,507,Other cardiovascular and circulatory diseases,3,Rate,2021,4005.7007040035396,5154.315086121191,3000.9578220595
1,All Population,5,Prevalence,197,Eswatini,3,Both,22,All ages,507,Other cardiovascular and circulatory diseases,3,Rate,2020,879.7211481483,1216.58448983253,626.0357259627
1,All Population,5,Prevalence,183,Mauritius,3,Both,22,All ages,507,Other cardiovascular and circulatory diseases,3,Rate,2020,733.8568714125801,932.0092026670101,561.47189687508
1,All Population,5,Prevalence,12,Lao People's Democratic Republic,3,Both,22,All ages,507,Other cardiovascular and circulatory diseases,3,Rate,2020,171.74405401143,212.08874461513,138.94234927225
1,All Population,5,Prevalence,214,Nigeria,3,Both,22,All ages,507,Other cardiovascular and circulatory diseases,3,Rate,2018,787.5148772169599,1004.82269673181,597.06853591737
1,All Population,5,Prevalence,148,Morocco,3,Both,22,All ages,507,Other cardiovascular and circulatory diseases,3,Rate,2020,551.09310655614,684.22628931627,438.78449672924995
1,All Population,5,Prevalence,88,Malta,3,Both,22,All ages,507,Other cardiovascular and circulatory diseases,3,Rate,2020,1332.82704606152,1759.8294444661599,993.60417379227
1,All Population,5,Prevalence,165,Pakistan,3,Both,22,All ages,507,Other cardiovascular and circulatory diseases,3,Rate,2019,324.49810422958,400.94937097857,256.86959381595
1,All Population,5,Prevalence,106,Bahamas,3,Both,22,All ages,507,Other cardiovascular and circulatory diseases,3,Rate,2020,1491.81132771759,1861.99597538301,1155.63634107835
1,All Population,5,Prevalence,130,Mexico,3,Both,22,All ages,507,Other cardiovascular and circulatory diseases,3,Rate,2020,1259.82639907925,1551.39724310355,985.1994295438101
1,All Population,5,Prevalence,164,Nepal,3,Both,22,All ages,507,Other cardiovascular and circulatory diseases,3,Rate,2020,374.30020752928,461.92502459116,294.18791726965
1,All Population,5,Prevalence,162,Bhutan,3,Both,22,All ages,507,Other cardiovascular and circulatory diseases,3,Rate,2019,662.26739533221,823.7776350049099,517.1147410174
1,All Population,5,Prevalence,133,Venezuela (Bolivarian Republic of),3,Both,22,All ages,507,Other cardiovascular and circulatory diseases,3,Rate,2019,593.07716207689,725.50784468138,471.89485311867
1,All Population,5,Prevalence,209,Guinea-Bissau,3,Both,22,All ages,507,Other cardiovascular and circulatory diseases,3,Rate,2020,970.3670692497401,1268.61904306448,721.45608027446
1,All Population,5,Prevalence,197,Eswatini,3,Both,22,All ages,507,Other cardiovascular and circulatory diseases,3,Rate,2019,863.20611652261,1198.74615686381,609.84722967734
1,All Population,5,Prevalence,38,Mongolia,3,Both,22,All ages,507,Other cardiovascular and circulatory diseases,3,Rate,2020,308.41644911851,410.29147869666,227.66511044060002
1,All Population,5,Prevalence,91,Portugal,3,Both,22,All ages,507,Other cardiovascular and circulatory diseases,3,Rate,2020,2271.3481810105,2991.64578537049,1714.75789012919
1,All Population,5,Prevalence,212,Mauritania,3,Both,22,All ages,507,Other cardiovascular and circulatory diseases,3,Rate,2020,1467.84752762653,1945.0762098603798,1066.21168876856
1,All Population,5,Prevalence,136,Paraguay,3,Both,22,All ages,507,Other cardiovascular and circulatory diseases,3,Rate,2019,769.88190222943,951.54895857492,607.71484843893
1,All Population,5,Prevalence,149,Palestine,3,Both,22,All ages,507,Other cardiovascular and circulatory diseases,3,Rate,2020,461.27697412582995,562.53946559222,376.00923743391
1,All Population,5,Prevalence,20,Viet Nam,3,Both,22,All ages,507,Other cardiovascular and circulatory diseases,3,Rate,2019,377.38606260845,466.24526645564,296.36158412825
1,All Population,5,Prevalence,52,Romania,3,Both,22,All ages,507,Other cardiovascular and circulatory diseases,3,Rate,2018,975.8669937546,1266.72124217904,703.01867499575
1,All Population,5,Prevalence,16,Philippines,3,Both,22,All ages,507,Other cardiovascular and circulatory diseases,3,Rate,2021,184.0671215661,234.40955533009,149.56072691096
1,All Population,5,Prevalence,114,Haiti,3,Both,22,All ages,507,Other cardiovascular and circulatory diseases,3,Rate,2019,630.97837560465,783.73844549716,510.11476100694995
1,All Population,5,Prevalence,33,Armenia,3,Both,22,All ages,507,Other cardiovascular and circulatory diseases,3,Rate,2021,1448.11276719156,1882.3351605468702,1104.77134512248
1,All Population,5,Prevalence,110,Dominica,3,Both,22,All ages,507,Other cardiovascular and circulatory diseases,3,Rate,2020,1459.3862580990499,1872.7538096145802,1137.97591791755
1,All Population,5,Prevalence,82,Greece,3,Both,22,All ages,507,Other cardiovascular and circulatory diseases,3,Rate,2019,668.56986058547,855.94147611122,507.04821458202
1,All Population,5,Prevalence,37,Kyrgyzstan,3,Both,22,All ages,507,Other cardiovascular and circulatory diseases,3,Rate,2019,371.11185836736996,465.33906733725,291.76912171364995
1,All Population,5,Prevalence,117,Saint Vincent and the Grenadines,3,Both,22,All ages,507,Other cardiovascular and circulatory diseases,3,Rate,2020,2812.81797633101,3411.8213957516996,2266.74487525027
1,All Population,5,Prevalence,213,Niger,3,Both,22,All ages,507,Other cardiovascular and circulatory diseases,3,Rate,2020,899.49215352545,1185.97328428915,663.44981850464
1,All Population,5,Prevalence,75,Austria,3,Both,22,All ages,507,Other cardiovascular and circulatory diseases,3,Rate,2020,1760.6389377567502,2214.92871401105,1378.98303706486
1,All Population,5,Prevalence,189,United Republic of Tanzania,3,Both,22,All ages,507,Other cardiovascular and circulatory diseases,3,Rate,2019,778.33985432961,1025.08231516123,569.00113381524
1,All Population,5,Prevalence,173,Gabon,3,Both,22,All ages,507,Other cardiovascular and circulatory diseases,3,Rate,2019,945.9639176495199,1306.87204808301,660.98999175305
1,All Population,5,Prevalence,19,Timor-Leste,3,Both,22,All ages,507,Other cardiovascular and circulatory diseases,3,Rate,2021,173.63522935089,217.75280406471,139.01244525323
1,All Population,5,Prevalence,19,Timor-Leste,3,Both,22,All ages,507,Other cardiovascular and circulatory diseases,3,Rate,2019,169.73758010366998,213.86657310125003,137.82936305364
1,All Population,5,Prevalence,98,Chile,3,Both,22,All ages,507,Other cardiovascular and circulatory diseases,3,Rate,2020,1527.8826595180599,1995.30828161192,1164.48422090619
1,All Population,5,Prevalence,144,Jordan,3,Both,22,All ages,507,Other cardiovascular and circulatory diseases,3,Rate,2020,640.31733386285,795.8214676677501,512.53991491222
1,All Population,5,Prevalence,50,Montenegro,3,Both,22,All ages,507,Other cardiovascular and circulatory diseases,3,Rate,2019,1124.38672010543,1488.58753325177,833.37743245858
1,All Population,5,Prevalence,176,Comoros,3,Both,22,All ages,507,Other cardiovascular and circulatory diseases,3,Rate,2019,893.32659353047,1210.46671973739,669.74570819083
1,All Population,5,Prevalence,196,South Africa,3,Both,22,All ages,507,Other cardiovascular and circulatory diseases,3,Rate,2020,1200.23556897118,1612.8154823691902,876.16812570899
1,All Population,5,Prevalence,133,Venezuela (Bolivarian Republic of),3,Both,22,All ages,507,Other cardiovascular and circulatory diseases,3,Rate,2021,652.29915732419,813.8644749661901,515.55464548214
1,All Population,5,Prevalence,54,Slovakia,3,Both,22,All ages,507,Other cardiovascular and circulatory diseases,3,Rate,2021,2448.63607908096,3228.1570938254995,1857.33526828101
1,All Population,5,Prevalence,101,Canada,3,Both,22,All ages,507,Other cardiovascular and circulatory diseases,3,Rate,2021,4199.356823054401,5231.74347481336,3263.26703818832
1,All Population,5,Prevalence,393,Saint Kitts and Nevis,3,Both,22,All ages,507,Other cardiovascular and circulatory diseases,3,Rate,2019,1509.04526813239,1867.2188454731302,1180.5334274446
1,All Population,5,Prevalence,85,Israel,3,Both,22,All ages,507,Other cardiovascular and circulatory diseases,3,Rate,2020,1549.26175192247,1967.6592391697602,1176.5081064650801
1,All Population,5,Prevalence,20,Viet Nam,3,Both,22,All ages,507,Other cardiovascular and circulatory diseases,3,Rate,2020,385.83206068068,481.36552326323,301.49761212981
1,All Population,5,Prevalence,125,Colombia,3,Both,22,All ages,507,Other cardiovascular and circulatory diseases,3,Rate,2020,2073.07981974037,2572.5265638300602,1622.9903712963699
1,All Population,5,Prevalence,97,Argentina,3,Both,22,All ages,507,Other cardiovascular and circulatory diseases,3,Rate,2019,2798.62646346832,3554.1370115981604,2167.57531195343
1,All Population,5,Prevalence,95,United Kingdom,3,Both,22,All ages,507,Other cardiovascular and circulatory diseases,3,Rate,2020,2500.3405267371,3129.03273691605,1962.45287273254
1,All Population,5,Prevalence,169,Central African Republic,3,Both,22,All ages,507,Other cardiovascular and circulatory diseases,3,Rate,2021,501.35480041077994,676.22762549702,364.66252799513
1,All Population,5,Prevalence,83,Iceland,3,Both,22,All ages,507,Other cardiovascular and circulatory diseases,3,Rate,2019,577.10834604582,744.35909625095,437.7784345515
1,All Population,5,Prevalence,51,Poland,3,Both,22,All ages,507,Other cardiovascular and circulatory diseases,3,Rate,2021,1320.93920244295,1762.13785504858,982.92234428583
1,All Population,5,Prevalence,374,Niue,3,Both,22,All ages,507,Other cardiovascular and circulatory diseases,3,Rate,2020,476.27339573855,632.7872533045299,368.16233276917
1,All Population,5,Prevalence,122,Ecuador,3,Both,22,All ages,507,Other cardiovascular and circulatory diseases,3,Rate,2021,1048.7021995887999,1303.21436350631,847.96088806679
1,All Population,5,Prevalence,39,Tajikistan,3,Both,22,All ages,507,Other cardiovascular and circulatory diseases,3,Rate,2021,123.45922438637,150.62355079071,99.93557261141
1,All Population,5,Prevalence,393,Saint Kitts and Nevis,3,Both,22,All ages,507,Other cardiovascular and circulatory diseases,3,Rate,2018,1499.34184172189,1839.6013270366902,1187.2922736804599
1,All Population,5,Prevalence,86,Italy,3,Both,22,All ages,507,Other cardiovascular and circulatory diseases,3,Rate,2021,2730.29225319719,3490.97554719858,2058.7418047727997
1,All Population,5,Prevalence,194,Lesotho,3,Both,22,All ages,507,Other cardiovascular and circulatory diseases,3,Rate,2021,885.3809278833501,1229.79745296995,621.89986885559
1,All Population,5,Prevalence,198,Zimbabwe,3,Both,22,All ages,507,Other cardiovascular and circulatory diseases,3,Rate,2019,1380.6906973544499,1817.17046481935,1027.13968919559
1,All Population,5,Prevalence,385,Puerto Rico,3,Both,22,All ages,507,Other cardiovascular and circulatory diseases,3,Rate,2019,2564.4492956217,3288.5614291922902,1946.6958194358099
1,All Population,5,Prevalence,121,Bolivia (Plurinational State of),3,Both,22,All ages,507,Other cardiovascular and circulatory diseases,3,Rate,2018,882.92026389286,1080.52211983228,720.7721435869399
1,All Population,5,Prevalence,153,Syrian Arab Republic,3,Both,22,All ages,507,Other cardiovascular and circulatory diseases,3,Rate,2018,1313.0523276675901,1628.9746975996202,1042.40055552433
1,All Population,5,Prevalence,185,Rwanda,3,Both,22,All ages,507,Other cardiovascular and circulatory diseases,3,Rate,2020,607.5915678061,831.53920844369,445.06411086368
1,All Population,5,Prevalence,109,Cuba,3,Both,22,All ages,507,Other cardiovascular and circulatory diseases,3,Rate,2021,1844.9121263275601,2348.08188599939,1405.36048761748
1,All Population,5,Prevalence,351,Guam,3,Both,22,All ages,507,Other cardiovascular and circulatory diseases,3,Rate,2019,509.66697768992003,657.9618449524,402.79804262607
1,All Population,5,Prevalence,98,Chile,3,Both,22,All ages,507,Other cardiovascular and circulatory diseases,3,Rate,2021,1541.83934661642,2008.1817112707502,1185.11520968587
1,All Population,5,Prevalence,422,United States Virgin Islands,3,Both,22,All ages,507,Other cardiovascular and circulatory diseases,3,Rate,2020,2165.30903296682,2777.7847420797902,1638.3503148770799
1,All Population,5,Prevalence,216,Senegal,3,Both,22,All ages,507,Other cardiovascular and circulatory diseases,3,Rate,2019,1597.2743205649901,2049.98736542496,1206.61394507057
1,All Population,5,Prevalence,190,Uganda,3,Both,22,All ages,507,Other cardiovascular and circulatory diseases,3,Rate,2019,500.85250481966,656.74416373018,376.16404293776
1,All Population,5,Prevalence,145,Kuwait,3,Both,22,All ages,507,Other cardiovascular and circulatory diseases,3,Rate,2018,421.05063520024,528.63976760681,332.68106649883
1,All Population,5,Prevalence,180,Kenya,3,Both,22,All ages,507,Other cardiovascular and circulatory diseases,3,Rate,2021,501.35243738696005,671.3964816586899,370.76616191348
1,All Population,5,Prevalence,156,United Arab Emirates,3,Both,22,All ages,507,Other cardiovascular and circulatory diseases,3,Rate,2021,1107.9473464827201,1513.9317463336802,794.66649817305
1,All Population,5,Prevalence,217,Sierra Leone,3,Both,22,All ages,507,Other cardiovascular and circulatory diseases,3,Rate,2021,1313.5916016188198,1725.70694057319,984.7350606981299
1,All Population,5,Prevalence,151,Qatar,3,Both,22,All ages,507,Other cardiovascular and circulatory diseases,3,Rate,2021,1057.26754840016,1403.35399476071,798.5097186583599
1,All Population,5,Prevalence,115,Jamaica,3,Both,22,All ages,507,Other cardiovascular and circulatory diseases,3,Rate,2021,1281.76800266079,1616.4364531041801,1011.08298237342
1,All Population,5,Prevalence,99,Uruguay,3,Both,22,All ages,507,Other cardiovascular and circulatory diseases,3,Rate,2018,1929.12501693383,2471.39185883697,1487.51644578315
1,All Population,5,Prevalence,114,Haiti,3,Both,22,All ages,507,Other cardiovascular and circulatory diseases,3,Rate,2018,625.42500732902,773.5288210852,509.01340773172
1,All Population,5,Prevalence,172,Equatorial Guinea,3,Both,22,All ages,507,Other cardiovascular and circulatory diseases,3,Rate,2020,608.02250647056,786.64800457716,451.6137141098
1,All Population,5,Prevalence,22,Fiji,3,Both,22,All ages,507,Other cardiovascular and circulatory diseases,3,Rate,2018,299.43395608807,383.18788423549,239.67912233493
1,All Population,5,Prevalence,207,Ghana,3,Both,22,All ages,507,Other cardiovascular and circulatory diseases,3,Rate,2018,868.88995797218,1216.7153183325,603.6178077261001
1,All Population,5,Prevalence,204,Chad,3,Both,22,All ages,507,Other cardiovascular and circulatory diseases,3,Rate,2021,894.25967425362,1178.89321596681,670.72343623531
1,All Population,5,Prevalence,53,Serbia,3,Both,22,All ages,507,Other cardiovascular and circulatory diseases,3,Rate,2018,930.4364584700501,1249.27157841285,641.63554600848
1,All Population,5,Prevalence,77,Cyprus,3,Both,22,All ages,507,Other cardiovascular and circulatory diseases,3,Rate,2021,1091.2905589458999,1420.6859309588199,831.8956724685
1,All Population,5,Prevalence,351,Guam,3,Both,22,All ages,507,Other cardiovascular and circulatory diseases,3,Rate,2020,530.60250973467,686.53484601509,419.60570537256
1,All Population,5,Prevalence,62,Russian Federation,3,Both,22,All ages,507,Other cardiovascular and circulatory diseases,3,Rate,2021,1600.44089954156,2181.22057223725,1163.9866527868498
1,All Population,5,Prevalence,15,Myanmar,3,Both,22,All ages,507,Other cardiovascular and circulatory diseases,3,Rate,2022,254.72596421267,322.27606510908,199.71569144216
1,All Population,5,Prevalence,161,Bangladesh,3,Both,22,All ages,507,Other cardiovascular and circulatory diseases,3,Rate,2021,623.7418090131,784.15382337102,483.43495794535
1,All Population,5,Prevalence,298,American Samoa,3,Both,22,All ages,507,Other cardiovascular and circulatory diseases,3,Rate,2021,630.23428310402,820.83221354186,484.47463134831
1,All Population,5,Prevalence,116,Saint Lucia,3,Both,22,All ages,507,Other cardiovascular and circulatory diseases,3,Rate,2021,2540.0401027294997,3142.91687029008,1998.47240519309
1,All Population,5,Prevalence,30,Vanuatu,3,Both,22,All ages,507,Other cardiovascular and circulatory diseases,3,Rate,2020,200.12000290454998,248.64439070462,162.69742057373
1,All Population,5,Prevalence,75,Austria,3,Both,22,All ages,507,Other cardiovascular and circulatory diseases,3,Rate,2021,1752.8346429919802,2265.825893349,1372.66734006588
1,All Population,5,Prevalence,6,China,3,Both,22,All ages,507,Other cardiovascular and circulatory diseases,3,Rate,2022,421.35181838737003,569.68174374375,308.55099159622
1,All Population,5,Prevalence,209,Guinea-Bissau,3,Both,22,All ages,507,Other cardiovascular and circulatory diseases,3,Rate,2021,977.0336790337,1275.3277276148801,721.89909624338
1,All Population,5,Prevalence,139,Algeria,3,Both,22,All ages,507,Other cardiovascular and circulatory diseases,3,Rate,2021,1748.79372728665,2179.9054286876103,1353.7348918656799
1,All Population,5,Prevalence,184,Mozambique,3,Both,22,All ages,507,Other cardiovascular and circulatory diseases,3,Rate,2021,948.1429307435899,1244.6576246641698,731.36379143761
1,All Population,5,Prevalence,146,Lebanon,3,Both,22,All ages,507,Other cardiovascular and circulatory diseases,3,Rate,2021,2328.68951185505,2862.84572617931,1892.33747912731
1,All Population,5,Prevalence,92,Spain,3,Both,22,All ages,507,Other cardiovascular and circulatory diseases,3,Rate,2021,3238.82521725483,4034.0105389044797,2577.83491999817
1,All Population,5,Prevalence,126,Costa Rica,3,Both,22,All ages,507,Other cardiovascular and circulatory diseases,3,Rate,2021,1817.08848188453,2232.9897825437697,1394.13240877649
1,All Population,5,Prevalence,72,New Zealand,3,Both,22,All ages,507,Other cardiovascular and circulatory diseases,3,Rate,2021,1435.81864853142,1891.7366139836502,1050.989620885
1,All Population,5,Prevalence,106,Bahamas,3,Both,22,All ages,507,Other cardiovascular and circulatory diseases,3,Rate,2021,1488.74540474585,1863.2859469304499,1154.46478371615
1,All Population,5,Prevalence,55,Slovenia,3,Both,22,All ages,507,Other cardiovascular and circulatory diseases,3,Rate,2021,1353.98627142203,1921.07320125432,922.24781407627
1,All Population,5,Prevalence,53,Serbia,3,Both,22,All ages,507,Other cardiovascular and circulatory diseases,3,Rate,2020,1043.4624736083001,1474.0472726224,705.4902997724
1,All Population,5,Prevalence,34,Azerbaijan,3,Both,22,All ages,507,Other cardiovascular and circulatory diseases,3,Rate,2022,378.02790790675,523.7184594868,276.66875802725
1,All Population,5,Prevalence,69,Singapore,3,Both,22,All ages,507,Other cardiovascular and circulatory diseases,3,Rate,2021,658.96270071787,844.7439401907999,499.97486398464997
1,All Population,5,Prevalence,162,Bhutan,3,Both,22,All ages,507,Other cardiovascular and circulatory diseases,3,Rate,2021,715.84348024258,894.67642684152,558.94771650745
1,All Population,5,Prevalence,193,Botswana,3,Both,22,All ages,507,Other cardiovascular and circulatory diseases,3,Rate,2021,1173.9803490588201,1589.3721876377301,857.1792458926499
1,All Population,5,Prevalence,210,Liberia,3,Both,22,All ages,507,Other cardiovascular and circulatory diseases,3,Rate,2021,1128.34371048294,1499.84798190403,818.4507129064
1,All Population,5,Prevalence,102,United States of America,3,Both,22,All ages,507,Other cardiovascular and circulatory diseases,3,Rate,2021,2534.16341185699,3242.70581994786,1971.88787462918
1,All Population,5,Prevalence,369,Nauru,3,Both,22,All ages,507,Other cardiovascular and circulatory diseases,3,Rate,2021,148.1524794954,182.90621211332,121.20250573476
1,All Population,5,Prevalence,85,Israel,3,Both,22,All ages,507,Other cardiovascular and circulatory diseases,3,Rate,2021,1492.4811291461501,1913.3082349383,1129.51327904249
1,All Population,5,Prevalence,396,San Marino,3,Both,22,All ages,507,Other cardiovascular and circulatory diseases,3,Rate,2021,8642.43644922868,10583.48025849087,6940.34779781653
1,All Population,5,Prevalence,177,Djibouti,3,Both,22,All ages,507,Other cardiovascular and circulatory diseases,3,Rate,2021,701.25535538421,950.83807637369,507.67317258369
1,All Population,5,Prevalence,57,Belarus,3,Both,22,All ages,507,Other cardiovascular and circulatory diseases,3,Rate,2021,894.99298110745,1188.69289756164,664.00595035612
1,All Population,5,Prevalence,376,Northern Mariana Islands,3,Both,22,All ages,507,Other cardiovascular and circulatory diseases,3,Rate,2020,939.0340639229499,1215.83860418321,718.65480469465
1,All Population,5,Prevalence,147,Libya,3,Both,22,All ages,507,Other cardiovascular and circulatory diseases,3,Rate,2021,1695.4171247287,2126.1566258810203,1353.80504768992
1,All Population,5,Prevalence,47,Czechia,3,Both,22,All ages,507,Other cardiovascular and circulatory diseases,3,Rate,2022,4146.036780520681,5454.67558207917,3099.5110313629
1,All Population,5,Prevalence,62,Russian Federation,3,Both,22,All ages,507,Other cardiovascular and circulatory diseases,3,Rate,2022,1619.10946518477,2228.43608917007,1113.25604667136
1,All Population,5,Prevalence,145,Kuwait,3,Both,22,All ages,507,Other cardiovascular and circulatory diseases,3,Rate,2021,469.21847672839,590.92749330697,366.22163546912
1,All Population,5,Prevalence,110,Dominica,3,Both,22,All ages,507,Other cardiovascular and circulatory diseases,3,Rate,2021,1461.21111067283,1862.94428650783,1129.95194632345
1,All Population,5,Prevalence,190,Uganda,3,Both,22,All ages,507,Other cardiovascular and circulatory diseases,3,Rate,2020,507.46361315929,669.06595279591,377.4322769255
1,All Population,5,Prevalence,78,Denmark,3,Both,22,All ages,507,Other cardiovascular and circulatory diseases,3,Rate,2021,1500.64919711359,1992.4093151691798,1101.86200782275
1,All Population,5,Prevalence,203,Cabo Verde,3,Both,22,All ages,507,Other cardiovascular and circulatory diseases,3,Rate,2020,3070.3135212605403,3907.41607357653,2261.8437833112002
1,All Population,5,Prevalence,93,Sweden,3,Both,22,All ages,507,Other cardiovascular and circulatory diseases,3,Rate,2021,4110.33186200845,5429.76060152836,3112.74976136768
1,All Population,5,Prevalence,52,Romania,3,Both,22,All ages,507,Other cardiovascular and circulatory diseases,3,Rate,2021,972.19015076164,1297.12382933095,703.1087434922
1,All Population,5,Prevalence,218,Togo,3,Both,22,All ages,507,Other cardiovascular and circulatory diseases,3,Rate,2020,1380.0964934328802,1854.0155228584501,1018.8852126477599
1,All Population,5,Prevalence,99,Uruguay,3,Both,22,All ages,507,Other cardiovascular and circulatory diseases,3,Rate,2021,2081.85819758462,2717.2497120141597,1602.59447773216
1,All Population,5,Prevalence,185,Rwanda,3,Both,22,All ages,507,Other cardiovascular and circulatory diseases,3,Rate,2021,618.06550739821,842.6012262995899,458.31102608563
1,All Population,5,Prevalence,63,Ukraine,3,Both,22,All ages,507,Other cardiovascular and circulatory diseases,3,Rate,2021,650.91032259221,894.0302579676501,460.19918740768003
1,All Population,5,Prevalence,123,Peru,3,Both,22,All ages,507,Other cardiovascular and circulatory diseases,3,Rate,2021,1428.5810726345599,1760.17597820569,1156.3106714579799
1,All Population,5,Prevalence,208,Guinea,3,Both,22,All ages,507,Other cardiovascular and circulatory diseases,3,Rate,2021,1227.38168887936,1611.8202146516498,906.02206537959
1,All Population,5,Prevalence,214,Nigeria,3,Both,22,All ages,507,Other cardiovascular and circulatory diseases,3,Rate,2020,817.5512053430899,1046.9237030698598,619.6977304994799
1,All Population,5,Prevalence,90,Norway,3,Both,22,All ages,507,Other cardiovascular and circulatory diseases,3,Rate,2018,1544.30571795038,2043.2310544710601,1167.9842293399001
1,All Population,5,Prevalence,213,Niger,3,Both,22,All ages,507,Other cardiovascular and circulatory diseases,3,Rate,2019,894.5548471492299,1178.51244698083,665.047208592
1,All Population,5,Prevalence,30,Vanuatu,3,Both,22,All ages,507,Other cardiovascular and circulatory diseases,3,Rate,2021,202.85282975084,255.95843415453,165.02213204617001
1,All Population,5,Prevalence,113,Guyana,3,Both,22,All ages,507,Other cardiovascular and circulatory diseases,3,Rate,2018,725.57982625263,888.8836333452899,588.81901977479
1,All Population,5,Prevalence,36,Kazakhstan,3,Both,22,All ages,507,Other cardiovascular and circulatory diseases,3,Rate,2021,432.55031391545003,584.0674826797,316.79557729027
1,All Population,5,Prevalence,204,Chad,3,Both,22,All ages,507,Other cardiovascular and circulatory diseases,3,Rate,2020,898.0782072893301,1168.5674524705,670.21562294221
1,All Population,5,Prevalence,367,Monaco,3,Both,22,All ages,507,Other cardiovascular and circulatory diseases,3,Rate,2021,1344.50489763502,1872.1358537621702,970.7348565886399
1,All Population,5,Prevalence,79,Finland,3,Both,22,All ages,507,Other cardiovascular and circulatory diseases,3,Rate,2022,1737.8607204253601,2400.2222356233,1252.10906228878
1,All Population,5,Prevalence,68,Republic of Korea,3,Both,22,All ages,507,Other cardiovascular and circulatory diseases,3,Rate,2022,1279.55429112677,1657.68891771191,959.4095279606199
1,All Population,5,Prevalence,39,Tajikistan,3,Both,22,All ages,507,Other cardiovascular and circulatory diseases,3,Rate,2022,124.36974825198,157.21646361539,99.94351213558001
1,All Population,5,Prevalence,8,Taiwan,3,Both,22,All ages,507,Other cardiovascular and circulatory diseases,3,Rate,2022,1123.54232579173,1487.4810856284298,846.4875146462001
1,All Population,5,Prevalence,74,Andorra,3,Both,22,All ages,507,Other cardiovascular and circulatory diseases,3,Rate,2022,969.3315894460101,1287.03257641375,710.53625036798
1,All Population,5,Prevalence,130,Mexico,3,Both,22,All ages,507,Other cardiovascular and circulatory diseases,3,Rate,2021,1280.5999124909,1590.9145557539,1000.6773280528699
1,All Population,5,Prevalence,12,Lao People's Democratic Republic,3,Both,22,All ages,507,Other cardiovascular and circulatory diseases,3,Rate,2021,175.74504794729,217.33326299367002,142.69116329874998
1,All Population,5,Prevalence,140,Bahrain,3,Both,22,All ages,507,Other cardiovascular and circulatory diseases,3,Rate,2021,1016.4459577438299,1308.1432527434,782.19843388504
1,All Population,5,Prevalence,46,Croatia,3,Both,22,All ages,507,Other cardiovascular and circulatory diseases,3,Rate,2021,569.04499427238,756.94414517995,402.49138516056996
1,All Population,5,Prevalence,201,Burkina Faso,3,Both,22,All ages,507,Other cardiovascular and circulatory diseases,3,Rate,2021,1477.02301055071,1929.37481080598,1067.0338833845701
1,All Population,5,Prevalence,170,Congo,3,Both,22,All ages,507,Other cardiovascular and circulatory diseases,3,Rate,2021,675.0381198357501,924.65837349101,492.88413679267
1,All Population,5,Prevalence,129,Honduras,3,Both,22,All ages,507,Other cardiovascular and circulatory diseases,3,Rate,2019,508.19169838562004,618.75698434544,406.89809679149
1,All Population,5,Prevalence,202,Cameroon,3,Both,22,All ages,507,Other cardiovascular and circulatory diseases,3,Rate,2021,1285.12799222942,1674.1098511349799,965.47633814172
1,All Population,5,Prevalence,413,Tokelau,3,Both,22,All ages,507,Other cardiovascular and circulatory diseases,3,Rate,2021,471.68032604151006,631.7582526199,365.55233931099
1,All Population,5,Prevalence,92,Spain,3,Both,22,All ages,507,Other cardiovascular and circulatory diseases,3,Rate,2022,3407.6741993695896,4291.35713512018,2696.21303698536
1,All Population,5,Prevalence,139,Algeria,3,Both,22,All ages,507,Other cardiovascular and circulatory diseases,3,Rate,2022,1790.0230566526302,2272.70908416387,1402.20900105502
1,All Population,5,Prevalence,154,Tunisia,3,Both,22,All ages,507,Other cardiovascular and circulatory diseases,3,Rate,2022,2204.24829230037,2777.48315341109,1730.05900547714
1,All Population,5,Prevalence,49,North Macedonia,3,Both,22,All ages,507,Other cardiovascular and circulatory diseases,3,Rate,2021,810.9505306331,1102.85554512572,591.26392271907
1,All Population,5,Prevalence,24,Marshall Islands,3,Both,22,All ages,507,Other cardiovascular and circulatory diseases,3,Rate,2022,200.64359322384,261.25904211435,157.93039736376
1,All Population,5,Prevalence,178,Eritrea,3,Both,22,All ages,507,Other cardiovascular and circulatory diseases,3,Rate,2021,629.15173794777,842.4568727038,462.4027425578
1,All Population,5,Prevalence,58,Estonia,3,Both,22,All ages,507,Other cardiovascular and circulatory diseases,3,Rate,2022,1441.34938016727,2062.87227170354,989.86228362589
1,All Population,5,Prevalence,107,Barbados,3,Both,22,All ages,507,Other cardiovascular and circulatory diseases,3,Rate,2022,3300.47678612191,4260.85910096966,2568.43823947536
1,All Population,5,Prevalence,26,Papua New Guinea,3,Both,22,All ages,507,Other cardiovascular and circulatory diseases,3,Rate,2021,189.04279261357,239.57635632192,150.95725811484002
1,All Population,5,Prevalence,84,Ireland,3,Both,22,All ages,507,Other cardiovascular and circulatory diseases,3,Rate,2022,1605.9930923108202,2161.28430464274,1201.61864588756
1,All Population,5,Prevalence,27,Samoa,3,Both,22,All ages,507,Other cardiovascular and circulatory diseases,3,Rate,2022,329.39724878401,424.08127603338005,264.29243771549
1,All Population,5,Prevalence,179,Ethiopia,3,Both,22,All ages,507,Other cardiovascular and circulatory diseases,3,Rate,2020,578.11629814867,760.19796347901,433.64335019063003
1,All Population,5,Prevalence,40,Turkmenistan,3,Both,22,All ages,507,Other cardiovascular and circulatory diseases,3,Rate,2021,268.05445525120996,345.22033163146,207.40741681433
1,All Population,5,Prevalence,23,Kiribati,3,Both,22,All ages,507,Other cardiovascular and circulatory diseases,3,Rate,2022,262.21148650419,334.60168422753003,205.46395766042002
1,All Population,5,Prevalence,91,Portugal,3,Both,22,All ages,507,Other cardiovascular and circulatory diseases,3,Rate,2019,2237.84897281083,2925.61977200337,1677.88686208544
1,All Population,5,Prevalence,55,Slovenia,3,Both,22,All ages,507,Other cardiovascular and circulatory diseases,3,Rate,2022,1349.4234719022302,1953.20158082786,901.37861295181
1,All Population,5,Prevalence,72,New Zealand,3,Both,22,All ages,507,Other cardiovascular and circulatory diseases,3,Rate,2022,1368.23328728965,1854.89140259343,963.9767389388101
1,All Population,5,Prevalence,29,Tonga,3,Both,22,All ages,507,Other cardiovascular and circulatory diseases,3,Rate,2019,471.49880438903,599.8593170489501,378.18306485172
1,All Population,5,Prevalence,11,Indonesia,3,Both,22,All ages,507,Other cardiovascular and circulatory diseases,3,Rate,2022,275.26969921686003,358.23307356255003,215.28285827257
1,All Population,5,Prevalence,45,Bulgaria,3,Both,22,All ages,507,Other cardiovascular and circulatory diseases,3,Rate,2022,2133.46695120005,2954.3677444877703,1587.7830941443801
1,All Population,5,Prevalence,152,Saudi Arabia,3,Both,22,All ages,507,Other cardiovascular and circulatory diseases,3,Rate,2019,754.66786077633,944.01017037779,597.84562722567
1,All Population,5,Prevalence,155,Türkiye,3,Both,22,All ages,507,Other cardiovascular and circulatory diseases,3,Rate,2021,1800.85953269522,2229.0225090190797,1377.85001294285
1,All Population,5,Prevalence,126,Costa Rica,3,Both,22,All ages,507,Other cardiovascular and circulatory diseases,3,Rate,2022,1873.5172527440302,2304.5767312296703,1452.5260801695301
1,All Population,5,Prevalence,101,Canada,3,Both,22,All ages,507,Other cardiovascular and circulatory diseases,3,Rate,2022,4203.41484919959,5304.99839398749,3217.2165845465797
1,All Population,5,Prevalence,13,Malaysia,3,Both,22,All ages,507,Other cardiovascular and circulatory diseases,3,Rate,2021,815.85187514327,996.45393789897,649.71161788071
1,All Population,5,Prevalence,216,Senegal,3,Both,22,All ages,507,Other cardiovascular and circulatory diseases,3,Rate,2021,1601.1553727133798,2064.5272569277304,1203.29246875998
1,All Population,5,Prevalence,85,Israel,3,Both,22,All ages,507,Other cardiovascular and circulatory diseases,3,Rate,2022,1448.04791716486,1896.22546900266,1085.64268781624
1,All Population,5,Prevalence,25,Micronesia (Federated States of),3,Both,22,All ages,507,Other cardiovascular and circulatory diseases,3,Rate,2021,235.72775186253,299.29095338909,187.71591799264
1,All Population,5,Prevalence,121,Bolivia (Plurinational State of),3,Both,22,All ages,507,Other cardiovascular and circulatory diseases,3,Rate,2022,918.2316368065799,1165.4536916407699,737.32777257957
1,All Population,5,Prevalence,38,Mongolia,3,Both,22,All ages,507,Other cardiovascular and circulatory diseases,3,Rate,2022,305.5234384716,418.37935707528,225.60680368973
1,All Population,5,Prevalence,205,Côte d'Ivoire,3,Both,22,All ages,507,Other cardiovascular and circulatory diseases,3,Rate,2021,1170.3720859022799,1550.72719453646,879.61560059347
1,All Population,5,Prevalence,160,Afghanistan,3,Both,22,All ages,507,Other cardiovascular and circulatory diseases,3,Rate,2020,618.92397739681,761.65614187387,500.93393398642996
1,All Population,5,Prevalence,169,Central African Republic,3,Both,22,All ages,507,Other cardiovascular and circulatory diseases,3,Rate,2022,506.23932811578004,676.24831675094,363.94204626335
1,All Population,5,Prevalence,435,South Sudan,3,Both,22,All ages,507,Other cardiovascular and circulatory diseases,3,Rate,2021,548.06605554349,739.5446686456401,400.79593712428
1,All Population,5,Prevalence,18,Thailand,3,Both,22,All ages,507,Other cardiovascular and circulatory diseases,3,Rate,2021,916.7720628447199,1157.28720254375,699.0097667065701
1,All Population,5,Prevalence,35,Georgia,3,Both,22,All ages,507,Other cardiovascular and circulatory diseases,3,Rate,2021,1070.75392967415,1521.19613672914,706.16979334776
1,All Population,5,Prevalence,157,Yemen,3,Both,22,All ages,507,Other cardiovascular and circulatory diseases,3,Rate,2021,832.94920511542,1022.29536847331,680.84741767158
1,All Population,5,Prevalence,102,United States of America,3,Both,22,All ages,507,Other cardiovascular and circulatory diseases,3,Rate,2022,2560.30352002737,3332.9475623777603,1922.00080858624
1,All Population,5,Prevalence,14,Maldives,3,Both,22,All ages,507,Other cardiovascular and circulatory diseases,3,Rate,2020,803.445317088,1021.56322388725,644.4388635144101
1,All Population,5,Prevalence,183,Mauritius,3,Both,22,All ages,507,Other cardiovascular and circulatory diseases,3,Rate,2019,708.07680513244,888.7207189805599,545.12045229802
1,All Population,5,Prevalence,105,Antigua and Barbuda,3,Both,22,All ages,507,Other cardiovascular and circulatory diseases,3,Rate,2022,2694.64734880317,3427.48225905426,2086.0670671993003
1,All Population,5,Prevalence,59,Latvia,3,Both,22,All ages,507,Other cardiovascular and circulatory diseases,3,Rate,2021,1078.4200474221,1482.4599637026902,754.0156109975
1,All Population,5,Prevalence,90,Norway,3,Both,22,All ages,507,Other cardiovascular and circulatory diseases,3,Rate,2020,1738.0978982893698,2343.13323821646,1294.47755584246
1,All Population,5,Prevalence,146,Lebanon,3,Both,22,All ages,507,Other cardiovascular and circulatory diseases,3,Rate,2022,2395.36628865161,2910.06440221117,1952.97407446079
1,All Population,5,Prevalence,116,Saint Lucia,3,Both,22,All ages,507,Other cardiovascular and circulatory diseases,3,Rate,2022,2527.43226143952,3199.84588514776,1951.91454545348
1,All Population,5,Prevalence,69,Singapore,3,Both,22,All ages,507,Other cardiovascular and circulatory diseases,3,Rate,2022,700.50385212641,914.0133030061301,529.38959199093
1,All Population,5,Prevalence,161,Bangladesh,3,Both,22,All ages,507,Other cardiovascular and circulatory diseases,3,Rate,2022,658.59142557385,844.17623947039,511.61701555576
1,All Population,5,Prevalence,122,Ecuador,3,Both,22,All ages,507,Other cardiovascular and circulatory diseases,3,Rate,2020,1033.7351423058499,1287.02705424493,824.57445238894
1,All Population,5,Prevalence,135,Brazil,3,Both,22,All ages,507,Other cardiovascular and circulatory diseases,3,Rate,2020,1607.68829216371,2014.10398564906,1230.05465555866
1,All Population,5,Prevalence,150,Oman,3,Both,22,All ages,507,Other cardiovascular and circulatory diseases,3,Rate,2022,2272.88844938665,2927.16623890426,1784.7920112784197
1,All Population,5,Prevalence,191,Zambia,3,Both,22,All ages,507,Other cardiovascular and circulatory diseases,3,Rate,2020,497.06848592383994,673.89602621875,369.72448919952996
1,All Population,5,Prevalence,173,Gabon,3,Both,22,All ages,507,Other cardiovascular and circulatory diseases,3,Rate,2022,969.99389611266,1358.6852002773999,673.34579620689
1,All Population,5,Prevalence,184,Mozambique,3,Both,22,All ages,507,Other cardiovascular and circulatory diseases,3,Rate,2020,948.74403277967,1255.178314245,710.51353860115
1,All Population,5,Prevalence,143,Iraq,3,Both,22,All ages,507,Other cardiovascular and circulatory diseases,3,Rate,2020,524.50889620728,646.91701760792,413.89648149455996
1,All Population,5,Prevalence,53,Serbia,3,Both,22,All ages,507,Other cardiovascular and circulatory diseases,3,Rate,2021,1055.00768838565,1492.11961782558,726.42529591343
1,All Population,5,Prevalence,147,Libya,3,Both,22,All ages,507,Other cardiovascular and circulatory diseases,3,Rate,2022,1710.91237723634,2178.01645982205,1354.07143087175
1,All Population,5,Prevalence,111,Dominican Republic,3,Both,22,All ages,507,Other cardiovascular and circulatory diseases,3,Rate,2020,797.19028805621,973.00745913162,631.64600954457
1,All Population,5,Prevalence,131,Nicaragua,3,Both,22,All ages,507,Other cardiovascular and circulatory diseases,3,Rate,2022,692.19830909111,866.01138718829,531.75661665011
1,All Population,5,Prevalence,182,Malawi,3,Both,22,All ages,507,Other cardiovascular and circulatory diseases,3,Rate,2020,510.14136752192996,676.30523645564,380.37593076568
1,All Population,5,Prevalence,132,Panama,3,Both,22,All ages,507,Other cardiovascular and circulatory diseases,3,Rate,2022,1285.42861102399,1659.6163857774002,1001.43939388163
1,All Population,5,Prevalence,168,Angola,3,Both,22,All ages,507,Other cardiovascular and circulatory diseases,3,Rate,2022,653.4628978479,880.10018305469,466.02716920601995
1,All Population,5,Prevalence,162,Bhutan,3,Both,22,All ages,507,Other cardiovascular and circulatory diseases,3,Rate,2022,746.87386424152,936.6526261704399,587.94188815647
1,All Population,5,Prevalence,115,Jamaica,3,Both,22,All ages,507,Other cardiovascular and circulatory diseases,3,Rate,2022,1283.7993518559601,1638.81414409109,1007.79523199151
1,All Population,5,Prevalence,150,Oman,3,Both,22,All ages,507,Other cardiovascular and circulatory diseases,3,Rate,2020,2239.71383652091,2819.67197957444,1802.59515642777
1,All Population,5,Prevalence,305,Bermuda,3,Both,22,All ages,507,Other cardiovascular and circulatory diseases,3,Rate,2021,6937.03706211595,8626.86727389823,5522.91593454214
1,All Population,5,Prevalence,435,South Sudan,3,Both,22,All ages,507,Other cardiovascular and circulatory diseases,3,Rate,2020,550.96833591148,760.05089849144,395.97699890394
1,All Population,5,Prevalence,522,Sudan,3,Both,22,All ages,507,Other cardiovascular and circulatory diseases,3,Rate,2021,987.3662777522401,1216.33316339365,792.5672313138799
1,All Population,5,Prevalence,22,Fiji,3,Both,22,All ages,507,Other cardiovascular and circulatory diseases,3,Rate,2019,303.40569304457,390.82377350546994,240.94397798236
1,All Population,5,Prevalence,112,Grenada,3,Both,22,All ages,507,Other cardiovascular and circulatory diseases,3,Rate,2020,1847.1722675869999,2327.20594852351,1419.77782126436
1,All Population,5,Prevalence,7,Democratic People's Republic of Korea,3,Both,22,All ages,507,Other cardiovascular and circulatory diseases,3,Rate,2022,248.33256485843998,319.10650766866,193.00783366187
1,All Population,5,Prevalence,416,Tuvalu,3,Both,22,All ages,507,Other cardiovascular and circulatory diseases,3,Rate,2021,262.37442106099,348.46137585757003,203.78828572724
1,All Population,5,Prevalence,97,Argentina,3,Both,22,All ages,507,Other cardiovascular and circulatory diseases,3,Rate,2020,2901.7785422182,3698.5161073599497,2252.27726199451
1,All Population,5,Prevalence,22,Fiji,3,Both,22,All ages,507,Other cardiovascular and circulatory diseases,3,Rate,2022,321.08795593469,421.64932368408006,249.51812773257
1,All Population,5,Prevalence,151,Qatar,3,Both,22,All ages,507,Other cardiovascular and circulatory diseases,3,Rate,2020,1044.25722407773,1393.73167678262,808.53494966838
1,All Population,5,Prevalence,6,China,3,Both,22,All ages,507,Other cardiovascular and circulatory diseases,3,Rate,2023,436.18560638643,589.2880611674,318.84080767304
1,All Population,5,Prevalence,33,Armenia,3,Both,22,All ages,507,Other cardiovascular and circulatory diseases,3,Rate,2022,1463.2308598352402,1897.8465286738199,1098.5648660868
1,All Population,5,Prevalence,78,Denmark,3,Both,22,All ages,507,Other cardiovascular and circulatory diseases,3,Rate,2022,1437.84359630947,1957.15570172576,1021.74880120673
1,All Population,5,Prevalence,127,El Salvador,3,Both,22,All ages,507,Other cardiovascular and circulatory diseases,3,Rate,2020,842.19996137175,1034.53319189366,664.95251339477
1,All Population,5,Prevalence,119,Trinidad and Tobago,3,Both,22,All ages,507,Other cardiovascular and circulatory diseases,3,Rate,2020,1511.82777510566,1915.98810552421,1153.63113347542
1,All Population,5,Prevalence,215,Sao Tome and Principe,3,Both,22,All ages,507,Other cardiovascular and circulatory diseases,3,Rate,2020,2042.13514208538,2585.2643933949,1522.8541974284099
1,All Population,5,Prevalence,135,Brazil,3,Both,22,All ages,507,Other cardiovascular and circulatory diseases,3,Rate,2021,1652.83212459961,2105.49830272961,1230.57013896007
1,All Population,5,Prevalence,117,Saint Vincent and the Grenadines,3,Both,22,All ages,507,Other cardiovascular and circulatory diseases,3,Rate,2021,2825.24722758192,3465.4582921704596,2223.88272700454
1,All Population,5,Prevalence,175,Burundi,3,Both,22,All ages,507,Other cardiovascular and circulatory diseases,3,Rate,2019,535.20690030253,705.19766075831,394.90657453480003
1,All Population,5,Prevalence,191,Zambia,3,Both,22,All ages,507,Other cardiovascular and circulatory diseases,3,Rate,2019,495.25251367324995,667.80382586058,371.28218677803
1,All Population,5,Prevalence,160,Afghanistan,3,Both,22,All ages,507,Other cardiovascular and circulatory diseases,3,Rate,2021,624.75877911328,770.89166988687,499.44528823582004
1,All Population,5,Prevalence,171,Democratic Republic of the Congo,3,Both,22,All ages,507,Other cardiovascular and circulatory diseases,3,Rate,2021,620.60832600135,842.2354878400399,442.9056787201
1,All Population,5,Prevalence,132,Panama,3,Both,22,All ages,507,Other cardiovascular and circulatory diseases,3,Rate,2020,1230.11165017825,1523.08209090876,947.3307781419501
1,All Population,5,Prevalence,36,Kazakhstan,3,Both,22,All ages,507,Other cardiovascular and circulatory diseases,3,Rate,2022,440.81360789547006,593.0203150744501,322.21804482778003
1,All Population,5,Prevalence,58,Estonia,3,Both,22,All ages,507,Other cardiovascular and circulatory diseases,3,Rate,2021,1285.06830809407,1776.0877277555899,898.67173737886
1,All Population,5,Prevalence,93,Sweden,3,Both,22,All ages,507,Other cardiovascular and circulatory diseases,3,Rate,2022,4219.68096739268,5624.20549538865,3038.9025447458503
1,All Population,5,Prevalence,140,Bahrain,3,Both,22,All ages,507,Other cardiovascular and circulatory diseases,3,Rate,2022,1065.88023263995,1401.45074171707,804.18127099765
1,All Population,5,Prevalence,61,Republic of Moldova,3,Both,22,All ages,507,Other cardiovascular and circulatory diseases,3,Rate,2022,643.9236918644999,902.1890374346199,467.46611140851996
1,All Population,5,Prevalence,127,El Salvador,3,Both,22,All ages,507,Other cardiovascular and circulatory diseases,3,Rate,2022,853.5822641651199,1071.85145222565,671.23879676842
1,All Population,5,Prevalence,108,Belize,3,Both,22,All ages,507,Other cardiovascular and circulatory diseases,3,Rate,2022,1212.47451758965,1523.76700231866,975.84316310094
1,All Population,5,Prevalence,16,Philippines,3,Both,22,All ages,507,Other cardiovascular and circulatory diseases,3,Rate,2022,186.85488584625,242.99617962684002,149.88021370063
1,All Population,5,Prevalence,105,Antigua and Barbuda,3,Both,22,All ages,507,Other cardiovascular and circulatory diseases,3,Rate,2021,2705.8978413937,3337.20880810938,2164.7714128694697
1,All Population,5,Prevalence,198,Zimbabwe,3,Both,22,All ages,507,Other cardiovascular and circulatory diseases,3,Rate,2020,1403.43125238531,1840.3226716581698,1039.34133236627
1,All Population,5,Prevalence,66,Brunei Darussalam,3,Both,22,All ages,507,Other cardiovascular and circulatory diseases,3,Rate,2021,463.40088809431995,627.81872149253,327.89014188209
1,All Population,5,Prevalence,380,Palau,3,Both,22,All ages,507,Other cardiovascular and circulatory diseases,3,Rate,2020,388.99313623486,508.5136558709,300.76821546862
1,All Population,5,Prevalence,41,Uzbekistan,3,Both,22,All ages,507,Other cardiovascular and circulatory diseases,3,Rate,2021,463.45072284475,603.93196896061,352.02716508957
1,All Population,5,Prevalence,74,Andorra,3,Both,22,All ages,507,Other cardiovascular and circulatory diseases,3,Rate,2021,961.0906219259999,1253.1804793717301,711.82668450012
1,All Population,5,Prevalence,118,Suriname,3,Both,22,All ages,507,Other cardiovascular and circulatory diseases,3,Rate,2021,891.58950842582,1104.19494301965,688.3787208581899
1,All Population,5,Prevalence,153,Syrian Arab Republic,3,Both,22,All ages,507,Other cardiovascular and circulatory diseases,3,Rate,2021,1430.67169611655,1758.1920177351801,1125.54913103624
1,All Population,5,Prevalence,84,Ireland,3,Both,22,All ages,507,Other cardiovascular and circulatory diseases,3,Rate,2021,1604.87479844597,2095.10815809736,1220.3865920924
1,All Population,5,Prevalence,46,Croatia,3,Both,22,All ages,507,Other cardiovascular and circulatory diseases,3,Rate,2022,585.1215510367599,801.2426704213101,406.55089486427
1,All Population,5,Prevalence,123,Peru,3,Both,22,All ages,507,Other cardiovascular and circulatory diseases,3,Rate,2022,1449.5775426699101,1801.07244632909,1175.05663555249
1,All Population,5,Prevalence,170,Congo,3,Both,22,All ages,507,Other cardiovascular and circulatory diseases,3,Rate,2022,678.71254175237,929.9111707182,490.46539335692006
1,All Population,5,Prevalence,88,Malta,3,Both,22,All ages,507,Other cardiovascular and circulatory diseases,3,Rate,2021,1305.09073709827,1749.24533969369,961.38185099946
1,All Population,5,Prevalence,111,Dominican Republic,3,Both,22,All ages,507,Other cardiovascular and circulatory diseases,3,Rate,2021,840.0475376957401,1029.57104451189,681.59154413851
1,All Population,5,Prevalence,17,Sri Lanka,3,Both,22,All ages,507,Other cardiovascular and circulatory diseases,3,Rate,2022,569.63852631709,733.63738279377,436.29048916662
1,All Population,5,Prevalence,186,Seychelles,3,Both,22,All ages,507,Other cardiovascular and circulatory diseases,3,Rate,2021,416.37069928588,521.6523419111099,320.37414384942
1,All Population,5,Prevalence,49,North Macedonia,3,Both,22,All ages,507,Other cardiovascular and circulatory diseases,3,Rate,2022,804.79045462302,1110.39193109224,575.51650734919
1,All Population,5,Prevalence,66,Brunei Darussalam,3,Both,22,All ages,507,Other cardiovascular and circulatory diseases,3,Rate,2022,477.13564236174,656.05047236982,333.11757383443
1,All Population,5,Prevalence,79,Finland,3,Both,22,All ages,507,Other cardiovascular and circulatory diseases,3,Rate,2021,1756.7273583708,2404.46083299344,1287.00919737434
1,All Population,5,Prevalence,80,France,3,Both,22,All ages,507,Other cardiovascular and circulatory diseases,3,Rate,2022,10217.94657496232,12393.55788943392,8197.877399154491
1,All Population,5,Prevalence,107,Barbados,3,Both,22,All ages,507,Other cardiovascular and circulatory diseases,3,Rate,2021,3275.85074991686,4167.23371489331,2585.07461353456
1,All Population,5,Prevalence,206,Gambia,3,Both,22,All ages,507,Other cardiovascular and circulatory diseases,3,Rate,2021,1335.9877138617899,1752.7656134286099,1000.64162942703
1,All Population,5,Prevalence,320,Cook Islands,3,Both,22,All ages,507,Other cardiovascular and circulatory diseases,3,Rate,2022,115.50038218009,147.90079157578,89.98533137152
1,All Population,5,Prevalence,186,Seychelles,3,Both,22,All ages,507,Other cardiovascular and circulatory diseases,3,Rate,2022,424.99773249497,544.8762600931,326.56961243704995
1,All Population,5,Prevalence,413,Tokelau,3,Both,22,All ages,507,Other cardiovascular and circulatory diseases,3,Rate,2022,476.87905540195,638.18128630193,362.47161266729
1,All Population,5,Prevalence,57,Belarus,3,Both,22,All ages,507,Other cardiovascular and circulatory diseases,3,Rate,2022,926.2380999642601,1259.58424520736,671.22103922725
1,All Population,5,Prevalence,182,Malawi,3,Both,22,All ages,507,Other cardiovascular and circulatory diseases,3,Rate,2021,507.20133664336,673.63112369861,380.62528354016
1,All Population,5,Prevalence,148,Morocco,3,Both,22,All ages,507,Other cardiovascular and circulatory diseases,3,Rate,2021,566.90584099607,704.76249244957,452.49105794289
1,All Population,5,Prevalence,200,Benin,3,Both,22,All ages,507,Other cardiovascular and circulatory diseases,3,Rate,2019,978.70812473967,1288.00075065172,730.0535058313
1,All Population,5,Prevalence,196,South Africa,3,Both,22,All ages,507,Other cardiovascular and circulatory diseases,3,Rate,2021,1213.70239952714,1637.3579437295698,885.11798222389
1,All Population,5,Prevalence,95,United Kingdom,3,Both,22,All ages,507,Other cardiovascular and circulatory diseases,3,Rate,2021,2484.69803455772,3128.93270426787,1928.5194414901
1,All Population,5,Prevalence,155,Türkiye,3,Both,22,All ages,507,Other cardiovascular and circulatory diseases,3,Rate,2022,1845.7777925796602,2328.62424871739,1409.89514138318
1,All Population,5,Prevalence,125,Colombia,3,Both,22,All ages,507,Other cardiovascular and circulatory diseases,3,Rate,2021,2092.4902384605098,2585.58938244315,1638.87363904229
1,All Population,5,Prevalence,217,Sierra Leone,3,Both,22,All ages,507,Other cardiovascular and circulatory diseases,3,Rate,2022,1322.81518132907,1734.03017415216,990.7442498047999
1,All Population,5,Prevalence,298,American Samoa,3,Both,22,All ages,507,Other cardiovascular and circulatory diseases,3,Rate,2022,648.8813919153699,867.30721982582,492.95337600984
1,All Population,5,Prevalence,141,Egypt,3,Both,22,All ages,507,Other cardiovascular and circulatory diseases,3,Rate,2022,1113.29162682491,1386.88454164994,903.2616218111999
1,All Population,5,Prevalence,77,Cyprus,3,Both,22,All ages,507,Other cardiovascular and circulatory diseases,3,Rate,2022,1107.30692499359,1471.4238798097801,810.0109555373099
1,All Population,5,Prevalence,128,Guatemala,3,Both,22,All ages,507,Other cardiovascular and circulatory diseases,3,Rate,2021,917.4143498822,1131.68891343887,735.59448723048
1,All Population,5,Prevalence,141,Egypt,3,Both,22,All ages,507,Other cardiovascular and circulatory diseases,3,Rate,2021,1097.51481412619,1364.74643086844,892.17238654191
1,All Population,5,Prevalence,26,Papua New Guinea,3,Both,22,All ages,507,Other cardiovascular and circulatory diseases,3,Rate,2022,192.46742153291999,249.11081467271003,156.40354025825
1,All Population,5,Prevalence,211,Mali,3,Both,22,All ages,507,Other cardiovascular and circulatory diseases,3,Rate,2021,974.9849937211501,1272.80853775751,711.49166584669
1,All Population,5,Prevalence,131,Nicaragua,3,Both,22,All ages,507,Other cardiovascular and circulatory diseases,3,Rate,2021,679.67943716568,834.17883824846,541.1994291441
1,All Population,5,Prevalence,209,Guinea-Bissau,3,Both,22,All ages,507,Other cardiovascular and circulatory diseases,3,Rate,2022,986.85409415062,1306.37867364787,723.95720406957
1,All Population,5,Prevalence,71,Australia,3,Both,22,All ages,507,Other cardiovascular and circulatory diseases,3,Rate,2021,3554.99881695854,4519.42016408344,2806.77818519958
1,All Population,5,Prevalence,163,India,3,Both,22,All ages,507,Other cardiovascular and circulatory diseases,3,Rate,2021,554.60098936315,722.99641001279,428.00399741008005
1,All Population,5,Prevalence,87,Luxembourg,3,Both,22,All ages,507,Other cardiovascular and circulatory diseases,3,Rate,2021,3763.1282701700698,4712.32241433411,2878.66535981126
1,All Population,5,Prevalence,76,Belgium,3,Both,22,All ages,507,Other cardiovascular and circulatory diseases,3,Rate,2022,3022.21765835429,4043.3265441285803,2248.54972567078
1,All Population,5,Prevalence,10,Cambodia,3,Both,22,All ages,507,Other cardiovascular and circulatory diseases,3,Rate,2022,206.79419729289,262.65277742517003,162.50852631531
1,All Population,5,Prevalence,41,Uzbekistan,3,Both,22,All ages,507,Other cardiovascular and circulatory diseases,3,Rate,2022,470.70051495255996,618.7465508097999,349.62235786784
1,All Population,5,Prevalence,13,Malaysia,3,Both,22,All ages,507,Other cardiovascular and circulatory diseases,3,Rate,2022,831.05518604156,1055.94325223246,655.7876390467401
1,All Population,5,Prevalence,205,Côte d'Ivoire,3,Both,22,All ages,507,Other cardiovascular and circulatory diseases,3,Rate,2020,1167.36011682559,1552.38826041302,881.47654824077
1,All Population,5,Prevalence,187,Somalia,3,Both,22,All ages,507,Other cardiovascular and circulatory diseases,3,Rate,2021,451.13700647532,613.57165509206,338.18569251655003
1,All Population,5,Prevalence,61,Republic of Moldova,3,Both,22,All ages,507,Other cardiovascular and circulatory diseases,3,Rate,2021,635.39548496194,846.7929301046701,468.30371154531
1,All Population,5,Prevalence,67,Japan,3,Both,22,All ages,507,Other cardiovascular and circulatory diseases,3,Rate,2021,2005.81589788663,2559.90386412233,1530.93479300286
1,All Population,5,Prevalence,367,Monaco,3,Both,22,All ages,507,Other cardiovascular and circulatory diseases,3,Rate,2022,1314.76726147695,1839.49885232777,932.40404409578
1,All Population,5,Prevalence,393,Saint Kitts and Nevis,3,Both,22,All ages,507,Other cardiovascular and circulatory diseases,3,Rate,2022,1533.45708002511,1958.18462838399,1170.99330962218
1,All Population,5,Prevalence,24,Marshall Islands,3,Both,22,All ages,507,Other cardiovascular and circulatory diseases,3,Rate,2023,207.29678542244002,270.07774814883,162.73573908736
1,All Population,5,Prevalence,164,Nepal,3,Both,22,All ages,507,Other cardiovascular and circulatory diseases,3,Rate,2022,406.29400963528,526.80962246247,318.04915794752003
1,All Population,5,Prevalence,44,Bosnia and Herzegovina,3,Both,22,All ages,507,Other cardiovascular and circulatory diseases,3,Rate,2021,1969.61503427141,2650.66030823238,1436.96740182655
1,All Population,5,Prevalence,14,Maldives,3,Both,22,All ages,507,Other cardiovascular and circulatory diseases,3,Rate,2021,821.44155472953,1050.84396629045,653.1475586504499
1,All Population,5,Prevalence,8,Taiwan,3,Both,22,All ages,507,Other cardiovascular and circulatory diseases,3,Rate,2023,1169.11908191709,1544.94730834123,877.62850119789
1,All Population,5,Prevalence,385,Puerto Rico,3,Both,22,All ages,507,Other cardiovascular and circulatory diseases,3,Rate,2020,2596.55906875028,3391.9370029450397,1948.2450688936601
1,All Population,5,Prevalence,320,Cook Islands,3,Both,22,All ages,507,Other cardiovascular and circulatory diseases,3,Rate,2021,112.49601242403,145.10120575786001,89.56059770343
1,All Population,5,Prevalence,49,North Macedonia,3,Both,22,All ages,507,Other cardiovascular and circulatory diseases,3,Rate,2023,824.1929111084199,1137.50910831515,586.2752233485301
1,All Population,5,Prevalence,81,Germany,3,Both,22,All ages,507,Other cardiovascular and circulatory diseases,3,Rate,2022,3154.77217492812,4201.1822072667,2277.9932166985
1,All Population,5,Prevalence,94,Switzerland,3,Both,22,All ages,507,Other cardiovascular and circulatory diseases,3,Rate,2021,1754.06953172667,2336.1272769903603,1304.53750525081
1,All Population,5,Prevalence,156,United Arab Emirates,3,Both,22,All ages,507,Other cardiovascular and circulatory diseases,3,Rate,2022,1182.1350031883599,1638.6911052172802,816.9689460995601
1,All Population,5,Prevalence,62,Russian Federation,3,Both,22,All ages,507,Other cardiovascular and circulatory diseases,3,Rate,2023,1654.1116262226901,2268.3946621419,1135.00507384725
1,All Population,5,Prevalence,37,Kyrgyzstan,3,Both,22,All ages,507,Other cardiovascular and circulatory diseases,3,Rate,2021,380.28213236431,483.05963028919,298.62000758334
1,All Population,5,Prevalence,20,Viet Nam,3,Both,22,All ages,507,Other cardiovascular and circulatory diseases,3,Rate,2021,396.53555044919995,498.15259181010003,313.66227850155
1,All Population,5,Prevalence,48,Hungary,3,Both,22,All ages,507,Other cardiovascular and circulatory diseases,3,Rate,2021,1275.51100126688,1741.07259378102,929.4690149967399
1,All Population,5,Prevalence,108,Belize,3,Both,22,All ages,507,Other cardiovascular and circulatory diseases,3,Rate,2021,1220.76170114393,1507.9243152235,983.0993020423199
1,All Population,5,Prevalence,207,Ghana,3,Both,22,All ages,507,Other cardiovascular and circulatory diseases,3,Rate,2021,902.3213713909199,1253.55523019617,633.33882614009
1,All Population,5,Prevalence,112,Grenada,3,Both,22,All ages,507,Other cardiovascular and circulatory diseases,3,Rate,2021,1823.8169607414,2342.69197305004,1403.73835444809
1,All Population,5,Prevalence,198,Zimbabwe,3,Both,22,All ages,507,Other cardiovascular and circulatory diseases,3,Rate,2022,1433.8471261223,1935.54687476573,1054.11644694567
1,All Population,5,Prevalence,215,Sao Tome and Principe,3,Both,22,All ages,507,Other cardiovascular and circulatory diseases,3,Rate,2019,2013.9644326403102,2550.56276669639,1514.3671303169401
1,All Population,5,Prevalence,194,Lesotho,3,Both,22,All ages,507,Other cardiovascular and circulatory diseases,3,Rate,2022,898.1885931136401,1274.25318141097,633.3675199458099
1,All Population,5,Prevalence,212,Mauritania,3,Both,22,All ages,507,Other cardiovascular and circulatory diseases,3,Rate,2021,1469.54926092694,1951.4986047239402,1076.7871058923101
1,All Population,5,Prevalence,164,Nepal,3,Both,22,All ages,507,Other cardiovascular and circulatory diseases,3,Rate,2021,389.35165976864,491.35654406626,305.02452041846
1,All Population,5,Prevalence,132,Panama,3,Both,22,All ages,507,Other cardiovascular and circulatory diseases,3,Rate,2021,1253.22333843809,1554.56453245055,970.3146157918801
1,All Population,5,Prevalence,193,Botswana,3,Both,22,All ages,507,Other cardiovascular and circulatory diseases,3,Rate,2022,1194.4897713293,1636.44748219474,860.33833823619
1,All Population,5,Prevalence,149,Palestine,3,Both,22,All ages,507,Other cardiovascular and circulatory diseases,3,Rate,2021,466.56135837726,572.1953151198401,383.79630770732
1,All Population,5,Prevalence,44,Bosnia and Herzegovina,3,Both,22,All ages,507,Other cardiovascular and circulatory diseases,3,Rate,2023,2039.42980442284,2730.05126418812,1439.85893089734
1,All Population,5,Prevalence,27,Samoa,3,Both,22,All ages,507,Other cardiovascular and circulatory diseases,3,Rate,2021,323.31149949689,417.9650494583,258.7157587945
1,All Population,5,Prevalence,25,Micronesia (Federated States of),3,Both,22,All ages,507,Other cardiovascular and circulatory diseases,3,Rate,2022,241.3930442146,308.28769550812,192.50504617611
1,All Population,5,Prevalence,87,Luxembourg,3,Both,22,All ages,507,Other cardiovascular and circulatory diseases,3,Rate,2022,3696.70371355829,4759.75269690934,2811.5419019975297
1,All Population,5,Prevalence,34,Azerbaijan,3,Both,22,All ages,507,Other cardiovascular and circulatory diseases,3,Rate,2023,389.88499760639996,544.33464436874,283.80538809745997
1,All Population,5,Prevalence,15,Myanmar,3,Both,22,All ages,507,Other cardiovascular and circulatory diseases,3,Rate,2023,258.59867676262,327.51228477484,202.85202380649997
1,All Population,5,Prevalence,206,Gambia,3,Both,22,All ages,507,Other cardiovascular and circulatory diseases,3,Rate,2020,1342.30440980316,1765.50072124146,1012.88604546062
1,All Population,5,Prevalence,77,Cyprus,3,Both,22,All ages,507,Other cardiovascular and circulatory diseases,3,Rate,2023,1083.1915257990102,1432.13724445094,798.3900589382699
1,All Population,5,Prevalence,154,Tunisia,3,Both,22,All ages,507,Other cardiovascular and circulatory diseases,3,Rate,2021,2155.5608033180797,2693.92482401896,1697.4036833676198
1,All Population,5,Prevalence,171,Democratic Republic of the Congo,3,Both,22,All ages,507,Other cardiovascular and circulatory diseases,3,Rate,2022,624.2670944197,847.9796728448599,440.36456182738
1,All Population,5,Prevalence,47,Czechia,3,Both,22,All ages,507,Other cardiovascular and circulatory diseases,3,Rate,2023,4136.29152324762,5422.69484866813,3087.24550775115
1,All Population,5,Prevalence,98,Chile,3,Both,22,All ages,507,Other cardiovascular and circulatory diseases,3,Rate,2023,1595.1983177293403,2115.23962198777,1201.94594923408
1,All Population,5,Prevalence,92,Spain,3,Both,22,All ages,507,Other cardiovascular and circulatory diseases,3,Rate,2023,3456.4437742391297,4357.87328243341,2735.65052617709
1,All Population,5,Prevalence,128,Guatemala,3,Both,22,All ages,507,Other cardiovascular and circulatory diseases,3,Rate,2022,942.48137992924,1174.09161526866,752.6177076985899
1,All Population,5,Prevalence,376,Northern Mariana Islands,3,Both,22,All ages,507,Other cardiovascular and circulatory diseases,3,Rate,2021,951.94790007986,1229.34256748707,720.28579072797
1,All Population,5,Prevalence,195,Namibia,3,Both,22,All ages,507,Other cardiovascular and circulatory diseases,3,Rate,2021,1011.82713208781,1375.01105421348,731.45651995495
1,All Population,5,Prevalence,177,Djibouti,3,Both,22,All ages,507,Other cardiovascular and circulatory diseases,3,Rate,2022,711.0623158853899,955.9317119061101,505.02645297863006
1,All Population,5,Prevalence,86,Italy,3,Both,22,All ages,507,Other cardiovascular and circulatory diseases,3,Rate,2022,2765.29850694096,3630.26597573555,2026.13455574321
1,All Population,5,Prevalence,26,Papua New Guinea,3,Both,22,All ages,507,Other cardiovascular and circulatory diseases,3,Rate,2023,194.66900605951,252.4547975035,157.97269405663
1,All Population,5,Prevalence,60,Lithuania,3,Both,22,All ages,507,Other cardiovascular and circulatory diseases,3,Rate,2022,2003.4378315405402,2793.8681116204098,1408.64033068818
1,All Population,5,Prevalence,163,India,3,Both,22,All ages,507,Other cardiovascular and circulatory diseases,3,Rate,2022,575.5222760894101,772.79522744292,435.04470279693
1,All Population,5,Prevalence,54,Slovakia,3,Both,22,All ages,507,Other cardiovascular and circulatory diseases,3,Rate,2022,2541.15393174788,3414.41078190161,1912.2915271054599
1,All Population,5,Prevalence,39,Tajikistan,3,Both,22,All ages,507,Other cardiovascular and circulatory diseases,3,Rate,2023,126.14775144243,159.15727112857,101.29843221712001
1,All Population,5,Prevalence,118,Suriname,3,Both,22,All ages,507,Other cardiovascular and circulatory diseases,3,Rate,2022,899.3560283971001,1147.62695813937,688.07889345652
1,All Population,5,Prevalence,11,Indonesia,3,Both,22,All ages,507,Other cardiovascular and circulatory diseases,3,Rate,2023,281.50832415593,367.19971135357997,219.41561844526
1,All Population,5,Prevalence,38,Mongolia,3,Both,22,All ages,507,Other cardiovascular and circulatory diseases,3,Rate,2023,313.709046416,429.00360756718,231.48676009596002
1,All Population,5,Prevalence,179,Ethiopia,3,Both,22,All ages,507,Other cardiovascular and circulatory diseases,3,Rate,2021,579.2074400512901,759.16124898744,435.45584436219
1,All Population,5,Prevalence,179,Ethiopia,3,Both,22,All ages,507,Other cardiovascular and circulatory diseases,3,Rate,2022,582.80981781234,763.59377316236,440.46942352231
1,All Population,5,Prevalence,130,Mexico,3,Both,22,All ages,507,Other cardiovascular and circulatory diseases,3,Rate,2022,1304.4334483452199,1641.26385935739,1016.80572621485
1,All Population,5,Prevalence,109,Cuba,3,Both,22,All ages,507,Other cardiovascular and circulatory diseases,3,Rate,2022,1850.74589071436,2411.08209176958,1413.63020199334
1,All Population,5,Prevalence,202,Cameroon,3,Both,22,All ages,507,Other cardiovascular and circulatory diseases,3,Rate,2022,1298.0396451558202,1707.46973068928,963.17025766533
1,All Population,5,Prevalence,18,Thailand,3,Both,22,All ages,507,Other cardiovascular and circulatory diseases,3,Rate,2022,948.11037854926,1208.92069134602,727.62401995964
1,All Population,5,Prevalence,172,Equatorial Guinea,3,Both,22,All ages,507,Other cardiovascular and circulatory diseases,3,Rate,2021,609.97935403611,795.8397106457601,454.17489954579
1,All Population,5,Prevalence,203,Cabo Verde,3,Both,22,All ages,507,Other cardiovascular and circulatory diseases,3,Rate,2021,3124.0248239646903,4019.87630445056,2283.1363099649197
1,All Population,5,Prevalence,218,Togo,3,Both,22,All ages,507,Other cardiovascular and circulatory diseases,3,Rate,2021,1402.23297563087,1851.1887529698,1036.66108503126
1,All Population,5,Prevalence,142,Iran (Islamic Republic of),3,Both,22,All ages,507,Other cardiovascular and circulatory diseases,3,Rate,2021,2169.3769308884202,2813.38519409935,1692.1808757355002
1,All Population,5,Prevalence,80,France,3,Both,22,All ages,507,Other cardiovascular and circulatory diseases,3,Rate,2021,10303.89214734385,12180.06690248479,8604.2500203859
1,All Population,5,Prevalence,185,Rwanda,3,Both,22,All ages,507,Other cardiovascular and circulatory diseases,3,Rate,2022,629.58596770733,864.2245403661999,456.91393160250004
1,All Population,5,Prevalence,148,Morocco,3,Both,22,All ages,507,Other cardiovascular and circulatory diseases,3,Rate,2022,586.04604053315,741.93713012137,465.90276640265
1,All Population,5,Prevalence,84,Ireland,3,Both,22,All ages,507,Other cardiovascular and circulatory diseases,3,Rate,2023,1640.46604425236,2204.41639670582,1227.36238165394
1,All Population,5,Prevalence,71,Australia,3,Both,22,All ages,507,Other cardiovascular and circulatory diseases,3,Rate,2022,3443.9755377645,4416.5411467922595,2656.95547993102
1,All Population,5,Prevalence,152,Saudi Arabia,3,Both,22,All ages,507,Other cardiovascular and circulatory diseases,3,Rate,2022,787.8008330239701,1022.4917318569801,618.45580313862
1,All Population,5,Prevalence,54,Slovakia,3,Both,22,All ages,507,Other cardiovascular and circulatory diseases,3,Rate,2023,2591.4222220841802,3474.81725500667,1941.3051704541401
1,All Population,5,Prevalence,23,Kiribati,3,Both,22,All ages,507,Other cardiovascular and circulatory diseases,3,Rate,2023,266.68620738135,340.37558406452,208.39367634402998
1,All Population,5,Prevalence,57,Belarus,3,Both,22,All ages,507,Other cardiovascular and circulatory diseases,3,Rate,2023,941.85381651489,1280.12350187308,681.75234606047
1,All Population,5,Prevalence,106,Bahamas,3,Both,22,All ages,507,Other cardiovascular and circulatory diseases,3,Rate,2022,1486.42977023379,1896.99647850887,1137.46559135767
1,All Population,5,Prevalence,91,Portugal,3,Both,22,All ages,507,Other cardiovascular and circulatory diseases,3,Rate,2023,2176.6172299073996,2900.79819710404,1582.67958204598
1,All Population,5,Prevalence,369,Nauru,3,Both,22,All ages,507,Other cardiovascular and circulatory diseases,3,Rate,2022,151.93136708107,190.62513264879,124.21598660570001
1,All Population,5,Prevalence,10,Cambodia,3,Both,22,All ages,507,Other cardiovascular and circulatory diseases,3,Rate,2023,212.64734897802,269.8618437823,167.35514135802
1,All Population,5,Prevalence,40,Turkmenistan,3,Both,22,All ages,507,Other cardiovascular and circulatory diseases,3,Rate,2022,269.50793010575995,356.94321646764996,204.12496361765002
1,All Population,5,Prevalence,208,Guinea,3,Both,22,All ages,507,Other cardiovascular and circulatory diseases,3,Rate,2022,1228.17084378683,1625.4380908985702,913.16082979804
1,All Population,5,Prevalence,94,Switzerland,3,Both,22,All ages,507,Other cardiovascular and circulatory diseases,3,Rate,2022,1712.74944655009,2312.31163035359,1225.07667985425
1,All Population,5,Prevalence,175,Burundi,3,Both,22,All ages,507,Other cardiovascular and circulatory diseases,3,Rate,2022,538.42276352923,713.0475342547601,404.83661281877005
1,All Population,5,Prevalence,422,United States Virgin Islands,3,Both,22,All ages,507,Other cardiovascular and circulatory diseases,3,Rate,2021,2228.33910095723,2860.15821410521,1699.8969490380302
1,All Population,5,Prevalence,116,Saint Lucia,3,Both,22,All ages,507,Other cardiovascular and circulatory diseases,3,Rate,2023,2600.32846113984,3297.4180181346296,2003.05899185815
1,All Population,5,Prevalence,178,Eritrea,3,Both,22,All ages,507,Other cardiovascular and circulatory diseases,3,Rate,2022,631.81727956458,853.72996485842,465.11281549369
1,All Population,5,Prevalence,150,Oman,3,Both,22,All ages,507,Other cardiovascular and circulatory diseases,3,Rate,2021,2246.01074489359,2823.5635571000803,1782.14482339586
1,All Population,5,Prevalence,109,Cuba,3,Both,22,All ages,507,Other cardiovascular and circulatory diseases,3,Rate,2023,1886.3574985051998,2460.00263811746,1435.85672777677
1,All Population,5,Prevalence,126,Costa Rica,3,Both,22,All ages,507,Other cardiovascular and circulatory diseases,3,Rate,2023,1933.90536230609,2378.33590113365,1497.08774759828
1,All Population,5,Prevalence,72,New Zealand,3,Both,22,All ages,507,Other cardiovascular and circulatory diseases,3,Rate,2023,1398.83828532765,1893.20649118161,984.3187822987
1,All Population,5,Prevalence,29,Tonga,3,Both,22,All ages,507,Other cardiovascular and circulatory diseases,3,Rate,2022,498.21639492812,647.74754121271,383.96731328499
1,All Population,5,Prevalence,117,Saint Vincent and the Grenadines,3,Both,22,All ages,507,Other cardiovascular and circulatory diseases,3,Rate,2022,2838.94523545313,3558.1765029278604,2237.6850587166
1,All Population,5,Prevalence,85,Israel,3,Both,22,All ages,507,Other cardiovascular and circulatory diseases,3,Rate,2023,1472.66334399786,1936.20810478851,1104.55856974799
1,All Population,5,Prevalence,7,Democratic People's Republic of Korea,3,Both,22,All ages,507,Other cardiovascular and circulatory diseases,3,Rate,2023,252.70783416990002,325.17298599485997,196.55218289439
1,All Population,5,Prevalence,16,Philippines,3,Both,22,All ages,507,Other cardiovascular and circulatory diseases,3,Rate,2023,190.77676809151,249.72348876618,152.80803016907998
1,All Population,5,Prevalence,115,Jamaica,3,Both,22,All ages,507,Other cardiovascular and circulatory diseases,3,Rate,2023,1311.3768692301,1677.1609818645497,1027.10192339535
1,All Population,5,Prevalence,101,Canada,3,Both,22,All ages,507,Other cardiovascular and circulatory diseases,3,Rate,2023,4257.93594513202,5380.90197229547,3264.3940718713598
1,All Population,5,Prevalence,69,Singapore,3,Both,22,All ages,507,Other cardiovascular and circulatory diseases,3,Rate,2023,726.0871370439,944.3611260933001,546.71253195756
1,All Population,5,Prevalence,106,Bahamas,3,Both,22,All ages,507,Other cardiovascular and circulatory diseases,3,Rate,2023,1517.6045236029502,1946.84523708589,1161.91310167473
1,All Population,5,Prevalence,374,Niue,3,Both,22,All ages,507,Other cardiovascular and circulatory diseases,3,Rate,2021,481.86506811808,637.22744062965,361.11103694952
1,All Population,5,Prevalence,75,Austria,3,Both,22,All ages,507,Other cardiovascular and circulatory diseases,3,Rate,2023,1774.5280414680199,2327.03844785596,1368.4025293060301
1,All Population,5,Prevalence,136,Paraguay,3,Both,22,All ages,507,Other cardiovascular and circulatory diseases,3,Rate,2022,808.1274674213599,1035.28048894981,636.2643369872
1,All Population,5,Prevalence,216,Senegal,3,Both,22,All ages,507,Other cardiovascular and circulatory diseases,3,Rate,2022,1598.33096613358,2078.81037305679,1210.56064429969
1,All Population,5,Prevalence,149,Palestine,3,Both,22,All ages,507,Other cardiovascular and circulatory diseases,3,Rate,2022,472.49616545377,586.11489825964,374.73109648666
1,All Population,5,Prevalence,145,Kuwait,3,Both,22,All ages,507,Other cardiovascular and circulatory diseases,3,Rate,2020,458.66345819077,577.66678115376,359.2526985951
1,All Population,5,Prevalence,133,Venezuela (Bolivarian Republic of),3,Both,22,All ages,507,Other cardiovascular and circulatory diseases,3,Rate,2022,670.03573384301,863.50147707544,518.93771252695
1,All Population,5,Prevalence,416,Tuvalu,3,Both,22,All ages,507,Other cardiovascular and circulatory diseases,3,Rate,2022,265.17011711716003,349.05020880326,204.24960012677
1,All Population,5,Prevalence,176,Comoros,3,Both,22,All ages,507,Other cardiovascular and circulatory diseases,3,Rate,2022,906.59779099282,1203.90215321359,655.66740273633
1,All Population,5,Prevalence,99,Uruguay,3,Both,22,All ages,507,Other cardiovascular and circulatory diseases,3,Rate,2020,2052.2907688496102,2638.61456557275,1580.5693817915098
1,All Population,5,Prevalence,113,Guyana,3,Both,22,All ages,507,Other cardiovascular and circulatory diseases,3,Rate,2020,737.1429268123,908.23999237658,594.4012183272899
1,All Population,5,Prevalence,51,Poland,3,Both,22,All ages,507,Other cardiovascular and circulatory diseases,3,Rate,2022,1339.8239177334501,1801.10725716527,990.9158749944601
1,All Population,5,Prevalence,63,Ukraine,3,Both,22,All ages,507,Other cardiovascular and circulatory diseases,3,Rate,2022,649.63193552255,933.5674039013701,454.13872700774
1,All Population,5,Prevalence,114,Haiti,3,Both,22,All ages,507,Other cardiovascular and circulatory diseases,3,Rate,2020,636.29607528671,790.6584059570899,511.49899109687
1,All Population,5,Prevalence,68,Republic of Korea,3,Both,22,All ages,507,Other cardiovascular and circulatory diseases,3,Rate,2021,1309.0876826413,1649.5909242648,1017.81775025194
1,All Population,5,Prevalence,19,Timor-Leste,3,Both,22,All ages,507,Other cardiovascular and circulatory diseases,3,Rate,2022,176.08221090410998,222.74248610678,139.88721366245
1,All Population,5,Prevalence,143,Iraq,3,Both,22,All ages,507,Other cardiovascular and circulatory diseases,3,Rate,2022,536.2215126887301,682.38772985893,429.94169589107
1,All Population,5,Prevalence,152,Saudi Arabia,3,Both,22,All ages,507,Other cardiovascular and circulatory diseases,3,Rate,2021,771.31345785046,971.01373717897,608.42959792474
1,All Population,5,Prevalence,522,Sudan,3,Both,22,All ages,507,Other cardiovascular and circulatory diseases,3,Rate,2022,1001.44832115038,1257.88032033531,798.19388752793
1,All Population,5,Prevalence,305,Bermuda,3,Both,22,All ages,507,Other cardiovascular and circulatory diseases,3,Rate,2022,7062.69220055636,8860.61021833849,5513.14205237229
1,All Population,5,Prevalence,349,Greenland,3,Both,22,All ages,507,Other cardiovascular and circulatory diseases,3,Rate,2021,755.22463631111,1024.52931028918,560.99881211252
1,All Population,5,Prevalence,95,United Kingdom,3,Both,22,All ages,507,Other cardiovascular and circulatory diseases,3,Rate,2022,2490.63113252105,3201.70090014123,1886.2033503356301
1,All Population,5,Prevalence,201,Burkina Faso,3,Both,22,All ages,507,Other cardiovascular and circulatory diseases,3,Rate,2022,1485.8403071037699,1958.21354377833,1069.5593395463
1,All Population,5,Prevalence,33,Armenia,3,Both,22,All ages,507,Other cardiovascular and circulatory diseases,3,Rate,2023,1519.45426737861,1979.04811374242,1134.7260478614098
1,All Population,5,Prevalence,50,Montenegro,3,Both,22,All ages,507,Other cardiovascular and circulatory diseases,3,Rate,2023,1296.67904310661,1774.05209597631,913.72567727417
1,All Population,5,Prevalence,142,Iran (Islamic Republic of),3,Both,22,All ages,507,Other cardiovascular and circulatory diseases,3,Rate,2022,2243.8851613741003,2970.61885114009,1698.89699018251
1,All Population,5,Prevalence,108,Belize,3,Both,22,All ages,507,Other cardiovascular and circulatory diseases,3,Rate,2023,1246.34727825561,1568.76490980856,1000.37040151736
1,All Population,5,Prevalence,59,Latvia,3,Both,22,All ages,507,Other cardiovascular and circulatory diseases,3,Rate,2022,1084.7718664208699,1553.5947558421701,749.55825716653
1,All Population,5,Prevalence,119,Trinidad and Tobago,3,Both,22,All ages,507,Other cardiovascular and circulatory diseases,3,Rate,2021,1525.21064220371,1920.04345120887,1171.2695617727
1,All Population,5,Prevalence,153,Syrian Arab Republic,3,Both,22,All ages,507,Other cardiovascular and circulatory diseases,3,Rate,2020,1393.59508487015,1727.9363082432299,1084.50521387772
1,All Population,5,Prevalence,61,Republic of Moldova,3,Both,22,All ages,507,Other cardiovascular and circulatory diseases,3,Rate,2023,660.87125306244,924.0472415512401,478.81428769106003
1,All Population,5,Prevalence,110,Dominica,3,Both,22,All ages,507,Other cardiovascular and circulatory diseases,3,Rate,2022,1468.27953417656,1881.1954619474502,1107.30024108503
1,All Population,5,Prevalence,46,Croatia,3,Both,22,All ages,507,Other cardiovascular and circulatory diseases,3,Rate,2023,595.82242493008,818.7756453618499,412.38177530185
1,All Population,5,Prevalence,97,Argentina,3,Both,22,All ages,507,Other cardiovascular and circulatory diseases,3,Rate,2023,3105.8273515982696,4139.33737868303,2340.40901777742
1,All Population,5,Prevalence,125,Colombia,3,Both,22,All ages,507,Other cardiovascular and circulatory diseases,3,Rate,2022,2119.0152559724297,2626.75819387737,1662.10960918836
1,All Population,5,Prevalence,35,Georgia,3,Both,22,All ages,507,Other cardiovascular and circulatory diseases,3,Rate,2022,1070.63345374382,1545.35767833775,679.78232441966
1,All Population,5,Prevalence,48,Hungary,3,Both,22,All ages,507,Other cardiovascular and circulatory diseases,3,Rate,2022,1301.62945687025,1788.86753132807,931.6758030623099
1,All Population,5,Prevalence,78,Denmark,3,Both,22,All ages,507,Other cardiovascular and circulatory diseases,3,Rate,2023,1457.06572118755,1982.9487995006,1037.9034204505099
1,All Population,5,Prevalence,129,Honduras,3,Both,22,All ages,507,Other cardiovascular and circulatory diseases,3,Rate,2022,527.89640716744,655.30625577981,420.25444530541
1,All Population,5,Prevalence,83,Iceland,3,Both,22,All ages,507,Other cardiovascular and circulatory diseases,3,Rate,2022,600.06255966454,810.6792510156899,440.56553414901
1,All Population,5,Prevalence,43,Albania,3,Both,22,All ages,507,Other cardiovascular and circulatory diseases,3,Rate,2021,3511.2426060744397,4530.76309192266,2636.90783496253
1,All Population,5,Prevalence,93,Sweden,3,Both,22,All ages,507,Other cardiovascular and circulatory diseases,3,Rate,2023,4274.81605930478,5689.44571953593,3088.9995424087597
1,All Population,5,Prevalence,82,Greece,3,Both,22,All ages,507,Other cardiovascular and circulatory diseases,3,Rate,2022,669.6969393061499,913.60086788988,493.95087630258
1,All Population,5,Prevalence,20,Viet Nam,3,Both,22,All ages,507,Other cardiovascular and circulatory diseases,3,Rate,2022,407.74756051785994,521.3503084394,327.77756497497
1,All Population,5,Prevalence,79,Finland,3,Both,22,All ages,507,Other cardiovascular and circulatory diseases,3,Rate,2023,1768.68464181273,2455.0867175255503,1275.8191593593401
1,All Population,5,Prevalence,66,Brunei Darussalam,3,Both,22,All ages,507,Other cardiovascular and circulatory diseases,3,Rate,2023,488.19781228445,673.4422700154,340.66203134332
1,All Population,5,Prevalence,160,Afghanistan,3,Both,22,All ages,507,Other cardiovascular and circulatory diseases,3,Rate,2022,631.24216957846,792.7860089541199,501.60523658933
1,All Population,5,Prevalence,143,Iraq,3,Both,22,All ages,507,Other cardiovascular and circulatory diseases,3,Rate,2023,549.19304862634,699.46132772314,440.25215398244
1,All Population,5,Prevalence,156,United Arab Emirates,3,Both,22,All ages,507,Other cardiovascular and circulatory diseases,3,Rate,2023,1259.44512853863,1746.94154733449,858.8376997912799
1,All Population,5,Prevalence,43,Albania,3,Both,22,All ages,507,Other cardiovascular and circulatory diseases,3,Rate,2022,3524.14259496927,4597.23994873705,2620.62766503143
1,All Population,5,Prevalence,28,Solomon Islands,3,Both,22,All ages,507,Other cardiovascular and circulatory diseases,3,Rate,2022,153.36738404611998,200.68601200103,119.06681343594
1,All Population,5,Prevalence,146,Lebanon,3,Both,22,All ages,507,Other cardiovascular and circulatory diseases,3,Rate,2023,2448.2006453059603,2973.07841607981,1995.3869865671402
1,All Population,5,Prevalence,130,Mexico,3,Both,22,All ages,507,Other cardiovascular and circulatory diseases,3,Rate,2023,1340.47553840522,1689.47737844838,1043.92883135014
1,All Population,5,Prevalence,189,United Republic of Tanzania,3,Both,22,All ages,507,Other cardiovascular and circulatory diseases,3,Rate,2021,761.89655702551,1015.3722543197799,569.18721489244
1,All Population,5,Prevalence,173,Gabon,3,Both,22,All ages,507,Other cardiovascular and circulatory diseases,3,Rate,2021,957.62183186241,1314.91132865812,665.0381564663201
1,All Population,5,Prevalence,169,Central African Republic,3,Both,22,All ages,507,Other cardiovascular and circulatory diseases,3,Rate,2023,512.1606535785199,687.65353778918,367.48448176369
1,All Population,5,Prevalence,113,Guyana,3,Both,22,All ages,507,Other cardiovascular and circulatory diseases,3,Rate,2021,753.69667203159,933.1014378038301,602.7541026957799
1,All Population,5,Prevalence,172,Equatorial Guinea,3,Both,22,All ages,507,Other cardiovascular and circulatory diseases,3,Rate,2022,614.9669695095699,804.20640485338,457.33856160773
1,All Population,5,Prevalence,189,United Republic of Tanzania,3,Both,22,All ages,507,Other cardiovascular and circulatory diseases,3,Rate,2022,744.0539841411,995.83057798256,564.07939093501
1,All Population,5,Prevalence,422,United States Virgin Islands,3,Both,22,All ages,507,Other cardiovascular and circulatory diseases,3,Rate,2022,2293.94167595547,3065.6850450905804,1740.60005912559
1,All Population,5,Prevalence,22,Fiji,3,Both,22,All ages,507,Other cardiovascular and circulatory diseases,3,Rate,2021,314.11916445099,409.79227557566,246.00206029103998
1,All Population,5,Prevalence,139,Algeria,3,Both,22,All ages,507,Other cardiovascular and circulatory diseases,3,Rate,2023,1834.3803469078798,2332.53011009876,1436.7556184429
1,All Population,5,Prevalence,204,Chad,3,Both,22,All ages,507,Other cardiovascular and circulatory diseases,3,Rate,2023,891.76928787407,1176.83556553774,670.8954115438
1,All Population,5,Prevalence,143,Iraq,3,Both,22,All ages,507,Other cardiovascular and circulatory diseases,3,Rate,2021,528.85679551381,659.7772380070501,421.43874167345
1,All Population,5,Prevalence,217,Sierra Leone,3,Both,22,All ages,507,Other cardiovascular and circulatory diseases,3,Rate,2023,1337.86365120423,1752.46839708108,1000.69700639223
1,All Population,5,Prevalence,413,Tokelau,3,Both,22,All ages,507,Other cardiovascular and circulatory diseases,3,Rate,2023,479.59677976143,643.53658661364,363.98773172987
1,All Population,5,Prevalence,51,Poland,3,Both,22,All ages,507,Other cardiovascular and circulatory diseases,3,Rate,2023,1358.6257407335702,1830.45578648343,1003.26114750286
1,All Population,5,Prevalence,36,Kazakhstan,3,Both,22,All ages,507,Other cardiovascular and circulatory diseases,3,Rate,2023,452.35056160527,609.02833791694,328.62823653874
1,All Population,5,Prevalence,385,Puerto Rico,3,Both,22,All ages,507,Other cardiovascular and circulatory diseases,3,Rate,2023,2900.1686339151197,3815.73092460721,2171.92665817371
1,All Population,5,Prevalence,89,Netherlands,3,Both,22,All ages,507,Other cardiovascular and circulatory diseases,3,Rate,2022,2944.13575002004,3981.6289405896896,2125.70628331293
1,All Population,5,Prevalence,12,Lao People's Democratic Republic,3,Both,22,All ages,507,Other cardiovascular and circulatory diseases,3,Rate,2022,179.92753388309,227.63919884268998,145.13619146431
1,All Population,5,Prevalence,162,Bhutan,3,Both,22,All ages,507,Other cardiovascular and circulatory diseases,3,Rate,2023,772.28144153991,968.7726494708099,606.66407053526
1,All Population,5,Prevalence,55,Slovenia,3,Both,22,All ages,507,Other cardiovascular and circulatory diseases,3,Rate,2023,1374.48703303802,1989.4177531618,918.87760078303
1,All Population,5,Prevalence,177,Djibouti,3,Both,22,All ages,507,Other cardiovascular and circulatory diseases,3,Rate,2023,729.3287394323401,981.7450759645701,517.6592802026
1,All Population,5,Prevalence,193,Botswana,3,Both,22,All ages,507,Other cardiovascular and circulatory diseases,3,Rate,2023,1224.48608221939,1679.81504285882,880.63509034789
1,All Population,5,Prevalence,131,Nicaragua,3,Both,22,All ages,507,Other cardiovascular and circulatory diseases,3,Rate,2023,710.9068321735899,889.10312591043,545.35843679279
1,All Population,5,Prevalence,198,Zimbabwe,3,Both,22,All ages,507,Other cardiovascular and circulatory diseases,3,Rate,2021,1417.8230418949302,1884.0684954375,1047.13933504907
1,All Population,5,Prevalence,90,Norway,3,Both,22,All ages,507,Other cardiovascular and circulatory diseases,3,Rate,2021,1699.33520093325,2300.10105797481,1234.04434196343
1,All Population,5,Prevalence,60,Lithuania,3,Both,22,All ages,507,Other cardiovascular and circulatory diseases,3,Rate,2021,1935.31451714423,2662.77940144166,1399.50860266839
1,All Population,5,Prevalence,122,Ecuador,3,Both,22,All ages,507,Other cardiovascular and circulatory diseases,3,Rate,2022,1069.76192943419,1343.75795610811,853.8335242826499
1,All Population,5,Prevalence,393,Saint Kitts and Nevis,3,Both,22,All ages,507,Other cardiovascular and circulatory diseases,3,Rate,2020,1520.5326315626598,1884.55422236346,1181.3663273284799
1,All Population,5,Prevalence,194,Lesotho,3,Both,22,All ages,507,Other cardiovascular and circulatory diseases,3,Rate,2023,914.47239761112,1298.47704767367,644.40577058781
1,All Population,5,Prevalence,369,Nauru,3,Both,22,All ages,507,Other cardiovascular and circulatory diseases,3,Rate,2023,154.82902283215,194.91422754023,126.30225420596001
1,All Population,5,Prevalence,210,Liberia,3,Both,22,All ages,507,Other cardiovascular and circulatory diseases,3,Rate,2023,1166.87333369382,1568.2937756857598,860.13968251716
1,All Population,5,Prevalence,396,San Marino,3,Both,22,All ages,507,Other cardiovascular and circulatory diseases,3,Rate,2020,8585.820571823551,10498.417622425759,6852.42549831903
1,All Population,5,Prevalence,81,Germany,3,Both,22,All ages,507,Other cardiovascular and circulatory diseases,3,Rate,2021,3461.1738573553703,4439.38694160838,2634.11637742496
1,All Population,5,Prevalence,76,Belgium,3,Both,22,All ages,507,Other cardiovascular and circulatory diseases,3,Rate,2021,2940.03319673416,3731.4180302786203,2338.05182442434
1,All Population,5,Prevalence,12,Lao People's Democratic Republic,3,Both,22,All ages,507,Other cardiovascular and circulatory diseases,3,Rate,2023,183.45533521449002,232.57993870180002,147.68568379798
1,All Population,5,Prevalence,165,Pakistan,3,Both,22,All ages,507,Other cardiovascular and circulatory diseases,3,Rate,2022,343.66839072273,437.93983503371,267.18889391026
1,All Population,5,Prevalence,25,Micronesia (Federated States of),3,Both,22,All ages,507,Other cardiovascular and circulatory diseases,3,Rate,2023,247.46393314105,315.52996349892,196.40616716762
1,All Population,5,Prevalence,351,Guam,3,Both,22,All ages,507,Other cardiovascular and circulatory diseases,3,Rate,2022,574.31041100781,777.8823151767,432.19688739037
1,All Population,5,Prevalence,94,Switzerland,3,Both,22,All ages,507,Other cardiovascular and circulatory diseases,3,Rate,2023,1735.6904732227702,2343.23954629763,1238.53872001319
1,All Population,5,Prevalence,184,Mozambique,3,Both,22,All ages,507,Other cardiovascular and circulatory diseases,3,Rate,2023,957.9334369943,1247.17795899086,728.97992474786
1,All Population,5,Prevalence,111,Dominican Republic,3,Both,22,All ages,507,Other cardiovascular and circulatory diseases,3,Rate,2022,886.16494191883,1102.87578426471,709.6644079177
1,All Population,5,Prevalence,298,American Samoa,3,Both,22,All ages,507,Other cardiovascular and circulatory diseases,3,Rate,2023,674.04715982448,902.9635103668,510.78610322888
1,All Population,5,Prevalence,161,Bangladesh,3,Both,22,All ages,507,Other cardiovascular and circulatory diseases,3,Rate,2023,677.42087481828,869.80046240083,525.45687327293
1,All Population,5,Prevalence,122,Ecuador,3,Both,22,All ages,507,Other cardiovascular and circulatory diseases,3,Rate,2023,1100.16841643732,1382.8574673927,878.05950404709
1,All Population,5,Prevalence,209,Guinea-Bissau,3,Both,22,All ages,507,Other cardiovascular and circulatory diseases,3,Rate,2023,1001.45606441626,1325.8151432314799,733.95081840589
1,All Population,5,Prevalence,107,Barbados,3,Both,22,All ages,507,Other cardiovascular and circulatory diseases,3,Rate,2023,3366.22279157481,4350.85998882464,2612.72074458056
1,All Population,5,Prevalence,127,El Salvador,3,Both,22,All ages,507,Other cardiovascular and circulatory diseases,3,Rate,2021,846.68206125309,1057.53430783305,678.3861322709699
1,All Population,5,Prevalence,67,Japan,3,Both,22,All ages,507,Other cardiovascular and circulatory diseases,3,Rate,2022,2021.2026031711,2569.8014576307796,1502.89897497313
1,All Population,5,Prevalence,97,Argentina,3,Both,22,All ages,507,Other cardiovascular and circulatory diseases,3,Rate,2021,2965.76964043227,3830.0111720231102,2272.31616599777
1,All Population,5,Prevalence,157,Yemen,3,Both,22,All ages,507,Other cardiovascular and circulatory diseases,3,Rate,2022,846.4968908215799,1046.2384207570599,688.40533734392
1,All Population,5,Prevalence,17,Sri Lanka,3,Both,22,All ages,507,Other cardiovascular and circulatory diseases,3,Rate,2023,583.09736431742,753.41097244693,447.86494892158004
1,All Population,5,Prevalence,41,Uzbekistan,3,Both,22,All ages,507,Other cardiovascular and circulatory diseases,3,Rate,2023,478.16214296699,630.42471320675,354.75829532829005
1,All Population,5,Prevalence,211,Mali,3,Both,22,All ages,507,Other cardiovascular and circulatory diseases,3,Rate,2022,974.8726308724,1283.28123497977,711.6598950947
1,All Population,5,Prevalence,165,Pakistan,3,Both,22,All ages,507,Other cardiovascular and circulatory diseases,3,Rate,2021,335.28799750608,418.86931947488,262.78505408859
1,All Population,5,Prevalence,13,Malaysia,3,Both,22,All ages,507,Other cardiovascular and circulatory diseases,3,Rate,2023,851.84989933817,1081.2863054535,671.36122433769
1,All Population,5,Prevalence,28,Solomon Islands,3,Both,22,All ages,507,Other cardiovascular and circulatory diseases,3,Rate,2023,154.28680333616,202.14169653910997,119.78283648853001
1,All Population,5,Prevalence,213,Niger,3,Both,22,All ages,507,Other cardiovascular and circulatory diseases,3,Rate,2021,898.84778799526,1191.9108850187101,657.41887676698
1,All Population,5,Prevalence,367,Monaco,3,Both,22,All ages,507,Other cardiovascular and circulatory diseases,3,Rate,2023,1346.7140406156,1877.6199797945599,962.3944860838901
1,All Population,5,Prevalence,374,Niue,3,Both,22,All ages,507,Other cardiovascular and circulatory diseases,3,Rate,2022,489.19549666357,654.49265922737,361.30488469279
1,All Population,5,Prevalence,215,Sao Tome and Principe,3,Both,22,All ages,507,Other cardiovascular and circulatory diseases,3,Rate,2023,2152.19449470459,2801.99165711863,1585.7269918947402
1,All Population,5,Prevalence,351,Guam,3,Both,22,All ages,507,Other cardiovascular and circulatory diseases,3,Rate,2021,558.20693324338,737.6464645221799,430.76043920259
1,All Population,5,Prevalence,200,Benin,3,Both,22,All ages,507,Other cardiovascular and circulatory diseases,3,Rate,2022,1000.99487294548,1323.94713899549,727.3189335673201
1,All Population,5,Prevalence,178,Eritrea,3,Both,22,All ages,507,Other cardiovascular and circulatory diseases,3,Rate,2023,638.24371436383,862.1493289105201,469.10039070780005
1,All Population,5,Prevalence,204,Chad,3,Both,22,All ages,507,Other cardiovascular and circulatory diseases,3,Rate,2022,891.94516939969,1176.56421183627,671.14325058148
1,All Population,5,Prevalence,119,Trinidad and Tobago,3,Both,22,All ages,507,Other cardiovascular and circulatory diseases,3,Rate,2022,1536.62131522189,1974.65658791533,1184.3041146199
1,All Population,5,Prevalence,40,Turkmenistan,3,Both,22,All ages,507,Other cardiovascular and circulatory diseases,3,Rate,2023,275.26250516503,365.35820266872,207.63535858137
1,All Population,5,Prevalence,136,Paraguay,3,Both,22,All ages,507,Other cardiovascular and circulatory diseases,3,Rate,2021,793.8371521536101,997.8735598417501,631.4957562580499
1,All Population,5,Prevalence,147,Libya,3,Both,22,All ages,507,Other cardiovascular and circulatory diseases,3,Rate,2023,1751.49878838845,2227.69339845328,1378.10796748054
1,All Population,5,Prevalence,89,Netherlands,3,Both,22,All ages,507,Other cardiovascular and circulatory diseases,3,Rate,2021,2996.61003363271,3959.4058554507196,2204.67502689352
1,All Population,5,Prevalence,117,Saint Vincent and the Grenadines,3,Both,22,All ages,507,Other cardiovascular and circulatory diseases,3,Rate,2023,2914.75753649886,3666.81322079702,2289.35596903303
1,All Population,5,Prevalence,208,Guinea,3,Both,22,All ages,507,Other cardiovascular and circulatory diseases,3,Rate,2023,1236.95321947373,1635.0990437259402,919.41642022007
1,All Population,5,Prevalence,191,Zambia,3,Both,22,All ages,507,Other cardiovascular and circulatory diseases,3,Rate,2023,507.00160698893,677.73508941264,376.82314768372
1,All Population,5,Prevalence,59,Latvia,3,Both,22,All ages,507,Other cardiovascular and circulatory diseases,3,Rate,2023,1101.39675712771,1581.42602345153,760.77160145508
1,All Population,5,Prevalence,29,Tonga,3,Both,22,All ages,507,Other cardiovascular and circulatory diseases,3,Rate,2021,488.12969689253,627.0512680122,383.38784351081
1,All Population,5,Prevalence,44,Bosnia and Herzegovina,3,Both,22,All ages,507,Other cardiovascular and circulatory diseases,3,Rate,2022,1983.72450515306,2653.56551983894,1409.04099888811
1,All Population,5,Prevalence,151,Qatar,3,Both,22,All ages,507,Other cardiovascular and circulatory diseases,3,Rate,2023,1111.11375904769,1500.45365303002,801.4918549114999
1,All Population,5,Prevalence,168,Angola,3,Both,22,All ages,507,Other cardiovascular and circulatory diseases,3,Rate,2021,647.00480184883,853.8286227799599,473.11515763398995
1,All Population,5,Prevalence,190,Uganda,3,Both,22,All ages,507,Other cardiovascular and circulatory diseases,3,Rate,2021,509.23443076073005,670.09151371629,387.82324144098
1,All Population,5,Prevalence,86,Italy,3,Both,22,All ages,507,Other cardiovascular and circulatory diseases,3,Rate,2023,2799.33561339887,3680.10587571106,2051.4591340269403
1,All Population,5,Prevalence,118,Suriname,3,Both,22,All ages,507,Other cardiovascular and circulatory diseases,3,Rate,2023,917.5832757798499,1170.77897642498,700.57125129662
1,All Population,5,Prevalence,58,Estonia,3,Both,22,All ages,507,Other cardiovascular and circulatory diseases,3,Rate,2023,1449.08355806352,2075.62301044767,994.7360117948599
1,All Population,5,Prevalence,71,Australia,3,Both,22,All ages,507,Other cardiovascular and circulatory diseases,3,Rate,2023,3506.0166386423,4501.09239402121,2704.55504676502
1,All Population,5,Prevalence,75,Austria,3,Both,22,All ages,507,Other cardiovascular and circulatory diseases,3,Rate,2022,1753.9472924645202,2297.79659642355,1355.42101604021
1,All Population,5,Prevalence,111,Dominican Republic,3,Both,22,All ages,507,Other cardiovascular and circulatory diseases,3,Rate,2023,898.39862484653,1118.1320593555101,719.51373377653
1,All Population,5,Prevalence,128,Guatemala,3,Both,22,All ages,507,Other cardiovascular and circulatory diseases,3,Rate,2023,966.95726684498,1203.85977961924,770.32731055388
1,All Population,5,Prevalence,98,Chile,3,Both,22,All ages,507,Other cardiovascular and circulatory diseases,3,Rate,2022,1575.04894252696,2090.47716967618,1185.7741374587
1,All Population,5,Prevalence,88,Malta,3,Both,22,All ages,507,Other cardiovascular and circulatory diseases,3,Rate,2022,1293.6276053336999,1735.31362142408,963.3154495524999
1,All Population,5,Prevalence,105,Antigua and Barbuda,3,Both,22,All ages,507,Other cardiovascular and circulatory diseases,3,Rate,2023,2763.0676907073303,3515.73692356536,2139.43274425202
1,All Population,5,Prevalence,196,South Africa,3,Both,22,All ages,507,Other cardiovascular and circulatory diseases,3,Rate,2022,1231.86939094533,1655.4335306595801,896.1817920743
1,All Population,5,Prevalence,385,Puerto Rico,3,Both,22,All ages,507,Other cardiovascular and circulatory diseases,3,Rate,2021,2698.09883718152,3510.50417124772,2029.1370924704202
1,All Population,5,Prevalence,68,Republic of Korea,3,Both,22,All ages,507,Other cardiovascular and circulatory diseases,3,Rate,2023,1312.3097693059701,1700.80031285646,984.9621303277601
1,All Population,5,Prevalence,81,Germany,3,Both,22,All ages,507,Other cardiovascular and circulatory diseases,3,Rate,2023,3160.8173886488603,4225.34682427971,2276.2548073499597
1,All Population,5,Prevalence,184,Mozambique,3,Both,22,All ages,507,Other cardiovascular and circulatory diseases,3,Rate,2022,948.31048835467,1234.92536544821,721.58827673059
1,All Population,5,Prevalence,135,Brazil,3,Both,22,All ages,507,Other cardiovascular and circulatory diseases,3,Rate,2022,1705.91977036458,2214.2326646779597,1259.57207796785
1,All Population,5,Prevalence,180,Kenya,3,Both,22,All ages,507,Other cardiovascular and circulatory diseases,3,Rate,2022,509.30459390055,683.5450713854,376.41261123289
1,All Population,5,Prevalence,140,Bahrain,3,Both,22,All ages,507,Other cardiovascular and circulatory diseases,3,Rate,2023,1114.98246188068,1466.66994502055,840.7742054838701
1,All Population,5,Prevalence,187,Somalia,3,Both,22,All ages,507,Other cardiovascular and circulatory diseases,3,Rate,2022,448.68827575262,606.08745063253,335.26333288858
1,All Population,5,Prevalence,155,Türkiye,3,Both,22,All ages,507,Other cardiovascular and circulatory diseases,3,Rate,2023,1899.78270796374,2397.9121965261097,1452.1079672369601
1,All Population,5,Prevalence,114,Haiti,3,Both,22,All ages,507,Other cardiovascular and circulatory diseases,3,Rate,2021,643.59771460176,804.19533901398,512.43047864586
1,All Population,5,Prevalence,207,Ghana,3,Both,22,All ages,507,Other cardiovascular and circulatory diseases,3,Rate,2020,893.60176112153,1250.36621855179,621.64271392713
1,All Population,5,Prevalence,18,Thailand,3,Both,22,All ages,507,Other cardiovascular and circulatory diseases,3,Rate,2023,977.16045830852,1255.15016647128,751.9173186924701
1,All Population,5,Prevalence,123,Peru,3,Both,22,All ages,507,Other cardiovascular and circulatory diseases,3,Rate,2023,1432.8007296272601,1785.71054968173,1156.10872003173
1,All Population,5,Prevalence,181,Madagascar,3,Both,22,All ages,507,Other cardiovascular and circulatory diseases,3,Rate,2021,891.20498783842,1188.65540498764,668.17463256462
1,All Population,5,Prevalence,74,Andorra,3,Both,22,All ages,507,Other cardiovascular and circulatory diseases,3,Rate,2023,971.70763991201,1288.12813156418,712.82099759247
1,All Population,5,Prevalence,181,Madagascar,3,Both,22,All ages,507,Other cardiovascular and circulatory diseases,3,Rate,2022,896.1474801387899,1184.26246474806,670.16451746272
1,All Population,5,Prevalence,376,Northern Mariana Islands,3,Both,22,All ages,507,Other cardiovascular and circulatory diseases,3,Rate,2022,965.81658626118,1267.0910710595601,722.76745022429
1,All Population,5,Prevalence,195,Namibia,3,Both,22,All ages,507,Other cardiovascular and circulatory diseases,3,Rate,2022,1007.73073339034,1385.65287699574,726.06335148684
1,All Population,5,Prevalence,87,Luxembourg,3,Both,22,All ages,507,Other cardiovascular and circulatory diseases,3,Rate,2023,3725.11979962209,4798.5018356667,2830.08898661694
1,All Population,5,Prevalence,197,Eswatini,3,Both,22,All ages,507,Other cardiovascular and circulatory diseases,3,Rate,2021,889.1162091645999,1223.70615585411,635.04682217218
1,All Population,5,Prevalence,121,Bolivia (Plurinational State of),3,Both,22,All ages,507,Other cardiovascular and circulatory diseases,3,Rate,2021,904.0558313749,1122.34927608979,732.6787563337
1,All Population,5,Prevalence,102,United States of America,3,Both,22,All ages,507,Other cardiovascular and circulatory diseases,3,Rate,2023,2599.77240252458,3397.82938074535,1951.53592373255
1,All Population,5,Prevalence,210,Liberia,3,Both,22,All ages,507,Other cardiovascular and circulatory diseases,3,Rate,2022,1137.04196695,1528.33426054628,839.00264869528
1,All Population,5,Prevalence,176,Comoros,3,Both,22,All ages,507,Other cardiovascular and circulatory diseases,3,Rate,2021,901.34121207858,1208.14964453417,673.82376421316
1,All Population,5,Prevalence,380,Palau,3,Both,22,All ages,507,Other cardiovascular and circulatory diseases,3,Rate,2021,402.77827554333,534.02010674248,302.54018930313
1,All Population,5,Prevalence,50,Montenegro,3,Both,22,All ages,507,Other cardiovascular and circulatory diseases,3,Rate,2021,1252.22690336969,1690.6019000888998,907.34795315561
1,All Population,5,Prevalence,145,Kuwait,3,Both,22,All ages,507,Other cardiovascular and circulatory diseases,3,Rate,2022,479.02092620764,615.74859266829,372.11787906878
1,All Population,5,Prevalence,53,Serbia,3,Both,22,All ages,507,Other cardiovascular and circulatory diseases,3,Rate,2022,1051.11556204642,1544.25575034627,730.86826217515
1,All Population,5,Prevalence,151,Qatar,3,Both,22,All ages,507,Other cardiovascular and circulatory diseases,3,Rate,2022,1074.70382223444,1451.41951899535,777.89673490849
1,All Population,5,Prevalence,214,Nigeria,3,Both,22,All ages,507,Other cardiovascular and circulatory diseases,3,Rate,2021,821.08527228297,1049.73704892293,623.29713036921
1,All Population,5,Prevalence,82,Greece,3,Both,22,All ages,507,Other cardiovascular and circulatory diseases,3,Rate,2021,684.6432200863001,901.4973231528,511.79138933933
1,All Population,5,Prevalence,206,Gambia,3,Both,22,All ages,507,Other cardiovascular and circulatory diseases,3,Rate,2023,1354.30328301377,1746.2680294643499,995.77692637537
1,All Population,5,Prevalence,175,Burundi,3,Both,22,All ages,507,Other cardiovascular and circulatory diseases,3,Rate,2021,536.90428436409,709.22602572296,399.88566795866
1,All Population,5,Prevalence,83,Iceland,3,Both,22,All ages,507,Other cardiovascular and circulatory diseases,3,Rate,2021,597.50852209768,789.4303079119201,448.85410116942995
1,All Population,5,Prevalence,163,India,3,Both,22,All ages,507,Other cardiovascular and circulatory diseases,3,Rate,2023,592.07700686433,795.8888429300899,446.85113929156
1,All Population,5,Prevalence,19,Timor-Leste,3,Both,22,All ages,507,Other cardiovascular and circulatory diseases,3,Rate,2023,176.48061829661,223.04566530224997,140.69439879299
1,All Population,5,Prevalence,422,United States Virgin Islands,3,Both,22,All ages,507,Other cardiovascular and circulatory diseases,3,Rate,2023,2366.88975452537,3166.9505145627,1797.4349862816898
1,All Population,5,Prevalence,113,Guyana,3,Both,22,All ages,507,Other cardiovascular and circulatory diseases,3,Rate,2022,766.7915216799801,962.4645811882999,599.3267143434
1,All Population,5,Prevalence,191,Zambia,3,Both,22,All ages,507,Other cardiovascular and circulatory diseases,3,Rate,2022,498.83887421573996,666.01077527947,370.65332323916
1,All Population,5,Prevalence,119,Trinidad and Tobago,3,Both,22,All ages,507,Other cardiovascular and circulatory diseases,3,Rate,2023,1572.9876204889301,2022.87246962957,1213.2210837361501
1,All Population,5,Prevalence,164,Nepal,3,Both,22,All ages,507,Other cardiovascular and circulatory diseases,3,Rate,2023,418.61497373625997,543.3438792177,327.54248977394997
1,All Population,5,Prevalence,14,Maldives,3,Both,22,All ages,507,Other cardiovascular and circulatory diseases,3,Rate,2023,860.02733460489,1110.82169421303,672.93492619338
1,All Population,5,Prevalence,132,Panama,3,Both,22,All ages,507,Other cardiovascular and circulatory diseases,3,Rate,2023,1290.37673189279,1665.5621326417,1005.71210889116
1,All Population,5,Prevalence,144,Jordan,3,Both,22,All ages,507,Other cardiovascular and circulatory diseases,3,Rate,2023,675.15207038444,855.74956132791,534.11907380116
1,All Population,5,Prevalence,170,Congo,3,Both,22,All ages,507,Other cardiovascular and circulatory diseases,3,Rate,2023,686.96151250226,943.28293243201,494.59787272567
1,All Population,5,Prevalence,201,Burkina Faso,3,Both,22,All ages,507,Other cardiovascular and circulatory diseases,3,Rate,2023,1502.17173618439,1977.6386135943999,1081.7978155810802
1,All Population,5,Prevalence,185,Rwanda,3,Both,22,All ages,507,Other cardiovascular and circulatory diseases,3,Rate,2023,646.46760174746,889.5259415115801,468.78734136661996
1,All Population,5,Prevalence,97,Argentina,3,Both,22,All ages,507,Other cardiovascular and circulatory diseases,3,Rate,2022,3045.1123897347697,4055.2786886085696,2297.38814568461
1,All Population,5,Prevalence,48,Hungary,3,Both,22,All ages,507,Other cardiovascular and circulatory diseases,3,Rate,2023,1316.47704162859,1807.5207449275301,943.87416641119
1,All Population,5,Prevalence,203,Cabo Verde,3,Both,22,All ages,507,Other cardiovascular and circulatory diseases,3,Rate,2023,3300.03468028751,4330.40198241298,2377.09172321919
1,All Population,5,Prevalence,53,Serbia,3,Both,22,All ages,507,Other cardiovascular and circulatory diseases,3,Rate,2023,1068.87481716168,1568.85819654752,743.63595284332
1,All Population,5,Prevalence,206,Gambia,3,Both,22,All ages,507,Other cardiovascular and circulatory diseases,3,Rate,2022,1337.93621980037,1727.92842676395,984.7894484462599
1,All Population,5,Prevalence,191,Zambia,3,Both,22,All ages,507,Other cardiovascular and circulatory diseases,3,Rate,2021,497.04177868554996,673.00529318243,369.6118120137
1,All Population,5,Prevalence,141,Egypt,3,Both,22,All ages,507,Other cardiovascular and circulatory diseases,3,Rate,2023,1141.60506135094,1424.08247556918,926.37358680186
1,All Population,5,Prevalence,145,Kuwait,3,Both,22,All ages,507,Other cardiovascular and circulatory diseases,3,Rate,2023,494.03144331622,638.25471064107,382.31259814458
1,All Population,5,Prevalence,320,Cook Islands,3,Both,22,All ages,507,Other cardiovascular and circulatory diseases,3,Rate,2023,117.77195164887999,151.38787326782,91.81500346703
1,All Population,5,Prevalence,186,Seychelles,3,Both,22,All ages,507,Other cardiovascular and circulatory diseases,3,Rate,2023,433.80632410852,556.44563128812,332.50198532394
1,All Population,5,Prevalence,171,Democratic Republic of the Congo,3,Both,22,All ages,507,Other cardiovascular and circulatory diseases,3,Rate,2023,635.28374962371,863.65285843779,447.54883738879005
1,All Population,5,Prevalence,200,Benin,3,Both,22,All ages,507,Other cardiovascular and circulatory diseases,3,Rate,2021,992.26656863745,1311.97672239769,740.16450259698
1,All Population,5,Prevalence,30,Vanuatu,3,Both,22,All ages,507,Other cardiovascular and circulatory diseases,3,Rate,2022,205.37699176279,261.12770836114,166.32770190749
1,All Population,5,Prevalence,45,Bulgaria,3,Both,22,All ages,507,Other cardiovascular and circulatory diseases,3,Rate,2021,2185.2193791723,2897.6355012387703,1651.48855710598
1,All Population,5,Prevalence,43,Albania,3,Both,22,All ages,507,Other cardiovascular and circulatory diseases,3,Rate,2023,3481.73025069157,4583.56637163065,2601.3865261138103
1,All Population,5,Prevalence,144,Jordan,3,Both,22,All ages,507,Other cardiovascular and circulatory diseases,3,Rate,2022,657.9459835949,834.46957636427,521.8530270323
1,All Population,5,Prevalence,218,Togo,3,Both,22,All ages,507,Other cardiovascular and circulatory diseases,3,Rate,2022,1424.8946752447,1896.4607545439198,1043.21452677411
1,All Population,5,Prevalence,30,Vanuatu,3,Both,22,All ages,507,Other cardiovascular and circulatory diseases,3,Rate,2023,207.31670445006998,263.66211857743997,167.79215219679
1,All Population,5,Prevalence,99,Uruguay,3,Both,22,All ages,507,Other cardiovascular and circulatory diseases,3,Rate,2023,2129.68799925598,2837.13466974795,1593.13595577223
1,All Population,5,Prevalence,112,Grenada,3,Both,22,All ages,507,Other cardiovascular and circulatory diseases,3,Rate,2022,1812.19254305655,2365.88331037027,1388.5432465783
1,All Population,5,Prevalence,144,Jordan,3,Both,22,All ages,507,Other cardiovascular and circulatory diseases,3,Rate,2021,648.62094351221,805.61271444217,517.34812205528
1,All Population,5,Prevalence,435,South Sudan,3,Both,22,All ages,507,Other cardiovascular and circulatory diseases,3,Rate,2022,550.04903729433,747.15766053199,409.92530096925
1,All Population,5,Prevalence,35,Georgia,3,Both,22,All ages,507,Other cardiovascular and circulatory diseases,3,Rate,2023,1090.01626540922,1575.7934330420098,689.87783057131
1,All Population,5,Prevalence,110,Dominica,3,Both,22,All ages,507,Other cardiovascular and circulatory diseases,3,Rate,2023,1499.419593777,1925.1276230348901,1129.49263958397
1,All Population,5,Prevalence,14,Maldives,3,Both,22,All ages,507,Other cardiovascular and circulatory diseases,3,Rate,2022,842.5909940825401,1085.32597345533,662.4942428846899
1,All Population,5,Prevalence,149,Palestine,3,Both,22,All ages,507,Other cardiovascular and circulatory diseases,3,Rate,2023,483.70313186573,599.93953971982,383.67276168748
1,All Population,5,Prevalence,27,Samoa,3,Both,22,All ages,507,Other cardiovascular and circulatory diseases,3,Rate,2023,332.84690070293,429.3737756126,266.42721021172
1,All Population,5,Prevalence,91,Portugal,3,Both,22,All ages,507,Other cardiovascular and circulatory diseases,3,Rate,2022,2136.77589066481,2845.70817003726,1555.9321592608
1,All Population,5,Prevalence,113,Guyana,3,Both,22,All ages,507,Other cardiovascular and circulatory diseases,3,Rate,2023,799.04548596587,1006.7782057394,622.13112079647
1,All Population,5,Prevalence,83,Iceland,3,Both,22,All ages,507,Other cardiovascular and circulatory diseases,3,Rate,2023,604.56477019165,819.49201059272,443.43461888336003
1,All Population,5,Prevalence,160,Afghanistan,3,Both,22,All ages,507,Other cardiovascular and circulatory diseases,3,Rate,2023,647.18420130425,806.8145229976601,512.14906752271
1,All Population,5,Prevalence,211,Mali,3,Both,22,All ages,507,Other cardiovascular and circulatory diseases,3,Rate,2023,985.06190837469,1296.4243586160899,718.79073499559
1,All Population,5,Prevalence,133,Venezuela (Bolivarian Republic of),3,Both,22,All ages,507,Other cardiovascular and circulatory diseases,3,Rate,2023,691.5162268476901,892.2457475446699,536.11387785237
1,All Population,5,Prevalence,196,South Africa,3,Both,22,All ages,507,Other cardiovascular and circulatory diseases,3,Rate,2023,1263.87402937931,1701.0945831015201,918.1615825494101
1,All Population,5,Prevalence,380,Palau,3,Both,22,All ages,507,Other cardiovascular and circulatory diseases,3,Rate,2022,416.15852648989005,557.4122762296599,307.49470391242
1,All Population,5,Prevalence,215,Sao Tome and Principe,3,Both,22,All ages,507,Other cardiovascular and circulatory diseases,3,Rate,2021,2063.10356487231,2648.0723568354797,1529.35843714685
1,All Population,5,Prevalence,180,Kenya,3,Both,22,All ages,507,Other cardiovascular and circulatory diseases,3,Rate,2023,524.31976107904,704.9375302669799,387.11881106282
1,All Population,5,Prevalence,37,Kyrgyzstan,3,Both,22,All ages,507,Other cardiovascular and circulatory diseases,3,Rate,2022,374.86372576146005,484.77522338754005,289.15427696041996
1,All Population,5,Prevalence,203,Cabo Verde,3,Both,22,All ages,507,Other cardiovascular and circulatory diseases,3,Rate,2022,3196.5390581562397,4181.59312387867,2312.29524873135
1,All Population,5,Prevalence,95,United Kingdom,3,Both,22,All ages,507,Other cardiovascular and circulatory diseases,3,Rate,2023,2521.2142916920598,3236.56682767486,1908.8860256466298
1,All Population,5,Prevalence,63,Ukraine,3,Both,22,All ages,507,Other cardiovascular and circulatory diseases,3,Rate,2023,699.5203301593799,1009.87338338789,483.85535008152993
1,All Population,5,Prevalence,52,Romania,3,Both,22,All ages,507,Other cardiovascular and circulatory diseases,3,Rate,2023,979.86409005274,1361.16119842221,695.79107845824
1,All Population,5,Prevalence,50,Montenegro,3,Both,22,All ages,507,Other cardiovascular and circulatory diseases,3,Rate,2022,1275.00282338348,1736.5411820054098,900.1670863988301
1,All Population,5,Prevalence,148,Morocco,3,Both,22,All ages,507,Other cardiovascular and circulatory diseases,3,Rate,2023,601.90265281108,760.81514725638,478.20759542878
1,All Population,5,Prevalence,60,Lithuania,3,Both,22,All ages,507,Other cardiovascular and circulatory diseases,3,Rate,2023,2023.28241466264,2830.06823311993,1421.97948811773
1,All Population,5,Prevalence,385,Puerto Rico,3,Both,22,All ages,507,Other cardiovascular and circulatory diseases,3,Rate,2022,2797.6770306438298,3677.8678245801298,2098.77965087732
1,All Population,5,Prevalence,90,Norway,3,Both,22,All ages,507,Other cardiovascular and circulatory diseases,3,Rate,2022,1656.2096204656,2265.64253134569,1169.88130929399
1,All Population,5,Prevalence,195,Namibia,3,Both,22,All ages,507,Other cardiovascular and circulatory diseases,3,Rate,2023,1019.83501951861,1403.17583102933,734.29315126863
1,All Population,5,Prevalence,165,Pakistan,3,Both,22,All ages,507,Other cardiovascular and circulatory diseases,3,Rate,2023,350.644840413,446.65799717040005,272.27820762480997
1,All Population,5,Prevalence,212,Mauritania,3,Both,22,All ages,507,Other cardiovascular and circulatory diseases,3,Rate,2023,1503.74563444588,2006.34259689501,1091.8582050147302
1,All Population,5,Prevalence,202,Cameroon,3,Both,22,All ages,507,Other cardiovascular and circulatory diseases,3,Rate,2023,1322.47696438565,1741.56159933896,980.76021241073
1,All Population,5,Prevalence,173,Gabon,3,Both,22,All ages,507,Other cardiovascular and circulatory diseases,3,Rate,2023,991.0341092740899,1387.00589874961,686.3937595107
1,All Population,5,Prevalence,189,United Republic of Tanzania,3,Both,22,All ages,507,Other cardiovascular and circulatory diseases,3,Rate,2023,756.14654208359,1011.3307509130901,572.04837287858
1,All Population,5,Prevalence,351,Guam,3,Both,22,All ages,507,Other cardiovascular and circulatory diseases,3,Rate,2023,592.47397076507,807.0891026055099,444.97858681502
1,All Population,5,Prevalence,374,Niue,3,Both,22,All ages,507,Other cardiovascular and circulatory diseases,3,Rate,2023,497.27888622613,668.24177465722,366.24813959421
1,All Population,5,Prevalence,435,South Sudan,3,Both,22,All ages,507,Other cardiovascular and circulatory diseases,3,Rate,2023,555.2409976176,755.6356512744001,412.17416871663005
1,All Population,5,Prevalence,80,France,3,Both,22,All ages,507,Other cardiovascular and circulatory diseases,3,Rate,2023,10247.968708497621,12449.46336772869,8208.12169409454
1,All Population,5,Prevalence,305,Bermuda,3,Both,22,All ages,507,Other cardiovascular and circulatory diseases,3,Rate,2023,7241.08452809924,9082.23479546334,5666.61576651446
1,All Population,5,Prevalence,216,Senegal,3,Both,22,All ages,507,Other cardiovascular and circulatory diseases,3,Rate,2023,1616.03931814821,2103.95461166821,1222.5831803460599
1,All Population,5,Prevalence,154,Tunisia,3,Both,22,All ages,507,Other cardiovascular and circulatory diseases,3,Rate,2023,2259.63844966089,2844.73564196691,1774.6300875876998
1,All Population,5,Prevalence,349,Greenland,3,Both,22,All ages,507,Other cardiovascular and circulatory diseases,3,Rate,2022,743.7200914055201,1031.55580747735,538.39222703512
1,All Population,5,Prevalence,153,Syrian Arab Republic,3,Both,22,All ages,507,Other cardiovascular and circulatory diseases,3,Rate,2023,1507.8770347673499,1877.5408373182,1169.76983187123
1,All Population,5,Prevalence,179,Ethiopia,3,Both,22,All ages,507,Other cardiovascular and circulatory diseases,3,Rate,2023,595.37934218881,780.00958033826,450.40061194205
1,All Population,5,Prevalence,396,San Marino,3,Both,22,All ages,507,Other cardiovascular and circulatory diseases,3,Rate,2023,8835.617797125391,10928.29793887184,6899.09640528128
1,All Population,5,Prevalence,522,Sudan,3,Both,22,All ages,507,Other cardiovascular and circulatory diseases,3,Rate,2023,1019.6787523846,1280.52123781566,811.74153520277
1,All Population,5,Prevalence,416,Tuvalu,3,Both,22,All ages,507,Other cardiovascular and circulatory diseases,3,Rate,2023,268.34623392680004,353.77668393517996,205.88318247512998
1,All Population,5,Prevalence,213,Niger,3,Both,22,All ages,507,Other cardiovascular and circulatory diseases,3,Rate,2022,899.8436712308201,1191.47139858799,651.60708288202
1,All Population,5,Prevalence,88,Malta,3,Both,22,All ages,507,Other cardiovascular and circulatory diseases,3,Rate,2023,1307.37755761283,1751.29741209707,972.3341769497299
1,All Population,5,Prevalence,175,Burundi,3,Both,22,All ages,507,Other cardiovascular and circulatory diseases,3,Rate,2023,543.4631769633199,721.50841460213,407.83157116602
1,All Population,5,Prevalence,182,Malawi,3,Both,22,All ages,507,Other cardiovascular and circulatory diseases,3,Rate,2022,505.50338407594,675.33908476856,374.98025382786
1,All Population,5,Prevalence,150,Oman,3,Both,22,All ages,507,Other cardiovascular and circulatory diseases,3,Rate,2023,2351.07137711102,3029.64166449405,1831.21626087882
1,All Population,5,Prevalence,89,Netherlands,3,Both,22,All ages,507,Other cardiovascular and circulatory diseases,3,Rate,2023,2995.1258136887,4052.64099230084,2161.64140740455
1,All Population,5,Prevalence,76,Belgium,3,Both,22,All ages,507,Other cardiovascular and circulatory diseases,3,Rate,2023,3054.4501297724,4094.04033512766,2275.53202246103
1,All Population,5,Prevalence,153,Syrian Arab Republic,3,Both,22,All ages,507,Other cardiovascular and circulatory diseases,3,Rate,2022,1479.87036368772,1842.4091766857598,1148.08087994281
1,All Population,5,Prevalence,20,Viet Nam,3,Both,22,All ages,507,Other cardiovascular and circulatory diseases,3,Rate,2023,418.42929958909,535.97255483534,336.33972703432
1,All Population,5,Prevalence,393,Saint Kitts and Nevis,3,Both,22,All ages,507,Other cardiovascular and circulatory diseases,3,Rate,2021,1532.8999310039,1921.98938389084,1196.5407238528398
1,All Population,5,Prevalence,45,Bulgaria,3,Both,22,All ages,507,Other cardiovascular and circulatory diseases,3,Rate,2023,2146.6576337332203,2973.9397682680897,1596.9274240453801
1,All Population,5,Prevalence,212,Mauritania,3,Both,22,All ages,507,Other cardiovascular and circulatory diseases,3,Rate,2022,1476.39317353281,1972.17990514717,1072.3780397757798
1,All Population,5,Prevalence,183,Mauritius,3,Both,22,All ages,507,Other cardiovascular and circulatory diseases,3,Rate,2021,751.29326250707,951.5161543266701,580.4797070331899
1,All Population,5,Prevalence,29,Tonga,3,Both,22,All ages,507,Other cardiovascular and circulatory diseases,3,Rate,2023,505.68408641914,656.85915571101,389.77360478634
1,All Population,5,Prevalence,168,Angola,3,Both,22,All ages,507,Other cardiovascular and circulatory diseases,3,Rate,2023,664.98017522096,897.0922819267599,473.66199313071
1,All Population,5,Prevalence,376,Northern Mariana Islands,3,Both,22,All ages,507,Other cardiovascular and circulatory diseases,3,Rate,2023,984.5906655132601,1304.98735585939,736.8328163698
1,All Population,5,Prevalence,197,Eswatini,3,Both,22,All ages,507,Other cardiovascular and circulatory diseases,3,Rate,2022,902.3381887330199,1238.7984191354,651.92554813641
1,All Population,5,Prevalence,91,Portugal,3,Both,22,All ages,507,Other cardiovascular and circulatory diseases,3,Rate,2021,2199.71610849989,2888.93720435522,1629.4487225826801
1,All Population,5,Prevalence,183,Mauritius,3,Both,22,All ages,507,Other cardiovascular and circulatory diseases,3,Rate,2022,767.12687611338,990.13734528021,582.93834905833
1,All Population,5,Prevalence,396,San Marino,3,Both,22,All ages,507,Other cardiovascular and circulatory diseases,3,Rate,2022,8534.98809496098,10571.54469145086,6684.29221851123
1,All Population,5,Prevalence,121,Bolivia (Plurinational State of),3,Both,22,All ages,507,Other cardiovascular and circulatory diseases,3,Rate,2023,935.6074009721001,1187.49439827413,750.67379257033
1,All Population,5,Prevalence,99,Uruguay,3,Both,22,All ages,507,Other cardiovascular and circulatory diseases,3,Rate,2022,2101.50187615293,2800.55004429558,1570.0480032877401
1,All Population,5,Prevalence,129,Honduras,3,Both,22,All ages,507,Other cardiovascular and circulatory diseases,3,Rate,2021,519.67868872576,634.86291764292,420.37098358144004
1,All Population,5,Prevalence,136,Paraguay,3,Both,22,All ages,507,Other cardiovascular and circulatory diseases,3,Rate,2023,827.20670907303,1062.55018717483,651.33000822566
1,All Population,5,Prevalence,190,Uganda,3,Both,22,All ages,507,Other cardiovascular and circulatory diseases,3,Rate,2022,511.57627927167,683.8382918659901,388.41110044003
1,All Population,5,Prevalence,142,Iran (Islamic Republic of),3,Both,22,All ages,507,Other cardiovascular and circulatory diseases,3,Rate,2023,2298.96247524004,3049.6414100462803,1738.3909105567498
1,All Population,5,Prevalence,114,Haiti,3,Both,22,All ages,507,Other cardiovascular and circulatory diseases,3,Rate,2022,651.55762094958,828.597555652,513.5951462208
1,All Population,5,Prevalence,214,Nigeria,3,Both,22,All ages,507,Other cardiovascular and circulatory diseases,3,Rate,2023,840.10170636113,1075.05349026749,637.59926488555
1,All Population,5,Prevalence,197,Eswatini,3,Both,22,All ages,507,Other cardiovascular and circulatory diseases,3,Rate,2023,925.25929653074,1269.64197189481,668.53533652729
1,All Population,5,Prevalence,181,Madagascar,3,Both,22,All ages,507,Other cardiovascular and circulatory diseases,3,Rate,2023,908.30915810162,1204.8122992995,678.75384397365
1,All Population,5,Prevalence,214,Nigeria,3,Both,22,All ages,507,Other cardiovascular and circulatory diseases,3,Rate,2022,827.3829276425801,1058.29470292014,628.6356112570601
1,All Population,5,Prevalence,135,Brazil,3,Both,22,All ages,507,Other cardiovascular and circulatory diseases,3,Rate,2023,1748.9933410553701,2275.62303597873,1290.89368873943
1,All Population,5,Prevalence,152,Saudi Arabia,3,Both,22,All ages,507,Other cardiovascular and circulatory diseases,3,Rate,2023,805.7346372021599,1046.13012193009,632.75850312147
1,All Population,5,Prevalence,112,Grenada,3,Both,22,All ages,507,Other cardiovascular and circulatory diseases,3,Rate,2023,1854.8469252024202,2430.35468376715,1420.42844938126
1,All Population,5,Prevalence,37,Kyrgyzstan,3,Both,22,All ages,507,Other cardiovascular and circulatory diseases,3,Rate,2023,384.65938735978,497.01505314866995,296.73008944378
1,All Population,5,Prevalence,125,Colombia,3,Both,22,All ages,507,Other cardiovascular and circulatory diseases,3,Rate,2023,2163.80994834987,2683.38155012651,1695.7469317268701
1,All Population,5,Prevalence,67,Japan,3,Both,22,All ages,507,Other cardiovascular and circulatory diseases,3,Rate,2023,2054.28989175819,2608.5180441961697,1531.06796557467
1,All Population,5,Prevalence,198,Zimbabwe,3,Both,22,All ages,507,Other cardiovascular and circulatory diseases,3,Rate,2023,1463.09874064452,1978.4582218563,1076.14545353713
1,All Population,5,Prevalence,182,Malawi,3,Both,22,All ages,507,Other cardiovascular and circulatory diseases,3,Rate,2023,513.1763742621299,686.5965733782,380.41267182938
1,All Population,5,Prevalence,213,Niger,3,Both,22,All ages,507,Other cardiovascular and circulatory diseases,3,Rate,2023,904.19570665309,1196.41043906508,654.23600403471
1,All Population,5,Prevalence,90,Norway,3,Both,22,All ages,507,Other cardiovascular and circulatory diseases,3,Rate,2023,1682.76004773812,2307.6613019146703,1189.98868399943
1,All Population,5,Prevalence,183,Mauritius,3,Both,22,All ages,507,Other cardiovascular and circulatory diseases,3,Rate,2023,785.29480379521,1017.888331854,597.9317454524299
1,All Population,5,Prevalence,52,Romania,3,Both,22,All ages,507,Other cardiovascular and circulatory diseases,3,Rate,2022,963.38931127049,1337.25887681121,685.58837901388
1,All Population,5,Prevalence,380,Palau,3,Both,22,All ages,507,Other cardiovascular and circulatory diseases,3,Rate,2023,428.40419029824005,578.02167086215,315.25630759922
1,All Population,5,Prevalence,157,Yemen,3,Both,22,All ages,507,Other cardiovascular and circulatory diseases,3,Rate,2023,859.77233081525,1064.92367611383,698.50158894881
1,All Population,5,Prevalence,82,Greece,3,Both,22,All ages,507,Other cardiovascular and circulatory diseases,3,Rate,2023,676.98587256487,922.93239390218,500.22633653016
1,All Population,5,Prevalence,218,Togo,3,Both,22,All ages,507,Other cardiovascular and circulatory diseases,3,Rate,2023,1458.18564560236,1940.7425409382,1066.1267007597
1,All Population,5,Prevalence,205,Côte d'Ivoire,3,Both,22,All ages,507,Other cardiovascular and circulatory diseases,3,Rate,2023,1192.35702608982,1573.70443591117,889.8908485984101
1,All Population,5,Prevalence,205,Côte d'Ivoire,3,Both,22,All ages,507,Other cardiovascular and circulatory diseases,3,Rate,2022,1176.5568002571101,1550.10693168187,877.2630564973599
1,All Population,5,Prevalence,187,Somalia,3,Both,22,All ages,507,Other cardiovascular and circulatory diseases,3,Rate,2023,453.91919253505995,612.61194451349,339.89272543632
1,All Population,5,Prevalence,172,Equatorial Guinea,3,Both,22,All ages,507,Other cardiovascular and circulatory diseases,3,Rate,2023,624.41791644783,817.7396317889701,465.61380362925
1,All Population,5,Prevalence,349,Greenland,3,Both,22,All ages,507,Other cardiovascular and circulatory diseases,3,Rate,2023,754.2013930679,1047.2487320822402,546.06622988194
1,All Population,5,Prevalence,22,Fiji,3,Both,22,All ages,507,Other cardiovascular and circulatory diseases,3,Rate,2023,326.64966434050996,429.29194429662004,253.37819981126998
1,All Population,5,Prevalence,114,Haiti,3,Both,22,All ages,507,Other cardiovascular and circulatory diseases,3,Rate,2023,658.85540001321,838.94634173828,519.4958616041399
1,All Population,5,Prevalence,215,Sao Tome and Principe,3,Both,22,All ages,507,Other cardiovascular and circulatory diseases,3,Rate,2022,2093.62543100203,2722.29713801292,1546.93598228172
1,All Population,5,Prevalence,127,El Salvador,3,Both,22,All ages,507,Other cardiovascular and circulatory diseases,3,Rate,2023,872.7332204288699,1096.70349597313,685.25014963331
1,All Population,5,Prevalence,200,Benin,3,Both,22,All ages,507,Other cardiovascular and circulatory diseases,3,Rate,2023,1021.1332594231,1350.63085010812,741.1600517260899
1,All Population,5,Prevalence,207,Ghana,3,Both,22,All ages,507,Other cardiovascular and circulatory diseases,3,Rate,2022,913.28111485534,1264.5580561219901,631.82651480945
1,All Population,5,Prevalence,176,Comoros,3,Both,22,All ages,507,Other cardiovascular and circulatory diseases,3,Rate,2023,919.55329064074,1220.5901256085301,663.67600828298
1,All Population,5,Prevalence,207,Ghana,3,Both,22,All ages,507,Other cardiovascular and circulatory diseases,3,Rate,2023,930.16200522328,1285.90826630079,643.11006589417
1,All Population,5,Prevalence,190,Uganda,3,Both,22,All ages,507,Other cardiovascular and circulatory diseases,3,Rate,2023,521.08841011556,695.97697545095,395.15903617378
1,All Population,5,Prevalence,393,Saint Kitts and Nevis,3,Both,22,All ages,507,Other cardiovascular and circulatory diseases,3,Rate,2023,1569.91062055469,2006.91715559211,1193.1930889739701
1,All Population,5,Prevalence,129,Honduras,3,Both,22,All ages,507,Other cardiovascular and circulatory diseases,3,Rate,2023,540.2828854481,671.02531984403,430.14661118785995
