population_group_id,population_group_name,measure_id,measure_name,location_id,location_name,sex_id,sex_name,age_id,age_name,cause_id,cause_name,metric_id,metric_name,year,val,upper,lower
1,All Population,5,Prevalence,72,New Zealand,3,Both,22,All ages,554,Motor neuron disease,3,Rate,2014,11.57979756171,13.286236792190001,9.920234434540001
1,All Population,5,Prevalence,130,Mexico,3,Both,22,All ages,554,Motor neuron disease,3,Rate,2014,2.59229878717,3.0858738785599997,2.07301605488
1,All Population,5,Prevalence,83,Iceland,3,Both,22,All ages,554,Motor neuron disease,3,Rate,2014,14.64451970767,16.69617492091,12.57408078781
1,All Population,5,Prevalence,119,Trinidad and Tobago,3,Both,22,All ages,554,Motor neuron disease,3,Rate,2014,2.54955778843,2.96067568637,2.10974418003
1,All Population,5,Prevalence,132,Panama,3,Both,22,All ages,554,Motor neuron disease,3,Rate,2014,2.2154230850200003,2.62642629931,1.83414323443
1,All Population,5,Prevalence,177,Djibouti,3,Both,22,All ages,554,Motor neuron disease,3,Rate,2014,1.2934836114100001,1.6269739892100001,0.98377094678
1,All Population,5,Prevalence,38,Mongolia,3,Both,22,All ages,554,Motor neuron disease,3,Rate,2014,2.47270245278,2.99837000719,1.97562721939
1,All Population,5,Prevalence,25,Micronesia (Federated States of),3,Both,22,All ages,554,Motor neuron disease,3,Rate,2014,1.32679379575,1.64870098701,1.0208328013999999
1,All Population,5,Prevalence,85,Israel,3,Both,22,All ages,554,Motor neuron disease,3,Rate,2014,6.867483979999999,7.8901637006400005,5.91169386664
1,All Population,5,Prevalence,51,Poland,3,Both,22,All ages,554,Motor neuron disease,3,Rate,2014,4.85425390394,5.658518304819999,4.13055862276
1,All Population,5,Prevalence,191,Zambia,3,Both,22,All ages,554,Motor neuron disease,3,Rate,2014,1.17019687489,1.5038634316600001,0.90043853986
1,All Population,5,Prevalence,98,Chile,3,Both,22,All ages,554,Motor neuron disease,3,Rate,2014,5.90189842678,6.778587427350001,5.076269153279999
1,All Population,5,Prevalence,40,Turkmenistan,3,Both,22,All ages,554,Motor neuron disease,3,Rate,2014,2.27045884448,2.74297155799,1.79027571853
1,All Population,5,Prevalence,27,Samoa,3,Both,22,All ages,554,Motor neuron disease,3,Rate,2014,1.62549252078,1.98746983931,1.28368744789
1,All Population,5,Prevalence,87,Luxembourg,3,Both,22,All ages,554,Motor neuron disease,3,Rate,2014,11.60135863919,13.474843445080001,9.88551653247
1,All Population,5,Prevalence,41,Uzbekistan,3,Both,22,All ages,554,Motor neuron disease,3,Rate,2014,2.3331041579800003,2.84772336131,1.82784466982
1,All Population,5,Prevalence,33,Armenia,3,Both,22,All ages,554,Motor neuron disease,3,Rate,2014,2.58610713715,3.1266569777499997,2.07807350804
1,All Population,5,Prevalence,88,Malta,3,Both,22,All ages,554,Motor neuron disease,3,Rate,2014,10.800741906899999,12.80487020895,9.313375153139999
1,All Population,5,Prevalence,53,Serbia,3,Both,22,All ages,554,Motor neuron disease,3,Rate,2014,3.2073796701700004,3.8255086515600003,2.63526366415
1,All Population,5,Prevalence,7,Democratic People's Republic of Korea,3,Both,22,All ages,554,Motor neuron disease,3,Rate,2014,2.30710329237,2.76160102798,1.8645705816499998
1,All Population,5,Prevalence,80,France,3,Both,22,All ages,554,Motor neuron disease,3,Rate,2014,15.55833632019,17.965319125580002,13.42175334717
1,All Population,5,Prevalence,101,Canada,3,Both,22,All ages,554,Motor neuron disease,3,Rate,2014,16.95805670305,19.12722944095,14.78786740893
1,All Population,5,Prevalence,112,Grenada,3,Both,22,All ages,554,Motor neuron disease,3,Rate,2014,2.3606383550300003,2.76909101332,1.95744271711
1,All Population,5,Prevalence,148,Morocco,3,Both,22,All ages,554,Motor neuron disease,3,Rate,2014,2.33786405803,2.8410696782400002,1.88192039659
1,All Population,5,Prevalence,207,Ghana,3,Both,22,All ages,554,Motor neuron disease,3,Rate,2014,1.12653029566,1.42850042681,0.86401068159
1,All Population,5,Prevalence,54,Slovakia,3,Both,22,All ages,554,Motor neuron disease,3,Rate,2014,3.69749348652,4.36173237553,3.03867215567
1,All Population,5,Prevalence,196,South Africa,3,Both,22,All ages,554,Motor neuron disease,3,Rate,2014,1.73611754118,2.19679201085,1.32224075022
1,All Population,5,Prevalence,380,Palau,3,Both,22,All ages,554,Motor neuron disease,3,Rate,2014,1.55986852602,1.88452299709,1.24252540496
1,All Population,5,Prevalence,67,Japan,3,Both,22,All ages,554,Motor neuron disease,3,Rate,2014,8.64989533973,10.01620488108,7.38128475976
1,All Population,5,Prevalence,13,Malaysia,3,Both,22,All ages,554,Motor neuron disease,3,Rate,2014,1.58790942316,1.98833900124,1.24899752373
1,All Population,5,Prevalence,46,Croatia,3,Both,22,All ages,554,Motor neuron disease,3,Rate,2014,4.91421566605,5.72306154176,4.21287988765
1,All Population,5,Prevalence,20,Viet Nam,3,Both,22,All ages,554,Motor neuron disease,3,Rate,2014,1.7488931675200001,2.1488241389100002,1.38598583399
1,All Population,5,Prevalence,150,Oman,3,Both,22,All ages,554,Motor neuron disease,3,Rate,2014,2.48514647795,3.06696686918,1.94660570649
1,All Population,5,Prevalence,143,Iraq,3,Both,22,All ages,554,Motor neuron disease,3,Rate,2014,2.45870607171,2.99648112643,1.9764269532
1,All Population,5,Prevalence,102,United States of America,3,Both,22,All ages,554,Motor neuron disease,3,Rate,2014,10.71599705919,11.4848278388,10.06139638896
1,All Population,5,Prevalence,60,Lithuania,3,Both,22,All ages,554,Motor neuron disease,3,Rate,2014,5.67400561613,6.51328975442,4.84492566332
1,All Population,5,Prevalence,209,Guinea-Bissau,3,Both,22,All ages,554,Motor neuron disease,3,Rate,2014,1.01461195423,1.30311064444,0.76596162033
1,All Population,5,Prevalence,107,Barbados,3,Both,22,All ages,554,Motor neuron disease,3,Rate,2014,4.13230611922,4.77680089852,3.54293333724
1,All Population,5,Prevalence,49,North Macedonia,3,Both,22,All ages,554,Motor neuron disease,3,Rate,2014,3.08272103277,3.68407373282,2.52307486771
1,All Population,5,Prevalence,154,Tunisia,3,Both,22,All ages,554,Motor neuron disease,3,Rate,2014,2.75572934267,3.2995106283699998,2.23712271888
1,All Population,5,Prevalence,179,Ethiopia,3,Both,22,All ages,554,Motor neuron disease,3,Rate,2014,1.04076175605,1.37217729277,0.76456387612
1,All Population,5,Prevalence,151,Qatar,3,Both,22,All ages,554,Motor neuron disease,3,Rate,2014,3.2286975875799997,4.08301782983,2.50683373668
1,All Population,5,Prevalence,66,Brunei Darussalam,3,Both,22,All ages,554,Motor neuron disease,3,Rate,2015,2.16000106349,2.62962091262,1.75292010822
1,All Population,5,Prevalence,93,Sweden,3,Both,22,All ages,554,Motor neuron disease,3,Rate,2014,20.43911487762,23.6054667054,17.55123261822
1,All Population,5,Prevalence,114,Haiti,3,Both,22,All ages,554,Motor neuron disease,3,Rate,2014,1.5838602198,1.95235189803,1.25395810884
1,All Population,5,Prevalence,202,Cameroon,3,Both,22,All ages,554,Motor neuron disease,3,Rate,2014,0.9999787985499999,1.27862317244,0.76779572173
1,All Population,5,Prevalence,55,Slovenia,3,Both,22,All ages,554,Motor neuron disease,3,Rate,2014,3.8496418975699997,4.58653725551,3.17050401685
1,All Population,5,Prevalence,22,Fiji,3,Both,22,All ages,554,Motor neuron disease,3,Rate,2014,1.67845172089,2.03059681087,1.32383262407
1,All Population,5,Prevalence,161,Bangladesh,3,Both,22,All ages,554,Motor neuron disease,3,Rate,2014,1.48317350058,1.8355451787,1.15620047268
1,All Population,5,Prevalence,422,United States Virgin Islands,3,Both,22,All ages,554,Motor neuron disease,3,Rate,2014,4.92245455721,5.6692545183,4.23432222879
1,All Population,5,Prevalence,15,Myanmar,3,Both,22,All ages,554,Motor neuron disease,3,Rate,2014,1.47475110457,1.8147098225200002,1.15923673375
1,All Population,5,Prevalence,187,Somalia,3,Both,22,All ages,554,Motor neuron disease,3,Rate,2014,0.8170714706200001,1.0519352180300001,0.622124314
1,All Population,5,Prevalence,113,Guyana,3,Both,22,All ages,554,Motor neuron disease,3,Rate,2014,1.7238462947,2.0677970615700003,1.38520381377
1,All Population,5,Prevalence,8,Taiwan,3,Both,22,All ages,554,Motor neuron disease,3,Rate,2015,3.33408499727,3.82557103502,2.8210439810700003
1,All Population,5,Prevalence,140,Bahrain,3,Both,22,All ages,554,Motor neuron disease,3,Rate,2014,2.89139452473,3.60124350863,2.28493407496
1,All Population,5,Prevalence,349,Greenland,3,Both,22,All ages,554,Motor neuron disease,3,Rate,2014,9.16370027337,10.70319479664,7.75891953751
1,All Population,5,Prevalence,396,San Marino,3,Both,22,All ages,554,Motor neuron disease,3,Rate,2014,7.16116168554,8.65892032932,5.85982151211
1,All Population,5,Prevalence,59,Latvia,3,Both,22,All ages,554,Motor neuron disease,3,Rate,2014,3.8698580746199998,4.45331194215,3.2184011351999997
1,All Population,5,Prevalence,153,Syrian Arab Republic,3,Both,22,All ages,554,Motor neuron disease,3,Rate,2014,2.557082742,3.1051896253500004,2.05719961786
1,All Population,5,Prevalence,215,Sao Tome and Principe,3,Both,22,All ages,554,Motor neuron disease,3,Rate,2014,1.18878437803,1.46311576916,0.93652704751
1,All Population,5,Prevalence,55,Slovenia,3,Both,22,All ages,554,Motor neuron disease,3,Rate,2015,3.84923371523,4.6085178316999995,3.16832440409
1,All Population,5,Prevalence,204,Chad,3,Both,22,All ages,554,Motor neuron disease,3,Rate,2014,1.06207186642,1.3689609031199999,0.81301933203
1,All Population,5,Prevalence,62,Russian Federation,3,Both,22,All ages,554,Motor neuron disease,3,Rate,2014,3.61269749066,4.23924027127,2.98107095405
1,All Population,5,Prevalence,12,Lao People's Democratic Republic,3,Both,22,All ages,554,Motor neuron disease,3,Rate,2014,1.42622522485,1.7975244807,1.11964245613
1,All Population,5,Prevalence,106,Bahamas,3,Both,22,All ages,554,Motor neuron disease,3,Rate,2014,3.15567292865,3.6957843218299997,2.6218511184
1,All Population,5,Prevalence,69,Singapore,3,Both,22,All ages,554,Motor neuron disease,3,Rate,2014,3.1237246234200002,3.61062874362,2.5926573451999997
1,All Population,5,Prevalence,66,Brunei Darussalam,3,Both,22,All ages,554,Motor neuron disease,3,Rate,2014,2.1390778285,2.60141212446,1.74033621735
1,All Population,5,Prevalence,115,Jamaica,3,Both,22,All ages,554,Motor neuron disease,3,Rate,2014,2.75306626878,3.2573987131899997,2.2687675713399997
1,All Population,5,Prevalence,128,Guatemala,3,Both,22,All ages,554,Motor neuron disease,3,Rate,2014,1.69952018333,2.09920934062,1.32899872878
1,All Population,5,Prevalence,28,Solomon Islands,3,Both,22,All ages,554,Motor neuron disease,3,Rate,2014,1.2672028757,1.5885583436500001,0.97571605324
1,All Population,5,Prevalence,68,Republic of Korea,3,Both,22,All ages,554,Motor neuron disease,3,Rate,2015,4.182838590709999,4.97286208644,3.48742655623
1,All Population,5,Prevalence,35,Georgia,3,Both,22,All ages,554,Motor neuron disease,3,Rate,2014,2.6167808790900002,3.12666093395,2.14357018255
1,All Population,5,Prevalence,122,Ecuador,3,Both,22,All ages,554,Motor neuron disease,3,Rate,2014,1.7089538020600001,2.06043392951,1.3804099486899999
1,All Population,5,Prevalence,127,El Salvador,3,Both,22,All ages,554,Motor neuron disease,3,Rate,2014,1.8621491914,2.27521346217,1.4704702109
1,All Population,5,Prevalence,17,Sri Lanka,3,Both,22,All ages,554,Motor neuron disease,3,Rate,2014,1.65215907701,2.00096829581,1.30163754246
1,All Population,5,Prevalence,11,Indonesia,3,Both,22,All ages,554,Motor neuron disease,3,Rate,2014,1.27722252847,1.63086520491,0.96697028235
1,All Population,5,Prevalence,82,Greece,3,Both,22,All ages,554,Motor neuron disease,3,Rate,2014,9.366434986429999,10.85996225553,8.031394601999999
1,All Population,5,Prevalence,57,Belarus,3,Both,22,All ages,554,Motor neuron disease,3,Rate,2015,4.57258035124,5.32249418374,3.88366599035
1,All Population,5,Prevalence,163,India,3,Both,22,All ages,554,Motor neuron disease,3,Rate,2014,1.49204188456,1.8938220916900002,1.13619497599
1,All Population,5,Prevalence,68,Republic of Korea,3,Both,22,All ages,554,Motor neuron disease,3,Rate,2014,4.15259849504,4.91488453982,3.45198718843
1,All Population,5,Prevalence,116,Saint Lucia,3,Both,22,All ages,554,Motor neuron disease,3,Rate,2014,2.92274092338,3.3636278702499998,2.44991720177
1,All Population,5,Prevalence,71,Australia,3,Both,22,All ages,554,Motor neuron disease,3,Rate,2014,11.58555023172,13.24260874366,10.0414279188
1,All Population,5,Prevalence,113,Guyana,3,Both,22,All ages,554,Motor neuron disease,3,Rate,2015,1.73333011252,2.07731467693,1.39812273399
1,All Population,5,Prevalence,193,Botswana,3,Both,22,All ages,554,Motor neuron disease,3,Rate,2014,1.616498509,2.02008551541,1.2507496831
1,All Population,5,Prevalence,24,Marshall Islands,3,Both,22,All ages,554,Motor neuron disease,3,Rate,2014,1.36665169215,1.7092599394099999,1.05251198713
1,All Population,5,Prevalence,201,Burkina Faso,3,Both,22,All ages,554,Motor neuron disease,3,Rate,2014,1.03668109466,1.31798252126,0.80607626333
1,All Population,5,Prevalence,176,Comoros,3,Both,22,All ages,554,Motor neuron disease,3,Rate,2014,1.27441780272,1.5958652039699999,0.99296213649
1,All Population,5,Prevalence,175,Burundi,3,Both,22,All ages,554,Motor neuron disease,3,Rate,2014,0.89679767831,1.15675712371,0.67413237102
1,All Population,5,Prevalence,57,Belarus,3,Both,22,All ages,554,Motor neuron disease,3,Rate,2014,4.54313668571,5.27690434544,3.86130879776
1,All Population,5,Prevalence,142,Iran (Islamic Republic of),3,Both,22,All ages,554,Motor neuron disease,3,Rate,2014,2.8491583086000003,3.48104013493,2.19659747027
1,All Population,5,Prevalence,48,Hungary,3,Both,22,All ages,554,Motor neuron disease,3,Rate,2014,4.67255954495,5.35579328575,4.0523170979100005
1,All Population,5,Prevalence,61,Republic of Moldova,3,Both,22,All ages,554,Motor neuron disease,3,Rate,2014,2.74792881776,3.25995579164,2.24720286098
1,All Population,5,Prevalence,211,Mali,3,Both,22,All ages,554,Motor neuron disease,3,Rate,2014,1.4862201985099999,1.78469858621,1.19604567778
1,All Population,5,Prevalence,10,Cambodia,3,Both,22,All ages,554,Motor neuron disease,3,Rate,2015,1.30761776836,1.6424436545099999,1.02512495292
1,All Population,5,Prevalence,522,Sudan,3,Both,22,All ages,554,Motor neuron disease,3,Rate,2014,1.52148521075,1.8716143288699998,1.1859421513800001
1,All Population,5,Prevalence,214,Nigeria,3,Both,22,All ages,554,Motor neuron disease,3,Rate,2014,1.08040616417,1.40792043807,0.79945678893
1,All Population,5,Prevalence,6,China,3,Both,22,All ages,554,Motor neuron disease,3,Rate,2014,2.23558399207,2.73888303308,1.77474413413
1,All Population,5,Prevalence,155,Türkiye,3,Both,22,All ages,554,Motor neuron disease,3,Rate,2014,4.01177427301,4.6138399651599995,3.44596240001
1,All Population,5,Prevalence,37,Kyrgyzstan,3,Both,22,All ages,554,Motor neuron disease,3,Rate,2014,2.269283385,2.75885741983,1.82251970464
1,All Population,5,Prevalence,117,Saint Vincent and the Grenadines,3,Both,22,All ages,554,Motor neuron disease,3,Rate,2014,2.43377742969,2.85697971907,2.04326701353
1,All Population,5,Prevalence,23,Kiribati,3,Both,22,All ages,554,Motor neuron disease,3,Rate,2015,1.29065394503,1.5817110044899998,1.02336165986
1,All Population,5,Prevalence,369,Nauru,3,Both,22,All ages,554,Motor neuron disease,3,Rate,2014,1.16597085848,1.4808201855699998,0.87592951214
1,All Population,5,Prevalence,95,United Kingdom,3,Both,22,All ages,554,Motor neuron disease,3,Rate,2014,16.13557637925,18.98213821045,13.73999006604
1,All Population,5,Prevalence,102,United States of America,3,Both,22,All ages,554,Motor neuron disease,3,Rate,2015,10.8689403011,11.6557493583,10.20217506006
1,All Population,5,Prevalence,14,Maldives,3,Both,22,All ages,554,Motor neuron disease,3,Rate,2014,1.6013001337700001,2.01087876129,1.23879261154
1,All Population,5,Prevalence,206,Gambia,3,Both,22,All ages,554,Motor neuron disease,3,Rate,2014,1.18605208476,1.52165657105,0.90668936551
1,All Population,5,Prevalence,217,Sierra Leone,3,Both,22,All ages,554,Motor neuron disease,3,Rate,2014,0.99936682061,1.28321513674,0.7630914955
1,All Population,5,Prevalence,145,Kuwait,3,Both,22,All ages,554,Motor neuron disease,3,Rate,2014,3.51328165956,4.289963998169999,2.7596769932
1,All Population,5,Prevalence,121,Bolivia (Plurinational State of),3,Both,22,All ages,554,Motor neuron disease,3,Rate,2014,1.88236687208,2.25394008064,1.52685043975
1,All Population,5,Prevalence,84,Ireland,3,Both,22,All ages,554,Motor neuron disease,3,Rate,2014,15.939913463,18.25806871408,13.781532066650001
1,All Population,5,Prevalence,118,Suriname,3,Both,22,All ages,554,Motor neuron disease,3,Rate,2014,2.05272028578,2.4154545366,1.69076215727
1,All Population,5,Prevalence,24,Marshall Islands,3,Both,22,All ages,554,Motor neuron disease,3,Rate,2015,1.3665504428,1.7152915061299998,1.05338863597
1,All Population,5,Prevalence,19,Timor-Leste,3,Both,22,All ages,554,Motor neuron disease,3,Rate,2014,1.2950818928,1.6293776900099999,1.0043935025200001
1,All Population,5,Prevalence,26,Papua New Guinea,3,Both,22,All ages,554,Motor neuron disease,3,Rate,2014,1.1807059421100001,1.483589076,0.9143375980999999
1,All Population,5,Prevalence,156,United Arab Emirates,3,Both,22,All ages,554,Motor neuron disease,3,Rate,2014,3.0015372033500003,3.7753592485200005,2.3227822321700002
1,All Population,5,Prevalence,108,Belize,3,Both,22,All ages,554,Motor neuron disease,3,Rate,2014,2.20027842052,2.63584735496,1.74854934652
1,All Population,5,Prevalence,50,Montenegro,3,Both,22,All ages,554,Motor neuron disease,3,Rate,2014,3.22931317009,3.8473558525500002,2.64601511581
1,All Population,5,Prevalence,74,Andorra,3,Both,22,All ages,554,Motor neuron disease,3,Rate,2014,14.14514546653,16.62936665886,12.08755967312
1,All Population,5,Prevalence,75,Austria,3,Both,22,All ages,554,Motor neuron disease,3,Rate,2014,12.05602915579,13.786697420089999,10.28104081153
1,All Population,5,Prevalence,169,Central African Republic,3,Both,22,All ages,554,Motor neuron disease,3,Rate,2014,0.87342715367,1.10990052595,0.6600054734199999
1,All Population,5,Prevalence,144,Jordan,3,Both,22,All ages,554,Motor neuron disease,3,Rate,2014,2.70301926224,3.28869364782,2.13520330565
1,All Population,5,Prevalence,203,Cabo Verde,3,Both,22,All ages,554,Motor neuron disease,3,Rate,2014,1.5968842516,1.97655081817,1.24995244021
1,All Population,5,Prevalence,109,Cuba,3,Both,22,All ages,554,Motor neuron disease,3,Rate,2014,3.45588321082,3.9766227122299997,2.91138931914
1,All Population,5,Prevalence,416,Tuvalu,3,Both,22,All ages,554,Motor neuron disease,3,Rate,2014,1.26202816378,1.56611944625,0.9841626683900001
1,All Population,5,Prevalence,63,Ukraine,3,Both,22,All ages,554,Motor neuron disease,3,Rate,2014,2.83137223191,3.35354915753,2.29471148577
1,All Population,5,Prevalence,115,Jamaica,3,Both,22,All ages,554,Motor neuron disease,3,Rate,2015,2.75488018727,3.26317834172,2.2718617622
1,All Population,5,Prevalence,30,Vanuatu,3,Both,22,All ages,554,Motor neuron disease,3,Rate,2014,1.48342283359,1.80900930382,1.16360556245
1,All Population,5,Prevalence,298,American Samoa,3,Both,22,All ages,554,Motor neuron disease,3,Rate,2014,1.79718015898,2.2005053363,1.40657775083
1,All Population,5,Prevalence,168,Angola,3,Both,22,All ages,554,Motor neuron disease,3,Rate,2014,1.15125842947,1.46777977044,0.8807666486900001
1,All Population,5,Prevalence,16,Philippines,3,Both,22,All ages,554,Motor neuron disease,3,Rate,2014,1.41528635292,1.80867301978,1.07203364953
1,All Population,5,Prevalence,76,Belgium,3,Both,22,All ages,554,Motor neuron disease,3,Rate,2014,14.778153831270002,16.98502126533,12.83465013037
1,All Population,5,Prevalence,36,Kazakhstan,3,Both,22,All ages,554,Motor neuron disease,3,Rate,2015,2.77908824784,3.31940935055,2.27029311492
1,All Population,5,Prevalence,39,Tajikistan,3,Both,22,All ages,554,Motor neuron disease,3,Rate,2014,2.06735129685,2.53599294636,1.6278729191299999
1,All Population,5,Prevalence,181,Madagascar,3,Both,22,All ages,554,Motor neuron disease,3,Rate,2014,1.2706074381699999,1.58887514636,0.9857346075400001
1,All Population,5,Prevalence,216,Senegal,3,Both,22,All ages,554,Motor neuron disease,3,Rate,2014,1.21890243571,1.53973248504,0.93920815935
1,All Population,5,Prevalence,29,Tonga,3,Both,22,All ages,554,Motor neuron disease,3,Rate,2014,1.8553329418,2.2749060819999998,1.44545696813
1,All Population,5,Prevalence,81,Germany,3,Both,22,All ages,554,Motor neuron disease,3,Rate,2015,13.86682863685,16.06721383719,11.74265026813
1,All Population,5,Prevalence,190,Uganda,3,Both,22,All ages,554,Motor neuron disease,3,Rate,2014,0.92278210118,1.18745962493,0.69448862807
1,All Population,5,Prevalence,86,Italy,3,Both,22,All ages,554,Motor neuron disease,3,Rate,2014,13.895474224509998,16.13268126674,11.91911503881
1,All Population,5,Prevalence,146,Lebanon,3,Both,22,All ages,554,Motor neuron disease,3,Rate,2014,2.94546695951,3.52088108506,2.36475938806
1,All Population,5,Prevalence,129,Honduras,3,Both,22,All ages,554,Motor neuron disease,3,Rate,2014,1.90249426116,2.3000350058300003,1.5236329808
1,All Population,5,Prevalence,18,Thailand,3,Both,22,All ages,554,Motor neuron disease,3,Rate,2014,1.779691417,2.18890996067,1.42653587676
1,All Population,5,Prevalence,165,Pakistan,3,Both,22,All ages,554,Motor neuron disease,3,Rate,2014,1.53004562508,1.9420179152900001,1.16453006699
1,All Population,5,Prevalence,178,Eritrea,3,Both,22,All ages,554,Motor neuron disease,3,Rate,2014,1.21832440916,1.5474001936200001,0.9409676357400001
1,All Population,5,Prevalence,25,Micronesia (Federated States of),3,Both,22,All ages,554,Motor neuron disease,3,Rate,2015,1.32551869884,1.64571024719,1.02415159061
1,All Population,5,Prevalence,77,Cyprus,3,Both,22,All ages,554,Motor neuron disease,3,Rate,2014,7.5048361879800005,8.74703720349,6.396963458799999
1,All Population,5,Prevalence,123,Peru,3,Both,22,All ages,554,Motor neuron disease,3,Rate,2014,1.7733156701700001,2.1416331177099996,1.4181892090200001
1,All Population,5,Prevalence,97,Argentina,3,Both,22,All ages,554,Motor neuron disease,3,Rate,2014,4.70616154443,5.36056524433,4.03203159148
1,All Population,5,Prevalence,26,Papua New Guinea,3,Both,22,All ages,554,Motor neuron disease,3,Rate,2015,1.1793031738800002,1.48099074505,0.91102676053
1,All Population,5,Prevalence,78,Denmark,3,Both,22,All ages,554,Motor neuron disease,3,Rate,2014,15.25075706071,17.56192241453,13.02453218455
1,All Population,5,Prevalence,147,Libya,3,Both,22,All ages,554,Motor neuron disease,3,Rate,2014,2.34984804616,2.89030658615,1.8319535508
1,All Population,5,Prevalence,89,Netherlands,3,Both,22,All ages,554,Motor neuron disease,3,Rate,2014,17.381947329670002,20.07486991628,14.775976575349999
1,All Population,5,Prevalence,367,Monaco,3,Both,22,All ages,554,Motor neuron disease,3,Rate,2014,9.38969659907,11.25265517685,7.898957498840001
1,All Population,5,Prevalence,183,Mauritius,3,Both,22,All ages,554,Motor neuron disease,3,Rate,2014,2.18371531748,2.60785802439,1.7709525520299998
1,All Population,5,Prevalence,157,Yemen,3,Both,22,All ages,554,Motor neuron disease,3,Rate,2014,1.50795688713,1.86936100925,1.15179721574
1,All Population,5,Prevalence,205,Côte d'Ivoire,3,Both,22,All ages,554,Motor neuron disease,3,Rate,2014,1.0676105920599999,1.3676123021,0.80620529811
1,All Population,5,Prevalence,160,Afghanistan,3,Both,22,All ages,554,Motor neuron disease,3,Rate,2015,1.7341624579700001,2.17325692975,1.33285545465
1,All Population,5,Prevalence,195,Namibia,3,Both,22,All ages,554,Motor neuron disease,3,Rate,2014,1.56905769653,1.9827691727599999,1.22983706373
1,All Population,5,Prevalence,35,Georgia,3,Both,22,All ages,554,Motor neuron disease,3,Rate,2015,2.61917010877,3.1254382752,2.1492875593500003
1,All Population,5,Prevalence,149,Palestine,3,Both,22,All ages,554,Motor neuron disease,3,Rate,2015,2.52155940843,3.11288230707,1.9724310662
1,All Population,5,Prevalence,36,Kazakhstan,3,Both,22,All ages,554,Motor neuron disease,3,Rate,2014,2.78508991663,3.33987933933,2.2712675574200003
1,All Population,5,Prevalence,43,Albania,3,Both,22,All ages,554,Motor neuron disease,3,Rate,2014,2.90123682368,3.4564512871799997,2.38468949527
1,All Population,5,Prevalence,126,Costa Rica,3,Both,22,All ages,554,Motor neuron disease,3,Rate,2014,3.38938721129,3.91706197187,2.8633967521400003
1,All Population,5,Prevalence,135,Brazil,3,Both,22,All ages,554,Motor neuron disease,3,Rate,2014,2.86230671771,3.35181898641,2.37036439262
1,All Population,5,Prevalence,110,Dominica,3,Both,22,All ages,554,Motor neuron disease,3,Rate,2014,3.01833708244,3.48721249784,2.59493209924
1,All Population,5,Prevalence,435,South Sudan,3,Both,22,All ages,554,Motor neuron disease,3,Rate,2014,1.05447563987,1.35384685955,0.8067988157899999
1,All Population,5,Prevalence,72,New Zealand,3,Both,22,All ages,554,Motor neuron disease,3,Rate,2015,11.689925113880001,13.428958897420001,9.98588322893
1,All Population,5,Prevalence,38,Mongolia,3,Both,22,All ages,554,Motor neuron disease,3,Rate,2015,2.46699104316,2.98865569906,1.9834962411400001
1,All Population,5,Prevalence,376,Northern Mariana Islands,3,Both,22,All ages,554,Motor neuron disease,3,Rate,2014,1.97866863795,2.39958613664,1.57314601651
1,All Population,5,Prevalence,71,Australia,3,Both,22,All ages,554,Motor neuron disease,3,Rate,2015,11.71895873748,13.516678043799999,10.09675182071
1,All Population,5,Prevalence,195,Namibia,3,Both,22,All ages,554,Motor neuron disease,3,Rate,2015,1.5692032746000002,1.98849735261,1.22762299355
1,All Population,5,Prevalence,170,Congo,3,Both,22,All ages,554,Motor neuron disease,3,Rate,2014,0.9999122277100001,1.28776046257,0.7606452316
1,All Population,5,Prevalence,385,Puerto Rico,3,Both,22,All ages,554,Motor neuron disease,3,Rate,2014,4.25354298381,4.887816292349999,3.6235519613700005
1,All Population,5,Prevalence,208,Guinea,3,Both,22,All ages,554,Motor neuron disease,3,Rate,2014,1.0063005496500002,1.28817831905,0.7650952835200001
1,All Population,5,Prevalence,8,Taiwan,3,Both,22,All ages,554,Motor neuron disease,3,Rate,2014,3.34759661785,3.85430704528,2.82879093074
1,All Population,5,Prevalence,218,Togo,3,Both,22,All ages,554,Motor neuron disease,3,Rate,2014,1.0306228471599999,1.31937321048,0.7761068978400001
1,All Population,5,Prevalence,197,Eswatini,3,Both,22,All ages,554,Motor neuron disease,3,Rate,2014,1.58387721459,1.96808652061,1.2358988151199999
1,All Population,5,Prevalence,117,Saint Vincent and the Grenadines,3,Both,22,All ages,554,Motor neuron disease,3,Rate,2015,2.4457627713199996,2.8751333314100003,2.04899305489
1,All Population,5,Prevalence,19,Timor-Leste,3,Both,22,All ages,554,Motor neuron disease,3,Rate,2015,1.29686736493,1.63835495038,1.0038065261
1,All Population,5,Prevalence,182,Malawi,3,Both,22,All ages,554,Motor neuron disease,3,Rate,2014,1.10736916435,1.40853085214,0.8506047931099999
1,All Population,5,Prevalence,111,Dominican Republic,3,Both,22,All ages,554,Motor neuron disease,3,Rate,2014,2.42055656743,2.86866365181,1.9670153972899997
1,All Population,5,Prevalence,90,Norway,3,Both,22,All ages,554,Motor neuron disease,3,Rate,2014,15.601740059139999,18.15381117043,13.449573163679998
1,All Population,5,Prevalence,82,Greece,3,Both,22,All ages,554,Motor neuron disease,3,Rate,2015,9.4989891385,11.06116858825,8.14478932389
1,All Population,5,Prevalence,180,Kenya,3,Both,22,All ages,554,Motor neuron disease,3,Rate,2014,1.08730410896,1.43420498954,0.79842809872
1,All Population,5,Prevalence,30,Vanuatu,3,Both,22,All ages,554,Motor neuron disease,3,Rate,2015,1.48199715003,1.81419305979,1.15726947203
1,All Population,5,Prevalence,171,Democratic Republic of the Congo,3,Both,22,All ages,554,Motor neuron disease,3,Rate,2014,0.8929432542100001,1.14325670551,0.67391687055
1,All Population,5,Prevalence,149,Palestine,3,Both,22,All ages,554,Motor neuron disease,3,Rate,2014,2.52029999378,3.10733248195,1.97759352144
1,All Population,5,Prevalence,45,Bulgaria,3,Both,22,All ages,554,Motor neuron disease,3,Rate,2014,2.96223320448,3.5382285909099997,2.3997656627799997
1,All Population,5,Prevalence,125,Colombia,3,Both,22,All ages,554,Motor neuron disease,3,Rate,2014,2.25884782907,2.65833850538,1.86906002536
1,All Population,5,Prevalence,16,Philippines,3,Both,22,All ages,554,Motor neuron disease,3,Rate,2015,1.4150073307100002,1.80900665673,1.07063103972
1,All Population,5,Prevalence,320,Cook Islands,3,Both,22,All ages,554,Motor neuron disease,3,Rate,2014,2.19734475012,2.64982935008,1.76173690618
1,All Population,5,Prevalence,128,Guatemala,3,Both,22,All ages,554,Motor neuron disease,3,Rate,2015,1.7004666016999999,2.10344794163,1.33290722888
1,All Population,5,Prevalence,374,Niue,3,Both,22,All ages,554,Motor neuron disease,3,Rate,2014,1.93188684713,2.26916294203,1.5555732745100002
1,All Population,5,Prevalence,131,Nicaragua,3,Both,22,All ages,554,Motor neuron disease,3,Rate,2014,1.85782718627,2.28882314075,1.45858527417
1,All Population,5,Prevalence,185,Rwanda,3,Both,22,All ages,554,Motor neuron disease,3,Rate,2014,0.9518855667299999,1.22916204708,0.73125903544
1,All Population,5,Prevalence,184,Mozambique,3,Both,22,All ages,554,Motor neuron disease,3,Rate,2014,1.17776200838,1.48994202671,0.9091502714
1,All Population,5,Prevalence,208,Guinea,3,Both,22,All ages,554,Motor neuron disease,3,Rate,2015,1.0060249426699999,1.28784843792,0.76179944853
1,All Population,5,Prevalence,79,Finland,3,Both,22,All ages,554,Motor neuron disease,3,Rate,2014,18.08791320725,21.26644608636,15.42177970913
1,All Population,5,Prevalence,27,Samoa,3,Both,22,All ages,554,Motor neuron disease,3,Rate,2015,1.6221032611200001,1.9868706891899999,1.27943777944
1,All Population,5,Prevalence,92,Spain,3,Both,22,All ages,554,Motor neuron disease,3,Rate,2014,11.88226590095,13.78472973222,10.23783734996
1,All Population,5,Prevalence,99,Uruguay,3,Both,22,All ages,554,Motor neuron disease,3,Rate,2014,6.11727113133,7.019946106209999,5.24686679237
1,All Population,5,Prevalence,162,Bhutan,3,Both,22,All ages,554,Motor neuron disease,3,Rate,2015,1.7690327170200002,2.2051515851,1.3753881966000001
1,All Population,5,Prevalence,118,Suriname,3,Both,22,All ages,554,Motor neuron disease,3,Rate,2015,2.06403987174,2.42703223226,1.6980217443699999
1,All Population,5,Prevalence,40,Turkmenistan,3,Both,22,All ages,554,Motor neuron disease,3,Rate,2015,2.2751226943700003,2.74447094392,1.79551593407
1,All Population,5,Prevalence,47,Czechia,3,Both,22,All ages,554,Motor neuron disease,3,Rate,2014,4.9394371574100004,5.68533789665,4.22218293581
1,All Population,5,Prevalence,43,Albania,3,Both,22,All ages,554,Motor neuron disease,3,Rate,2015,2.90646311829,3.4441834866,2.40305731749
1,All Population,5,Prevalence,173,Gabon,3,Both,22,All ages,554,Motor neuron disease,3,Rate,2014,1.11780515937,1.4011975830199999,0.8790792691099999
1,All Population,5,Prevalence,52,Romania,3,Both,22,All ages,554,Motor neuron disease,3,Rate,2014,3.26220764315,3.8471574911500004,2.7126045481700003
1,All Population,5,Prevalence,376,Northern Mariana Islands,3,Both,22,All ages,554,Motor neuron disease,3,Rate,2015,1.9737555917499998,2.39940832484,1.56144447936
1,All Population,5,Prevalence,23,Kiribati,3,Both,22,All ages,554,Motor neuron disease,3,Rate,2014,1.28503073921,1.56964945283,1.0187806526
1,All Population,5,Prevalence,197,Eswatini,3,Both,22,All ages,554,Motor neuron disease,3,Rate,2015,1.58423320109,1.96265946274,1.23439613482
1,All Population,5,Prevalence,129,Honduras,3,Both,22,All ages,554,Motor neuron disease,3,Rate,2015,1.9082517957099998,2.30937643976,1.52981019616
1,All Population,5,Prevalence,91,Portugal,3,Both,22,All ages,554,Motor neuron disease,3,Rate,2014,10.82528323182,12.456274624619999,9.14245510309
1,All Population,5,Prevalence,34,Azerbaijan,3,Both,22,All ages,554,Motor neuron disease,3,Rate,2014,2.43258195106,2.9458738914200002,1.92358395
1,All Population,5,Prevalence,152,Saudi Arabia,3,Both,22,All ages,554,Motor neuron disease,3,Rate,2014,2.4775221438,3.04152291093,1.9324880485199998
1,All Population,5,Prevalence,210,Liberia,3,Both,22,All ages,554,Motor neuron disease,3,Rate,2014,0.9767157619100001,1.24964466698,0.74379995476
1,All Population,5,Prevalence,94,Switzerland,3,Both,22,All ages,554,Motor neuron disease,3,Rate,2014,14.699005815340001,16.90720931102,12.28605458114
1,All Population,5,Prevalence,186,Seychelles,3,Both,22,All ages,554,Motor neuron disease,3,Rate,2014,1.96094903352,2.3322136597,1.57660056375
1,All Population,5,Prevalence,393,Saint Kitts and Nevis,3,Both,22,All ages,554,Motor neuron disease,3,Rate,2014,2.94016006879,3.4228201845000004,2.49338765149
1,All Population,5,Prevalence,83,Iceland,3,Both,22,All ages,554,Motor neuron disease,3,Rate,2015,14.83821828492,16.9159767274,12.72225654918
1,All Population,5,Prevalence,81,Germany,3,Both,22,All ages,554,Motor neuron disease,3,Rate,2014,13.74016239025,15.8211772769,11.66113121082
1,All Population,5,Prevalence,98,Chile,3,Both,22,All ages,554,Motor neuron disease,3,Rate,2015,5.97427316947,6.85502285461,5.14928545816
1,All Population,5,Prevalence,143,Iraq,3,Both,22,All ages,554,Motor neuron disease,3,Rate,2015,2.46470697037,3.0168073088600003,1.96943795854
1,All Population,5,Prevalence,84,Ireland,3,Both,22,All ages,554,Motor neuron disease,3,Rate,2015,16.3263837334,18.890641234129998,14.157628455
1,All Population,5,Prevalence,119,Trinidad and Tobago,3,Both,22,All ages,554,Motor neuron disease,3,Rate,2015,2.5620860812,2.96986534499,2.12612460907
1,All Population,5,Prevalence,305,Bermuda,3,Both,22,All ages,554,Motor neuron disease,3,Rate,2014,6.27422366562,7.183834840519999,5.405765838450001
1,All Population,5,Prevalence,77,Cyprus,3,Both,22,All ages,554,Motor neuron disease,3,Rate,2015,7.5544349751699995,8.81051717421,6.43663115908
1,All Population,5,Prevalence,198,Zimbabwe,3,Both,22,All ages,554,Motor neuron disease,3,Rate,2014,1.31594794645,1.66438984752,1.0136427341599998
1,All Population,5,Prevalence,58,Estonia,3,Both,22,All ages,554,Motor neuron disease,3,Rate,2014,3.9353289053200005,4.553475017239999,3.24495208821
1,All Population,5,Prevalence,37,Kyrgyzstan,3,Both,22,All ages,554,Motor neuron disease,3,Rate,2015,2.26445029962,2.75872244081,1.81268966511
1,All Population,5,Prevalence,139,Algeria,3,Both,22,All ages,554,Motor neuron disease,3,Rate,2014,2.40043437259,2.91609825469,1.908694049
1,All Population,5,Prevalence,34,Azerbaijan,3,Both,22,All ages,554,Motor neuron disease,3,Rate,2015,2.43098088608,2.9351305485999997,1.92884010353
1,All Population,5,Prevalence,51,Poland,3,Both,22,All ages,554,Motor neuron disease,3,Rate,2015,4.90910584817,5.72196729772,4.17362124152
1,All Population,5,Prevalence,74,Andorra,3,Both,22,All ages,554,Motor neuron disease,3,Rate,2015,14.442646680580001,16.95393011987,12.34589801648
1,All Population,5,Prevalence,130,Mexico,3,Both,22,All ages,554,Motor neuron disease,3,Rate,2015,2.60501783092,3.08956453551,2.0913575099400004
1,All Population,5,Prevalence,172,Equatorial Guinea,3,Both,22,All ages,554,Motor neuron disease,3,Rate,2014,1.08992918981,1.39699084266,0.82449223687
1,All Population,5,Prevalence,44,Bosnia and Herzegovina,3,Both,22,All ages,554,Motor neuron disease,3,Rate,2014,3.39474278226,4.10144459852,2.7817406127499997
1,All Population,5,Prevalence,85,Israel,3,Both,22,All ages,554,Motor neuron disease,3,Rate,2015,6.91371747009,7.95363937033,5.93604315725
1,All Population,5,Prevalence,160,Afghanistan,3,Both,22,All ages,554,Motor neuron disease,3,Rate,2014,1.73364053996,2.17000798555,1.3377577107
1,All Population,5,Prevalence,6,China,3,Both,22,All ages,554,Motor neuron disease,3,Rate,2015,2.22397564595,2.72448505404,1.77123539895
1,All Population,5,Prevalence,189,United Republic of Tanzania,3,Both,22,All ages,554,Motor neuron disease,3,Rate,2014,1.07581258937,1.3748579891100001,0.8294008884
1,All Population,5,Prevalence,351,Guam,3,Both,22,All ages,554,Motor neuron disease,3,Rate,2014,1.97231035719,2.39463756148,1.5946053599199999
1,All Population,5,Prevalence,7,Democratic People's Republic of Korea,3,Both,22,All ages,554,Motor neuron disease,3,Rate,2015,2.30275184715,2.75095508394,1.8550163889600002
1,All Population,5,Prevalence,29,Tonga,3,Both,22,All ages,554,Motor neuron disease,3,Rate,2015,1.85216220384,2.27157281512,1.44408406825
1,All Population,5,Prevalence,105,Antigua and Barbuda,3,Both,22,All ages,554,Motor neuron disease,3,Rate,2014,2.9464885446399998,3.46700958158,2.45985179715
1,All Population,5,Prevalence,18,Thailand,3,Both,22,All ages,554,Motor neuron disease,3,Rate,2015,1.78003416829,2.19185713138,1.41673152592
1,All Population,5,Prevalence,210,Liberia,3,Both,22,All ages,554,Motor neuron disease,3,Rate,2015,0.9790856918499999,1.2579889685699999,0.74195909652
1,All Population,5,Prevalence,10,Cambodia,3,Both,22,All ages,554,Motor neuron disease,3,Rate,2014,1.30719422105,1.63604533272,1.02211625667
1,All Population,5,Prevalence,45,Bulgaria,3,Both,22,All ages,554,Motor neuron disease,3,Rate,2015,2.9557057373099997,3.53387892789,2.39680064843
1,All Population,5,Prevalence,212,Mauritania,3,Both,22,All ages,554,Motor neuron disease,3,Rate,2014,1.38709082928,1.7258877064300002,1.0897546849400002
1,All Population,5,Prevalence,175,Burundi,3,Both,22,All ages,554,Motor neuron disease,3,Rate,2015,0.8966162729099999,1.15541740961,0.67176180685
1,All Population,5,Prevalence,63,Ukraine,3,Both,22,All ages,554,Motor neuron disease,3,Rate,2015,2.82622959791,3.3456998093799997,2.28671726534
1,All Population,5,Prevalence,97,Argentina,3,Both,22,All ages,554,Motor neuron disease,3,Rate,2015,4.74129912288,5.3989649725,4.06216430818
1,All Population,5,Prevalence,136,Paraguay,3,Both,22,All ages,554,Motor neuron disease,3,Rate,2014,2.5518169953400003,3.05420029725,2.06566648946
1,All Population,5,Prevalence,79,Finland,3,Both,22,All ages,554,Motor neuron disease,3,Rate,2015,18.02284311571,21.25612614729,15.313347855429999
1,All Population,5,Prevalence,162,Bhutan,3,Both,22,All ages,554,Motor neuron disease,3,Rate,2014,1.76281074505,2.19887166913,1.37078498368
1,All Population,5,Prevalence,90,Norway,3,Both,22,All ages,554,Motor neuron disease,3,Rate,2015,15.747969700679999,18.36025153646,13.57334654786
1,All Population,5,Prevalence,87,Luxembourg,3,Both,22,All ages,554,Motor neuron disease,3,Rate,2015,11.61665971831,13.48847674482,9.83716266373
1,All Population,5,Prevalence,110,Dominica,3,Both,22,All ages,554,Motor neuron disease,3,Rate,2015,3.0489376789200002,3.52409776475,2.62318842716
1,All Population,5,Prevalence,351,Guam,3,Both,22,All ages,554,Motor neuron disease,3,Rate,2015,1.96416962858,2.38999748534,1.5903527682
1,All Population,5,Prevalence,164,Nepal,3,Both,22,All ages,554,Motor neuron disease,3,Rate,2015,1.5849491279699999,1.9431265097200001,1.22856451563
1,All Population,5,Prevalence,145,Kuwait,3,Both,22,All ages,554,Motor neuron disease,3,Rate,2015,3.50229786381,4.28299229458,2.73079327058
1,All Population,5,Prevalence,133,Venezuela (Bolivarian Republic of),3,Both,22,All ages,554,Motor neuron disease,3,Rate,2014,2.04802458252,2.42941064797,1.68025135815
1,All Population,5,Prevalence,20,Viet Nam,3,Both,22,All ages,554,Motor neuron disease,3,Rate,2015,1.7482152231099999,2.14132219148,1.38193096217
1,All Population,5,Prevalence,141,Egypt,3,Both,22,All ages,554,Motor neuron disease,3,Rate,2014,2.07564586574,2.53570672016,1.6370809934800001
1,All Population,5,Prevalence,194,Lesotho,3,Both,22,All ages,554,Motor neuron disease,3,Rate,2014,1.56229397136,1.937011893,1.2245096467299998
1,All Population,5,Prevalence,165,Pakistan,3,Both,22,All ages,554,Motor neuron disease,3,Rate,2015,1.52891807589,1.9462431603,1.15810690496
1,All Population,5,Prevalence,413,Tokelau,3,Both,22,All ages,554,Motor neuron disease,3,Rate,2014,1.57253415929,1.9347318731699998,1.26091078318
1,All Population,5,Prevalence,121,Bolivia (Plurinational State of),3,Both,22,All ages,554,Motor neuron disease,3,Rate,2015,1.8945922746100001,2.26231358863,1.53703628155
1,All Population,5,Prevalence,176,Comoros,3,Both,22,All ages,554,Motor neuron disease,3,Rate,2015,1.27527711527,1.60156424467,0.99016277276
1,All Population,5,Prevalence,13,Malaysia,3,Both,22,All ages,554,Motor neuron disease,3,Rate,2015,1.5887979621700001,1.99044554131,1.2532811353
1,All Population,5,Prevalence,212,Mauritania,3,Both,22,All ages,554,Motor neuron disease,3,Rate,2015,1.3876109179,1.72890994362,1.08391847345
1,All Population,5,Prevalence,99,Uruguay,3,Both,22,All ages,554,Motor neuron disease,3,Rate,2015,6.191587549249999,7.12621253391,5.30959911091
1,All Population,5,Prevalence,53,Serbia,3,Both,22,All ages,554,Motor neuron disease,3,Rate,2015,3.20925583974,3.8367906083900003,2.63261306994
1,All Population,5,Prevalence,86,Italy,3,Both,22,All ages,554,Motor neuron disease,3,Rate,2015,14.05055053551,16.30874162639,12.07039881543
1,All Population,5,Prevalence,89,Netherlands,3,Both,22,All ages,554,Motor neuron disease,3,Rate,2015,17.65404391058,20.47354031315,15.0535879908
1,All Population,5,Prevalence,39,Tajikistan,3,Both,22,All ages,554,Motor neuron disease,3,Rate,2015,2.06406887737,2.54529853801,1.62648053885
1,All Population,5,Prevalence,131,Nicaragua,3,Both,22,All ages,554,Motor neuron disease,3,Rate,2015,1.85891138554,2.30017196754,1.46139169146
1,All Population,5,Prevalence,213,Niger,3,Both,22,All ages,554,Motor neuron disease,3,Rate,2014,1.04815427407,1.3283109709099998,0.82230514799
1,All Population,5,Prevalence,369,Nauru,3,Both,22,All ages,554,Motor neuron disease,3,Rate,2015,1.1703738877999998,1.4854596119,0.87710111533
1,All Population,5,Prevalence,178,Eritrea,3,Both,22,All ages,554,Motor neuron disease,3,Rate,2015,1.21754851207,1.5521825621999998,0.9365472157
1,All Population,5,Prevalence,190,Uganda,3,Both,22,All ages,554,Motor neuron disease,3,Rate,2015,0.9242342754499999,1.19053875309,0.69346951247
1,All Population,5,Prevalence,22,Fiji,3,Both,22,All ages,554,Motor neuron disease,3,Rate,2015,1.6756322394999998,2.02884384645,1.32414532922
1,All Population,5,Prevalence,164,Nepal,3,Both,22,All ages,554,Motor neuron disease,3,Rate,2014,1.58071253754,1.94047380152,1.2240411007
1,All Population,5,Prevalence,132,Panama,3,Both,22,All ages,554,Motor neuron disease,3,Rate,2015,2.2307522588,2.64697542376,1.8459776319
1,All Population,5,Prevalence,58,Estonia,3,Both,22,All ages,554,Motor neuron disease,3,Rate,2015,3.94080917854,4.55340112383,3.25684157936
1,All Population,5,Prevalence,200,Benin,3,Both,22,All ages,554,Motor neuron disease,3,Rate,2014,1.0541236682000001,1.34549684726,0.80733325196
1,All Population,5,Prevalence,52,Romania,3,Both,22,All ages,554,Motor neuron disease,3,Rate,2015,3.26258261819,3.8582696252,2.71287119957
1,All Population,5,Prevalence,168,Angola,3,Both,22,All ages,554,Motor neuron disease,3,Rate,2015,1.15214072255,1.46463958027,0.8792522619500001
1,All Population,5,Prevalence,101,Canada,3,Both,22,All ages,554,Motor neuron disease,3,Rate,2015,17.17899406722,19.50122465987,14.83814227413
1,All Population,5,Prevalence,147,Libya,3,Both,22,All ages,554,Motor neuron disease,3,Rate,2015,2.3354256692399997,2.86918176035,1.8213035027500002
1,All Population,5,Prevalence,41,Uzbekistan,3,Both,22,All ages,554,Motor neuron disease,3,Rate,2015,2.32814478897,2.84056853518,1.8158681212699999
1,All Population,5,Prevalence,171,Democratic Republic of the Congo,3,Both,22,All ages,554,Motor neuron disease,3,Rate,2015,0.89361811863,1.14168927657,0.6719728275000001
1,All Population,5,Prevalence,133,Venezuela (Bolivarian Republic of),3,Both,22,All ages,554,Motor neuron disease,3,Rate,2015,2.05743073373,2.44364921267,1.6763922484600002
1,All Population,5,Prevalence,47,Czechia,3,Both,22,All ages,554,Motor neuron disease,3,Rate,2015,4.95934379853,5.725342142620001,4.22037708495
1,All Population,5,Prevalence,180,Kenya,3,Both,22,All ages,554,Motor neuron disease,3,Rate,2015,1.08786678242,1.43522500123,0.7986071708200001
1,All Population,5,Prevalence,144,Jordan,3,Both,22,All ages,554,Motor neuron disease,3,Rate,2015,2.70296821979,3.2953452336499995,2.13111521574
1,All Population,5,Prevalence,44,Bosnia and Herzegovina,3,Both,22,All ages,554,Motor neuron disease,3,Rate,2015,3.38386715098,4.10029361073,2.76510275056
1,All Population,5,Prevalence,11,Indonesia,3,Both,22,All ages,554,Motor neuron disease,3,Rate,2015,1.2757365675,1.6309963992199998,0.96905288789
1,All Population,5,Prevalence,157,Yemen,3,Both,22,All ages,554,Motor neuron disease,3,Rate,2015,1.50677670592,1.86281100869,1.14850958558
1,All Population,5,Prevalence,123,Peru,3,Both,22,All ages,554,Motor neuron disease,3,Rate,2015,1.78177721717,2.14271025792,1.4249174341000002
1,All Population,5,Prevalence,76,Belgium,3,Both,22,All ages,554,Motor neuron disease,3,Rate,2015,14.959165646799999,17.28103538789,12.9609932056
1,All Population,5,Prevalence,216,Senegal,3,Both,22,All ages,554,Motor neuron disease,3,Rate,2015,1.21986992427,1.5380913203,0.9310874752000001
1,All Population,5,Prevalence,88,Malta,3,Both,22,All ages,554,Motor neuron disease,3,Rate,2015,10.89479121119,12.97870258301,9.318062683900001
1,All Population,5,Prevalence,139,Algeria,3,Both,22,All ages,554,Motor neuron disease,3,Rate,2015,2.39277217219,2.89753013638,1.90650989669
1,All Population,5,Prevalence,177,Djibouti,3,Both,22,All ages,554,Motor neuron disease,3,Rate,2015,1.29270325962,1.6209937971200001,0.98216856647
1,All Population,5,Prevalence,54,Slovakia,3,Both,22,All ages,554,Motor neuron disease,3,Rate,2015,3.6940221831500004,4.35718330286,3.03843416042
1,All Population,5,Prevalence,191,Zambia,3,Both,22,All ages,554,Motor neuron disease,3,Rate,2015,1.1722718736500002,1.51370995922,0.9010076811
1,All Population,5,Prevalence,92,Spain,3,Both,22,All ages,554,Motor neuron disease,3,Rate,2015,12.0360774196,14.075255781740001,10.27374818254
1,All Population,5,Prevalence,67,Japan,3,Both,22,All ages,554,Motor neuron disease,3,Rate,2015,8.72144654084,10.11493472087,7.44093913173
1,All Population,5,Prevalence,112,Grenada,3,Both,22,All ages,554,Motor neuron disease,3,Rate,2015,2.36021271586,2.76209003939,1.9510755066299998
1,All Population,5,Prevalence,136,Paraguay,3,Both,22,All ages,554,Motor neuron disease,3,Rate,2015,2.55460223023,3.06606188332,2.06731683425
1,All Population,5,Prevalence,184,Mozambique,3,Both,22,All ages,554,Motor neuron disease,3,Rate,2015,1.17814111906,1.48721383262,0.90923042862
1,All Population,5,Prevalence,25,Micronesia (Federated States of),3,Both,22,All ages,554,Motor neuron disease,3,Rate,2016,1.32765262026,1.6527575743,1.02432404743
1,All Population,5,Prevalence,367,Monaco,3,Both,22,All ages,554,Motor neuron disease,3,Rate,2015,9.48234225848,11.35104050295,7.96635482465
1,All Population,5,Prevalence,146,Lebanon,3,Both,22,All ages,554,Motor neuron disease,3,Rate,2015,2.9603976540000003,3.53978037232,2.38267880192
1,All Population,5,Prevalence,105,Antigua and Barbuda,3,Both,22,All ages,554,Motor neuron disease,3,Rate,2015,2.96082972753,3.50719532782,2.4837529439900004
1,All Population,5,Prevalence,15,Myanmar,3,Both,22,All ages,554,Motor neuron disease,3,Rate,2015,1.47863703786,1.8212236054100002,1.15965078233
1,All Population,5,Prevalence,91,Portugal,3,Both,22,All ages,554,Motor neuron disease,3,Rate,2015,10.98431913501,12.601461295830001,9.25826192998
1,All Population,5,Prevalence,36,Kazakhstan,3,Both,22,All ages,554,Motor neuron disease,3,Rate,2016,2.7779179853300002,3.3134671958499995,2.27423024588
1,All Population,5,Prevalence,28,Solomon Islands,3,Both,22,All ages,554,Motor neuron disease,3,Rate,2015,1.26657177016,1.58833595181,0.9761164498899999
1,All Population,5,Prevalence,126,Costa Rica,3,Both,22,All ages,554,Motor neuron disease,3,Rate,2015,3.4430923495699997,3.9573946245399996,2.90916661615
1,All Population,5,Prevalence,205,Côte d'Ivoire,3,Both,22,All ages,554,Motor neuron disease,3,Rate,2015,1.06847089101,1.3705776381199999,0.80793517754
1,All Population,5,Prevalence,206,Gambia,3,Both,22,All ages,554,Motor neuron disease,3,Rate,2015,1.18663146754,1.523819726,0.9066784944
1,All Population,5,Prevalence,60,Lithuania,3,Both,22,All ages,554,Motor neuron disease,3,Rate,2015,5.7440933865799995,6.5894660688,4.893059167180001
1,All Population,5,Prevalence,33,Armenia,3,Both,22,All ages,554,Motor neuron disease,3,Rate,2015,2.58286212914,3.1282552132399997,2.07729447322
1,All Population,5,Prevalence,173,Gabon,3,Both,22,All ages,554,Motor neuron disease,3,Rate,2015,1.11583685392,1.40115321082,0.8784392381
1,All Population,5,Prevalence,114,Haiti,3,Both,22,All ages,554,Motor neuron disease,3,Rate,2015,1.5830843849799998,1.9545280709100001,1.250260432
1,All Population,5,Prevalence,83,Iceland,3,Both,22,All ages,554,Motor neuron disease,3,Rate,2016,15.04182051055,17.19461817867,12.884495073210001
1,All Population,5,Prevalence,69,Singapore,3,Both,22,All ages,554,Motor neuron disease,3,Rate,2015,3.1713818479399998,3.6608838406099995,2.63653046415
1,All Population,5,Prevalence,374,Niue,3,Both,22,All ages,554,Motor neuron disease,3,Rate,2015,1.9293816159800001,2.27337066766,1.5593524570300001
1,All Population,5,Prevalence,194,Lesotho,3,Both,22,All ages,554,Motor neuron disease,3,Rate,2015,1.56324217909,1.94063955677,1.23046379642
1,All Population,5,Prevalence,27,Samoa,3,Both,22,All ages,554,Motor neuron disease,3,Rate,2016,1.62312894428,1.99340654478,1.2799869716799999
1,All Population,5,Prevalence,298,American Samoa,3,Both,22,All ages,554,Motor neuron disease,3,Rate,2015,1.79088811621,2.1836110028099998,1.40231474825
1,All Population,5,Prevalence,127,El Salvador,3,Both,22,All ages,554,Motor neuron disease,3,Rate,2015,1.86279305678,2.28627353926,1.47169954996
1,All Population,5,Prevalence,161,Bangladesh,3,Both,22,All ages,554,Motor neuron disease,3,Rate,2015,1.4872437806699998,1.84476912491,1.16377245661
1,All Population,5,Prevalence,148,Morocco,3,Both,22,All ages,554,Motor neuron disease,3,Rate,2015,2.33683423187,2.84269939887,1.87911670986
1,All Population,5,Prevalence,170,Congo,3,Both,22,All ages,554,Motor neuron disease,3,Rate,2015,0.99890642881,1.2814056547000001,0.7591042543900001
1,All Population,5,Prevalence,435,South Sudan,3,Both,22,All ages,554,Motor neuron disease,3,Rate,2015,1.05238895873,1.34853165472,0.80567595074
1,All Population,5,Prevalence,207,Ghana,3,Both,22,All ages,554,Motor neuron disease,3,Rate,2015,1.12821156601,1.42944917578,0.86056000636
1,All Population,5,Prevalence,193,Botswana,3,Both,22,All ages,554,Motor neuron disease,3,Rate,2015,1.61513262449,2.01494697351,1.24589593706
1,All Population,5,Prevalence,125,Colombia,3,Both,22,All ages,554,Motor neuron disease,3,Rate,2015,2.28711979489,2.68473366324,1.89802974087
1,All Population,5,Prevalence,85,Israel,3,Both,22,All ages,554,Motor neuron disease,3,Rate,2016,6.95702583107,7.971027927020001,5.97533765652
1,All Population,5,Prevalence,72,New Zealand,3,Both,22,All ages,554,Motor neuron disease,3,Rate,2016,11.79803520902,13.52428418251,10.08839367844
1,All Population,5,Prevalence,196,South Africa,3,Both,22,All ages,554,Motor neuron disease,3,Rate,2015,1.73297234084,2.19535052755,1.32052129731
1,All Population,5,Prevalence,116,Saint Lucia,3,Both,22,All ages,554,Motor neuron disease,3,Rate,2015,2.9455037441300003,3.39559825189,2.46342628046
1,All Population,5,Prevalence,380,Palau,3,Both,22,All ages,554,Motor neuron disease,3,Rate,2015,1.56106161915,1.8825994521699998,1.24890734272
1,All Population,5,Prevalence,94,Switzerland,3,Both,22,All ages,554,Motor neuron disease,3,Rate,2015,14.80274472393,17.05496152788,12.24706350776
1,All Population,5,Prevalence,179,Ethiopia,3,Both,22,All ages,554,Motor neuron disease,3,Rate,2015,1.04251098663,1.3794902921299999,0.76553643349
1,All Population,5,Prevalence,150,Oman,3,Both,22,All ages,554,Motor neuron disease,3,Rate,2015,2.4843371520499997,3.07691634775,1.9400857578500001
1,All Population,5,Prevalence,38,Mongolia,3,Both,22,All ages,554,Motor neuron disease,3,Rate,2016,2.46664192113,2.9768573483,1.98238562651
1,All Population,5,Prevalence,46,Croatia,3,Both,22,All ages,554,Motor neuron disease,3,Rate,2015,4.95358633784,5.7716156229,4.241110942630001
1,All Population,5,Prevalence,163,India,3,Both,22,All ages,554,Motor neuron disease,3,Rate,2015,1.49491728931,1.89550563188,1.13969886382
1,All Population,5,Prevalence,141,Egypt,3,Both,22,All ages,554,Motor neuron disease,3,Rate,2015,2.07404291431,2.53634719628,1.64241775762
1,All Population,5,Prevalence,7,Democratic People's Republic of Korea,3,Both,22,All ages,554,Motor neuron disease,3,Rate,2016,2.30788291389,2.75865012727,1.86647394955
1,All Population,5,Prevalence,49,North Macedonia,3,Both,22,All ages,554,Motor neuron disease,3,Rate,2015,3.07310457979,3.67975068879,2.52450333583
1,All Population,5,Prevalence,198,Zimbabwe,3,Both,22,All ages,554,Motor neuron disease,3,Rate,2015,1.31590080095,1.66060459589,1.01357206304
1,All Population,5,Prevalence,209,Guinea-Bissau,3,Both,22,All ages,554,Motor neuron disease,3,Rate,2015,1.0143676236399999,1.30411158747,0.76146445028
1,All Population,5,Prevalence,41,Uzbekistan,3,Both,22,All ages,554,Motor neuron disease,3,Rate,2016,2.32883011837,2.83763818553,1.82137649966
1,All Population,5,Prevalence,52,Romania,3,Both,22,All ages,554,Motor neuron disease,3,Rate,2016,3.27109175047,3.86976294623,2.71569976844
1,All Population,5,Prevalence,87,Luxembourg,3,Both,22,All ages,554,Motor neuron disease,3,Rate,2016,11.655556473159999,13.494690351120001,10.00080995291
1,All Population,5,Prevalence,78,Denmark,3,Both,22,All ages,554,Motor neuron disease,3,Rate,2015,15.37866480288,17.89782638193,13.07609042853
1,All Population,5,Prevalence,130,Mexico,3,Both,22,All ages,554,Motor neuron disease,3,Rate,2016,2.62285773142,3.09560327642,2.10983710034
1,All Population,5,Prevalence,119,Trinidad and Tobago,3,Both,22,All ages,554,Motor neuron disease,3,Rate,2016,2.57801933846,2.9837148944300003,2.1381209013799998
1,All Population,5,Prevalence,181,Madagascar,3,Both,22,All ages,554,Motor neuron disease,3,Rate,2015,1.27081831986,1.59454608838,0.9809138245500001
1,All Population,5,Prevalence,107,Barbados,3,Both,22,All ages,554,Motor neuron disease,3,Rate,2015,4.18031668265,4.84114708173,3.57477080424
1,All Population,5,Prevalence,99,Uruguay,3,Both,22,All ages,554,Motor neuron disease,3,Rate,2016,6.27161530076,7.15797999209,5.40711365096
1,All Population,5,Prevalence,20,Viet Nam,3,Both,22,All ages,554,Motor neuron disease,3,Rate,2016,1.75304756026,2.14718314397,1.39554868979
1,All Population,5,Prevalence,186,Seychelles,3,Both,22,All ages,554,Motor neuron disease,3,Rate,2015,1.9709369965499999,2.34956505119,1.58983131682
1,All Population,5,Prevalence,66,Brunei Darussalam,3,Both,22,All ages,554,Motor neuron disease,3,Rate,2016,2.1856283695300003,2.6480193508,1.77368405678
1,All Population,5,Prevalence,320,Cook Islands,3,Both,22,All ages,554,Motor neuron disease,3,Rate,2015,2.19570063689,2.64307073291,1.77027196796
1,All Population,5,Prevalence,211,Mali,3,Both,22,All ages,554,Motor neuron disease,3,Rate,2015,1.4872525195500002,1.7930488707,1.19362388815
1,All Population,5,Prevalence,218,Togo,3,Both,22,All ages,554,Motor neuron disease,3,Rate,2015,1.03129583137,1.32039771106,0.7731870003300001
1,All Population,5,Prevalence,54,Slovakia,3,Both,22,All ages,554,Motor neuron disease,3,Rate,2016,3.6999508965600003,4.35659332058,3.05011625439
1,All Population,5,Prevalence,51,Poland,3,Both,22,All ages,554,Motor neuron disease,3,Rate,2016,4.96482803203,5.78413556229,4.22547297111
1,All Population,5,Prevalence,88,Malta,3,Both,22,All ages,554,Motor neuron disease,3,Rate,2016,10.98371745563,12.91200940145,9.4440293434
1,All Population,5,Prevalence,93,Sweden,3,Both,22,All ages,554,Motor neuron disease,3,Rate,2015,20.41899227294,23.60246412113,17.45253394456
1,All Population,5,Prevalence,12,Lao People's Democratic Republic,3,Both,22,All ages,554,Motor neuron disease,3,Rate,2015,1.42961755831,1.7993267302000002,1.12067275416
1,All Population,5,Prevalence,172,Equatorial Guinea,3,Both,22,All ages,554,Motor neuron disease,3,Rate,2015,1.09246837355,1.40329060546,0.82384397561
1,All Population,5,Prevalence,98,Chile,3,Both,22,All ages,554,Motor neuron disease,3,Rate,2016,6.05487835154,6.92232150233,5.23167928412
1,All Population,5,Prevalence,62,Russian Federation,3,Both,22,All ages,554,Motor neuron disease,3,Rate,2015,3.63408459885,4.26303539236,3.008524702
1,All Population,5,Prevalence,17,Sri Lanka,3,Both,22,All ages,554,Motor neuron disease,3,Rate,2015,1.6565230784999998,2.00470107101,1.3071575904900001
1,All Population,5,Prevalence,152,Saudi Arabia,3,Both,22,All ages,554,Motor neuron disease,3,Rate,2015,2.47573375236,3.05191764751,1.9181267315800001
1,All Population,5,Prevalence,40,Turkmenistan,3,Both,22,All ages,554,Motor neuron disease,3,Rate,2016,2.28460859529,2.7622175047699997,1.8024423186099998
1,All Population,5,Prevalence,393,Saint Kitts and Nevis,3,Both,22,All ages,554,Motor neuron disease,3,Rate,2015,2.9597671092,3.42957454731,2.5039475475999997
1,All Population,5,Prevalence,6,China,3,Both,22,All ages,554,Motor neuron disease,3,Rate,2016,2.22545289846,2.71718391473,1.77725729008
1,All Population,5,Prevalence,177,Djibouti,3,Both,22,All ages,554,Motor neuron disease,3,Rate,2016,1.29786297834,1.62661906052,0.9883164714699999
1,All Population,5,Prevalence,351,Guam,3,Both,22,All ages,554,Motor neuron disease,3,Rate,2016,1.9643543212699999,2.3835897626700002,1.59280155653
1,All Population,5,Prevalence,132,Panama,3,Both,22,All ages,554,Motor neuron disease,3,Rate,2016,2.24522732156,2.6526002872100003,1.8666728101
1,All Population,5,Prevalence,68,Republic of Korea,3,Both,22,All ages,554,Motor neuron disease,3,Rate,2016,4.23150479244,5.033681532079999,3.50991721878
1,All Population,5,Prevalence,113,Guyana,3,Both,22,All ages,554,Motor neuron disease,3,Rate,2016,1.74524113819,2.0905162752999997,1.41081825806
1,All Population,5,Prevalence,22,Fiji,3,Both,22,All ages,554,Motor neuron disease,3,Rate,2016,1.678466662,2.0358504002799998,1.3244436738899998
1,All Population,5,Prevalence,112,Grenada,3,Both,22,All ages,554,Motor neuron disease,3,Rate,2016,2.36803883908,2.76516218101,1.9703718930899998
1,All Population,5,Prevalence,200,Benin,3,Both,22,All ages,554,Motor neuron disease,3,Rate,2015,1.05475890627,1.3486728906,0.81339073744
1,All Population,5,Prevalence,75,Austria,3,Both,22,All ages,554,Motor neuron disease,3,Rate,2015,12.1425982183,13.91709304659,10.31658866422
1,All Population,5,Prevalence,67,Japan,3,Both,22,All ages,554,Motor neuron disease,3,Rate,2016,8.78225920712,10.17074259715,7.516225800459999
1,All Population,5,Prevalence,146,Lebanon,3,Both,22,All ages,554,Motor neuron disease,3,Rate,2016,2.9729470774399998,3.56750155751,2.38057310463
1,All Population,5,Prevalence,53,Serbia,3,Both,22,All ages,554,Motor neuron disease,3,Rate,2016,3.22244570718,3.8475077290199997,2.64291520193
1,All Population,5,Prevalence,101,Canada,3,Both,22,All ages,554,Motor neuron disease,3,Rate,2016,17.42262056087,19.68192086442,15.057700912829999
1,All Population,5,Prevalence,143,Iraq,3,Both,22,All ages,554,Motor neuron disease,3,Rate,2016,2.47419150959,3.02069437011,1.98669569727
1,All Population,5,Prevalence,191,Zambia,3,Both,22,All ages,554,Motor neuron disease,3,Rate,2016,1.17783833674,1.5181749654399999,0.90342987114
1,All Population,5,Prevalence,11,Indonesia,3,Both,22,All ages,554,Motor neuron disease,3,Rate,2016,1.2808583148800001,1.6362293108,0.9737494639300001
1,All Population,5,Prevalence,189,United Republic of Tanzania,3,Both,22,All ages,554,Motor neuron disease,3,Rate,2015,1.07617954842,1.38175994415,0.8255958400800001
1,All Population,5,Prevalence,109,Cuba,3,Both,22,All ages,554,Motor neuron disease,3,Rate,2015,3.4842014589,4.00461173623,2.94962103692
1,All Population,5,Prevalence,115,Jamaica,3,Both,22,All ages,554,Motor neuron disease,3,Rate,2016,2.7662564673700003,3.2724881401499997,2.28418835518
1,All Population,5,Prevalence,35,Georgia,3,Both,22,All ages,554,Motor neuron disease,3,Rate,2016,2.62805121273,3.13374593361,2.15553258105
1,All Population,5,Prevalence,154,Tunisia,3,Both,22,All ages,554,Motor neuron disease,3,Rate,2015,2.74757406286,3.28768424908,2.2285473011000003
1,All Population,5,Prevalence,413,Tokelau,3,Both,22,All ages,554,Motor neuron disease,3,Rate,2015,1.5719434440800002,1.93306228858,1.2652676195900001
1,All Population,5,Prevalence,48,Hungary,3,Both,22,All ages,554,Motor neuron disease,3,Rate,2015,4.69677149383,5.37912907654,4.09014602004
1,All Population,5,Prevalence,114,Haiti,3,Both,22,All ages,554,Motor neuron disease,3,Rate,2016,1.58654862944,1.9562443629600001,1.25894064768
1,All Population,5,Prevalence,194,Lesotho,3,Both,22,All ages,554,Motor neuron disease,3,Rate,2016,1.57034583268,1.94539249863,1.23324803737
1,All Population,5,Prevalence,24,Marshall Islands,3,Both,22,All ages,554,Motor neuron disease,3,Rate,2016,1.36897716569,1.71576784015,1.051661492
1,All Population,5,Prevalence,202,Cameroon,3,Both,22,All ages,554,Motor neuron disease,3,Rate,2015,0.99992359216,1.27325820423,0.76737065302
1,All Population,5,Prevalence,117,Saint Vincent and the Grenadines,3,Both,22,All ages,554,Motor neuron disease,3,Rate,2016,2.46172309828,2.88128809565,2.0647748669
1,All Population,5,Prevalence,140,Bahrain,3,Both,22,All ages,554,Motor neuron disease,3,Rate,2015,2.87868512877,3.5695156879899996,2.2784531457
1,All Population,5,Prevalence,179,Ethiopia,3,Both,22,All ages,554,Motor neuron disease,3,Rate,2016,1.05076902672,1.38911114614,0.7730492136499999
1,All Population,5,Prevalence,55,Slovenia,3,Both,22,All ages,554,Motor neuron disease,3,Rate,2016,3.86330739918,4.61423857579,3.1794617768999998
1,All Population,5,Prevalence,69,Singapore,3,Both,22,All ages,554,Motor neuron disease,3,Rate,2016,3.22460646592,3.72918340504,2.6781040896899997
1,All Population,5,Prevalence,8,Taiwan,3,Both,22,All ages,554,Motor neuron disease,3,Rate,2016,3.35856815382,3.85726905274,2.8437754473099996
1,All Population,5,Prevalence,213,Niger,3,Both,22,All ages,554,Motor neuron disease,3,Rate,2015,1.04805461464,1.33707845713,0.8161293847
1,All Population,5,Prevalence,102,United States of America,3,Both,22,All ages,554,Motor neuron disease,3,Rate,2016,11.02555913119,11.82356114619,10.34583376685
1,All Population,5,Prevalence,111,Dominican Republic,3,Both,22,All ages,554,Motor neuron disease,3,Rate,2015,2.43468256953,2.9038719674599998,1.9811456954200002
1,All Population,5,Prevalence,80,France,3,Both,22,All ages,554,Motor neuron disease,3,Rate,2015,15.74289553105,18.24163982923,13.43059225423
1,All Population,5,Prevalence,145,Kuwait,3,Both,22,All ages,554,Motor neuron disease,3,Rate,2016,3.49993817626,4.26558551861,2.74426954378
1,All Population,5,Prevalence,148,Morocco,3,Both,22,All ages,554,Motor neuron disease,3,Rate,2016,2.34370053609,2.8502196770499997,1.8829613418500002
1,All Population,5,Prevalence,183,Mauritius,3,Both,22,All ages,554,Motor neuron disease,3,Rate,2015,2.18873043965,2.61723190533,1.78024348769
1,All Population,5,Prevalence,59,Latvia,3,Both,22,All ages,554,Motor neuron disease,3,Rate,2015,3.8783721226700005,4.45513900982,3.22274813419
1,All Population,5,Prevalence,6,China,3,Both,22,All ages,554,Motor neuron disease,3,Rate,2017,2.24081009479,2.72974036884,1.7938805491199998
1,All Population,5,Prevalence,374,Niue,3,Both,22,All ages,554,Motor neuron disease,3,Rate,2016,1.9333034552200001,2.27353471092,1.5647769790900001
1,All Population,5,Prevalence,169,Central African Republic,3,Both,22,All ages,554,Motor neuron disease,3,Rate,2015,0.87059162784,1.10581914878,0.6599417630200001
1,All Population,5,Prevalence,122,Ecuador,3,Both,22,All ages,554,Motor neuron disease,3,Rate,2015,1.7251835982300001,2.07130960615,1.39109017303
1,All Population,5,Prevalence,206,Gambia,3,Both,22,All ages,554,Motor neuron disease,3,Rate,2016,1.19170947599,1.52856624319,0.91296842874
1,All Population,5,Prevalence,14,Maldives,3,Both,22,All ages,554,Motor neuron disease,3,Rate,2015,1.60859430163,2.01844128761,1.2434096885700001
1,All Population,5,Prevalence,47,Czechia,3,Both,22,All ages,554,Motor neuron disease,3,Rate,2016,4.98398258101,5.77200388691,4.24449749945
1,All Population,5,Prevalence,13,Malaysia,3,Both,22,All ages,554,Motor neuron disease,3,Rate,2016,1.59378234638,1.99027376283,1.25976741305
1,All Population,5,Prevalence,151,Qatar,3,Both,22,All ages,554,Motor neuron disease,3,Rate,2015,3.22064724506,4.07488245934,2.50403136107
1,All Population,5,Prevalence,204,Chad,3,Both,22,All ages,554,Motor neuron disease,3,Rate,2015,1.06164832352,1.36389074356,0.8103405657000001
1,All Population,5,Prevalence,193,Botswana,3,Both,22,All ages,554,Motor neuron disease,3,Rate,2016,1.61909910624,2.01244097954,1.2540888990799999
1,All Population,5,Prevalence,156,United Arab Emirates,3,Both,22,All ages,554,Motor neuron disease,3,Rate,2015,2.98081916655,3.74869441737,2.31332709559
1,All Population,5,Prevalence,422,United States Virgin Islands,3,Both,22,All ages,554,Motor neuron disease,3,Rate,2015,4.99663645676,5.76126705511,4.31727641334
1,All Population,5,Prevalence,95,United Kingdom,3,Both,22,All ages,554,Motor neuron disease,3,Rate,2015,16.29573897729,19.16670556554,13.85813054203
1,All Population,5,Prevalence,8,Taiwan,3,Both,22,All ages,554,Motor neuron disease,3,Rate,2017,3.38681082982,3.89743079979,2.86480199861
1,All Population,5,Prevalence,57,Belarus,3,Both,22,All ages,554,Motor neuron disease,3,Rate,2016,4.59857686254,5.36991483396,3.9163387848499998
1,All Population,5,Prevalence,147,Libya,3,Both,22,All ages,554,Motor neuron disease,3,Rate,2016,2.3307771348,2.8491952771399998,1.82408442892
1,All Population,5,Prevalence,53,Serbia,3,Both,22,All ages,554,Motor neuron disease,3,Rate,2017,3.24742724738,3.8784008216499997,2.67005617777
1,All Population,5,Prevalence,369,Nauru,3,Both,22,All ages,554,Motor neuron disease,3,Rate,2016,1.17651639537,1.48706305199,0.8813424161700001
1,All Population,5,Prevalence,161,Bangladesh,3,Both,22,All ages,554,Motor neuron disease,3,Rate,2016,1.49520908569,1.85527077562,1.17021580115
1,All Population,5,Prevalence,15,Myanmar,3,Both,22,All ages,554,Motor neuron disease,3,Rate,2016,1.48619764642,1.82136843049,1.1667358948700002
1,All Population,5,Prevalence,207,Ghana,3,Both,22,All ages,554,Motor neuron disease,3,Rate,2016,1.13357291978,1.4366603239,0.86518171737
1,All Population,5,Prevalence,82,Greece,3,Both,22,All ages,554,Motor neuron disease,3,Rate,2016,9.6360500811,11.209208623250001,8.26504361771
1,All Population,5,Prevalence,50,Montenegro,3,Both,22,All ages,554,Motor neuron disease,3,Rate,2015,3.22527787232,3.84800621923,2.64808918008
1,All Population,5,Prevalence,81,Germany,3,Both,22,All ages,554,Motor neuron disease,3,Rate,2016,13.98525448808,16.20867845982,11.89102084816
1,All Population,5,Prevalence,71,Australia,3,Both,22,All ages,554,Motor neuron disease,3,Rate,2016,11.85736071287,13.57492569089,10.1876595516
1,All Population,5,Prevalence,196,South Africa,3,Both,22,All ages,554,Motor neuron disease,3,Rate,2016,1.73971853029,2.1954099734200003,1.3245553316
1,All Population,5,Prevalence,37,Kyrgyzstan,3,Both,22,All ages,554,Motor neuron disease,3,Rate,2016,2.26536958184,2.7564161225,1.82321903785
1,All Population,5,Prevalence,142,Iran (Islamic Republic of),3,Both,22,All ages,554,Motor neuron disease,3,Rate,2015,2.8370807830599998,3.4648811923700005,2.1863768652599997
1,All Population,5,Prevalence,127,El Salvador,3,Both,22,All ages,554,Motor neuron disease,3,Rate,2016,1.86941998584,2.28966110983,1.47513434942
1,All Population,5,Prevalence,116,Saint Lucia,3,Both,22,All ages,554,Motor neuron disease,3,Rate,2016,2.9704711957799996,3.41399899532,2.48876192257
1,All Population,5,Prevalence,149,Palestine,3,Both,22,All ages,554,Motor neuron disease,3,Rate,2016,2.52943327259,3.1203656558999997,1.9798558351200002
1,All Population,5,Prevalence,10,Cambodia,3,Both,22,All ages,554,Motor neuron disease,3,Rate,2016,1.31206004729,1.64354145436,1.03085239892
1,All Population,5,Prevalence,385,Puerto Rico,3,Both,22,All ages,554,Motor neuron disease,3,Rate,2015,4.31827685512,4.95326479878,3.65011872386
1,All Population,5,Prevalence,305,Bermuda,3,Both,22,All ages,554,Motor neuron disease,3,Rate,2015,6.332505666069999,7.2319950817,5.438835659
1,All Population,5,Prevalence,49,North Macedonia,3,Both,22,All ages,554,Motor neuron disease,3,Rate,2016,3.07285356585,3.67487881352,2.52336204318
1,All Population,5,Prevalence,185,Rwanda,3,Both,22,All ages,554,Motor neuron disease,3,Rate,2015,0.95360064946,1.23318839189,0.7330999328300001
1,All Population,5,Prevalence,163,India,3,Both,22,All ages,554,Motor neuron disease,3,Rate,2016,1.50419141218,1.90499820142,1.1482110004800001
1,All Population,5,Prevalence,380,Palau,3,Both,22,All ages,554,Motor neuron disease,3,Rate,2016,1.56684437893,1.88752081533,1.25192576519
1,All Population,5,Prevalence,23,Kiribati,3,Both,22,All ages,554,Motor neuron disease,3,Rate,2016,1.29766048648,1.58265368397,1.03421150742
1,All Population,5,Prevalence,26,Papua New Guinea,3,Both,22,All ages,554,Motor neuron disease,3,Rate,2016,1.18139785042,1.48423433776,0.9145928643600001
1,All Population,5,Prevalence,215,Sao Tome and Principe,3,Both,22,All ages,554,Motor neuron disease,3,Rate,2015,1.19893218332,1.47306960611,0.94788514923
1,All Population,5,Prevalence,60,Lithuania,3,Both,22,All ages,554,Motor neuron disease,3,Rate,2016,5.80996680876,6.66277221699,4.952470250999999
1,All Population,5,Prevalence,61,Republic of Moldova,3,Both,22,All ages,554,Motor neuron disease,3,Rate,2015,2.74581357008,3.25234627396,2.24892452984
1,All Population,5,Prevalence,84,Ireland,3,Both,22,All ages,554,Motor neuron disease,3,Rate,2016,16.70778201913,19.26853243057,14.393901310650001
1,All Population,5,Prevalence,153,Syrian Arab Republic,3,Both,22,All ages,554,Motor neuron disease,3,Rate,2015,2.5441973972,3.08125474928,2.04372296122
1,All Population,5,Prevalence,208,Guinea,3,Both,22,All ages,554,Motor neuron disease,3,Rate,2016,1.010010702,1.28845791856,0.76531864536
1,All Population,5,Prevalence,106,Bahamas,3,Both,22,All ages,554,Motor neuron disease,3,Rate,2015,3.16466314142,3.7196091747400004,2.6252807097799997
1,All Population,5,Prevalence,195,Namibia,3,Both,22,All ages,554,Motor neuron disease,3,Rate,2016,1.57456825838,1.99860849865,1.22906094101
1,All Population,5,Prevalence,135,Brazil,3,Both,22,All ages,554,Motor neuron disease,3,Rate,2015,2.88631497166,3.3693213773,2.39701164641
1,All Population,5,Prevalence,94,Switzerland,3,Both,22,All ages,554,Motor neuron disease,3,Rate,2016,14.92891169694,17.13678096302,12.42326596691
1,All Population,5,Prevalence,10,Cambodia,3,Both,22,All ages,554,Motor neuron disease,3,Rate,2017,1.3216313113,1.65028975082,1.03804710616
1,All Population,5,Prevalence,55,Slovenia,3,Both,22,All ages,554,Motor neuron disease,3,Rate,2017,3.89494726734,4.64500632486,3.2038473863400005
1,All Population,5,Prevalence,129,Honduras,3,Both,22,All ages,554,Motor neuron disease,3,Rate,2016,1.9170821195499999,2.31845282183,1.53505002531
1,All Population,5,Prevalence,150,Oman,3,Both,22,All ages,554,Motor neuron disease,3,Rate,2016,2.48860480462,3.08095100996,1.94762841755
1,All Population,5,Prevalence,376,Northern Mariana Islands,3,Both,22,All ages,554,Motor neuron disease,3,Rate,2016,1.98013345772,2.40083821588,1.56820877249
1,All Population,5,Prevalence,66,Brunei Darussalam,3,Both,22,All ages,554,Motor neuron disease,3,Rate,2017,2.21504228019,2.6738934423200003,1.7952651718300001
1,All Population,5,Prevalence,118,Suriname,3,Both,22,All ages,554,Motor neuron disease,3,Rate,2016,2.07404989494,2.43025174869,1.7080433172500002
1,All Population,5,Prevalence,39,Tajikistan,3,Both,22,All ages,554,Motor neuron disease,3,Rate,2016,2.06589917129,2.53356790272,1.62910586777
1,All Population,5,Prevalence,17,Sri Lanka,3,Both,22,All ages,554,Motor neuron disease,3,Rate,2016,1.66357120114,2.00468041322,1.31062682069
1,All Population,5,Prevalence,182,Malawi,3,Both,22,All ages,554,Motor neuron disease,3,Rate,2015,1.10970643906,1.41445730602,0.84788982076
1,All Population,5,Prevalence,28,Solomon Islands,3,Both,22,All ages,554,Motor neuron disease,3,Rate,2016,1.2686725190300001,1.5943363603799998,0.9790225648800001
1,All Population,5,Prevalence,86,Italy,3,Both,22,All ages,554,Motor neuron disease,3,Rate,2016,14.21391133068,16.53943393815,12.244105131560001
1,All Population,5,Prevalence,165,Pakistan,3,Both,22,All ages,554,Motor neuron disease,3,Rate,2016,1.5347650129700001,1.95129411501,1.16509619645
1,All Population,5,Prevalence,396,San Marino,3,Both,22,All ages,554,Motor neuron disease,3,Rate,2015,7.16368041252,8.69424218837,5.87524041956
1,All Population,5,Prevalence,141,Egypt,3,Both,22,All ages,554,Motor neuron disease,3,Rate,2016,2.08001074745,2.5409669564099997,1.64369109578
1,All Population,5,Prevalence,209,Guinea-Bissau,3,Both,22,All ages,554,Motor neuron disease,3,Rate,2016,1.01797829963,1.3069624643600002,0.7668952539699999
1,All Population,5,Prevalence,349,Greenland,3,Both,22,All ages,554,Motor neuron disease,3,Rate,2015,9.22270191796,10.71844810724,7.82636065472
1,All Population,5,Prevalence,62,Russian Federation,3,Both,22,All ages,554,Motor neuron disease,3,Rate,2016,3.6596864459300003,4.29432735956,3.04094594007
1,All Population,5,Prevalence,217,Sierra Leone,3,Both,22,All ages,554,Motor neuron disease,3,Rate,2015,1.00171095915,1.2869765403,0.75992921382
1,All Population,5,Prevalence,33,Armenia,3,Both,22,All ages,554,Motor neuron disease,3,Rate,2016,2.5878989999399997,3.12788683561,2.07571599439
1,All Population,5,Prevalence,108,Belize,3,Both,22,All ages,554,Motor neuron disease,3,Rate,2015,2.20283684344,2.63383902996,1.7397356257599998
1,All Population,5,Prevalence,201,Burkina Faso,3,Both,22,All ages,554,Motor neuron disease,3,Rate,2015,1.0376358421699998,1.31569215979,0.8086914437599999
1,All Population,5,Prevalence,187,Somalia,3,Both,22,All ages,554,Motor neuron disease,3,Rate,2015,0.8158152271,1.05507563198,0.62260214779
1,All Population,5,Prevalence,107,Barbados,3,Both,22,All ages,554,Motor neuron disease,3,Rate,2016,4.2245883828199995,4.87611851698,3.61838999174
1,All Population,5,Prevalence,30,Vanuatu,3,Both,22,All ages,554,Motor neuron disease,3,Rate,2016,1.48427458565,1.8122434744300002,1.15634567622
1,All Population,5,Prevalence,131,Nicaragua,3,Both,22,All ages,554,Motor neuron disease,3,Rate,2016,1.8656100360399999,2.2963019989099998,1.46701426648
1,All Population,5,Prevalence,97,Argentina,3,Both,22,All ages,554,Motor neuron disease,3,Rate,2016,4.78478869627,5.45160313728,4.08458150951
1,All Population,5,Prevalence,176,Comoros,3,Both,22,All ages,554,Motor neuron disease,3,Rate,2016,1.28120853723,1.61339523153,0.9972030305
1,All Population,5,Prevalence,75,Austria,3,Both,22,All ages,554,Motor neuron disease,3,Rate,2016,12.25154585389,13.980877347580002,10.4693127274
1,All Population,5,Prevalence,23,Kiribati,3,Both,22,All ages,554,Motor neuron disease,3,Rate,2017,1.30643011734,1.59281743507,1.0456736103
1,All Population,5,Prevalence,214,Nigeria,3,Both,22,All ages,554,Motor neuron disease,3,Rate,2015,1.07800499881,1.40617188437,0.79855543394
1,All Population,5,Prevalence,189,United Republic of Tanzania,3,Both,22,All ages,554,Motor neuron disease,3,Rate,2016,1.08050971917,1.38641429305,0.8296007205299999
1,All Population,5,Prevalence,155,Türkiye,3,Both,22,All ages,554,Motor neuron disease,3,Rate,2015,4.04711715029,4.65297557044,3.47417537107
1,All Population,5,Prevalence,211,Mali,3,Both,22,All ages,554,Motor neuron disease,3,Rate,2016,1.4902223781900001,1.7915652292700002,1.1988561918
1,All Population,5,Prevalence,19,Timor-Leste,3,Both,22,All ages,554,Motor neuron disease,3,Rate,2016,1.30122994939,1.63703837067,1.00455873557
1,All Population,5,Prevalence,416,Tuvalu,3,Both,22,All ages,554,Motor neuron disease,3,Rate,2015,1.26044349994,1.56182149777,0.98006527111
1,All Population,5,Prevalence,11,Indonesia,3,Both,22,All ages,554,Motor neuron disease,3,Rate,2017,1.29392104008,1.65503861343,0.98465663248
1,All Population,5,Prevalence,144,Jordan,3,Both,22,All ages,554,Motor neuron disease,3,Rate,2016,2.7099996869900003,3.30362149495,2.1434909536599998
1,All Population,5,Prevalence,190,Uganda,3,Both,22,All ages,554,Motor neuron disease,3,Rate,2016,0.92896544104,1.19643043091,0.70365276014
1,All Population,5,Prevalence,80,France,3,Both,22,All ages,554,Motor neuron disease,3,Rate,2016,15.940080963480002,18.4032726623,13.67023707007
1,All Population,5,Prevalence,154,Tunisia,3,Both,22,All ages,554,Motor neuron disease,3,Rate,2016,2.75009434001,3.29494265593,2.219299086
1,All Population,5,Prevalence,46,Croatia,3,Both,22,All ages,554,Motor neuron disease,3,Rate,2016,4.994179465309999,5.83753277913,4.2850242098499995
1,All Population,5,Prevalence,213,Niger,3,Both,22,All ages,554,Motor neuron disease,3,Rate,2016,1.05156398149,1.33539602073,0.82091071736
1,All Population,5,Prevalence,77,Cyprus,3,Both,22,All ages,554,Motor neuron disease,3,Rate,2016,7.4991619372,8.71944552382,6.365862807819999
1,All Population,5,Prevalence,202,Cameroon,3,Both,22,All ages,554,Motor neuron disease,3,Rate,2016,1.00370161248,1.2811377183700001,0.76991469607
1,All Population,5,Prevalence,522,Sudan,3,Both,22,All ages,554,Motor neuron disease,3,Rate,2015,1.52293309671,1.87071282461,1.18803784658
1,All Population,5,Prevalence,203,Cabo Verde,3,Both,22,All ages,554,Motor neuron disease,3,Rate,2015,1.5983031891700001,1.9729279574099998,1.2551357223400001
1,All Population,5,Prevalence,133,Venezuela (Bolivarian Republic of),3,Both,22,All ages,554,Motor neuron disease,3,Rate,2016,2.06550745576,2.4459457690899997,1.69004366654
1,All Population,5,Prevalence,122,Ecuador,3,Both,22,All ages,554,Motor neuron disease,3,Rate,2016,1.74284882466,2.08399501321,1.41260059374
1,All Population,5,Prevalence,35,Georgia,3,Both,22,All ages,554,Motor neuron disease,3,Rate,2017,2.643138822,3.1497346530700003,2.17015155922
1,All Population,5,Prevalence,178,Eritrea,3,Both,22,All ages,554,Motor neuron disease,3,Rate,2016,1.22134000572,1.55064250407,0.9417876907200001
1,All Population,5,Prevalence,59,Latvia,3,Both,22,All ages,554,Motor neuron disease,3,Rate,2016,3.89804437423,4.48860250447,3.25654496209
1,All Population,5,Prevalence,69,Singapore,3,Both,22,All ages,554,Motor neuron disease,3,Rate,2017,3.28645590818,3.8077904938100002,2.73343882515
1,All Population,5,Prevalence,12,Lao People's Democratic Republic,3,Both,22,All ages,554,Motor neuron disease,3,Rate,2016,1.4364354268,1.80874249376,1.12837741984
1,All Population,5,Prevalence,156,United Arab Emirates,3,Both,22,All ages,554,Motor neuron disease,3,Rate,2016,2.96878088419,3.70006073737,2.284541024
1,All Population,5,Prevalence,93,Sweden,3,Both,22,All ages,554,Motor neuron disease,3,Rate,2016,20.32831810804,23.41493742197,17.39198890632
1,All Population,5,Prevalence,57,Belarus,3,Both,22,All ages,554,Motor neuron disease,3,Rate,2017,4.62840040008,5.40293496783,3.94113077582
1,All Population,5,Prevalence,109,Cuba,3,Both,22,All ages,554,Motor neuron disease,3,Rate,2016,3.51209250655,4.02990440392,2.97019790737
1,All Population,5,Prevalence,24,Marshall Islands,3,Both,22,All ages,554,Motor neuron disease,3,Rate,2017,1.3736006724999998,1.71441421031,1.0556665299299999
1,All Population,5,Prevalence,422,United States Virgin Islands,3,Both,22,All ages,554,Motor neuron disease,3,Rate,2016,5.07160343259,5.87835836704,4.37445757839
1,All Population,5,Prevalence,48,Hungary,3,Both,22,All ages,554,Motor neuron disease,3,Rate,2016,4.72090856261,5.381204610479999,4.1196757757
1,All Population,5,Prevalence,43,Albania,3,Both,22,All ages,554,Motor neuron disease,3,Rate,2016,2.92088630822,3.4621008248,2.42732580088
1,All Population,5,Prevalence,210,Liberia,3,Both,22,All ages,554,Motor neuron disease,3,Rate,2016,0.9848911422,1.25746151463,0.74718965248
1,All Population,5,Prevalence,79,Finland,3,Both,22,All ages,554,Motor neuron disease,3,Rate,2016,18.02092653563,21.21712610794,15.227219884160002
1,All Population,5,Prevalence,215,Sao Tome and Principe,3,Both,22,All ages,554,Motor neuron disease,3,Rate,2016,1.21049244617,1.4858377686,0.9574193544899999
1,All Population,5,Prevalence,204,Chad,3,Both,22,All ages,554,Motor neuron disease,3,Rate,2016,1.06453458882,1.36915395367,0.81450626632
1,All Population,5,Prevalence,37,Kyrgyzstan,3,Both,22,All ages,554,Motor neuron disease,3,Rate,2017,2.27353041723,2.75678037569,1.8239578229200002
1,All Population,5,Prevalence,71,Australia,3,Both,22,All ages,554,Motor neuron disease,3,Rate,2017,12.03153962184,13.85091285633,10.28984002597
1,All Population,5,Prevalence,160,Afghanistan,3,Both,22,All ages,554,Motor neuron disease,3,Rate,2016,1.73832277962,2.16255164927,1.3400810171800002
1,All Population,5,Prevalence,169,Central African Republic,3,Both,22,All ages,554,Motor neuron disease,3,Rate,2016,0.87127693181,1.10628152015,0.6610805265299999
1,All Population,5,Prevalence,151,Qatar,3,Both,22,All ages,554,Motor neuron disease,3,Rate,2016,3.22533433049,4.07930879496,2.51895955007
1,All Population,5,Prevalence,82,Greece,3,Both,22,All ages,554,Motor neuron disease,3,Rate,2017,9.762842931369999,11.37110667658,8.3447402796
1,All Population,5,Prevalence,106,Bahamas,3,Both,22,All ages,554,Motor neuron disease,3,Rate,2016,3.1772951188899996,3.7155057156,2.64818964022
1,All Population,5,Prevalence,34,Azerbaijan,3,Both,22,All ages,554,Motor neuron disease,3,Rate,2016,2.43380945532,2.93871870303,1.92823367842
1,All Population,5,Prevalence,95,United Kingdom,3,Both,22,All ages,554,Motor neuron disease,3,Rate,2016,16.47457376486,19.37373473656,14.009398036419999
1,All Population,5,Prevalence,180,Kenya,3,Both,22,All ages,554,Motor neuron disease,3,Rate,2016,1.09561418916,1.44555491394,0.80438957901
1,All Population,5,Prevalence,111,Dominican Republic,3,Both,22,All ages,554,Motor neuron disease,3,Rate,2016,2.4524490064499997,2.9028402192400002,2.0032998168000002
1,All Population,5,Prevalence,135,Brazil,3,Both,22,All ages,554,Motor neuron disease,3,Rate,2016,2.9108750979,3.3937142316299997,2.42019171409
1,All Population,5,Prevalence,68,Republic of Korea,3,Both,22,All ages,554,Motor neuron disease,3,Rate,2017,4.30362985832,5.143619473599999,3.5642801349699997
1,All Population,5,Prevalence,435,South Sudan,3,Both,22,All ages,554,Motor neuron disease,3,Rate,2016,1.05438267275,1.34527050071,0.8054382131400001
1,All Population,5,Prevalence,205,Côte d'Ivoire,3,Both,22,All ages,554,Motor neuron disease,3,Rate,2016,1.07379420061,1.37378386672,0.80820217575
1,All Population,5,Prevalence,45,Bulgaria,3,Both,22,All ages,554,Motor neuron disease,3,Rate,2016,2.95977906612,3.5320708696999996,2.41575128063
1,All Population,5,Prevalence,61,Republic of Moldova,3,Both,22,All ages,554,Motor neuron disease,3,Rate,2016,2.75123615631,3.25256921712,2.25587732357
1,All Population,5,Prevalence,14,Maldives,3,Both,22,All ages,554,Motor neuron disease,3,Rate,2016,1.6185993999100001,2.02288616869,1.25091362055
1,All Population,5,Prevalence,217,Sierra Leone,3,Both,22,All ages,554,Motor neuron disease,3,Rate,2016,1.00703290115,1.292770468,0.76894576527
1,All Population,5,Prevalence,39,Tajikistan,3,Both,22,All ages,554,Motor neuron disease,3,Rate,2017,2.07302383803,2.53183755801,1.63842820933
1,All Population,5,Prevalence,367,Monaco,3,Both,22,All ages,554,Motor neuron disease,3,Rate,2016,9.50955886623,11.36340222349,7.9934853287
1,All Population,5,Prevalence,140,Bahrain,3,Both,22,All ages,554,Motor neuron disease,3,Rate,2016,2.87305344755,3.5506458879100005,2.27395014472
1,All Population,5,Prevalence,187,Somalia,3,Both,22,All ages,554,Motor neuron disease,3,Rate,2016,0.81788729458,1.0512307281500002,0.6217337962299999
1,All Population,5,Prevalence,26,Papua New Guinea,3,Both,22,All ages,554,Motor neuron disease,3,Rate,2017,1.1871476364,1.49232753841,0.92149452933
1,All Population,5,Prevalence,197,Eswatini,3,Both,22,All ages,554,Motor neuron disease,3,Rate,2016,1.59021365716,1.98185425729,1.24307607158
1,All Population,5,Prevalence,182,Malawi,3,Both,22,All ages,554,Motor neuron disease,3,Rate,2016,1.11625889423,1.42247853193,0.85720432682
1,All Population,5,Prevalence,84,Ireland,3,Both,22,All ages,554,Motor neuron disease,3,Rate,2017,17.09607529119,19.72261132878,14.65383127119
1,All Population,5,Prevalence,50,Montenegro,3,Both,22,All ages,554,Motor neuron disease,3,Rate,2016,3.23442965879,3.84975711355,2.65086738366
1,All Population,5,Prevalence,58,Estonia,3,Both,22,All ages,554,Motor neuron disease,3,Rate,2016,3.9597415963,4.56125532325,3.27375947575
1,All Population,5,Prevalence,153,Syrian Arab Republic,3,Both,22,All ages,554,Motor neuron disease,3,Rate,2016,2.54142383946,3.06197125936,2.05474362228
1,All Population,5,Prevalence,7,Democratic People's Republic of Korea,3,Both,22,All ages,554,Motor neuron disease,3,Rate,2017,2.3208632272,2.7753637768400004,1.88550652823
1,All Population,5,Prevalence,90,Norway,3,Both,22,All ages,554,Motor neuron disease,3,Rate,2016,15.97876070818,18.61944915711,13.791887087940001
1,All Population,5,Prevalence,41,Uzbekistan,3,Both,22,All ages,554,Motor neuron disease,3,Rate,2017,2.33658989696,2.8442624270900003,1.8340116150599999
1,All Population,5,Prevalence,396,San Marino,3,Both,22,All ages,554,Motor neuron disease,3,Rate,2016,7.25254711847,8.78571504016,5.95757533325
1,All Population,5,Prevalence,97,Argentina,3,Both,22,All ages,554,Motor neuron disease,3,Rate,2017,4.83767166015,5.53191034625,4.11123902822
1,All Population,5,Prevalence,126,Costa Rica,3,Both,22,All ages,554,Motor neuron disease,3,Rate,2016,3.49460979983,4.01287805359,2.96413016341
1,All Population,5,Prevalence,52,Romania,3,Both,22,All ages,554,Motor neuron disease,3,Rate,2017,3.2927376972099998,3.8961263485099997,2.7303283968
1,All Population,5,Prevalence,108,Belize,3,Both,22,All ages,554,Motor neuron disease,3,Rate,2016,2.21044171527,2.63918407239,1.7443725290699998
1,All Population,5,Prevalence,171,Democratic Republic of the Congo,3,Both,22,All ages,554,Motor neuron disease,3,Rate,2016,0.89674505184,1.14067544264,0.67512951363
1,All Population,5,Prevalence,63,Ukraine,3,Both,22,All ages,554,Motor neuron disease,3,Rate,2016,2.82810234957,3.34475884975,2.28546394968
1,All Population,5,Prevalence,29,Tonga,3,Both,22,All ages,554,Motor neuron disease,3,Rate,2016,1.8562157311,2.27553045733,1.4545071621499999
1,All Population,5,Prevalence,142,Iran (Islamic Republic of),3,Both,22,All ages,554,Motor neuron disease,3,Rate,2016,2.83910249782,3.4628923404200003,2.19482272067
1,All Population,5,Prevalence,121,Bolivia (Plurinational State of),3,Both,22,All ages,554,Motor neuron disease,3,Rate,2016,1.90917044103,2.27109972872,1.55569446261
1,All Population,5,Prevalence,16,Philippines,3,Both,22,All ages,554,Motor neuron disease,3,Rate,2016,1.42199678577,1.81614047071,1.0775249014800001
1,All Population,5,Prevalence,349,Greenland,3,Both,22,All ages,554,Motor neuron disease,3,Rate,2016,9.33023336826,10.82415957335,7.93978641967
1,All Population,5,Prevalence,128,Guatemala,3,Both,22,All ages,554,Motor neuron disease,3,Rate,2016,1.7062093474099997,2.10814830888,1.34515898807
1,All Population,5,Prevalence,201,Burkina Faso,3,Both,22,All ages,554,Motor neuron disease,3,Rate,2016,1.04131503142,1.31615516768,0.80714464377
1,All Population,5,Prevalence,74,Andorra,3,Both,22,All ages,554,Motor neuron disease,3,Rate,2016,14.80298989765,17.46334959983,12.72222189695
1,All Population,5,Prevalence,168,Angola,3,Both,22,All ages,554,Motor neuron disease,3,Rate,2016,1.15589192323,1.4634416806800001,0.88420028732
1,All Population,5,Prevalence,86,Italy,3,Both,22,All ages,554,Motor neuron disease,3,Rate,2017,14.42509087776,16.80516030825,12.419429464559999
1,All Population,5,Prevalence,110,Dominica,3,Both,22,All ages,554,Motor neuron disease,3,Rate,2016,3.0712188302500003,3.5469806209400003,2.64084872515
1,All Population,5,Prevalence,173,Gabon,3,Both,22,All ages,554,Motor neuron disease,3,Rate,2016,1.1186559194899999,1.40024816635,0.88151360387
1,All Population,5,Prevalence,139,Algeria,3,Both,22,All ages,554,Motor neuron disease,3,Rate,2016,2.39295871692,2.89205963806,1.92025236368
1,All Population,5,Prevalence,298,American Samoa,3,Both,22,All ages,554,Motor neuron disease,3,Rate,2016,1.79065679539,2.1899665175200003,1.4049365469700001
1,All Population,5,Prevalence,92,Spain,3,Both,22,All ages,554,Motor neuron disease,3,Rate,2016,12.1826630009,14.06224508597,10.432376592279999
1,All Population,5,Prevalence,105,Antigua and Barbuda,3,Both,22,All ages,554,Motor neuron disease,3,Rate,2016,2.97895780064,3.5038009416500002,2.49883262512
1,All Population,5,Prevalence,416,Tuvalu,3,Both,22,All ages,554,Motor neuron disease,3,Rate,2016,1.26332911313,1.56146963568,0.98678263731
1,All Population,5,Prevalence,25,Micronesia (Federated States of),3,Both,22,All ages,554,Motor neuron disease,3,Rate,2017,1.33214814392,1.6591168039,1.02632763489
1,All Population,5,Prevalence,175,Burundi,3,Both,22,All ages,554,Motor neuron disease,3,Rate,2016,0.89974530132,1.15801823193,0.68100329607
1,All Population,5,Prevalence,36,Kazakhstan,3,Both,22,All ages,554,Motor neuron disease,3,Rate,2017,2.78362492254,3.3214232587300003,2.28871375807
1,All Population,5,Prevalence,155,Türkiye,3,Both,22,All ages,554,Motor neuron disease,3,Rate,2016,4.07704802663,4.691966535770001,3.49116864368
1,All Population,5,Prevalence,184,Mozambique,3,Both,22,All ages,554,Motor neuron disease,3,Rate,2016,1.1824185304100001,1.49194007505,0.91126358341
1,All Population,5,Prevalence,99,Uruguay,3,Both,22,All ages,554,Motor neuron disease,3,Rate,2017,6.36079059611,7.2464372874,5.50459420057
1,All Population,5,Prevalence,123,Peru,3,Both,22,All ages,554,Motor neuron disease,3,Rate,2016,1.7949490621100002,2.15257606818,1.43524991414
1,All Population,5,Prevalence,54,Slovakia,3,Both,22,All ages,554,Motor neuron disease,3,Rate,2017,3.71850897971,4.3697834232799995,3.06300647073
1,All Population,5,Prevalence,170,Congo,3,Both,22,All ages,554,Motor neuron disease,3,Rate,2016,1.00135343036,1.2851114205,0.76078391912
1,All Population,5,Prevalence,81,Germany,3,Both,22,All ages,554,Motor neuron disease,3,Rate,2017,14.1291289806,16.3087298907,12.08053867484
1,All Population,5,Prevalence,212,Mauritania,3,Both,22,All ages,554,Motor neuron disease,3,Rate,2016,1.39291544048,1.73250642811,1.09439362396
1,All Population,5,Prevalence,162,Bhutan,3,Both,22,All ages,554,Motor neuron disease,3,Rate,2016,1.77930791145,2.21649872696,1.38656023046
1,All Population,5,Prevalence,76,Belgium,3,Both,22,All ages,554,Motor neuron disease,3,Rate,2016,15.12113536791,17.560295862809998,13.096949431170001
1,All Population,5,Prevalence,20,Viet Nam,3,Both,22,All ages,554,Motor neuron disease,3,Rate,2017,1.7641883875500002,2.15155962665,1.4135251735399998
1,All Population,5,Prevalence,214,Nigeria,3,Both,22,All ages,554,Motor neuron disease,3,Rate,2016,1.0820320429599999,1.41129016692,0.80105301887
1,All Population,5,Prevalence,44,Bosnia and Herzegovina,3,Both,22,All ages,554,Motor neuron disease,3,Rate,2016,3.3903632263500003,4.09270442233,2.77187874946
1,All Population,5,Prevalence,203,Cabo Verde,3,Both,22,All ages,554,Motor neuron disease,3,Rate,2016,1.6053440830799999,1.9838943331399999,1.2586398138500001
1,All Population,5,Prevalence,30,Vanuatu,3,Both,22,All ages,554,Motor neuron disease,3,Rate,2017,1.4889671748,1.81158285503,1.15934018029
1,All Population,5,Prevalence,18,Thailand,3,Both,22,All ages,554,Motor neuron disease,3,Rate,2016,1.7873684505699998,2.19392391816,1.42896841379
1,All Population,5,Prevalence,125,Colombia,3,Both,22,All ages,554,Motor neuron disease,3,Rate,2016,2.31120807371,2.6972418510200002,1.9265096876499999
1,All Population,5,Prevalence,88,Malta,3,Both,22,All ages,554,Motor neuron disease,3,Rate,2017,11.08876243612,12.83851600564,9.57782752282
1,All Population,5,Prevalence,157,Yemen,3,Both,22,All ages,554,Motor neuron disease,3,Rate,2016,1.50941937543,1.86040378324,1.15668022938
1,All Population,5,Prevalence,172,Equatorial Guinea,3,Both,22,All ages,554,Motor neuron disease,3,Rate,2016,1.0976977238499999,1.4106735694699999,0.8295817225500001
1,All Population,5,Prevalence,522,Sudan,3,Both,22,All ages,554,Motor neuron disease,3,Rate,2016,1.5289982321700002,1.87828185609,1.190830692
1,All Population,5,Prevalence,198,Zimbabwe,3,Both,22,All ages,554,Motor neuron disease,3,Rate,2016,1.32039003147,1.66789557283,1.02414640287
1,All Population,5,Prevalence,136,Paraguay,3,Both,22,All ages,554,Motor neuron disease,3,Rate,2016,2.56544163691,3.06277376624,2.0654820636899998
1,All Population,5,Prevalence,89,Netherlands,3,Both,22,All ages,554,Motor neuron disease,3,Rate,2016,17.905052454,20.57230124708,15.39252587923
1,All Population,5,Prevalence,78,Denmark,3,Both,22,All ages,554,Motor neuron disease,3,Rate,2016,15.55311825668,18.04943428127,13.283314047200001
1,All Population,5,Prevalence,216,Senegal,3,Both,22,All ages,554,Motor neuron disease,3,Rate,2016,1.22499061199,1.5463239871899999,0.93773091042
1,All Population,5,Prevalence,186,Seychelles,3,Both,22,All ages,554,Motor neuron disease,3,Rate,2016,1.9815587161200001,2.34263929432,1.60647864879
1,All Population,5,Prevalence,19,Timor-Leste,3,Both,22,All ages,554,Motor neuron disease,3,Rate,2017,1.30747203176,1.64572201023,1.00651148796
1,All Population,5,Prevalence,38,Mongolia,3,Both,22,All ages,554,Motor neuron disease,3,Rate,2017,2.47335602796,2.97136664583,1.9831793684899999
1,All Population,5,Prevalence,101,Canada,3,Both,22,All ages,554,Motor neuron disease,3,Rate,2017,17.72476374163,20.06426910563,15.299042762289998
1,All Population,5,Prevalence,320,Cook Islands,3,Both,22,All ages,554,Motor neuron disease,3,Rate,2016,2.1984613366600003,2.64376519114,1.77801185839
1,All Population,5,Prevalence,393,Saint Kitts and Nevis,3,Both,22,All ages,554,Motor neuron disease,3,Rate,2016,2.98868190392,3.44674809784,2.5417074781399998
1,All Population,5,Prevalence,91,Portugal,3,Both,22,All ages,554,Motor neuron disease,3,Rate,2016,11.14745417244,12.811458560070001,9.48409736223
1,All Population,5,Prevalence,22,Fiji,3,Both,22,All ages,554,Motor neuron disease,3,Rate,2017,1.68719005613,2.0471702358,1.32851826715
1,All Population,5,Prevalence,200,Benin,3,Both,22,All ages,554,Motor neuron disease,3,Rate,2016,1.05889874677,1.3572137042499999,0.8148947197
1,All Population,5,Prevalence,181,Madagascar,3,Both,22,All ages,554,Motor neuron disease,3,Rate,2016,1.27622382393,1.60384052292,0.9851607169300001
1,All Population,5,Prevalence,27,Samoa,3,Both,22,All ages,554,Motor neuron disease,3,Rate,2017,1.62789514441,1.99429266107,1.28355395117
1,All Population,5,Prevalence,43,Albania,3,Both,22,All ages,554,Motor neuron disease,3,Rate,2017,2.9468620167900004,3.49584085137,2.44937432467
1,All Population,5,Prevalence,164,Nepal,3,Both,22,All ages,554,Motor neuron disease,3,Rate,2016,1.59292225427,1.95683109034,1.23940055695
1,All Population,5,Prevalence,218,Togo,3,Both,22,All ages,554,Motor neuron disease,3,Rate,2016,1.03560233167,1.3250506537,0.7797542891200001
1,All Population,5,Prevalence,77,Cyprus,3,Both,22,All ages,554,Motor neuron disease,3,Rate,2017,7.73760788338,8.9464227712,6.641204232830001
1,All Population,5,Prevalence,152,Saudi Arabia,3,Both,22,All ages,554,Motor neuron disease,3,Rate,2016,2.48022805501,3.04983737025,1.9264757277899998
1,All Population,5,Prevalence,34,Azerbaijan,3,Both,22,All ages,554,Motor neuron disease,3,Rate,2017,2.44229380234,2.9563744443799997,1.93007244431
1,All Population,5,Prevalence,72,New Zealand,3,Both,22,All ages,554,Motor neuron disease,3,Rate,2017,11.93981419262,13.698669137269999,10.264291512949999
1,All Population,5,Prevalence,90,Norway,3,Both,22,All ages,554,Motor neuron disease,3,Rate,2017,16.30415461234,18.988048936960002,14.063147507839998
1,All Population,5,Prevalence,83,Iceland,3,Both,22,All ages,554,Motor neuron disease,3,Rate,2017,15.192340096190001,17.37705548265,12.995438229549999
1,All Population,5,Prevalence,13,Malaysia,3,Both,22,All ages,554,Motor neuron disease,3,Rate,2017,1.6035163418399998,1.99597143615,1.27011184322
1,All Population,5,Prevalence,67,Japan,3,Both,22,All ages,554,Motor neuron disease,3,Rate,2017,8.87517184358,10.266007931399999,7.59308866492
1,All Population,5,Prevalence,413,Tokelau,3,Both,22,All ages,554,Motor neuron disease,3,Rate,2016,1.57658685796,1.9333822569,1.26581912928
1,All Population,5,Prevalence,79,Finland,3,Both,22,All ages,554,Motor neuron disease,3,Rate,2017,18.05113899924,21.06719617757,15.28534492617
1,All Population,5,Prevalence,385,Puerto Rico,3,Both,22,All ages,554,Motor neuron disease,3,Rate,2016,4.388705665420001,5.03725874206,3.71986989306
1,All Population,5,Prevalence,183,Mauritius,3,Both,22,All ages,554,Motor neuron disease,3,Rate,2016,2.19931588932,2.62446937416,1.79661751809
1,All Population,5,Prevalence,45,Bulgaria,3,Both,22,All ages,554,Motor neuron disease,3,Rate,2017,2.98148768805,3.5471491364300003,2.44666895207
1,All Population,5,Prevalence,92,Spain,3,Both,22,All ages,554,Motor neuron disease,3,Rate,2017,12.324332258839998,14.264487872720002,10.5445576525
1,All Population,5,Prevalence,15,Myanmar,3,Both,22,All ages,554,Motor neuron disease,3,Rate,2017,1.49892801259,1.8311724947699999,1.17888421922
1,All Population,5,Prevalence,105,Antigua and Barbuda,3,Both,22,All ages,554,Motor neuron disease,3,Rate,2017,3.0031558377,3.52904620008,2.51847098325
1,All Population,5,Prevalence,58,Estonia,3,Both,22,All ages,554,Motor neuron disease,3,Rate,2017,3.98899125024,4.60727813098,3.30126876542
1,All Population,5,Prevalence,94,Switzerland,3,Both,22,All ages,554,Motor neuron disease,3,Rate,2017,15.0862916249,17.34719504385,12.64224120139
1,All Population,5,Prevalence,107,Barbados,3,Both,22,All ages,554,Motor neuron disease,3,Rate,2017,4.2694757153500005,4.91830481428,3.65794560922
1,All Population,5,Prevalence,40,Turkmenistan,3,Both,22,All ages,554,Motor neuron disease,3,Rate,2017,2.30037586372,2.78463059707,1.8229735654099999
1,All Population,5,Prevalence,47,Czechia,3,Both,22,All ages,554,Motor neuron disease,3,Rate,2017,5.01948996539,5.81735696505,4.2557540761
1,All Population,5,Prevalence,17,Sri Lanka,3,Both,22,All ages,554,Motor neuron disease,3,Rate,2017,1.67474430151,2.0118028414699998,1.31774432243
1,All Population,5,Prevalence,305,Bermuda,3,Both,22,All ages,554,Motor neuron disease,3,Rate,2016,6.41586467186,7.30073398224,5.51579944802
1,All Population,5,Prevalence,98,Chile,3,Both,22,All ages,554,Motor neuron disease,3,Rate,2017,6.149273878150001,7.047003993970001,5.32071701156
1,All Population,5,Prevalence,109,Cuba,3,Both,22,All ages,554,Motor neuron disease,3,Rate,2017,3.5467266101100003,4.06429947901,2.99344431159
1,All Population,5,Prevalence,49,North Macedonia,3,Both,22,All ages,554,Motor neuron disease,3,Rate,2017,3.08297786275,3.6956311268100004,2.53270984353
1,All Population,5,Prevalence,60,Lithuania,3,Both,22,All ages,554,Motor neuron disease,3,Rate,2017,5.87915785932,6.778018274200001,5.01904471438
1,All Population,5,Prevalence,28,Solomon Islands,3,Both,22,All ages,554,Motor neuron disease,3,Rate,2017,1.27348228452,1.5987061302299999,0.98421656216
1,All Population,5,Prevalence,75,Austria,3,Both,22,All ages,554,Motor neuron disease,3,Rate,2017,12.415809164310001,14.23646821217,10.65147476666
1,All Population,5,Prevalence,185,Rwanda,3,Both,22,All ages,554,Motor neuron disease,3,Rate,2016,0.9587500365899999,1.23261016528,0.73712295435
1,All Population,5,Prevalence,85,Israel,3,Both,22,All ages,554,Motor neuron disease,3,Rate,2017,7.0358752331,8.055801502689999,6.0710469518200005
1,All Population,5,Prevalence,51,Poland,3,Both,22,All ages,554,Motor neuron disease,3,Rate,2017,5.03087045586,5.8603186043,4.287256370900001
1,All Population,5,Prevalence,111,Dominican Republic,3,Both,22,All ages,554,Motor neuron disease,3,Rate,2017,2.47566713695,2.9193191891,2.03029499108
1,All Population,5,Prevalence,62,Russian Federation,3,Both,22,All ages,554,Motor neuron disease,3,Rate,2017,3.69054031713,4.33418667713,3.07480013606
1,All Population,5,Prevalence,87,Luxembourg,3,Both,22,All ages,554,Motor neuron disease,3,Rate,2017,11.71059021738,13.48928647914,9.945884457090001
1,All Population,5,Prevalence,116,Saint Lucia,3,Both,22,All ages,554,Motor neuron disease,3,Rate,2017,3.00230501269,3.4503760528,2.5218651568999997
1,All Population,5,Prevalence,129,Honduras,3,Both,22,All ages,554,Motor neuron disease,3,Rate,2017,1.92973601775,2.33053262892,1.5425350668600002
1,All Population,5,Prevalence,118,Suriname,3,Both,22,All ages,554,Motor neuron disease,3,Rate,2017,2.08574828653,2.4403889236,1.71999699398
1,All Population,5,Prevalence,135,Brazil,3,Both,22,All ages,554,Motor neuron disease,3,Rate,2017,2.93953428265,3.42832727353,2.44758255885
1,All Population,5,Prevalence,163,India,3,Both,22,All ages,554,Motor neuron disease,3,Rate,2017,1.52098296602,1.9227230191699998,1.16246310407
1,All Population,5,Prevalence,126,Costa Rica,3,Both,22,All ages,554,Motor neuron disease,3,Rate,2017,3.5478144349,4.0741916818099995,3.0264663356700003
1,All Population,5,Prevalence,131,Nicaragua,3,Both,22,All ages,554,Motor neuron disease,3,Rate,2017,1.87852691615,2.3070019873399996,1.47983507599
1,All Population,5,Prevalence,144,Jordan,3,Both,22,All ages,554,Motor neuron disease,3,Rate,2017,2.7237823999199997,3.32883282854,2.16166121665
1,All Population,5,Prevalence,182,Malawi,3,Both,22,All ages,554,Motor neuron disease,3,Rate,2017,1.12635911832,1.43468232414,0.86767791076
1,All Population,5,Prevalence,165,Pakistan,3,Both,22,All ages,554,Motor neuron disease,3,Rate,2017,1.54805699972,1.96579592099,1.17741378626
1,All Population,5,Prevalence,176,Comoros,3,Both,22,All ages,554,Motor neuron disease,3,Rate,2017,1.29143039335,1.62539366063,1.00562793606
1,All Population,5,Prevalence,133,Venezuela (Bolivarian Republic of),3,Both,22,All ages,554,Motor neuron disease,3,Rate,2017,2.0739903701,2.45095277811,1.6990227976699999
1,All Population,5,Prevalence,102,United States of America,3,Both,22,All ages,554,Motor neuron disease,3,Rate,2017,11.22718972476,12.041962250160001,10.52364145102
1,All Population,5,Prevalence,112,Grenada,3,Both,22,All ages,554,Motor neuron disease,3,Rate,2017,2.38362998353,2.79055960092,1.9950593768400002
1,All Population,5,Prevalence,171,Democratic Republic of the Congo,3,Both,22,All ages,554,Motor neuron disease,3,Rate,2017,0.9020737557099999,1.1496548879100001,0.6784565359
1,All Population,5,Prevalence,139,Algeria,3,Both,22,All ages,554,Motor neuron disease,3,Rate,2017,2.39964299023,2.90960176054,1.9386849983799999
1,All Population,5,Prevalence,113,Guyana,3,Both,22,All ages,554,Motor neuron disease,3,Rate,2017,1.7604183950699999,2.1079034003299997,1.4248742162
1,All Population,5,Prevalence,211,Mali,3,Both,22,All ages,554,Motor neuron disease,3,Rate,2017,1.49594990672,1.79691498401,1.20918738707
1,All Population,5,Prevalence,146,Lebanon,3,Both,22,All ages,554,Motor neuron disease,3,Rate,2017,2.984753006,3.5768567015,2.39687372605
1,All Population,5,Prevalence,184,Mozambique,3,Both,22,All ages,554,Motor neuron disease,3,Rate,2017,1.1906749840800002,1.50161362958,0.91652239743
1,All Population,5,Prevalence,16,Philippines,3,Both,22,All ages,554,Motor neuron disease,3,Rate,2017,1.43719319436,1.83318002893,1.09056154645
1,All Population,5,Prevalence,147,Libya,3,Both,22,All ages,554,Motor neuron disease,3,Rate,2017,2.32752793327,2.8311391274399997,1.82100385401
1,All Population,5,Prevalence,173,Gabon,3,Both,22,All ages,554,Motor neuron disease,3,Rate,2017,1.12458123717,1.4079508839300001,0.8842771032800001
1,All Population,5,Prevalence,178,Eritrea,3,Both,22,All ages,554,Motor neuron disease,3,Rate,2017,1.22874691112,1.55227869908,0.94957270902
1,All Population,5,Prevalence,114,Haiti,3,Both,22,All ages,554,Motor neuron disease,3,Rate,2017,1.59373077268,1.9639715414799999,1.26876532678
1,All Population,5,Prevalence,190,Uganda,3,Both,22,All ages,554,Motor neuron disease,3,Rate,2017,0.93664045394,1.20616927,0.71250535059
1,All Population,5,Prevalence,141,Egypt,3,Both,22,All ages,554,Motor neuron disease,3,Rate,2017,2.0932603436300004,2.54732168734,1.6530911477599999
1,All Population,5,Prevalence,152,Saudi Arabia,3,Both,22,All ages,554,Motor neuron disease,3,Rate,2017,2.49079041235,3.0712608458,1.94408737733
1,All Population,5,Prevalence,198,Zimbabwe,3,Both,22,All ages,554,Motor neuron disease,3,Rate,2017,1.32964086663,1.6792400858899998,1.0371444093
1,All Population,5,Prevalence,115,Jamaica,3,Both,22,All ages,554,Motor neuron disease,3,Rate,2017,2.78395367205,3.2787291120999997,2.30473822989
1,All Population,5,Prevalence,186,Seychelles,3,Both,22,All ages,554,Motor neuron disease,3,Rate,2017,1.9941568238700003,2.35522347127,1.62430988047
1,All Population,5,Prevalence,148,Morocco,3,Both,22,All ages,554,Motor neuron disease,3,Rate,2017,2.35850332075,2.86084791421,1.8972034424500002
1,All Population,5,Prevalence,122,Ecuador,3,Both,22,All ages,554,Motor neuron disease,3,Rate,2017,1.76274468103,2.09870539368,1.4346811695900001
1,All Population,5,Prevalence,160,Afghanistan,3,Both,22,All ages,554,Motor neuron disease,3,Rate,2017,1.7465787844899998,2.16698719508,1.34255278382
1,All Population,5,Prevalence,180,Kenya,3,Both,22,All ages,554,Motor neuron disease,3,Rate,2017,1.11006895188,1.46304001029,0.81529286527
1,All Population,5,Prevalence,128,Guatemala,3,Both,22,All ages,554,Motor neuron disease,3,Rate,2017,1.7175111858999998,2.1120027833000004,1.36256358798
1,All Population,5,Prevalence,298,American Samoa,3,Both,22,All ages,554,Motor neuron disease,3,Rate,2017,1.7936129056799999,2.1992372204,1.41518986636
1,All Population,5,Prevalence,29,Tonga,3,Both,22,All ages,554,Motor neuron disease,3,Rate,2017,1.8664106596199999,2.28548211416,1.46312301881
1,All Population,5,Prevalence,154,Tunisia,3,Both,22,All ages,554,Motor neuron disease,3,Rate,2017,2.7615383581199997,3.3172389385,2.22021172062
1,All Population,5,Prevalence,189,United Republic of Tanzania,3,Both,22,All ages,554,Motor neuron disease,3,Rate,2017,1.0887729317700001,1.39833959626,0.83695097899
1,All Population,5,Prevalence,18,Thailand,3,Both,22,All ages,554,Motor neuron disease,3,Rate,2017,1.80281496147,2.1961905328099998,1.44039022661
1,All Population,5,Prevalence,206,Gambia,3,Both,22,All ages,554,Motor neuron disease,3,Rate,2017,1.20019562668,1.5367369014299999,0.92084893041
1,All Population,5,Prevalence,149,Palestine,3,Both,22,All ages,554,Motor neuron disease,3,Rate,2017,2.54393215143,3.13140602201,1.99959194353
1,All Population,5,Prevalence,200,Benin,3,Both,22,All ages,554,Motor neuron disease,3,Rate,2017,1.06634083152,1.36168228985,0.8208583603599999
1,All Population,5,Prevalence,195,Namibia,3,Both,22,All ages,554,Motor neuron disease,3,Rate,2017,1.5853057827200001,2.01412097602,1.23317650106
1,All Population,5,Prevalence,127,El Salvador,3,Both,22,All ages,554,Motor neuron disease,3,Rate,2017,1.88230004076,2.29698689622,1.4835805226
1,All Population,5,Prevalence,161,Bangladesh,3,Both,22,All ages,554,Motor neuron disease,3,Rate,2017,1.5083452347500002,1.8772135043899998,1.17861503393
1,All Population,5,Prevalence,205,Côte d'Ivoire,3,Both,22,All ages,554,Motor neuron disease,3,Rate,2017,1.0839094224099999,1.38441029768,0.8152459732499999
1,All Population,5,Prevalence,63,Ukraine,3,Both,22,All ages,554,Motor neuron disease,3,Rate,2017,2.84309294366,3.37124781125,2.29677941097
1,All Population,5,Prevalence,117,Saint Vincent and the Grenadines,3,Both,22,All ages,554,Motor neuron disease,3,Rate,2017,2.4846136379,2.9036200538999997,2.0846057411300003
1,All Population,5,Prevalence,74,Andorra,3,Both,22,All ages,554,Motor neuron disease,3,Rate,2017,15.168011972279999,17.98884710238,13.073577225029998
1,All Population,5,Prevalence,150,Oman,3,Both,22,All ages,554,Motor neuron disease,3,Rate,2017,2.49638838229,3.08452508917,1.9602569523900002
1,All Population,5,Prevalence,393,Saint Kitts and Nevis,3,Both,22,All ages,554,Motor neuron disease,3,Rate,2017,3.0235795196,3.4767173412300005,2.57313208284
1,All Population,5,Prevalence,194,Lesotho,3,Both,22,All ages,554,Motor neuron disease,3,Rate,2017,1.5837266295599999,1.95777723263,1.24118410396
1,All Population,5,Prevalence,130,Mexico,3,Both,22,All ages,554,Motor neuron disease,3,Rate,2017,2.64659521942,3.11579434806,2.13232197336
1,All Population,5,Prevalence,162,Bhutan,3,Both,22,All ages,554,Motor neuron disease,3,Rate,2017,1.79486818419,2.23937903386,1.39763480769
1,All Population,5,Prevalence,202,Cameroon,3,Both,22,All ages,554,Motor neuron disease,3,Rate,2017,1.01086061048,1.2869970444599999,0.77419626794
1,All Population,5,Prevalence,156,United Arab Emirates,3,Both,22,All ages,554,Motor neuron disease,3,Rate,2017,2.96149819052,3.69594923938,2.26751488256
1,All Population,5,Prevalence,367,Monaco,3,Both,22,All ages,554,Motor neuron disease,3,Rate,2017,9.63420388304,11.50373713478,8.08533389008
1,All Population,5,Prevalence,320,Cook Islands,3,Both,22,All ages,554,Motor neuron disease,3,Rate,2017,2.20610087806,2.63589308183,1.7892028741800001
1,All Population,5,Prevalence,197,Eswatini,3,Both,22,All ages,554,Motor neuron disease,3,Rate,2017,1.60123532773,1.99761581848,1.2516363398400001
1,All Population,5,Prevalence,376,Northern Mariana Islands,3,Both,22,All ages,554,Motor neuron disease,3,Rate,2017,1.99918764214,2.42217981981,1.5825839607999999
1,All Population,5,Prevalence,44,Bosnia and Herzegovina,3,Both,22,All ages,554,Motor neuron disease,3,Rate,2017,3.4195471455499997,4.1122157241699995,2.79774404104
1,All Population,5,Prevalence,208,Guinea,3,Both,22,All ages,554,Motor neuron disease,3,Rate,2017,1.01831557409,1.2951001029,0.77249659999
1,All Population,5,Prevalence,213,Niger,3,Both,22,All ages,554,Motor neuron disease,3,Rate,2017,1.05868369643,1.34269556166,0.82765288889
1,All Population,5,Prevalence,435,South Sudan,3,Both,22,All ages,554,Motor neuron disease,3,Rate,2017,1.05746468912,1.35278032724,0.80489795577
1,All Population,5,Prevalence,119,Trinidad and Tobago,3,Both,22,All ages,554,Motor neuron disease,3,Rate,2017,2.59791221619,3.00085480722,2.1597829261
1,All Population,5,Prevalence,207,Ghana,3,Both,22,All ages,554,Motor neuron disease,3,Rate,2017,1.14338280001,1.44746466225,0.8725148446600001
1,All Population,5,Prevalence,175,Burundi,3,Both,22,All ages,554,Motor neuron disease,3,Rate,2017,0.9053481820699999,1.16322180493,0.69284318245
1,All Population,5,Prevalence,413,Tokelau,3,Both,22,All ages,554,Motor neuron disease,3,Rate,2017,1.5860526549299998,1.94603093736,1.26985587069
1,All Population,5,Prevalence,169,Central African Republic,3,Both,22,All ages,554,Motor neuron disease,3,Rate,2017,0.87344847936,1.10789874624,0.66223752255
1,All Population,5,Prevalence,204,Chad,3,Both,22,All ages,554,Motor neuron disease,3,Rate,2017,1.07045266977,1.37546349945,0.82073562828
1,All Population,5,Prevalence,76,Belgium,3,Both,22,All ages,554,Motor neuron disease,3,Rate,2017,15.319421473130001,17.79330542998,13.22613753571
1,All Population,5,Prevalence,121,Bolivia (Plurinational State of),3,Both,22,All ages,554,Motor neuron disease,3,Rate,2017,1.9271285072500002,2.28711406496,1.57760799203
1,All Population,5,Prevalence,33,Armenia,3,Both,22,All ages,554,Motor neuron disease,3,Rate,2017,2.60093699604,3.13455850261,2.08136741068
1,All Population,5,Prevalence,196,South Africa,3,Both,22,All ages,554,Motor neuron disease,3,Rate,2017,1.7550001056200002,2.2051155381100003,1.33570763625
1,All Population,5,Prevalence,110,Dominica,3,Both,22,All ages,554,Motor neuron disease,3,Rate,2017,3.08774278865,3.5481655551299998,2.64692824291
1,All Population,5,Prevalence,132,Panama,3,Both,22,All ages,554,Motor neuron disease,3,Rate,2017,2.26216120948,2.65639333017,1.88508248566
1,All Population,5,Prevalence,164,Nepal,3,Both,22,All ages,554,Motor neuron disease,3,Rate,2017,1.6056892187,1.97108582037,1.25714156421
1,All Population,5,Prevalence,215,Sao Tome and Principe,3,Both,22,All ages,554,Motor neuron disease,3,Rate,2017,1.22478823487,1.5043393676599999,0.96823067069
1,All Population,5,Prevalence,209,Guinea-Bissau,3,Both,22,All ages,554,Motor neuron disease,3,Rate,2017,1.02513066763,1.31706230352,0.77585869796
1,All Population,5,Prevalence,143,Iraq,3,Both,22,All ages,554,Motor neuron disease,3,Rate,2017,2.4891342454900003,3.0350434758700002,2.0094683024199997
1,All Population,5,Prevalence,89,Netherlands,3,Both,22,All ages,554,Motor neuron disease,3,Rate,2017,18.2044548105,20.79419516597,15.754573675160001
1,All Population,5,Prevalence,210,Liberia,3,Both,22,All ages,554,Motor neuron disease,3,Rate,2017,0.99340337812,1.2715457491400002,0.75382826076
1,All Population,5,Prevalence,374,Niue,3,Both,22,All ages,554,Motor neuron disease,3,Rate,2017,1.94088097679,2.2912364506,1.5697687648399998
1,All Population,5,Prevalence,12,Lao People's Democratic Republic,3,Both,22,All ages,554,Motor neuron disease,3,Rate,2017,1.4485903459,1.8137767762800001,1.13830599936
1,All Population,5,Prevalence,177,Djibouti,3,Both,22,All ages,554,Motor neuron disease,3,Rate,2017,1.30895582466,1.64388732171,0.99975766994
1,All Population,5,Prevalence,46,Croatia,3,Both,22,All ages,554,Motor neuron disease,3,Rate,2017,5.04021518658,5.88835033383,4.326921975029999
1,All Population,5,Prevalence,422,United States Virgin Islands,3,Both,22,All ages,554,Motor neuron disease,3,Rate,2017,5.1438402102600005,6.008253445269999,4.41648079216
1,All Population,5,Prevalence,217,Sierra Leone,3,Both,22,All ages,554,Motor neuron disease,3,Rate,2017,1.01496833156,1.3031242010600002,0.77807790312
1,All Population,5,Prevalence,168,Angola,3,Both,22,All ages,554,Motor neuron disease,3,Rate,2017,1.16215116196,1.47185391163,0.8912763329100001
1,All Population,5,Prevalence,380,Palau,3,Both,22,All ages,554,Motor neuron disease,3,Rate,2017,1.57701997685,1.90182535752,1.26088084108
1,All Population,5,Prevalence,78,Denmark,3,Both,22,All ages,554,Motor neuron disease,3,Rate,2017,15.76141712385,18.10110276605,13.498189553649999
1,All Population,5,Prevalence,123,Peru,3,Both,22,All ages,554,Motor neuron disease,3,Rate,2017,1.8146281698000002,2.1912468410800003,1.45655070078
1,All Population,5,Prevalence,157,Yemen,3,Both,22,All ages,554,Motor neuron disease,3,Rate,2017,1.51307164941,1.8592947646300002,1.17081826084
1,All Population,5,Prevalence,212,Mauritania,3,Both,22,All ages,554,Motor neuron disease,3,Rate,2017,1.4024944738,1.7431221106299999,1.09906047842
1,All Population,5,Prevalence,145,Kuwait,3,Both,22,All ages,554,Motor neuron disease,3,Rate,2017,3.5004039298099996,4.25496672053,2.76127450134
1,All Population,5,Prevalence,191,Zambia,3,Both,22,All ages,554,Motor neuron disease,3,Rate,2017,1.1873010663199999,1.52792088431,0.90787649464
1,All Population,5,Prevalence,179,Ethiopia,3,Both,22,All ages,554,Motor neuron disease,3,Rate,2017,1.06633953319,1.40651019059,0.78582075491
1,All Population,5,Prevalence,91,Portugal,3,Both,22,All ages,554,Motor neuron disease,3,Rate,2017,11.31694408413,13.056055474059999,9.71073923735
1,All Population,5,Prevalence,59,Latvia,3,Both,22,All ages,554,Motor neuron disease,3,Rate,2017,3.93096542553,4.5138977673700005,3.30829444381
1,All Population,5,Prevalence,351,Guam,3,Both,22,All ages,554,Motor neuron disease,3,Rate,2017,1.9692527263300001,2.38089962537,1.5986168009400001
1,All Population,5,Prevalence,136,Paraguay,3,Both,22,All ages,554,Motor neuron disease,3,Rate,2017,2.58555438075,3.08184560257,2.08744577701
1,All Population,5,Prevalence,48,Hungary,3,Both,22,All ages,554,Motor neuron disease,3,Rate,2017,4.75361311412,5.41334394913,4.138875104709999
1,All Population,5,Prevalence,14,Maldives,3,Both,22,All ages,554,Motor neuron disease,3,Rate,2017,1.6322394495199999,2.0335033844000003,1.25915305926
1,All Population,5,Prevalence,170,Congo,3,Both,22,All ages,554,Motor neuron disease,3,Rate,2017,1.0063358948999999,1.28721846211,0.7648279491000001
1,All Population,5,Prevalence,125,Colombia,3,Both,22,All ages,554,Motor neuron disease,3,Rate,2017,2.33697059692,2.7120435443699997,1.95584035541
1,All Population,5,Prevalence,80,France,3,Both,22,All ages,554,Motor neuron disease,3,Rate,2017,16.16904092,18.54555995138,13.94767185997
1,All Population,5,Prevalence,181,Madagascar,3,Both,22,All ages,554,Motor neuron disease,3,Rate,2017,1.2857225346799999,1.6114912389799998,0.99311797082
1,All Population,5,Prevalence,61,Republic of Moldova,3,Both,22,All ages,554,Motor neuron disease,3,Rate,2017,2.76450706798,3.2701320150299997,2.27243655302
1,All Population,5,Prevalence,50,Montenegro,3,Both,22,All ages,554,Motor neuron disease,3,Rate,2017,3.25402710609,3.88400832656,2.65665318448
1,All Population,5,Prevalence,216,Senegal,3,Both,22,All ages,554,Motor neuron disease,3,Rate,2017,1.23395691786,1.5521709303099998,0.94844615921
1,All Population,5,Prevalence,193,Botswana,3,Both,22,All ages,554,Motor neuron disease,3,Rate,2017,1.6284905723,2.02123172625,1.26936677887
1,All Population,5,Prevalence,172,Equatorial Guinea,3,Both,22,All ages,554,Motor neuron disease,3,Rate,2017,1.10394207746,1.42227099352,0.8362595565100001
1,All Population,5,Prevalence,93,Sweden,3,Both,22,All ages,554,Motor neuron disease,3,Rate,2017,20.14945676684,23.3639333535,17.2270855344
1,All Population,5,Prevalence,151,Qatar,3,Both,22,All ages,554,Motor neuron disease,3,Rate,2017,3.23953008657,4.11572270203,2.53701372423
1,All Population,5,Prevalence,140,Bahrain,3,Both,22,All ages,554,Motor neuron disease,3,Rate,2017,2.88258049581,3.5662305597899997,2.2791353169
1,All Population,5,Prevalence,106,Bahamas,3,Both,22,All ages,554,Motor neuron disease,3,Rate,2017,3.19415151032,3.71620368909,2.66605592807
1,All Population,5,Prevalence,183,Mauritius,3,Both,22,All ages,554,Motor neuron disease,3,Rate,2017,2.21674934974,2.63877897851,1.8187556235399998
1,All Population,5,Prevalence,369,Nauru,3,Both,22,All ages,554,Motor neuron disease,3,Rate,2017,1.18537025731,1.48914483856,0.88747161512
1,All Population,5,Prevalence,218,Togo,3,Both,22,All ages,554,Motor neuron disease,3,Rate,2017,1.04368788532,1.33442440982,0.78857955067
1,All Population,5,Prevalence,95,United Kingdom,3,Both,22,All ages,554,Motor neuron disease,3,Rate,2017,16.75640847405,19.66110018926,14.236644570240001
1,All Population,5,Prevalence,153,Syrian Arab Republic,3,Both,22,All ages,554,Motor neuron disease,3,Rate,2017,2.5452252786100003,3.06934924437,2.0688744735799998
1,All Population,5,Prevalence,108,Belize,3,Both,22,All ages,554,Motor neuron disease,3,Rate,2017,2.22459615031,2.6534673942499998,1.75188867907
1,All Population,5,Prevalence,142,Iran (Islamic Republic of),3,Both,22,All ages,554,Motor neuron disease,3,Rate,2017,2.8505575735699997,3.48004933436,2.20655186807
1,All Population,5,Prevalence,185,Rwanda,3,Both,22,All ages,554,Motor neuron disease,3,Rate,2017,0.9677049397399999,1.23576229338,0.74318242514
1,All Population,5,Prevalence,305,Bermuda,3,Both,22,All ages,554,Motor neuron disease,3,Rate,2017,6.490154369580001,7.40219664003,5.57042396581
1,All Population,5,Prevalence,155,Türkiye,3,Both,22,All ages,554,Motor neuron disease,3,Rate,2017,4.11263235651,4.75181070812,3.51464330611
1,All Population,5,Prevalence,187,Somalia,3,Both,22,All ages,554,Motor neuron disease,3,Rate,2017,0.8225261200299999,1.05254448685,0.62550074803
1,All Population,5,Prevalence,385,Puerto Rico,3,Both,22,All ages,554,Motor neuron disease,3,Rate,2017,4.4653696834700005,5.13327617123,3.7771829636499996
1,All Population,5,Prevalence,349,Greenland,3,Both,22,All ages,554,Motor neuron disease,3,Rate,2017,9.47767383044,10.9915545124,8.06499026019
1,All Population,5,Prevalence,201,Burkina Faso,3,Both,22,All ages,554,Motor neuron disease,3,Rate,2017,1.04811538494,1.3280196043499999,0.80766725592
1,All Population,5,Prevalence,396,San Marino,3,Both,22,All ages,554,Motor neuron disease,3,Rate,2017,7.375611542500001,8.93026835749,6.05882038648
1,All Population,5,Prevalence,214,Nigeria,3,Both,22,All ages,554,Motor neuron disease,3,Rate,2017,1.0916873191,1.42371189417,0.8077769996299999
1,All Population,5,Prevalence,203,Cabo Verde,3,Both,22,All ages,554,Motor neuron disease,3,Rate,2017,1.61755031789,1.9991246710600001,1.26531597404
1,All Population,5,Prevalence,416,Tuvalu,3,Both,22,All ages,554,Motor neuron disease,3,Rate,2017,1.26977022717,1.56692673774,0.99645819545
1,All Population,5,Prevalence,522,Sudan,3,Both,22,All ages,554,Motor neuron disease,3,Rate,2017,1.53897690419,1.89469901257,1.19727000627
1,All Population,5,Prevalence,13,Malaysia,3,Both,22,All ages,554,Motor neuron disease,3,Rate,2018,1.6169554788499998,2.0035949730900002,1.28332199741
1,All Population,5,Prevalence,47,Czechia,3,Both,22,All ages,554,Motor neuron disease,3,Rate,2018,5.05437481451,5.869610693159999,4.27771834087
1,All Population,5,Prevalence,15,Myanmar,3,Both,22,All ages,554,Motor neuron disease,3,Rate,2018,1.51541799006,1.8476202008399998,1.20101401288
1,All Population,5,Prevalence,49,North Macedonia,3,Both,22,All ages,554,Motor neuron disease,3,Rate,2018,3.1033541592900002,3.7187946884399996,2.5498842225200002
1,All Population,5,Prevalence,23,Kiribati,3,Both,22,All ages,554,Motor neuron disease,3,Rate,2018,1.31626264222,1.6051798805,1.05522424509
1,All Population,5,Prevalence,17,Sri Lanka,3,Both,22,All ages,554,Motor neuron disease,3,Rate,2018,1.6877772091499998,2.04021490383,1.3299675732
1,All Population,5,Prevalence,28,Solomon Islands,3,Both,22,All ages,554,Motor neuron disease,3,Rate,2018,1.28017874319,1.6043110609400002,0.9892539538
1,All Population,5,Prevalence,58,Estonia,3,Both,22,All ages,554,Motor neuron disease,3,Rate,2018,4.0282744496,4.6554113431,3.3329799883499995
1,All Population,5,Prevalence,25,Micronesia (Federated States of),3,Both,22,All ages,554,Motor neuron disease,3,Rate,2018,1.33827114185,1.6709907084,1.03215392659
1,All Population,5,Prevalence,36,Kazakhstan,3,Both,22,All ages,554,Motor neuron disease,3,Rate,2018,2.7941791657199997,3.33304278686,2.28703111487
1,All Population,5,Prevalence,19,Timor-Leste,3,Both,22,All ages,554,Motor neuron disease,3,Rate,2018,1.31468005287,1.65659701157,1.00932355625
1,All Population,5,Prevalence,30,Vanuatu,3,Both,22,All ages,554,Motor neuron disease,3,Rate,2018,1.49545316115,1.82303978892,1.16076736785
1,All Population,5,Prevalence,7,Democratic People's Republic of Korea,3,Both,22,All ages,554,Motor neuron disease,3,Rate,2018,2.33971091391,2.79867121036,1.90898755315
1,All Population,5,Prevalence,60,Lithuania,3,Both,22,All ages,554,Motor neuron disease,3,Rate,2018,5.94861299776,6.881815431960001,5.130466955539999
1,All Population,5,Prevalence,41,Uzbekistan,3,Both,22,All ages,554,Motor neuron disease,3,Rate,2018,2.34865554702,2.8521094324100003,1.8485694736599998
1,All Population,5,Prevalence,52,Romania,3,Both,22,All ages,554,Motor neuron disease,3,Rate,2018,3.3227478798799996,3.9327109534100004,2.75624400172
1,All Population,5,Prevalence,94,Switzerland,3,Both,22,All ages,554,Motor neuron disease,3,Rate,2018,15.25034120656,17.57264935166,12.97907574886
1,All Population,5,Prevalence,105,Antigua and Barbuda,3,Both,22,All ages,554,Motor neuron disease,3,Rate,2018,3.03180897772,3.56396392395,2.55070550698
1,All Population,5,Prevalence,43,Albania,3,Both,22,All ages,554,Motor neuron disease,3,Rate,2018,2.97617807343,3.5412117924300004,2.47401050386
1,All Population,5,Prevalence,81,Germany,3,Both,22,All ages,554,Motor neuron disease,3,Rate,2018,14.262298553270002,16.48346310129,12.249824162180001
1,All Population,5,Prevalence,62,Russian Federation,3,Both,22,All ages,554,Motor neuron disease,3,Rate,2018,3.72941982295,4.39110284412,3.1144583007000004
1,All Population,5,Prevalence,20,Viet Nam,3,Both,22,All ages,554,Motor neuron disease,3,Rate,2018,1.779869559,2.16415128071,1.4295622598100002
1,All Population,5,Prevalence,38,Mongolia,3,Both,22,All ages,554,Motor neuron disease,3,Rate,2018,2.48486428832,2.9769501475299998,1.9946872374400002
1,All Population,5,Prevalence,27,Samoa,3,Both,22,All ages,554,Motor neuron disease,3,Rate,2018,1.6353986660600002,1.99779926734,1.28938563412
1,All Population,5,Prevalence,54,Slovakia,3,Both,22,All ages,554,Motor neuron disease,3,Rate,2018,3.7425120194,4.408244745899999,3.08347591035
1,All Population,5,Prevalence,34,Azerbaijan,3,Both,22,All ages,554,Motor neuron disease,3,Rate,2018,2.45517318212,2.98245236917,1.93431683944
1,All Population,5,Prevalence,88,Malta,3,Both,22,All ages,554,Motor neuron disease,3,Rate,2018,11.18138043187,12.831652534929999,9.67657245244
1,All Population,5,Prevalence,99,Uruguay,3,Both,22,All ages,554,Motor neuron disease,3,Rate,2018,6.45736304674,7.35919853569,5.59340001889
1,All Population,5,Prevalence,6,China,3,Both,22,All ages,554,Motor neuron disease,3,Rate,2018,2.26769294295,2.74845624402,1.81824598605
1,All Population,5,Prevalence,107,Barbados,3,Both,22,All ages,554,Motor neuron disease,3,Rate,2018,4.3150535166,4.96384368605,3.69347845009
1,All Population,5,Prevalence,11,Indonesia,3,Both,22,All ages,554,Motor neuron disease,3,Rate,2018,1.3123731972300001,1.67813919478,0.99970422802
1,All Population,5,Prevalence,141,Egypt,3,Both,22,All ages,554,Motor neuron disease,3,Rate,2018,2.11123937592,2.56825392906,1.66894110922
1,All Population,5,Prevalence,152,Saudi Arabia,3,Both,22,All ages,554,Motor neuron disease,3,Rate,2018,2.50498198321,3.08951999163,1.9598029271200001
1,All Population,5,Prevalence,45,Bulgaria,3,Both,22,All ages,554,Motor neuron disease,3,Rate,2018,3.01082609955,3.57445247335,2.4799824319
1,All Population,5,Prevalence,67,Japan,3,Both,22,All ages,554,Motor neuron disease,3,Rate,2018,8.97694885012,10.3893680042,7.65373880926
1,All Population,5,Prevalence,75,Austria,3,Both,22,All ages,554,Motor neuron disease,3,Rate,2018,12.61169835039,14.602245221350001,10.85858354699
1,All Population,5,Prevalence,22,Fiji,3,Both,22,All ages,554,Motor neuron disease,3,Rate,2018,1.69991796574,2.05564609359,1.33529482355
1,All Population,5,Prevalence,117,Saint Vincent and the Grenadines,3,Both,22,All ages,554,Motor neuron disease,3,Rate,2018,2.50854752991,2.93192242418,2.10181240251
1,All Population,5,Prevalence,128,Guatemala,3,Both,22,All ages,554,Motor neuron disease,3,Rate,2018,1.73224510141,2.12403170774,1.37943196011
1,All Population,5,Prevalence,101,Canada,3,Both,22,All ages,554,Motor neuron disease,3,Rate,2018,18.03051770134,20.35253279244,15.49025484976
1,All Population,5,Prevalence,109,Cuba,3,Both,22,All ages,554,Motor neuron disease,3,Rate,2018,3.58055850026,4.11001048607,3.0347355611699998
1,All Population,5,Prevalence,51,Poland,3,Both,22,All ages,554,Motor neuron disease,3,Rate,2018,5.10039166688,5.94827112964,4.32576792656
1,All Population,5,Prevalence,35,Georgia,3,Both,22,All ages,554,Motor neuron disease,3,Rate,2018,2.66441041023,3.17546120061,2.18427767961
1,All Population,5,Prevalence,154,Tunisia,3,Both,22,All ages,554,Motor neuron disease,3,Rate,2018,2.77905928967,3.34598189041,2.2489979456799998
1,All Population,5,Prevalence,72,New Zealand,3,Both,22,All ages,554,Motor neuron disease,3,Rate,2018,12.088007998450001,13.85487535564,10.37460995354
1,All Population,5,Prevalence,77,Cyprus,3,Both,22,All ages,554,Motor neuron disease,3,Rate,2018,7.8251071559100005,8.97756380997,6.7185532851900005
1,All Population,5,Prevalence,83,Iceland,3,Both,22,All ages,554,Motor neuron disease,3,Rate,2018,15.329340562650001,17.45898069048,13.077236173060001
1,All Population,5,Prevalence,40,Turkmenistan,3,Both,22,All ages,554,Motor neuron disease,3,Rate,2018,2.3204218189300003,2.80145974646,1.83427474326
1,All Population,5,Prevalence,112,Grenada,3,Both,22,All ages,554,Motor neuron disease,3,Rate,2018,2.40159130179,2.81853056495,2.00886731266
1,All Population,5,Prevalence,69,Singapore,3,Both,22,All ages,554,Motor neuron disease,3,Rate,2018,3.35081803518,3.89200165904,2.79480936542
1,All Population,5,Prevalence,24,Marshall Islands,3,Both,22,All ages,554,Motor neuron disease,3,Rate,2018,1.37956012921,1.71653711306,1.0600180563000001
1,All Population,5,Prevalence,122,Ecuador,3,Both,22,All ages,554,Motor neuron disease,3,Rate,2018,1.7835994839899998,2.11396478718,1.45410796932
1,All Population,5,Prevalence,189,United Republic of Tanzania,3,Both,22,All ages,554,Motor neuron disease,3,Rate,2018,1.09975386757,1.4082171724800001,0.84647404259
1,All Population,5,Prevalence,200,Benin,3,Both,22,All ages,554,Motor neuron disease,3,Rate,2018,1.07609840781,1.37134022497,0.8286448853899999
1,All Population,5,Prevalence,37,Kyrgyzstan,3,Both,22,All ages,554,Motor neuron disease,3,Rate,2018,2.28833443414,2.76598634492,1.8298989792
1,All Population,5,Prevalence,146,Lebanon,3,Both,22,All ages,554,Motor neuron disease,3,Rate,2018,3.00098041595,3.6008856048399998,2.4127471419899997
1,All Population,5,Prevalence,111,Dominican Republic,3,Both,22,All ages,554,Motor neuron disease,3,Rate,2018,2.5018971847600002,2.95693575165,2.05887729148
1,All Population,5,Prevalence,90,Norway,3,Both,22,All ages,554,Motor neuron disease,3,Rate,2018,16.66353892967,19.41848199216,14.32723120631
1,All Population,5,Prevalence,71,Australia,3,Both,22,All ages,554,Motor neuron disease,3,Rate,2018,12.19710208394,14.08376643591,10.40842773668
1,All Population,5,Prevalence,79,Finland,3,Both,22,All ages,554,Motor neuron disease,3,Rate,2018,18.0581821225,21.0027405066,15.3275377272
1,All Population,5,Prevalence,114,Haiti,3,Both,22,All ages,554,Motor neuron disease,3,Rate,2018,1.6032317571399999,1.9760908274000002,1.2813695656200002
1,All Population,5,Prevalence,119,Trinidad and Tobago,3,Both,22,All ages,554,Motor neuron disease,3,Rate,2018,2.62020416298,3.0329395502,2.18345341361
1,All Population,5,Prevalence,156,United Arab Emirates,3,Both,22,All ages,554,Motor neuron disease,3,Rate,2018,2.95736475206,3.7177417216000004,2.25632775325
1,All Population,5,Prevalence,82,Greece,3,Both,22,All ages,554,Motor neuron disease,3,Rate,2018,9.88913582327,11.50638330973,8.42550839584
1,All Population,5,Prevalence,8,Taiwan,3,Both,22,All ages,554,Motor neuron disease,3,Rate,2018,3.41848212002,3.9276293614199997,2.88279244324
1,All Population,5,Prevalence,135,Brazil,3,Both,22,All ages,554,Motor neuron disease,3,Rate,2018,2.97093559305,3.46633987701,2.47636559885
1,All Population,5,Prevalence,130,Mexico,3,Both,22,All ages,554,Motor neuron disease,3,Rate,2018,2.67495588152,3.15204815809,2.15803102962
1,All Population,5,Prevalence,26,Papua New Guinea,3,Both,22,All ages,554,Motor neuron disease,3,Rate,2018,1.19504739465,1.50397890056,0.9297500710800001
1,All Population,5,Prevalence,202,Cameroon,3,Both,22,All ages,554,Motor neuron disease,3,Rate,2018,1.0202703453,1.2977071571499998,0.77996102506
1,All Population,5,Prevalence,213,Niger,3,Both,22,All ages,554,Motor neuron disease,3,Rate,2018,1.06805631903,1.35821269815,0.8310749045
1,All Population,5,Prevalence,148,Morocco,3,Both,22,All ages,554,Motor neuron disease,3,Rate,2018,2.3785000099099998,2.88795978406,1.91078450388
1,All Population,5,Prevalence,39,Tajikistan,3,Both,22,All ages,554,Motor neuron disease,3,Rate,2018,2.08448687811,2.5425889332000002,1.6508834706299997
1,All Population,5,Prevalence,127,El Salvador,3,Both,22,All ages,554,Motor neuron disease,3,Rate,2018,1.8993569444899998,2.30292226876,1.50151323784
1,All Population,5,Prevalence,169,Central African Republic,3,Both,22,All ages,554,Motor neuron disease,3,Rate,2018,0.8769005586999999,1.11547001534,0.66611216879
1,All Population,5,Prevalence,116,Saint Lucia,3,Both,22,All ages,554,Motor neuron disease,3,Rate,2018,3.0372956482199998,3.49515052795,2.55923336072
1,All Population,5,Prevalence,194,Lesotho,3,Both,22,All ages,554,Motor neuron disease,3,Rate,2018,1.60049159233,1.9762434697,1.25102837756
1,All Population,5,Prevalence,205,Côte d'Ivoire,3,Both,22,All ages,554,Motor neuron disease,3,Rate,2018,1.09678892357,1.3998568487,0.8271871336
1,All Population,5,Prevalence,85,Israel,3,Both,22,All ages,554,Motor neuron disease,3,Rate,2018,7.106582538920001,8.14429028229,6.14261939138
1,All Population,5,Prevalence,92,Spain,3,Both,22,All ages,554,Motor neuron disease,3,Rate,2018,12.479562845610001,14.3711768533,10.6409479629
1,All Population,5,Prevalence,84,Ireland,3,Both,22,All ages,554,Motor neuron disease,3,Rate,2018,17.49247761643,20.14627436704,14.905094670019999
1,All Population,5,Prevalence,53,Serbia,3,Both,22,All ages,554,Motor neuron disease,3,Rate,2018,3.28431106206,3.92397011651,2.69921786781
1,All Population,5,Prevalence,161,Bangladesh,3,Both,22,All ages,554,Motor neuron disease,3,Rate,2018,1.52499996517,1.89894473818,1.18953952823
1,All Population,5,Prevalence,164,Nepal,3,Both,22,All ages,554,Motor neuron disease,3,Rate,2018,1.6216911510499998,1.9903164416399999,1.26873591168
1,All Population,5,Prevalence,98,Chile,3,Both,22,All ages,554,Motor neuron disease,3,Rate,2018,6.2390487461,7.145782853819999,5.4100756906
1,All Population,5,Prevalence,126,Costa Rica,3,Both,22,All ages,554,Motor neuron disease,3,Rate,2018,3.60256169256,4.13715555126,3.09140410035
1,All Population,5,Prevalence,215,Sao Tome and Principe,3,Both,22,All ages,554,Motor neuron disease,3,Rate,2018,1.24074350797,1.52432175771,0.9805315121599999
1,All Population,5,Prevalence,204,Chad,3,Both,22,All ages,554,Motor neuron disease,3,Rate,2018,1.07804673267,1.38216576685,0.82869190495
1,All Population,5,Prevalence,150,Oman,3,Both,22,All ages,554,Motor neuron disease,3,Rate,2018,2.50696750184,3.0926113054399997,1.9700352320599999
1,All Population,5,Prevalence,413,Tokelau,3,Both,22,All ages,554,Motor neuron disease,3,Rate,2018,1.5976246243,1.95027616985,1.27556159779
1,All Population,5,Prevalence,97,Argentina,3,Both,22,All ages,554,Motor neuron disease,3,Rate,2018,4.89489490061,5.6152694101,4.14161001854
1,All Population,5,Prevalence,118,Suriname,3,Both,22,All ages,554,Motor neuron disease,3,Rate,2018,2.09976234148,2.45768099702,1.7321996958399999
1,All Population,5,Prevalence,171,Democratic Republic of the Congo,3,Both,22,All ages,554,Motor neuron disease,3,Rate,2018,0.90902683651,1.16338623559,0.68267331285
1,All Population,5,Prevalence,129,Honduras,3,Both,22,All ages,554,Motor neuron disease,3,Rate,2018,1.94475697415,2.33673056637,1.5516609108900001
1,All Population,5,Prevalence,182,Malawi,3,Both,22,All ages,554,Motor neuron disease,3,Rate,2018,1.13870659868,1.4494631199199999,0.87673443791
1,All Population,5,Prevalence,139,Algeria,3,Both,22,All ages,554,Motor neuron disease,3,Rate,2018,2.41087334318,2.92543522702,1.9545041070099998
1,All Population,5,Prevalence,207,Ghana,3,Both,22,All ages,554,Motor neuron disease,3,Rate,2018,1.15587066129,1.46724889156,0.8819808295399999
1,All Population,5,Prevalence,66,Brunei Darussalam,3,Both,22,All ages,554,Motor neuron disease,3,Rate,2018,2.2485431035300003,2.70499325741,1.8237854990100002
1,All Population,5,Prevalence,196,South Africa,3,Both,22,All ages,554,Motor neuron disease,3,Rate,2018,1.7762719726799998,2.22810906567,1.3513178321200001
1,All Population,5,Prevalence,175,Burundi,3,Both,22,All ages,554,Motor neuron disease,3,Rate,2018,0.91269099143,1.169778902,0.69935898362
1,All Population,5,Prevalence,86,Italy,3,Both,22,All ages,554,Motor neuron disease,3,Rate,2018,14.63357160841,17.08344139501,12.57075142398
1,All Population,5,Prevalence,163,India,3,Both,22,All ages,554,Motor neuron disease,3,Rate,2018,1.54318032962,1.94737460531,1.18022348413
1,All Population,5,Prevalence,132,Panama,3,Both,22,All ages,554,Motor neuron disease,3,Rate,2018,2.28059189316,2.6812366938000003,1.90127310619
1,All Population,5,Prevalence,143,Iraq,3,Both,22,All ages,554,Motor neuron disease,3,Rate,2018,2.50830527983,3.05788569387,2.03404427175
1,All Population,5,Prevalence,217,Sierra Leone,3,Both,22,All ages,554,Motor neuron disease,3,Rate,2018,1.0244893557799999,1.31591460671,0.7820833924799999
1,All Population,5,Prevalence,184,Mozambique,3,Both,22,All ages,554,Motor neuron disease,3,Rate,2018,1.2015175650599998,1.51480111827,0.9239111880900001
1,All Population,5,Prevalence,422,United States Virgin Islands,3,Both,22,All ages,554,Motor neuron disease,3,Rate,2018,5.212779762439999,6.1352360599799995,4.4527510264500005
1,All Population,5,Prevalence,173,Gabon,3,Both,22,All ages,554,Motor neuron disease,3,Rate,2018,1.13271171626,1.41793736572,0.88826239384
1,All Population,5,Prevalence,10,Cambodia,3,Both,22,All ages,554,Motor neuron disease,3,Rate,2018,1.33458467176,1.66625602348,1.04838810153
1,All Population,5,Prevalence,55,Slovenia,3,Both,22,All ages,554,Motor neuron disease,3,Rate,2018,3.9381722630500002,4.69986763409,3.24109151644
1,All Population,5,Prevalence,374,Niue,3,Both,22,All ages,554,Motor neuron disease,3,Rate,2018,1.95175774833,2.30919463618,1.5798515524099999
1,All Population,5,Prevalence,209,Guinea-Bissau,3,Both,22,All ages,554,Motor neuron disease,3,Rate,2018,1.03455427376,1.32718151705,0.78654381101
1,All Population,5,Prevalence,435,South Sudan,3,Both,22,All ages,554,Motor neuron disease,3,Rate,2018,1.0623734907,1.35779992941,0.8093987535499999
1,All Population,5,Prevalence,131,Nicaragua,3,Both,22,All ages,554,Motor neuron disease,3,Rate,2018,1.89553248577,2.31889519929,1.4961767014
1,All Population,5,Prevalence,198,Zimbabwe,3,Both,22,All ages,554,Motor neuron disease,3,Rate,2018,1.3413767022,1.6871056125900001,1.04812521241
1,All Population,5,Prevalence,87,Luxembourg,3,Both,22,All ages,554,Motor neuron disease,3,Rate,2018,11.78293839324,13.5484737585,10.04852852762
1,All Population,5,Prevalence,165,Pakistan,3,Both,22,All ages,554,Motor neuron disease,3,Rate,2018,1.5666322343699999,1.98682958287,1.1922627575
1,All Population,5,Prevalence,176,Comoros,3,Both,22,All ages,554,Motor neuron disease,3,Rate,2018,1.30433929752,1.63928736191,1.0153850608800001
1,All Population,5,Prevalence,144,Jordan,3,Both,22,All ages,554,Motor neuron disease,3,Rate,2018,2.74183702874,3.3369352850499996,2.1779761415
1,All Population,5,Prevalence,186,Seychelles,3,Both,22,All ages,554,Motor neuron disease,3,Rate,2018,2.00807716437,2.37048086887,1.64314556264
1,All Population,5,Prevalence,298,American Samoa,3,Both,22,All ages,554,Motor neuron disease,3,Rate,2018,1.7990244978499998,2.20774523532,1.42657428877
1,All Population,5,Prevalence,177,Djibouti,3,Both,22,All ages,554,Motor neuron disease,3,Rate,2018,1.3236172899899998,1.6658384420099999,1.01424890626
1,All Population,5,Prevalence,212,Mauritania,3,Both,22,All ages,554,Motor neuron disease,3,Rate,2018,1.41505157778,1.75089680312,1.10516549683
1,All Population,5,Prevalence,68,Republic of Korea,3,Both,22,All ages,554,Motor neuron disease,3,Rate,2018,4.39070678488,5.2398692988,3.6307122138
1,All Population,5,Prevalence,113,Guyana,3,Both,22,All ages,554,Motor neuron disease,3,Rate,2018,1.7780853176999998,2.1285079314499997,1.4403200681100001
1,All Population,5,Prevalence,57,Belarus,3,Both,22,All ages,554,Motor neuron disease,3,Rate,2018,4.65822662878,5.42820433055,3.97080413578
1,All Population,5,Prevalence,145,Kuwait,3,Both,22,All ages,554,Motor neuron disease,3,Rate,2018,3.50246854252,4.24721489012,2.78029027808
1,All Population,5,Prevalence,380,Palau,3,Both,22,All ages,554,Motor neuron disease,3,Rate,2018,1.5897280870900001,1.91269742878,1.27806837553
1,All Population,5,Prevalence,211,Mali,3,Both,22,All ages,554,Motor neuron disease,3,Rate,2018,1.50331727551,1.80321936862,1.22027542659
1,All Population,5,Prevalence,133,Venezuela (Bolivarian Republic of),3,Both,22,All ages,554,Motor neuron disease,3,Rate,2018,2.08529948805,2.45971146029,1.70803844654
1,All Population,5,Prevalence,190,Uganda,3,Both,22,All ages,554,Motor neuron disease,3,Rate,2018,0.94618869994,1.21813203729,0.71894436225
1,All Population,5,Prevalence,102,United States of America,3,Both,22,All ages,554,Motor neuron disease,3,Rate,2018,11.442969252240001,12.28486067897,10.70666367746
1,All Population,5,Prevalence,178,Eritrea,3,Both,22,All ages,554,Motor neuron disease,3,Rate,2018,1.23847655391,1.55971151047,0.95876066916
1,All Population,5,Prevalence,320,Cook Islands,3,Both,22,All ages,554,Motor neuron disease,3,Rate,2018,2.2170316480800003,2.6418362279400003,1.80168666186
1,All Population,5,Prevalence,191,Zambia,3,Both,22,All ages,554,Motor neuron disease,3,Rate,2018,1.19934403505,1.54449190372,0.91301175518
1,All Population,5,Prevalence,351,Guam,3,Both,22,All ages,554,Motor neuron disease,3,Rate,2018,1.9759804371499998,2.38289352723,1.6045605635400002
1,All Population,5,Prevalence,179,Ethiopia,3,Both,22,All ages,554,Motor neuron disease,3,Rate,2018,1.08689524794,1.43010592514,0.80256258485
1,All Population,5,Prevalence,393,Saint Kitts and Nevis,3,Both,22,All ages,554,Motor neuron disease,3,Rate,2018,3.0596957696500002,3.5210422296100004,2.5995619408299997
1,All Population,5,Prevalence,115,Jamaica,3,Both,22,All ages,554,Motor neuron disease,3,Rate,2018,2.80529375568,3.30104606583,2.32805711706
1,All Population,5,Prevalence,147,Libya,3,Both,22,All ages,554,Motor neuron disease,3,Rate,2018,2.32572293074,2.8213978905699997,1.80798176574
1,All Population,5,Prevalence,180,Kenya,3,Both,22,All ages,554,Motor neuron disease,3,Rate,2018,1.12927315225,1.4834854317000001,0.82984960037
1,All Population,5,Prevalence,160,Afghanistan,3,Both,22,All ages,554,Motor neuron disease,3,Rate,2018,1.75806423614,2.1830895413099998,1.35215763373
1,All Population,5,Prevalence,193,Botswana,3,Both,22,All ages,554,Motor neuron disease,3,Rate,2018,1.64129439693,2.04490141346,1.28707191695
1,All Population,5,Prevalence,149,Palestine,3,Both,22,All ages,554,Motor neuron disease,3,Rate,2018,2.56246177936,3.1526934920200005,2.02541934759
1,All Population,5,Prevalence,367,Monaco,3,Both,22,All ages,554,Motor neuron disease,3,Rate,2018,9.8090455844,11.72781286011,8.20887761108
1,All Population,5,Prevalence,206,Gambia,3,Both,22,All ages,554,Motor neuron disease,3,Rate,2018,1.21092065568,1.54882149935,0.93077777956
1,All Population,5,Prevalence,369,Nauru,3,Both,22,All ages,554,Motor neuron disease,3,Rate,2018,1.19591283266,1.49166426715,0.8958276997399999
1,All Population,5,Prevalence,195,Namibia,3,Both,22,All ages,554,Motor neuron disease,3,Rate,2018,1.59918673778,2.01984952575,1.23904391055
1,All Population,5,Prevalence,162,Bhutan,3,Both,22,All ages,554,Motor neuron disease,3,Rate,2018,1.81372443618,2.26376930827,1.4113530910699998
1,All Population,5,Prevalence,17,Sri Lanka,3,Both,22,All ages,554,Motor neuron disease,3,Rate,2019,1.7025548687799998,2.0684011015499997,1.34449940877
1,All Population,5,Prevalence,28,Solomon Islands,3,Both,22,All ages,554,Motor neuron disease,3,Rate,2019,1.28792623095,1.60779048773,0.9951639508500001
1,All Population,5,Prevalence,19,Timor-Leste,3,Both,22,All ages,554,Motor neuron disease,3,Rate,2019,1.32228982402,1.66752486444,1.01180951709
1,All Population,5,Prevalence,208,Guinea,3,Both,22,All ages,554,Motor neuron disease,3,Rate,2018,1.0292789706,1.30950006282,0.78279540152
1,All Population,5,Prevalence,30,Vanuatu,3,Both,22,All ages,554,Motor neuron disease,3,Rate,2019,1.5030206047599999,1.83119061299,1.16395494547
1,All Population,5,Prevalence,197,Eswatini,3,Both,22,All ages,554,Motor neuron disease,3,Rate,2018,1.6153785919399999,2.0222332867,1.26051512027
1,All Population,5,Prevalence,33,Armenia,3,Both,22,All ages,554,Motor neuron disease,3,Rate,2018,2.61827990524,3.15585694936,2.10187642933
1,All Population,5,Prevalence,376,Northern Mariana Islands,3,Both,22,All ages,554,Motor neuron disease,3,Rate,2018,2.02541759344,2.46457071161,1.6008810447100001
1,All Population,5,Prevalence,44,Bosnia and Herzegovina,3,Both,22,All ages,554,Motor neuron disease,3,Rate,2018,3.46064657646,4.1649196171,2.8322673633099997
1,All Population,5,Prevalence,75,Austria,3,Both,22,All ages,554,Motor neuron disease,3,Rate,2019,12.79712422593,14.84065970039,11.04133836519
1,All Population,5,Prevalence,43,Albania,3,Both,22,All ages,554,Motor neuron disease,3,Rate,2019,3.01172437378,3.57956292196,2.50039497531
1,All Population,5,Prevalence,210,Liberia,3,Both,22,All ages,554,Motor neuron disease,3,Rate,2018,1.00358251369,1.28849963551,0.76157468751
1,All Population,5,Prevalence,22,Fiji,3,Both,22,All ages,554,Motor neuron disease,3,Rate,2019,1.7149315845600002,2.06940746716,1.3435693339299999
1,All Population,5,Prevalence,77,Cyprus,3,Both,22,All ages,554,Motor neuron disease,3,Rate,2019,7.9016574049,9.092645827290001,6.772704663870001
1,All Population,5,Prevalence,12,Lao People's Democratic Republic,3,Both,22,All ages,554,Motor neuron disease,3,Rate,2018,1.46411342694,1.8264409924599998,1.15139673913
1,All Population,5,Prevalence,11,Indonesia,3,Both,22,All ages,554,Motor neuron disease,3,Rate,2019,1.3337559446,1.69525334147,1.01690361241
1,All Population,5,Prevalence,111,Dominican Republic,3,Both,22,All ages,554,Motor neuron disease,3,Rate,2019,2.5288409980699997,2.99272005676,2.08208602692
1,All Population,5,Prevalence,122,Ecuador,3,Both,22,All ages,554,Motor neuron disease,3,Rate,2019,1.8025441469499999,2.12873098693,1.46627830642
1,All Population,5,Prevalence,46,Croatia,3,Both,22,All ages,554,Motor neuron disease,3,Rate,2018,5.08699210376,5.92652764986,4.36252323458
1,All Population,5,Prevalence,45,Bulgaria,3,Both,22,All ages,554,Motor neuron disease,3,Rate,2019,3.0453879117600002,3.61844089933,2.5193916244
1,All Population,5,Prevalence,91,Portugal,3,Both,22,All ages,554,Motor neuron disease,3,Rate,2018,11.49458566419,13.32150591151,9.93204295968
1,All Population,5,Prevalence,80,France,3,Both,22,All ages,554,Motor neuron disease,3,Rate,2018,16.40665883547,18.69361008244,14.22549213583
1,All Population,5,Prevalence,34,Azerbaijan,3,Both,22,All ages,554,Motor neuron disease,3,Rate,2019,2.47054616164,3.01244844927,1.9412250325
1,All Population,5,Prevalence,24,Marshall Islands,3,Both,22,All ages,554,Motor neuron disease,3,Rate,2019,1.3860125135,1.71884210273,1.06490650357
1,All Population,5,Prevalence,79,Finland,3,Both,22,All ages,554,Motor neuron disease,3,Rate,2019,18.01278610441,21.029569977330002,15.348200625499999
1,All Population,5,Prevalence,14,Maldives,3,Both,22,All ages,554,Motor neuron disease,3,Rate,2018,1.6480693342800001,2.05259787011,1.2778040335299998
1,All Population,5,Prevalence,90,Norway,3,Both,22,All ages,554,Motor neuron disease,3,Rate,2019,17.019949229639998,19.83781635798,14.60650123385
1,All Population,5,Prevalence,35,Georgia,3,Both,22,All ages,554,Motor neuron disease,3,Rate,2019,2.6882035800299997,3.2063163678,2.20987986927
1,All Population,5,Prevalence,13,Malaysia,3,Both,22,All ages,554,Motor neuron disease,3,Rate,2019,1.63276536916,2.0170739848,1.29797829522
1,All Population,5,Prevalence,58,Estonia,3,Both,22,All ages,554,Motor neuron disease,3,Rate,2019,4.06317928202,4.7205542974,3.3467901706100003
1,All Population,5,Prevalence,135,Brazil,3,Both,22,All ages,554,Motor neuron disease,3,Rate,2019,3.0054340870300003,3.50592870375,2.50671136295
1,All Population,5,Prevalence,59,Latvia,3,Both,22,All ages,554,Motor neuron disease,3,Rate,2018,3.97169590227,4.56419266313,3.35402840663
1,All Population,5,Prevalence,47,Czechia,3,Both,22,All ages,554,Motor neuron disease,3,Rate,2019,5.08790269221,5.90862018591,4.30145085277
1,All Population,5,Prevalence,15,Myanmar,3,Both,22,All ages,554,Motor neuron disease,3,Rate,2019,1.53421707225,1.87369167089,1.2224617768000001
1,All Population,5,Prevalence,92,Spain,3,Both,22,All ages,554,Motor neuron disease,3,Rate,2019,12.638178878449999,14.412321878859998,10.69213071389
1,All Population,5,Prevalence,169,Central African Republic,3,Both,22,All ages,554,Motor neuron disease,3,Rate,2019,0.8812700295699999,1.1243270923200002,0.67113102667
1,All Population,5,Prevalence,48,Hungary,3,Both,22,All ages,554,Motor neuron disease,3,Rate,2018,4.78673684657,5.460727088920001,4.14475978641
1,All Population,5,Prevalence,69,Singapore,3,Both,22,All ages,554,Motor neuron disease,3,Rate,2019,3.41693296175,3.9865583844,2.8574758511
1,All Population,5,Prevalence,26,Papua New Guinea,3,Both,22,All ages,554,Motor neuron disease,3,Rate,2019,1.20357808386,1.5164313483,0.9365148793100001
1,All Population,5,Prevalence,93,Sweden,3,Both,22,All ages,554,Motor neuron disease,3,Rate,2018,19.934706859680002,23.26706281318,16.93398983685
1,All Population,5,Prevalence,37,Kyrgyzstan,3,Both,22,All ages,554,Motor neuron disease,3,Rate,2019,2.3056437924999997,2.79061192796,1.8379954002999999
1,All Population,5,Prevalence,16,Philippines,3,Both,22,All ages,554,Motor neuron disease,3,Rate,2018,1.45833520655,1.8568539082,1.10823965962
1,All Population,5,Prevalence,126,Costa Rica,3,Both,22,All ages,554,Motor neuron disease,3,Rate,2019,3.6580167798,4.20023347327,3.14650701143
1,All Population,5,Prevalence,60,Lithuania,3,Both,22,All ages,554,Motor neuron disease,3,Rate,2019,6.010954083960001,6.9501644250100005,5.18725536259
1,All Population,5,Prevalence,40,Turkmenistan,3,Both,22,All ages,554,Motor neuron disease,3,Rate,2019,2.3428062824299998,2.8177678886399997,1.8433661159999999
1,All Population,5,Prevalence,106,Bahamas,3,Both,22,All ages,554,Motor neuron disease,3,Rate,2018,3.2135717599799998,3.72448433228,2.69006496735
1,All Population,5,Prevalence,6,China,3,Both,22,All ages,554,Motor neuron disease,3,Rate,2019,2.30293345179,2.77639345598,1.84977590069
1,All Population,5,Prevalence,82,Greece,3,Both,22,All ages,554,Motor neuron disease,3,Rate,2019,10.01389035311,11.638768804489999,8.51914567958
1,All Population,5,Prevalence,29,Tonga,3,Both,22,All ages,554,Motor neuron disease,3,Rate,2018,1.88058307783,2.29536264834,1.47876124936
1,All Population,5,Prevalence,61,Republic of Moldova,3,Both,22,All ages,554,Motor neuron disease,3,Rate,2018,2.78495415527,3.29822975233,2.2899749528199997
1,All Population,5,Prevalence,51,Poland,3,Both,22,All ages,554,Motor neuron disease,3,Rate,2019,5.17179824458,6.0433581725500005,4.3651284722999995
1,All Population,5,Prevalence,105,Antigua and Barbuda,3,Both,22,All ages,554,Motor neuron disease,3,Rate,2019,3.06106357911,3.58645645886,2.5718888453499997
1,All Population,5,Prevalence,94,Switzerland,3,Both,22,All ages,554,Motor neuron disease,3,Rate,2019,15.40482814568,17.82878425301,13.14149390967
1,All Population,5,Prevalence,49,North Macedonia,3,Both,22,All ages,554,Motor neuron disease,3,Rate,2019,3.1272462094,3.7704812138,2.5621927597900003
1,All Population,5,Prevalence,71,Australia,3,Both,22,All ages,554,Motor neuron disease,3,Rate,2019,12.3719357297,14.30023034073,10.51633339189
1,All Population,5,Prevalence,182,Malawi,3,Both,22,All ages,554,Motor neuron disease,3,Rate,2019,1.15208321781,1.46052702358,0.8861280237900001
1,All Population,5,Prevalence,171,Democratic Republic of the Congo,3,Both,22,All ages,554,Motor neuron disease,3,Rate,2019,0.9170541882900001,1.17737976299,0.68786417682
1,All Population,5,Prevalence,116,Saint Lucia,3,Both,22,All ages,554,Motor neuron disease,3,Rate,2019,3.07092915411,3.53941733096,2.59523737304
1,All Population,5,Prevalence,50,Montenegro,3,Both,22,All ages,554,Motor neuron disease,3,Rate,2018,3.2882253270799997,3.90143071876,2.69059363554
1,All Population,5,Prevalence,139,Algeria,3,Both,22,All ages,554,Motor neuron disease,3,Rate,2019,2.42470201298,2.93918926624,1.9578340159099998
1,All Population,5,Prevalence,127,El Salvador,3,Both,22,All ages,554,Motor neuron disease,3,Rate,2019,1.91850378411,2.31694787558,1.5175291690500001
1,All Population,5,Prevalence,140,Bahrain,3,Both,22,All ages,554,Motor neuron disease,3,Rate,2018,2.8990606735599997,3.5896480963899995,2.28940948236
1,All Population,5,Prevalence,39,Tajikistan,3,Both,22,All ages,554,Motor neuron disease,3,Rate,2019,2.0996668772400002,2.56327210587,1.66571000945
1,All Population,5,Prevalence,18,Thailand,3,Both,22,All ages,554,Motor neuron disease,3,Rate,2018,1.82423739176,2.22151793985,1.4540434361699999
1,All Population,5,Prevalence,217,Sierra Leone,3,Both,22,All ages,554,Motor neuron disease,3,Rate,2019,1.03459656022,1.3288855985999999,0.78569300707
1,All Population,5,Prevalence,7,Democratic People's Republic of Korea,3,Both,22,All ages,554,Motor neuron disease,3,Rate,2019,2.36320422297,2.82814357472,1.92372763841
1,All Population,5,Prevalence,95,United Kingdom,3,Both,22,All ages,554,Motor neuron disease,3,Rate,2018,17.06571421695,19.98044925114,14.50030001638
1,All Population,5,Prevalence,151,Qatar,3,Both,22,All ages,554,Motor neuron disease,3,Rate,2018,3.2587088493399996,4.13264464472,2.55597439003
1,All Population,5,Prevalence,84,Ireland,3,Both,22,All ages,554,Motor neuron disease,3,Rate,2019,17.872666345899997,20.6875814907,15.10917826516
1,All Population,5,Prevalence,62,Russian Federation,3,Both,22,All ages,554,Motor neuron disease,3,Rate,2019,3.7720390506499997,4.4371844365,3.1556813620899997
1,All Population,5,Prevalence,52,Romania,3,Both,22,All ages,554,Motor neuron disease,3,Rate,2019,3.3557031971500004,3.99796228826,2.7884730719
1,All Population,5,Prevalence,108,Belize,3,Both,22,All ages,554,Motor neuron disease,3,Rate,2018,2.24163329058,2.66510113054,1.7616721377200002
1,All Population,5,Prevalence,118,Suriname,3,Both,22,All ages,554,Motor neuron disease,3,Rate,2019,2.11439627545,2.46466308344,1.74426612625
1,All Population,5,Prevalence,107,Barbados,3,Both,22,All ages,554,Motor neuron disease,3,Rate,2019,4.3611364512,5.00949404015,3.73625194071
1,All Population,5,Prevalence,74,Andorra,3,Both,22,All ages,554,Motor neuron disease,3,Rate,2018,15.60643790972,18.60766805373,13.3557503222
1,All Population,5,Prevalence,173,Gabon,3,Both,22,All ages,554,Motor neuron disease,3,Rate,2019,1.14191862691,1.43082133748,0.8925481483800001
1,All Population,5,Prevalence,8,Taiwan,3,Both,22,All ages,554,Motor neuron disease,3,Rate,2019,3.4572310873600003,3.98165897411,2.89620828881
1,All Population,5,Prevalence,141,Egypt,3,Both,22,All ages,554,Motor neuron disease,3,Rate,2019,2.13163443268,2.5943923180199997,1.6865120990299998
1,All Population,5,Prevalence,184,Mozambique,3,Both,22,All ages,554,Motor neuron disease,3,Rate,2019,1.2135104456599999,1.5270206527,0.9321703712000001
1,All Population,5,Prevalence,41,Uzbekistan,3,Both,22,All ages,554,Motor neuron disease,3,Rate,2019,2.36207022717,2.87460967484,1.86566190013
1,All Population,5,Prevalence,129,Honduras,3,Both,22,All ages,554,Motor neuron disease,3,Rate,2019,1.96077648522,2.36843320988,1.5618577521199999
1,All Population,5,Prevalence,53,Serbia,3,Both,22,All ages,554,Motor neuron disease,3,Rate,2019,3.32142243177,3.96319163366,2.72663418908
1,All Population,5,Prevalence,97,Argentina,3,Both,22,All ages,554,Motor neuron disease,3,Rate,2019,4.954772552270001,5.69315378008,4.18359634836
1,All Population,5,Prevalence,86,Italy,3,Both,22,All ages,554,Motor neuron disease,3,Rate,2019,14.82909377661,17.35379971831,12.6133176966
1,All Population,5,Prevalence,142,Iran (Islamic Republic of),3,Both,22,All ages,554,Motor neuron disease,3,Rate,2018,2.86978709369,3.50930204576,2.22364512049
1,All Population,5,Prevalence,185,Rwanda,3,Both,22,All ages,554,Motor neuron disease,3,Rate,2018,0.97892288374,1.24722542958,0.75060585184
1,All Population,5,Prevalence,63,Ukraine,3,Both,22,All ages,554,Motor neuron disease,3,Rate,2018,2.86482445096,3.3955753729400002,2.31817600999
1,All Population,5,Prevalence,152,Saudi Arabia,3,Both,22,All ages,554,Motor neuron disease,3,Rate,2019,2.5202468117600003,3.0961731899,1.9727269908499998
1,All Population,5,Prevalence,121,Bolivia (Plurinational State of),3,Both,22,All ages,554,Motor neuron disease,3,Rate,2018,1.9472226101899999,2.3074843609099998,1.59968201275
1,All Population,5,Prevalence,153,Syrian Arab Republic,3,Both,22,All ages,554,Motor neuron disease,3,Rate,2018,2.55376460518,3.0780969361799997,2.08124719091
1,All Population,5,Prevalence,20,Viet Nam,3,Both,22,All ages,554,Motor neuron disease,3,Rate,2019,1.7983322198600002,2.18288956091,1.4441088411599998
1,All Population,5,Prevalence,98,Chile,3,Both,22,All ages,554,Motor neuron disease,3,Rate,2019,6.31662080678,7.239887077040001,5.4914290158900005
1,All Population,5,Prevalence,109,Cuba,3,Both,22,All ages,554,Motor neuron disease,3,Rate,2019,3.61606865114,4.16523104853,3.06456475292
1,All Population,5,Prevalence,87,Luxembourg,3,Both,22,All ages,554,Motor neuron disease,3,Rate,2019,11.85079500085,13.589926836710001,10.09893499185
1,All Population,5,Prevalence,54,Slovakia,3,Both,22,All ages,554,Motor neuron disease,3,Rate,2019,3.7722316619800003,4.43274133616,3.1199988894199997
1,All Population,5,Prevalence,163,India,3,Both,22,All ages,554,Motor neuron disease,3,Rate,2019,1.56870580527,1.9781267117899999,1.19998975029
1,All Population,5,Prevalence,110,Dominica,3,Both,22,All ages,554,Motor neuron disease,3,Rate,2018,3.1135828945500004,3.5730202288699995,2.6592251648
1,All Population,5,Prevalence,76,Belgium,3,Both,22,All ages,554,Motor neuron disease,3,Rate,2018,15.51623929668,18.068608465649998,13.306601574280002
1,All Population,5,Prevalence,198,Zimbabwe,3,Both,22,All ages,554,Motor neuron disease,3,Rate,2019,1.35340890245,1.69414500485,1.0511328962900002
1,All Population,5,Prevalence,99,Uruguay,3,Both,22,All ages,554,Motor neuron disease,3,Rate,2019,6.55472563848,7.4730004897899995,5.67591491915
1,All Population,5,Prevalence,131,Nicaragua,3,Both,22,All ages,554,Motor neuron disease,3,Rate,2019,1.91443615732,2.3314879482100004,1.5143212477699999
1,All Population,5,Prevalence,10,Cambodia,3,Both,22,All ages,554,Motor neuron disease,3,Rate,2019,1.3490480010700001,1.6735104335400002,1.05857198823
1,All Population,5,Prevalence,298,American Samoa,3,Both,22,All ages,554,Motor neuron disease,3,Rate,2019,1.8059458121999998,2.21688109422,1.43708129172
1,All Population,5,Prevalence,23,Kiribati,3,Both,22,All ages,554,Motor neuron disease,3,Rate,2019,1.32685928979,1.6144933173200002,1.06583958796
1,All Population,5,Prevalence,66,Brunei Darussalam,3,Both,22,All ages,554,Motor neuron disease,3,Rate,2019,2.28478732155,2.74437149991,1.8544963682199997
1,All Population,5,Prevalence,186,Seychelles,3,Both,22,All ages,554,Motor neuron disease,3,Rate,2019,2.02275061239,2.37354218321,1.66198430075
1,All Population,5,Prevalence,55,Slovenia,3,Both,22,All ages,554,Motor neuron disease,3,Rate,2019,3.989225408,4.76787183374,3.2773268434500005
1,All Population,5,Prevalence,154,Tunisia,3,Both,22,All ages,554,Motor neuron disease,3,Rate,2019,2.79982893808,3.37208038803,2.27562896185
1,All Population,5,Prevalence,187,Somalia,3,Both,22,All ages,554,Motor neuron disease,3,Rate,2018,0.82870658044,1.05865698848,0.62896271844
1,All Population,5,Prevalence,155,Türkiye,3,Both,22,All ages,554,Motor neuron disease,3,Rate,2018,4.1519224156000005,4.80128603832,3.54808460835
1,All Population,5,Prevalence,176,Comoros,3,Both,22,All ages,554,Motor neuron disease,3,Rate,2019,1.31814079942,1.6534560956400002,1.02737993653
1,All Population,5,Prevalence,88,Malta,3,Both,22,All ages,554,Motor neuron disease,3,Rate,2019,11.26148620856,12.859637234060001,9.785128845260001
1,All Population,5,Prevalence,211,Mali,3,Both,22,All ages,554,Motor neuron disease,3,Rate,2019,1.51075320572,1.81764835987,1.2289806956
1,All Population,5,Prevalence,123,Peru,3,Both,22,All ages,554,Motor neuron disease,3,Rate,2018,1.8349901686999999,2.21636543178,1.47054459912
1,All Population,5,Prevalence,200,Benin,3,Both,22,All ages,554,Motor neuron disease,3,Rate,2019,1.0868952993199998,1.39486206305,0.83600955995
1,All Population,5,Prevalence,89,Netherlands,3,Both,22,All ages,554,Motor neuron disease,3,Rate,2018,18.49892053114,21.00863579948,15.97234815003
1,All Population,5,Prevalence,112,Grenada,3,Both,22,All ages,554,Motor neuron disease,3,Rate,2019,2.42008186138,2.8458511962300004,2.0133592463500003
1,All Population,5,Prevalence,144,Jordan,3,Both,22,All ages,554,Motor neuron disease,3,Rate,2019,2.7620809236,3.35460999801,2.1956832252700003
1,All Population,5,Prevalence,165,Pakistan,3,Both,22,All ages,554,Motor neuron disease,3,Rate,2019,1.58839154163,2.0117394325199998,1.20613927671
1,All Population,5,Prevalence,36,Kazakhstan,3,Both,22,All ages,554,Motor neuron disease,3,Rate,2019,2.8067415969800003,3.3495222455399998,2.28556762114
1,All Population,5,Prevalence,145,Kuwait,3,Both,22,All ages,554,Motor neuron disease,3,Rate,2019,3.5044167101399997,4.24144962683,2.7969208709399997
1,All Population,5,Prevalence,189,United Republic of Tanzania,3,Both,22,All ages,554,Motor neuron disease,3,Rate,2019,1.11224945266,1.4239866321799999,0.85435296585
1,All Population,5,Prevalence,101,Canada,3,Both,22,All ages,554,Motor neuron disease,3,Rate,2019,18.31156961712,20.92464368374,15.63935962946
1,All Population,5,Prevalence,67,Japan,3,Both,22,All ages,554,Motor neuron disease,3,Rate,2019,9.08342033113,10.51811793645,7.712652105249999
1,All Population,5,Prevalence,320,Cook Islands,3,Both,22,All ages,554,Motor neuron disease,3,Rate,2019,2.23023484902,2.65363962901,1.81355649002
1,All Population,5,Prevalence,305,Bermuda,3,Both,22,All ages,554,Motor neuron disease,3,Rate,2018,6.56441120983,7.52829600232,5.63367312588
1,All Population,5,Prevalence,133,Venezuela (Bolivarian Republic of),3,Both,22,All ages,554,Motor neuron disease,3,Rate,2019,2.10832635223,2.48391073999,1.72729521632
1,All Population,5,Prevalence,78,Denmark,3,Both,22,All ages,554,Motor neuron disease,3,Rate,2018,15.978560995390001,18.33704094314,13.74534306723
1,All Population,5,Prevalence,156,United Arab Emirates,3,Both,22,All ages,554,Motor neuron disease,3,Rate,2019,2.95443702798,3.73863555098,2.25600095581
1,All Population,5,Prevalence,393,Saint Kitts and Nevis,3,Both,22,All ages,554,Motor neuron disease,3,Rate,2019,3.09466139568,3.57188835578,2.6410422920500003
1,All Population,5,Prevalence,57,Belarus,3,Both,22,All ages,554,Motor neuron disease,3,Rate,2019,4.69045123397,5.44900779403,4.00452056106
1,All Population,5,Prevalence,178,Eritrea,3,Both,22,All ages,554,Motor neuron disease,3,Rate,2019,1.24927240879,1.5689192845100002,0.9662992155200001
1,All Population,5,Prevalence,201,Burkina Faso,3,Both,22,All ages,554,Motor neuron disease,3,Rate,2018,1.05679029043,1.34755829251,0.8093944285
1,All Population,5,Prevalence,25,Micronesia (Federated States of),3,Both,22,All ages,554,Motor neuron disease,3,Rate,2019,1.34527182032,1.6790856673599999,1.03947413626
1,All Population,5,Prevalence,190,Uganda,3,Both,22,All ages,554,Motor neuron disease,3,Rate,2019,0.9565439455500001,1.23078951781,0.7256354165
1,All Population,5,Prevalence,202,Cameroon,3,Both,22,All ages,554,Motor neuron disease,3,Rate,2019,1.03058179413,1.310909515,0.7861488772799999
1,All Population,5,Prevalence,213,Niger,3,Both,22,All ages,554,Motor neuron disease,3,Rate,2019,1.07810600465,1.37210772761,0.83873974234
1,All Population,5,Prevalence,114,Haiti,3,Both,22,All ages,554,Motor neuron disease,3,Rate,2019,1.6136169173700001,1.98308745959,1.2956142668700001
1,All Population,5,Prevalence,68,Republic of Korea,3,Both,22,All ages,554,Motor neuron disease,3,Rate,2019,4.48802403283,5.36141521026,3.7000082554800002
1,All Population,5,Prevalence,146,Lebanon,3,Both,22,All ages,554,Motor neuron disease,3,Rate,2019,3.02069908712,3.62699635395,2.43726434588
1,All Population,5,Prevalence,168,Angola,3,Both,22,All ages,554,Motor neuron disease,3,Rate,2018,1.1702045373,1.48177739239,0.8997874746000001
1,All Population,5,Prevalence,157,Yemen,3,Both,22,All ages,554,Motor neuron disease,3,Rate,2018,1.5173230060599998,1.8636993332299998,1.18450442663
1,All Population,5,Prevalence,113,Guyana,3,Both,22,All ages,554,Motor neuron disease,3,Rate,2019,1.7950992780700001,2.14852469842,1.45338920063
1,All Population,5,Prevalence,81,Germany,3,Both,22,All ages,554,Motor neuron disease,3,Rate,2019,14.4098903258,16.67033569037,12.446932694240001
1,All Population,5,Prevalence,125,Colombia,3,Both,22,All ages,554,Motor neuron disease,3,Rate,2018,2.36289318625,2.73340130456,1.97961606246
1,All Population,5,Prevalence,136,Paraguay,3,Both,22,All ages,554,Motor neuron disease,3,Rate,2018,2.6122919374199998,3.10820370864,2.11546280791
1,All Population,5,Prevalence,396,San Marino,3,Both,22,All ages,554,Motor neuron disease,3,Rate,2018,7.5290669699,9.12153814086,6.1703399039399995
1,All Population,5,Prevalence,349,Greenland,3,Both,22,All ages,554,Motor neuron disease,3,Rate,2018,9.65517433307,11.22670649115,8.21618137935
1,All Population,5,Prevalence,180,Kenya,3,Both,22,All ages,554,Motor neuron disease,3,Rate,2019,1.1512485833200001,1.50700885415,0.8465574040999999
1,All Population,5,Prevalence,102,United States of America,3,Both,22,All ages,554,Motor neuron disease,3,Rate,2019,11.65781471286,12.523830576109999,10.8872158907
1,All Population,5,Prevalence,38,Mongolia,3,Both,22,All ages,554,Motor neuron disease,3,Rate,2019,2.49910573774,2.9961668671800004,2.00778329116
1,All Population,5,Prevalence,147,Libya,3,Both,22,All ages,554,Motor neuron disease,3,Rate,2019,2.32533080781,2.82259052125,1.81220508568
1,All Population,5,Prevalence,413,Tokelau,3,Both,22,All ages,554,Motor neuron disease,3,Rate,2019,1.6097565290300002,1.9576089796999998,1.28139454301
1,All Population,5,Prevalence,27,Samoa,3,Both,22,All ages,554,Motor neuron disease,3,Rate,2019,1.6446855065100001,2.0083475070400003,1.29670568616
1,All Population,5,Prevalence,204,Chad,3,Both,22,All ages,554,Motor neuron disease,3,Rate,2019,1.08611782692,1.3911550079700001,0.8372121346200001
1,All Population,5,Prevalence,203,Cabo Verde,3,Both,22,All ages,554,Motor neuron disease,3,Rate,2018,1.6331633341300003,2.02704817895,1.2746416147200001
1,All Population,5,Prevalence,214,Nigeria,3,Both,22,All ages,554,Motor neuron disease,3,Rate,2018,1.10546286956,1.44117081603,0.8175437549200001
1,All Population,5,Prevalence,181,Madagascar,3,Both,22,All ages,554,Motor neuron disease,3,Rate,2018,1.2978520929400001,1.63090558436,1.00080077033
1,All Population,5,Prevalence,215,Sao Tome and Principe,3,Both,22,All ages,554,Motor neuron disease,3,Rate,2019,1.25716264963,1.54177866113,0.9923405853799999
1,All Population,5,Prevalence,193,Botswana,3,Both,22,All ages,554,Motor neuron disease,3,Rate,2019,1.65538829478,2.06830458963,1.30345177896
1,All Population,5,Prevalence,148,Morocco,3,Both,22,All ages,554,Motor neuron disease,3,Rate,2019,2.40100187186,2.9163556351,1.92085005694
1,All Population,5,Prevalence,205,Côte d'Ivoire,3,Both,22,All ages,554,Motor neuron disease,3,Rate,2019,1.11040262884,1.42023543285,0.8393215273
1,All Population,5,Prevalence,170,Congo,3,Both,22,All ages,554,Motor neuron disease,3,Rate,2018,1.01321978286,1.29813108109,0.7708526072199999
1,All Population,5,Prevalence,160,Afghanistan,3,Both,22,All ages,554,Motor neuron disease,3,Rate,2019,1.77092774731,2.20466884537,1.36277884565
1,All Population,5,Prevalence,161,Bangladesh,3,Both,22,All ages,554,Motor neuron disease,3,Rate,2019,1.54340672992,1.91943241663,1.20160991402
1,All Population,5,Prevalence,416,Tuvalu,3,Both,22,All ages,554,Motor neuron disease,3,Rate,2018,1.2786583087399999,1.58228292437,1.0082677239
1,All Population,5,Prevalence,83,Iceland,3,Both,22,All ages,554,Motor neuron disease,3,Rate,2019,15.47498764333,17.719343216869998,13.11199678308
1,All Population,5,Prevalence,422,United States Virgin Islands,3,Both,22,All ages,554,Motor neuron disease,3,Rate,2019,5.27848736746,6.24397771791,4.51309326507
1,All Population,5,Prevalence,128,Guatemala,3,Both,22,All ages,554,Motor neuron disease,3,Rate,2019,1.7492554550500001,2.13516115476,1.39219907093
1,All Population,5,Prevalence,115,Jamaica,3,Both,22,All ages,554,Motor neuron disease,3,Rate,2019,2.82779804891,3.31889929153,2.35181023891
1,All Population,5,Prevalence,194,Lesotho,3,Both,22,All ages,554,Motor neuron disease,3,Rate,2019,1.61779348074,1.99395802487,1.2625990389600001
1,All Population,5,Prevalence,367,Monaco,3,Both,22,All ages,554,Motor neuron disease,3,Rate,2019,9.96197930589,11.92191467224,8.30942066041
1,All Population,5,Prevalence,150,Oman,3,Both,22,All ages,554,Motor neuron disease,3,Rate,2019,2.51882309994,3.1202806609700002,1.97547032066
1,All Population,5,Prevalence,207,Ghana,3,Both,22,All ages,554,Motor neuron disease,3,Rate,2019,1.16923898846,1.48278453858,0.89217837139
1,All Population,5,Prevalence,149,Palestine,3,Both,22,All ages,554,Motor neuron disease,3,Rate,2019,2.58253932446,3.1732107639700002,2.05221290248
1,All Population,5,Prevalence,183,Mauritius,3,Both,22,All ages,554,Motor neuron disease,3,Rate,2018,2.23823958548,2.6558262834399997,1.83902787902
1,All Population,5,Prevalence,206,Gambia,3,Both,22,All ages,554,Motor neuron disease,3,Rate,2019,1.22274922186,1.55948124557,0.94169981956
1,All Population,5,Prevalence,369,Nauru,3,Both,22,All ages,554,Motor neuron disease,3,Rate,2019,1.20710070892,1.5056543711800001,0.9054399034799999
1,All Population,5,Prevalence,195,Namibia,3,Both,22,All ages,554,Motor neuron disease,3,Rate,2019,1.6140621379200002,2.0304821247400002,1.24574258414
1,All Population,5,Prevalence,72,New Zealand,3,Both,22,All ages,554,Motor neuron disease,3,Rate,2019,12.24752480796,14.21152557781,10.60745046986
1,All Population,5,Prevalence,216,Senegal,3,Both,22,All ages,554,Motor neuron disease,3,Rate,2018,1.24545694051,1.5691493988799998,0.96081059102
1,All Population,5,Prevalence,172,Equatorial Guinea,3,Both,22,All ages,554,Motor neuron disease,3,Rate,2018,1.11098667216,1.43628151567,0.8436276272100001
1,All Population,5,Prevalence,162,Bhutan,3,Both,22,All ages,554,Motor neuron disease,3,Rate,2019,1.83372357238,2.28601490121,1.4264438105200001
1,All Population,5,Prevalence,130,Mexico,3,Both,22,All ages,554,Motor neuron disease,3,Rate,2019,2.7066128154399998,3.19295095428,2.1858550709499998
1,All Population,5,Prevalence,522,Sudan,3,Both,22,All ages,554,Motor neuron disease,3,Rate,2018,1.55202813787,1.9205504133100002,1.20578204737
1,All Population,5,Prevalence,196,South Africa,3,Both,22,All ages,554,Motor neuron disease,3,Rate,2019,1.80119484913,2.25852710597,1.36987559052
1,All Population,5,Prevalence,117,Saint Vincent and the Grenadines,3,Both,22,All ages,554,Motor neuron disease,3,Rate,2019,2.53773050711,2.96861838949,2.12270883724
1,All Population,5,Prevalence,209,Guinea-Bissau,3,Both,22,All ages,554,Motor neuron disease,3,Rate,2019,1.04498680751,1.33883419995,0.79507857574
1,All Population,5,Prevalence,435,South Sudan,3,Both,22,All ages,554,Motor neuron disease,3,Rate,2019,1.06770027136,1.372103769,0.81371508919
1,All Population,5,Prevalence,374,Niue,3,Both,22,All ages,554,Motor neuron disease,3,Rate,2019,1.96442680385,2.32881537996,1.59271932482
1,All Population,5,Prevalence,85,Israel,3,Both,22,All ages,554,Motor neuron disease,3,Rate,2019,7.195068223960001,8.22276855719,6.2280023379900005
1,All Population,5,Prevalence,175,Burundi,3,Both,22,All ages,554,Motor neuron disease,3,Rate,2019,0.9207587901700001,1.18709925766,0.7033041071
1,All Population,5,Prevalence,376,Northern Mariana Islands,3,Both,22,All ages,554,Motor neuron disease,3,Rate,2019,2.05382091227,2.49074914062,1.63194369963
1,All Population,5,Prevalence,218,Togo,3,Both,22,All ages,554,Motor neuron disease,3,Rate,2018,1.05420102026,1.3464831904499999,0.80218657323
1,All Population,5,Prevalence,208,Guinea,3,Both,22,All ages,554,Motor neuron disease,3,Rate,2019,1.04136385331,1.32210987289,0.79400533293
1,All Population,5,Prevalence,164,Nepal,3,Both,22,All ages,554,Motor neuron disease,3,Rate,2019,1.63927705183,2.0140851183899997,1.2847850281
1,All Population,5,Prevalence,197,Eswatini,3,Both,22,All ages,554,Motor neuron disease,3,Rate,2019,1.63075534964,2.04637311496,1.2698511581499998
1,All Population,5,Prevalence,132,Panama,3,Both,22,All ages,554,Motor neuron disease,3,Rate,2019,2.29754107721,2.70489482924,1.9122278670200001
1,All Population,5,Prevalence,143,Iraq,3,Both,22,All ages,554,Motor neuron disease,3,Rate,2019,2.53028952005,3.07444119977,2.04038359931
1,All Population,5,Prevalence,380,Palau,3,Both,22,All ages,554,Motor neuron disease,3,Rate,2019,1.6033571018300001,1.92336408458,1.29073986972
1,All Population,5,Prevalence,119,Trinidad and Tobago,3,Both,22,All ages,554,Motor neuron disease,3,Rate,2019,2.64330755818,3.07617564379,2.20719284084
1,All Population,5,Prevalence,177,Djibouti,3,Both,22,All ages,554,Motor neuron disease,3,Rate,2019,1.33968784703,1.68438067205,1.02974141979
1,All Population,5,Prevalence,385,Puerto Rico,3,Both,22,All ages,554,Motor neuron disease,3,Rate,2018,4.54822602605,5.23751402959,3.8396142010000003
1,All Population,5,Prevalence,34,Azerbaijan,3,Both,22,All ages,554,Motor neuron disease,3,Rate,2020,2.48644313062,3.0306006718900003,1.9530381942400001
1,All Population,5,Prevalence,45,Bulgaria,3,Both,22,All ages,554,Motor neuron disease,3,Rate,2020,3.08162465491,3.67067583738,2.5601098943
1,All Population,5,Prevalence,210,Liberia,3,Both,22,All ages,554,Motor neuron disease,3,Rate,2019,1.0139206842300001,1.30974540644,0.76827585417
1,All Population,5,Prevalence,13,Malaysia,3,Both,22,All ages,554,Motor neuron disease,3,Rate,2020,1.64937820021,2.03541207609,1.3125080070800001
1,All Population,5,Prevalence,179,Ethiopia,3,Both,22,All ages,554,Motor neuron disease,3,Rate,2019,1.1100274105399999,1.45885746206,0.82042866747
1,All Population,5,Prevalence,58,Estonia,3,Both,22,All ages,554,Motor neuron disease,3,Rate,2020,4.0997808867100005,4.79605860571,3.38732584872
1,All Population,5,Prevalence,47,Czechia,3,Both,22,All ages,554,Motor neuron disease,3,Rate,2020,5.11834316928,5.941398174520001,4.31038837821
1,All Population,5,Prevalence,92,Spain,3,Both,22,All ages,554,Motor neuron disease,3,Rate,2020,12.782811041859999,14.71781390168,10.71926145812
1,All Population,5,Prevalence,15,Myanmar,3,Both,22,All ages,554,Motor neuron disease,3,Rate,2020,1.5537414978,1.9043501563399998,1.24011703495
1,All Population,5,Prevalence,212,Mauritania,3,Both,22,All ages,554,Motor neuron disease,3,Rate,2019,1.42890985673,1.7773431397900001,1.1122063676
1,All Population,5,Prevalence,191,Zambia,3,Both,22,All ages,554,Motor neuron disease,3,Rate,2019,1.2126534470800001,1.56311987453,0.91755972781
1,All Population,5,Prevalence,351,Guam,3,Both,22,All ages,554,Motor neuron disease,3,Rate,2019,1.98464461386,2.38934210893,1.61023928261
1,All Population,5,Prevalence,28,Solomon Islands,3,Both,22,All ages,554,Motor neuron disease,3,Rate,2020,1.29588386715,1.62670715897,1.00133900449
1,All Population,5,Prevalence,60,Lithuania,3,Both,22,All ages,554,Motor neuron disease,3,Rate,2020,6.0703994026100005,7.02679873337,5.21975904319
1,All Population,5,Prevalence,49,North Macedonia,3,Both,22,All ages,554,Motor neuron disease,3,Rate,2020,3.153029499,3.78470524787,2.58696316481
1,All Population,5,Prevalence,105,Antigua and Barbuda,3,Both,22,All ages,554,Motor neuron disease,3,Rate,2020,3.08936805965,3.61677745959,2.58397663682
1,All Population,5,Prevalence,94,Switzerland,3,Both,22,All ages,554,Motor neuron disease,3,Rate,2020,15.52323333398,18.04614339758,13.21957573031
1,All Population,5,Prevalence,16,Philippines,3,Both,22,All ages,554,Motor neuron disease,3,Rate,2019,1.4832044629799999,1.8843708598400002,1.12804680217
1,All Population,5,Prevalence,17,Sri Lanka,3,Both,22,All ages,554,Motor neuron disease,3,Rate,2020,1.71635081875,2.09537248504,1.3603003551900001
1,All Population,5,Prevalence,139,Algeria,3,Both,22,All ages,554,Motor neuron disease,3,Rate,2020,2.4390614368000003,2.95959525678,1.96128666893
1,All Population,5,Prevalence,7,Democratic People's Republic of Korea,3,Both,22,All ages,554,Motor neuron disease,3,Rate,2020,2.3892744008599998,2.86119099734,1.94957882123
1,All Population,5,Prevalence,30,Vanuatu,3,Both,22,All ages,554,Motor neuron disease,3,Rate,2020,1.51099132461,1.84073462166,1.16745215969
1,All Population,5,Prevalence,39,Tajikistan,3,Both,22,All ages,554,Motor neuron disease,3,Rate,2020,2.1167904015200003,2.57889881526,1.68173308798
1,All Population,5,Prevalence,107,Barbados,3,Both,22,All ages,554,Motor neuron disease,3,Rate,2020,4.4062585437,5.07152753454,3.76568056184
1,All Population,5,Prevalence,62,Russian Federation,3,Both,22,All ages,554,Motor neuron disease,3,Rate,2020,3.81616483153,4.4897439196899995,3.1960400755600005
1,All Population,5,Prevalence,50,Montenegro,3,Both,22,All ages,554,Motor neuron disease,3,Rate,2019,3.32221071842,3.9641327661299997,2.7033231470100003
1,All Population,5,Prevalence,75,Austria,3,Both,22,All ages,554,Motor neuron disease,3,Rate,2020,12.927738652070001,15.0868842912,11.1651353689
1,All Population,5,Prevalence,18,Thailand,3,Both,22,All ages,554,Motor neuron disease,3,Rate,2019,1.8491356515700001,2.25020035397,1.47304590274
1,All Population,5,Prevalence,19,Timor-Leste,3,Both,22,All ages,554,Motor neuron disease,3,Rate,2020,1.33023594906,1.68304724597,1.0139898975300001
1,All Population,5,Prevalence,141,Egypt,3,Both,22,All ages,554,Motor neuron disease,3,Rate,2020,2.1519620048299997,2.61600037694,1.70118774253
1,All Population,5,Prevalence,152,Saudi Arabia,3,Both,22,All ages,554,Motor neuron disease,3,Rate,2020,2.53406364546,3.10901600899,1.98302145953
1,All Population,5,Prevalence,41,Uzbekistan,3,Both,22,All ages,554,Motor neuron disease,3,Rate,2020,2.37816732622,2.8965921135299997,1.8858268700499998
1,All Population,5,Prevalence,52,Romania,3,Both,22,All ages,554,Motor neuron disease,3,Rate,2020,3.3882874806300003,4.04645289818,2.81660254331
1,All Population,5,Prevalence,186,Seychelles,3,Both,22,All ages,554,Motor neuron disease,3,Rate,2020,2.03635159348,2.3848940565,1.66782817462
1,All Population,5,Prevalence,109,Cuba,3,Both,22,All ages,554,Motor neuron disease,3,Rate,2020,3.64938011239,4.21547642108,3.10017556104
1,All Population,5,Prevalence,77,Cyprus,3,Both,22,All ages,554,Motor neuron disease,3,Rate,2020,7.88609689561,9.09656427212,6.749511345260001
1,All Population,5,Prevalence,29,Tonga,3,Both,22,All ages,554,Motor neuron disease,3,Rate,2019,1.8965296381999999,2.30591735005,1.49661060637
1,All Population,5,Prevalence,20,Viet Nam,3,Both,22,All ages,554,Motor neuron disease,3,Rate,2020,1.8178055839700002,2.20630898218,1.45812815744
1,All Population,5,Prevalence,86,Italy,3,Both,22,All ages,554,Motor neuron disease,3,Rate,2020,14.98135077606,17.58263049875,12.75840802627
1,All Population,5,Prevalence,154,Tunisia,3,Both,22,All ages,554,Motor neuron disease,3,Rate,2020,2.8209795082599998,3.39938269557,2.2951236689599996
1,All Population,5,Prevalence,122,Ecuador,3,Both,22,All ages,554,Motor neuron disease,3,Rate,2020,1.8177668382299998,2.1425448976,1.46974518733
1,All Population,5,Prevalence,63,Ukraine,3,Both,22,All ages,554,Motor neuron disease,3,Rate,2019,2.8882470896099997,3.4272966077299998,2.3425456964099998
1,All Population,5,Prevalence,74,Andorra,3,Both,22,All ages,554,Motor neuron disease,3,Rate,2019,15.930042676009998,19.04831898282,13.49080929079
1,All Population,5,Prevalence,43,Albania,3,Both,22,All ages,554,Motor neuron disease,3,Rate,2020,3.05150133976,3.63618599506,2.52843699256
1,All Population,5,Prevalence,54,Slovakia,3,Both,22,All ages,554,Motor neuron disease,3,Rate,2020,3.80345640868,4.4748140658399995,3.1561416322699998
1,All Population,5,Prevalence,189,United Republic of Tanzania,3,Both,22,All ages,554,Motor neuron disease,3,Rate,2020,1.12493508508,1.4453928760599999,0.86135817306
1,All Population,5,Prevalence,111,Dominican Republic,3,Both,22,All ages,554,Motor neuron disease,3,Rate,2020,2.55392223136,3.0255999764999997,2.10402970892
1,All Population,5,Prevalence,10,Cambodia,3,Both,22,All ages,554,Motor neuron disease,3,Rate,2020,1.36306377968,1.68590421608,1.06866324445
1,All Population,5,Prevalence,79,Finland,3,Both,22,All ages,554,Motor neuron disease,3,Rate,2020,17.86913284689,20.86518918786,15.211081738649998
1,All Population,5,Prevalence,11,Indonesia,3,Both,22,All ages,554,Motor neuron disease,3,Rate,2020,1.3557295331900001,1.7200401742,1.03434444964
1,All Population,5,Prevalence,200,Benin,3,Both,22,All ages,554,Motor neuron disease,3,Rate,2020,1.09752511141,1.41172373764,0.84241541822
1,All Population,5,Prevalence,22,Fiji,3,Both,22,All ages,554,Motor neuron disease,3,Rate,2020,1.7304957228899998,2.0884831950700002,1.3521728239300002
1,All Population,5,Prevalence,99,Uruguay,3,Both,22,All ages,554,Motor neuron disease,3,Rate,2020,6.640488985889999,7.56877271213,5.76341305477
1,All Population,5,Prevalence,12,Lao People's Democratic Republic,3,Both,22,All ages,554,Motor neuron disease,3,Rate,2019,1.48102260832,1.8424921759900001,1.16487292147
1,All Population,5,Prevalence,88,Malta,3,Both,22,All ages,554,Motor neuron disease,3,Rate,2020,11.31097709508,12.950983842760001,9.85070252857
1,All Population,5,Prevalence,90,Norway,3,Both,22,All ages,554,Motor neuron disease,3,Rate,2020,17.31217540998,20.17833583791,14.83389934561
1,All Population,5,Prevalence,133,Venezuela (Bolivarian Republic of),3,Both,22,All ages,554,Motor neuron disease,3,Rate,2020,2.13841871046,2.506062308,1.75568738844
1,All Population,5,Prevalence,320,Cook Islands,3,Both,22,All ages,554,Motor neuron disease,3,Rate,2020,2.24521056339,2.67407019916,1.8290754117999999
1,All Population,5,Prevalence,156,United Arab Emirates,3,Both,22,All ages,554,Motor neuron disease,3,Rate,2020,2.94955205068,3.7313866502899997,2.24675765272
1,All Population,5,Prevalence,44,Bosnia and Herzegovina,3,Both,22,All ages,554,Motor neuron disease,3,Rate,2019,3.50825546197,4.23346481171,2.8684822519599997
1,All Population,5,Prevalence,67,Japan,3,Both,22,All ages,554,Motor neuron disease,3,Rate,2020,9.17556654062,10.620181777240001,7.78475274772
1,All Population,5,Prevalence,213,Niger,3,Both,22,All ages,554,Motor neuron disease,3,Rate,2020,1.08762862948,1.38352850814,0.84493097611
1,All Population,5,Prevalence,35,Georgia,3,Both,22,All ages,554,Motor neuron disease,3,Rate,2020,2.71250807191,3.23873120767,2.22591250743
1,All Population,5,Prevalence,202,Cameroon,3,Both,22,All ages,554,Motor neuron disease,3,Rate,2020,1.04047397963,1.31796325581,0.79189215642
1,All Population,5,Prevalence,135,Brazil,3,Both,22,All ages,554,Motor neuron disease,3,Rate,2020,3.04021796198,3.54560328452,2.53583050736
1,All Population,5,Prevalence,76,Belgium,3,Both,22,All ages,554,Motor neuron disease,3,Rate,2019,15.703875364329999,18.3512034883,13.40859565199
1,All Population,5,Prevalence,121,Bolivia (Plurinational State of),3,Both,22,All ages,554,Motor neuron disease,3,Rate,2019,1.96840082406,2.33369229923,1.62218657353
1,All Population,5,Prevalence,24,Marshall Islands,3,Both,22,All ages,554,Motor neuron disease,3,Rate,2020,1.39219157408,1.7212972562600002,1.06931670549
1,All Population,5,Prevalence,110,Dominica,3,Both,22,All ages,554,Motor neuron disease,3,Rate,2019,3.14092021205,3.6103552946799997,2.66878802619
1,All Population,5,Prevalence,33,Armenia,3,Both,22,All ages,554,Motor neuron disease,3,Rate,2019,2.63978249225,3.1988754697199995,2.12908219454
1,All Population,5,Prevalence,101,Canada,3,Both,22,All ages,554,Motor neuron disease,3,Rate,2020,18.53575080937,21.47865897062,15.81605015775
1,All Population,5,Prevalence,126,Costa Rica,3,Both,22,All ages,554,Motor neuron disease,3,Rate,2020,3.7110757920300004,4.26050719061,3.17619970599
1,All Population,5,Prevalence,68,Republic of Korea,3,Both,22,All ages,554,Motor neuron disease,3,Rate,2020,4.59309460971,5.51016970001,3.76347024205
1,All Population,5,Prevalence,23,Kiribati,3,Both,22,All ages,554,Motor neuron disease,3,Rate,2020,1.3372139142800001,1.62966747696,1.07274075992
1,All Population,5,Prevalence,169,Central African Republic,3,Both,22,All ages,554,Motor neuron disease,3,Rate,2020,0.8857805945499999,1.13404575138,0.67511111787
1,All Population,5,Prevalence,146,Lebanon,3,Both,22,All ages,554,Motor neuron disease,3,Rate,2020,3.04035639388,3.65185119905,2.4684481809100003
1,All Population,5,Prevalence,112,Grenada,3,Both,22,All ages,554,Motor neuron disease,3,Rate,2020,2.43366703508,2.8679837892399997,2.01998632871
1,All Population,5,Prevalence,57,Belarus,3,Both,22,All ages,554,Motor neuron disease,3,Rate,2020,4.72026607438,5.46855163467,4.014741702539999
1,All Population,5,Prevalence,14,Maldives,3,Both,22,All ages,554,Motor neuron disease,3,Rate,2019,1.66469876221,2.07138373806,1.29395452631
1,All Population,5,Prevalence,36,Kazakhstan,3,Both,22,All ages,554,Motor neuron disease,3,Rate,2020,2.82093185742,3.36388857852,2.29242546381
1,All Population,5,Prevalence,413,Tokelau,3,Both,22,All ages,554,Motor neuron disease,3,Rate,2020,1.6212453475,1.96572002591,1.29249690287
1,All Population,5,Prevalence,204,Chad,3,Both,22,All ages,554,Motor neuron disease,3,Rate,2020,1.0929143704800002,1.40017126293,0.8440104829
1,All Population,5,Prevalence,215,Sao Tome and Principe,3,Both,22,All ages,554,Motor neuron disease,3,Rate,2020,1.2724625244299999,1.56263209854,1.00294723468
1,All Population,5,Prevalence,78,Denmark,3,Both,22,All ages,554,Motor neuron disease,3,Rate,2019,16.18230784824,18.70776646039,13.78574554832
1,All Population,5,Prevalence,46,Croatia,3,Both,22,All ages,554,Motor neuron disease,3,Rate,2019,5.1293168351,5.96027775477,4.39703853348
1,All Population,5,Prevalence,69,Singapore,3,Both,22,All ages,554,Motor neuron disease,3,Rate,2020,3.48769860683,4.09444034028,2.91363846432
1,All Population,5,Prevalence,123,Peru,3,Both,22,All ages,554,Motor neuron disease,3,Rate,2019,1.8553281260299999,2.22913049089,1.4852799165700001
1,All Population,5,Prevalence,37,Kyrgyzstan,3,Both,22,All ages,554,Motor neuron disease,3,Rate,2020,2.3233846973500003,2.8101463583000004,1.84739632778
1,All Population,5,Prevalence,26,Papua New Guinea,3,Both,22,All ages,554,Motor neuron disease,3,Rate,2020,1.21121585037,1.52703281573,0.9355129414800001
1,All Population,5,Prevalence,89,Netherlands,3,Both,22,All ages,554,Motor neuron disease,3,Rate,2019,18.76440858982,21.405901546939997,16.16972772726
1,All Population,5,Prevalence,180,Kenya,3,Both,22,All ages,554,Motor neuron disease,3,Rate,2020,1.1739362818999999,1.53394446276,0.86374565067
1,All Population,5,Prevalence,182,Malawi,3,Both,22,All ages,554,Motor neuron disease,3,Rate,2020,1.1650596043499999,1.47624499892,0.89338888123
1,All Population,5,Prevalence,81,Germany,3,Both,22,All ages,554,Motor neuron disease,3,Rate,2020,14.55876018232,16.95628903814,12.670579610759999
1,All Population,5,Prevalence,171,Democratic Republic of the Congo,3,Both,22,All ages,554,Motor neuron disease,3,Rate,2020,0.92536819547,1.19192599774,0.69379900251
1,All Population,5,Prevalence,114,Haiti,3,Both,22,All ages,554,Motor neuron disease,3,Rate,2020,1.6234834705099999,1.9904542028999999,1.30624594638
1,All Population,5,Prevalence,148,Morocco,3,Both,22,All ages,554,Motor neuron disease,3,Rate,2020,2.42332047747,2.94200695279,1.9303972945899999
1,All Population,5,Prevalence,25,Micronesia (Federated States of),3,Both,22,All ages,554,Motor neuron disease,3,Rate,2020,1.35231723545,1.68284764559,1.04713795472
1,All Population,5,Prevalence,6,China,3,Both,22,All ages,554,Motor neuron disease,3,Rate,2020,2.3427954168,2.8132198425699997,1.8848260089800002
1,All Population,5,Prevalence,168,Angola,3,Both,22,All ages,554,Motor neuron disease,3,Rate,2019,1.1793423360400002,1.49289225436,0.90904331945
1,All Population,5,Prevalence,422,United States Virgin Islands,3,Both,22,All ages,554,Motor neuron disease,3,Rate,2020,5.34026635496,6.32290861331,4.57391566032
1,All Population,5,Prevalence,71,Australia,3,Both,22,All ages,554,Motor neuron disease,3,Rate,2020,12.501868757499999,14.43123824329,10.577422062070001
1,All Population,5,Prevalence,217,Sierra Leone,3,Both,22,All ages,554,Motor neuron disease,3,Rate,2020,1.04436635936,1.34015447297,0.78899154006
1,All Population,5,Prevalence,38,Mongolia,3,Both,22,All ages,554,Motor neuron disease,3,Rate,2020,2.5140690390900002,3.0149514213399997,2.02110211374
1,All Population,5,Prevalence,48,Hungary,3,Both,22,All ages,554,Motor neuron disease,3,Rate,2019,4.81947738778,5.50929644265,4.16197016819
1,All Population,5,Prevalence,136,Paraguay,3,Both,22,All ages,554,Motor neuron disease,3,Rate,2019,2.64269184035,3.14436033376,2.14621171331
1,All Population,5,Prevalence,125,Colombia,3,Both,22,All ages,554,Motor neuron disease,3,Rate,2019,2.38459829106,2.75284412112,1.9896679797899999
1,All Population,5,Prevalence,157,Yemen,3,Both,22,All ages,554,Motor neuron disease,3,Rate,2019,1.5219617460400001,1.87295148131,1.1830676525300001
1,All Population,5,Prevalence,80,France,3,Both,22,All ages,554,Motor neuron disease,3,Rate,2019,16.631711027839998,18.90549304377,14.39842538752
1,All Population,5,Prevalence,72,New Zealand,3,Both,22,All ages,554,Motor neuron disease,3,Rate,2020,12.37790272692,14.46073542313,10.71405276668
1,All Population,5,Prevalence,115,Jamaica,3,Both,22,All ages,554,Motor neuron disease,3,Rate,2020,2.84783102978,3.3547660545,2.37256917958
1,All Population,5,Prevalence,82,Greece,3,Both,22,All ages,554,Motor neuron disease,3,Rate,2020,10.13068138374,11.82019032943,8.57987067649
1,All Population,5,Prevalence,59,Latvia,3,Both,22,All ages,554,Motor neuron disease,3,Rate,2019,4.01341139125,4.61282771665,3.40300582673
1,All Population,5,Prevalence,91,Portugal,3,Both,22,All ages,554,Motor neuron disease,3,Rate,2019,11.66638415715,13.558315544529998,10.14817649817
1,All Population,5,Prevalence,127,El Salvador,3,Both,22,All ages,554,Motor neuron disease,3,Rate,2020,1.93747839005,2.33534728401,1.5308244500300001
1,All Population,5,Prevalence,173,Gabon,3,Both,22,All ages,554,Motor neuron disease,3,Rate,2020,1.1512346817099999,1.4434836176899999,0.8967272166999999
1,All Population,5,Prevalence,116,Saint Lucia,3,Both,22,All ages,554,Motor neuron disease,3,Rate,2020,3.10219224995,3.58081742706,2.62977614881
1,All Population,5,Prevalence,184,Mozambique,3,Both,22,All ages,554,Motor neuron disease,3,Rate,2020,1.22527288429,1.54361381664,0.9400229393099999
1,All Population,5,Prevalence,83,Iceland,3,Both,22,All ages,554,Motor neuron disease,3,Rate,2020,15.62188019577,18.06371899362,13.15444481868
1,All Population,5,Prevalence,194,Lesotho,3,Both,22,All ages,554,Motor neuron disease,3,Rate,2020,1.63275796852,2.00702128966,1.2724430470399999
1,All Population,5,Prevalence,205,Côte d'Ivoire,3,Both,22,All ages,554,Motor neuron disease,3,Rate,2020,1.12261874272,1.4454920553500001,0.84793267301
1,All Population,5,Prevalence,150,Oman,3,Both,22,All ages,554,Motor neuron disease,3,Rate,2020,2.52965035679,3.1333132684300002,1.9796848234800002
1,All Population,5,Prevalence,181,Madagascar,3,Both,22,All ages,554,Motor neuron disease,3,Rate,2019,1.31112844988,1.6524641839099998,1.0094833427999998
1,All Population,5,Prevalence,161,Bangladesh,3,Both,22,All ages,554,Motor neuron disease,3,Rate,2020,1.5617570673499999,1.94104697731,1.21331018372
1,All Population,5,Prevalence,170,Congo,3,Both,22,All ages,554,Motor neuron disease,3,Rate,2019,1.0214379926300001,1.3107171340000001,0.7784173788600001
1,All Population,5,Prevalence,8,Taiwan,3,Both,22,All ages,554,Motor neuron disease,3,Rate,2020,3.4962788230999995,4.04058360213,2.91345685097
1,All Population,5,Prevalence,40,Turkmenistan,3,Both,22,All ages,554,Motor neuron disease,3,Rate,2020,2.36553858041,2.8576707359399998,1.86519353785
1,All Population,5,Prevalence,198,Zimbabwe,3,Both,22,All ages,554,Motor neuron disease,3,Rate,2020,1.36354534033,1.70078906044,1.05149704128
1,All Population,5,Prevalence,27,Samoa,3,Both,22,All ages,554,Motor neuron disease,3,Rate,2020,1.6544799886800001,2.02195380754,1.30358526375
1,All Population,5,Prevalence,84,Ireland,3,Both,22,All ages,554,Motor neuron disease,3,Rate,2020,18.22978410381,21.24059313154,15.30734617787
1,All Population,5,Prevalence,129,Honduras,3,Both,22,All ages,554,Motor neuron disease,3,Rate,2020,1.97602285015,2.39085829908,1.57215135496
1,All Population,5,Prevalence,51,Poland,3,Both,22,All ages,554,Motor neuron disease,3,Rate,2020,5.24613687898,6.13990369913,4.407731162559999
1,All Population,5,Prevalence,117,Saint Vincent and the Grenadines,3,Both,22,All ages,554,Motor neuron disease,3,Rate,2020,2.56183852381,3.00020253811,2.12699908878
1,All Population,5,Prevalence,106,Bahamas,3,Both,22,All ages,554,Motor neuron disease,3,Rate,2019,3.2335479090400003,3.73920484702,2.71924538102
1,All Population,5,Prevalence,93,Sweden,3,Both,22,All ages,554,Motor neuron disease,3,Rate,2019,19.75369088811,23.12377117694,16.68172567979
1,All Population,5,Prevalence,118,Suriname,3,Both,22,All ages,554,Motor neuron disease,3,Rate,2020,2.12862186009,2.47317485498,1.7549254908
1,All Population,5,Prevalence,61,Republic of Moldova,3,Both,22,All ages,554,Motor neuron disease,3,Rate,2019,2.8087108962,3.33276801392,2.30645424879
1,All Population,5,Prevalence,196,South Africa,3,Both,22,All ages,554,Motor neuron disease,3,Rate,2020,1.8271557392300002,2.29365961362,1.38916164647
1,All Population,5,Prevalence,97,Argentina,3,Both,22,All ages,554,Motor neuron disease,3,Rate,2020,5.00367326408,5.76473989401,4.21499976428
1,All Population,5,Prevalence,298,American Samoa,3,Both,22,All ages,554,Motor neuron disease,3,Rate,2020,1.81320038142,2.22409947456,1.44496903507
1,All Population,5,Prevalence,183,Mauritius,3,Both,22,All ages,554,Motor neuron disease,3,Rate,2019,2.26000466639,2.67489494963,1.8539465385699998
1,All Population,5,Prevalence,163,India,3,Both,22,All ages,554,Motor neuron disease,3,Rate,2020,1.5955042841,2.01165566464,1.2201077416400001
1,All Population,5,Prevalence,207,Ghana,3,Both,22,All ages,554,Motor neuron disease,3,Rate,2020,1.1816147000700001,1.4993487398399998,0.9019177671099999
1,All Population,5,Prevalence,85,Israel,3,Both,22,All ages,554,Motor neuron disease,3,Rate,2020,7.26340085251,8.27330135655,6.27689554743
1,All Population,5,Prevalence,172,Equatorial Guinea,3,Both,22,All ages,554,Motor neuron disease,3,Rate,2019,1.11855443642,1.4424231787300001,0.8510649468399999
1,All Population,5,Prevalence,140,Bahrain,3,Both,22,All ages,554,Motor neuron disease,3,Rate,2019,2.9163442531499997,3.6104533420199996,2.30135564898
1,All Population,5,Prevalence,131,Nicaragua,3,Both,22,All ages,554,Motor neuron disease,3,Rate,2020,1.93284400711,2.34500954471,1.53210820833
1,All Population,5,Prevalence,151,Qatar,3,Both,22,All ages,554,Motor neuron disease,3,Rate,2019,3.2795622461700003,4.1603900723,2.57408621642
1,All Population,5,Prevalence,53,Serbia,3,Both,22,All ages,554,Motor neuron disease,3,Rate,2020,3.36268824671,4.0113574105300005,2.76788724657
1,All Population,5,Prevalence,98,Chile,3,Both,22,All ages,554,Motor neuron disease,3,Rate,2020,6.37886324745,7.34359080769,5.5499399055700005
1,All Population,5,Prevalence,95,United Kingdom,3,Both,22,All ages,554,Motor neuron disease,3,Rate,2019,17.35277144833,20.30760804195,14.77881398465
1,All Population,5,Prevalence,108,Belize,3,Both,22,All ages,554,Motor neuron disease,3,Rate,2019,2.26016806127,2.68705075473,1.7776528579500002
1,All Population,5,Prevalence,119,Trinidad and Tobago,3,Both,22,All ages,554,Motor neuron disease,3,Rate,2020,2.66488812569,3.11149345132,2.22891150844
1,All Population,5,Prevalence,144,Jordan,3,Both,22,All ages,554,Motor neuron disease,3,Rate,2020,2.7823110191700002,3.38925507146,2.2176691589899997
1,All Population,5,Prevalence,209,Guinea-Bissau,3,Both,22,All ages,554,Motor neuron disease,3,Rate,2020,1.05508189033,1.34962013443,0.8007775311499999
1,All Population,5,Prevalence,165,Pakistan,3,Both,22,All ages,554,Motor neuron disease,3,Rate,2020,1.6112161448700002,2.03787846982,1.22297993325
1,All Population,5,Prevalence,393,Saint Kitts and Nevis,3,Both,22,All ages,554,Motor neuron disease,3,Rate,2020,3.12823121411,3.6232196022100003,2.67137906386
1,All Population,5,Prevalence,176,Comoros,3,Both,22,All ages,554,Motor neuron disease,3,Rate,2020,1.33088655482,1.66568441987,1.0373394572299999
1,All Population,5,Prevalence,87,Luxembourg,3,Both,22,All ages,554,Motor neuron disease,3,Rate,2020,11.90411043206,13.69546000567,10.0948837115
1,All Population,5,Prevalence,55,Slovenia,3,Both,22,All ages,554,Motor neuron disease,3,Rate,2020,4.04049236031,4.83840916826,3.31287337545
1,All Population,5,Prevalence,142,Iran (Islamic Republic of),3,Both,22,All ages,554,Motor neuron disease,3,Rate,2019,2.89379099777,3.54415347594,2.2438768860000002
1,All Population,5,Prevalence,185,Rwanda,3,Both,22,All ages,554,Motor neuron disease,3,Rate,2019,0.99149113425,1.2662605682,0.75903916162
1,All Population,5,Prevalence,153,Syrian Arab Republic,3,Both,22,All ages,554,Motor neuron disease,3,Rate,2019,2.5644405094500002,3.09118095496,2.08059904505
1,All Population,5,Prevalence,190,Uganda,3,Both,22,All ages,554,Motor neuron disease,3,Rate,2020,0.96644191442,1.24240948234,0.73049110858
1,All Population,5,Prevalence,66,Brunei Darussalam,3,Both,22,All ages,554,Motor neuron disease,3,Rate,2020,2.3232203461900003,2.78623069635,1.89338329842
1,All Population,5,Prevalence,211,Mali,3,Both,22,All ages,554,Motor neuron disease,3,Rate,2020,1.51788420591,1.8316156375100001,1.23594577466
1,All Population,5,Prevalence,178,Eritrea,3,Both,22,All ages,554,Motor neuron disease,3,Rate,2020,1.25961247005,1.5903159181,0.9734661218999999
1,All Population,5,Prevalence,102,United States of America,3,Both,22,All ages,554,Motor neuron disease,3,Rate,2020,11.862864784660001,12.762701051339999,11.04197105403
1,All Population,5,Prevalence,187,Somalia,3,Both,22,All ages,554,Motor neuron disease,3,Rate,2019,0.83544918027,1.05981185373,0.63285929977
1,All Population,5,Prevalence,113,Guyana,3,Both,22,All ages,554,Motor neuron disease,3,Rate,2020,1.81301036689,2.17756207477,1.46851571907
1,All Population,5,Prevalence,155,Türkiye,3,Both,22,All ages,554,Motor neuron disease,3,Rate,2019,4.19235113675,4.87006929408,3.58653478311
1,All Population,5,Prevalence,367,Monaco,3,Both,22,All ages,554,Motor neuron disease,3,Rate,2020,10.07828787747,12.14170850623,8.36277987895
1,All Population,5,Prevalence,201,Burkina Faso,3,Both,22,All ages,554,Motor neuron disease,3,Rate,2019,1.06622984141,1.3692914969599999,0.8117624910300001
1,All Population,5,Prevalence,203,Cabo Verde,3,Both,22,All ages,554,Motor neuron disease,3,Rate,2019,1.65033574058,2.05510195929,1.2851935887400001
1,All Population,5,Prevalence,128,Guatemala,3,Both,22,All ages,554,Motor neuron disease,3,Rate,2020,1.76592504838,2.1576163299099997,1.4085191625
1,All Population,5,Prevalence,162,Bhutan,3,Both,22,All ages,554,Motor neuron disease,3,Rate,2020,1.85292890123,2.30839582305,1.4410897600400001
1,All Population,5,Prevalence,130,Mexico,3,Both,22,All ages,554,Motor neuron disease,3,Rate,2020,2.7391969526,3.23520586676,2.20952145944
1,All Population,5,Prevalence,175,Burundi,3,Both,22,All ages,554,Motor neuron disease,3,Rate,2020,0.9287759915199999,1.19976360685,0.70735541381
1,All Population,5,Prevalence,210,Liberia,3,Both,22,All ages,554,Motor neuron disease,3,Rate,2020,1.02337618425,1.32640005894,0.77203565433
1,All Population,5,Prevalence,164,Nepal,3,Both,22,All ages,554,Motor neuron disease,3,Rate,2020,1.65672236957,2.03438010028,1.30056052914
1,All Population,5,Prevalence,143,Iraq,3,Both,22,All ages,554,Motor neuron disease,3,Rate,2020,2.55311766523,3.1082735868399998,2.0438155552
1,All Population,5,Prevalence,132,Panama,3,Both,22,All ages,554,Motor neuron disease,3,Rate,2020,2.3162137231699997,2.7365735089400003,1.9253561192
1,All Population,5,Prevalence,212,Mauritania,3,Both,22,All ages,554,Motor neuron disease,3,Rate,2020,1.4425305800000001,1.8044243175499999,1.11896968369
1,All Population,5,Prevalence,177,Djibouti,3,Both,22,All ages,554,Motor neuron disease,3,Rate,2020,1.3548948843400002,1.70441802546,1.04164192518
1,All Population,5,Prevalence,145,Kuwait,3,Both,22,All ages,554,Motor neuron disease,3,Rate,2020,3.50572678619,4.24817565772,2.80140524898
1,All Population,5,Prevalence,191,Zambia,3,Both,22,All ages,554,Motor neuron disease,3,Rate,2020,1.2257503225,1.58107584055,0.92183567799
1,All Population,5,Prevalence,147,Libya,3,Both,22,All ages,554,Motor neuron disease,3,Rate,2020,2.3258420398,2.81827788044,1.81734216889
1,All Population,5,Prevalence,351,Guam,3,Both,22,All ages,554,Motor neuron disease,3,Rate,2020,1.99631751296,2.39707644312,1.6178299964899998
1,All Population,5,Prevalence,179,Ethiopia,3,Both,22,All ages,554,Motor neuron disease,3,Rate,2020,1.13322601179,1.48480032296,0.83624882683
1,All Population,5,Prevalence,193,Botswana,3,Both,22,All ages,554,Motor neuron disease,3,Rate,2020,1.66827794875,2.09050929099,1.3178068760200001
1,All Population,5,Prevalence,160,Afghanistan,3,Both,22,All ages,554,Motor neuron disease,3,Rate,2020,1.78375008014,2.2261007530300003,1.37327598512
1,All Population,5,Prevalence,374,Niue,3,Both,22,All ages,554,Motor neuron disease,3,Rate,2020,1.97751503003,2.3459677712,1.60196234525
1,All Population,5,Prevalence,206,Gambia,3,Both,22,All ages,554,Motor neuron disease,3,Rate,2020,1.2344415850100001,1.56977382949,0.94924861877
1,All Population,5,Prevalence,149,Palestine,3,Both,22,All ages,554,Motor neuron disease,3,Rate,2020,2.60170544565,3.1836425983299996,2.07766849448
1,All Population,5,Prevalence,435,South Sudan,3,Both,22,All ages,554,Motor neuron disease,3,Rate,2020,1.07196593296,1.3769750691,0.81531081709
1,All Population,5,Prevalence,195,Namibia,3,Both,22,All ages,554,Motor neuron disease,3,Rate,2020,1.62746714721,2.04310776309,1.2565312968
1,All Population,5,Prevalence,216,Senegal,3,Both,22,All ages,554,Motor neuron disease,3,Rate,2019,1.2583974221799998,1.5963630201399999,0.9729608034
1,All Population,5,Prevalence,380,Palau,3,Both,22,All ages,554,Motor neuron disease,3,Rate,2020,1.6160704102399999,1.93408975382,1.303621749
1,All Population,5,Prevalence,369,Nauru,3,Both,22,All ages,554,Motor neuron disease,3,Rate,2020,1.21790151992,1.52643761422,0.91328616287
1,All Population,5,Prevalence,208,Guinea,3,Both,22,All ages,554,Motor neuron disease,3,Rate,2020,1.05285416397,1.33646598793,0.80251189781
1,All Population,5,Prevalence,197,Eswatini,3,Both,22,All ages,554,Motor neuron disease,3,Rate,2020,1.64514654376,2.06394632274,1.27743849516
1,All Population,5,Prevalence,218,Togo,3,Both,22,All ages,554,Motor neuron disease,3,Rate,2019,1.06590684678,1.35780533079,0.8120288928400001
1,All Population,5,Prevalence,376,Northern Mariana Islands,3,Both,22,All ages,554,Motor neuron disease,3,Rate,2020,2.08063249221,2.53027776897,1.6580301032600002
1,All Population,5,Prevalence,385,Puerto Rico,3,Both,22,All ages,554,Motor neuron disease,3,Rate,2019,4.6520957872599995,5.34316199934,3.9073255259899997
1,All Population,5,Prevalence,305,Bermuda,3,Both,22,All ages,554,Motor neuron disease,3,Rate,2019,6.6388488404,7.65814823621,5.6805743482799995
1,All Population,5,Prevalence,396,San Marino,3,Both,22,All ages,554,Motor neuron disease,3,Rate,2019,7.7202960231199995,9.35658702393,6.31045073096
1,All Population,5,Prevalence,349,Greenland,3,Both,22,All ages,554,Motor neuron disease,3,Rate,2019,9.850748656059999,11.48439467105,8.36202767385
1,All Population,5,Prevalence,416,Tuvalu,3,Both,22,All ages,554,Motor neuron disease,3,Rate,2019,1.28875212487,1.5905805662399999,1.02096703218
1,All Population,5,Prevalence,214,Nigeria,3,Both,22,All ages,554,Motor neuron disease,3,Rate,2019,1.12185653187,1.46139459593,0.82931124948
1,All Population,5,Prevalence,522,Sudan,3,Both,22,All ages,554,Motor neuron disease,3,Rate,2019,1.56658708636,1.9420888633799998,1.21641512359
1,All Population,5,Prevalence,15,Myanmar,3,Both,22,All ages,554,Motor neuron disease,3,Rate,2021,1.583881922,1.9403108029000002,1.25834911952
1,All Population,5,Prevalence,17,Sri Lanka,3,Both,22,All ages,554,Motor neuron disease,3,Rate,2021,1.74122323453,2.10736990694,1.38017800078
1,All Population,5,Prevalence,28,Solomon Islands,3,Both,22,All ages,554,Motor neuron disease,3,Rate,2021,1.31274256598,1.6300933742600001,1.01126215701
1,All Population,5,Prevalence,62,Russian Federation,3,Both,22,All ages,554,Motor neuron disease,3,Rate,2021,3.8877453551,4.57204687477,3.2625877419799996
1,All Population,5,Prevalence,19,Timor-Leste,3,Both,22,All ages,554,Motor neuron disease,3,Rate,2021,1.34818557433,1.6831739111400001,1.04012570129
1,All Population,5,Prevalence,30,Vanuatu,3,Both,22,All ages,554,Motor neuron disease,3,Rate,2021,1.5288134524599999,1.86321844277,1.19505698135
1,All Population,5,Prevalence,43,Albania,3,Both,22,All ages,554,Motor neuron disease,3,Rate,2021,3.10721647581,3.67549205827,2.57847117932
1,All Population,5,Prevalence,75,Austria,3,Both,22,All ages,554,Motor neuron disease,3,Rate,2021,12.966067764569999,15.10023917224,11.23000091757
1,All Population,5,Prevalence,45,Bulgaria,3,Both,22,All ages,554,Motor neuron disease,3,Rate,2021,3.13691270925,3.77400205609,2.61435115509
1,All Population,5,Prevalence,77,Cyprus,3,Both,22,All ages,554,Motor neuron disease,3,Rate,2021,8.07962270566,9.34657424877,6.837956424450001
1,All Population,5,Prevalence,109,Cuba,3,Both,22,All ages,554,Motor neuron disease,3,Rate,2021,3.6875871490099996,4.23913589897,3.14419157632
1,All Population,5,Prevalence,12,Lao People's Democratic Republic,3,Both,22,All ages,554,Motor neuron disease,3,Rate,2020,1.4974155612,1.8556353812400002,1.17788894251
1,All Population,5,Prevalence,33,Armenia,3,Both,22,All ages,554,Motor neuron disease,3,Rate,2020,2.66327889572,3.23508358697,2.15246693671
1,All Population,5,Prevalence,13,Malaysia,3,Both,22,All ages,554,Motor neuron disease,3,Rate,2021,1.67647883285,2.0819174251600003,1.33140844934
1,All Population,5,Prevalence,44,Bosnia and Herzegovina,3,Both,22,All ages,554,Motor neuron disease,3,Rate,2020,3.5582195155500003,4.30038672953,2.90387428013
1,All Population,5,Prevalence,34,Azerbaijan,3,Both,22,All ages,554,Motor neuron disease,3,Rate,2021,2.5165034892400002,3.0627425002,1.99230894079
1,All Population,5,Prevalence,11,Indonesia,3,Both,22,All ages,554,Motor neuron disease,3,Rate,2021,1.39056089952,1.7622126767800002,1.06034005062
1,All Population,5,Prevalence,58,Estonia,3,Both,22,All ages,554,Motor neuron disease,3,Rate,2021,4.15616907947,4.84474593648,3.4177248602600003
1,All Population,5,Prevalence,79,Finland,3,Both,22,All ages,554,Motor neuron disease,3,Rate,2021,16.818202779139998,19.69947830493,14.415405830700001
1,All Population,5,Prevalence,47,Czechia,3,Both,22,All ages,554,Motor neuron disease,3,Rate,2021,5.144100787,5.94003231782,4.34218963752
1,All Population,5,Prevalence,111,Dominican Republic,3,Both,22,All ages,554,Motor neuron disease,3,Rate,2021,2.58548827393,3.0513805361200004,2.1248680208799997
1,All Population,5,Prevalence,122,Ecuador,3,Both,22,All ages,554,Motor neuron disease,3,Rate,2021,1.83936860209,2.17925632348,1.50504015144
1,All Population,5,Prevalence,14,Maldives,3,Both,22,All ages,554,Motor neuron disease,3,Rate,2020,1.68066041995,2.08954596637,1.30816360281
1,All Population,5,Prevalence,22,Fiji,3,Both,22,All ages,554,Motor neuron disease,3,Rate,2021,1.75668378669,2.12772861506,1.3842372810499999
1,All Population,5,Prevalence,90,Norway,3,Both,22,All ages,554,Motor neuron disease,3,Rate,2021,17.4104208883,20.22331986159,14.98060079177
1,All Population,5,Prevalence,46,Croatia,3,Both,22,All ages,554,Motor neuron disease,3,Rate,2020,5.16823407231,5.99633267438,4.43103461875
1,All Population,5,Prevalence,156,United Arab Emirates,3,Both,22,All ages,554,Motor neuron disease,3,Rate,2021,2.9514888274,3.6884997017899996,2.26118754089
1,All Population,5,Prevalence,49,North Macedonia,3,Both,22,All ages,554,Motor neuron disease,3,Rate,2021,3.2049571662500003,3.84311783258,2.6210383435
1,All Population,5,Prevalence,27,Samoa,3,Both,22,All ages,554,Motor neuron disease,3,Rate,2021,1.67435242962,2.0356989256499998,1.32091727648
1,All Population,5,Prevalence,60,Lithuania,3,Both,22,All ages,554,Motor neuron disease,3,Rate,2021,6.12714609864,7.12548229297,5.2413843879
1,All Population,5,Prevalence,6,China,3,Both,22,All ages,554,Motor neuron disease,3,Rate,2021,2.41266896396,2.90655699376,1.9441829100499999
1,All Population,5,Prevalence,91,Portugal,3,Both,22,All ages,554,Motor neuron disease,3,Rate,2020,11.83432253899,13.78063226258,10.30942202172
1,All Population,5,Prevalence,80,France,3,Both,22,All ages,554,Motor neuron disease,3,Rate,2020,16.81029960336,19.3250397516,14.53218569593
1,All Population,5,Prevalence,16,Philippines,3,Both,22,All ages,554,Motor neuron disease,3,Rate,2020,1.5093723320699999,1.91294483927,1.14866024642
1,All Population,5,Prevalence,35,Georgia,3,Both,22,All ages,554,Motor neuron disease,3,Rate,2021,2.74879130524,3.25024918732,2.24877675841
1,All Population,5,Prevalence,24,Marshall Islands,3,Both,22,All ages,554,Motor neuron disease,3,Rate,2021,1.40432305659,1.7313248841300002,1.0812964517199999
1,All Population,5,Prevalence,135,Brazil,3,Both,22,All ages,554,Motor neuron disease,3,Rate,2021,3.09332283674,3.5907648100999996,2.57820124219
1,All Population,5,Prevalence,105,Antigua and Barbuda,3,Both,22,All ages,554,Motor neuron disease,3,Rate,2021,3.1301190751099996,3.64914148997,2.62222191354
1,All Population,5,Prevalence,48,Hungary,3,Both,22,All ages,554,Motor neuron disease,3,Rate,2020,4.84578408264,5.545783457330001,4.1673961427199995
1,All Population,5,Prevalence,92,Spain,3,Both,22,All ages,554,Motor neuron disease,3,Rate,2021,12.84439412665,14.744845127029999,10.97022459241
1,All Population,5,Prevalence,126,Costa Rica,3,Both,22,All ages,554,Motor neuron disease,3,Rate,2021,3.76151710351,4.35725400023,3.2057565316
1,All Population,5,Prevalence,69,Singapore,3,Both,22,All ages,554,Motor neuron disease,3,Rate,2021,3.57342163817,4.16689795037,2.99850253358
1,All Population,5,Prevalence,169,Central African Republic,3,Both,22,All ages,554,Motor neuron disease,3,Rate,2021,0.8964005999300001,1.15377488205,0.68016663792
1,All Population,5,Prevalence,37,Kyrgyzstan,3,Both,22,All ages,554,Motor neuron disease,3,Rate,2021,2.35380635539,2.83811473639,1.87488395425
1,All Population,5,Prevalence,8,Taiwan,3,Both,22,All ages,554,Motor neuron disease,3,Rate,2021,3.56055431291,4.14850350006,2.97974555937
1,All Population,5,Prevalence,59,Latvia,3,Both,22,All ages,554,Motor neuron disease,3,Rate,2020,4.05456573716,4.6699132451,3.45263268059
1,All Population,5,Prevalence,18,Thailand,3,Both,22,All ages,554,Motor neuron disease,3,Rate,2020,1.8751005105699998,2.28193884357,1.49800692276
1,All Population,5,Prevalence,26,Papua New Guinea,3,Both,22,All ages,554,Motor neuron disease,3,Rate,2021,1.22263825391,1.5314744474900002,0.9502515980599999
1,All Population,5,Prevalence,93,Sweden,3,Both,22,All ages,554,Motor neuron disease,3,Rate,2020,19.66065983923,22.99578431046,16.52283016815
1,All Population,5,Prevalence,94,Switzerland,3,Both,22,All ages,554,Motor neuron disease,3,Rate,2021,15.475355234680002,18.03830922342,13.16991626105
1,All Population,5,Prevalence,107,Barbados,3,Both,22,All ages,554,Motor neuron disease,3,Rate,2021,4.45378721189,5.167735797380001,3.78784500518
1,All Population,5,Prevalence,7,Democratic People's Republic of Korea,3,Both,22,All ages,554,Motor neuron disease,3,Rate,2021,2.44520598174,2.93752340337,1.99948271073
1,All Population,5,Prevalence,51,Poland,3,Both,22,All ages,554,Motor neuron disease,3,Rate,2021,5.33800204772,6.24877457047,4.48528972609
1,All Population,5,Prevalence,171,Democratic Republic of the Congo,3,Both,22,All ages,554,Motor neuron disease,3,Rate,2021,0.94028243402,1.20731273595,0.71271846478
1,All Population,5,Prevalence,29,Tonga,3,Both,22,All ages,554,Motor neuron disease,3,Rate,2020,1.91207751514,2.33220946089,1.51113080613
1,All Population,5,Prevalence,50,Montenegro,3,Both,22,All ages,554,Motor neuron disease,3,Rate,2020,3.35936136234,4.01644744722,2.74300782081
1,All Population,5,Prevalence,204,Chad,3,Both,22,All ages,554,Motor neuron disease,3,Rate,2021,1.10217916862,1.41110279015,0.8493055519499999
1,All Population,5,Prevalence,40,Turkmenistan,3,Both,22,All ages,554,Motor neuron disease,3,Rate,2021,2.39898698739,2.89324628654,1.90430694737
1,All Population,5,Prevalence,106,Bahamas,3,Both,22,All ages,554,Motor neuron disease,3,Rate,2020,3.2524304880600003,3.7466384306800005,2.73947373287
1,All Population,5,Prevalence,71,Australia,3,Both,22,All ages,554,Motor neuron disease,3,Rate,2021,12.5345740335,14.444572570360002,10.77284245641
1,All Population,5,Prevalence,82,Greece,3,Both,22,All ages,554,Motor neuron disease,3,Rate,2021,10.24550669525,11.964447342809999,8.683450729790001
1,All Population,5,Prevalence,182,Malawi,3,Both,22,All ages,554,Motor neuron disease,3,Rate,2021,1.18164690726,1.50664598971,0.9011208215200001
1,All Population,5,Prevalence,139,Algeria,3,Both,22,All ages,554,Motor neuron disease,3,Rate,2021,2.4647284733499997,2.99451650242,1.99451542801
1,All Population,5,Prevalence,10,Cambodia,3,Both,22,All ages,554,Motor neuron disease,3,Rate,2021,1.38338024888,1.7111934477400002,1.09032408947
1,All Population,5,Prevalence,39,Tajikistan,3,Both,22,All ages,554,Motor neuron disease,3,Rate,2021,2.1446064096899997,2.62263987012,1.6987260830300002
1,All Population,5,Prevalence,173,Gabon,3,Both,22,All ages,554,Motor neuron disease,3,Rate,2021,1.16653972138,1.4642065728,0.9014358605499999
1,All Population,5,Prevalence,61,Republic of Moldova,3,Both,22,All ages,554,Motor neuron disease,3,Rate,2020,2.83332822223,3.3607464900400004,2.33055483856
1,All Population,5,Prevalence,53,Serbia,3,Both,22,All ages,554,Motor neuron disease,3,Rate,2021,3.42950539598,4.09690300902,2.82217665838
1,All Population,5,Prevalence,84,Ireland,3,Both,22,All ages,554,Motor neuron disease,3,Rate,2021,18.60369101963,21.41324544669,15.65119290577
1,All Population,5,Prevalence,152,Saudi Arabia,3,Both,22,All ages,554,Motor neuron disease,3,Rate,2021,2.55449520549,3.15071905157,1.98672554767
1,All Population,5,Prevalence,108,Belize,3,Both,22,All ages,554,Motor neuron disease,3,Rate,2020,2.27728179968,2.70359322645,1.79217698035
1,All Population,5,Prevalence,184,Mozambique,3,Both,22,All ages,554,Motor neuron disease,3,Rate,2021,1.2406610690400002,1.5652977752,0.95559850685
1,All Population,5,Prevalence,87,Luxembourg,3,Both,22,All ages,554,Motor neuron disease,3,Rate,2021,11.87214272503,13.66225832251,10.07067128614
1,All Population,5,Prevalence,217,Sierra Leone,3,Both,22,All ages,554,Motor neuron disease,3,Rate,2021,1.0577301320599999,1.36453393207,0.79990380695
1,All Population,5,Prevalence,98,Chile,3,Both,22,All ages,554,Motor neuron disease,3,Rate,2021,6.458092720210001,7.39473887172,5.5722045276
1,All Population,5,Prevalence,95,United Kingdom,3,Both,22,All ages,554,Motor neuron disease,3,Rate,2020,17.5663091498,20.56255996318,14.96802835317
1,All Population,5,Prevalence,74,Andorra,3,Both,22,All ages,554,Motor neuron disease,3,Rate,2020,16.240764913659998,19.48383179702,13.69036614696
1,All Population,5,Prevalence,140,Bahrain,3,Both,22,All ages,554,Motor neuron disease,3,Rate,2020,2.9287225023800003,3.6187088332000004,2.32053369321
1,All Population,5,Prevalence,116,Saint Lucia,3,Both,22,All ages,554,Motor neuron disease,3,Rate,2021,3.13856302181,3.5984201723600004,2.66394614987
1,All Population,5,Prevalence,141,Egypt,3,Both,22,All ages,554,Motor neuron disease,3,Rate,2021,2.17729652386,2.6342332958199997,1.71749535667
1,All Population,5,Prevalence,52,Romania,3,Both,22,All ages,554,Motor neuron disease,3,Rate,2021,3.43827430516,4.098211303209999,2.84652355218
1,All Population,5,Prevalence,127,El Salvador,3,Both,22,All ages,554,Motor neuron disease,3,Rate,2021,1.96631531054,2.39695937571,1.56686702951
1,All Population,5,Prevalence,151,Qatar,3,Both,22,All ages,554,Motor neuron disease,3,Rate,2020,3.2992035392999997,4.19140569373,2.58903848309
1,All Population,5,Prevalence,41,Uzbekistan,3,Both,22,All ages,554,Motor neuron disease,3,Rate,2021,2.40083900739,2.94059760897,1.9098236743399999
1,All Population,5,Prevalence,23,Kiribati,3,Both,22,All ages,554,Motor neuron disease,3,Rate,2021,1.34917229219,1.6338347523799999,1.08541828423
1,All Population,5,Prevalence,20,Viet Nam,3,Both,22,All ages,554,Motor neuron disease,3,Rate,2021,1.84762337055,2.22783822215,1.48621499052
1,All Population,5,Prevalence,150,Oman,3,Both,22,All ages,554,Motor neuron disease,3,Rate,2021,2.54829846329,3.16572709001,2.0070968043
1,All Population,5,Prevalence,198,Zimbabwe,3,Both,22,All ages,554,Motor neuron disease,3,Rate,2021,1.37487265002,1.71263840475,1.05783799309
1,All Population,5,Prevalence,154,Tunisia,3,Both,22,All ages,554,Motor neuron disease,3,Rate,2021,2.85531954568,3.43241370071,2.30716898399
1,All Population,5,Prevalence,186,Seychelles,3,Both,22,All ages,554,Motor neuron disease,3,Rate,2021,2.05393578936,2.40849517154,1.67532420783
1,All Population,5,Prevalence,97,Argentina,3,Both,22,All ages,554,Motor neuron disease,3,Rate,2021,5.041885128700001,5.78410405203,4.24966214112
1,All Population,5,Prevalence,63,Ukraine,3,Both,22,All ages,554,Motor neuron disease,3,Rate,2020,2.91488720778,3.45986375058,2.36868461123
1,All Population,5,Prevalence,66,Brunei Darussalam,3,Both,22,All ages,554,Motor neuron disease,3,Rate,2021,2.3747243793,2.82823070366,1.919930732
1,All Population,5,Prevalence,86,Italy,3,Both,22,All ages,554,Motor neuron disease,3,Rate,2021,14.95200631148,17.52147188684,12.72147263088
1,All Population,5,Prevalence,118,Suriname,3,Both,22,All ages,554,Motor neuron disease,3,Rate,2021,2.15445181736,2.49579918402,1.77991076421
1,All Population,5,Prevalence,110,Dominica,3,Both,22,All ages,554,Motor neuron disease,3,Rate,2020,3.16864158313,3.65046803788,2.69501228083
1,All Population,5,Prevalence,76,Belgium,3,Both,22,All ages,554,Motor neuron disease,3,Rate,2020,15.83987401281,18.56544892391,13.405663486449999
1,All Population,5,Prevalence,129,Honduras,3,Both,22,All ages,554,Motor neuron disease,3,Rate,2021,1.9951894664599998,2.40792603588,1.6032659906
1,All Population,5,Prevalence,54,Slovakia,3,Both,22,All ages,554,Motor neuron disease,3,Rate,2021,3.8638362291899995,4.53814217933,3.18859914185
1,All Population,5,Prevalence,142,Iran (Islamic Republic of),3,Both,22,All ages,554,Motor neuron disease,3,Rate,2020,2.91841077204,3.5788646198099996,2.26331320947
1,All Population,5,Prevalence,55,Slovenia,3,Both,22,All ages,554,Motor neuron disease,3,Rate,2021,4.117830886,4.93746479389,3.3781225331399996
1,All Population,5,Prevalence,200,Benin,3,Both,22,All ages,554,Motor neuron disease,3,Rate,2021,1.11233764229,1.4252253743099998,0.84825864877
1,All Population,5,Prevalence,25,Micronesia (Federated States of),3,Both,22,All ages,554,Motor neuron disease,3,Rate,2021,1.36847887956,1.70303869068,1.07401491763
1,All Population,5,Prevalence,153,Syrian Arab Republic,3,Both,22,All ages,554,Motor neuron disease,3,Rate,2020,2.57823568376,3.11714364925,2.07901258237
1,All Population,5,Prevalence,298,American Samoa,3,Both,22,All ages,554,Motor neuron disease,3,Rate,2021,1.82926852605,2.23210724389,1.46430042314
1,All Population,5,Prevalence,67,Japan,3,Both,22,All ages,554,Motor neuron disease,3,Rate,2021,9.28999768183,10.8081338624,7.883995812389999
1,All Population,5,Prevalence,121,Bolivia (Plurinational State of),3,Both,22,All ages,554,Motor neuron disease,3,Rate,2020,1.98624069668,2.36167752673,1.6341934133900002
1,All Population,5,Prevalence,189,United Republic of Tanzania,3,Both,22,All ages,554,Motor neuron disease,3,Rate,2021,1.1429181554599999,1.46728747931,0.88322406857
1,All Population,5,Prevalence,163,India,3,Both,22,All ages,554,Motor neuron disease,3,Rate,2021,1.6368649955,2.0648454793899997,1.24842715758
1,All Population,5,Prevalence,99,Uruguay,3,Both,22,All ages,554,Motor neuron disease,3,Rate,2021,6.71921975871,7.71038348186,5.8578949192100005
1,All Population,5,Prevalence,185,Rwanda,3,Both,22,All ages,554,Motor neuron disease,3,Rate,2020,1.0041155794499999,1.28580448572,0.7673430303400001
1,All Population,5,Prevalence,36,Kazakhstan,3,Both,22,All ages,554,Motor neuron disease,3,Rate,2021,2.85486092379,3.41978914972,2.33182375695
1,All Population,5,Prevalence,113,Guyana,3,Both,22,All ages,554,Motor neuron disease,3,Rate,2021,1.8358032028300002,2.19484475972,1.4977567304
1,All Population,5,Prevalence,68,Republic of Korea,3,Both,22,All ages,554,Motor neuron disease,3,Rate,2021,4.73419240444,5.66762624661,3.8596256354099996
1,All Population,5,Prevalence,88,Malta,3,Both,22,All ages,554,Motor neuron disease,3,Rate,2021,11.307155163060001,13.047413140849999,9.871050069959999
1,All Population,5,Prevalence,131,Nicaragua,3,Both,22,All ages,554,Motor neuron disease,3,Rate,2021,1.95968505452,2.3591522292900002,1.56226812558
1,All Population,5,Prevalence,202,Cameroon,3,Both,22,All ages,554,Motor neuron disease,3,Rate,2021,1.0534640123499999,1.3339517303000001,0.79900835783
1,All Population,5,Prevalence,102,United States of America,3,Both,22,All ages,554,Motor neuron disease,3,Rate,2021,12.10662736321,13.074973380020001,11.17207889471
1,All Population,5,Prevalence,57,Belarus,3,Both,22,All ages,554,Motor neuron disease,3,Rate,2021,4.73606161869,5.46043007204,4.03358060409
1,All Population,5,Prevalence,78,Denmark,3,Both,22,All ages,554,Motor neuron disease,3,Rate,2020,16.338290518519997,19.01454932925,13.69443200614
1,All Population,5,Prevalence,165,Pakistan,3,Both,22,All ages,554,Motor neuron disease,3,Rate,2021,1.64727908547,2.08264873758,1.24464511328
1,All Population,5,Prevalence,145,Kuwait,3,Both,22,All ages,554,Motor neuron disease,3,Rate,2021,3.51414905394,4.2337330607,2.80241344923
1,All Population,5,Prevalence,123,Peru,3,Both,22,All ages,554,Motor neuron disease,3,Rate,2020,1.8713225081799998,2.24843198884,1.49418687463
1,All Population,5,Prevalence,101,Canada,3,Both,22,All ages,554,Motor neuron disease,3,Rate,2021,18.55098569014,21.391407838990002,15.766755446469999
1,All Population,5,Prevalence,89,Netherlands,3,Both,22,All ages,554,Motor neuron disease,3,Rate,2020,18.97655613885,21.80920921478,16.28712420165
1,All Population,5,Prevalence,393,Saint Kitts and Nevis,3,Both,22,All ages,554,Motor neuron disease,3,Rate,2021,3.17536263721,3.67200774665,2.70956515976
1,All Population,5,Prevalence,320,Cook Islands,3,Both,22,All ages,554,Motor neuron disease,3,Rate,2021,2.2752738947899998,2.69593448238,1.84766919478
1,All Population,5,Prevalence,155,Türkiye,3,Both,22,All ages,554,Motor neuron disease,3,Rate,2020,4.23306851448,4.94404272293,3.6297262490099995
1,All Population,5,Prevalence,38,Mongolia,3,Both,22,All ages,554,Motor neuron disease,3,Rate,2021,2.5378548355599997,3.04988786438,2.02902797629
1,All Population,5,Prevalence,133,Venezuela (Bolivarian Republic of),3,Both,22,All ages,554,Motor neuron disease,3,Rate,2021,2.16497608234,2.5279276038100003,1.7819758442700002
1,All Population,5,Prevalence,187,Somalia,3,Both,22,All ages,554,Motor neuron disease,3,Rate,2020,0.8416027531,1.06102515834,0.63826523747
1,All Population,5,Prevalence,176,Comoros,3,Both,22,All ages,554,Motor neuron disease,3,Rate,2021,1.34859401489,1.6837657811400002,1.0493829351
1,All Population,5,Prevalence,115,Jamaica,3,Both,22,All ages,554,Motor neuron disease,3,Rate,2021,2.87284826454,3.3836177433700003,2.40979304935
1,All Population,5,Prevalence,81,Germany,3,Both,22,All ages,554,Motor neuron disease,3,Rate,2021,14.75231047373,17.22215659834,12.70473969546
1,All Population,5,Prevalence,179,Ethiopia,3,Both,22,All ages,554,Motor neuron disease,3,Rate,2021,1.1648240460800001,1.5271792239,0.8672846430600001
1,All Population,5,Prevalence,112,Grenada,3,Both,22,All ages,554,Motor neuron disease,3,Rate,2021,2.4247791644000003,2.8499349313,2.01377499974
1,All Population,5,Prevalence,213,Niger,3,Both,22,All ages,554,Motor neuron disease,3,Rate,2021,1.10110602766,1.4030966813799999,0.8573209380900001
1,All Population,5,Prevalence,211,Mali,3,Both,22,All ages,554,Motor neuron disease,3,Rate,2021,1.5256222025900001,1.84979373782,1.24155226565
1,All Population,5,Prevalence,144,Jordan,3,Both,22,All ages,554,Motor neuron disease,3,Rate,2021,2.81362989238,3.40452889218,2.23618959075
1,All Population,5,Prevalence,147,Libya,3,Both,22,All ages,554,Motor neuron disease,3,Rate,2021,2.34447809645,2.83773865676,1.82464051699
1,All Population,5,Prevalence,72,New Zealand,3,Both,22,All ages,554,Motor neuron disease,3,Rate,2021,12.494164808970002,14.36637151159,10.7759642548
1,All Population,5,Prevalence,413,Tokelau,3,Both,22,All ages,554,Motor neuron disease,3,Rate,2021,1.6403358859100001,1.99686029327,1.3134986954
1,All Population,5,Prevalence,190,Uganda,3,Both,22,All ages,554,Motor neuron disease,3,Rate,2021,0.9793498738399999,1.2608857797,0.74144417437
1,All Population,5,Prevalence,305,Bermuda,3,Both,22,All ages,554,Motor neuron disease,3,Rate,2020,6.708900000659999,7.73922824439,5.67744497013
1,All Population,5,Prevalence,178,Eritrea,3,Both,22,All ages,554,Motor neuron disease,3,Rate,2021,1.27553726823,1.60576385298,0.98681571442
1,All Population,5,Prevalence,193,Botswana,3,Both,22,All ages,554,Motor neuron disease,3,Rate,2021,1.6866473587,2.09201149333,1.33373030787
1,All Population,5,Prevalence,201,Burkina Faso,3,Both,22,All ages,554,Motor neuron disease,3,Rate,2020,1.07528557769,1.38085373566,0.81405017338
1,All Population,5,Prevalence,114,Haiti,3,Both,22,All ages,554,Motor neuron disease,3,Rate,2021,1.64016671785,2.01182030409,1.31537157396
1,All Population,5,Prevalence,117,Saint Vincent and the Grenadines,3,Both,22,All ages,554,Motor neuron disease,3,Rate,2021,2.59274556781,3.00831864344,2.1631473007
1,All Population,5,Prevalence,168,Angola,3,Both,22,All ages,554,Motor neuron disease,3,Rate,2020,1.18885150769,1.5037541113200001,0.91566399363
1,All Population,5,Prevalence,125,Colombia,3,Both,22,All ages,554,Motor neuron disease,3,Rate,2020,2.40396045013,2.77376416818,2.00926644683
1,All Population,5,Prevalence,157,Yemen,3,Both,22,All ages,554,Motor neuron disease,3,Rate,2020,1.52686124216,1.8805867452000002,1.18003560212
1,All Population,5,Prevalence,160,Afghanistan,3,Both,22,All ages,554,Motor neuron disease,3,Rate,2021,1.8035972350999998,2.23791999444,1.4007455288200001
1,All Population,5,Prevalence,146,Lebanon,3,Both,22,All ages,554,Motor neuron disease,3,Rate,2021,3.07415394931,3.6710033309099996,2.5079886503199997
1,All Population,5,Prevalence,128,Guatemala,3,Both,22,All ages,554,Motor neuron disease,3,Rate,2021,1.79120939092,2.18971881579,1.42980908979
1,All Population,5,Prevalence,215,Sao Tome and Principe,3,Both,22,All ages,554,Motor neuron disease,3,Rate,2021,1.2882438594999999,1.58718718459,1.00556237102
1,All Population,5,Prevalence,83,Iceland,3,Both,22,All ages,554,Motor neuron disease,3,Rate,2021,15.782679831580001,18.06995744602,13.35727697928
1,All Population,5,Prevalence,180,Kenya,3,Both,22,All ages,554,Motor neuron disease,3,Rate,2021,1.20715087063,1.57845462487,0.8912390881000001
1,All Population,5,Prevalence,181,Madagascar,3,Both,22,All ages,554,Motor neuron disease,3,Rate,2020,1.3240546463,1.6679032112699999,1.02129891552
1,All Population,5,Prevalence,136,Paraguay,3,Both,22,All ages,554,Motor neuron disease,3,Rate,2020,2.6735917964500002,3.1844284340900004,2.17631998056
1,All Population,5,Prevalence,206,Gambia,3,Both,22,All ages,554,Motor neuron disease,3,Rate,2021,1.25161499639,1.59622527933,0.95261600538
1,All Population,5,Prevalence,422,United States Virgin Islands,3,Both,22,All ages,554,Motor neuron disease,3,Rate,2021,5.37285838179,6.3158276647300005,4.57796141781
1,All Population,5,Prevalence,396,San Marino,3,Both,22,All ages,554,Motor neuron disease,3,Rate,2020,7.905944932230001,9.60082945226,6.44486823604
1,All Population,5,Prevalence,149,Palestine,3,Both,22,All ages,554,Motor neuron disease,3,Rate,2021,2.62764767009,3.20224530949,2.08269738214
1,All Population,5,Prevalence,119,Trinidad and Tobago,3,Both,22,All ages,554,Motor neuron disease,3,Rate,2021,2.69015276916,3.11376184738,2.25047601138
1,All Population,5,Prevalence,195,Namibia,3,Both,22,All ages,554,Motor neuron disease,3,Rate,2021,1.6447990694299999,2.06594080445,1.2730879580199999
1,All Population,5,Prevalence,148,Morocco,3,Both,22,All ages,554,Motor neuron disease,3,Rate,2021,2.45468383222,2.98837209402,1.95759903505
1,All Population,5,Prevalence,214,Nigeria,3,Both,22,All ages,554,Motor neuron disease,3,Rate,2020,1.13933372549,1.48255633988,0.8421162373700001
1,All Population,5,Prevalence,170,Congo,3,Both,22,All ages,554,Motor neuron disease,3,Rate,2020,1.0299986241299999,1.32623549841,0.78505989107
1,All Population,5,Prevalence,203,Cabo Verde,3,Both,22,All ages,554,Motor neuron disease,3,Rate,2020,1.66687638797,2.08677570956,1.2951463168
1,All Population,5,Prevalence,349,Greenland,3,Both,22,All ages,554,Motor neuron disease,3,Rate,2020,10.024799600929999,11.73084414807,8.46598892211
1,All Population,5,Prevalence,130,Mexico,3,Both,22,All ages,554,Motor neuron disease,3,Rate,2021,2.79132817251,3.28779730912,2.2534957545900003
1,All Population,5,Prevalence,85,Israel,3,Both,22,All ages,554,Motor neuron disease,3,Rate,2021,7.33571032453,8.36048866095,6.3711569288400005
1,All Population,5,Prevalence,162,Bhutan,3,Both,22,All ages,554,Motor neuron disease,3,Rate,2021,1.8801217302500002,2.32743510915,1.46694183291
1,All Population,5,Prevalence,183,Mauritius,3,Both,22,All ages,554,Motor neuron disease,3,Rate,2020,2.28098862136,2.70118942462,1.86534264494
1,All Population,5,Prevalence,205,Côte d'Ivoire,3,Both,22,All ages,554,Motor neuron disease,3,Rate,2021,1.13591583766,1.43719782716,0.85575950197
1,All Population,5,Prevalence,369,Nauru,3,Both,22,All ages,554,Motor neuron disease,3,Rate,2021,1.2325846277199999,1.5363947695400002,0.92938076871
1,All Population,5,Prevalence,208,Guinea,3,Both,22,All ages,554,Motor neuron disease,3,Rate,2021,1.06709305466,1.35618918735,0.80381625258
1,All Population,5,Prevalence,161,Bangladesh,3,Both,22,All ages,554,Motor neuron disease,3,Rate,2021,1.5866933436500001,1.97116063653,1.23543370812
1,All Population,5,Prevalence,197,Eswatini,3,Both,22,All ages,554,Motor neuron disease,3,Rate,2021,1.6648559846600002,2.07026691022,1.29819617567
1,All Population,5,Prevalence,132,Panama,3,Both,22,All ages,554,Motor neuron disease,3,Rate,2021,2.34326935313,2.74986481997,1.92684466589
1,All Population,5,Prevalence,143,Iraq,3,Both,22,All ages,554,Motor neuron disease,3,Rate,2021,2.5861099878,3.14925881096,2.07007413243
1,All Population,5,Prevalence,416,Tuvalu,3,Both,22,All ages,554,Motor neuron disease,3,Rate,2020,1.29888027603,1.59873639639,1.0336053055199999
1,All Population,5,Prevalence,216,Senegal,3,Both,22,All ages,554,Motor neuron disease,3,Rate,2020,1.27110194009,1.6240507298900002,0.97718832362
1,All Population,5,Prevalence,194,Lesotho,3,Both,22,All ages,554,Motor neuron disease,3,Rate,2021,1.6509635293,2.02906789447,1.29439013144
1,All Population,5,Prevalence,164,Nepal,3,Both,22,All ages,554,Motor neuron disease,3,Rate,2021,1.68217856327,2.06980394482,1.3293437316
1,All Population,5,Prevalence,175,Burundi,3,Both,22,All ages,554,Motor neuron disease,3,Rate,2021,0.93992739666,1.2085490673800001,0.7124366788600001
1,All Population,5,Prevalence,367,Monaco,3,Both,22,All ages,554,Motor neuron disease,3,Rate,2021,10.28194279235,12.270133939219999,8.499175097450001
1,All Population,5,Prevalence,172,Equatorial Guinea,3,Both,22,All ages,554,Motor neuron disease,3,Rate,2020,1.12628337523,1.4513204451500001,0.85756526717
1,All Population,5,Prevalence,207,Ghana,3,Both,22,All ages,554,Motor neuron disease,3,Rate,2021,1.19667232227,1.51179763809,0.91943534578
1,All Population,5,Prevalence,196,South Africa,3,Both,22,All ages,554,Motor neuron disease,3,Rate,2021,1.87376172571,2.3531023762700003,1.42537957114
1,All Population,5,Prevalence,376,Northern Mariana Islands,3,Both,22,All ages,554,Motor neuron disease,3,Rate,2021,2.11898619257,2.5705060142000002,1.6878626869199997
1,All Population,5,Prevalence,210,Liberia,3,Both,22,All ages,554,Motor neuron disease,3,Rate,2021,1.03718671813,1.3415617803200002,0.7871948563900001
1,All Population,5,Prevalence,218,Togo,3,Both,22,All ages,554,Motor neuron disease,3,Rate,2020,1.07741931225,1.36652443678,0.82055694433
1,All Population,5,Prevalence,374,Niue,3,Both,22,All ages,554,Motor neuron disease,3,Rate,2021,1.9994634065899999,2.35513579573,1.62309646374
1,All Population,5,Prevalence,435,South Sudan,3,Both,22,All ages,554,Motor neuron disease,3,Rate,2021,1.08594352237,1.38817866727,0.8285056686600001
1,All Population,5,Prevalence,209,Guinea-Bissau,3,Both,22,All ages,554,Motor neuron disease,3,Rate,2021,1.06891594122,1.35933155022,0.81961855901
1,All Population,5,Prevalence,177,Djibouti,3,Both,22,All ages,554,Motor neuron disease,3,Rate,2021,1.37255965522,1.72256556549,1.05187850193
1,All Population,5,Prevalence,380,Palau,3,Both,22,All ages,554,Motor neuron disease,3,Rate,2021,1.6339703667099998,1.9620732984900002,1.3116179699300001
1,All Population,5,Prevalence,212,Mauritania,3,Both,22,All ages,554,Motor neuron disease,3,Rate,2021,1.46136376846,1.83597809864,1.14026273754
1,All Population,5,Prevalence,351,Guam,3,Both,22,All ages,554,Motor neuron disease,3,Rate,2021,2.02354881653,2.4123244112499997,1.62849289208
1,All Population,5,Prevalence,522,Sudan,3,Both,22,All ages,554,Motor neuron disease,3,Rate,2020,1.58083863348,1.9591187060700002,1.22951452864
1,All Population,5,Prevalence,45,Bulgaria,3,Both,22,All ages,554,Motor neuron disease,3,Rate,2022,3.1781377009900003,3.8607716991100003,2.6438868876000003
1,All Population,5,Prevalence,34,Azerbaijan,3,Both,22,All ages,554,Motor neuron disease,3,Rate,2022,2.54526533718,3.0941154973500002,2.0238239592
1,All Population,5,Prevalence,191,Zambia,3,Both,22,All ages,554,Motor neuron disease,3,Rate,2021,1.24237073643,1.5921940450999998,0.94384595428
1,All Population,5,Prevalence,13,Malaysia,3,Both,22,All ages,554,Motor neuron disease,3,Rate,2022,1.70201169924,2.12124772126,1.34358614977
1,All Population,5,Prevalence,58,Estonia,3,Both,22,All ages,554,Motor neuron disease,3,Rate,2022,4.20368064951,4.91518059701,3.44728193847
1,All Population,5,Prevalence,385,Puerto Rico,3,Both,22,All ages,554,Motor neuron disease,3,Rate,2020,4.7077301374600005,5.41627219917,3.9580423704100003
1,All Population,5,Prevalence,79,Finland,3,Both,22,All ages,554,Motor neuron disease,3,Rate,2022,15.941738898430001,18.94846705495,13.92456373438
1,All Population,5,Prevalence,15,Myanmar,3,Both,22,All ages,554,Motor neuron disease,3,Rate,2022,1.6102005004100002,1.9733189589300002,1.27631557781
1,All Population,5,Prevalence,47,Czechia,3,Both,22,All ages,554,Motor neuron disease,3,Rate,2022,5.17104068196,5.9951748159400005,4.3601978319
1,All Population,5,Prevalence,60,Lithuania,3,Both,22,All ages,554,Motor neuron disease,3,Rate,2022,6.17908379073,7.197312168630001,5.2278169371
1,All Population,5,Prevalence,92,Spain,3,Both,22,All ages,554,Motor neuron disease,3,Rate,2022,12.929791746629999,14.983150535110001,11.03478872239
1,All Population,5,Prevalence,17,Sri Lanka,3,Both,22,All ages,554,Motor neuron disease,3,Rate,2022,1.7667399184300001,2.12146151361,1.40669789188
1,All Population,5,Prevalence,49,North Macedonia,3,Both,22,All ages,554,Motor neuron disease,3,Rate,2022,3.25546689819,3.89239776906,2.6763479933700003
1,All Population,5,Prevalence,28,Solomon Islands,3,Both,22,All ages,554,Motor neuron disease,3,Rate,2022,1.32806675509,1.66217331307,1.0163628792900001
1,All Population,5,Prevalence,105,Antigua and Barbuda,3,Both,22,All ages,554,Motor neuron disease,3,Rate,2022,3.17007033765,3.69084517646,2.64714484701
1,All Population,5,Prevalence,62,Russian Federation,3,Both,22,All ages,554,Motor neuron disease,3,Rate,2022,3.94519470758,4.6330269233,3.3176002591500002
1,All Population,5,Prevalence,126,Costa Rica,3,Both,22,All ages,554,Motor neuron disease,3,Rate,2022,3.8155910367700003,4.47046872614,3.22524551141
1,All Population,5,Prevalence,94,Switzerland,3,Both,22,All ages,554,Motor neuron disease,3,Rate,2022,15.438621664280001,18.309519881150003,13.03192417969
1,All Population,5,Prevalence,19,Timor-Leste,3,Both,22,All ages,554,Motor neuron disease,3,Rate,2022,1.36441970977,1.70680691652,1.06099915874
1,All Population,5,Prevalence,30,Vanuatu,3,Both,22,All ages,554,Motor neuron disease,3,Rate,2022,1.54652887852,1.88865792589,1.2177922164
1,All Population,5,Prevalence,107,Barbados,3,Both,22,All ages,554,Motor neuron disease,3,Rate,2022,4.50173656843,5.29035799091,3.8348830818899997
1,All Population,5,Prevalence,139,Algeria,3,Both,22,All ages,554,Motor neuron disease,3,Rate,2022,2.4922817732499998,3.02902674243,2.0130993208100003
1,All Population,5,Prevalence,75,Austria,3,Both,22,All ages,554,Motor neuron disease,3,Rate,2022,13.01448603606,15.05089794023,11.13512429584
1,All Population,5,Prevalence,39,Tajikistan,3,Both,22,All ages,554,Motor neuron disease,3,Rate,2022,2.17221653623,2.66917166089,1.71507770932
1,All Population,5,Prevalence,43,Albania,3,Both,22,All ages,554,Motor neuron disease,3,Rate,2022,3.1556858202100004,3.7392765601599995,2.6033295983699998
1,All Population,5,Prevalence,173,Gabon,3,Both,22,All ages,554,Motor neuron disease,3,Rate,2022,1.18410769647,1.48875077713,0.9146336910099999
1,All Population,5,Prevalence,7,Democratic People's Republic of Korea,3,Both,22,All ages,554,Motor neuron disease,3,Rate,2022,2.4946548584,2.98442680885,2.0484093849400002
1,All Population,5,Prevalence,109,Cuba,3,Both,22,All ages,554,Motor neuron disease,3,Rate,2022,3.7226343273699998,4.2623070398900005,3.1719174641100003
1,All Population,5,Prevalence,141,Egypt,3,Both,22,All ages,554,Motor neuron disease,3,Rate,2022,2.20588036669,2.67423118882,1.75962869188
1,All Population,5,Prevalence,10,Cambodia,3,Both,22,All ages,554,Motor neuron disease,3,Rate,2022,1.40302983132,1.73262681444,1.09925251004
1,All Population,5,Prevalence,152,Saudi Arabia,3,Both,22,All ages,554,Motor neuron disease,3,Rate,2022,2.5771181687299998,3.19108800933,1.99548717756
1,All Population,5,Prevalence,186,Seychelles,3,Both,22,All ages,554,Motor neuron disease,3,Rate,2022,2.07439885799,2.4554869471300003,1.6824343072599999
1,All Population,5,Prevalence,77,Cyprus,3,Both,22,All ages,554,Motor neuron disease,3,Rate,2022,8.22319418247,9.617099031839999,6.9501582830599995
1,All Population,5,Prevalence,41,Uzbekistan,3,Both,22,All ages,554,Motor neuron disease,3,Rate,2022,2.42064523211,2.9591193793,1.9420695330300002
1,All Population,5,Prevalence,198,Zimbabwe,3,Both,22,All ages,554,Motor neuron disease,3,Rate,2022,1.38562171346,1.71811110367,1.06523807751
1,All Population,5,Prevalence,111,Dominican Republic,3,Both,22,All ages,554,Motor neuron disease,3,Rate,2022,2.6162033721999998,3.10040165344,2.15441931131
1,All Population,5,Prevalence,154,Tunisia,3,Both,22,All ages,554,Motor neuron disease,3,Rate,2022,2.8890228162400002,3.4685838286,2.32623601199
1,All Population,5,Prevalence,20,Viet Nam,3,Both,22,All ages,554,Motor neuron disease,3,Rate,2022,1.8769012686800002,2.25268372557,1.5219684085
1,All Population,5,Prevalence,52,Romania,3,Both,22,All ages,554,Motor neuron disease,3,Rate,2022,3.4866223984199998,4.14671660836,2.8792856091499996
1,All Population,5,Prevalence,90,Norway,3,Both,22,All ages,554,Motor neuron disease,3,Rate,2022,17.48850392497,20.48101381647,15.023627607549999
1,All Population,5,Prevalence,189,United Republic of Tanzania,3,Both,22,All ages,554,Motor neuron disease,3,Rate,2022,1.16275605276,1.48548647618,0.897918295
1,All Population,5,Prevalence,23,Kiribati,3,Both,22,All ages,554,Motor neuron disease,3,Rate,2022,1.36207198301,1.64142372896,1.08973029974
1,All Population,5,Prevalence,86,Italy,3,Both,22,All ages,554,Motor neuron disease,3,Rate,2022,14.96561678526,17.56339460889,12.70169042418
1,All Population,5,Prevalence,122,Ecuador,3,Both,22,All ages,554,Motor neuron disease,3,Rate,2022,1.8649707558500002,2.2161965001699997,1.53642346839
1,All Population,5,Prevalence,200,Benin,3,Both,22,All ages,554,Motor neuron disease,3,Rate,2022,1.12883538022,1.44436488334,0.8575215343399999
1,All Population,5,Prevalence,97,Argentina,3,Both,22,All ages,554,Motor neuron disease,3,Rate,2022,5.0859500838,5.8479551438,4.28343259864
1,All Population,5,Prevalence,11,Indonesia,3,Both,22,All ages,554,Motor neuron disease,3,Rate,2022,1.4211413236200001,1.80123129166,1.08471178247
1,All Population,5,Prevalence,135,Brazil,3,Both,22,All ages,554,Motor neuron disease,3,Rate,2022,3.14861037742,3.6607051609899997,2.62462783548
1,All Population,5,Prevalence,57,Belarus,3,Both,22,All ages,554,Motor neuron disease,3,Rate,2022,4.751548736849999,5.43742656744,4.07511846372
1,All Population,5,Prevalence,54,Slovakia,3,Both,22,All ages,554,Motor neuron disease,3,Rate,2022,3.91310062527,4.61118744864,3.22054117253
1,All Population,5,Prevalence,156,United Arab Emirates,3,Both,22,All ages,554,Motor neuron disease,3,Rate,2022,2.95169149752,3.6993451835399997,2.26352863202
1,All Population,5,Prevalence,22,Fiji,3,Both,22,All ages,554,Motor neuron disease,3,Rate,2022,1.78177828006,2.16024449133,1.41503879907
1,All Population,5,Prevalence,320,Cook Islands,3,Both,22,All ages,554,Motor neuron disease,3,Rate,2022,2.30664973198,2.72289724143,1.87729528054
1,All Population,5,Prevalence,202,Cameroon,3,Both,22,All ages,554,Motor neuron disease,3,Rate,2022,1.0679708720899999,1.36514296188,0.80684076223
1,All Population,5,Prevalence,68,Republic of Korea,3,Both,22,All ages,554,Motor neuron disease,3,Rate,2022,4.86512556108,5.82183460241,3.9515750982999998
1,All Population,5,Prevalence,393,Saint Kitts and Nevis,3,Both,22,All ages,554,Motor neuron disease,3,Rate,2022,3.22019525437,3.7256045458100004,2.72867587043
1,All Population,5,Prevalence,67,Japan,3,Both,22,All ages,554,Motor neuron disease,3,Rate,2022,9.39637114578,10.91199405237,7.9514849736199995
1,All Population,5,Prevalence,213,Niger,3,Both,22,All ages,554,Motor neuron disease,3,Rate,2022,1.1146440280599998,1.41612574297,0.8627485587400001
1,All Population,5,Prevalence,99,Uruguay,3,Both,22,All ages,554,Motor neuron disease,3,Rate,2022,6.78995718948,7.8404408409399995,5.90820135034
1,All Population,5,Prevalence,36,Kazakhstan,3,Both,22,All ages,554,Motor neuron disease,3,Rate,2022,2.88562644954,3.4875558624900003,2.3222994467499998
1,All Population,5,Prevalence,88,Malta,3,Both,22,All ages,554,Motor neuron disease,3,Rate,2022,11.31386320943,13.29864090659,9.658192899180001
1,All Population,5,Prevalence,25,Micronesia (Federated States of),3,Both,22,All ages,554,Motor neuron disease,3,Rate,2022,1.38452079282,1.7217679009999998,1.08244099864
1,All Population,5,Prevalence,35,Georgia,3,Both,22,All ages,554,Motor neuron disease,3,Rate,2022,2.7836880271099997,3.2920408898000004,2.26390106074
1,All Population,5,Prevalence,169,Central African Republic,3,Both,22,All ages,554,Motor neuron disease,3,Rate,2022,0.9086109594,1.16141873882,0.6850710413900001
1,All Population,5,Prevalence,6,China,3,Both,22,All ages,554,Motor neuron disease,3,Rate,2022,2.4788917013600003,2.99983503837,2.00301579546
1,All Population,5,Prevalence,24,Marshall Islands,3,Both,22,All ages,554,Motor neuron disease,3,Rate,2022,1.41873131864,1.74529312981,1.0891957372
1,All Population,5,Prevalence,204,Chad,3,Both,22,All ages,554,Motor neuron disease,3,Rate,2022,1.11161365659,1.42163753185,0.85781110401
1,All Population,5,Prevalence,413,Tokelau,3,Both,22,All ages,554,Motor neuron disease,3,Rate,2022,1.6600082010400001,2.02018435717,1.32165957695
1,All Population,5,Prevalence,101,Canada,3,Both,22,All ages,554,Motor neuron disease,3,Rate,2022,18.56575191899,21.44661147571,15.61757741372
1,All Population,5,Prevalence,69,Singapore,3,Both,22,All ages,554,Motor neuron disease,3,Rate,2022,3.6530523388100002,4.285075830889999,3.0713357088400004
1,All Population,5,Prevalence,112,Grenada,3,Both,22,All ages,554,Motor neuron disease,3,Rate,2022,2.41728254432,2.83839223267,1.9778735837299999
1,All Population,5,Prevalence,215,Sao Tome and Principe,3,Both,22,All ages,554,Motor neuron disease,3,Rate,2022,1.30604433732,1.6046588329,1.01000964344
1,All Population,5,Prevalence,182,Malawi,3,Both,22,All ages,554,Motor neuron disease,3,Rate,2022,1.1998843786,1.54261106223,0.90795547002
1,All Population,5,Prevalence,133,Venezuela (Bolivarian Republic of),3,Both,22,All ages,554,Motor neuron disease,3,Rate,2022,2.1865343156300003,2.54591785787,1.7949339439899998
1,All Population,5,Prevalence,37,Kyrgyzstan,3,Both,22,All ages,554,Motor neuron disease,3,Rate,2022,2.38177397145,2.86592875839,1.91234630798
1,All Population,5,Prevalence,81,Germany,3,Both,22,All ages,554,Motor neuron disease,3,Rate,2022,14.944815632440001,17.45020637501,12.8254722801
1,All Population,5,Prevalence,71,Australia,3,Both,22,All ages,554,Motor neuron disease,3,Rate,2022,12.558275591160001,14.41301508118,10.66896086228
1,All Population,5,Prevalence,144,Jordan,3,Both,22,All ages,554,Motor neuron disease,3,Rate,2022,2.84629571899,3.44618446794,2.24708922686
1,All Population,5,Prevalence,171,Democratic Republic of the Congo,3,Both,22,All ages,554,Motor neuron disease,3,Rate,2022,0.95749645722,1.2254574918099999,0.731325888
1,All Population,5,Prevalence,8,Taiwan,3,Both,22,All ages,554,Motor neuron disease,3,Rate,2022,3.62389309642,4.2421703561,3.03867337496
1,All Population,5,Prevalence,26,Papua New Guinea,3,Both,22,All ages,554,Motor neuron disease,3,Rate,2022,1.23242059732,1.5376658113700001,0.9545830314000001
1,All Population,5,Prevalence,38,Mongolia,3,Both,22,All ages,554,Motor neuron disease,3,Rate,2022,2.5594364402900003,3.07717221904,2.0546087147
1,All Population,5,Prevalence,217,Sierra Leone,3,Both,22,All ages,554,Motor neuron disease,3,Rate,2022,1.07206191738,1.3916499279399999,0.8090997096600001
1,All Population,5,Prevalence,27,Samoa,3,Both,22,All ages,554,Motor neuron disease,3,Rate,2022,1.69322993974,2.04968092289,1.33691160521
1,All Population,5,Prevalence,422,United States Virgin Islands,3,Both,22,All ages,554,Motor neuron disease,3,Rate,2022,5.4079986861,6.30697371918,4.59121417194
1,All Population,5,Prevalence,115,Jamaica,3,Both,22,All ages,554,Motor neuron disease,3,Rate,2022,2.89725724499,3.43730786031,2.41277875246
1,All Population,5,Prevalence,184,Mozambique,3,Both,22,All ages,554,Motor neuron disease,3,Rate,2022,1.25721033593,1.58985758749,0.9691296720399999
1,All Population,5,Prevalence,114,Haiti,3,Both,22,All ages,554,Motor neuron disease,3,Rate,2022,1.65510787497,2.04173964201,1.32127892599
1,All Population,5,Prevalence,82,Greece,3,Both,22,All ages,554,Motor neuron disease,3,Rate,2022,10.36229197548,12.15032792391,8.70025404668
1,All Population,5,Prevalence,146,Lebanon,3,Both,22,All ages,554,Motor neuron disease,3,Rate,2022,3.1058202924300002,3.71539604685,2.53650037372
1,All Population,5,Prevalence,180,Kenya,3,Both,22,All ages,554,Motor neuron disease,3,Rate,2022,1.2395254594,1.6203016129099999,0.9154443102300001
1,All Population,5,Prevalence,128,Guatemala,3,Both,22,All ages,554,Motor neuron disease,3,Rate,2022,1.81788276678,2.22653323769,1.43147458513
1,All Population,5,Prevalence,51,Poland,3,Both,22,All ages,554,Motor neuron disease,3,Rate,2022,5.43672056397,6.3588620889900005,4.57347088053
1,All Population,5,Prevalence,83,Iceland,3,Both,22,All ages,554,Motor neuron disease,3,Rate,2022,15.90586087594,18.53251878154,13.485336359789999
1,All Population,5,Prevalence,72,New Zealand,3,Both,22,All ages,554,Motor neuron disease,3,Rate,2022,12.669323807460001,14.48877919064,10.81788539991
1,All Population,5,Prevalence,40,Turkmenistan,3,Both,22,All ages,554,Motor neuron disease,3,Rate,2022,2.4278238593899997,2.93309424621,1.9437700346099998
1,All Population,5,Prevalence,84,Ireland,3,Both,22,All ages,554,Motor neuron disease,3,Rate,2022,18.94765902657,21.925950140119998,15.89855981121
1,All Population,5,Prevalence,148,Morocco,3,Both,22,All ages,554,Motor neuron disease,3,Rate,2022,2.48814655997,3.0283401155100003,1.9915237515700002
1,All Population,5,Prevalence,116,Saint Lucia,3,Both,22,All ages,554,Motor neuron disease,3,Rate,2022,3.1754761306,3.63051528266,2.6813116162600004
1,All Population,5,Prevalence,127,El Salvador,3,Both,22,All ages,554,Motor neuron disease,3,Rate,2022,1.99547761592,2.4301835066099997,1.58964412806
1,All Population,5,Prevalence,194,Lesotho,3,Both,22,All ages,554,Motor neuron disease,3,Rate,2022,1.66751899711,2.06243175761,1.30983152494
1,All Population,5,Prevalence,162,Bhutan,3,Both,22,All ages,554,Motor neuron disease,3,Rate,2022,1.90590622365,2.35416481242,1.48909147912
1,All Population,5,Prevalence,117,Saint Vincent and the Grenadines,3,Both,22,All ages,554,Motor neuron disease,3,Rate,2022,2.62461833052,3.05949340792,2.21593832812
1,All Population,5,Prevalence,85,Israel,3,Both,22,All ages,554,Motor neuron disease,3,Rate,2022,7.42333707238,8.50838027639,6.38899787533
1,All Population,5,Prevalence,118,Suriname,3,Both,22,All ages,554,Motor neuron disease,3,Rate,2022,2.17931248489,2.5212485254,1.8051688429900001
1,All Population,5,Prevalence,150,Oman,3,Both,22,All ages,554,Motor neuron disease,3,Rate,2022,2.57081271817,3.1717890691700004,2.02059669555
1,All Population,5,Prevalence,129,Honduras,3,Both,22,All ages,554,Motor neuron disease,3,Rate,2022,2.01614975157,2.42047039688,1.63698489485
1,All Population,5,Prevalence,53,Serbia,3,Both,22,All ages,554,Motor neuron disease,3,Rate,2022,3.48801070897,4.19021379538,2.84661651868
1,All Population,5,Prevalence,205,Côte d'Ivoire,3,Both,22,All ages,554,Motor neuron disease,3,Rate,2022,1.1495391640400001,1.45224452693,0.86847525294
1,All Population,5,Prevalence,98,Chile,3,Both,22,All ages,554,Motor neuron disease,3,Rate,2022,6.55590442319,7.61004969563,5.58981491791
1,All Population,5,Prevalence,130,Mexico,3,Both,22,All ages,554,Motor neuron disease,3,Rate,2022,2.84472511389,3.34964311257,2.2994860416000003
1,All Population,5,Prevalence,196,South Africa,3,Both,22,All ages,554,Motor neuron disease,3,Rate,2022,1.9141095051,2.39435271421,1.45697779047
1,All Population,5,Prevalence,175,Burundi,3,Both,22,All ages,554,Motor neuron disease,3,Rate,2022,0.95100419552,1.22348547594,0.7131718124699999
1,All Population,5,Prevalence,210,Liberia,3,Both,22,All ages,554,Motor neuron disease,3,Rate,2022,1.05203455683,1.3657082605500002,0.80358013796
1,All Population,5,Prevalence,298,American Samoa,3,Both,22,All ages,554,Motor neuron disease,3,Rate,2022,1.84818570593,2.25751558513,1.4877860508
1,All Population,5,Prevalence,87,Luxembourg,3,Both,22,All ages,554,Motor neuron disease,3,Rate,2022,11.85843100014,13.93230195758,9.9783563978
1,All Population,5,Prevalence,143,Iraq,3,Both,22,All ages,554,Motor neuron disease,3,Rate,2022,2.62233431931,3.1966578310499996,2.09619499025
1,All Population,5,Prevalence,161,Bangladesh,3,Both,22,All ages,554,Motor neuron disease,3,Rate,2022,1.6139629781200002,2.00201791911,1.2601019839999998
1,All Population,5,Prevalence,132,Panama,3,Both,22,All ages,554,Motor neuron disease,3,Rate,2022,2.3755086757,2.79284731401,1.93710880723
1,All Population,5,Prevalence,119,Trinidad and Tobago,3,Both,22,All ages,554,Motor neuron disease,3,Rate,2022,2.71330831251,3.14238620217,2.24395921311
1,All Population,5,Prevalence,55,Slovenia,3,Both,22,All ages,554,Motor neuron disease,3,Rate,2022,4.19244449267,4.98453830295,3.4519139094699995
1,All Population,5,Prevalence,164,Nepal,3,Both,22,All ages,554,Motor neuron disease,3,Rate,2022,1.7080220202599998,2.10085663113,1.3576792046600001
1,All Population,5,Prevalence,131,Nicaragua,3,Both,22,All ages,554,Motor neuron disease,3,Rate,2022,1.98638293439,2.3993210614600002,1.5936439588099998
1,All Population,5,Prevalence,66,Brunei Darussalam,3,Both,22,All ages,554,Motor neuron disease,3,Rate,2022,2.42355627437,2.88372901934,1.9614809186500002
1,All Population,5,Prevalence,177,Djibouti,3,Both,22,All ages,554,Motor neuron disease,3,Rate,2022,1.39130722205,1.7449525972,1.05995779732
1,All Population,5,Prevalence,367,Monaco,3,Both,22,All ages,554,Motor neuron disease,3,Rate,2022,10.3890310126,12.363488188409999,8.632514057189999
1,All Population,5,Prevalence,207,Ghana,3,Both,22,All ages,554,Motor neuron disease,3,Rate,2022,1.21214927353,1.5279874380599998,0.92901315068
1,All Population,5,Prevalence,212,Mauritania,3,Both,22,All ages,554,Motor neuron disease,3,Rate,2022,1.48248205763,1.8658953055699998,1.16022571298
1,All Population,5,Prevalence,145,Kuwait,3,Both,22,All ages,554,Motor neuron disease,3,Rate,2022,3.5268002071999995,4.25649578629,2.80253086887
1,All Population,5,Prevalence,102,United States of America,3,Both,22,All ages,554,Motor neuron disease,3,Rate,2022,12.33857998314,13.38366904527,11.32045713021
1,All Population,5,Prevalence,163,India,3,Both,22,All ages,554,Motor neuron disease,3,Rate,2022,1.67666150902,2.10914093298,1.27567300472
1,All Population,5,Prevalence,176,Comoros,3,Both,22,All ages,554,Motor neuron disease,3,Rate,2022,1.3663867110799999,1.70859899406,1.05452017499
1,All Population,5,Prevalence,15,Myanmar,3,Both,22,All ages,554,Motor neuron disease,3,Rate,2023,1.61914229309,1.98277724178,1.2850167526
1,All Population,5,Prevalence,113,Guyana,3,Both,22,All ages,554,Motor neuron disease,3,Rate,2022,1.86413744175,2.2200407273600002,1.53029746045
1,All Population,5,Prevalence,191,Zambia,3,Both,22,All ages,554,Motor neuron disease,3,Rate,2022,1.2610617612400001,1.59777320675,0.96064916491
1,All Population,5,Prevalence,179,Ethiopia,3,Both,22,All ages,554,Motor neuron disease,3,Rate,2022,1.19400965998,1.56893047866,0.89186093944
1,All Population,5,Prevalence,374,Niue,3,Both,22,All ages,554,Motor neuron disease,3,Rate,2022,2.02189340425,2.37626335614,1.6410832262
1,All Population,5,Prevalence,435,South Sudan,3,Both,22,All ages,554,Motor neuron disease,3,Rate,2022,1.10168737734,1.4013074317,0.8445112255600001
1,All Population,5,Prevalence,209,Guinea-Bissau,3,Both,22,All ages,554,Motor neuron disease,3,Rate,2022,1.08362275919,1.37592965999,0.8231135011
1,All Population,5,Prevalence,147,Libya,3,Both,22,All ages,554,Motor neuron disease,3,Rate,2022,2.36964198101,2.87424094557,1.85138231196
1,All Population,5,Prevalence,178,Eritrea,3,Both,22,All ages,554,Motor neuron disease,3,Rate,2022,1.29177674684,1.62809902295,0.99970870786
1,All Population,5,Prevalence,380,Palau,3,Both,22,All ages,554,Motor neuron disease,3,Rate,2022,1.64947300119,1.98775382342,1.32751858834
1,All Population,5,Prevalence,165,Pakistan,3,Both,22,All ages,554,Motor neuron disease,3,Rate,2022,1.6819058013200001,2.11882764248,1.2671246575200001
1,All Population,5,Prevalence,17,Sri Lanka,3,Both,22,All ages,554,Motor neuron disease,3,Rate,2023,1.7749857875,2.13092497642,1.41374433955
1,All Population,5,Prevalence,351,Guam,3,Both,22,All ages,554,Motor neuron disease,3,Rate,2022,2.04983047178,2.4584443662999997,1.6555723004399998
1,All Population,5,Prevalence,160,Afghanistan,3,Both,22,All ages,554,Motor neuron disease,3,Rate,2022,1.8220405906,2.25976044775,1.420140162
1,All Population,5,Prevalence,211,Mali,3,Both,22,All ages,554,Motor neuron disease,3,Rate,2022,1.5354505467500001,1.8619350580799998,1.23433147257
1,All Population,5,Prevalence,28,Solomon Islands,3,Both,22,All ages,554,Motor neuron disease,3,Rate,2023,1.33128305392,1.66525835192,1.01930360029
1,All Population,5,Prevalence,62,Russian Federation,3,Both,22,All ages,554,Motor neuron disease,3,Rate,2023,3.9624771625900004,4.6351772997300005,3.3312382951
1,All Population,5,Prevalence,149,Palestine,3,Both,22,All ages,554,Motor neuron disease,3,Rate,2022,2.65609021384,3.25504281308,2.10271459896
1,All Population,5,Prevalence,190,Uganda,3,Both,22,All ages,554,Motor neuron disease,3,Rate,2022,0.9940878521900001,1.28001752672,0.7467259509299999
1,All Population,5,Prevalence,193,Botswana,3,Both,22,All ages,554,Motor neuron disease,3,Rate,2022,1.7042863175799998,2.10685914429,1.3441809443500001
1,All Population,5,Prevalence,19,Timor-Leste,3,Both,22,All ages,554,Motor neuron disease,3,Rate,2023,1.36715066182,1.70782418666,1.06561891646
1,All Population,5,Prevalence,30,Vanuatu,3,Both,22,All ages,554,Motor neuron disease,3,Rate,2023,1.5526108319299998,1.89489770017,1.22264335832
1,All Population,5,Prevalence,75,Austria,3,Both,22,All ages,554,Motor neuron disease,3,Rate,2023,13.151394743960001,15.22665039913,11.26961341439
1,All Population,5,Prevalence,109,Cuba,3,Both,22,All ages,554,Motor neuron disease,3,Rate,2023,3.7568133520600004,4.30641790717,3.20289172257
1,All Population,5,Prevalence,16,Philippines,3,Both,22,All ages,554,Motor neuron disease,3,Rate,2021,1.5514510515899997,1.9555255811999999,1.18298068937
1,All Population,5,Prevalence,77,Cyprus,3,Both,22,All ages,554,Motor neuron disease,3,Rate,2023,8.11177860305,9.52918342588,6.8456670114
1,All Population,5,Prevalence,369,Nauru,3,Both,22,All ages,554,Motor neuron disease,3,Rate,2022,1.24698498401,1.5622284803500002,0.94462925965
1,All Population,5,Prevalence,195,Namibia,3,Both,22,All ages,554,Motor neuron disease,3,Rate,2022,1.66099166851,2.09316892689,1.2940372125
1,All Population,5,Prevalence,43,Albania,3,Both,22,All ages,554,Motor neuron disease,3,Rate,2023,3.17164901463,3.7622803767999997,2.60383581465
1,All Population,5,Prevalence,206,Gambia,3,Both,22,All ages,554,Motor neuron disease,3,Rate,2022,1.27038198646,1.6092923816699998,0.95695895714
1,All Population,5,Prevalence,111,Dominican Republic,3,Both,22,All ages,554,Motor neuron disease,3,Rate,2023,2.6369398399899997,3.1231212156000003,2.17490966888
1,All Population,5,Prevalence,122,Ecuador,3,Both,22,All ages,554,Motor neuron disease,3,Rate,2023,1.89008270286,2.24336457158,1.55705286703
1,All Population,5,Prevalence,34,Azerbaijan,3,Both,22,All ages,554,Motor neuron disease,3,Rate,2023,2.55570406695,3.10422907701,2.03285461401
1,All Population,5,Prevalence,376,Northern Mariana Islands,3,Both,22,All ages,554,Motor neuron disease,3,Rate,2022,2.15315732491,2.61879924938,1.74522176389
1,All Population,5,Prevalence,79,Finland,3,Both,22,All ages,554,Motor neuron disease,3,Rate,2023,16.075382833149998,19.086171730569998,14.029703661209998
1,All Population,5,Prevalence,61,Republic of Moldova,3,Both,22,All ages,554,Motor neuron disease,3,Rate,2021,2.87679412458,3.44101440187,2.35195563211
1,All Population,5,Prevalence,58,Estonia,3,Both,22,All ages,554,Motor neuron disease,3,Rate,2023,4.22150628485,4.93660599824,3.46357854231
1,All Population,5,Prevalence,13,Malaysia,3,Both,22,All ages,554,Motor neuron disease,3,Rate,2023,1.71240014205,2.13142614907,1.35367086808
1,All Population,5,Prevalence,197,Eswatini,3,Both,22,All ages,554,Motor neuron disease,3,Rate,2022,1.6846308430799999,2.10256784812,1.3186332445
1,All Population,5,Prevalence,50,Montenegro,3,Both,22,All ages,554,Motor neuron disease,3,Rate,2021,3.41897273202,4.1059933181499995,2.78522551868
1,All Population,5,Prevalence,45,Bulgaria,3,Both,22,All ages,554,Motor neuron disease,3,Rate,2023,3.18106394591,3.8597298153,2.6506100383
1,All Population,5,Prevalence,208,Guinea,3,Both,22,All ages,554,Motor neuron disease,3,Rate,2022,1.08213432197,1.37026238523,0.80946958272
1,All Population,5,Prevalence,18,Thailand,3,Both,22,All ages,554,Motor neuron disease,3,Rate,2021,1.91472261323,2.33420775173,1.52521915439
1,All Population,5,Prevalence,135,Brazil,3,Both,22,All ages,554,Motor neuron disease,3,Rate,2023,3.18196942318,3.6958731439299997,2.65711595047
1,All Population,5,Prevalence,90,Norway,3,Both,22,All ages,554,Motor neuron disease,3,Rate,2023,17.70536877298,20.71246596324,15.21365214333
1,All Population,5,Prevalence,156,United Arab Emirates,3,Both,22,All ages,554,Motor neuron disease,3,Rate,2023,2.94024753062,3.6845792184,2.25547689832
1,All Population,5,Prevalence,29,Tonga,3,Both,22,All ages,554,Motor neuron disease,3,Rate,2021,1.9361370921899999,2.33870278231,1.5409647934700001
1,All Population,5,Prevalence,63,Ukraine,3,Both,22,All ages,554,Motor neuron disease,3,Rate,2021,2.9696369864600003,3.51737733814,2.4068331385
1,All Population,5,Prevalence,60,Lithuania,3,Both,22,All ages,554,Motor neuron disease,3,Rate,2023,6.22420987036,7.2427466994000005,5.26388179177
1,All Population,5,Prevalence,126,Costa Rica,3,Both,22,All ages,554,Motor neuron disease,3,Rate,2023,3.88909867012,4.55487883793,3.28839387195
1,All Population,5,Prevalence,74,Andorra,3,Both,22,All ages,554,Motor neuron disease,3,Rate,2021,16.47290544796,19.73184800277,13.89139067273
1,All Population,5,Prevalence,27,Samoa,3,Both,22,All ages,554,Motor neuron disease,3,Rate,2023,1.6992739484600001,2.05509935539,1.3425171966
1,All Population,5,Prevalence,47,Czechia,3,Both,22,All ages,554,Motor neuron disease,3,Rate,2023,5.17609856415,5.99830608814,4.36910658568
1,All Population,5,Prevalence,92,Spain,3,Both,22,All ages,554,Motor neuron disease,3,Rate,2023,13.11250513264,15.212755688459998,11.18152993216
1,All Population,5,Prevalence,204,Chad,3,Both,22,All ages,554,Motor neuron disease,3,Rate,2023,1.1185290483199999,1.4300353242900001,0.8632803073299999
1,All Population,5,Prevalence,105,Antigua and Barbuda,3,Both,22,All ages,554,Motor neuron disease,3,Rate,2023,3.1949355284500003,3.7139440264999997,2.66600582109
1,All Population,5,Prevalence,169,Central African Republic,3,Both,22,All ages,554,Motor neuron disease,3,Rate,2023,0.9152071538400001,1.17015901829,0.69031576744
1,All Population,5,Prevalence,38,Mongolia,3,Both,22,All ages,554,Motor neuron disease,3,Rate,2023,2.56909120872,3.0906633552400002,2.06559218889
1,All Population,5,Prevalence,215,Sao Tome and Principe,3,Both,22,All ages,554,Motor neuron disease,3,Rate,2023,1.3273513452299999,1.63237243426,1.02756188575
1,All Population,5,Prevalence,12,Lao People's Democratic Republic,3,Both,22,All ages,554,Motor neuron disease,3,Rate,2021,1.51920574961,1.89164627144,1.19239298051
1,All Population,5,Prevalence,139,Algeria,3,Both,22,All ages,554,Motor neuron disease,3,Rate,2023,2.50832478002,3.04439937524,2.02690727966
1,All Population,5,Prevalence,6,China,3,Both,22,All ages,554,Motor neuron disease,3,Rate,2023,2.50505098569,3.02729455281,2.0233351505100003
1,All Population,5,Prevalence,85,Israel,3,Both,22,All ages,554,Motor neuron disease,3,Rate,2023,7.50385918962,8.613609416960001,6.45022451484
1,All Population,5,Prevalence,51,Poland,3,Both,22,All ages,554,Motor neuron disease,3,Rate,2023,5.47090848039,6.38783588564,4.61071189462
1,All Population,5,Prevalence,108,Belize,3,Both,22,All ages,554,Motor neuron disease,3,Rate,2021,2.30084647831,2.7409888432500003,1.82038791096
1,All Population,5,Prevalence,94,Switzerland,3,Both,22,All ages,554,Motor neuron disease,3,Rate,2023,15.57224546161,18.4555186009,13.145246091
1,All Population,5,Prevalence,49,North Macedonia,3,Both,22,All ages,554,Motor neuron disease,3,Rate,2023,3.2684890147,3.9070285218,2.69015569648
1,All Population,5,Prevalence,44,Bosnia and Herzegovina,3,Both,22,All ages,554,Motor neuron disease,3,Rate,2021,3.62747008286,4.35671905316,2.94382185643
1,All Population,5,Prevalence,182,Malawi,3,Both,22,All ages,554,Motor neuron disease,3,Rate,2023,1.2160653746999999,1.5627481806099999,0.9186115697899999
1,All Population,5,Prevalence,107,Barbados,3,Both,22,All ages,554,Motor neuron disease,3,Rate,2023,4.55325913568,5.35246642547,3.87738222524
1,All Population,5,Prevalence,76,Belgium,3,Both,22,All ages,554,Motor neuron disease,3,Rate,2021,15.84131540696,18.66227821123,13.599042642690002
1,All Population,5,Prevalence,171,Democratic Republic of the Congo,3,Both,22,All ages,554,Motor neuron disease,3,Rate,2023,0.97005753002,1.24177638375,0.7410186258
1,All Population,5,Prevalence,40,Turkmenistan,3,Both,22,All ages,554,Motor neuron disease,3,Rate,2023,2.43744438356,2.94139645767,1.95276873063
1,All Population,5,Prevalence,143,Iraq,3,Both,22,All ages,554,Motor neuron disease,3,Rate,2023,2.6505836191400003,3.23131645541,2.12237707229
1,All Population,5,Prevalence,217,Sierra Leone,3,Both,22,All ages,554,Motor neuron disease,3,Rate,2023,1.08330659736,1.40632607766,0.8174109768700001
1,All Population,5,Prevalence,14,Maldives,3,Both,22,All ages,554,Motor neuron disease,3,Rate,2021,1.7010548104399998,2.11305363303,1.31369534816
1,All Population,5,Prevalence,98,Chile,3,Both,22,All ages,554,Motor neuron disease,3,Rate,2023,6.63571338291,7.70781548737,5.6536625019699995
1,All Population,5,Prevalence,33,Armenia,3,Both,22,All ages,554,Motor neuron disease,3,Rate,2021,2.69401983053,3.23079936523,2.17644090015
1,All Population,5,Prevalence,132,Panama,3,Both,22,All ages,554,Motor neuron disease,3,Rate,2023,2.3970265145200003,2.8208460889699998,1.95424569995
1,All Population,5,Prevalence,8,Taiwan,3,Both,22,All ages,554,Motor neuron disease,3,Rate,2023,3.6788334147399997,4.3107352122,3.0865653383600002
1,All Population,5,Prevalence,141,Egypt,3,Both,22,All ages,554,Motor neuron disease,3,Rate,2023,2.23431988402,2.70491346116,1.78439079372
1,All Population,5,Prevalence,53,Serbia,3,Both,22,All ages,554,Motor neuron disease,3,Rate,2023,3.5067017377000003,4.21315765726,2.86244094389
1,All Population,5,Prevalence,152,Saudi Arabia,3,Both,22,All ages,554,Motor neuron disease,3,Rate,2023,2.5950725012299998,3.21070673101,2.0109455698
1,All Population,5,Prevalence,184,Mozambique,3,Both,22,All ages,554,Motor neuron disease,3,Rate,2023,1.2711732226699999,1.6078608589799999,0.97955963423
1,All Population,5,Prevalence,20,Viet Nam,3,Both,22,All ages,554,Motor neuron disease,3,Rate,2023,1.8922057317999998,2.27090871647,1.5367717522100002
1,All Population,5,Prevalence,173,Gabon,3,Both,22,All ages,554,Motor neuron disease,3,Rate,2023,1.198406782,1.50580827852,0.9259947022
1,All Population,5,Prevalence,87,Luxembourg,3,Both,22,All ages,554,Motor neuron disease,3,Rate,2023,11.941347237450001,14.02741808572,10.048623793660001
1,All Population,5,Prevalence,110,Dominica,3,Both,22,All ages,554,Motor neuron disease,3,Rate,2021,3.2055214638600003,3.69923324201,2.73236168612
1,All Population,5,Prevalence,66,Brunei Darussalam,3,Both,22,All ages,554,Motor neuron disease,3,Rate,2023,2.45609674178,2.92053545056,1.9921147067500002
1,All Population,5,Prevalence,10,Cambodia,3,Both,22,All ages,554,Motor neuron disease,3,Rate,2023,1.41295636376,1.74232630119,1.1087770315
1,All Population,5,Prevalence,191,Zambia,3,Both,22,All ages,554,Motor neuron disease,3,Rate,2023,1.27906503039,1.62044801801,0.97461804699
1,All Population,5,Prevalence,89,Netherlands,3,Both,22,All ages,554,Motor neuron disease,3,Rate,2021,18.97760150643,21.867194680729998,16.24335628613
1,All Population,5,Prevalence,46,Croatia,3,Both,22,All ages,554,Motor neuron disease,3,Rate,2021,5.20062623856,6.02522294178,4.45146667599
1,All Population,5,Prevalence,154,Tunisia,3,Both,22,All ages,554,Motor neuron disease,3,Rate,2023,2.90462770421,3.48566271014,2.34231517718
1,All Population,5,Prevalence,179,Ethiopia,3,Both,22,All ages,554,Motor neuron disease,3,Rate,2023,1.20800809767,1.58447896161,0.9021961209099999
1,All Population,5,Prevalence,198,Zimbabwe,3,Both,22,All ages,554,Motor neuron disease,3,Rate,2023,1.39299803335,1.72540407852,1.07178713375
1,All Population,5,Prevalence,78,Denmark,3,Both,22,All ages,554,Motor neuron disease,3,Rate,2021,16.35390662957,18.81748081773,13.91864203921
1,All Population,5,Prevalence,55,Slovenia,3,Both,22,All ages,554,Motor neuron disease,3,Rate,2023,4.21153344954,5.00839608311,3.47178294297
1,All Population,5,Prevalence,298,American Samoa,3,Both,22,All ages,554,Motor neuron disease,3,Rate,2023,1.86175686331,2.27288931372,1.4998335675299999
1,All Population,5,Prevalence,22,Fiji,3,Both,22,All ages,554,Motor neuron disease,3,Rate,2023,1.7922294109,2.1708091397400002,1.42351149196
1,All Population,5,Prevalence,145,Kuwait,3,Both,22,All ages,554,Motor neuron disease,3,Rate,2023,3.54076649257,4.26962698337,2.81718959474
1,All Population,5,Prevalence,121,Bolivia (Plurinational State of),3,Both,22,All ages,554,Motor neuron disease,3,Rate,2021,2.0098868972000004,2.39326783367,1.6406723235699998
1,All Population,5,Prevalence,186,Seychelles,3,Both,22,All ages,554,Motor neuron disease,3,Rate,2023,2.09330037871,2.4736820054599997,1.70358943561
1,All Population,5,Prevalence,68,Republic of Korea,3,Both,22,All ages,554,Motor neuron disease,3,Rate,2023,4.93759118136,5.90206869719,4.00604732699
1,All Population,5,Prevalence,11,Indonesia,3,Both,22,All ages,554,Motor neuron disease,3,Rate,2023,1.43001066756,1.80994492263,1.0926760309
1,All Population,5,Prevalence,193,Botswana,3,Both,22,All ages,554,Motor neuron disease,3,Rate,2023,1.71354557951,2.11570736453,1.3503723246100001
1,All Population,5,Prevalence,155,Türkiye,3,Both,22,All ages,554,Motor neuron disease,3,Rate,2021,4.27026444331,4.9759411483900005,3.66849203003
1,All Population,5,Prevalence,91,Portugal,3,Both,22,All ages,554,Motor neuron disease,3,Rate,2021,12.031796513349999,13.90424529009,10.43233685831
1,All Population,5,Prevalence,200,Benin,3,Both,22,All ages,554,Motor neuron disease,3,Rate,2023,1.14361109539,1.46338777697,0.8700302786999999
1,All Population,5,Prevalence,113,Guyana,3,Both,22,All ages,554,Motor neuron disease,3,Rate,2023,1.91071856073,2.27098775426,1.57157119165
1,All Population,5,Prevalence,393,Saint Kitts and Nevis,3,Both,22,All ages,554,Motor neuron disease,3,Rate,2023,3.2530263642499997,3.76748500673,2.75257826206
1,All Population,5,Prevalence,23,Kiribati,3,Both,22,All ages,554,Motor neuron disease,3,Rate,2023,1.37379842296,1.65420190075,1.09859431542
1,All Population,5,Prevalence,24,Marshall Islands,3,Both,22,All ages,554,Motor neuron disease,3,Rate,2023,1.42967531083,1.75738089326,1.0990577213200001
1,All Population,5,Prevalence,67,Japan,3,Both,22,All ages,554,Motor neuron disease,3,Rate,2023,9.44946996783,10.971221993670001,8.01095534669
1,All Population,5,Prevalence,57,Belarus,3,Both,22,All ages,554,Motor neuron disease,3,Rate,2023,4.78992057822,5.47204085085,4.098487559770001
1,All Population,5,Prevalence,102,United States of America,3,Both,22,All ages,554,Motor neuron disease,3,Rate,2023,12.48886434654,13.5585999976,11.45758275719
1,All Population,5,Prevalence,80,France,3,Both,22,All ages,554,Motor neuron disease,3,Rate,2021,16.73348162748,19.40623927028,14.44094808793
1,All Population,5,Prevalence,48,Hungary,3,Both,22,All ages,554,Motor neuron disease,3,Rate,2021,4.8737636572900005,5.56112499372,4.24382604834
1,All Population,5,Prevalence,59,Latvia,3,Both,22,All ages,554,Motor neuron disease,3,Rate,2021,4.11260636804,4.72082491838,3.4842066193300005
1,All Population,5,Prevalence,320,Cook Islands,3,Both,22,All ages,554,Motor neuron disease,3,Rate,2023,2.3216977226299997,2.7328161191299998,1.8933565512600001
1,All Population,5,Prevalence,35,Georgia,3,Both,22,All ages,554,Motor neuron disease,3,Rate,2023,2.8041651830500003,3.31480012582,2.28215727101
1,All Population,5,Prevalence,147,Libya,3,Both,22,All ages,554,Motor neuron disease,3,Rate,2023,2.3816594745199997,2.88516741778,1.86360363227
1,All Population,5,Prevalence,195,Namibia,3,Both,22,All ages,554,Motor neuron disease,3,Rate,2023,1.6701391638899998,2.10366636005,1.30142076694
1,All Population,5,Prevalence,213,Niger,3,Both,22,All ages,554,Motor neuron disease,3,Rate,2023,1.1228287211599999,1.42847983532,0.86831569092
1,All Population,5,Prevalence,123,Peru,3,Both,22,All ages,554,Motor neuron disease,3,Rate,2021,1.89116659033,2.27261929936,1.51750465613
1,All Population,5,Prevalence,206,Gambia,3,Both,22,All ages,554,Motor neuron disease,3,Rate,2023,1.2843559863,1.6248994454699999,0.9675579360900001
1,All Population,5,Prevalence,189,United Republic of Tanzania,3,Both,22,All ages,554,Motor neuron disease,3,Rate,2023,1.17870494518,1.50441841071,0.9099291553
1,All Population,5,Prevalence,369,Nauru,3,Both,22,All ages,554,Motor neuron disease,3,Rate,2023,1.25597269161,1.57332667719,0.95258031166
1,All Population,5,Prevalence,168,Angola,3,Both,22,All ages,554,Motor neuron disease,3,Rate,2021,1.20484199629,1.52734189255,0.92507849656
1,All Population,5,Prevalence,413,Tokelau,3,Both,22,All ages,554,Motor neuron disease,3,Rate,2023,1.67087520597,2.02886453891,1.3319164904
1,All Population,5,Prevalence,202,Cameroon,3,Both,22,All ages,554,Motor neuron disease,3,Rate,2023,1.0809762548300001,1.38160497885,0.8166224359900001
1,All Population,5,Prevalence,81,Germany,3,Both,22,All ages,554,Motor neuron disease,3,Rate,2023,14.98909676669,17.51215310925,12.855351827489999
1,All Population,5,Prevalence,69,Singapore,3,Both,22,All ages,554,Motor neuron disease,3,Rate,2023,3.7149418092100004,4.3657872999,3.12924326094
1,All Population,5,Prevalence,36,Kazakhstan,3,Both,22,All ages,554,Motor neuron disease,3,Rate,2023,2.89354116965,3.4991725443200004,2.32942868483
1,All Population,5,Prevalence,115,Jamaica,3,Both,22,All ages,554,Motor neuron disease,3,Rate,2023,2.91321824047,3.45081476012,2.42802465666
1,All Population,5,Prevalence,160,Afghanistan,3,Both,22,All ages,554,Motor neuron disease,3,Rate,2023,1.8255788490599998,2.26187796733,1.42800925885
1,All Population,5,Prevalence,157,Yemen,3,Both,22,All ages,554,Motor neuron disease,3,Rate,2021,1.53761197668,1.89750026895,1.18864938082
1,All Population,5,Prevalence,25,Micronesia (Federated States of),3,Both,22,All ages,554,Motor neuron disease,3,Rate,2023,1.38966971647,1.72675012984,1.08778593528
1,All Population,5,Prevalence,26,Papua New Guinea,3,Both,22,All ages,554,Motor neuron disease,3,Rate,2023,1.23525329694,1.5396137866400001,0.9573576108699999
1,All Population,5,Prevalence,149,Palestine,3,Both,22,All ages,554,Motor neuron disease,3,Rate,2023,2.68017861852,3.28295572945,2.1225608135100003
1,All Population,5,Prevalence,72,New Zealand,3,Both,22,All ages,554,Motor neuron disease,3,Rate,2023,12.86004126491,14.68607638331,10.98789099403
1,All Population,5,Prevalence,37,Kyrgyzstan,3,Both,22,All ages,554,Motor neuron disease,3,Rate,2023,2.39396721425,2.88127543557,1.9238115684700001
1,All Population,5,Prevalence,136,Paraguay,3,Both,22,All ages,554,Motor neuron disease,3,Rate,2021,2.7196896668600004,3.24435584867,2.19866069304
1,All Population,5,Prevalence,197,Eswatini,3,Both,22,All ages,554,Motor neuron disease,3,Rate,2023,1.6973439818,2.11347827112,1.32969014919
1,All Population,5,Prevalence,93,Sweden,3,Both,22,All ages,554,Motor neuron disease,3,Rate,2021,19.66287370543,22.81097511963,16.56660567039
1,All Population,5,Prevalence,114,Haiti,3,Both,22,All ages,554,Motor neuron disease,3,Rate,2023,1.65977507019,2.0465887131700002,1.32535900052
1,All Population,5,Prevalence,82,Greece,3,Both,22,All ages,554,Motor neuron disease,3,Rate,2023,10.487951440589999,12.304824180589998,8.80096244396
1,All Population,5,Prevalence,128,Guatemala,3,Both,22,All ages,554,Motor neuron disease,3,Rate,2023,1.83610498521,2.24601752375,1.44924971312
1,All Population,5,Prevalence,7,Democratic People's Republic of Korea,3,Both,22,All ages,554,Motor neuron disease,3,Rate,2023,2.50523830174,2.99815937954,2.05793474303
1,All Population,5,Prevalence,376,Northern Mariana Islands,3,Both,22,All ages,554,Motor neuron disease,3,Rate,2023,2.1658746242599998,2.63133443838,1.75629646813
1,All Population,5,Prevalence,203,Cabo Verde,3,Both,22,All ages,554,Motor neuron disease,3,Rate,2021,1.6897445058299998,2.10298522885,1.32207690612
1,All Population,5,Prevalence,71,Australia,3,Both,22,All ages,554,Motor neuron disease,3,Rate,2023,12.734651741679999,14.61547145788,10.8174892147
1,All Population,5,Prevalence,422,United States Virgin Islands,3,Both,22,All ages,554,Motor neuron disease,3,Rate,2023,5.48839490719,6.39695102509,4.66364079251
1,All Population,5,Prevalence,208,Guinea,3,Both,22,All ages,554,Motor neuron disease,3,Rate,2023,1.09477466383,1.38471001651,0.8189901010399999
1,All Population,5,Prevalence,117,Saint Vincent and the Grenadines,3,Both,22,All ages,554,Motor neuron disease,3,Rate,2023,2.6553754436499997,3.09835056844,2.24408793242
1,All Population,5,Prevalence,181,Madagascar,3,Both,22,All ages,554,Motor neuron disease,3,Rate,2021,1.34189372235,1.6831895631,1.0419299150399999
1,All Population,5,Prevalence,170,Congo,3,Both,22,All ages,554,Motor neuron disease,3,Rate,2021,1.04601593292,1.33823803425,0.80063398649
1,All Population,5,Prevalence,162,Bhutan,3,Both,22,All ages,554,Motor neuron disease,3,Rate,2023,1.91822469461,2.3714497371600003,1.50043694908
1,All Population,5,Prevalence,39,Tajikistan,3,Both,22,All ages,554,Motor neuron disease,3,Rate,2023,2.18515066076,2.6856635735500003,1.72734488412
1,All Population,5,Prevalence,125,Colombia,3,Both,22,All ages,554,Motor neuron disease,3,Rate,2021,2.43628262222,2.81153929687,2.0287156045400003
1,All Population,5,Prevalence,84,Ireland,3,Both,22,All ages,554,Motor neuron disease,3,Rate,2023,19.23345124024,22.26441046926,16.128398614880002
1,All Population,5,Prevalence,83,Iceland,3,Both,22,All ages,554,Motor neuron disease,3,Rate,2023,16.01217333508,18.6498823301,13.59148342239
1,All Population,5,Prevalence,106,Bahamas,3,Both,22,All ages,554,Motor neuron disease,3,Rate,2021,3.27955106951,3.76612739128,2.75510813963
1,All Population,5,Prevalence,175,Burundi,3,Both,22,All ages,554,Motor neuron disease,3,Rate,2023,0.9580849752899999,1.23295939162,0.7185261175900001
1,All Population,5,Prevalence,116,Saint Lucia,3,Both,22,All ages,554,Motor neuron disease,3,Rate,2023,3.2097423825,3.66652655062,2.7131175544499997
1,All Population,5,Prevalence,95,United Kingdom,3,Both,22,All ages,554,Motor neuron disease,3,Rate,2021,17.57070803848,20.49278962383,14.9998641565
1,All Population,5,Prevalence,130,Mexico,3,Both,22,All ages,554,Motor neuron disease,3,Rate,2023,2.8741529139499997,3.3843543657899997,2.3235658796400003
1,All Population,5,Prevalence,183,Mauritius,3,Both,22,All ages,554,Motor neuron disease,3,Rate,2021,2.30886549929,2.74502621302,1.89831408444
1,All Population,5,Prevalence,119,Trinidad and Tobago,3,Both,22,All ages,554,Motor neuron disease,3,Rate,2023,2.7301481452,3.1627286938599997,2.26101215112
1,All Population,5,Prevalence,127,El Salvador,3,Both,22,All ages,554,Motor neuron disease,3,Rate,2023,2.0124077447,2.44508682251,1.6036018549
1,All Population,5,Prevalence,210,Liberia,3,Both,22,All ages,554,Motor neuron disease,3,Rate,2023,1.06299740901,1.37777517755,0.81254352859
1,All Population,5,Prevalence,41,Uzbekistan,3,Both,22,All ages,554,Motor neuron disease,3,Rate,2023,2.42532147001,2.95878794209,1.94945951182
1,All Population,5,Prevalence,86,Italy,3,Both,22,All ages,554,Motor neuron disease,3,Rate,2023,15.15896039089,17.78444431141,12.86296425251
1,All Population,5,Prevalence,150,Oman,3,Both,22,All ages,554,Motor neuron disease,3,Rate,2023,2.58930078179,3.1850309512000003,2.02835973383
1,All Population,5,Prevalence,177,Djibouti,3,Both,22,All ages,554,Motor neuron disease,3,Rate,2023,1.4079379195000001,1.76221588366,1.07247482454
1,All Population,5,Prevalence,172,Equatorial Guinea,3,Both,22,All ages,554,Motor neuron disease,3,Rate,2021,1.13981481984,1.4838814710300001,0.8670594155000001
1,All Population,5,Prevalence,216,Senegal,3,Both,22,All ages,554,Motor neuron disease,3,Rate,2021,1.28852377056,1.6371022676699998,0.99057788301
1,All Population,5,Prevalence,52,Romania,3,Both,22,All ages,554,Motor neuron disease,3,Rate,2023,3.50302288313,4.162324980409999,2.89979680171
1,All Population,5,Prevalence,118,Suriname,3,Both,22,All ages,554,Motor neuron disease,3,Rate,2023,2.19469118262,2.53143792379,1.82197158904
1,All Population,5,Prevalence,164,Nepal,3,Both,22,All ages,554,Motor neuron disease,3,Rate,2023,1.7237962809099998,2.11658737533,1.37168600521
1,All Population,5,Prevalence,151,Qatar,3,Both,22,All ages,554,Motor neuron disease,3,Rate,2021,3.32592066789,4.21341589909,2.58841315981
1,All Population,5,Prevalence,185,Rwanda,3,Both,22,All ages,554,Motor neuron disease,3,Rate,2021,1.02130729031,1.31126508645,0.7800684823999999
1,All Population,5,Prevalence,161,Bangladesh,3,Both,22,All ages,554,Motor neuron disease,3,Rate,2023,1.6363975853200001,2.02669136141,1.2784107875
1,All Population,5,Prevalence,140,Bahrain,3,Both,22,All ages,554,Motor neuron disease,3,Rate,2021,2.94715206958,3.61254461514,2.30882139653
1,All Population,5,Prevalence,97,Argentina,3,Both,22,All ages,554,Motor neuron disease,3,Rate,2023,5.14155561888,5.90527469436,4.33087151298
1,All Population,5,Prevalence,218,Togo,3,Both,22,All ages,554,Motor neuron disease,3,Rate,2021,1.09315212264,1.3890689615,0.8312227469800001
1,All Population,5,Prevalence,88,Malta,3,Both,22,All ages,554,Motor neuron disease,3,Rate,2023,11.37366798396,13.38043416637,9.72476046724
1,All Population,5,Prevalence,129,Honduras,3,Both,22,All ages,554,Motor neuron disease,3,Rate,2023,2.0338700690000002,2.44228354078,1.65503429559
1,All Population,5,Prevalence,153,Syrian Arab Republic,3,Both,22,All ages,554,Motor neuron disease,3,Rate,2021,2.60706769806,3.1630031808399997,2.11361806907
1,All Population,5,Prevalence,212,Mauritania,3,Both,22,All ages,554,Motor neuron disease,3,Rate,2023,1.5015454741999998,1.88782253693,1.1755453230000001
1,All Population,5,Prevalence,187,Somalia,3,Both,22,All ages,554,Motor neuron disease,3,Rate,2021,0.84995313594,1.0772580735100001,0.64416498929
1,All Population,5,Prevalence,54,Slovakia,3,Both,22,All ages,554,Motor neuron disease,3,Rate,2023,3.9160185939599996,4.61371328175,3.22796112538
1,All Population,5,Prevalence,99,Uruguay,3,Both,22,All ages,554,Motor neuron disease,3,Rate,2023,6.87235336093,7.94087434366,5.982950016909999
1,All Population,5,Prevalence,351,Guam,3,Both,22,All ages,554,Motor neuron disease,3,Rate,2023,2.06286303727,2.46963059431,1.66781915937
1,All Population,5,Prevalence,209,Guinea-Bissau,3,Both,22,All ages,554,Motor neuron disease,3,Rate,2023,1.0947922628,1.38911801983,0.83261541493
1,All Population,5,Prevalence,142,Iran (Islamic Republic of),3,Both,22,All ages,554,Motor neuron disease,3,Rate,2021,2.97381330773,3.6438167945599997,2.30410981566
1,All Population,5,Prevalence,163,India,3,Both,22,All ages,554,Motor neuron disease,3,Rate,2023,1.69533683327,2.13113340751,1.28941924339
1,All Population,5,Prevalence,101,Canada,3,Both,22,All ages,554,Motor neuron disease,3,Rate,2023,18.76206955144,21.65682813727,15.77977210675
1,All Population,5,Prevalence,305,Bermuda,3,Both,22,All ages,554,Motor neuron disease,3,Rate,2021,6.813922656010001,7.862192997669999,5.84983176255
1,All Population,5,Prevalence,131,Nicaragua,3,Both,22,All ages,554,Motor neuron disease,3,Rate,2023,2.00126342971,2.41149766835,1.60915822584
1,All Population,5,Prevalence,201,Burkina Faso,3,Both,22,All ages,554,Motor neuron disease,3,Rate,2021,1.0888530736000002,1.38239051113,0.8306622743900001
1,All Population,5,Prevalence,165,Pakistan,3,Both,22,All ages,554,Motor neuron disease,3,Rate,2023,1.69794951272,2.13921604893,1.2796875739
1,All Population,5,Prevalence,144,Jordan,3,Both,22,All ages,554,Motor neuron disease,3,Rate,2023,2.8653767338200002,3.46248552305,2.26449423797
1,All Population,5,Prevalence,211,Mali,3,Both,22,All ages,554,Motor neuron disease,3,Rate,2023,1.5489995152,1.8778033059299999,1.24541033141
1,All Population,5,Prevalence,385,Puerto Rico,3,Both,22,All ages,554,Motor neuron disease,3,Rate,2021,4.78697891548,5.52632275585,4.05922903682
1,All Population,5,Prevalence,133,Venezuela (Bolivarian Republic of),3,Both,22,All ages,554,Motor neuron disease,3,Rate,2023,2.19189820465,2.54883735045,1.7995962261199998
1,All Population,5,Prevalence,176,Comoros,3,Both,22,All ages,554,Motor neuron disease,3,Rate,2023,1.377982471,1.72115161143,1.06374490019
1,All Population,5,Prevalence,112,Grenada,3,Both,22,All ages,554,Motor neuron disease,3,Rate,2023,2.43734085956,2.85499666781,1.99643572107
1,All Population,5,Prevalence,349,Greenland,3,Both,22,All ages,554,Motor neuron disease,3,Rate,2021,10.28129209203,12.070454662189999,8.72343860638
1,All Population,5,Prevalence,146,Lebanon,3,Both,22,All ages,554,Motor neuron disease,3,Rate,2023,3.11669013437,3.73155313546,2.55105704641
1,All Population,5,Prevalence,214,Nigeria,3,Both,22,All ages,554,Motor neuron disease,3,Rate,2021,1.16696142958,1.51917320516,0.8648838696600001
1,All Population,5,Prevalence,190,Uganda,3,Both,22,All ages,554,Motor neuron disease,3,Rate,2023,1.00856729186,1.29692979728,0.7570948547099999
1,All Population,5,Prevalence,178,Eritrea,3,Both,22,All ages,554,Motor neuron disease,3,Rate,2023,1.30147209126,1.64001801998,1.0079978539099999
1,All Population,5,Prevalence,396,San Marino,3,Both,22,All ages,554,Motor neuron disease,3,Rate,2021,8.25966984897,10.10030831962,6.6767633903300005
1,All Population,5,Prevalence,180,Kenya,3,Both,22,All ages,554,Motor neuron disease,3,Rate,2023,1.2567782249100001,1.64144974822,0.9282874952799999
1,All Population,5,Prevalence,416,Tuvalu,3,Both,22,All ages,554,Motor neuron disease,3,Rate,2021,1.31579923624,1.6186580139000002,1.04348843563
1,All Population,5,Prevalence,205,Côte d'Ivoire,3,Both,22,All ages,554,Motor neuron disease,3,Rate,2023,1.16257099305,1.4682103737,0.87859284903
1,All Population,5,Prevalence,148,Morocco,3,Both,22,All ages,554,Motor neuron disease,3,Rate,2023,2.51264180381,3.0585922360500004,2.0115437494
1,All Population,5,Prevalence,522,Sudan,3,Both,22,All ages,554,Motor neuron disease,3,Rate,2021,1.60229222604,1.9881129349400002,1.2513567676100001
1,All Population,5,Prevalence,194,Lesotho,3,Both,22,All ages,554,Motor neuron disease,3,Rate,2023,1.67730947015,2.0718833453800003,1.31686382784
1,All Population,5,Prevalence,207,Ghana,3,Both,22,All ages,554,Motor neuron disease,3,Rate,2023,1.2244358602199998,1.54307891112,0.94013102871
1,All Population,5,Prevalence,367,Monaco,3,Both,22,All ages,554,Motor neuron disease,3,Rate,2023,10.48984035776,12.47325490375,8.71115940512
1,All Population,5,Prevalence,196,South Africa,3,Both,22,All ages,554,Motor neuron disease,3,Rate,2023,1.92335763172,2.40325894799,1.4650861201
1,All Population,5,Prevalence,435,South Sudan,3,Both,22,All ages,554,Motor neuron disease,3,Rate,2023,1.1085426748,1.40975707336,0.8494490144400001
1,All Population,5,Prevalence,374,Niue,3,Both,22,All ages,554,Motor neuron disease,3,Rate,2023,2.03730918764,2.39256749663,1.6564017563199998
1,All Population,5,Prevalence,33,Armenia,3,Both,22,All ages,554,Motor neuron disease,3,Rate,2022,2.7235181051699997,3.2664894241,2.21619253239
1,All Population,5,Prevalence,44,Bosnia and Herzegovina,3,Both,22,All ages,554,Motor neuron disease,3,Rate,2022,3.6822529720399997,4.40054305048,2.99281696186
1,All Population,5,Prevalence,12,Lao People's Democratic Republic,3,Both,22,All ages,554,Motor neuron disease,3,Rate,2022,1.5394521130099998,1.9140452167,1.20708104806
1,All Population,5,Prevalence,380,Palau,3,Both,22,All ages,554,Motor neuron disease,3,Rate,2023,1.6560485303299999,1.99803166913,1.33452429707
1,All Population,5,Prevalence,14,Maldives,3,Both,22,All ages,554,Motor neuron disease,3,Rate,2022,1.72130054024,2.13966997071,1.3217099080399999
1,All Population,5,Prevalence,46,Croatia,3,Both,22,All ages,554,Motor neuron disease,3,Rate,2022,5.23222324424,6.06799950205,4.44617999123
1,All Population,5,Prevalence,80,France,3,Both,22,All ages,554,Motor neuron disease,3,Rate,2022,16.6630980497,19.482567508,14.194751082099998
1,All Population,5,Prevalence,91,Portugal,3,Both,22,All ages,554,Motor neuron disease,3,Rate,2022,12.227761923440001,14.28595904906,10.31795225826
1,All Population,5,Prevalence,59,Latvia,3,Both,22,All ages,554,Motor neuron disease,3,Rate,2022,4.1615860325,4.81498546699,3.5134548892799997
1,All Population,5,Prevalence,48,Hungary,3,Both,22,All ages,554,Motor neuron disease,3,Rate,2022,4.90081598267,5.6370515571099995,4.26555665447
1,All Population,5,Prevalence,16,Philippines,3,Both,22,All ages,554,Motor neuron disease,3,Rate,2022,1.5899840424299998,2.0013530571500002,1.21575400801
1,All Population,5,Prevalence,61,Republic of Moldova,3,Both,22,All ages,554,Motor neuron disease,3,Rate,2022,2.91632902888,3.50052915524,2.37541782383
1,All Population,5,Prevalence,50,Montenegro,3,Both,22,All ages,554,Motor neuron disease,3,Rate,2022,3.47552652191,4.16227800436,2.8279110919300003
1,All Population,5,Prevalence,93,Sweden,3,Both,22,All ages,554,Motor neuron disease,3,Rate,2022,19.76725756546,23.26726796743,16.56489987798
1,All Population,5,Prevalence,18,Thailand,3,Both,22,All ages,554,Motor neuron disease,3,Rate,2022,1.95159212333,2.38307806868,1.55703680065
1,All Population,5,Prevalence,29,Tonga,3,Both,22,All ages,554,Motor neuron disease,3,Rate,2022,1.9593983809400002,2.3757787064700002,1.5668245508299998
1,All Population,5,Prevalence,63,Ukraine,3,Both,22,All ages,554,Motor neuron disease,3,Rate,2022,3.01163548215,3.5811840763600005,2.43567288014
1,All Population,5,Prevalence,95,United Kingdom,3,Both,22,All ages,554,Motor neuron disease,3,Rate,2022,17.6189199913,20.59110368368,15.00426107944
1,All Population,5,Prevalence,106,Bahamas,3,Both,22,All ages,554,Motor neuron disease,3,Rate,2022,3.30826850705,3.81055588349,2.75745746591
1,All Population,5,Prevalence,74,Andorra,3,Both,22,All ages,554,Motor neuron disease,3,Rate,2022,16.670762992900002,20.19226343039,14.01149848453
1,All Population,5,Prevalence,108,Belize,3,Both,22,All ages,554,Motor neuron disease,3,Rate,2022,2.3252723269,2.7944746938700002,1.8507931831600002
1,All Population,5,Prevalence,151,Qatar,3,Both,22,All ages,554,Motor neuron disease,3,Rate,2022,3.35376261732,4.24894612263,2.60576199057
1,All Population,5,Prevalence,76,Belgium,3,Both,22,All ages,554,Motor neuron disease,3,Rate,2022,15.882070194779999,18.734129091579998,13.6148115606
1,All Population,5,Prevalence,140,Bahrain,3,Both,22,All ages,554,Motor neuron disease,3,Rate,2022,2.9763284203900002,3.6529575649400003,2.33191912186
1,All Population,5,Prevalence,110,Dominica,3,Both,22,All ages,554,Motor neuron disease,3,Rate,2022,3.2435440031,3.73216248468,2.76055551105
1,All Population,5,Prevalence,185,Rwanda,3,Both,22,All ages,554,Motor neuron disease,3,Rate,2022,1.03983856637,1.3475549813499998,0.79071608612
1,All Population,5,Prevalence,89,Netherlands,3,Both,22,All ages,554,Motor neuron disease,3,Rate,2022,18.99167802215,22.392408546120002,15.997023204509999
1,All Population,5,Prevalence,121,Bolivia (Plurinational State of),3,Both,22,All ages,554,Motor neuron disease,3,Rate,2022,2.0364244821799997,2.42877935833,1.6605320241600001
1,All Population,5,Prevalence,78,Denmark,3,Both,22,All ages,554,Motor neuron disease,3,Rate,2022,16.36127395216,18.84805828239,13.72608545444
1,All Population,5,Prevalence,153,Syrian Arab Republic,3,Both,22,All ages,554,Motor neuron disease,3,Rate,2022,2.63628150781,3.20521933437,2.1342536217099997
1,All Population,5,Prevalence,187,Somalia,3,Both,22,All ages,554,Motor neuron disease,3,Rate,2022,0.8586831264,1.1005896147199998,0.6503638204300001
1,All Population,5,Prevalence,142,Iran (Islamic Republic of),3,Both,22,All ages,554,Motor neuron disease,3,Rate,2022,3.0305065337799997,3.73270799225,2.3490966177400003
1,All Population,5,Prevalence,123,Peru,3,Both,22,All ages,554,Motor neuron disease,3,Rate,2022,1.91114184963,2.29703705619,1.53742604144
1,All Population,5,Prevalence,201,Burkina Faso,3,Both,22,All ages,554,Motor neuron disease,3,Rate,2022,1.10309987874,1.40406606698,0.8512268969800001
1,All Population,5,Prevalence,305,Bermuda,3,Both,22,All ages,554,Motor neuron disease,3,Rate,2022,6.883581127309999,7.94031094606,5.938350983079999
1,All Population,5,Prevalence,155,Türkiye,3,Both,22,All ages,554,Motor neuron disease,3,Rate,2022,4.31168066187,5.05582384851,3.73065434651
1,All Population,5,Prevalence,125,Colombia,3,Both,22,All ages,554,Motor neuron disease,3,Rate,2022,2.47316764689,2.8621371097500004,2.07287248817
1,All Population,5,Prevalence,168,Angola,3,Both,22,All ages,554,Motor neuron disease,3,Rate,2022,1.22305823668,1.5418791339900002,0.9302801547799999
1,All Population,5,Prevalence,385,Puerto Rico,3,Both,22,All ages,554,Motor neuron disease,3,Rate,2022,4.85957118351,5.59176549476,4.12649754575
1,All Population,5,Prevalence,157,Yemen,3,Both,22,All ages,554,Motor neuron disease,3,Rate,2022,1.55008581512,1.9390690158,1.19342996233
1,All Population,5,Prevalence,170,Congo,3,Both,22,All ages,554,Motor neuron disease,3,Rate,2022,1.06304366647,1.36069981871,0.8134413883499999
1,All Population,5,Prevalence,396,San Marino,3,Both,22,All ages,554,Motor neuron disease,3,Rate,2022,8.55852441135,10.494181088880001,6.8796848406799995
1,All Population,5,Prevalence,203,Cabo Verde,3,Both,22,All ages,554,Motor neuron disease,3,Rate,2022,1.7144828325800001,2.12714277758,1.35031519449
1,All Population,5,Prevalence,136,Paraguay,3,Both,22,All ages,554,Motor neuron disease,3,Rate,2022,2.76379838643,3.27500966378,2.25052552573
1,All Population,5,Prevalence,349,Greenland,3,Both,22,All ages,554,Motor neuron disease,3,Rate,2022,10.49546269387,12.41235607931,8.915844968150001
1,All Population,5,Prevalence,416,Tuvalu,3,Both,22,All ages,554,Motor neuron disease,3,Rate,2022,1.33355858364,1.64673703607,1.0524615070299999
1,All Population,5,Prevalence,181,Madagascar,3,Both,22,All ages,554,Motor neuron disease,3,Rate,2022,1.3614259148799999,1.70327102267,1.0598828171399999
1,All Population,5,Prevalence,172,Equatorial Guinea,3,Both,22,All ages,554,Motor neuron disease,3,Rate,2022,1.15646663877,1.50174087296,0.8711084460599999
1,All Population,5,Prevalence,214,Nigeria,3,Both,22,All ages,554,Motor neuron disease,3,Rate,2022,1.19511274683,1.55961429845,0.8878963135999999
1,All Population,5,Prevalence,183,Mauritius,3,Both,22,All ages,554,Motor neuron disease,3,Rate,2022,2.3337977407099997,2.76600572391,1.91713073644
1,All Population,5,Prevalence,216,Senegal,3,Both,22,All ages,554,Motor neuron disease,3,Rate,2022,1.30786376603,1.65613062855,1.00454039465
1,All Population,5,Prevalence,218,Togo,3,Both,22,All ages,554,Motor neuron disease,3,Rate,2022,1.11040890195,1.4161106885399999,0.84096885498
1,All Population,5,Prevalence,522,Sudan,3,Both,22,All ages,554,Motor neuron disease,3,Rate,2022,1.6258106714999998,2.02849361011,1.27379758881
1,All Population,5,Prevalence,14,Maldives,3,Both,22,All ages,554,Motor neuron disease,3,Rate,2023,1.7351990138,2.15582140818,1.3321302814
1,All Population,5,Prevalence,16,Philippines,3,Both,22,All ages,554,Motor neuron disease,3,Rate,2023,1.60488504533,2.0196616018099998,1.22773299558
1,All Population,5,Prevalence,50,Montenegro,3,Both,22,All ages,554,Motor neuron disease,3,Rate,2023,3.4909148834500003,4.18249240108,2.8410803041
1,All Population,5,Prevalence,18,Thailand,3,Both,22,All ages,554,Motor neuron disease,3,Rate,2023,1.96833503437,2.40500188734,1.57280094773
1,All Population,5,Prevalence,61,Republic of Moldova,3,Both,22,All ages,554,Motor neuron disease,3,Rate,2023,2.92796071502,3.5082632305400003,2.39141862081
1,All Population,5,Prevalence,29,Tonga,3,Both,22,All ages,554,Motor neuron disease,3,Rate,2023,1.9707903144999999,2.3912123714,1.5775368182999998
1,All Population,5,Prevalence,63,Ukraine,3,Both,22,All ages,554,Motor neuron disease,3,Rate,2023,2.96549979605,3.5400025260100003,2.39254652313
1,All Population,5,Prevalence,74,Andorra,3,Both,22,All ages,554,Motor neuron disease,3,Rate,2023,16.737315403,20.30069390797,14.07308476507
1,All Population,5,Prevalence,108,Belize,3,Both,22,All ages,554,Motor neuron disease,3,Rate,2023,2.34396903397,2.81196185061,1.8712227473
1,All Population,5,Prevalence,44,Bosnia and Herzegovina,3,Both,22,All ages,554,Motor neuron disease,3,Rate,2023,3.70149714629,4.41830757801,3.00368818117
1,All Population,5,Prevalence,33,Armenia,3,Both,22,All ages,554,Motor neuron disease,3,Rate,2023,2.74392890267,3.2853430080200003,2.23283249721
1,All Population,5,Prevalence,76,Belgium,3,Both,22,All ages,554,Motor neuron disease,3,Rate,2023,16.06014521247,18.97806365931,13.753825277559999
1,All Population,5,Prevalence,12,Lao People's Democratic Republic,3,Both,22,All ages,554,Motor neuron disease,3,Rate,2023,1.5495917836300002,1.9234412774699998,1.2144654424999999
1,All Population,5,Prevalence,121,Bolivia (Plurinational State of),3,Both,22,All ages,554,Motor neuron disease,3,Rate,2023,2.0555236893799997,2.45010680874,1.67752950485
1,All Population,5,Prevalence,110,Dominica,3,Both,22,All ages,554,Motor neuron disease,3,Rate,2023,3.27373934442,3.76698735569,2.78873727606
1,All Population,5,Prevalence,46,Croatia,3,Both,22,All ages,554,Motor neuron disease,3,Rate,2023,5.26825028119,6.10543701484,4.48092367297
1,All Population,5,Prevalence,78,Denmark,3,Both,22,All ages,554,Motor neuron disease,3,Rate,2023,16.51044668299,19.06323753716,13.863926746099999
1,All Population,5,Prevalence,155,Türkiye,3,Both,22,All ages,554,Motor neuron disease,3,Rate,2023,4.37769622475,5.13410583669,3.7933873010699997
1,All Population,5,Prevalence,123,Peru,3,Both,22,All ages,554,Motor neuron disease,3,Rate,2023,1.92463762988,2.3137750646599997,1.54782452334
1,All Population,5,Prevalence,59,Latvia,3,Both,22,All ages,554,Motor neuron disease,3,Rate,2023,4.18427639679,4.83743610378,3.53299950004
1,All Population,5,Prevalence,48,Hungary,3,Both,22,All ages,554,Motor neuron disease,3,Rate,2023,4.9155008244100005,5.64169793345,4.2766341796
1,All Population,5,Prevalence,89,Netherlands,3,Both,22,All ages,554,Motor neuron disease,3,Rate,2023,19.20477530758,22.64057523524,16.20742051533
1,All Population,5,Prevalence,80,France,3,Both,22,All ages,554,Motor neuron disease,3,Rate,2023,16.85439283301,19.70840218603,14.349753485899999
1,All Population,5,Prevalence,136,Paraguay,3,Both,22,All ages,554,Motor neuron disease,3,Rate,2023,2.78641345977,3.30082895056,2.26701198528
1,All Population,5,Prevalence,157,Yemen,3,Both,22,All ages,554,Motor neuron disease,3,Rate,2023,1.5589092048200002,1.9488193012200001,1.2021954701
1,All Population,5,Prevalence,125,Colombia,3,Both,22,All ages,554,Motor neuron disease,3,Rate,2023,2.50269514417,2.88961831073,2.1008468582199997
1,All Population,5,Prevalence,168,Angola,3,Both,22,All ages,554,Motor neuron disease,3,Rate,2023,1.23691677509,1.55915757003,0.9407983423499999
1,All Population,5,Prevalence,91,Portugal,3,Both,22,All ages,554,Motor neuron disease,3,Rate,2023,12.40363503436,14.48887865739,10.46201109349
1,All Population,5,Prevalence,203,Cabo Verde,3,Both,22,All ages,554,Motor neuron disease,3,Rate,2023,1.73371551437,2.15086645661,1.3662293131
1,All Population,5,Prevalence,216,Senegal,3,Both,22,All ages,554,Motor neuron disease,3,Rate,2023,1.3245665275,1.6772660284299998,1.0171788820699998
1,All Population,5,Prevalence,140,Bahrain,3,Both,22,All ages,554,Motor neuron disease,3,Rate,2023,2.99870898624,3.6864403947099995,2.3509310713900002
1,All Population,5,Prevalence,106,Bahamas,3,Both,22,All ages,554,Motor neuron disease,3,Rate,2023,3.3295756833600003,3.8373034119300002,2.77457070167
1,All Population,5,Prevalence,93,Sweden,3,Both,22,All ages,554,Motor neuron disease,3,Rate,2023,19.94903005782,23.48328965865,16.72109930153
1,All Population,5,Prevalence,170,Congo,3,Both,22,All ages,554,Motor neuron disease,3,Rate,2023,1.07284297272,1.37395881262,0.8210732021399999
1,All Population,5,Prevalence,181,Madagascar,3,Both,22,All ages,554,Motor neuron disease,3,Rate,2023,1.37705192606,1.7233480014,1.0706744473599998
1,All Population,5,Prevalence,151,Qatar,3,Both,22,All ages,554,Motor neuron disease,3,Rate,2023,3.372034648,4.2528409509300005,2.62613904549
1,All Population,5,Prevalence,142,Iran (Islamic Republic of),3,Both,22,All ages,554,Motor neuron disease,3,Rate,2023,3.05395865049,3.75928422099,2.37137026596
1,All Population,5,Prevalence,183,Mauritius,3,Both,22,All ages,554,Motor neuron disease,3,Rate,2023,2.34590142144,2.77571169845,1.93077339941
1,All Population,5,Prevalence,95,United Kingdom,3,Both,22,All ages,554,Motor neuron disease,3,Rate,2023,17.8357166109,20.85781549452,15.19812086179
1,All Population,5,Prevalence,218,Togo,3,Both,22,All ages,554,Motor neuron disease,3,Rate,2023,1.12485919557,1.4341008588100002,0.8532343743399999
1,All Population,5,Prevalence,172,Equatorial Guinea,3,Both,22,All ages,554,Motor neuron disease,3,Rate,2023,1.17172880985,1.52003005104,0.88287629212
1,All Population,5,Prevalence,153,Syrian Arab Republic,3,Both,22,All ages,554,Motor neuron disease,3,Rate,2023,2.65207420661,3.22119878147,2.14134448765
1,All Population,5,Prevalence,185,Rwanda,3,Both,22,All ages,554,Motor neuron disease,3,Rate,2023,1.05386622277,1.36419632004,0.80200116132
1,All Population,5,Prevalence,305,Bermuda,3,Both,22,All ages,554,Motor neuron disease,3,Rate,2023,6.96675616735,8.04092923837,6.00009190565
1,All Population,5,Prevalence,187,Somalia,3,Both,22,All ages,554,Motor neuron disease,3,Rate,2023,0.86518405627,1.10914163191,0.6552230731
1,All Population,5,Prevalence,201,Burkina Faso,3,Both,22,All ages,554,Motor neuron disease,3,Rate,2023,1.1121570544300001,1.41526590487,0.8580991221600001
1,All Population,5,Prevalence,385,Puerto Rico,3,Both,22,All ages,554,Motor neuron disease,3,Rate,2023,4.9339342229800005,5.68653052514,4.19093947774
1,All Population,5,Prevalence,349,Greenland,3,Both,22,All ages,554,Motor neuron disease,3,Rate,2023,10.58365422319,12.554404429529999,9.00725791918
1,All Population,5,Prevalence,396,San Marino,3,Both,22,All ages,554,Motor neuron disease,3,Rate,2023,8.70038754586,10.68398331762,7.00585386686
1,All Population,5,Prevalence,214,Nigeria,3,Both,22,All ages,554,Motor neuron disease,3,Rate,2023,1.2111954866399999,1.58085628578,0.8998126566400001
1,All Population,5,Prevalence,522,Sudan,3,Both,22,All ages,554,Motor neuron disease,3,Rate,2023,1.6427191623200001,2.0487649013900002,1.28737480875
1,All Population,5,Prevalence,416,Tuvalu,3,Both,22,All ages,554,Motor neuron disease,3,Rate,2023,1.34386329357,1.65701187015,1.06047885268
