population_group_id,population_group_name,measure_id,measure_name,location_id,location_name,sex_id,sex_name,age_id,age_name,cause_id,cause_name,metric_id,metric_name,year,val,upper,lower
1,All Population,5,Prevalence,13,Malaysia,3,Both,22,All ages,544,Parkinson's disease,3,Rate,2014,66.49573696625,77.21788724379,56.09690472394
1,All Population,5,Prevalence,25,Micronesia (Federated States of),3,Both,22,All ages,544,Parkinson's disease,3,Rate,2014,70.56001424615,81.62097951425001,59.82450148992
1,All Population,5,Prevalence,60,Lithuania,3,Both,22,All ages,544,Parkinson's disease,3,Rate,2014,115.64203082198,136.1365373409,99.50211373464
1,All Population,5,Prevalence,130,Mexico,3,Both,22,All ages,544,Parkinson's disease,3,Rate,2014,145.54634965653,178.40161786906,119.82351693479
1,All Population,5,Prevalence,10,Cambodia,3,Both,22,All ages,544,Parkinson's disease,3,Rate,2014,46.802584886300004,53.881038917359994,39.82559674633
1,All Population,5,Prevalence,177,Djibouti,3,Both,22,All ages,544,Parkinson's disease,3,Rate,2014,16.73096042013,20.08163844268,13.95967801614
1,All Population,5,Prevalence,107,Barbados,3,Both,22,All ages,544,Parkinson's disease,3,Rate,2014,269.14108377625,311.14473536182,229.97619581077
1,All Population,5,Prevalence,49,North Macedonia,3,Both,22,All ages,544,Parkinson's disease,3,Rate,2014,154.652224167,181.86039182371002,129.28011250864
1,All Population,5,Prevalence,57,Belarus,3,Both,22,All ages,544,Parkinson's disease,3,Rate,2014,89.53741632159999,108.38295725071,72.20499213435
1,All Population,5,Prevalence,154,Tunisia,3,Both,22,All ages,544,Parkinson's disease,3,Rate,2014,112.35959900224,130.09580811946,91.20077233792
1,All Population,5,Prevalence,151,Qatar,3,Both,22,All ages,544,Parkinson's disease,3,Rate,2014,38.12851345265,46.81561682031,30.855478261520002
1,All Population,5,Prevalence,46,Croatia,3,Both,22,All ages,544,Parkinson's disease,3,Rate,2014,249.92810451331,271.71505892522003,225.00579611601998
1,All Population,5,Prevalence,422,United States Virgin Islands,3,Both,22,All ages,544,Parkinson's disease,3,Rate,2014,313.58225146291,379.14593512467,258.48244234247
1,All Population,5,Prevalence,26,Papua New Guinea,3,Both,22,All ages,544,Parkinson's disease,3,Rate,2014,43.9302056718,50.40118526066,37.96351929028
1,All Population,5,Prevalence,143,Iraq,3,Both,22,All ages,544,Parkinson's disease,3,Rate,2014,67.51286662976999,79.64945623832,57.117364575150006
1,All Population,5,Prevalence,15,Myanmar,3,Both,22,All ages,544,Parkinson's disease,3,Rate,2014,50.391244553209994,58.31575525048999,42.904497509740004
1,All Population,5,Prevalence,38,Mongolia,3,Both,22,All ages,544,Parkinson's disease,3,Rate,2014,13.266581955520001,15.01562221799,11.86328435512
1,All Population,5,Prevalence,62,Russian Federation,3,Both,22,All ages,544,Parkinson's disease,3,Rate,2014,82.60887476348,101.85136633370001,66.94057205745
1,All Population,5,Prevalence,202,Cameroon,3,Both,22,All ages,544,Parkinson's disease,3,Rate,2014,16.77851550986,19.2826175423,14.0726634479
1,All Population,5,Prevalence,140,Bahrain,3,Both,22,All ages,544,Parkinson's disease,3,Rate,2014,57.850546639790004,69.33130733832,48.79666526314
1,All Population,5,Prevalence,85,Israel,3,Both,22,All ages,544,Parkinson's disease,3,Rate,2014,238.12611898959003,261.62432827294003,213.91216925459
1,All Population,5,Prevalence,191,Zambia,3,Both,22,All ages,544,Parkinson's disease,3,Rate,2014,10.6626253219,12.433221853189998,8.93817561294
1,All Population,5,Prevalence,59,Latvia,3,Both,22,All ages,544,Parkinson's disease,3,Rate,2014,138.14005861523,156.63999999797,118.08642125090999
1,All Population,5,Prevalence,30,Vanuatu,3,Both,22,All ages,544,Parkinson's disease,3,Rate,2015,53.74169144644,64.58227906822,45.47403645382
1,All Population,5,Prevalence,109,Cuba,3,Both,22,All ages,544,Parkinson's disease,3,Rate,2014,277.20043487594995,325.64936729987,238.57607137623
1,All Population,5,Prevalence,215,Sao Tome and Principe,3,Both,22,All ages,544,Parkinson's disease,3,Rate,2014,27.509377412310002,33.74892196773,22.98506083892
1,All Population,5,Prevalence,28,Solomon Islands,3,Both,22,All ages,544,Parkinson's disease,3,Rate,2014,43.89274092297,51.208184565370004,37.08374058156
1,All Population,5,Prevalence,6,China,3,Both,22,All ages,544,Parkinson's disease,3,Rate,2014,178.48031663937,217.50292955389,146.28337151178
1,All Population,5,Prevalence,93,Sweden,3,Both,22,All ages,544,Parkinson's disease,3,Rate,2014,309.86852336286,332.88263986242,289.20700955626
1,All Population,5,Prevalence,204,Chad,3,Both,22,All ages,544,Parkinson's disease,3,Rate,2014,12.20298635264,14.00341841747,10.302285132249999
1,All Population,5,Prevalence,145,Kuwait,3,Both,22,All ages,544,Parkinson's disease,3,Rate,2014,54.767339737629996,64.85450210483,45.53746092179
1,All Population,5,Prevalence,132,Panama,3,Both,22,All ages,544,Parkinson's disease,3,Rate,2014,151.69469037324,179.1809025005,125.0459062761
1,All Population,5,Prevalence,51,Poland,3,Both,22,All ages,544,Parkinson's disease,3,Rate,2014,176.34498061699,195.83634667014996,157.10589783772
1,All Population,5,Prevalence,396,San Marino,3,Both,22,All ages,544,Parkinson's disease,3,Rate,2014,181.84306069297,215.46014773748,152.8972122578
1,All Population,5,Prevalence,74,Andorra,3,Both,22,All ages,544,Parkinson's disease,3,Rate,2015,159.49129474579001,187.75889982366002,133.87129524473
1,All Population,5,Prevalence,19,Timor-Leste,3,Both,22,All ages,544,Parkinson's disease,3,Rate,2015,42.02657459251,49.19121893874,34.476212157249996
1,All Population,5,Prevalence,48,Hungary,3,Both,22,All ages,544,Parkinson's disease,3,Rate,2014,225.9473987655,227.37454048337003,224.42239636667
1,All Population,5,Prevalence,106,Bahamas,3,Both,22,All ages,544,Parkinson's disease,3,Rate,2014,129.32096027574,149.89654593756,113.76686079624
1,All Population,5,Prevalence,63,Ukraine,3,Both,22,All ages,544,Parkinson's disease,3,Rate,2015,45.28223789609,55.6782507166,36.991435901260004
1,All Population,5,Prevalence,27,Samoa,3,Both,22,All ages,544,Parkinson's disease,3,Rate,2015,90.72095556066,105.37669956428999,74.4770619979
1,All Population,5,Prevalence,8,Taiwan,3,Both,22,All ages,544,Parkinson's disease,3,Rate,2015,212.70549188937,219.78730266718,206.23127847733
1,All Population,5,Prevalence,156,United Arab Emirates,3,Both,22,All ages,544,Parkinson's disease,3,Rate,2014,25.452282794789998,32.58585483023,19.74063800781
1,All Population,5,Prevalence,12,Lao People's Democratic Republic,3,Both,22,All ages,544,Parkinson's disease,3,Rate,2014,35.81383429705,41.774619363279996,29.715946747689998
1,All Population,5,Prevalence,201,Burkina Faso,3,Both,22,All ages,544,Parkinson's disease,3,Rate,2014,16.37530554553,19.57431733062,13.76965903126
1,All Population,5,Prevalence,119,Trinidad and Tobago,3,Both,22,All ages,544,Parkinson's disease,3,Rate,2014,181.65949485214,208.3672778589,157.62141878608
1,All Population,5,Prevalence,16,Philippines,3,Both,22,All ages,544,Parkinson's disease,3,Rate,2015,44.22471972718,53.45620383952,36.535262102509996
1,All Population,5,Prevalence,111,Dominican Republic,3,Both,22,All ages,544,Parkinson's disease,3,Rate,2014,153.32036190518,175.27040886138,131.91771517656
1,All Population,5,Prevalence,147,Libya,3,Both,22,All ages,544,Parkinson's disease,3,Rate,2014,81.24644925001999,95.16127207471,69.33345133796999
1,All Population,5,Prevalence,8,Taiwan,3,Both,22,All ages,544,Parkinson's disease,3,Rate,2014,204.92877292148,211.57220308529,198.28018243872
1,All Population,5,Prevalence,522,Sudan,3,Both,22,All ages,544,Parkinson's disease,3,Rate,2014,57.695189920100006,68.00207478857,49.10749460575
1,All Population,5,Prevalence,212,Mauritania,3,Both,22,All ages,544,Parkinson's disease,3,Rate,2014,20.537566511130002,23.82608057347,17.08783077795
1,All Population,5,Prevalence,121,Bolivia (Plurinational State of),3,Both,22,All ages,544,Parkinson's disease,3,Rate,2015,147.86070743942,171.68286948351,123.16267179203
1,All Population,5,Prevalence,72,New Zealand,3,Both,22,All ages,544,Parkinson's disease,3,Rate,2014,142.3335116536,174.07214549476,115.38587967236
1,All Population,5,Prevalence,153,Syrian Arab Republic,3,Both,22,All ages,544,Parkinson's disease,3,Rate,2014,67.15707972227999,78.67171428004,56.37168126792999
1,All Population,5,Prevalence,17,Sri Lanka,3,Both,22,All ages,544,Parkinson's disease,3,Rate,2014,101.45274734208,117.80703692084,85.8238204993
1,All Population,5,Prevalence,416,Tuvalu,3,Both,22,All ages,544,Parkinson's disease,3,Rate,2014,78.84655296034,95.73656651946,65.78114808449
1,All Population,5,Prevalence,169,Central African Republic,3,Both,22,All ages,544,Parkinson's disease,3,Rate,2014,12.530033946809999,14.806533818919998,10.51796606184
1,All Population,5,Prevalence,77,Cyprus,3,Both,22,All ages,544,Parkinson's disease,3,Rate,2015,152.90667459725,178.63026084028,126.33678898929001
1,All Population,5,Prevalence,164,Nepal,3,Both,22,All ages,544,Parkinson's disease,3,Rate,2014,39.28588087777,46.34831709904,32.78158935653
1,All Population,5,Prevalence,40,Turkmenistan,3,Both,22,All ages,544,Parkinson's disease,3,Rate,2014,19.541998103050002,22.814720670059998,16.50676867358
1,All Population,5,Prevalence,122,Ecuador,3,Both,22,All ages,544,Parkinson's disease,3,Rate,2014,166.96548104049,193.10751872104998,138.3521492865
1,All Population,5,Prevalence,98,Chile,3,Both,22,All ages,544,Parkinson's disease,3,Rate,2014,121.35687213471,134.1220808532,106.89380486477
1,All Population,5,Prevalence,43,Albania,3,Both,22,All ages,544,Parkinson's disease,3,Rate,2015,147.51007319608,171.54658628933,122.70709573986001
1,All Population,5,Prevalence,90,Norway,3,Both,22,All ages,544,Parkinson's disease,3,Rate,2015,213.09106808126998,264.85721147633,176.05395787923
1,All Population,5,Prevalence,180,Kenya,3,Both,22,All ages,544,Parkinson's disease,3,Rate,2014,12.335308839949999,15.10512665447,10.156040042359999
1,All Population,5,Prevalence,133,Venezuela (Bolivarian Republic of),3,Both,22,All ages,544,Parkinson's disease,3,Rate,2014,121.95012920963,141.51623948986,100.64668380341
1,All Population,5,Prevalence,75,Austria,3,Both,22,All ages,544,Parkinson's disease,3,Rate,2014,226.10488841909998,253.80210021393998,194.54990818067
1,All Population,5,Prevalence,87,Luxembourg,3,Both,22,All ages,544,Parkinson's disease,3,Rate,2015,190.32630203744,224.70366014393,157.0101797072
1,All Population,5,Prevalence,171,Democratic Republic of the Congo,3,Both,22,All ages,544,Parkinson's disease,3,Rate,2014,13.6833497761,16.06086175062,11.44279807684
1,All Population,5,Prevalence,7,Democratic People's Republic of Korea,3,Both,22,All ages,544,Parkinson's disease,3,Rate,2014,122.74868441003,144.08172030273002,102.08826075222998
1,All Population,5,Prevalence,18,Thailand,3,Both,22,All ages,544,Parkinson's disease,3,Rate,2014,135.86400750967002,145.48034406605,123.82011806688
1,All Population,5,Prevalence,102,United States of America,3,Both,22,All ages,544,Parkinson's disease,3,Rate,2015,232.56047888298,256.09176187406,209.67220382938999
1,All Population,5,Prevalence,66,Brunei Darussalam,3,Both,22,All ages,544,Parkinson's disease,3,Rate,2015,40.08717362752,47.36498707114,33.17698634857
1,All Population,5,Prevalence,61,Republic of Moldova,3,Both,22,All ages,544,Parkinson's disease,3,Rate,2014,71.41763416364,84.12269820113,57.66022190867
1,All Population,5,Prevalence,369,Nauru,3,Both,22,All ages,544,Parkinson's disease,3,Rate,2014,36.253423958,41.994155029910004,30.74477702574
1,All Population,5,Prevalence,113,Guyana,3,Both,22,All ages,544,Parkinson's disease,3,Rate,2015,100.85185867111,119.92368297434001,85.05871299372
1,All Population,5,Prevalence,54,Slovakia,3,Both,22,All ages,544,Parkinson's disease,3,Rate,2014,131.06296938129,150.47657871733,109.0735053967
1,All Population,5,Prevalence,160,Afghanistan,3,Both,22,All ages,544,Parkinson's disease,3,Rate,2015,33.59730502297,39.56901805962,27.99529771738
1,All Population,5,Prevalence,101,Canada,3,Both,22,All ages,544,Parkinson's disease,3,Rate,2014,196.23877209031002,216.33890955696,175.85594775921
1,All Population,5,Prevalence,112,Grenada,3,Both,22,All ages,544,Parkinson's disease,3,Rate,2014,241.66362846507,292.25660939971004,201.06994411799
1,All Population,5,Prevalence,55,Slovenia,3,Both,22,All ages,544,Parkinson's disease,3,Rate,2015,206.40422761717,239.79924070929,173.10147495843
1,All Population,5,Prevalence,113,Guyana,3,Both,22,All ages,544,Parkinson's disease,3,Rate,2014,98.47958121768,116.43254292768,84.42503452828001
1,All Population,5,Prevalence,53,Serbia,3,Both,22,All ages,544,Parkinson's disease,3,Rate,2014,158.71431727139,190.97914150344,131.98453094567
1,All Population,5,Prevalence,67,Japan,3,Both,22,All ages,544,Parkinson's disease,3,Rate,2014,87.81676967412,108.15931135739,73.06234476743
1,All Population,5,Prevalence,79,Finland,3,Both,22,All ages,544,Parkinson's disease,3,Rate,2015,222.31741470051,244.37666865265,202.03100379452
1,All Population,5,Prevalence,74,Andorra,3,Both,22,All ages,544,Parkinson's disease,3,Rate,2014,156.36565867557002,183.52881431003001,131.07361136184
1,All Population,5,Prevalence,193,Botswana,3,Both,22,All ages,544,Parkinson's disease,3,Rate,2014,29.892784205589997,34.759127281670004,25.41904597299
1,All Population,5,Prevalence,135,Brazil,3,Both,22,All ages,544,Parkinson's disease,3,Rate,2014,237.48405838757,289.7686997006,196.12911412667998
1,All Population,5,Prevalence,92,Spain,3,Both,22,All ages,544,Parkinson's disease,3,Rate,2015,400.49263829005,446.56574562772,351.32206682891
1,All Population,5,Prevalence,121,Bolivia (Plurinational State of),3,Both,22,All ages,544,Parkinson's disease,3,Rate,2014,143.67181756212,165.62398900925,120.42509208249001
1,All Population,5,Prevalence,41,Uzbekistan,3,Both,22,All ages,544,Parkinson's disease,3,Rate,2014,19.076005179070002,22.88708955967,16.096748949560002
1,All Population,5,Prevalence,380,Palau,3,Both,22,All ages,544,Parkinson's disease,3,Rate,2014,108.2674459732,128.9930014846,91.58538661735
1,All Population,5,Prevalence,214,Nigeria,3,Both,22,All ages,544,Parkinson's disease,3,Rate,2014,15.87684778904,19.46052031808,13.03460042056
1,All Population,5,Prevalence,182,Malawi,3,Both,22,All ages,544,Parkinson's disease,3,Rate,2014,11.832729541019999,14.09643160195,9.63949046887
1,All Population,5,Prevalence,11,Indonesia,3,Both,22,All ages,544,Parkinson's disease,3,Rate,2015,51.18477154445,61.48978908795,42.34733162216
1,All Population,5,Prevalence,88,Malta,3,Both,22,All ages,544,Parkinson's disease,3,Rate,2014,216.85604072627,251.58150991455003,185.11425387814
1,All Population,5,Prevalence,217,Sierra Leone,3,Both,22,All ages,544,Parkinson's disease,3,Rate,2014,17.25504890166,20.33639657978,14.66436152622
1,All Population,5,Prevalence,66,Brunei Darussalam,3,Both,22,All ages,544,Parkinson's disease,3,Rate,2014,37.94051467752,44.99026550434,31.75793530472
1,All Population,5,Prevalence,139,Algeria,3,Both,22,All ages,544,Parkinson's disease,3,Rate,2015,91.41861657197,107.84490998391001,77.39197932795
1,All Population,5,Prevalence,76,Belgium,3,Both,22,All ages,544,Parkinson's disease,3,Rate,2015,223.38870461905,252.91740285436,196.28066254707997
1,All Population,5,Prevalence,94,Switzerland,3,Both,22,All ages,544,Parkinson's disease,3,Rate,2015,254.43628306869,282.83132165997,227.66695495021
1,All Population,5,Prevalence,30,Vanuatu,3,Both,22,All ages,544,Parkinson's disease,3,Rate,2014,53.10711564719001,63.123327541840005,46.300562665310004
1,All Population,5,Prevalence,179,Ethiopia,3,Both,22,All ages,544,Parkinson's disease,3,Rate,2014,18.30062923662,22.003495316000002,15.06231395419
1,All Population,5,Prevalence,168,Angola,3,Both,22,All ages,544,Parkinson's disease,3,Rate,2015,13.89323622376,16.24769570738,11.320018094709999
1,All Population,5,Prevalence,123,Peru,3,Both,22,All ages,544,Parkinson's disease,3,Rate,2015,142.43654663826,165.94621833177,119.98212723900001
1,All Population,5,Prevalence,19,Timor-Leste,3,Both,22,All ages,544,Parkinson's disease,3,Rate,2014,39.93613028625,46.493715574229995,32.92201583272
1,All Population,5,Prevalence,27,Samoa,3,Both,22,All ages,544,Parkinson's disease,3,Rate,2014,90.13034584694,104.11642799208,74.24631007183
1,All Population,5,Prevalence,81,Germany,3,Both,22,All ages,544,Parkinson's disease,3,Rate,2015,474.75274424498,495.85891682985005,454.24309726585
1,All Population,5,Prevalence,207,Ghana,3,Both,22,All ages,544,Parkinson's disease,3,Rate,2014,20.71910249194,24.59578031762,17.370847847180002
1,All Population,5,Prevalence,115,Jamaica,3,Both,22,All ages,544,Parkinson's disease,3,Rate,2015,144.95715679379,169.57433233700002,124.20022714805
1,All Population,5,Prevalence,206,Gambia,3,Both,22,All ages,544,Parkinson's disease,3,Rate,2014,20.822361688519997,24.532176679870002,17.09189707152
1,All Population,5,Prevalence,68,Republic of Korea,3,Both,22,All ages,544,Parkinson's disease,3,Rate,2015,123.25027536739,126.84238394020001,119.3330952294
1,All Population,5,Prevalence,160,Afghanistan,3,Both,22,All ages,544,Parkinson's disease,3,Rate,2014,33.73611090084,40.08441053303,28.14307443475
1,All Population,5,Prevalence,161,Bangladesh,3,Both,22,All ages,544,Parkinson's disease,3,Rate,2014,41.254027338549996,49.18266791107,34.834728159010005
1,All Population,5,Prevalence,172,Equatorial Guinea,3,Both,22,All ages,544,Parkinson's disease,3,Rate,2014,14.14409696387,17.02540955469,11.80496475042
1,All Population,5,Prevalence,148,Morocco,3,Both,22,All ages,544,Parkinson's disease,3,Rate,2014,92.25805432308,108.05726699877,76.20854806941999
1,All Population,5,Prevalence,108,Belize,3,Both,22,All ages,544,Parkinson's disease,3,Rate,2014,94.67099979183,109.80683808527,80.1370072443
1,All Population,5,Prevalence,63,Ukraine,3,Both,22,All ages,544,Parkinson's disease,3,Rate,2014,44.90284214511,54.91647043289,36.64251695882
1,All Population,5,Prevalence,155,Türkiye,3,Both,22,All ages,544,Parkinson's disease,3,Rate,2014,200.4716506782,225.70575572415,176.32470139503
1,All Population,5,Prevalence,14,Maldives,3,Both,22,All ages,544,Parkinson's disease,3,Rate,2014,52.43281857084,60.425462956889994,44.93191095482
1,All Population,5,Prevalence,114,Haiti,3,Both,22,All ages,544,Parkinson's disease,3,Rate,2014,53.319631972530004,63.658623332039994,45.50705640327
1,All Population,5,Prevalence,35,Georgia,3,Both,22,All ages,544,Parkinson's disease,3,Rate,2015,68.03590998052,78.60899595423,55.24211227323
1,All Population,5,Prevalence,76,Belgium,3,Both,22,All ages,544,Parkinson's disease,3,Rate,2014,217.52104980991,245.61533780102,193.41464861769
1,All Population,5,Prevalence,126,Costa Rica,3,Both,22,All ages,544,Parkinson's disease,3,Rate,2014,158.66294507753,175.47062209306,135.46060582982
1,All Population,5,Prevalence,208,Guinea,3,Both,22,All ages,544,Parkinson's disease,3,Rate,2015,17.52920354543,20.94233018063,14.41120674734
1,All Population,5,Prevalence,24,Marshall Islands,3,Both,22,All ages,544,Parkinson's disease,3,Rate,2015,53.09721108684,63.56495708599,44.45072710039
1,All Population,5,Prevalence,23,Kiribati,3,Both,22,All ages,544,Parkinson's disease,3,Rate,2015,62.559255671849996,72.0609432527,54.2029014679
1,All Population,5,Prevalence,71,Australia,3,Both,22,All ages,544,Parkinson's disease,3,Rate,2015,268.42269312305,318.56222190328003,214.97374540431997
1,All Population,5,Prevalence,20,Viet Nam,3,Both,22,All ages,544,Parkinson's disease,3,Rate,2014,74.48224418439,86.79683403135,62.61615770924
1,All Population,5,Prevalence,90,Norway,3,Both,22,All ages,544,Parkinson's disease,3,Rate,2014,207.87455554518,256.81756834787,171.35544828932998
1,All Population,5,Prevalence,69,Singapore,3,Both,22,All ages,544,Parkinson's disease,3,Rate,2014,60.6662454424,72.03588531946,52.34297043362999
1,All Population,5,Prevalence,45,Bulgaria,3,Both,22,All ages,544,Parkinson's disease,3,Rate,2015,190.16700305079002,238.65013469998001,154.57604728017
1,All Population,5,Prevalence,82,Greece,3,Both,22,All ages,544,Parkinson's disease,3,Rate,2015,304.19731805277,362.39679630408,266.18202593895
1,All Population,5,Prevalence,150,Oman,3,Both,22,All ages,544,Parkinson's disease,3,Rate,2014,56.26759824558,65.65420929368001,47.75229945449
1,All Population,5,Prevalence,150,Oman,3,Both,22,All ages,544,Parkinson's disease,3,Rate,2015,57.373276622119995,66.83153394881,48.36667794093
1,All Population,5,Prevalence,126,Costa Rica,3,Both,22,All ages,544,Parkinson's disease,3,Rate,2015,165.35879100310999,185.89788500592,139.75630059393998
1,All Population,5,Prevalence,87,Luxembourg,3,Both,22,All ages,544,Parkinson's disease,3,Rate,2014,187.90732110505,219.21059177642,155.60339325068998
1,All Population,5,Prevalence,115,Jamaica,3,Both,22,All ages,544,Parkinson's disease,3,Rate,2014,146.15182271167,170.51951454481,125.17007590561
1,All Population,5,Prevalence,171,Democratic Republic of the Congo,3,Both,22,All ages,544,Parkinson's disease,3,Rate,2015,13.77985995754,16.27501500813,11.52664652266
1,All Population,5,Prevalence,58,Estonia,3,Both,22,All ages,544,Parkinson's disease,3,Rate,2015,215.6139120057,230.07511539424,198.08843261107998
1,All Population,5,Prevalence,77,Cyprus,3,Both,22,All ages,544,Parkinson's disease,3,Rate,2014,147.26574521192,171.59439720242,121.85816029993
1,All Population,5,Prevalence,118,Suriname,3,Both,22,All ages,544,Parkinson's disease,3,Rate,2015,141.93750082224,164.29385588541,120.68811889268
1,All Population,5,Prevalence,34,Azerbaijan,3,Both,22,All ages,544,Parkinson's disease,3,Rate,2015,26.0805312903,30.013880586520003,22.96124040893
1,All Population,5,Prevalence,393,Saint Kitts and Nevis,3,Both,22,All ages,544,Parkinson's disease,3,Rate,2014,213.86311066867,234.65449680222,189.31257710998
1,All Population,5,Prevalence,105,Antigua and Barbuda,3,Both,22,All ages,544,Parkinson's disease,3,Rate,2015,164.49364216040001,194.54603530351,137.73513391013998
1,All Population,5,Prevalence,89,Netherlands,3,Both,22,All ages,544,Parkinson's disease,3,Rate,2015,212.03524999247,241.22412244669,186.29609998894
1,All Population,5,Prevalence,162,Bhutan,3,Both,22,All ages,544,Parkinson's disease,3,Rate,2014,47.12848986799,56.58929635498,38.79586529236
1,All Population,5,Prevalence,163,India,3,Both,22,All ages,544,Parkinson's disease,3,Rate,2014,43.06845495607,52.530628923209996,35.28761510279
1,All Population,5,Prevalence,127,El Salvador,3,Both,22,All ages,544,Parkinson's disease,3,Rate,2014,140.35970618382,164.22545370753,113.84014479187
1,All Population,5,Prevalence,187,Somalia,3,Both,22,All ages,544,Parkinson's disease,3,Rate,2014,13.659156882940001,15.86090875316,11.4672096392
1,All Population,5,Prevalence,129,Honduras,3,Both,22,All ages,544,Parkinson's disease,3,Rate,2015,95.87109952648001,112.55282864242001,79.18774443677
1,All Population,5,Prevalence,80,France,3,Both,22,All ages,544,Parkinson's disease,3,Rate,2014,227.06634040606002,247.32334410015997,209.85373872934002
1,All Population,5,Prevalence,68,Republic of Korea,3,Both,22,All ages,544,Parkinson's disease,3,Rate,2014,116.98242797097,120.21770931163,113.48696121433
1,All Population,5,Prevalence,142,Iran (Islamic Republic of),3,Both,22,All ages,544,Parkinson's disease,3,Rate,2015,104.87253367281,127.36239595037,87.11116063416999
1,All Population,5,Prevalence,55,Slovenia,3,Both,22,All ages,544,Parkinson's disease,3,Rate,2014,200.126662341,233.30712261399,170.1251680547
1,All Population,5,Prevalence,209,Guinea-Bissau,3,Both,22,All ages,544,Parkinson's disease,3,Rate,2014,14.891849294859998,17.586616284319998,12.56757903285
1,All Population,5,Prevalence,173,Gabon,3,Both,22,All ages,544,Parkinson's disease,3,Rate,2015,33.43819508798,39.8315330791,28.373024175810002
1,All Population,5,Prevalence,25,Micronesia (Federated States of),3,Both,22,All ages,544,Parkinson's disease,3,Rate,2015,72.03812904499,84.35805825709,60.89128511762
1,All Population,5,Prevalence,22,Fiji,3,Both,22,All ages,544,Parkinson's disease,3,Rate,2014,75.96981810168,88.72960628695,65.11977085509
1,All Population,5,Prevalence,116,Saint Lucia,3,Both,22,All ages,544,Parkinson's disease,3,Rate,2014,212.79735335319998,245.88996402689,185.06249694527
1,All Population,5,Prevalence,196,South Africa,3,Both,22,All ages,544,Parkinson's disease,3,Rate,2014,34.44693268632,41.65589509767,28.48795047219
1,All Population,5,Prevalence,11,Indonesia,3,Both,22,All ages,544,Parkinson's disease,3,Rate,2014,49.71950043735,59.67483011913,41.34173551171
1,All Population,5,Prevalence,184,Mozambique,3,Both,22,All ages,544,Parkinson's disease,3,Rate,2015,13.866207989200001,16.32892398953,11.69275584148
1,All Population,5,Prevalence,105,Antigua and Barbuda,3,Both,22,All ages,544,Parkinson's disease,3,Rate,2014,160.57673529269002,189.16692107175,137.71509642543
1,All Population,5,Prevalence,195,Namibia,3,Both,22,All ages,544,Parkinson's disease,3,Rate,2014,26.24007500691,30.47115079502,21.91244368034
1,All Population,5,Prevalence,162,Bhutan,3,Both,22,All ages,544,Parkinson's disease,3,Rate,2015,48.71460532842,58.462401646370004,39.74210100734
1,All Population,5,Prevalence,168,Angola,3,Both,22,All ages,544,Parkinson's disease,3,Rate,2014,13.67987964542,15.98631924369,11.18717062642
1,All Population,5,Prevalence,196,South Africa,3,Both,22,All ages,544,Parkinson's disease,3,Rate,2015,35.005588934689996,42.331473807929996,29.00485377602
1,All Population,5,Prevalence,208,Guinea,3,Both,22,All ages,544,Parkinson's disease,3,Rate,2014,17.8350826158,21.18697992158,14.8269343074
1,All Population,5,Prevalence,128,Guatemala,3,Both,22,All ages,544,Parkinson's disease,3,Rate,2014,82.08091614604,99.36238070518,68.69452923883999
1,All Population,5,Prevalence,83,Iceland,3,Both,22,All ages,544,Parkinson's disease,3,Rate,2015,219.16572737397,261.25434511901,187.25796124809
1,All Population,5,Prevalence,44,Bosnia and Herzegovina,3,Both,22,All ages,544,Parkinson's disease,3,Rate,2015,166.91875432208002,199.13336858172,139.03341526728
1,All Population,5,Prevalence,57,Belarus,3,Both,22,All ages,544,Parkinson's disease,3,Rate,2015,89.73002307314,109.92499836655,72.20943163677
1,All Population,5,Prevalence,117,Saint Vincent and the Grenadines,3,Both,22,All ages,544,Parkinson's disease,3,Rate,2014,196.34518095694,231.97957530311,159.45498824509
1,All Population,5,Prevalence,29,Tonga,3,Both,22,All ages,544,Parkinson's disease,3,Rate,2014,89.47631388987,106.97553167489001,76.20098188508
1,All Population,5,Prevalence,117,Saint Vincent and the Grenadines,3,Both,22,All ages,544,Parkinson's disease,3,Rate,2015,200.64861346467,235.83399050877003,160.85397253217
1,All Population,5,Prevalence,29,Tonga,3,Both,22,All ages,544,Parkinson's disease,3,Rate,2015,90.80620212782,107.69362061701,76.12925086859
1,All Population,5,Prevalence,141,Egypt,3,Both,22,All ages,544,Parkinson's disease,3,Rate,2015,80.8816101737,94.39049535023,68.46308370525999
1,All Population,5,Prevalence,35,Georgia,3,Both,22,All ages,544,Parkinson's disease,3,Rate,2014,67.38655106486,76.84572493691,55.73739585521
1,All Population,5,Prevalence,95,United Kingdom,3,Both,22,All ages,544,Parkinson's disease,3,Rate,2015,188.45349875819,226.68460053578,159.31763989201
1,All Population,5,Prevalence,129,Honduras,3,Both,22,All ages,544,Parkinson's disease,3,Rate,2014,94.11880275231,109.53640601847,77.39407086789001
1,All Population,5,Prevalence,37,Kyrgyzstan,3,Both,22,All ages,544,Parkinson's disease,3,Rate,2015,17.57909921828,21.36235718855,14.662307061509999
1,All Population,5,Prevalence,84,Ireland,3,Both,22,All ages,544,Parkinson's disease,3,Rate,2015,150.44706597121,171.49963080362,127.83107628029
1,All Population,5,Prevalence,82,Greece,3,Both,22,All ages,544,Parkinson's disease,3,Rate,2014,299.64880523655,354.04284599941997,263.22673681515
1,All Population,5,Prevalence,216,Senegal,3,Both,22,All ages,544,Parkinson's disease,3,Rate,2014,22.36796865792,26.11803825832,19.02479302826
1,All Population,5,Prevalence,170,Congo,3,Both,22,All ages,544,Parkinson's disease,3,Rate,2015,18.03519421014,21.17217852182,14.62300550672
1,All Population,5,Prevalence,181,Madagascar,3,Both,22,All ages,544,Parkinson's disease,3,Rate,2014,10.86869644431,13.020095253029998,9.06821460286
1,All Population,5,Prevalence,139,Algeria,3,Both,22,All ages,544,Parkinson's disease,3,Rate,2014,88.68535281907,103.39126843018,75.33726862597999
1,All Population,5,Prevalence,60,Lithuania,3,Both,22,All ages,544,Parkinson's disease,3,Rate,2015,118.03793870273,140.35067699872,100.04337725506001
1,All Population,5,Prevalence,190,Uganda,3,Both,22,All ages,544,Parkinson's disease,3,Rate,2014,11.73797049421,13.85813400797,9.70554780044
1,All Population,5,Prevalence,79,Finland,3,Both,22,All ages,544,Parkinson's disease,3,Rate,2014,217.16228482541,237.16458523062,198.7145493628
1,All Population,5,Prevalence,43,Albania,3,Both,22,All ages,544,Parkinson's disease,3,Rate,2014,137.72468203203,158.97777131428,114.82436446217
1,All Population,5,Prevalence,50,Montenegro,3,Both,22,All ages,544,Parkinson's disease,3,Rate,2015,162.64030604848,188.27275599101,134.9612936923
1,All Population,5,Prevalence,78,Denmark,3,Both,22,All ages,544,Parkinson's disease,3,Rate,2014,141.14502860224002,158.65714753816,126.21812649904001
1,All Population,5,Prevalence,349,Greenland,3,Both,22,All ages,544,Parkinson's disease,3,Rate,2014,68.09709481665,80.66541110909,55.87029638516999
1,All Population,5,Prevalence,50,Montenegro,3,Both,22,All ages,544,Parkinson's disease,3,Rate,2014,155.35246781793,178.40332979224002,131.22603558888
1,All Population,5,Prevalence,298,American Samoa,3,Both,22,All ages,544,Parkinson's disease,3,Rate,2014,91.48904087203,105.89230552469,80.63372956978
1,All Population,5,Prevalence,211,Mali,3,Both,22,All ages,544,Parkinson's disease,3,Rate,2014,16.425039985090002,19.052360648780002,13.811051687940001
1,All Population,5,Prevalence,13,Malaysia,3,Both,22,All ages,544,Parkinson's disease,3,Rate,2015,68.85470602635999,80.87313781739,56.84352588715
1,All Population,5,Prevalence,413,Tokelau,3,Both,22,All ages,544,Parkinson's disease,3,Rate,2014,171.77447806092002,203.64929021089003,146.26342282909002
1,All Population,5,Prevalence,184,Mozambique,3,Both,22,All ages,544,Parkinson's disease,3,Rate,2014,13.97505978483,16.26092892657,11.749267008519999
1,All Population,5,Prevalence,125,Colombia,3,Both,22,All ages,544,Parkinson's disease,3,Rate,2015,103.04850275966,109.16687983806,97.33858745586001
1,All Population,5,Prevalence,97,Argentina,3,Both,22,All ages,544,Parkinson's disease,3,Rate,2015,133.48500858381,145.64635440734,120.0141001486
1,All Population,5,Prevalence,141,Egypt,3,Both,22,All ages,544,Parkinson's disease,3,Rate,2014,79.51307823775001,92.08207869253,68.19433192714
1,All Population,5,Prevalence,152,Saudi Arabia,3,Both,22,All ages,544,Parkinson's disease,3,Rate,2015,64.10242282498001,74.28919637061,53.640025866
1,All Population,5,Prevalence,36,Kazakhstan,3,Both,22,All ages,544,Parkinson's disease,3,Rate,2015,34.43146376984,40.89880079821,29.38302678553
1,All Population,5,Prevalence,144,Jordan,3,Both,22,All ages,544,Parkinson's disease,3,Rate,2015,36.97369527384,43.38911122162,32.407405033029995
1,All Population,5,Prevalence,92,Spain,3,Both,22,All ages,544,Parkinson's disease,3,Rate,2014,388.78700966849,432.46517398916995,344.34943115894004
1,All Population,5,Prevalence,26,Papua New Guinea,3,Both,22,All ages,544,Parkinson's disease,3,Rate,2015,44.527262632749995,52.030788760819995,38.14893813195
1,All Population,5,Prevalence,131,Nicaragua,3,Both,22,All ages,544,Parkinson's disease,3,Rate,2015,90.04130264470001,104.63265359094,73.2305783106
1,All Population,5,Prevalence,71,Australia,3,Both,22,All ages,544,Parkinson's disease,3,Rate,2014,267.8034165114,312.43708750427004,222.16192027846998
1,All Population,5,Prevalence,37,Kyrgyzstan,3,Both,22,All ages,544,Parkinson's disease,3,Rate,2014,17.44962525801,20.82899034256,14.64187274405
1,All Population,5,Prevalence,102,United States of America,3,Both,22,All ages,544,Parkinson's disease,3,Rate,2014,226.19699312968,248.54049618451,203.91332682490997
1,All Population,5,Prevalence,110,Dominica,3,Both,22,All ages,544,Parkinson's disease,3,Rate,2015,260.18050354017,309.40372094045,213.480524242
1,All Population,5,Prevalence,176,Comoros,3,Both,22,All ages,544,Parkinson's disease,3,Rate,2015,38.00769458935,45.11232852354,31.33949382778
1,All Population,5,Prevalence,131,Nicaragua,3,Both,22,All ages,544,Parkinson's disease,3,Rate,2014,87.47897021943001,100.72407026245,72.58409399394999
1,All Population,5,Prevalence,86,Italy,3,Both,22,All ages,544,Parkinson's disease,3,Rate,2015,505.46358486019,614.27301220861,418.19202513623003
1,All Population,5,Prevalence,210,Liberia,3,Both,22,All ages,544,Parkinson's disease,3,Rate,2015,17.49575401536,20.59027902772,14.54556822502
1,All Population,5,Prevalence,52,Romania,3,Both,22,All ages,544,Parkinson's disease,3,Rate,2014,202.37648902041,234.66816870221,175.38752902321002
1,All Population,5,Prevalence,107,Barbados,3,Both,22,All ages,544,Parkinson's disease,3,Rate,2015,273.94678409154,320.22751247361,229.17170084051
1,All Population,5,Prevalence,34,Azerbaijan,3,Both,22,All ages,544,Parkinson's disease,3,Rate,2014,25.2005167153,29.0037237844,22.34726276509
1,All Population,5,Prevalence,99,Uruguay,3,Both,22,All ages,544,Parkinson's disease,3,Rate,2015,190.17501845336,205.32066844366,179.20732347454
1,All Population,5,Prevalence,23,Kiribati,3,Both,22,All ages,544,Parkinson's disease,3,Rate,2014,62.084525415529995,71.31504009112,54.3273920881
1,All Population,5,Prevalence,95,United Kingdom,3,Both,22,All ages,544,Parkinson's disease,3,Rate,2014,183.17543816373,220.70842753342,154.92535999244
1,All Population,5,Prevalence,84,Ireland,3,Both,22,All ages,544,Parkinson's disease,3,Rate,2014,145.3506648187,164.83788183439,124.79934485948
1,All Population,5,Prevalence,173,Gabon,3,Both,22,All ages,544,Parkinson's disease,3,Rate,2014,33.25952855405,39.45887518834,28.42628265314
1,All Population,5,Prevalence,45,Bulgaria,3,Both,22,All ages,544,Parkinson's disease,3,Rate,2014,181.11065313835,224.24070538478,148.39541336245
1,All Population,5,Prevalence,47,Czechia,3,Both,22,All ages,544,Parkinson's disease,3,Rate,2015,207.3621902281,231.76475584518,184.45858494094
1,All Population,5,Prevalence,380,Palau,3,Both,22,All ages,544,Parkinson's disease,3,Rate,2015,113.09179720939,134.46783997772,94.61226445551
1,All Population,5,Prevalence,10,Cambodia,3,Both,22,All ages,544,Parkinson's disease,3,Rate,2015,48.73964588506,56.31163473309,41.37342283028
1,All Population,5,Prevalence,24,Marshall Islands,3,Both,22,All ages,544,Parkinson's disease,3,Rate,2014,50.99418458094,60.12569078955,43.141961849880005
1,All Population,5,Prevalence,78,Denmark,3,Both,22,All ages,544,Parkinson's disease,3,Rate,2015,146.82023932175,168.13458518253,129.55861352868
1,All Population,5,Prevalence,178,Eritrea,3,Both,22,All ages,544,Parkinson's disease,3,Rate,2015,20.21353807528,23.905935928439998,16.8756240061
1,All Population,5,Prevalence,142,Iran (Islamic Republic of),3,Both,22,All ages,544,Parkinson's disease,3,Rate,2014,101.18512631975001,122.98732563998001,83.96121988334001
1,All Population,5,Prevalence,349,Greenland,3,Both,22,All ages,544,Parkinson's disease,3,Rate,2015,71.32665061418,84.58427556334,57.5900250089
1,All Population,5,Prevalence,123,Peru,3,Both,22,All ages,544,Parkinson's disease,3,Rate,2014,138.11731526877,159.96595352814998,117.07585355078001
1,All Population,5,Prevalence,157,Yemen,3,Both,22,All ages,544,Parkinson's disease,3,Rate,2015,32.620189720549995,39.76905754033,27.421363660929998
1,All Population,5,Prevalence,218,Togo,3,Both,22,All ages,544,Parkinson's disease,3,Rate,2014,14.444455670269999,16.98283952752,12.207697407609999
1,All Population,5,Prevalence,59,Latvia,3,Both,22,All ages,544,Parkinson's disease,3,Rate,2015,142.10726309506998,163.29758145661998,121.48389686633999
1,All Population,5,Prevalence,52,Romania,3,Both,22,All ages,544,Parkinson's disease,3,Rate,2015,211.42100147343,247.49233884674,182.95683532578
1,All Population,5,Prevalence,16,Philippines,3,Both,22,All ages,544,Parkinson's disease,3,Rate,2014,43.08111406876,52.07531212104,35.68842646099
1,All Population,5,Prevalence,149,Palestine,3,Both,22,All ages,544,Parkinson's disease,3,Rate,2015,52.36587682655,61.12280871944,43.86418539264
1,All Population,5,Prevalence,136,Paraguay,3,Both,22,All ages,544,Parkinson's disease,3,Rate,2015,185.33165615599,218.69299550641998,146.54570445674
1,All Population,5,Prevalence,7,Democratic People's Republic of Korea,3,Both,22,All ages,544,Parkinson's disease,3,Rate,2015,125.18628113544,148.43311664989,103.35257926541001
1,All Population,5,Prevalence,216,Senegal,3,Both,22,All ages,544,Parkinson's disease,3,Rate,2015,22.60950660419,26.51798868045,19.0613677608
1,All Population,5,Prevalence,86,Italy,3,Both,22,All ages,544,Parkinson's disease,3,Rate,2014,492.93618510567,595.24458935367,407.12984623958
1,All Population,5,Prevalence,152,Saudi Arabia,3,Both,22,All ages,544,Parkinson's disease,3,Rate,2014,62.88179602289,72.70049546482,53.55933194194
1,All Population,5,Prevalence,143,Iraq,3,Both,22,All ages,544,Parkinson's disease,3,Rate,2015,69.49783129214,83.65345869383,58.423994528840005
1,All Population,5,Prevalence,198,Zimbabwe,3,Both,22,All ages,544,Parkinson's disease,3,Rate,2014,21.91438957675,25.63046315543,18.42547001233
1,All Population,5,Prevalence,91,Portugal,3,Both,22,All ages,544,Parkinson's disease,3,Rate,2015,274.3639467435,304.48737952633,247.92247943610002
1,All Population,5,Prevalence,15,Myanmar,3,Both,22,All ages,544,Parkinson's disease,3,Rate,2015,51.487056583370006,59.75692545252,43.827563144340004
1,All Population,5,Prevalence,122,Ecuador,3,Both,22,All ages,544,Parkinson's disease,3,Rate,2015,173.59265499493,204.04183884674998,140.02334499450998
1,All Population,5,Prevalence,39,Tajikistan,3,Both,22,All ages,544,Parkinson's disease,3,Rate,2015,18.27691595309,21.97120401998,15.76317982449
1,All Population,5,Prevalence,176,Comoros,3,Both,22,All ages,544,Parkinson's disease,3,Rate,2014,37.34301753106,43.94365921079,30.978777889899998
1,All Population,5,Prevalence,58,Estonia,3,Both,22,All ages,544,Parkinson's disease,3,Rate,2014,209.96726858436003,222.5121421345,194.23824961165
1,All Population,5,Prevalence,128,Guatemala,3,Both,22,All ages,544,Parkinson's disease,3,Rate,2015,84.82233792049,103.88928963402,69.95734344326
1,All Population,5,Prevalence,39,Tajikistan,3,Both,22,All ages,544,Parkinson's disease,3,Rate,2014,17.81736327574,21.09727618146,15.38613679876
1,All Population,5,Prevalence,190,Uganda,3,Both,22,All ages,544,Parkinson's disease,3,Rate,2015,11.82500241963,14.1042126367,9.62004632432
1,All Population,5,Prevalence,97,Argentina,3,Both,22,All ages,544,Parkinson's disease,3,Rate,2014,133.84107769017,145.01558477109,120.14254941811001
1,All Population,5,Prevalence,144,Jordan,3,Both,22,All ages,544,Parkinson's disease,3,Rate,2014,36.37262797828,42.43596713941,32.0231751353
1,All Population,5,Prevalence,46,Croatia,3,Both,22,All ages,544,Parkinson's disease,3,Rate,2015,258.38936913936,280.44611574004,234.36973616654
1,All Population,5,Prevalence,109,Cuba,3,Both,22,All ages,544,Parkinson's disease,3,Rate,2015,285.94913321806,337.7110498697,239.83780192697
1,All Population,5,Prevalence,62,Russian Federation,3,Both,22,All ages,544,Parkinson's disease,3,Rate,2015,84.27360287085,103.55435008896,68.47503863647
1,All Population,5,Prevalence,186,Seychelles,3,Both,22,All ages,544,Parkinson's disease,3,Rate,2015,118.77594928755,136.31468174049002,103.03851740885001
1,All Population,5,Prevalence,175,Burundi,3,Both,22,All ages,544,Parkinson's disease,3,Rate,2015,12.35109909921,14.869747275839998,10.19919558484
1,All Population,5,Prevalence,172,Equatorial Guinea,3,Both,22,All ages,544,Parkinson's disease,3,Rate,2015,14.183955572490001,16.932667020969998,11.652193038570001
1,All Population,5,Prevalence,186,Seychelles,3,Both,22,All ages,544,Parkinson's disease,3,Rate,2014,115.4559926905,133.10084368001,100.8992975324
1,All Population,5,Prevalence,320,Cook Islands,3,Both,22,All ages,544,Parkinson's disease,3,Rate,2014,143.96494343844,176.13966244058,120.40173957072
1,All Population,5,Prevalence,175,Burundi,3,Both,22,All ages,544,Parkinson's disease,3,Rate,2014,12.23933739165,14.48267909643,10.122580709480001
1,All Population,5,Prevalence,194,Lesotho,3,Both,22,All ages,544,Parkinson's disease,3,Rate,2014,23.84376521899,28.08036014423,20.26784419372
1,All Population,5,Prevalence,44,Bosnia and Herzegovina,3,Both,22,All ages,544,Parkinson's disease,3,Rate,2014,161.08147498979,191.07388380269,133.56545234105
1,All Population,5,Prevalence,146,Lebanon,3,Both,22,All ages,544,Parkinson's disease,3,Rate,2015,129.39136246225002,150.10550058555998,107.25434723877
1,All Population,5,Prevalence,101,Canada,3,Both,22,All ages,544,Parkinson's disease,3,Rate,2015,214.84422736694,240.60886179195,186.97565694863
1,All Population,5,Prevalence,154,Tunisia,3,Both,22,All ages,544,Parkinson's disease,3,Rate,2015,115.75652993119,135.68214782161,93.94468524735001
1,All Population,5,Prevalence,181,Madagascar,3,Both,22,All ages,544,Parkinson's disease,3,Rate,2015,10.88516707658,13.087923428820002,9.05475798696
1,All Population,5,Prevalence,198,Zimbabwe,3,Both,22,All ages,544,Parkinson's disease,3,Rate,2015,22.40185489207,26.27482964072,18.86649990454
1,All Population,5,Prevalence,376,Northern Mariana Islands,3,Both,22,All ages,544,Parkinson's disease,3,Rate,2014,77.85278833871,91.68674226025999,66.5679237451
1,All Population,5,Prevalence,165,Pakistan,3,Both,22,All ages,544,Parkinson's disease,3,Rate,2015,37.78965510229,45.5348767173,30.87250685924
1,All Population,5,Prevalence,112,Grenada,3,Both,22,All ages,544,Parkinson's disease,3,Rate,2015,244.54786856767,298.77345197837997,201.335955819
1,All Population,5,Prevalence,89,Netherlands,3,Both,22,All ages,544,Parkinson's disease,3,Rate,2014,202.83328296207998,228.55890675861002,179.47595230209
1,All Population,5,Prevalence,47,Czechia,3,Both,22,All ages,544,Parkinson's disease,3,Rate,2014,200.5160506611,222.35344564934002,179.75298729584
1,All Population,5,Prevalence,94,Switzerland,3,Both,22,All ages,544,Parkinson's disease,3,Rate,2014,245.6099594652,271.95765489558,222.65126908295
1,All Population,5,Prevalence,203,Cabo Verde,3,Both,22,All ages,544,Parkinson's disease,3,Rate,2015,49.35384286562,58.73424513729,41.09866976883
1,All Population,5,Prevalence,203,Cabo Verde,3,Both,22,All ages,544,Parkinson's disease,3,Rate,2014,48.26055368052,56.859128904580004,40.58394924122
1,All Population,5,Prevalence,435,South Sudan,3,Both,22,All ages,544,Parkinson's disease,3,Rate,2014,10.78078739488,12.807104003030002,9.02211302489
1,All Population,5,Prevalence,38,Mongolia,3,Both,22,All ages,544,Parkinson's disease,3,Rate,2015,13.6331559088,15.531672862090002,12.13426395928
1,All Population,5,Prevalence,12,Lao People's Democratic Republic,3,Both,22,All ages,544,Parkinson's disease,3,Rate,2015,36.95223393795,43.404352575800004,30.337554355760002
1,All Population,5,Prevalence,367,Monaco,3,Both,22,All ages,544,Parkinson's disease,3,Rate,2014,290.07412558034997,345.5328598676,241.54412066982002
1,All Population,5,Prevalence,298,American Samoa,3,Both,22,All ages,544,Parkinson's disease,3,Rate,2015,94.80980317957001,110.84544360349001,81.96736196059001
1,All Population,5,Prevalence,54,Slovakia,3,Both,22,All ages,544,Parkinson's disease,3,Rate,2015,134.89030685365,155.91078649550002,111.83765598012
1,All Population,5,Prevalence,61,Republic of Moldova,3,Both,22,All ages,544,Parkinson's disease,3,Rate,2015,72.49991250935,86.68118726908,56.79814567363999
1,All Population,5,Prevalence,165,Pakistan,3,Both,22,All ages,544,Parkinson's disease,3,Rate,2014,37.48195553,45.09119945188,30.71620832533
1,All Population,5,Prevalence,178,Eritrea,3,Both,22,All ages,544,Parkinson's disease,3,Rate,2014,19.80779819566,23.03833008823,16.57271552573
1,All Population,5,Prevalence,110,Dominica,3,Both,22,All ages,544,Parkinson's disease,3,Rate,2014,252.00406825687003,293.13916196167,207.72854261566
1,All Population,5,Prevalence,393,Saint Kitts and Nevis,3,Both,22,All ages,544,Parkinson's disease,3,Rate,2015,215.53577022958999,237.68553808655,186.06351620856998
1,All Population,5,Prevalence,67,Japan,3,Both,22,All ages,544,Parkinson's disease,3,Rate,2015,85.31717323682,105.89687643440999,71.14924206419
1,All Population,5,Prevalence,213,Niger,3,Both,22,All ages,544,Parkinson's disease,3,Rate,2014,10.433922764150001,12.318885883190001,8.66790435429
1,All Population,5,Prevalence,33,Armenia,3,Both,22,All ages,544,Parkinson's disease,3,Rate,2015,48.72768831644,58.39105766586,40.68876129885
1,All Population,5,Prevalence,118,Suriname,3,Both,22,All ages,544,Parkinson's disease,3,Rate,2014,135.80364226119002,155.81623642821,115.34801873127
1,All Population,5,Prevalence,36,Kazakhstan,3,Both,22,All ages,544,Parkinson's disease,3,Rate,2014,33.89122874675,39.46470693878,29.43313578992
1,All Population,5,Prevalence,99,Uruguay,3,Both,22,All ages,544,Parkinson's disease,3,Rate,2014,197.50698496888,215.20422627882,185.44587830642
1,All Population,5,Prevalence,197,Eswatini,3,Both,22,All ages,544,Parkinson's disease,3,Rate,2014,25.070286891140004,29.78306565445,21.14973974974
1,All Population,5,Prevalence,170,Congo,3,Both,22,All ages,544,Parkinson's disease,3,Rate,2014,18.041652481,21.313642855079998,14.57281856657
1,All Population,5,Prevalence,435,South Sudan,3,Both,22,All ages,544,Parkinson's disease,3,Rate,2015,11.0077879872,13.12735092734,9.20495069149
1,All Population,5,Prevalence,18,Thailand,3,Both,22,All ages,544,Parkinson's disease,3,Rate,2015,142.83418050355,152.98986384498,129.56174325905002
1,All Population,5,Prevalence,85,Israel,3,Both,22,All ages,544,Parkinson's disease,3,Rate,2015,242.55613133238998,269.34840052334,215.21185549702003
1,All Population,5,Prevalence,146,Lebanon,3,Both,22,All ages,544,Parkinson's disease,3,Rate,2014,139.62169054757,161.60435651593,119.15796284556
1,All Population,5,Prevalence,114,Haiti,3,Both,22,All ages,544,Parkinson's disease,3,Rate,2015,53.56244780038,64.56833633910999,45.74112603851
1,All Population,5,Prevalence,52,Romania,3,Both,22,All ages,544,Parkinson's disease,3,Rate,2016,213.33859623592,246.08042704497,182.81620182586002
1,All Population,5,Prevalence,145,Kuwait,3,Both,22,All ages,544,Parkinson's disease,3,Rate,2015,56.54304250293,67.6610493191,46.20591995492
1,All Population,5,Prevalence,25,Micronesia (Federated States of),3,Both,22,All ages,544,Parkinson's disease,3,Rate,2016,73.88563058099,85.57681100936,63.054790545550006
1,All Population,5,Prevalence,60,Lithuania,3,Both,22,All ages,544,Parkinson's disease,3,Rate,2016,120.94909886402,140.83337224999002,103.01671089601001
1,All Population,5,Prevalence,200,Benin,3,Both,22,All ages,544,Parkinson's disease,3,Rate,2014,16.45954701472,19.15933389567,13.966193005269998
1,All Population,5,Prevalence,136,Paraguay,3,Both,22,All ages,544,Parkinson's disease,3,Rate,2014,179.10440441315998,208.7620539386,142.72798200326
1,All Population,5,Prevalence,94,Switzerland,3,Both,22,All ages,544,Parkinson's disease,3,Rate,2016,255.25228511034,284.17829648537,229.11951475694
1,All Population,5,Prevalence,148,Morocco,3,Both,22,All ages,544,Parkinson's disease,3,Rate,2015,95.67264116494,113.0146179877,77.9864016212
1,All Population,5,Prevalence,36,Kazakhstan,3,Both,22,All ages,544,Parkinson's disease,3,Rate,2016,35.09653098653,41.27692204423,30.185795101529997
1,All Population,5,Prevalence,49,North Macedonia,3,Both,22,All ages,544,Parkinson's disease,3,Rate,2015,162.77531472496,191.21783020401,134.41934435004
1,All Population,5,Prevalence,98,Chile,3,Both,22,All ages,544,Parkinson's disease,3,Rate,2015,116.27188876769999,130.58090498376,98.69001820918
1,All Population,5,Prevalence,164,Nepal,3,Both,22,All ages,544,Parkinson's disease,3,Rate,2015,40.834794512820004,48.94781558363,33.55187261655
1,All Population,5,Prevalence,211,Mali,3,Both,22,All ages,544,Parkinson's disease,3,Rate,2015,16.50493808605,19.334488648729998,13.82342755477
1,All Population,5,Prevalence,320,Cook Islands,3,Both,22,All ages,544,Parkinson's disease,3,Rate,2015,148.10717513648,181.03973684886,123.3094614184
1,All Population,5,Prevalence,13,Malaysia,3,Both,22,All ages,544,Parkinson's disease,3,Rate,2016,71.66109409696,83.25300487145,59.904120509410006
1,All Population,5,Prevalence,205,Côte d'Ivoire,3,Both,22,All ages,544,Parkinson's disease,3,Rate,2015,15.66005407514,18.37579756617,13.23272022721
1,All Population,5,Prevalence,351,Guam,3,Both,22,All ages,544,Parkinson's disease,3,Rate,2014,116.18483164749999,135.02441111095,98.28746426687
1,All Population,5,Prevalence,83,Iceland,3,Both,22,All ages,544,Parkinson's disease,3,Rate,2016,221.82026185988997,262.81040345185,190.8424930446
1,All Population,5,Prevalence,28,Solomon Islands,3,Both,22,All ages,544,Parkinson's disease,3,Rate,2015,44.22907367493,51.56658153718001,37.05743526843
1,All Population,5,Prevalence,118,Suriname,3,Both,22,All ages,544,Parkinson's disease,3,Rate,2016,145.02036081933,166.45036337464,123.38850653679
1,All Population,5,Prevalence,165,Pakistan,3,Both,22,All ages,544,Parkinson's disease,3,Rate,2016,38.22159326468,45.99700455119,31.199038701849997
1,All Population,5,Prevalence,305,Bermuda,3,Both,22,All ages,544,Parkinson's disease,3,Rate,2015,295.18345525168,357.82711847563,250.28092036546997
1,All Population,5,Prevalence,91,Portugal,3,Both,22,All ages,544,Parkinson's disease,3,Rate,2014,266.90048862439,297.55824973738004,240.28048348557
1,All Population,5,Prevalence,49,North Macedonia,3,Both,22,All ages,544,Parkinson's disease,3,Rate,2016,167.03614722629,196.13343750401,138.82786435793
1,All Population,5,Prevalence,210,Liberia,3,Both,22,All ages,544,Parkinson's disease,3,Rate,2014,17.545203029030002,20.45372087279,14.63541234841
1,All Population,5,Prevalence,200,Benin,3,Both,22,All ages,544,Parkinson's disease,3,Rate,2015,16.60485703904,19.57799449569,13.82222839504
1,All Population,5,Prevalence,107,Barbados,3,Both,22,All ages,544,Parkinson's disease,3,Rate,2016,282.10307902765,325.10077173368,241.36075054176
1,All Population,5,Prevalence,26,Papua New Guinea,3,Both,22,All ages,544,Parkinson's disease,3,Rate,2016,45.41755073187,52.54326156597,38.9769962668
1,All Population,5,Prevalence,18,Thailand,3,Both,22,All ages,544,Parkinson's disease,3,Rate,2016,150.7356176814,162.17814425205998,136.20232032081
1,All Population,5,Prevalence,177,Djibouti,3,Both,22,All ages,544,Parkinson's disease,3,Rate,2015,17.36916541636,20.85486642978,14.256256994850002
1,All Population,5,Prevalence,161,Bangladesh,3,Both,22,All ages,544,Parkinson's disease,3,Rate,2015,42.43247908003,51.33695590466,35.46132921742
1,All Population,5,Prevalence,157,Yemen,3,Both,22,All ages,544,Parkinson's disease,3,Rate,2014,31.835188288239998,38.15035960685,26.79527049068
1,All Population,5,Prevalence,376,Northern Mariana Islands,3,Both,22,All ages,544,Parkinson's disease,3,Rate,2015,82.36558224745,97.23583112335,69.78941331753
1,All Population,5,Prevalence,385,Puerto Rico,3,Both,22,All ages,544,Parkinson's disease,3,Rate,2014,311.30945275011,362.80739921676997,264.87465954083
1,All Population,5,Prevalence,218,Togo,3,Both,22,All ages,544,Parkinson's disease,3,Rate,2015,14.86732039301,17.569428116010002,12.443298991989998
1,All Population,5,Prevalence,54,Slovakia,3,Both,22,All ages,544,Parkinson's disease,3,Rate,2016,139.34298240835,159.66103434740998,116.81561595197999
1,All Population,5,Prevalence,189,United Republic of Tanzania,3,Both,22,All ages,544,Parkinson's disease,3,Rate,2015,15.909132638820001,18.309435069430002,13.57109920983
1,All Population,5,Prevalence,48,Hungary,3,Both,22,All ages,544,Parkinson's disease,3,Rate,2015,230.40190320122002,231.90085967315002,228.85660547307
1,All Population,5,Prevalence,367,Monaco,3,Both,22,All ages,544,Parkinson's disease,3,Rate,2015,303.19443339788,367.35447975079,249.26731442205997
1,All Population,5,Prevalence,99,Uruguay,3,Both,22,All ages,544,Parkinson's disease,3,Rate,2016,196.14077206934,209.68071113314,184.7640044313
1,All Population,5,Prevalence,146,Lebanon,3,Both,22,All ages,544,Parkinson's disease,3,Rate,2016,130.48679693939,149.51372381677,109.50863875018001
1,All Population,5,Prevalence,17,Sri Lanka,3,Both,22,All ages,544,Parkinson's disease,3,Rate,2015,104.88150801553,123.57215783399,89.32629664910999
1,All Population,5,Prevalence,41,Uzbekistan,3,Both,22,All ages,544,Parkinson's disease,3,Rate,2015,19.45613583443,23.29865081135,16.441014115039998
1,All Population,5,Prevalence,125,Colombia,3,Both,22,All ages,544,Parkinson's disease,3,Rate,2014,98.87669766084,104.39437341700001,93.756986247
1,All Population,5,Prevalence,40,Turkmenistan,3,Both,22,All ages,544,Parkinson's disease,3,Rate,2015,19.94046416558,23.45379068217,16.88103238546
1,All Population,5,Prevalence,127,El Salvador,3,Both,22,All ages,544,Parkinson's disease,3,Rate,2015,143.54817302611,169.24302779356,116.99815511685
1,All Population,5,Prevalence,6,China,3,Both,22,All ages,544,Parkinson's disease,3,Rate,2015,184.96163183626,225.77647942596002,152.31211480538
1,All Population,5,Prevalence,183,Mauritius,3,Both,22,All ages,544,Parkinson's disease,3,Rate,2014,126.36726557581,148.15174451346002,105.86079013045
1,All Population,5,Prevalence,51,Poland,3,Both,22,All ages,544,Parkinson's disease,3,Rate,2015,180.74481144939,200.83754538893,161.19497886198
1,All Population,5,Prevalence,33,Armenia,3,Both,22,All ages,544,Parkinson's disease,3,Rate,2014,47.54911811847,56.62626995155,40.29791963622
1,All Population,5,Prevalence,6,China,3,Both,22,All ages,544,Parkinson's disease,3,Rate,2016,191.30804992025,233.79561412573997,157.13282944007
1,All Population,5,Prevalence,374,Niue,3,Both,22,All ages,544,Parkinson's disease,3,Rate,2014,213.21078679082,250.78967369192,177.94920728917
1,All Population,5,Prevalence,10,Cambodia,3,Both,22,All ages,544,Parkinson's disease,3,Rate,2016,50.836688956530004,58.77903394899,43.184910068769994
1,All Population,5,Prevalence,207,Ghana,3,Both,22,All ages,544,Parkinson's disease,3,Rate,2015,21.09836349327,25.14645279834,17.554330139799998
1,All Population,5,Prevalence,69,Singapore,3,Both,22,All ages,544,Parkinson's disease,3,Rate,2015,63.119680123520006,75.87661396363,53.46551972803
1,All Population,5,Prevalence,51,Poland,3,Both,22,All ages,544,Parkinson's disease,3,Rate,2016,185.65974843998998,206.52342777414998,165.57254416008
1,All Population,5,Prevalence,119,Trinidad and Tobago,3,Both,22,All ages,544,Parkinson's disease,3,Rate,2015,186.98449620259998,217.77437133905002,161.75091522382
1,All Population,5,Prevalence,163,India,3,Both,22,All ages,544,Parkinson's disease,3,Rate,2015,44.12080249247,53.85912998616,36.02381657325
1,All Population,5,Prevalence,141,Egypt,3,Both,22,All ages,544,Parkinson's disease,3,Rate,2016,83.54903385975,97.32474249188,71.18650072620001
1,All Population,5,Prevalence,140,Bahrain,3,Both,22,All ages,544,Parkinson's disease,3,Rate,2015,59.90484598376,71.26661310838,50.57073101877
1,All Population,5,Prevalence,62,Russian Federation,3,Both,22,All ages,544,Parkinson's disease,3,Rate,2016,85.94078693825,105.46428388910999,69.7544118279
1,All Population,5,Prevalence,33,Armenia,3,Both,22,All ages,544,Parkinson's disease,3,Rate,2016,50.027082622,59.292324118749995,41.88453836273
1,All Population,5,Prevalence,75,Austria,3,Both,22,All ages,544,Parkinson's disease,3,Rate,2015,231.61480924574,259.39148553137,200.67934198022002
1,All Population,5,Prevalence,422,United States Virgin Islands,3,Both,22,All ages,544,Parkinson's disease,3,Rate,2016,346.42562115893,417.03767197008,285.74473172176005
1,All Population,5,Prevalence,413,Tokelau,3,Both,22,All ages,544,Parkinson's disease,3,Rate,2015,170.19828605567,203.19660420977,143.54329478473
1,All Population,5,Prevalence,19,Timor-Leste,3,Both,22,All ages,544,Parkinson's disease,3,Rate,2016,43.15514403348,49.88692697431,35.75418031233
1,All Population,5,Prevalence,116,Saint Lucia,3,Both,22,All ages,544,Parkinson's disease,3,Rate,2015,210.44229915369,246.05165011468998,178.00259921384
1,All Population,5,Prevalence,194,Lesotho,3,Both,22,All ages,544,Parkinson's disease,3,Rate,2016,24.89686460307,29.459742154060002,21.32499098267
1,All Population,5,Prevalence,205,Côte d'Ivoire,3,Both,22,All ages,544,Parkinson's disease,3,Rate,2014,15.680924974209999,18.32310398197,13.496893796410001
1,All Population,5,Prevalence,20,Viet Nam,3,Both,22,All ages,544,Parkinson's disease,3,Rate,2015,76.87475544182,90.50119281021999,64.26713608730999
1,All Population,5,Prevalence,112,Grenada,3,Both,22,All ages,544,Parkinson's disease,3,Rate,2016,246.70995950533,294.31017779197003,206.58397374714
1,All Population,5,Prevalence,169,Central African Republic,3,Both,22,All ages,544,Parkinson's disease,3,Rate,2015,12.85229148917,15.34415582114,10.70001457289
1,All Population,5,Prevalence,154,Tunisia,3,Both,22,All ages,544,Parkinson's disease,3,Rate,2016,119.97747638839999,139.3656461065,97.69870796686999
1,All Population,5,Prevalence,85,Israel,3,Both,22,All ages,544,Parkinson's disease,3,Rate,2016,242.94987524824998,268.02660603104,216.27457343979
1,All Population,5,Prevalence,38,Mongolia,3,Both,22,All ages,544,Parkinson's disease,3,Rate,2016,14.05695569759,16.09436757572,12.52180853874
1,All Population,5,Prevalence,20,Viet Nam,3,Both,22,All ages,544,Parkinson's disease,3,Rate,2016,79.64134843296,92.80423159443001,66.48188032212
1,All Population,5,Prevalence,28,Solomon Islands,3,Both,22,All ages,544,Parkinson's disease,3,Rate,2016,44.67601563302,51.87073436154,38.34489381646
1,All Population,5,Prevalence,80,France,3,Both,22,All ages,544,Parkinson's disease,3,Rate,2015,231.84848523927,253.23600773654002,214.78531234750997
1,All Population,5,Prevalence,148,Morocco,3,Both,22,All ages,544,Parkinson's disease,3,Rate,2016,100.09217295782,118.21765280466,81.82336902621999
1,All Population,5,Prevalence,93,Sweden,3,Both,22,All ages,544,Parkinson's disease,3,Rate,2015,314.05847147748,337.75480614151,291.25298158563004
1,All Population,5,Prevalence,151,Qatar,3,Both,22,All ages,544,Parkinson's disease,3,Rate,2015,39.098311926419996,48.08410184473,31.58689440949
1,All Population,5,Prevalence,98,Chile,3,Both,22,All ages,544,Parkinson's disease,3,Rate,2016,119.52102042399001,136.00887113541998,101.3109177006
1,All Population,5,Prevalence,194,Lesotho,3,Both,22,All ages,544,Parkinson's disease,3,Rate,2015,24.415142357900002,29.0518907313,20.830593296
1,All Population,5,Prevalence,130,Mexico,3,Both,22,All ages,544,Parkinson's disease,3,Rate,2015,150.8829345177,184.66068145367,124.36821518458
1,All Population,5,Prevalence,81,Germany,3,Both,22,All ages,544,Parkinson's disease,3,Rate,2014,456.24699048074007,474.62428007807,439.62632494209
1,All Population,5,Prevalence,7,Democratic People's Republic of Korea,3,Both,22,All ages,544,Parkinson's disease,3,Rate,2016,128.62648535899,151.37071839306,107.53002581099999
1,All Population,5,Prevalence,147,Libya,3,Both,22,All ages,544,Parkinson's disease,3,Rate,2015,83.14252357573,97.8765757397,69.82277968905001
1,All Population,5,Prevalence,207,Ghana,3,Both,22,All ages,544,Parkinson's disease,3,Rate,2016,21.55132814021,25.432586419710002,17.99830453856
1,All Population,5,Prevalence,213,Niger,3,Both,22,All ages,544,Parkinson's disease,3,Rate,2015,10.5076038553,12.672600138499998,8.63979873349
1,All Population,5,Prevalence,172,Equatorial Guinea,3,Both,22,All ages,544,Parkinson's disease,3,Rate,2016,14.313293194369999,16.94762530698,11.81915516902
1,All Population,5,Prevalence,305,Bermuda,3,Both,22,All ages,544,Parkinson's disease,3,Rate,2014,283.66739328734,341.89494534459,241.49115068003002
1,All Population,5,Prevalence,189,United Republic of Tanzania,3,Both,22,All ages,544,Parkinson's disease,3,Rate,2014,15.66886782805,17.94875574015,13.429744933610001
1,All Population,5,Prevalence,213,Niger,3,Both,22,All ages,544,Parkinson's disease,3,Rate,2016,10.55226185468,12.60999446569,8.7356980364
1,All Population,5,Prevalence,202,Cameroon,3,Both,22,All ages,544,Parkinson's disease,3,Rate,2015,16.95543678788,19.79468253352,14.11568489194
1,All Population,5,Prevalence,46,Croatia,3,Both,22,All ages,544,Parkinson's disease,3,Rate,2016,262.28928030052,285.03929879977,237.07408756991
1,All Population,5,Prevalence,133,Venezuela (Bolivarian Republic of),3,Both,22,All ages,544,Parkinson's disease,3,Rate,2016,127.12401957968001,148.56314533006,104.37416602399
1,All Population,5,Prevalence,15,Myanmar,3,Both,22,All ages,544,Parkinson's disease,3,Rate,2016,52.87637929198,61.00176203623,44.68029910337
1,All Population,5,Prevalence,53,Serbia,3,Both,22,All ages,544,Parkinson's disease,3,Rate,2016,162.62599552556,193.12624983771,137.39823334331
1,All Population,5,Prevalence,177,Djibouti,3,Both,22,All ages,544,Parkinson's disease,3,Rate,2016,17.98783272133,21.70748440425,14.822381367739998
1,All Population,5,Prevalence,149,Palestine,3,Both,22,All ages,544,Parkinson's disease,3,Rate,2014,51.11324835242,58.91735623069,42.819005356240005
1,All Population,5,Prevalence,109,Cuba,3,Both,22,All ages,544,Parkinson's disease,3,Rate,2016,285.08443104502,333.67783178124,242.27314923742
1,All Population,5,Prevalence,114,Haiti,3,Both,22,All ages,544,Parkinson's disease,3,Rate,2016,53.86433770905,64.30403787867,45.75021728035
1,All Population,5,Prevalence,189,United Republic of Tanzania,3,Both,22,All ages,544,Parkinson's disease,3,Rate,2016,16.41103998698,18.65835747916,14.00973326315
1,All Population,5,Prevalence,374,Niue,3,Both,22,All ages,544,Parkinson's disease,3,Rate,2016,213.23486933018,248.53129322223998,179.49099912291
1,All Population,5,Prevalence,183,Mauritius,3,Both,22,All ages,544,Parkinson's disease,3,Rate,2015,131.42715208575,154.81538150633,108.96689422205
1,All Population,5,Prevalence,422,United States Virgin Islands,3,Both,22,All ages,544,Parkinson's disease,3,Rate,2015,328.47759305825997,396.46952093078,268.68442186066
1,All Population,5,Prevalence,130,Mexico,3,Both,22,All ages,544,Parkinson's disease,3,Rate,2016,153.85194817133,188.41011104452002,126.89276744192999
1,All Population,5,Prevalence,127,El Salvador,3,Both,22,All ages,544,Parkinson's disease,3,Rate,2016,146.00167711344,170.74894604589,117.76337483529001
1,All Population,5,Prevalence,101,Canada,3,Both,22,All ages,544,Parkinson's disease,3,Rate,2016,224.62462596588,250.18403701633002,196.16436945040002
1,All Population,5,Prevalence,385,Puerto Rico,3,Both,22,All ages,544,Parkinson's disease,3,Rate,2015,320.98608132534,379.52127143671,271.16605917894
1,All Population,5,Prevalence,156,United Arab Emirates,3,Both,22,All ages,544,Parkinson's disease,3,Rate,2015,27.88781629519,35.767712867979995,21.46551402761
1,All Population,5,Prevalence,191,Zambia,3,Both,22,All ages,544,Parkinson's disease,3,Rate,2015,10.73023132485,12.5772719741,8.91577691767
1,All Population,5,Prevalence,202,Cameroon,3,Both,22,All ages,544,Parkinson's disease,3,Rate,2016,17.14305557806,19.94833716845,14.286177446229999
1,All Population,5,Prevalence,8,Taiwan,3,Both,22,All ages,544,Parkinson's disease,3,Rate,2016,224.83110943776998,231.78499965378,218.14782748272003
1,All Population,5,Prevalence,351,Guam,3,Both,22,All ages,544,Parkinson's disease,3,Rate,2015,120.69509549163999,140.86133265981002,101.43554090891
1,All Population,5,Prevalence,374,Niue,3,Both,22,All ages,544,Parkinson's disease,3,Rate,2015,213.04555035955,251.63721353291,176.40507582096
1,All Population,5,Prevalence,106,Bahamas,3,Both,22,All ages,544,Parkinson's disease,3,Rate,2015,133.08095440839,156.49615007226,116.60148914493999
1,All Population,5,Prevalence,151,Qatar,3,Both,22,All ages,544,Parkinson's disease,3,Rate,2016,40.12050645171,49.2257943206,32.75427564538
1,All Population,5,Prevalence,23,Kiribati,3,Both,22,All ages,544,Parkinson's disease,3,Rate,2016,63.417959903009994,72.68977969194,55.26260250214
1,All Population,5,Prevalence,185,Rwanda,3,Both,22,All ages,544,Parkinson's disease,3,Rate,2014,14.20633359823,16.76872365111,11.91764192583
1,All Population,5,Prevalence,215,Sao Tome and Principe,3,Both,22,All ages,544,Parkinson's disease,3,Rate,2015,27.957454708569998,34.45095744611,23.37425818613
1,All Population,5,Prevalence,30,Vanuatu,3,Both,22,All ages,544,Parkinson's disease,3,Rate,2016,54.53837236157,64.37880317124001,46.63358722323
1,All Population,5,Prevalence,153,Syrian Arab Republic,3,Both,22,All ages,544,Parkinson's disease,3,Rate,2015,75.07341961938,88.08694988024,62.524462716509994
1,All Population,5,Prevalence,72,New Zealand,3,Both,22,All ages,544,Parkinson's disease,3,Rate,2015,145.58230604976,178.97479734934998,117.89477764928
1,All Population,5,Prevalence,209,Guinea-Bissau,3,Both,22,All ages,544,Parkinson's disease,3,Rate,2015,14.83920711801,17.50758964823,12.502090994240001
1,All Population,5,Prevalence,180,Kenya,3,Both,22,All ages,544,Parkinson's disease,3,Rate,2016,13.239758639280002,16.18272214389,10.88419842205
1,All Population,5,Prevalence,22,Fiji,3,Both,22,All ages,544,Parkinson's disease,3,Rate,2015,77.56824465774001,90.91796745634001,65.72347246814999
1,All Population,5,Prevalence,80,France,3,Both,22,All ages,544,Parkinson's disease,3,Rate,2016,236.43111468435998,255.65890892583002,220.49677297923
1,All Population,5,Prevalence,133,Venezuela (Bolivarian Republic of),3,Both,22,All ages,544,Parkinson's disease,3,Rate,2015,125.22577641236,146.28906795526,101.91099326569001
1,All Population,5,Prevalence,132,Panama,3,Both,22,All ages,544,Parkinson's disease,3,Rate,2015,156.19254438007,186.21218156843,127.87099953297
1,All Population,5,Prevalence,57,Belarus,3,Both,22,All ages,544,Parkinson's disease,3,Rate,2016,90.17948958683,108.93692371851002,73.39485383689001
1,All Population,5,Prevalence,75,Austria,3,Both,22,All ages,544,Parkinson's disease,3,Rate,2016,233.43466913188,261.9669900226,202.26645240797998
1,All Population,5,Prevalence,209,Guinea-Bissau,3,Both,22,All ages,544,Parkinson's disease,3,Rate,2016,14.96421061212,17.41624480372,12.62167232322
1,All Population,5,Prevalence,67,Japan,3,Both,22,All ages,544,Parkinson's disease,3,Rate,2016,102.53802051950001,125.88316119295001,85.32499537076
1,All Population,5,Prevalence,140,Bahrain,3,Both,22,All ages,544,Parkinson's disease,3,Rate,2016,62.55393792644,74.50379804994999,52.31144580727
1,All Population,5,Prevalence,14,Maldives,3,Both,22,All ages,544,Parkinson's disease,3,Rate,2015,52.634034999099995,60.967705389479995,45.16905765981
1,All Population,5,Prevalence,111,Dominican Republic,3,Both,22,All ages,544,Parkinson's disease,3,Rate,2015,155.49747934258002,178.06010765549,133.26457793256
1,All Population,5,Prevalence,111,Dominican Republic,3,Both,22,All ages,544,Parkinson's disease,3,Rate,2016,156.38017857408,179.81287935105,134.88676775683
1,All Population,5,Prevalence,351,Guam,3,Both,22,All ages,544,Parkinson's disease,3,Rate,2016,126.84483765586,147.02240029837,106.58972662667999
1,All Population,5,Prevalence,106,Bahamas,3,Both,22,All ages,544,Parkinson's disease,3,Rate,2016,136.47214022768,158.36155325841,120.23520950070998
1,All Population,5,Prevalence,185,Rwanda,3,Both,22,All ages,544,Parkinson's disease,3,Rate,2015,14.551454681420001,17.3357658465,12.11388096322
1,All Population,5,Prevalence,93,Sweden,3,Both,22,All ages,544,Parkinson's disease,3,Rate,2016,316.35378347997,339.59956196597,293.21871949241
1,All Population,5,Prevalence,193,Botswana,3,Both,22,All ages,544,Parkinson's disease,3,Rate,2015,30.49600678901,35.5683917427,25.814903774690002
1,All Population,5,Prevalence,396,San Marino,3,Both,22,All ages,544,Parkinson's disease,3,Rate,2016,193.82446943395,230.70390024498,160.86972753944002
1,All Population,5,Prevalence,215,Sao Tome and Principe,3,Both,22,All ages,544,Parkinson's disease,3,Rate,2016,28.516386121860002,34.22961406521,24.18625762077
1,All Population,5,Prevalence,132,Panama,3,Both,22,All ages,544,Parkinson's disease,3,Rate,2016,160.56397487497,189.63170400324,132.38522238811
1,All Population,5,Prevalence,187,Somalia,3,Both,22,All ages,544,Parkinson's disease,3,Rate,2015,13.87480182817,16.27559855291,11.665217405469999
1,All Population,5,Prevalence,83,Iceland,3,Both,22,All ages,544,Parkinson's disease,3,Rate,2014,213.38831529626998,247.39302706477,184.03970510661
1,All Population,5,Prevalence,161,Bangladesh,3,Both,22,All ages,544,Parkinson's disease,3,Rate,2016,43.635630052930004,51.73450489924,36.86311833179
1,All Population,5,Prevalence,40,Turkmenistan,3,Both,22,All ages,544,Parkinson's disease,3,Rate,2016,20.527608794320003,23.89369203999,17.43862401015
1,All Population,5,Prevalence,22,Fiji,3,Both,22,All ages,544,Parkinson's disease,3,Rate,2016,79.61243388081,93.18011148437999,68.11003797941001
1,All Population,5,Prevalence,169,Central African Republic,3,Both,22,All ages,544,Parkinson's disease,3,Rate,2016,13.18227372495,15.64176658754,11.02959401708
1,All Population,5,Prevalence,129,Honduras,3,Both,22,All ages,544,Parkinson's disease,3,Rate,2016,97.57427145107,113.98371425581,80.70421382582
1,All Population,5,Prevalence,53,Serbia,3,Both,22,All ages,544,Parkinson's disease,3,Rate,2015,161.54424085748,194.8611293446,133.49116585849
1,All Population,5,Prevalence,122,Ecuador,3,Both,22,All ages,544,Parkinson's disease,3,Rate,2016,179.33166939894,209.17340975181,146.38050229722998
1,All Population,5,Prevalence,6,China,3,Both,22,All ages,544,Parkinson's disease,3,Rate,2017,197.48928834212,241.6322713312,161.7386145729
1,All Population,5,Prevalence,143,Iraq,3,Both,22,All ages,544,Parkinson's disease,3,Rate,2016,72.3245642321,85.73989516638,60.83088956106
1,All Population,5,Prevalence,24,Marshall Islands,3,Both,22,All ages,544,Parkinson's disease,3,Rate,2017,57.900731332890004,67.92216389334,49.27872605047
1,All Population,5,Prevalence,88,Malta,3,Both,22,All ages,544,Parkinson's disease,3,Rate,2015,222.46956251559,259.85749890031997,188.36867794974
1,All Population,5,Prevalence,163,India,3,Both,22,All ages,544,Parkinson's disease,3,Rate,2016,45.02690545492,54.88601296578,36.811171566039995
1,All Population,5,Prevalence,108,Belize,3,Both,22,All ages,544,Parkinson's disease,3,Rate,2015,97.46308523126001,114.66248866301,82.12853984669
1,All Population,5,Prevalence,197,Eswatini,3,Both,22,All ages,544,Parkinson's disease,3,Rate,2015,25.95008393874,30.90722772955,22.008880793200003
1,All Population,5,Prevalence,55,Slovenia,3,Both,22,All ages,544,Parkinson's disease,3,Rate,2016,210.85226829481,244.19656252529,179.04292396064002
1,All Population,5,Prevalence,12,Lao People's Democratic Republic,3,Both,22,All ages,544,Parkinson's disease,3,Rate,2016,38.12850361299,44.3484059448,31.358770801109998
1,All Population,5,Prevalence,48,Hungary,3,Both,22,All ages,544,Parkinson's disease,3,Rate,2016,232.34022086898,233.74735415427,230.80466388967997
1,All Population,5,Prevalence,153,Syrian Arab Republic,3,Both,22,All ages,544,Parkinson's disease,3,Rate,2016,82.96541519529,96.98523205748,69.89187399197
1,All Population,5,Prevalence,35,Georgia,3,Both,22,All ages,544,Parkinson's disease,3,Rate,2017,69.37143726814,79.98749668329,56.85073812829
1,All Population,5,Prevalence,41,Uzbekistan,3,Both,22,All ages,544,Parkinson's disease,3,Rate,2017,20.9512538247,24.72571334179,17.815499124
1,All Population,5,Prevalence,182,Malawi,3,Both,22,All ages,544,Parkinson's disease,3,Rate,2016,12.15839300198,14.586162814729999,9.88276999383
1,All Population,5,Prevalence,30,Vanuatu,3,Both,22,All ages,544,Parkinson's disease,3,Rate,2017,55.24745259135,64.07617663788001,47.42355565575
1,All Population,5,Prevalence,155,Türkiye,3,Both,22,All ages,544,Parkinson's disease,3,Rate,2015,208.16185116156,235.14972322433,182.09093871740998
1,All Population,5,Prevalence,116,Saint Lucia,3,Both,22,All ages,544,Parkinson's disease,3,Rate,2016,210.62501145615002,242.33376830212998,177.48765229871
1,All Population,5,Prevalence,82,Greece,3,Both,22,All ages,544,Parkinson's disease,3,Rate,2016,311.24638803078,367.53291884808004,274.11255991558
1,All Population,5,Prevalence,217,Sierra Leone,3,Both,22,All ages,544,Parkinson's disease,3,Rate,2016,17.2834853783,20.19522481763,14.581439655579999
1,All Population,5,Prevalence,17,Sri Lanka,3,Both,22,All ages,544,Parkinson's disease,3,Rate,2016,109.35627815378999,126.36576576105999,93.42361235102
1,All Population,5,Prevalence,196,South Africa,3,Both,22,All ages,544,Parkinson's disease,3,Rate,2016,35.45536299359,42.7827401423,29.33052926726
1,All Population,5,Prevalence,77,Cyprus,3,Both,22,All ages,544,Parkinson's disease,3,Rate,2016,147.27492878936,170.64918608989,122.57731920265
1,All Population,5,Prevalence,212,Mauritania,3,Both,22,All ages,544,Parkinson's disease,3,Rate,2016,21.08724879051,24.518709322630002,17.277764504820002
1,All Population,5,Prevalence,113,Guyana,3,Both,22,All ages,544,Parkinson's disease,3,Rate,2016,103.36107967682999,122.18775372151,87.65087194211
1,All Population,5,Prevalence,82,Greece,3,Both,22,All ages,544,Parkinson's disease,3,Rate,2017,318.49568845577,371.3500651696,280.87019810096
1,All Population,5,Prevalence,41,Uzbekistan,3,Both,22,All ages,544,Parkinson's disease,3,Rate,2016,20.05011670772,23.84149134115,16.97057787416
1,All Population,5,Prevalence,201,Burkina Faso,3,Both,22,All ages,544,Parkinson's disease,3,Rate,2016,16.4894859547,19.73638618281,13.8521476254
1,All Population,5,Prevalence,217,Sierra Leone,3,Both,22,All ages,544,Parkinson's disease,3,Rate,2015,17.215261019390002,20.11234637707,14.509495993019998
1,All Population,5,Prevalence,59,Latvia,3,Both,22,All ages,544,Parkinson's disease,3,Rate,2016,142.77426059910002,162.18125659912,121.17292087876
1,All Population,5,Prevalence,176,Comoros,3,Both,22,All ages,544,Parkinson's disease,3,Rate,2016,38.67413180937,45.307059142469996,31.88261018578
1,All Population,5,Prevalence,204,Chad,3,Both,22,All ages,544,Parkinson's disease,3,Rate,2015,12.04739580828,14.03180112783,10.0513472756
1,All Population,5,Prevalence,396,San Marino,3,Both,22,All ages,544,Parkinson's disease,3,Rate,2015,184.54779733565002,218.6617211816,154.51703828532
1,All Population,5,Prevalence,119,Trinidad and Tobago,3,Both,22,All ages,544,Parkinson's disease,3,Rate,2016,192.2534085175,222.48769205560998,165.96397167007999
1,All Population,5,Prevalence,14,Maldives,3,Both,22,All ages,544,Parkinson's disease,3,Rate,2016,53.194713779349996,61.33418413316,45.808295821529995
1,All Population,5,Prevalence,156,United Arab Emirates,3,Both,22,All ages,544,Parkinson's disease,3,Rate,2016,30.916396515650003,39.50500616611,23.798286101680002
1,All Population,5,Prevalence,53,Serbia,3,Both,22,All ages,544,Parkinson's disease,3,Rate,2017,168.94223098543,198.6608947229,142.74595498033
1,All Population,5,Prevalence,19,Timor-Leste,3,Both,22,All ages,544,Parkinson's disease,3,Rate,2017,44.28660973881,51.27942805675,37.06274942781
1,All Population,5,Prevalence,135,Brazil,3,Both,22,All ages,544,Parkinson's disease,3,Rate,2015,241.37622160401003,293.82420000601,199.07950359313998
1,All Population,5,Prevalence,204,Chad,3,Both,22,All ages,544,Parkinson's disease,3,Rate,2016,11.98795126472,13.871453588409999,10.12309134356
1,All Population,5,Prevalence,69,Singapore,3,Both,22,All ages,544,Parkinson's disease,3,Rate,2016,66.14207545302,77.71218159039,56.80268960706
1,All Population,5,Prevalence,79,Finland,3,Both,22,All ages,544,Parkinson's disease,3,Rate,2016,228.93081439748,251.62489951931,208.77094865934
1,All Population,5,Prevalence,135,Brazil,3,Both,22,All ages,544,Parkinson's disease,3,Rate,2016,250.16282941218,303.96334753106,206.33458134037002
1,All Population,5,Prevalence,180,Kenya,3,Both,22,All ages,544,Parkinson's disease,3,Rate,2015,12.76938080632,15.60758455819,10.49736719822
1,All Population,5,Prevalence,416,Tuvalu,3,Both,22,All ages,544,Parkinson's disease,3,Rate,2016,81.33354140368,98.79549880681,67.33377264263
1,All Population,5,Prevalence,102,United States of America,3,Both,22,All ages,544,Parkinson's disease,3,Rate,2016,238.40984354974,262.39920768953,214.67007166906998
1,All Population,5,Prevalence,131,Nicaragua,3,Both,22,All ages,544,Parkinson's disease,3,Rate,2016,91.97614150383001,107.05907034158999,76.50393617803
1,All Population,5,Prevalence,61,Republic of Moldova,3,Both,22,All ages,544,Parkinson's disease,3,Rate,2016,73.42923166794,86.49344894796,58.11012243972
1,All Population,5,Prevalence,77,Cyprus,3,Both,22,All ages,544,Parkinson's disease,3,Rate,2017,158.11364778501,183.28258138558,132.19676475563
1,All Population,5,Prevalence,43,Albania,3,Both,22,All ages,544,Parkinson's disease,3,Rate,2017,167.43592058129,193.14816883751,140.15679519789
1,All Population,5,Prevalence,179,Ethiopia,3,Both,22,All ages,544,Parkinson's disease,3,Rate,2015,18.512086881989998,22.27610083482,15.23432501006
1,All Population,5,Prevalence,214,Nigeria,3,Both,22,All ages,544,Parkinson's disease,3,Rate,2016,15.920111335960001,19.50947957617,13.072185138610001
1,All Population,5,Prevalence,191,Zambia,3,Both,22,All ages,544,Parkinson's disease,3,Rate,2016,10.86948962468,12.65569871234,9.03037471661
1,All Population,5,Prevalence,27,Samoa,3,Both,22,All ages,544,Parkinson's disease,3,Rate,2017,93.44985251048,106.5958087454,78.00703762467
1,All Population,5,Prevalence,108,Belize,3,Both,22,All ages,544,Parkinson's disease,3,Rate,2016,99.19039482016001,115.55031640218,83.94042490286999
1,All Population,5,Prevalence,84,Ireland,3,Both,22,All ages,544,Parkinson's disease,3,Rate,2016,155.07265203286,176.3548343883,131.76740330861
1,All Population,5,Prevalence,145,Kuwait,3,Both,22,All ages,544,Parkinson's disease,3,Rate,2016,59.93927238589001,71.07761873808,49.689709673319996
1,All Population,5,Prevalence,72,New Zealand,3,Both,22,All ages,544,Parkinson's disease,3,Rate,2016,151.51578012948002,186.07542435763,122.93235454033001
1,All Population,5,Prevalence,198,Zimbabwe,3,Both,22,All ages,544,Parkinson's disease,3,Rate,2016,22.76373372855,26.476309292979998,19.17713997235
1,All Population,5,Prevalence,184,Mozambique,3,Both,22,All ages,544,Parkinson's disease,3,Rate,2016,13.948642725400001,16.29248495225,11.74738754344
1,All Population,5,Prevalence,84,Ireland,3,Both,22,All ages,544,Parkinson's disease,3,Rate,2017,160.18244665956001,181.24981783011,135.99194891859
1,All Population,5,Prevalence,111,Dominican Republic,3,Both,22,All ages,544,Parkinson's disease,3,Rate,2017,155.32282688700002,178.08130900567,134.38118705726
1,All Population,5,Prevalence,163,India,3,Both,22,All ages,544,Parkinson's disease,3,Rate,2017,45.78756202536,55.84119265349,37.44024262445
1,All Population,5,Prevalence,8,Taiwan,3,Both,22,All ages,544,Parkinson's disease,3,Rate,2017,242.36424003610003,249.68035713234002,235.58686035103
1,All Population,5,Prevalence,178,Eritrea,3,Both,22,All ages,544,Parkinson's disease,3,Rate,2016,20.743604147870002,24.46780607419,17.37388377893
1,All Population,5,Prevalence,24,Marshall Islands,3,Both,22,All ages,544,Parkinson's disease,3,Rate,2016,55.40309008934,65.44316618322,46.77791357826
1,All Population,5,Prevalence,164,Nepal,3,Both,22,All ages,544,Parkinson's disease,3,Rate,2016,42.45976880483,49.99665519095,35.176326825160004
1,All Population,5,Prevalence,87,Luxembourg,3,Both,22,All ages,544,Parkinson's disease,3,Rate,2016,192.41598495023,225.16062143329998,162.44851340726999
1,All Population,5,Prevalence,369,Nauru,3,Both,22,All ages,544,Parkinson's disease,3,Rate,2016,38.39947982393,44.91855928628,32.52218039798
1,All Population,5,Prevalence,88,Malta,3,Both,22,All ages,544,Parkinson's disease,3,Rate,2016,227.53012770390998,264.43206145362996,193.2393211808
1,All Population,5,Prevalence,187,Somalia,3,Both,22,All ages,544,Parkinson's disease,3,Rate,2016,14.13489564436,16.41875928819,11.89871628951
1,All Population,5,Prevalence,380,Palau,3,Both,22,All ages,544,Parkinson's disease,3,Rate,2016,116.95023379531,140.31563323968,98.00280149434
1,All Population,5,Prevalence,95,United Kingdom,3,Both,22,All ages,544,Parkinson's disease,3,Rate,2017,201.0310424583,242.94540821238002,169.19330873014
1,All Population,5,Prevalence,522,Sudan,3,Both,22,All ages,544,Parkinson's disease,3,Rate,2015,59.29808286075,70.83319121582,49.90856579591
1,All Population,5,Prevalence,71,Australia,3,Both,22,All ages,544,Parkinson's disease,3,Rate,2017,279.0576431122,331.29380534564,228.6071114464
1,All Population,5,Prevalence,71,Australia,3,Both,22,All ages,544,Parkinson's disease,3,Rate,2016,272.5705810432,324.43875877136,220.68509453327
1,All Population,5,Prevalence,195,Namibia,3,Both,22,All ages,544,Parkinson's disease,3,Rate,2015,26.54792906878,30.6365179941,22.12589762237
1,All Population,5,Prevalence,81,Germany,3,Both,22,All ages,544,Parkinson's disease,3,Rate,2016,483.55957637803,503.8585042397,462.42312727812
1,All Population,5,Prevalence,206,Gambia,3,Both,22,All ages,544,Parkinson's disease,3,Rate,2016,21.21671829217,24.83923789589,17.55438207168
1,All Population,5,Prevalence,74,Andorra,3,Both,22,All ages,544,Parkinson's disease,3,Rate,2017,166.99907613776,193.98345230253,140.61245075055
1,All Population,5,Prevalence,416,Tuvalu,3,Both,22,All ages,544,Parkinson's disease,3,Rate,2015,79.97609890489001,98.15898310579999,65.80642745275
1,All Population,5,Prevalence,34,Azerbaijan,3,Both,22,All ages,544,Parkinson's disease,3,Rate,2016,27.02748100655,30.953581880869997,23.96777233771
1,All Population,5,Prevalence,37,Kyrgyzstan,3,Both,22,All ages,544,Parkinson's disease,3,Rate,2017,18.1634687713,21.98790057775,15.10285827281
1,All Population,5,Prevalence,298,American Samoa,3,Both,22,All ages,544,Parkinson's disease,3,Rate,2016,98.71734633522999,114.35543034415,86.17517879391
1,All Population,5,Prevalence,129,Honduras,3,Both,22,All ages,544,Parkinson's disease,3,Rate,2017,99.16873456529999,116.03264996437001,82.83427790737
1,All Population,5,Prevalence,171,Democratic Republic of the Congo,3,Both,22,All ages,544,Parkinson's disease,3,Rate,2016,14.00119386693,16.31196927859,11.77741807593
1,All Population,5,Prevalence,182,Malawi,3,Both,22,All ages,544,Parkinson's disease,3,Rate,2017,12.47947473272,15.007795636780001,10.17766422003
1,All Population,5,Prevalence,135,Brazil,3,Both,22,All ages,544,Parkinson's disease,3,Rate,2017,261.98061921987,317.74032843412,216.47244041634
1,All Population,5,Prevalence,115,Jamaica,3,Both,22,All ages,544,Parkinson's disease,3,Rate,2016,147.36823660607,173.49855958276,126.01732725486
1,All Population,5,Prevalence,66,Brunei Darussalam,3,Both,22,All ages,544,Parkinson's disease,3,Rate,2016,42.38840107592,50.04811291293,35.30674329204
1,All Population,5,Prevalence,43,Albania,3,Both,22,All ages,544,Parkinson's disease,3,Rate,2016,157.59551268601,181.58532451451,132.01267798941
1,All Population,5,Prevalence,102,United States of America,3,Both,22,All ages,544,Parkinson's disease,3,Rate,2017,247.13051144544,272.41371398972,222.56583956552998
1,All Population,5,Prevalence,88,Malta,3,Both,22,All ages,544,Parkinson's disease,3,Rate,2017,234.10149047391,273.01619056293,197.60466451967
1,All Population,5,Prevalence,182,Malawi,3,Both,22,All ages,544,Parkinson's disease,3,Rate,2015,11.94487683311,14.332624097870001,9.67170465273
1,All Population,5,Prevalence,66,Brunei Darussalam,3,Both,22,All ages,544,Parkinson's disease,3,Rate,2017,44.96074686558,52.799329269670004,37.81591316812
1,All Population,5,Prevalence,147,Libya,3,Both,22,All ages,544,Parkinson's disease,3,Rate,2016,85.80103311245,99.32003332634,73.36228267645001
1,All Population,5,Prevalence,216,Senegal,3,Both,22,All ages,544,Parkinson's disease,3,Rate,2016,22.92068465721,26.744234137270002,19.35620505815
1,All Population,5,Prevalence,155,Türkiye,3,Both,22,All ages,544,Parkinson's disease,3,Rate,2016,213.23625569921998,242.21799708006998,188.39418543032002
1,All Population,5,Prevalence,522,Sudan,3,Both,22,All ages,544,Parkinson's disease,3,Rate,2016,61.07127125192,72.32295621664,51.783221311839995
1,All Population,5,Prevalence,86,Italy,3,Both,22,All ages,544,Parkinson's disease,3,Rate,2017,524.22311069951,632.47808162023,434.08964803443
1,All Population,5,Prevalence,90,Norway,3,Both,22,All ages,544,Parkinson's disease,3,Rate,2016,213.48950500940998,265.01667351428,176.34468316748
1,All Population,5,Prevalence,171,Democratic Republic of the Congo,3,Both,22,All ages,544,Parkinson's disease,3,Rate,2017,14.282522122980001,16.45349140228,11.99162074655
1,All Population,5,Prevalence,206,Gambia,3,Both,22,All ages,544,Parkinson's disease,3,Rate,2017,21.376416140659998,24.80346593319,17.62638835396
1,All Population,5,Prevalence,150,Oman,3,Both,22,All ages,544,Parkinson's disease,3,Rate,2016,58.7049560306,67.7048003317,49.78314018296
1,All Population,5,Prevalence,126,Costa Rica,3,Both,22,All ages,544,Parkinson's disease,3,Rate,2016,168.19377920327,187.4673332381,143.26503587535998
1,All Population,5,Prevalence,206,Gambia,3,Both,22,All ages,544,Parkinson's disease,3,Rate,2015,21.05105363498,24.884621412119998,17.42274044957
1,All Population,5,Prevalence,29,Tonga,3,Both,22,All ages,544,Parkinson's disease,3,Rate,2017,94.69535413957,110.84653339084,81.16967566465999
1,All Population,5,Prevalence,187,Somalia,3,Both,22,All ages,544,Parkinson's disease,3,Rate,2017,14.391918389550002,16.66559103105,12.23930996276
1,All Population,5,Prevalence,160,Afghanistan,3,Both,22,All ages,544,Parkinson's disease,3,Rate,2016,33.84594110975,40.00498905651,28.41098673414
1,All Population,5,Prevalence,147,Libya,3,Both,22,All ages,544,Parkinson's disease,3,Rate,2017,89.32883647549001,104.67752925871,77.03707583747
1,All Population,5,Prevalence,35,Georgia,3,Both,22,All ages,544,Parkinson's disease,3,Rate,2016,68.67707537528,79.27213053892,56.045881698109994
1,All Population,5,Prevalence,63,Ukraine,3,Both,22,All ages,544,Parkinson's disease,3,Rate,2016,46.084989343909996,56.62356744217,37.57717535202
1,All Population,5,Prevalence,27,Samoa,3,Both,22,All ages,544,Parkinson's disease,3,Rate,2016,91.85592968167,105.45714990593,76.05863833144001
1,All Population,5,Prevalence,157,Yemen,3,Both,22,All ages,544,Parkinson's disease,3,Rate,2016,33.63383131725,40.137463369289996,28.42122463067
1,All Population,5,Prevalence,63,Ukraine,3,Both,22,All ages,544,Parkinson's disease,3,Rate,2017,46.7469067862,57.48198376379,38.04597609565
1,All Population,5,Prevalence,201,Burkina Faso,3,Both,22,All ages,544,Parkinson's disease,3,Rate,2015,16.4637044331,19.7153965031,13.68247175257
1,All Population,5,Prevalence,79,Finland,3,Both,22,All ages,544,Parkinson's disease,3,Rate,2017,233.94471567101,258.2680550665,212.71662358763
1,All Population,5,Prevalence,55,Slovenia,3,Both,22,All ages,544,Parkinson's disease,3,Rate,2017,215.98005917327998,250.31084545351,184.60946825558
1,All Population,5,Prevalence,87,Luxembourg,3,Both,22,All ages,544,Parkinson's disease,3,Rate,2017,194.54344191067,228.50014864256,167.0831500481
1,All Population,5,Prevalence,50,Montenegro,3,Both,22,All ages,544,Parkinson's disease,3,Rate,2017,157.273377584,179.50786500312998,133.47755885722998
1,All Population,5,Prevalence,121,Bolivia (Plurinational State of),3,Both,22,All ages,544,Parkinson's disease,3,Rate,2016,151.22223433049,174.10166216968,126.76445045358
1,All Population,5,Prevalence,68,Republic of Korea,3,Both,22,All ages,544,Parkinson's disease,3,Rate,2017,141.29727444559,145.27167882850998,137.03830141986
1,All Population,5,Prevalence,45,Bulgaria,3,Both,22,All ages,544,Parkinson's disease,3,Rate,2016,194.52256224431,240.43744995321998,161.43176511005
1,All Population,5,Prevalence,369,Nauru,3,Both,22,All ages,544,Parkinson's disease,3,Rate,2015,37.22819225002,43.532879969789995,31.3779925803
1,All Population,5,Prevalence,176,Comoros,3,Both,22,All ages,544,Parkinson's disease,3,Rate,2017,39.485373212590005,45.82335617341,32.53220454243
1,All Population,5,Prevalence,349,Greenland,3,Both,22,All ages,544,Parkinson's disease,3,Rate,2017,78.57363593033,92.53973912701,64.85200100751
1,All Population,5,Prevalence,186,Seychelles,3,Both,22,All ages,544,Parkinson's disease,3,Rate,2016,123.07413782161,142.36920069383,107.23434457261
1,All Population,5,Prevalence,139,Algeria,3,Both,22,All ages,544,Parkinson's disease,3,Rate,2016,94.61868998149001,110.05745028522,80.34641196045
1,All Population,5,Prevalence,142,Iran (Islamic Republic of),3,Both,22,All ages,544,Parkinson's disease,3,Rate,2017,114.29735662038,139.06572629057,95.09637821081
1,All Population,5,Prevalence,11,Indonesia,3,Both,22,All ages,544,Parkinson's disease,3,Rate,2017,55.1053599412,66.17274635203,45.65849869229
1,All Population,5,Prevalence,179,Ethiopia,3,Both,22,All ages,544,Parkinson's disease,3,Rate,2016,18.83203285435,22.61859668711,15.45890628177
1,All Population,5,Prevalence,23,Kiribati,3,Both,22,All ages,544,Parkinson's disease,3,Rate,2017,64.51484474413,73.5785546817,56.549734746640006
1,All Population,5,Prevalence,195,Namibia,3,Both,22,All ages,544,Parkinson's disease,3,Rate,2017,26.788994409129998,31.11868694231,22.87442891313
1,All Population,5,Prevalence,193,Botswana,3,Both,22,All ages,544,Parkinson's disease,3,Rate,2016,31.16907875692,36.12133362625,26.71075849117
1,All Population,5,Prevalence,152,Saudi Arabia,3,Both,22,All ages,544,Parkinson's disease,3,Rate,2016,65.42400148537,75.67196217380001,55.45968494543
1,All Population,5,Prevalence,16,Philippines,3,Both,22,All ages,544,Parkinson's disease,3,Rate,2017,46.65283480557,56.339767452210005,38.490071101910004
1,All Population,5,Prevalence,393,Saint Kitts and Nevis,3,Both,22,All ages,544,Parkinson's disease,3,Rate,2016,220.50220436625,237.77134684050003,193.46643554691
1,All Population,5,Prevalence,218,Togo,3,Both,22,All ages,544,Parkinson's disease,3,Rate,2016,15.26886830872,17.87893584998,12.927242622320001
1,All Population,5,Prevalence,117,Saint Vincent and the Grenadines,3,Both,22,All ages,544,Parkinson's disease,3,Rate,2016,203.56232475509003,237.21539781821002,167.20044102511
1,All Population,5,Prevalence,86,Italy,3,Both,22,All ages,544,Parkinson's disease,3,Rate,2016,512.45014225461,620.3035120772699,423.78921728664
1,All Population,5,Prevalence,92,Spain,3,Both,22,All ages,544,Parkinson's disease,3,Rate,2016,405.95991010091,448.00648006656,361.51424064829
1,All Population,5,Prevalence,39,Tajikistan,3,Both,22,All ages,544,Parkinson's disease,3,Rate,2017,18.95562158511,22.72154289668,16.303734646669998
1,All Population,5,Prevalence,173,Gabon,3,Both,22,All ages,544,Parkinson's disease,3,Rate,2017,34.28025261332,40.52317213813,28.854137503430003
1,All Population,5,Prevalence,45,Bulgaria,3,Both,22,All ages,544,Parkinson's disease,3,Rate,2017,203.66506577216,246.80240899098,169.62393077261
1,All Population,5,Prevalence,208,Guinea,3,Both,22,All ages,544,Parkinson's disease,3,Rate,2016,17.40901168909,20.63410852511,14.370959467890001
1,All Population,5,Prevalence,50,Montenegro,3,Both,22,All ages,544,Parkinson's disease,3,Rate,2016,168.64591629614,192.37254773617,142.44932586912998
1,All Population,5,Prevalence,126,Costa Rica,3,Both,22,All ages,544,Parkinson's disease,3,Rate,2017,167.89360570898,189.01564876794,142.05548743497
1,All Population,5,Prevalence,58,Estonia,3,Both,22,All ages,544,Parkinson's disease,3,Rate,2016,220.27825235699,234.26434431826002,202.94317688331
1,All Population,5,Prevalence,97,Argentina,3,Both,22,All ages,544,Parkinson's disease,3,Rate,2017,153.28136592533,166.04196146309,139.33050769534
1,All Population,5,Prevalence,16,Philippines,3,Both,22,All ages,544,Parkinson's disease,3,Rate,2016,45.38654483064,54.82456955192,37.485112978660005
1,All Population,5,Prevalence,113,Guyana,3,Both,22,All ages,544,Parkinson's disease,3,Rate,2017,105.70062804414,124.05154975634,89.69463094267999
1,All Population,5,Prevalence,131,Nicaragua,3,Both,22,All ages,544,Parkinson's disease,3,Rate,2017,93.8131878901,109.00699758315999,77.77876411784
1,All Population,5,Prevalence,142,Iran (Islamic Republic of),3,Both,22,All ages,544,Parkinson's disease,3,Rate,2016,109.55201532903999,133.10490644816,91.12499262617
1,All Population,5,Prevalence,74,Andorra,3,Both,22,All ages,544,Parkinson's disease,3,Rate,2016,162.70365650616,190.28805036934,137.45903852098
1,All Population,5,Prevalence,89,Netherlands,3,Both,22,All ages,544,Parkinson's disease,3,Rate,2016,217.03919241474,245.30044670003,192.30253751996
1,All Population,5,Prevalence,121,Bolivia (Plurinational State of),3,Both,22,All ages,544,Parkinson's disease,3,Rate,2017,154.87783877873002,179.38704760624998,129.54936337641
1,All Population,5,Prevalence,196,South Africa,3,Both,22,All ages,544,Parkinson's disease,3,Rate,2017,35.911244526000004,43.309614173060005,29.75017428476
1,All Population,5,Prevalence,128,Guatemala,3,Both,22,All ages,544,Parkinson's disease,3,Rate,2016,87.28575226781,105.99013136830999,73.12661655811999
1,All Population,5,Prevalence,190,Uganda,3,Both,22,All ages,544,Parkinson's disease,3,Rate,2016,12.057232517,14.304849339639999,9.81189068366
1,All Population,5,Prevalence,320,Cook Islands,3,Both,22,All ages,544,Parkinson's disease,3,Rate,2016,153.23072733033,186.07998823749,129.48115573463
1,All Population,5,Prevalence,349,Greenland,3,Both,22,All ages,544,Parkinson's disease,3,Rate,2016,75.15539164273,88.40369720897999,61.690997464590005
1,All Population,5,Prevalence,298,American Samoa,3,Both,22,All ages,544,Parkinson's disease,3,Rate,2017,102.89296010356,118.33853529763,89.95661522360001
1,All Population,5,Prevalence,76,Belgium,3,Both,22,All ages,544,Parkinson's disease,3,Rate,2017,227.47384702364,255.04572182031,201.53763421918998
1,All Population,5,Prevalence,208,Guinea,3,Both,22,All ages,544,Parkinson's disease,3,Rate,2017,17.49345011769,20.589203000999998,14.51424986294
1,All Population,5,Prevalence,181,Madagascar,3,Both,22,All ages,544,Parkinson's disease,3,Rate,2016,11.016782544629999,13.10287207834,9.201902131579999
1,All Population,5,Prevalence,168,Angola,3,Both,22,All ages,544,Parkinson's disease,3,Rate,2016,14.12701179257,16.47090932983,11.54292972363
1,All Population,5,Prevalence,144,Jordan,3,Both,22,All ages,544,Parkinson's disease,3,Rate,2017,45.21566663006,53.34971317031,39.40609914351
1,All Population,5,Prevalence,44,Bosnia and Herzegovina,3,Both,22,All ages,544,Parkinson's disease,3,Rate,2016,172.62044599934998,201.85651275577,145.3429303577
1,All Population,5,Prevalence,160,Afghanistan,3,Both,22,All ages,544,Parkinson's disease,3,Rate,2017,34.46423845244,40.06628220453,29.361044618690002
1,All Population,5,Prevalence,13,Malaysia,3,Both,22,All ages,544,Parkinson's disease,3,Rate,2017,74.38495797614,86.26585882561,61.99414563934
1,All Population,5,Prevalence,212,Mauritania,3,Both,22,All ages,544,Parkinson's disease,3,Rate,2015,20.73434032402,24.07487865305,16.98152489931
1,All Population,5,Prevalence,52,Romania,3,Both,22,All ages,544,Parkinson's disease,3,Rate,2017,213.00874979636,243.55344395634998,179.32286135214
1,All Population,5,Prevalence,184,Mozambique,3,Both,22,All ages,544,Parkinson's disease,3,Rate,2017,14.205181993159998,16.45546369841,11.870220343629999
1,All Population,5,Prevalence,47,Czechia,3,Both,22,All ages,544,Parkinson's disease,3,Rate,2016,213.13480338748,238.04389790456003,191.07020991706
1,All Population,5,Prevalence,200,Benin,3,Both,22,All ages,544,Parkinson's disease,3,Rate,2016,16.86460172568,19.64193754679,14.26198474243
1,All Population,5,Prevalence,81,Germany,3,Both,22,All ages,544,Parkinson's disease,3,Rate,2017,499.26901665400993,518.56644588183,475.45269722426997
1,All Population,5,Prevalence,90,Norway,3,Both,22,All ages,544,Parkinson's disease,3,Rate,2017,211.70552187405002,262.45178279154004,174.77503675763
1,All Population,5,Prevalence,380,Palau,3,Both,22,All ages,544,Parkinson's disease,3,Rate,2017,121.18112612598,145.93390615067,101.43809244148
1,All Population,5,Prevalence,58,Estonia,3,Both,22,All ages,544,Parkinson's disease,3,Rate,2017,225.83403847775,239.44798485157,208.60362797919
1,All Population,5,Prevalence,168,Angola,3,Both,22,All ages,544,Parkinson's disease,3,Rate,2017,14.382687877199999,16.840734633409998,11.92866166354
1,All Population,5,Prevalence,37,Kyrgyzstan,3,Both,22,All ages,544,Parkinson's disease,3,Rate,2016,17.801025297440003,21.50527002182,14.764490420759998
1,All Population,5,Prevalence,33,Armenia,3,Both,22,All ages,544,Parkinson's disease,3,Rate,2017,51.38483616379,60.71763625616,43.1237912183
1,All Population,5,Prevalence,99,Uruguay,3,Both,22,All ages,544,Parkinson's disease,3,Rate,2017,207.96954900019998,221.98401797713998,195.06782071244
1,All Population,5,Prevalence,203,Cabo Verde,3,Both,22,All ages,544,Parkinson's disease,3,Rate,2016,50.462328385179994,59.09254998969,42.85855403168
1,All Population,5,Prevalence,189,United Republic of Tanzania,3,Both,22,All ages,544,Parkinson's disease,3,Rate,2017,17.14270658207,19.550098992720002,14.644162148389999
1,All Population,5,Prevalence,105,Antigua and Barbuda,3,Both,22,All ages,544,Parkinson's disease,3,Rate,2017,172.15418140748,200.57936512641,149.45663031031
1,All Population,5,Prevalence,47,Czechia,3,Both,22,All ages,544,Parkinson's disease,3,Rate,2017,219.69113756965,246.64395867074998,198.0503196027
1,All Population,5,Prevalence,68,Republic of Korea,3,Both,22,All ages,544,Parkinson's disease,3,Rate,2016,130.72034478693,134.38904970491,126.65545505077999
1,All Population,5,Prevalence,115,Jamaica,3,Both,22,All ages,544,Parkinson's disease,3,Rate,2017,149.96592591367,177.8596231075,127.08533436993001
1,All Population,5,Prevalence,195,Namibia,3,Both,22,All ages,544,Parkinson's disease,3,Rate,2016,26.700070483490002,30.870287413339998,22.47318323054
1,All Population,5,Prevalence,25,Micronesia (Federated States of),3,Both,22,All ages,544,Parkinson's disease,3,Rate,2017,75.5949121724,86.59303260077999,64.68816951925
1,All Population,5,Prevalence,190,Uganda,3,Both,22,All ages,544,Parkinson's disease,3,Rate,2017,12.38361198269,14.63770734314,10.17470318088
1,All Population,5,Prevalence,178,Eritrea,3,Both,22,All ages,544,Parkinson's disease,3,Rate,2017,21.338945572630003,25.120035682710004,17.86865388253
1,All Population,5,Prevalence,89,Netherlands,3,Both,22,All ages,544,Parkinson's disease,3,Rate,2017,222.24726572558,248.54993158743002,198.35935902917
1,All Population,5,Prevalence,123,Peru,3,Both,22,All ages,544,Parkinson's disease,3,Rate,2016,145.20647420179,168.48685224807,122.92127177019
1,All Population,5,Prevalence,95,United Kingdom,3,Both,22,All ages,544,Parkinson's disease,3,Rate,2016,192.80705030971,232.86420040573003,162.17907026964002
1,All Population,5,Prevalence,18,Thailand,3,Both,22,All ages,544,Parkinson's disease,3,Rate,2017,159.49126518997,172.12389481779002,143.79146877985
1,All Population,5,Prevalence,78,Denmark,3,Both,22,All ages,544,Parkinson's disease,3,Rate,2017,160.54824547781,178.0270103719,146.47028383666
1,All Population,5,Prevalence,15,Myanmar,3,Both,22,All ages,544,Parkinson's disease,3,Rate,2017,54.562679304339994,62.97035071265999,45.85687908828
1,All Population,5,Prevalence,211,Mali,3,Both,22,All ages,544,Parkinson's disease,3,Rate,2017,16.94227978148,19.65445484347,14.249594072930002
1,All Population,5,Prevalence,29,Tonga,3,Both,22,All ages,544,Parkinson's disease,3,Rate,2016,92.50890811053,109.15223552363999,78.69888217635
1,All Population,5,Prevalence,210,Liberia,3,Both,22,All ages,544,Parkinson's disease,3,Rate,2017,18.085469724470002,21.30239930212,15.08441807217
1,All Population,5,Prevalence,191,Zambia,3,Both,22,All ages,544,Parkinson's disease,3,Rate,2017,11.05285262282,12.981096456749999,9.21528216626
1,All Population,5,Prevalence,83,Iceland,3,Both,22,All ages,544,Parkinson's disease,3,Rate,2017,218.74346390184002,256.54497062697,188.15661881796
1,All Population,5,Prevalence,11,Indonesia,3,Both,22,All ages,544,Parkinson's disease,3,Rate,2016,53.01020877454,63.65306326178,43.923699592430005
1,All Population,5,Prevalence,54,Slovakia,3,Both,22,All ages,544,Parkinson's disease,3,Rate,2017,144.95301914471,166.23994858961,123.61517368900999
1,All Population,5,Prevalence,144,Jordan,3,Both,22,All ages,544,Parkinson's disease,3,Rate,2016,39.8380377653,46.9240491954,34.96678550318
1,All Population,5,Prevalence,198,Zimbabwe,3,Both,22,All ages,544,Parkinson's disease,3,Rate,2017,23.05493950071,26.72708763441,19.249473941239998
1,All Population,5,Prevalence,139,Algeria,3,Both,22,All ages,544,Parkinson's disease,3,Rate,2017,98.59085609584,113.48500267277001,83.20109767938
1,All Population,5,Prevalence,136,Paraguay,3,Both,22,All ages,544,Parkinson's disease,3,Rate,2016,190.15881389908,222.57143914575,151.42631641858
1,All Population,5,Prevalence,175,Burundi,3,Both,22,All ages,544,Parkinson's disease,3,Rate,2017,12.85988407539,15.318982045410001,10.77673898218
1,All Population,5,Prevalence,91,Portugal,3,Both,22,All ages,544,Parkinson's disease,3,Rate,2016,280.17724249999,309.78647970312,252.90305851327
1,All Population,5,Prevalence,162,Bhutan,3,Both,22,All ages,544,Parkinson's disease,3,Rate,2016,50.36106604776,59.611215574170004,41.61971582759
1,All Population,5,Prevalence,170,Congo,3,Both,22,All ages,544,Parkinson's disease,3,Rate,2016,18.15475923146,21.42508000334,14.82895382974
1,All Population,5,Prevalence,170,Congo,3,Both,22,All ages,544,Parkinson's disease,3,Rate,2017,18.298653042199998,21.60499845931,14.97848180353
1,All Population,5,Prevalence,76,Belgium,3,Both,22,All ages,544,Parkinson's disease,3,Rate,2016,224.97717194323,253.50692943012,199.40758623276997
1,All Population,5,Prevalence,203,Cabo Verde,3,Both,22,All ages,544,Parkinson's disease,3,Rate,2017,51.54345258702,59.64544256123,44.1900802511
1,All Population,5,Prevalence,34,Azerbaijan,3,Both,22,All ages,544,Parkinson's disease,3,Rate,2017,28.010380959179997,31.96040521707,24.92813899479
1,All Population,5,Prevalence,367,Monaco,3,Both,22,All ages,544,Parkinson's disease,3,Rate,2017,304.22387635152,357.07369143616,253.55455131134
1,All Population,5,Prevalence,97,Argentina,3,Both,22,All ages,544,Parkinson's disease,3,Rate,2016,140.00371757865,151.27312709752,126.59280598707
1,All Population,5,Prevalence,117,Saint Vincent and the Grenadines,3,Both,22,All ages,544,Parkinson's disease,3,Rate,2017,208.09610061433,241.16261860574,173.57074908053
1,All Population,5,Prevalence,146,Lebanon,3,Both,22,All ages,544,Parkinson's disease,3,Rate,2017,136.6818586952,155.16565282315,115.7467840527
1,All Population,5,Prevalence,367,Monaco,3,Both,22,All ages,544,Parkinson's disease,3,Rate,2016,298.47028120246,354.05024074027,246.80279095773
1,All Population,5,Prevalence,101,Canada,3,Both,22,All ages,544,Parkinson's disease,3,Rate,2017,234.76270036341998,260.69597518349997,206.34578994662002
1,All Population,5,Prevalence,205,Côte d'Ivoire,3,Both,22,All ages,544,Parkinson's disease,3,Rate,2016,15.704576279740001,18.46420638662,13.397037039609998
1,All Population,5,Prevalence,128,Guatemala,3,Both,22,All ages,544,Parkinson's disease,3,Rate,2017,90.35037310764,108.51063948340001,76.3075242985
1,All Population,5,Prevalence,183,Mauritius,3,Both,22,All ages,544,Parkinson's disease,3,Rate,2016,135.58141988965,158.93430864973,113.09275529220999
1,All Population,5,Prevalence,214,Nigeria,3,Both,22,All ages,544,Parkinson's disease,3,Rate,2015,15.88190509206,19.48375227731,13.05332323129
1,All Population,5,Prevalence,39,Tajikistan,3,Both,22,All ages,544,Parkinson's disease,3,Rate,2016,18.64838128066,22.28333658774,16.06300977022
1,All Population,5,Prevalence,91,Portugal,3,Both,22,All ages,544,Parkinson's disease,3,Rate,2017,284.72836771848,313.24402215129,255.81887905014
1,All Population,5,Prevalence,413,Tokelau,3,Both,22,All ages,544,Parkinson's disease,3,Rate,2016,169.34250491485,200.20903294949,143.63713484292
1,All Population,5,Prevalence,181,Madagascar,3,Both,22,All ages,544,Parkinson's disease,3,Rate,2017,11.25385260497,13.190528057919998,9.31488517924
1,All Population,5,Prevalence,49,North Macedonia,3,Both,22,All ages,544,Parkinson's disease,3,Rate,2017,174.16828008582002,206.58465438512,144.21073937848
1,All Population,5,Prevalence,162,Bhutan,3,Both,22,All ages,544,Parkinson's disease,3,Rate,2017,52.07168118964,61.142080423130004,43.122057807030004
1,All Population,5,Prevalence,150,Oman,3,Both,22,All ages,544,Parkinson's disease,3,Rate,2017,60.42624549525,69.69625511366,50.99136037792999
1,All Population,5,Prevalence,210,Liberia,3,Both,22,All ages,544,Parkinson's disease,3,Rate,2016,17.700332061399997,20.90347113854,14.75658983061
1,All Population,5,Prevalence,11,Indonesia,3,Both,22,All ages,544,Parkinson's disease,3,Rate,2018,57.452430342439996,69.05823027929,47.55202133964
1,All Population,5,Prevalence,92,Spain,3,Both,22,All ages,544,Parkinson's disease,3,Rate,2017,410.94879184686,451.86192212164997,372.43828675846004
1,All Population,5,Prevalence,165,Pakistan,3,Both,22,All ages,544,Parkinson's disease,3,Rate,2017,38.79192879429,46.86076984731,31.70590216362
1,All Population,5,Prevalence,60,Lithuania,3,Both,22,All ages,544,Parkinson's disease,3,Rate,2017,124.55831766850999,143.7912134725,106.46376958759001
1,All Population,5,Prevalence,320,Cook Islands,3,Both,22,All ages,544,Parkinson's disease,3,Rate,2017,158.49091739716,191.26586352432,134.05990134417002
1,All Population,5,Prevalence,136,Paraguay,3,Both,22,All ages,544,Parkinson's disease,3,Rate,2017,194.69286642929,227.66612488946,156.43295675311998
1,All Population,5,Prevalence,213,Niger,3,Both,22,All ages,544,Parkinson's disease,3,Rate,2017,10.77814324824,12.89408070032,9.05145717105
1,All Population,5,Prevalence,85,Israel,3,Both,22,All ages,544,Parkinson's disease,3,Rate,2017,248.17612241867,274.80228595423,222.31105292182
1,All Population,5,Prevalence,123,Peru,3,Both,22,All ages,544,Parkinson's disease,3,Rate,2017,150.63467790654002,174.13174166528,127.71481661058
1,All Population,5,Prevalence,141,Egypt,3,Both,22,All ages,544,Parkinson's disease,3,Rate,2017,87.66248411581999,102.49094739638,74.99296139064
1,All Population,5,Prevalence,7,Democratic People's Republic of Korea,3,Both,22,All ages,544,Parkinson's disease,3,Rate,2017,132.70295476643,155.92598768339002,111.78287961656
1,All Population,5,Prevalence,125,Colombia,3,Both,22,All ages,544,Parkinson's disease,3,Rate,2016,106.81402995559,112.51175966585001,101.10296547408001
1,All Population,5,Prevalence,173,Gabon,3,Both,22,All ages,544,Parkinson's disease,3,Rate,2016,33.86354584208,40.02567138253,28.531522823659998
1,All Population,5,Prevalence,110,Dominica,3,Both,22,All ages,544,Parkinson's disease,3,Rate,2016,263.4741390085,306.56845712493,219.43288860784
1,All Population,5,Prevalence,305,Bermuda,3,Both,22,All ages,544,Parkinson's disease,3,Rate,2016,309.74055533428003,369.9915099652,262.6384104669
1,All Population,5,Prevalence,374,Niue,3,Both,22,All ages,544,Parkinson's disease,3,Rate,2017,213.83083091154,248.81446062649002,182.16332227478
1,All Population,5,Prevalence,193,Botswana,3,Both,22,All ages,544,Parkinson's disease,3,Rate,2017,31.86363680547,36.81050581164,27.15021557346
1,All Population,5,Prevalence,78,Denmark,3,Both,22,All ages,544,Parkinson's disease,3,Rate,2016,152.97136708047,172.88877005492,137.5403190474
1,All Population,5,Prevalence,393,Saint Kitts and Nevis,3,Both,22,All ages,544,Parkinson's disease,3,Rate,2017,228.83515914083998,244.39519842854,204.49006082914
1,All Population,5,Prevalence,107,Barbados,3,Both,22,All ages,544,Parkinson's disease,3,Rate,2017,293.60139854631,334.18601128943,253.00027476137998
1,All Population,5,Prevalence,105,Antigua and Barbuda,3,Both,22,All ages,544,Parkinson's disease,3,Rate,2016,167.12515932366,195.28283527086,143.42767190656
1,All Population,5,Prevalence,211,Mali,3,Both,22,All ages,544,Parkinson's disease,3,Rate,2016,16.68275185387,19.36278212504,13.95278643594
1,All Population,5,Prevalence,200,Benin,3,Both,22,All ages,544,Parkinson's disease,3,Rate,2017,17.17617817221,20.04129446284,14.2366265032
1,All Population,5,Prevalence,186,Seychelles,3,Both,22,All ages,544,Parkinson's disease,3,Rate,2017,126.92120237993001,145.55496226345,111.0860779196
1,All Population,5,Prevalence,17,Sri Lanka,3,Both,22,All ages,544,Parkinson's disease,3,Rate,2017,116.02707886836,131.71190217772,99.4983514284
1,All Population,5,Prevalence,110,Dominica,3,Both,22,All ages,544,Parkinson's disease,3,Rate,2017,260.58854482450005,303.31096582078,220.21815088018
1,All Population,5,Prevalence,47,Czechia,3,Both,22,All ages,544,Parkinson's disease,3,Rate,2018,225.55166014198002,252.49477161765,204.19796570303
1,All Population,5,Prevalence,177,Djibouti,3,Both,22,All ages,544,Parkinson's disease,3,Rate,2017,18.6549938964,22.45118447042,15.39300614903
1,All Population,5,Prevalence,152,Saudi Arabia,3,Both,22,All ages,544,Parkinson's disease,3,Rate,2017,67.23197481652001,77.13015721819,57.542111390740004
1,All Population,5,Prevalence,376,Northern Mariana Islands,3,Both,22,All ages,544,Parkinson's disease,3,Rate,2016,86.90994305099,102.94930273226998,73.39472442510001
1,All Population,5,Prevalence,149,Palestine,3,Both,22,All ages,544,Parkinson's disease,3,Rate,2017,55.32556888936001,63.264727206399996,46.93841239408
1,All Population,5,Prevalence,58,Estonia,3,Both,22,All ages,544,Parkinson's disease,3,Rate,2018,231.08832105177999,245.31082162515,212.79952253877
1,All Population,5,Prevalence,20,Viet Nam,3,Both,22,All ages,544,Parkinson's disease,3,Rate,2017,82.51833764848,95.50105803629,69.50042552565999
1,All Population,5,Prevalence,435,South Sudan,3,Both,22,All ages,544,Parkinson's disease,3,Rate,2017,11.936320633960001,14.36632819618,9.99805635708
1,All Population,5,Prevalence,435,South Sudan,3,Both,22,All ages,544,Parkinson's disease,3,Rate,2016,11.380465999370001,13.61579390813,9.54045289061
1,All Population,5,Prevalence,67,Japan,3,Both,22,All ages,544,Parkinson's disease,3,Rate,2017,143.80151868147,174.62025826889,119.28031085946999
1,All Population,5,Prevalence,194,Lesotho,3,Both,22,All ages,544,Parkinson's disease,3,Rate,2017,25.369998480769997,29.70008733289,21.86739014408
1,All Population,5,Prevalence,157,Yemen,3,Both,22,All ages,544,Parkinson's disease,3,Rate,2017,34.85627889258,42.109340332070005,29.353235932529998
1,All Population,5,Prevalence,10,Cambodia,3,Both,22,All ages,544,Parkinson's disease,3,Rate,2017,53.15096997278,61.637598435950004,45.16269606904
1,All Population,5,Prevalence,118,Suriname,3,Both,22,All ages,544,Parkinson's disease,3,Rate,2017,148.3357259033,170.79594263330998,126.35667033222
1,All Population,5,Prevalence,202,Cameroon,3,Both,22,All ages,544,Parkinson's disease,3,Rate,2017,17.33759922113,20.173528311240002,14.49533638621
1,All Population,5,Prevalence,351,Guam,3,Both,22,All ages,544,Parkinson's disease,3,Rate,2017,134.88032527453998,155.92875355390998,113.53545021426
1,All Population,5,Prevalence,185,Rwanda,3,Both,22,All ages,544,Parkinson's disease,3,Rate,2016,15.05679730918,17.80036494538,12.59692989659
1,All Population,5,Prevalence,62,Russian Federation,3,Both,22,All ages,544,Parkinson's disease,3,Rate,2017,88.48222646834,108.68604639397,71.72280312205
1,All Population,5,Prevalence,109,Cuba,3,Both,22,All ages,544,Parkinson's disease,3,Rate,2017,277.15139537356,326.7942838824,233.61872475294
1,All Population,5,Prevalence,215,Sao Tome and Principe,3,Both,22,All ages,544,Parkinson's disease,3,Rate,2017,29.141190591410002,34.06075172567,24.90534593885
1,All Population,5,Prevalence,13,Malaysia,3,Both,22,All ages,544,Parkinson's disease,3,Rate,2018,77.36937611287,90.43134073457,64.03793542577
1,All Population,5,Prevalence,75,Austria,3,Both,22,All ages,544,Parkinson's disease,3,Rate,2017,236.71404311140003,266.88361775454,204.75537833949
1,All Population,5,Prevalence,197,Eswatini,3,Both,22,All ages,544,Parkinson's disease,3,Rate,2016,26.69981867629,31.66411566586,22.53653353207
1,All Population,5,Prevalence,36,Kazakhstan,3,Both,22,All ages,544,Parkinson's disease,3,Rate,2017,36.00055983268,42.62090581349,30.83247153845
1,All Population,5,Prevalence,125,Colombia,3,Both,22,All ages,544,Parkinson's disease,3,Rate,2017,111.33824683665001,117.36846725839999,105.36206646703
1,All Population,5,Prevalence,149,Palestine,3,Both,22,All ages,544,Parkinson's disease,3,Rate,2016,53.76060268362,61.660753533690006,45.32192552033
1,All Population,5,Prevalence,94,Switzerland,3,Both,22,All ages,544,Parkinson's disease,3,Rate,2017,255.33278272229998,285.78396277186,228.44840885707
1,All Population,5,Prevalence,18,Thailand,3,Both,22,All ages,544,Parkinson's disease,3,Rate,2018,168.77581489179002,182.98624737162,150.93065159326
1,All Population,5,Prevalence,154,Tunisia,3,Both,22,All ages,544,Parkinson's disease,3,Rate,2017,125.09446461940999,144.59721884985,103.63507472725001
1,All Population,5,Prevalence,51,Poland,3,Both,22,All ages,544,Parkinson's disease,3,Rate,2017,191.99657710411,213.2374633945,171.47219826174
1,All Population,5,Prevalence,26,Papua New Guinea,3,Both,22,All ages,544,Parkinson's disease,3,Rate,2017,46.63210607277,54.365275184800005,40.228850265160006
1,All Population,5,Prevalence,93,Sweden,3,Both,22,All ages,544,Parkinson's disease,3,Rate,2017,318.57778259475,341.40590554471004,295.09702678078
1,All Population,5,Prevalence,183,Mauritius,3,Both,22,All ages,544,Parkinson's disease,3,Rate,2017,139.35129451092,161.00861411782,117.21836505153001
1,All Population,5,Prevalence,44,Bosnia and Herzegovina,3,Both,22,All ages,544,Parkinson's disease,3,Rate,2017,180.72482028648,206.25534111129002,153.63246410817
1,All Population,5,Prevalence,164,Nepal,3,Both,22,All ages,544,Parkinson's disease,3,Rate,2017,44.213466355870004,51.48103831091,36.769831869739996
1,All Population,5,Prevalence,151,Qatar,3,Both,22,All ages,544,Parkinson's disease,3,Rate,2017,41.18445257465,50.2539938067,33.773850171990006
1,All Population,5,Prevalence,216,Senegal,3,Both,22,All ages,544,Parkinson's disease,3,Rate,2017,23.13250346826,26.83943203564,19.4189841072
1,All Population,5,Prevalence,98,Chile,3,Both,22,All ages,544,Parkinson's disease,3,Rate,2017,126.06066240008,146.09230402679998,105.84540931907
1,All Population,5,Prevalence,385,Puerto Rico,3,Both,22,All ages,544,Parkinson's disease,3,Rate,2016,336.77133673259004,397.541679774,287.7561446451
1,All Population,5,Prevalence,57,Belarus,3,Both,22,All ages,544,Parkinson's disease,3,Rate,2017,91.65568991626,108.57199343063,75.71896460920999
1,All Population,5,Prevalence,143,Iraq,3,Both,22,All ages,544,Parkinson's disease,3,Rate,2017,75.79083700682,90.98961878387999,64.08885951008
1,All Population,5,Prevalence,130,Mexico,3,Both,22,All ages,544,Parkinson's disease,3,Rate,2017,155.03533732724998,189.86207758711,127.84375489611999
1,All Population,5,Prevalence,112,Grenada,3,Both,22,All ages,544,Parkinson's disease,3,Rate,2017,250.16739178489001,294.88885183956,211.58169215742
1,All Population,5,Prevalence,12,Lao People's Democratic Republic,3,Both,22,All ages,544,Parkinson's disease,3,Rate,2017,39.43792827515,45.76639129702,32.83730365043
1,All Population,5,Prevalence,69,Singapore,3,Both,22,All ages,544,Parkinson's disease,3,Rate,2017,70.33085407994,82.46655061426,60.86414773735
1,All Population,5,Prevalence,148,Morocco,3,Both,22,All ages,544,Parkinson's disease,3,Rate,2017,105.47087521648999,125.14374431574001,86.97800013487
1,All Population,5,Prevalence,15,Myanmar,3,Both,22,All ages,544,Parkinson's disease,3,Rate,2018,56.45994966421,65.32423118118,46.98726090659
1,All Population,5,Prevalence,413,Tokelau,3,Both,22,All ages,544,Parkinson's disease,3,Rate,2017,168.57121835854,199.05220454729,144.72908624123
1,All Population,5,Prevalence,140,Bahrain,3,Both,22,All ages,544,Parkinson's disease,3,Rate,2017,65.51812633086,77.16084472015,55.10164627183
1,All Population,5,Prevalence,175,Burundi,3,Both,22,All ages,544,Parkinson's disease,3,Rate,2016,12.56033899487,15.02322501206,10.5152223846
1,All Population,5,Prevalence,217,Sierra Leone,3,Both,22,All ages,544,Parkinson's disease,3,Rate,2017,17.52242064655,20.39833875462,14.701497924169999
1,All Population,5,Prevalence,80,France,3,Both,22,All ages,544,Parkinson's disease,3,Rate,2017,243.46231639506,260.76725262457,226.58549969672
1,All Population,5,Prevalence,205,Côte d'Ivoire,3,Both,22,All ages,544,Parkinson's disease,3,Rate,2017,15.892602248940001,18.691121461399998,13.694800518929998
1,All Population,5,Prevalence,60,Lithuania,3,Both,22,All ages,544,Parkinson's disease,3,Rate,2018,128.26148780176,150.02476137252,109.41334917973
1,All Population,5,Prevalence,28,Solomon Islands,3,Both,22,All ages,544,Parkinson's disease,3,Rate,2017,45.24759481665,52.73425615241,39.31379195888
1,All Population,5,Prevalence,38,Mongolia,3,Both,22,All ages,544,Parkinson's disease,3,Rate,2017,14.53480064299,16.47366145579,12.94335683116
1,All Population,5,Prevalence,46,Croatia,3,Both,22,All ages,544,Parkinson's disease,3,Rate,2017,267.52485371662,294.81052340638,238.58469817309003
1,All Population,5,Prevalence,169,Central African Republic,3,Both,22,All ages,544,Parkinson's disease,3,Rate,2017,13.36502227577,15.577753528179999,11.23481609027
1,All Population,5,Prevalence,153,Syrian Arab Republic,3,Both,22,All ages,544,Parkinson's disease,3,Rate,2017,90.39375965577,105.32778669158,76.09820186364
1,All Population,5,Prevalence,26,Papua New Guinea,3,Both,22,All ages,544,Parkinson's disease,3,Rate,2018,47.99393434822,55.79113735609,41.02455467067
1,All Population,5,Prevalence,59,Latvia,3,Both,22,All ages,544,Parkinson's disease,3,Rate,2017,142.06894357906998,161.02038148041,118.16262257101
1,All Population,5,Prevalence,22,Fiji,3,Both,22,All ages,544,Parkinson's disease,3,Rate,2017,82.481516499,95.80123438979,70.23887245097
1,All Population,5,Prevalence,106,Bahamas,3,Both,22,All ages,544,Parkinson's disease,3,Rate,2017,140.2303635827,160.48399549325,124.84972531756
1,All Population,5,Prevalence,72,New Zealand,3,Both,22,All ages,544,Parkinson's disease,3,Rate,2017,162.76795337175,200.35880738765002,132.19725955666
1,All Population,5,Prevalence,172,Equatorial Guinea,3,Both,22,All ages,544,Parkinson's disease,3,Rate,2017,14.463857209690001,17.22615935136,12.03517315912
1,All Population,5,Prevalence,17,Sri Lanka,3,Both,22,All ages,544,Parkinson's disease,3,Rate,2018,120.173963981,137.73098840874,103.23043514211001
1,All Population,5,Prevalence,422,United States Virgin Islands,3,Both,22,All ages,544,Parkinson's disease,3,Rate,2017,365.81522474761,437.07556627292,302.81312966992
1,All Population,5,Prevalence,132,Panama,3,Both,22,All ages,544,Parkinson's disease,3,Rate,2017,164.45006809271,193.89883230094,135.77497988183
1,All Population,5,Prevalence,185,Rwanda,3,Both,22,All ages,544,Parkinson's disease,3,Rate,2017,15.62422700637,18.418686557679997,13.12163991818
1,All Population,5,Prevalence,7,Democratic People's Republic of Korea,3,Both,22,All ages,544,Parkinson's disease,3,Rate,2018,136.82154562294,160.61717553482,114.70106199039
1,All Population,5,Prevalence,218,Togo,3,Both,22,All ages,544,Parkinson's disease,3,Rate,2017,15.787088533750001,18.23934642966,13.4017354029
1,All Population,5,Prevalence,133,Venezuela (Bolivarian Republic of),3,Both,22,All ages,544,Parkinson's disease,3,Rate,2017,127.23862637846,149.15622882865,103.93142407964
1,All Population,5,Prevalence,180,Kenya,3,Both,22,All ages,544,Parkinson's disease,3,Rate,2017,13.75910087017,16.82523579989,11.289013144190001
1,All Population,5,Prevalence,145,Kuwait,3,Both,22,All ages,544,Parkinson's disease,3,Rate,2017,63.42230947105,75.01064379934,53.390671306120005
1,All Population,5,Prevalence,204,Chad,3,Both,22,All ages,544,Parkinson's disease,3,Rate,2017,11.96726847886,13.895775269469999,10.13545733029
1,All Population,5,Prevalence,369,Nauru,3,Both,22,All ages,544,Parkinson's disease,3,Rate,2017,39.78996631811,46.39456023775,33.91917524883
1,All Population,5,Prevalence,62,Russian Federation,3,Both,22,All ages,544,Parkinson's disease,3,Rate,2018,90.66693173208,111.44444903628,73.43380305871
1,All Population,5,Prevalence,14,Maldives,3,Both,22,All ages,544,Parkinson's disease,3,Rate,2017,54.14227973995,62.25533109654,46.80861784246
1,All Population,5,Prevalence,20,Viet Nam,3,Both,22,All ages,544,Parkinson's disease,3,Rate,2018,85.53126784692999,98.40817106633,72.40756544677
1,All Population,5,Prevalence,376,Northern Mariana Islands,3,Both,22,All ages,544,Parkinson's disease,3,Rate,2017,90.91327200987,107.69140099523,76.25326616737
1,All Population,5,Prevalence,40,Turkmenistan,3,Both,22,All ages,544,Parkinson's disease,3,Rate,2017,21.13273131179,24.74975263028,18.02131238685
1,All Population,5,Prevalence,61,Republic of Moldova,3,Both,22,All ages,544,Parkinson's disease,3,Rate,2017,75.02441387442,86.70688606379,60.233016667950004
1,All Population,5,Prevalence,28,Solomon Islands,3,Both,22,All ages,544,Parkinson's disease,3,Rate,2018,45.89028984041,53.9674510886,39.61052579563
1,All Population,5,Prevalence,197,Eswatini,3,Both,22,All ages,544,Parkinson's disease,3,Rate,2017,27.363829483529997,32.24739636764,23.05072349412
1,All Population,5,Prevalence,122,Ecuador,3,Both,22,All ages,544,Parkinson's disease,3,Rate,2017,185.51474524421,218.36785337883998,152.5480482014
1,All Population,5,Prevalence,114,Haiti,3,Both,22,All ages,544,Parkinson's disease,3,Rate,2017,54.31813064608,64.3963360906,46.02054956893
1,All Population,5,Prevalence,207,Ghana,3,Both,22,All ages,544,Parkinson's disease,3,Rate,2017,22.11442737378,26.040098106450003,18.50957079214
1,All Population,5,Prevalence,155,Türkiye,3,Both,22,All ages,544,Parkinson's disease,3,Rate,2017,218.94618513180998,249.94313436282,192.42798372910002
1,All Population,5,Prevalence,119,Trinidad and Tobago,3,Both,22,All ages,544,Parkinson's disease,3,Rate,2017,197.15507149092,228.53675178619,168.69037894997
1,All Population,5,Prevalence,34,Azerbaijan,3,Both,22,All ages,544,Parkinson's disease,3,Rate,2018,29.017509100900003,33.03734616678,25.80697742166
1,All Population,5,Prevalence,52,Romania,3,Both,22,All ages,544,Parkinson's disease,3,Rate,2018,211.34915375791002,240.48650113128997,174.91103470572
1,All Population,5,Prevalence,23,Kiribati,3,Both,22,All ages,544,Parkinson's disease,3,Rate,2018,65.71781421406,75.15824873377001,57.690452694079994
1,All Population,5,Prevalence,48,Hungary,3,Both,22,All ages,544,Parkinson's disease,3,Rate,2017,233.85461413341002,235.34616446159,232.37597274889998
1,All Population,5,Prevalence,105,Antigua and Barbuda,3,Both,22,All ages,544,Parkinson's disease,3,Rate,2018,178.66888343571998,206.7109255822,155.35261954848
1,All Population,5,Prevalence,108,Belize,3,Both,22,All ages,544,Parkinson's disease,3,Rate,2017,102.70311719331,117.89347763660001,86.93296909275
1,All Population,5,Prevalence,94,Switzerland,3,Both,22,All ages,544,Parkinson's disease,3,Rate,2018,253.17714349959,288.83894558893,224.47405662219
1,All Population,5,Prevalence,161,Bangladesh,3,Both,22,All ages,544,Parkinson's disease,3,Rate,2017,44.9294168475,52.7930820771,37.89516787786
1,All Population,5,Prevalence,385,Puerto Rico,3,Both,22,All ages,544,Parkinson's disease,3,Rate,2017,354.41938018042,419.03788910912,304.77924394744997
1,All Population,5,Prevalence,156,United Arab Emirates,3,Both,22,All ages,544,Parkinson's disease,3,Rate,2017,34.4499150096,43.58654728205,26.690971171970002
1,All Population,5,Prevalence,36,Kazakhstan,3,Both,22,All ages,544,Parkinson's disease,3,Rate,2018,36.938301495850006,44.19505165141,31.36703422718
1,All Population,5,Prevalence,41,Uzbekistan,3,Both,22,All ages,544,Parkinson's disease,3,Rate,2018,21.08574272616,25.177164007379996,17.82489323695
1,All Population,5,Prevalence,30,Vanuatu,3,Both,22,All ages,544,Parkinson's disease,3,Rate,2018,56.06693436656,64.21914590941,47.903869114269995
1,All Population,5,Prevalence,54,Slovakia,3,Both,22,All ages,544,Parkinson's disease,3,Rate,2018,150.84690388283002,173.99381610654,129.49777578455
1,All Population,5,Prevalence,127,El Salvador,3,Both,22,All ages,544,Parkinson's disease,3,Rate,2017,148.81347474192,175.5179658724,121.39745087837
1,All Population,5,Prevalence,25,Micronesia (Federated States of),3,Both,22,All ages,544,Parkinson's disease,3,Rate,2018,77.33468086779999,88.39451623568,66.12899500559
1,All Population,5,Prevalence,209,Guinea-Bissau,3,Both,22,All ages,544,Parkinson's disease,3,Rate,2017,15.22656301294,17.586731570690002,12.82103132641
1,All Population,5,Prevalence,22,Fiji,3,Both,22,All ages,544,Parkinson's disease,3,Rate,2018,85.62819402848,99.74767327985,74.01833135245
1,All Population,5,Prevalence,305,Bermuda,3,Both,22,All ages,544,Parkinson's disease,3,Rate,2017,318.67889367695,375.1817852052,268.39794071809996
1,All Population,5,Prevalence,81,Germany,3,Both,22,All ages,544,Parkinson's disease,3,Rate,2018,512.31645614364,534.35711391913,486.96861777321
1,All Population,5,Prevalence,118,Suriname,3,Both,22,All ages,544,Parkinson's disease,3,Rate,2018,153.08184525872,176.4620289094,130.688398159
1,All Population,5,Prevalence,75,Austria,3,Both,22,All ages,544,Parkinson's disease,3,Rate,2018,239.44660809304,271.06014626807,206.59989795668
1,All Population,5,Prevalence,179,Ethiopia,3,Both,22,All ages,544,Parkinson's disease,3,Rate,2017,19.24533114429,23.07992805458,15.78651137851
1,All Population,5,Prevalence,116,Saint Lucia,3,Both,22,All ages,544,Parkinson's disease,3,Rate,2017,214.59940381035,247.50431657352,180.06590424421
1,All Population,5,Prevalence,396,San Marino,3,Both,22,All ages,544,Parkinson's disease,3,Rate,2017,199.92356720916,237.96640175966002,164.87511529139
1,All Population,5,Prevalence,38,Mongolia,3,Both,22,All ages,544,Parkinson's disease,3,Rate,2018,15.0966859206,17.03729000325,13.467041686389999
1,All Population,5,Prevalence,107,Barbados,3,Both,22,All ages,544,Parkinson's disease,3,Rate,2018,306.73334527204,346.98058220508,267.18933163314
1,All Population,5,Prevalence,212,Mauritania,3,Both,22,All ages,544,Parkinson's disease,3,Rate,2017,21.53600162562,25.24382517428,17.79836799369
1,All Population,5,Prevalence,43,Albania,3,Both,22,All ages,544,Parkinson's disease,3,Rate,2018,172.81435171935,201.97447624730998,143.25951799841
1,All Population,5,Prevalence,201,Burkina Faso,3,Both,22,All ages,544,Parkinson's disease,3,Rate,2017,16.74841790564,20.05817101632,14.141174126
1,All Population,5,Prevalence,83,Iceland,3,Both,22,All ages,544,Parkinson's disease,3,Rate,2018,216.34274860792002,253.08234922226,187.08551608490998
1,All Population,5,Prevalence,152,Saudi Arabia,3,Both,22,All ages,544,Parkinson's disease,3,Rate,2018,69.40335889226,79.22332070312,59.13695448836
1,All Population,5,Prevalence,35,Georgia,3,Both,22,All ages,544,Parkinson's disease,3,Rate,2018,70.10928795712,80.78054803712,57.53540065929
1,All Population,5,Prevalence,77,Cyprus,3,Both,22,All ages,544,Parkinson's disease,3,Rate,2018,157.8793584543,184.52413534865,133.44885266043002
1,All Population,5,Prevalence,24,Marshall Islands,3,Both,22,All ages,544,Parkinson's disease,3,Rate,2018,60.5795880558,71.04279532547,51.061200562740005
1,All Population,5,Prevalence,49,North Macedonia,3,Both,22,All ages,544,Parkinson's disease,3,Rate,2018,175.61665765281,214.1602074166,144.58834108905
1,All Population,5,Prevalence,99,Uruguay,3,Both,22,All ages,544,Parkinson's disease,3,Rate,2018,224.70488657802,241.15252980174,208.40876583057
1,All Population,5,Prevalence,67,Japan,3,Both,22,All ages,544,Parkinson's disease,3,Rate,2018,195.05620442489,235.84387412123,161.3718102983
1,All Population,5,Prevalence,110,Dominica,3,Both,22,All ages,544,Parkinson's disease,3,Rate,2018,264.29946380012,308.31026787364,224.28524895085002
1,All Population,5,Prevalence,6,China,3,Both,22,All ages,544,Parkinson's disease,3,Rate,2018,203.74859864412,249.75691131295,166.34947480549002
1,All Population,5,Prevalence,416,Tuvalu,3,Both,22,All ages,544,Parkinson's disease,3,Rate,2017,82.6857679422,99.76363344911,68.15359061873001
1,All Population,5,Prevalence,165,Pakistan,3,Both,22,All ages,544,Parkinson's disease,3,Rate,2018,39.41199479454,47.92150673654,32.266387083839994
1,All Population,5,Prevalence,117,Saint Vincent and the Grenadines,3,Both,22,All ages,544,Parkinson's disease,3,Rate,2018,211.15619299595002,247.12110280022,178.48395832647
1,All Population,5,Prevalence,109,Cuba,3,Both,22,All ages,544,Parkinson's disease,3,Rate,2018,262.66394070078,313.14742470184996,217.08237030183
1,All Population,5,Prevalence,40,Turkmenistan,3,Both,22,All ages,544,Parkinson's disease,3,Rate,2018,21.75242721574,25.5810784071,18.435891829310002
1,All Population,5,Prevalence,214,Nigeria,3,Both,22,All ages,544,Parkinson's disease,3,Rate,2017,16.12443474664,19.738540264399997,13.239359394249998
1,All Population,5,Prevalence,128,Guatemala,3,Both,22,All ages,544,Parkinson's disease,3,Rate,2018,92.47639074586999,110.02040553853001,77.92607049775
1,All Population,5,Prevalence,88,Malta,3,Both,22,All ages,544,Parkinson's disease,3,Rate,2018,240.03593033526,284.05972791982,202.88531845010002
1,All Population,5,Prevalence,122,Ecuador,3,Both,22,All ages,544,Parkinson's disease,3,Rate,2018,191.14504679365,225.68792909565997,158.19476288809
1,All Population,5,Prevalence,69,Singapore,3,Both,22,All ages,544,Parkinson's disease,3,Rate,2018,74.53112214824,86.34076479882,64.93550142571
1,All Population,5,Prevalence,37,Kyrgyzstan,3,Both,22,All ages,544,Parkinson's disease,3,Rate,2018,18.64672578851,22.40924844073,15.32168918203
1,All Population,5,Prevalence,45,Bulgaria,3,Both,22,All ages,544,Parkinson's disease,3,Rate,2018,210.41192989248,254.19231728062002,173.99282223348
1,All Population,5,Prevalence,79,Finland,3,Both,22,All ages,544,Parkinson's disease,3,Rate,2018,240.02528204147,265.32592208262,217.73289367466
1,All Population,5,Prevalence,85,Israel,3,Both,22,All ages,544,Parkinson's disease,3,Rate,2018,249.36033272414,274.73101170057,223.03848876416
1,All Population,5,Prevalence,154,Tunisia,3,Both,22,All ages,544,Parkinson's disease,3,Rate,2018,130.93741156493,150.38230821408,110.35281530996
1,All Population,5,Prevalence,51,Poland,3,Both,22,All ages,544,Parkinson's disease,3,Rate,2018,198.54562689135,220.55175767633,177.85376347941
1,All Population,5,Prevalence,133,Venezuela (Bolivarian Republic of),3,Both,22,All ages,544,Parkinson's disease,3,Rate,2018,128.10417933273,151.57091477553,104.00302945949001
1,All Population,5,Prevalence,200,Benin,3,Both,22,All ages,544,Parkinson's disease,3,Rate,2018,17.69958980027,20.78815541257,14.596597785980002
1,All Population,5,Prevalence,112,Grenada,3,Both,22,All ages,544,Parkinson's disease,3,Rate,2018,252.31539989345,293.5681183002,215.27368984579
1,All Population,5,Prevalence,101,Canada,3,Both,22,All ages,544,Parkinson's disease,3,Rate,2018,243.89224057545,271.65795486801,215.65872195595
1,All Population,5,Prevalence,80,France,3,Both,22,All ages,544,Parkinson's disease,3,Rate,2018,250.61032859502,266.36668630727,231.90556197067
1,All Population,5,Prevalence,90,Norway,3,Both,22,All ages,544,Parkinson's disease,3,Rate,2018,209.07340885878003,258.77003326873,172.44961813148
1,All Population,5,Prevalence,8,Taiwan,3,Both,22,All ages,544,Parkinson's disease,3,Rate,2018,262.97160340967,270.78058075666996,255.59464018159
1,All Population,5,Prevalence,157,Yemen,3,Both,22,All ages,544,Parkinson's disease,3,Rate,2018,36.19841130799,43.82578010705,30.67965537381
1,All Population,5,Prevalence,71,Australia,3,Both,22,All ages,544,Parkinson's disease,3,Rate,2018,284.40349550962003,341.96236363412,234.69523781616
1,All Population,5,Prevalence,39,Tajikistan,3,Both,22,All ages,544,Parkinson's disease,3,Rate,2018,19.265636124700002,23.055492952770003,16.324637560379998
1,All Population,5,Prevalence,146,Lebanon,3,Both,22,All ages,544,Parkinson's disease,3,Rate,2018,142.1983690634,162.90228833422,119.24031087127999
1,All Population,5,Prevalence,522,Sudan,3,Both,22,All ages,544,Parkinson's disease,3,Rate,2017,63.168923440730005,74.18559998693,53.27825157517
1,All Population,5,Prevalence,135,Brazil,3,Both,22,All ages,544,Parkinson's disease,3,Rate,2018,274.90407188691,332.88363293308,227.54350818081
1,All Population,5,Prevalence,130,Mexico,3,Both,22,All ages,544,Parkinson's disease,3,Rate,2018,155.50229927178,189.9044053289,127.8020103375
1,All Population,5,Prevalence,98,Chile,3,Both,22,All ages,544,Parkinson's disease,3,Rate,2018,133.218166859,155.98118574173,111.12177947135
1,All Population,5,Prevalence,19,Timor-Leste,3,Both,22,All ages,544,Parkinson's disease,3,Rate,2018,45.15994268179,52.23081789093,37.81930874385
1,All Population,5,Prevalence,202,Cameroon,3,Both,22,All ages,544,Parkinson's disease,3,Rate,2018,17.65511999975,20.67033399223,14.66412520916
1,All Population,5,Prevalence,169,Central African Republic,3,Both,22,All ages,544,Parkinson's disease,3,Rate,2018,13.566898811700002,15.730297495190001,11.38923141977
1,All Population,5,Prevalence,213,Niger,3,Both,22,All ages,544,Parkinson's disease,3,Rate,2018,10.97287694847,13.14612477857,9.20734557499
1,All Population,5,Prevalence,141,Egypt,3,Both,22,All ages,544,Parkinson's disease,3,Rate,2018,92.64260981072,107.30226847932,79.68664133354
1,All Population,5,Prevalence,180,Kenya,3,Both,22,All ages,544,Parkinson's disease,3,Rate,2018,14.313897116680002,17.51795044291,11.71936404885
1,All Population,5,Prevalence,82,Greece,3,Both,22,All ages,544,Parkinson's disease,3,Rate,2018,323.48213356558,373.55860701462,287.02645310905
1,All Population,5,Prevalence,53,Serbia,3,Both,22,All ages,544,Parkinson's disease,3,Rate,2018,172.14861054559,200.95853838248,145.25110524659
1,All Population,5,Prevalence,92,Spain,3,Both,22,All ages,544,Parkinson's disease,3,Rate,2018,413.02498166058,454.90950002538,378.92597909984
1,All Population,5,Prevalence,114,Haiti,3,Both,22,All ages,544,Parkinson's disease,3,Rate,2018,54.72211254169,65.15703998320001,46.2626334989
1,All Population,5,Prevalence,50,Montenegro,3,Both,22,All ages,544,Parkinson's disease,3,Rate,2018,178.6849490418,204.29705896206,150.68550676226002
1,All Population,5,Prevalence,148,Morocco,3,Both,22,All ages,544,Parkinson's disease,3,Rate,2018,111.41699787678999,134.34676440761,92.17537859452
1,All Population,5,Prevalence,175,Burundi,3,Both,22,All ages,544,Parkinson's disease,3,Rate,2018,13.074973935540001,15.507554716639998,10.916274711909999
1,All Population,5,Prevalence,66,Brunei Darussalam,3,Both,22,All ages,544,Parkinson's disease,3,Rate,2018,47.844787029340004,55.09146458497,40.55705828291
1,All Population,5,Prevalence,132,Panama,3,Both,22,All ages,544,Parkinson's disease,3,Rate,2018,168.87942311399,197.61582538617,139.43331847151998
1,All Population,5,Prevalence,150,Oman,3,Both,22,All ages,544,Parkinson's disease,3,Rate,2018,62.43517468444,71.9078121227,52.40236316681
1,All Population,5,Prevalence,413,Tokelau,3,Both,22,All ages,544,Parkinson's disease,3,Rate,2018,167.53920632891,197.06232557059,142.49438689253
1,All Population,5,Prevalence,84,Ireland,3,Both,22,All ages,544,Parkinson's disease,3,Rate,2018,165.61917811555,187.471590854,140.87722240544
1,All Population,5,Prevalence,111,Dominican Republic,3,Both,22,All ages,544,Parkinson's disease,3,Rate,2018,153.26382405129,177.18723978925001,133.03024190742
1,All Population,5,Prevalence,161,Bangladesh,3,Both,22,All ages,544,Parkinson's disease,3,Rate,2018,46.28697951563,53.62608082986,38.94880936547
1,All Population,5,Prevalence,215,Sao Tome and Principe,3,Both,22,All ages,544,Parkinson's disease,3,Rate,2018,29.81974842963,34.38497003165,25.656729712220002
1,All Population,5,Prevalence,127,El Salvador,3,Both,22,All ages,544,Parkinson's disease,3,Rate,2018,151.66467361546,180.64454709818,124.24382329069999
1,All Population,5,Prevalence,172,Equatorial Guinea,3,Both,22,All ages,544,Parkinson's disease,3,Rate,2018,14.62311064689,17.4951910554,12.09108182194
1,All Population,5,Prevalence,95,United Kingdom,3,Both,22,All ages,544,Parkinson's disease,3,Rate,2018,209.91372448141001,253.30923696414,176.16861858133
1,All Population,5,Prevalence,116,Saint Lucia,3,Both,22,All ages,544,Parkinson's disease,3,Rate,2018,223.47914189551997,258.05930129823,186.27889261981
1,All Population,5,Prevalence,171,Democratic Republic of the Congo,3,Both,22,All ages,544,Parkinson's disease,3,Rate,2018,14.59158490716,16.85198840433,12.209157034619999
1,All Population,5,Prevalence,194,Lesotho,3,Both,22,All ages,544,Parkinson's disease,3,Rate,2018,25.86106713911,30.1130691859,22.31091081626
1,All Population,5,Prevalence,143,Iraq,3,Both,22,All ages,544,Parkinson's disease,3,Rate,2018,79.52130051245,95.29307101386999,67.17446389453
1,All Population,5,Prevalence,182,Malawi,3,Both,22,All ages,544,Parkinson's disease,3,Rate,2018,12.8264806937,15.52470979285,10.52484908652
1,All Population,5,Prevalence,205,Côte d'Ivoire,3,Both,22,All ages,544,Parkinson's disease,3,Rate,2018,16.13852961593,18.91962818404,13.888976386760001
1,All Population,5,Prevalence,177,Djibouti,3,Both,22,All ages,544,Parkinson's disease,3,Rate,2018,19.35646480731,23.21054448052,15.96617427253
1,All Population,5,Prevalence,139,Algeria,3,Both,22,All ages,544,Parkinson's disease,3,Rate,2018,102.98730244585,118.73512888277999,86.39158238364
1,All Population,5,Prevalence,55,Slovenia,3,Both,22,All ages,544,Parkinson's disease,3,Rate,2018,220.94091740272,254.13058651304,188.13860843775
1,All Population,5,Prevalence,163,India,3,Both,22,All ages,544,Parkinson's disease,3,Rate,2018,46.52509986106,56.88448598565,38.04127348928
1,All Population,5,Prevalence,86,Italy,3,Both,22,All ages,544,Parkinson's disease,3,Rate,2018,532.25797696695,640.38465395827,441.96133330561
1,All Population,5,Prevalence,422,United States Virgin Islands,3,Both,22,All ages,544,Parkinson's disease,3,Rate,2018,386.24087641677,465.69646224218,317.97325391748996
1,All Population,5,Prevalence,156,United Arab Emirates,3,Both,22,All ages,544,Parkinson's disease,3,Rate,2018,38.43239715823,48.33068737058,29.867677582330003
1,All Population,5,Prevalence,113,Guyana,3,Both,22,All ages,544,Parkinson's disease,3,Rate,2018,108.4636408943,127.13479114142,91.02482383006
1,All Population,5,Prevalence,97,Argentina,3,Both,22,All ages,544,Parkinson's disease,3,Rate,2018,169.21128844426,184.50856969826,154.18591585219
1,All Population,5,Prevalence,189,United Republic of Tanzania,3,Both,22,All ages,544,Parkinson's disease,3,Rate,2018,17.8862269316,20.71936142526,15.283882003479999
1,All Population,5,Prevalence,129,Honduras,3,Both,22,All ages,544,Parkinson's disease,3,Rate,2018,100.762377431,118.66237956251,84.27400530196
1,All Population,5,Prevalence,196,South Africa,3,Both,22,All ages,544,Parkinson's disease,3,Rate,2018,36.351356429460004,43.813210304340004,30.08807155627
1,All Population,5,Prevalence,217,Sierra Leone,3,Both,22,All ages,544,Parkinson's disease,3,Rate,2018,17.82664090375,20.73256207738,14.845062003329998
1,All Population,5,Prevalence,68,Republic of Korea,3,Both,22,All ages,544,Parkinson's disease,3,Rate,2018,152.82762784850001,157.35317691377,148.06481049217
1,All Population,5,Prevalence,102,United States of America,3,Both,22,All ages,544,Parkinson's disease,3,Rate,2018,256.45146795611,283.14667499603,231.02024637548
1,All Population,5,Prevalence,145,Kuwait,3,Both,22,All ages,544,Parkinson's disease,3,Rate,2018,68.5889991212,81.68615644425999,58.0761542023
1,All Population,5,Prevalence,207,Ghana,3,Both,22,All ages,544,Parkinson's disease,3,Rate,2018,22.729432148089998,26.527010168489998,18.95466332291
1,All Population,5,Prevalence,184,Mozambique,3,Both,22,All ages,544,Parkinson's disease,3,Rate,2018,14.54564596566,16.92147329793,12.05839078643
1,All Population,5,Prevalence,142,Iran (Islamic Republic of),3,Both,22,All ages,544,Parkinson's disease,3,Rate,2018,119.18858927916999,145.26993567043,99.13258973411
1,All Population,5,Prevalence,131,Nicaragua,3,Both,22,All ages,544,Parkinson's disease,3,Rate,2018,95.68841930733001,111.90042087050999,79.46216480718999
1,All Population,5,Prevalence,191,Zambia,3,Both,22,All ages,544,Parkinson's disease,3,Rate,2018,11.2569963189,13.412663818090001,9.37607583597
1,All Population,5,Prevalence,115,Jamaica,3,Both,22,All ages,544,Parkinson's disease,3,Rate,2018,153.82933826916,184.23821429298,128.7920561194
1,All Population,5,Prevalence,176,Comoros,3,Both,22,All ages,544,Parkinson's disease,3,Rate,2018,40.412104280070004,47.08126632584,33.49371596467
1,All Population,5,Prevalence,198,Zimbabwe,3,Both,22,All ages,544,Parkinson's disease,3,Rate,2018,23.26617646082,26.723606385220002,19.25590345315
1,All Population,5,Prevalence,186,Seychelles,3,Both,22,All ages,544,Parkinson's disease,3,Rate,2018,130.90155359841998,149.59188373382,114.61672594765
1,All Population,5,Prevalence,209,Guinea-Bissau,3,Both,22,All ages,544,Parkinson's disease,3,Rate,2018,15.54253268577,17.858451218139997,13.09956799924
1,All Population,5,Prevalence,204,Chad,3,Both,22,All ages,544,Parkinson's disease,3,Rate,2018,11.9510384221,13.97328618431,10.05306822086
1,All Population,5,Prevalence,374,Niue,3,Both,22,All ages,544,Parkinson's disease,3,Rate,2018,214.60246354838,250.00825501703002,182.88601218884
1,All Population,5,Prevalence,187,Somalia,3,Both,22,All ages,544,Parkinson's disease,3,Rate,2018,14.64603444734,17.12210030422,12.5028811108
1,All Population,5,Prevalence,351,Guam,3,Both,22,All ages,544,Parkinson's disease,3,Rate,2018,141.10565262037,164.16229524367998,119.49674347733999
1,All Population,5,Prevalence,435,South Sudan,3,Both,22,All ages,544,Parkinson's disease,3,Rate,2018,13.06693017668,15.55509174894,10.90790920396
1,All Population,5,Prevalence,298,American Samoa,3,Both,22,All ages,544,Parkinson's disease,3,Rate,2018,107.35486525402,124.31553476322,92.84780111983001
1,All Population,5,Prevalence,126,Costa Rica,3,Both,22,All ages,544,Parkinson's disease,3,Rate,2018,166.84152098725,191.09931002062,140.30520442117
1,All Population,5,Prevalence,147,Libya,3,Both,22,All ages,544,Parkinson's disease,3,Rate,2018,93.31295132507,110.86822690900999,80.87009103229
1,All Population,5,Prevalence,144,Jordan,3,Both,22,All ages,544,Parkinson's disease,3,Rate,2018,51.88806142284,61.406004503709994,44.53569254595
1,All Population,5,Prevalence,160,Afghanistan,3,Both,22,All ages,544,Parkinson's disease,3,Rate,2018,35.0260187908,41.51725881749,29.75120894382
1,All Population,5,Prevalence,178,Eritrea,3,Both,22,All ages,544,Parkinson's disease,3,Rate,2018,21.94245691276,25.878258669319997,18.380041921380002
1,All Population,5,Prevalence,380,Palau,3,Both,22,All ages,544,Parkinson's disease,3,Rate,2018,126.45544643414,151.28139901340998,104.4890788091
1,All Population,5,Prevalence,193,Botswana,3,Both,22,All ages,544,Parkinson's disease,3,Rate,2018,32.57558953507,37.44090402027,27.54658759724
1,All Population,5,Prevalence,190,Uganda,3,Both,22,All ages,544,Parkinson's disease,3,Rate,2018,12.744900959309998,15.16560686521,10.51083744686
1,All Population,5,Prevalence,173,Gabon,3,Both,22,All ages,544,Parkinson's disease,3,Rate,2018,34.70529983688,40.86297043742,28.94086729496
1,All Population,5,Prevalence,206,Gambia,3,Both,22,All ages,544,Parkinson's disease,3,Rate,2018,21.53255940643,25.00351507058,17.76777878193
1,All Population,5,Prevalence,162,Bhutan,3,Both,22,All ages,544,Parkinson's disease,3,Rate,2018,53.90230591782,63.50266132021,44.83110455397
1,All Population,5,Prevalence,211,Mali,3,Both,22,All ages,544,Parkinson's disease,3,Rate,2018,17.201334653460002,20.03157779949,14.58199574402
1,All Population,5,Prevalence,349,Greenland,3,Both,22,All ages,544,Parkinson's disease,3,Rate,2018,82.61984627672,98.46935729404,67.75310367514
1,All Population,5,Prevalence,369,Nauru,3,Both,22,All ages,544,Parkinson's disease,3,Rate,2018,41.2941824149,48.4019210145,35.24514504005
1,All Population,5,Prevalence,195,Namibia,3,Both,22,All ages,544,Parkinson's disease,3,Rate,2018,26.84128210422,31.439302122119997,23.21808086785
1,All Population,5,Prevalence,393,Saint Kitts and Nevis,3,Both,22,All ages,544,Parkinson's disease,3,Rate,2018,234.08916770898,251.0585601614,212.54812916447
1,All Population,5,Prevalence,203,Cabo Verde,3,Both,22,All ages,544,Parkinson's disease,3,Rate,2018,52.5387564641,60.707160570199996,44.860296215990004
1,All Population,5,Prevalence,208,Guinea,3,Both,22,All ages,544,Parkinson's disease,3,Rate,2018,17.68437765963,20.8098265904,15.01551852596
1,All Population,5,Prevalence,367,Monaco,3,Both,22,All ages,544,Parkinson's disease,3,Rate,2018,315.85271199229004,374.01570309876,265.27889857522
1,All Population,5,Prevalence,210,Liberia,3,Both,22,All ages,544,Parkinson's disease,3,Rate,2018,18.5585844812,21.87379502337,15.485672109389998
1,All Population,5,Prevalence,320,Cook Islands,3,Both,22,All ages,544,Parkinson's disease,3,Rate,2018,163.15511287290002,196.03757906138,137.01153491958
1,All Population,5,Prevalence,17,Sri Lanka,3,Both,22,All ages,544,Parkinson's disease,3,Rate,2019,125.31788402314001,145.12731038008002,107.93893740130001
1,All Population,5,Prevalence,28,Solomon Islands,3,Both,22,All ages,544,Parkinson's disease,3,Rate,2019,46.57611762437,54.677095827849996,39.68384441654
1,All Population,5,Prevalence,30,Vanuatu,3,Both,22,All ages,544,Parkinson's disease,3,Rate,2019,56.99352070084,65.28391327394999,48.737779958370005
1,All Population,5,Prevalence,41,Uzbekistan,3,Both,22,All ages,544,Parkinson's disease,3,Rate,2019,21.66061155191,26.11740211963,18.29643504124
1,All Population,5,Prevalence,22,Fiji,3,Both,22,All ages,544,Parkinson's disease,3,Rate,2019,88.86870358107,104.48904264176,75.76816981225
1,All Population,5,Prevalence,6,China,3,Both,22,All ages,544,Parkinson's disease,3,Rate,2019,211.41981588372002,260.06105026196997,172.02546467921
1,All Population,5,Prevalence,75,Austria,3,Both,22,All ages,544,Parkinson's disease,3,Rate,2019,241.90593491555,276.76846828857003,208.43278841344002
1,All Population,5,Prevalence,11,Indonesia,3,Both,22,All ages,544,Parkinson's disease,3,Rate,2019,59.98314871257,72.09129539621,49.44017441859
1,All Population,5,Prevalence,35,Georgia,3,Both,22,All ages,544,Parkinson's disease,3,Rate,2019,70.68360512564,81.58295643824,57.887009034500004
1,All Population,5,Prevalence,24,Marshall Islands,3,Both,22,All ages,544,Parkinson's disease,3,Rate,2019,63.378380316199994,74.37655100661999,53.41853314398001
1,All Population,5,Prevalence,43,Albania,3,Both,22,All ages,544,Parkinson's disease,3,Rate,2019,181.19346301321,213.63909278029,147.81608345106
1,All Population,5,Prevalence,40,Turkmenistan,3,Both,22,All ages,544,Parkinson's disease,3,Rate,2019,22.39149541741,26.33161318169,18.89190426193
1,All Population,5,Prevalence,37,Kyrgyzstan,3,Both,22,All ages,544,Parkinson's disease,3,Rate,2019,19.14015017153,23.10851077126,15.465966417329998
1,All Population,5,Prevalence,51,Poland,3,Both,22,All ages,544,Parkinson's disease,3,Rate,2019,205.33587135367,228.36657805058,184.06030599443
1,All Population,5,Prevalence,80,France,3,Both,22,All ages,544,Parkinson's disease,3,Rate,2019,257.06663198244,274.86759656385,236.20785200885
1,All Population,5,Prevalence,69,Singapore,3,Both,22,All ages,544,Parkinson's disease,3,Rate,2019,79.15940600318,91.26877275945,69.07284142419
1,All Population,5,Prevalence,19,Timor-Leste,3,Both,22,All ages,544,Parkinson's disease,3,Rate,2019,45.8961486631,53.27599655033,38.26449918879
1,All Population,5,Prevalence,8,Taiwan,3,Both,22,All ages,544,Parkinson's disease,3,Rate,2019,287.22368594813,295.6787993279,278.56817935150997
1,All Population,5,Prevalence,77,Cyprus,3,Both,22,All ages,544,Parkinson's disease,3,Rate,2019,164.70118833321,194.87274002115998,139.42030835842
1,All Population,5,Prevalence,7,Democratic People's Republic of Korea,3,Both,22,All ages,544,Parkinson's disease,3,Rate,2019,140.83757937349,167.61213847948,119.00504515432
1,All Population,5,Prevalence,88,Malta,3,Both,22,All ages,544,Parkinson's disease,3,Rate,2019,246.45975201230002,297.17554933577003,204.75056957527997
1,All Population,5,Prevalence,13,Malaysia,3,Both,22,All ages,544,Parkinson's disease,3,Rate,2019,80.5542283598,95.30295838250001,66.71200172871
1,All Population,5,Prevalence,18,Thailand,3,Both,22,All ages,544,Parkinson's disease,3,Rate,2019,178.11920835195,194.10872189766002,159.36292101753
1,All Population,5,Prevalence,82,Greece,3,Both,22,All ages,544,Parkinson's disease,3,Rate,2019,330.40670444946,379.43406391621,294.66199388767996
1,All Population,5,Prevalence,45,Bulgaria,3,Both,22,All ages,544,Parkinson's disease,3,Rate,2019,218.57343615926,262.32602163091997,179.273449339
1,All Population,5,Prevalence,50,Montenegro,3,Both,22,All ages,544,Parkinson's disease,3,Rate,2019,156.20373454228,183.41114833731,131.92955533251998
1,All Population,5,Prevalence,39,Tajikistan,3,Both,22,All ages,544,Parkinson's disease,3,Rate,2019,19.64126590362,23.81273245494,16.396456957719998
1,All Population,5,Prevalence,71,Australia,3,Both,22,All ages,544,Parkinson's disease,3,Rate,2019,292.22651525812,353.42365053880997,242.22541643434
1,All Population,5,Prevalence,122,Ecuador,3,Both,22,All ages,544,Parkinson's disease,3,Rate,2019,195.99952175372,232.73753347002,161.33611048547
1,All Population,5,Prevalence,10,Cambodia,3,Both,22,All ages,544,Parkinson's disease,3,Rate,2018,55.72251405922,64.91064805218,47.33083861694
1,All Population,5,Prevalence,79,Finland,3,Both,22,All ages,544,Parkinson's disease,3,Rate,2019,245.78541486777002,272.80650700188,221.25587114766998
1,All Population,5,Prevalence,90,Norway,3,Both,22,All ages,544,Parkinson's disease,3,Rate,2019,207.58794449527002,256.85306822303,171.28073456728
1,All Population,5,Prevalence,53,Serbia,3,Both,22,All ages,544,Parkinson's disease,3,Rate,2019,176.35894313341,203.42702670534,148.35984371697
1,All Population,5,Prevalence,15,Myanmar,3,Both,22,All ages,544,Parkinson's disease,3,Rate,2019,58.39557857082001,68.1827788798,48.03493630533
1,All Population,5,Prevalence,47,Czechia,3,Both,22,All ages,544,Parkinson's disease,3,Rate,2019,231.12326875189999,259.11644703303,210.38179289645
1,All Population,5,Prevalence,116,Saint Lucia,3,Both,22,All ages,544,Parkinson's disease,3,Rate,2019,228.1778370023,268.68552486844,188.14853979535
1,All Population,5,Prevalence,58,Estonia,3,Both,22,All ages,544,Parkinson's disease,3,Rate,2019,234.88458561492,249.67085992384,215.9229644531
1,All Population,5,Prevalence,98,Chile,3,Both,22,All ages,544,Parkinson's disease,3,Rate,2019,140.19849495190002,168.26914511655,115.46688485451
1,All Population,5,Prevalence,20,Viet Nam,3,Both,22,All ages,544,Parkinson's disease,3,Rate,2019,88.69525745839,102.44557396840001,75.00870021258
1,All Population,5,Prevalence,52,Romania,3,Both,22,All ages,544,Parkinson's disease,3,Rate,2019,209.85628265357002,239.41144927608002,171.32008019804002
1,All Population,5,Prevalence,26,Papua New Guinea,3,Both,22,All ages,544,Parkinson's disease,3,Rate,2019,49.37082517145,58.109607048659996,41.91563283033
1,All Population,5,Prevalence,33,Armenia,3,Both,22,All ages,544,Parkinson's disease,3,Rate,2018,52.59349682866,61.780943308779996,43.88946943532
1,All Population,5,Prevalence,84,Ireland,3,Both,22,All ages,544,Parkinson's disease,3,Rate,2019,171.17095499875,195.32651829976,145.64587141926
1,All Population,5,Prevalence,66,Brunei Darussalam,3,Both,22,All ages,544,Parkinson's disease,3,Rate,2019,50.97096443276,59.62139040324,43.053582560200006
1,All Population,5,Prevalence,127,El Salvador,3,Both,22,All ages,544,Parkinson's disease,3,Rate,2019,154.38588407671,185.81673130474002,126.01363158306
1,All Population,5,Prevalence,12,Lao People's Democratic Republic,3,Both,22,All ages,544,Parkinson's disease,3,Rate,2018,40.83255087995,47.80395338516,34.142904132270004
1,All Population,5,Prevalence,95,United Kingdom,3,Both,22,All ages,544,Parkinson's disease,3,Rate,2019,217.85664882853,262.48185851725,181.95823612819999
1,All Population,5,Prevalence,34,Azerbaijan,3,Both,22,All ages,544,Parkinson's disease,3,Rate,2019,30.068983130310002,34.08131337889,26.639348408160004
1,All Population,5,Prevalence,44,Bosnia and Herzegovina,3,Both,22,All ages,544,Parkinson's disease,3,Rate,2018,187.83595813121,212.66508554614,160.53892607775
1,All Population,5,Prevalence,23,Kiribati,3,Both,22,All ages,544,Parkinson's disease,3,Rate,2019,66.92263173346,77.16766077881,58.575862505130004
1,All Population,5,Prevalence,92,Spain,3,Both,22,All ages,544,Parkinson's disease,3,Rate,2019,414.06214062424,458.91085845594,379.73543321279
1,All Population,5,Prevalence,105,Antigua and Barbuda,3,Both,22,All ages,544,Parkinson's disease,3,Rate,2019,183.65765665228,211.20139111447,158.46951788383998
1,All Population,5,Prevalence,135,Brazil,3,Both,22,All ages,544,Parkinson's disease,3,Rate,2019,289.96591875428,350.45107500881,240.23799635256
1,All Population,5,Prevalence,60,Lithuania,3,Both,22,All ages,544,Parkinson's disease,3,Rate,2019,130.86477723653,153.65775385386,111.41800991536
1,All Population,5,Prevalence,55,Slovenia,3,Both,22,All ages,544,Parkinson's disease,3,Rate,2019,225.67944869927,259.47344776893,192.86912120907
1,All Population,5,Prevalence,54,Slovakia,3,Both,22,All ages,544,Parkinson's disease,3,Rate,2019,156.81580217678,182.01013061793,133.88848878488
1,All Population,5,Prevalence,111,Dominican Republic,3,Both,22,All ages,544,Parkinson's disease,3,Rate,2019,151.92706211227,176.54291659523,131.56376529572998
1,All Population,5,Prevalence,14,Maldives,3,Both,22,All ages,544,Parkinson's disease,3,Rate,2018,55.41694509925001,63.59530995401,47.66520719551
1,All Population,5,Prevalence,129,Honduras,3,Both,22,All ages,544,Parkinson's disease,3,Rate,2019,102.44596140715998,122.2640838476,84.37831170884
1,All Population,5,Prevalence,86,Italy,3,Both,22,All ages,544,Parkinson's disease,3,Rate,2019,542.75016510946,651.35156877209,450.8897653282
1,All Population,5,Prevalence,57,Belarus,3,Both,22,All ages,544,Parkinson's disease,3,Rate,2018,92.62323743144,108.10762768732,77.47290658683
1,All Population,5,Prevalence,68,Republic of Korea,3,Both,22,All ages,544,Parkinson's disease,3,Rate,2019,165.51462237940999,170.32525117306,160.1600088836
1,All Population,5,Prevalence,97,Argentina,3,Both,22,All ages,544,Parkinson's disease,3,Rate,2019,184.46716946958,201.80879922842,168.44773906313
1,All Population,5,Prevalence,46,Croatia,3,Both,22,All ages,544,Parkinson's disease,3,Rate,2018,271.72509830871996,306.09542382513,239.34651007617003
1,All Population,5,Prevalence,36,Kazakhstan,3,Both,22,All ages,544,Parkinson's disease,3,Rate,2019,37.77033711996,46.10802560948,31.830225804189997
1,All Population,5,Prevalence,94,Switzerland,3,Both,22,All ages,544,Parkinson's disease,3,Rate,2019,251.61794470451,294.52062625825,219.90667463140002
1,All Population,5,Prevalence,67,Japan,3,Both,22,All ages,544,Parkinson's disease,3,Rate,2019,241.71315082356003,295.26298125091,198.57869569501003
1,All Population,5,Prevalence,107,Barbados,3,Both,22,All ages,544,Parkinson's disease,3,Rate,2019,319.62443781865,359.66029168998,280.98515331772
1,All Population,5,Prevalence,169,Central African Republic,3,Both,22,All ages,544,Parkinson's disease,3,Rate,2019,13.84440224619,16.28545580327,11.68299773414
1,All Population,5,Prevalence,62,Russian Federation,3,Both,22,All ages,544,Parkinson's disease,3,Rate,2019,92.82581616556999,113.93957306005001,75.14876908659
1,All Population,5,Prevalence,118,Suriname,3,Both,22,All ages,544,Parkinson's disease,3,Rate,2019,157.82737132104,182.58282891713,134.66638955882001
1,All Population,5,Prevalence,91,Portugal,3,Both,22,All ages,544,Parkinson's disease,3,Rate,2018,290.16503568549,318.92173371381,259.24526680273
1,All Population,5,Prevalence,25,Micronesia (Federated States of),3,Both,22,All ages,544,Parkinson's disease,3,Rate,2019,79.27138972579,90.86064342691,66.7910277765
1,All Population,5,Prevalence,110,Dominica,3,Both,22,All ages,544,Parkinson's disease,3,Rate,2019,268.96095019271996,315.73815280157,226.88117754182
1,All Population,5,Prevalence,16,Philippines,3,Both,22,All ages,544,Parkinson's disease,3,Rate,2018,48.07032164625,58.062251641829995,39.59617354987
1,All Population,5,Prevalence,145,Kuwait,3,Both,22,All ages,544,Parkinson's disease,3,Rate,2019,71.98477535776,86.50618415061,61.121076907260004
1,All Population,5,Prevalence,182,Malawi,3,Both,22,All ages,544,Parkinson's disease,3,Rate,2019,13.16959622023,16.115197112529998,10.70921889117
1,All Population,5,Prevalence,113,Guyana,3,Both,22,All ages,544,Parkinson's disease,3,Rate,2019,109.11593500235,128.98959836101,90.43016941967
1,All Population,5,Prevalence,99,Uruguay,3,Both,22,All ages,544,Parkinson's disease,3,Rate,2019,244.41710016432998,265.51635556736,224.50955427066998
1,All Population,5,Prevalence,59,Latvia,3,Both,22,All ages,544,Parkinson's disease,3,Rate,2018,140.41996435772,161.74830153473,114.01024381127
1,All Population,5,Prevalence,150,Oman,3,Both,22,All ages,544,Parkinson's disease,3,Rate,2019,64.64395091208,74.83371500239,53.837702605779995
1,All Population,5,Prevalence,131,Nicaragua,3,Both,22,All ages,544,Parkinson's disease,3,Rate,2019,97.45693054275,114.64576123933,81.44819418667001
1,All Population,5,Prevalence,102,United States of America,3,Both,22,All ages,544,Parkinson's disease,3,Rate,2019,265.23832303566,293.36637811948,238.97937208336998
1,All Population,5,Prevalence,109,Cuba,3,Both,22,All ages,544,Parkinson's disease,3,Rate,2019,251.77245897286,303.11642783272003,205.48668219117
1,All Population,5,Prevalence,139,Algeria,3,Both,22,All ages,544,Parkinson's disease,3,Rate,2019,107.44633485372,125.64789028758001,89.5552972352
1,All Population,5,Prevalence,48,Hungary,3,Both,22,All ages,544,Parkinson's disease,3,Rate,2018,235.48870077466998,237.03267025940002,234.00876487955003
1,All Population,5,Prevalence,163,India,3,Both,22,All ages,544,Parkinson's disease,3,Rate,2019,47.37535123211,57.670574766289995,38.74279316435
1,All Population,5,Prevalence,81,Germany,3,Both,22,All ages,544,Parkinson's disease,3,Rate,2019,520.01104537956,545.79659609908,491.45411002106
1,All Population,5,Prevalence,142,Iran (Islamic Republic of),3,Both,22,All ages,544,Parkinson's disease,3,Rate,2019,124.99187291487999,152.56802228139,103.91178708925
1,All Population,5,Prevalence,126,Costa Rica,3,Both,22,All ages,544,Parkinson's disease,3,Rate,2019,166.8328487576,195.92765754604,139.53308950000002
1,All Population,5,Prevalence,27,Samoa,3,Both,22,All ages,544,Parkinson's disease,3,Rate,2018,95.34626901454,109.05474569203001,80.39235793813
1,All Population,5,Prevalence,171,Democratic Republic of the Congo,3,Both,22,All ages,544,Parkinson's disease,3,Rate,2019,14.90136288757,17.41471596873,12.27640980291
1,All Population,5,Prevalence,112,Grenada,3,Both,22,All ages,544,Parkinson's disease,3,Rate,2019,256.4074342642,296.62033763802003,222.01502878235
1,All Population,5,Prevalence,38,Mongolia,3,Both,22,All ages,544,Parkinson's disease,3,Rate,2019,15.660584155639999,17.79687744256,13.90474384413
1,All Population,5,Prevalence,93,Sweden,3,Both,22,All ages,544,Parkinson's disease,3,Rate,2018,320.64457185404,342.4525003545,296.25525258292
1,All Population,5,Prevalence,217,Sierra Leone,3,Both,22,All ages,544,Parkinson's disease,3,Rate,2019,18.09282699196,21.27708221558,14.94335208273
1,All Population,5,Prevalence,49,North Macedonia,3,Both,22,All ages,544,Parkinson's disease,3,Rate,2019,186.6294467543,232.26535043835,152.06422243994
1,All Population,5,Prevalence,72,New Zealand,3,Both,22,All ages,544,Parkinson's disease,3,Rate,2018,174.73514281546,215.84583704657,142.10328382941998
1,All Population,5,Prevalence,184,Mozambique,3,Both,22,All ages,544,Parkinson's disease,3,Rate,2019,14.853279611500001,17.29299330125,12.23864862174
1,All Population,5,Prevalence,101,Canada,3,Both,22,All ages,544,Parkinson's disease,3,Rate,2019,252.19683759112002,283.51061237926,223.78976043577998
1,All Population,5,Prevalence,187,Somalia,3,Both,22,All ages,544,Parkinson's disease,3,Rate,2019,14.91819623359,17.55443381179,12.47326335276
1,All Population,5,Prevalence,176,Comoros,3,Both,22,All ages,544,Parkinson's disease,3,Rate,2019,41.34272107108,48.22410989585,34.31609343355
1,All Population,5,Prevalence,196,South Africa,3,Both,22,All ages,544,Parkinson's disease,3,Rate,2019,36.94233465459,44.449842614779996,30.58114930625
1,All Population,5,Prevalence,147,Libya,3,Both,22,All ages,544,Parkinson's disease,3,Rate,2019,97.43447334555,116.36575055131999,83.92710296532
1,All Population,5,Prevalence,193,Botswana,3,Both,22,All ages,544,Parkinson's disease,3,Rate,2019,33.29362666581,38.19148296696,27.70608196943
1,All Population,5,Prevalence,152,Saudi Arabia,3,Both,22,All ages,544,Parkinson's disease,3,Rate,2019,71.8116908921,82.72850358607,61.21045728537
1,All Population,5,Prevalence,160,Afghanistan,3,Both,22,All ages,544,Parkinson's disease,3,Rate,2019,35.49192555383,42.7619161876,30.19097241823
1,All Population,5,Prevalence,128,Guatemala,3,Both,22,All ages,544,Parkinson's disease,3,Rate,2019,95.67433863603,115.24405153124,80.29088475304
1,All Population,5,Prevalence,106,Bahamas,3,Both,22,All ages,544,Parkinson's disease,3,Rate,2018,144.24315429684,166.48795531577,127.83978040413
1,All Population,5,Prevalence,144,Jordan,3,Both,22,All ages,544,Parkinson's disease,3,Rate,2019,58.44563073812,70.05582807945,49.26790937975
1,All Population,5,Prevalence,115,Jamaica,3,Both,22,All ages,544,Parkinson's disease,3,Rate,2019,157.40839461731,189.96509562703,130.54664740889
1,All Population,5,Prevalence,83,Iceland,3,Both,22,All ages,544,Parkinson's disease,3,Rate,2019,216.7537525342,253.82968144,188.21823434537
1,All Population,5,Prevalence,61,Republic of Moldova,3,Both,22,All ages,544,Parkinson's disease,3,Rate,2018,76.57949164718,87.44076285335,62.56743767095
1,All Population,5,Prevalence,178,Eritrea,3,Both,22,All ages,544,Parkinson's disease,3,Rate,2019,22.46574084663,26.75932576976,18.98087460888
1,All Population,5,Prevalence,186,Seychelles,3,Both,22,All ages,544,Parkinson's disease,3,Rate,2019,135.66999045906,154.79107326433,118.54057614681
1,All Population,5,Prevalence,114,Haiti,3,Both,22,All ages,544,Parkinson's disease,3,Rate,2019,55.143375881260006,66.54116963126,46.3523678564
1,All Population,5,Prevalence,157,Yemen,3,Both,22,All ages,544,Parkinson's disease,3,Rate,2019,37.53173050566,45.41690729354,31.44492166259
1,All Population,5,Prevalence,190,Uganda,3,Both,22,All ages,544,Parkinson's disease,3,Rate,2019,13.1100423783,15.712319516019999,10.96058644947
1,All Population,5,Prevalence,133,Venezuela (Bolivarian Republic of),3,Both,22,All ages,544,Parkinson's disease,3,Rate,2019,134.95273473075,160.5037287525,108.84402262536
1,All Population,5,Prevalence,165,Pakistan,3,Both,22,All ages,544,Parkinson's disease,3,Rate,2019,40.13901745321,49.06937952747,32.92601254543
1,All Population,5,Prevalence,206,Gambia,3,Both,22,All ages,544,Parkinson's disease,3,Rate,2019,21.67721452104,25.24767948794,17.87893142634
1,All Population,5,Prevalence,198,Zimbabwe,3,Both,22,All ages,544,Parkinson's disease,3,Rate,2019,23.51890449503,27.203978916879997,19.45321165521
1,All Population,5,Prevalence,195,Namibia,3,Both,22,All ages,544,Parkinson's disease,3,Rate,2019,26.89623928935,31.57039593565,23.15955645703
1,All Population,5,Prevalence,154,Tunisia,3,Both,22,All ages,544,Parkinson's disease,3,Rate,2019,137.19305448471002,158.72728644371,116.21649672803
1,All Population,5,Prevalence,29,Tonga,3,Both,22,All ages,544,Parkinson's disease,3,Rate,2018,97.14427426958001,112.48197206743,83.54251455236
1,All Population,5,Prevalence,298,American Samoa,3,Both,22,All ages,544,Parkinson's disease,3,Rate,2019,112.05526627077,131.87277782801002,95.34163739658
1,All Population,5,Prevalence,141,Egypt,3,Both,22,All ages,544,Parkinson's disease,3,Rate,2019,97.42508466718999,112.54210496162999,83.61134298286
1,All Population,5,Prevalence,162,Bhutan,3,Both,22,All ages,544,Parkinson's disease,3,Rate,2019,56.02662779627,65.67000042804,46.20330464507
1,All Population,5,Prevalence,146,Lebanon,3,Both,22,All ages,544,Parkinson's disease,3,Rate,2019,146.49857249693,171.64719354111,121.08003776458999
1,All Population,5,Prevalence,130,Mexico,3,Both,22,All ages,544,Parkinson's disease,3,Rate,2019,156.57810926671,190.69205932334,128.63688981698
1,All Population,5,Prevalence,74,Andorra,3,Both,22,All ages,544,Parkinson's disease,3,Rate,2018,173.62967221335998,200.91818597478,146.46141589247
1,All Population,5,Prevalence,117,Saint Vincent and the Grenadines,3,Both,22,All ages,544,Parkinson's disease,3,Rate,2019,219.25457821670003,260.36621837219997,185.76116771063
1,All Population,5,Prevalence,203,Cabo Verde,3,Both,22,All ages,544,Parkinson's disease,3,Rate,2019,53.42798097845,61.39314242317,45.708611104999996
1,All Population,5,Prevalence,173,Gabon,3,Both,22,All ages,544,Parkinson's disease,3,Rate,2019,34.942292838,41.17977230961,28.995412722420003
1,All Population,5,Prevalence,85,Israel,3,Both,22,All ages,544,Parkinson's disease,3,Rate,2019,254.57436993285,279.25522267548,227.01506862976
1,All Population,5,Prevalence,211,Mali,3,Both,22,All ages,544,Parkinson's disease,3,Rate,2019,17.45925229797,20.782355420200002,14.84474873082
1,All Population,5,Prevalence,108,Belize,3,Both,22,All ages,544,Parkinson's disease,3,Rate,2018,105.15835380764001,120.63170625333001,88.45703894195
1,All Population,5,Prevalence,119,Trinidad and Tobago,3,Both,22,All ages,544,Parkinson's disease,3,Rate,2018,202.14211936494002,235.56273111687,170.289290819
1,All Population,5,Prevalence,369,Nauru,3,Both,22,All ages,544,Parkinson's disease,3,Rate,2019,42.89332480979,50.471538490389996,36.97930361929
1,All Population,5,Prevalence,380,Palau,3,Both,22,All ages,544,Parkinson's disease,3,Rate,2019,133.29270148062,160.43588496007,109.32303361772999
1,All Population,5,Prevalence,63,Ukraine,3,Both,22,All ages,544,Parkinson's disease,3,Rate,2018,47.19080996785,58.13941799922,38.33150048683
1,All Population,5,Prevalence,208,Guinea,3,Both,22,All ages,544,Parkinson's disease,3,Rate,2019,17.84551032419,21.20133004031,15.30245639139
1,All Population,5,Prevalence,87,Luxembourg,3,Both,22,All ages,544,Parkinson's disease,3,Rate,2018,198.61900714064,237.0623553924,170.91332070226
1,All Population,5,Prevalence,200,Benin,3,Both,22,All ages,544,Parkinson's disease,3,Rate,2019,18.147875333930003,21.41242549687,14.987812934859999
1,All Population,5,Prevalence,140,Bahrain,3,Both,22,All ages,544,Parkinson's disease,3,Rate,2018,68.97291251569,81.50212962245,58.11742072004
1,All Population,5,Prevalence,132,Panama,3,Both,22,All ages,544,Parkinson's disease,3,Rate,2019,170.90026794697,199.27315065784998,140.63288369
1,All Population,5,Prevalence,349,Greenland,3,Both,22,All ages,544,Parkinson's disease,3,Rate,2019,86.54051449084,102.95486356906,70.95334819733
1,All Population,5,Prevalence,194,Lesotho,3,Both,22,All ages,544,Parkinson's disease,3,Rate,2019,26.36828785137,30.65982724246,22.35735914879
1,All Population,5,Prevalence,213,Niger,3,Both,22,All ages,544,Parkinson's disease,3,Rate,2019,11.08032560726,13.40730887165,9.3417445882
1,All Population,5,Prevalence,161,Bangladesh,3,Both,22,All ages,544,Parkinson's disease,3,Rate,2019,47.733493137930004,56.25111059264,40.08825818005
1,All Population,5,Prevalence,148,Morocco,3,Both,22,All ages,544,Parkinson's disease,3,Rate,2019,117.28574079199,144.63441646033,96.95582436301
1,All Population,5,Prevalence,205,Côte d'Ivoire,3,Both,22,All ages,544,Parkinson's disease,3,Rate,2019,16.39918579689,19.26984728922,13.96013051196
1,All Population,5,Prevalence,143,Iraq,3,Both,22,All ages,544,Parkinson's disease,3,Rate,2019,83.09819676961,100.82409829311001,69.64925078553
1,All Population,5,Prevalence,175,Burundi,3,Both,22,All ages,544,Parkinson's disease,3,Rate,2019,13.13008887689,15.5592946937,10.96842894083
1,All Population,5,Prevalence,393,Saint Kitts and Nevis,3,Both,22,All ages,544,Parkinson's disease,3,Rate,2019,237.68634535175,259.45049995226003,215.36422489230998
1,All Population,5,Prevalence,76,Belgium,3,Both,22,All ages,544,Parkinson's disease,3,Rate,2018,229.60777317153,258.25716494584,204.50016865497003
1,All Population,5,Prevalence,121,Bolivia (Plurinational State of),3,Both,22,All ages,544,Parkinson's disease,3,Rate,2018,159.10522954038,184.91667106769,131.83010375357
1,All Population,5,Prevalence,172,Equatorial Guinea,3,Both,22,All ages,544,Parkinson's disease,3,Rate,2019,14.74384427987,17.58887691098,12.14093417952
1,All Population,5,Prevalence,202,Cameroon,3,Both,22,All ages,544,Parkinson's disease,3,Rate,2019,17.93654543864,21.36046587562,14.837162230699999
1,All Population,5,Prevalence,151,Qatar,3,Both,22,All ages,544,Parkinson's disease,3,Rate,2018,42.3559174977,51.44188388674,34.6471638533
1,All Population,5,Prevalence,89,Netherlands,3,Both,22,All ages,544,Parkinson's disease,3,Rate,2018,226.76489570092,255.52438618261002,203.66618511750002
1,All Population,5,Prevalence,210,Liberia,3,Both,22,All ages,544,Parkinson's disease,3,Rate,2019,18.93127790539,22.519063324330002,15.75746630941
1,All Population,5,Prevalence,185,Rwanda,3,Both,22,All ages,544,Parkinson's disease,3,Rate,2018,16.19291124134,19.02075555078,13.5817720073
1,All Population,5,Prevalence,207,Ghana,3,Both,22,All ages,544,Parkinson's disease,3,Rate,2019,23.341023314279997,27.28867012023,19.474589612880003
1,All Population,5,Prevalence,215,Sao Tome and Principe,3,Both,22,All ages,544,Parkinson's disease,3,Rate,2019,30.53819655586,34.96446050009,26.35183964232
1,All Population,5,Prevalence,177,Djibouti,3,Both,22,All ages,544,Parkinson's disease,3,Rate,2019,20.11546662745,24.165272206159997,16.52711838026
1,All Population,5,Prevalence,189,United Republic of Tanzania,3,Both,22,All ages,544,Parkinson's disease,3,Rate,2019,18.49067606058,21.638334905449998,15.87851312968
1,All Population,5,Prevalence,164,Nepal,3,Both,22,All ages,544,Parkinson's disease,3,Rate,2018,46.10158763219,53.24088461193,38.39931674636
1,All Population,5,Prevalence,413,Tokelau,3,Both,22,All ages,544,Parkinson's disease,3,Rate,2019,166.60027895588001,196.98672086562001,139.5326819897
1,All Population,5,Prevalence,367,Monaco,3,Both,22,All ages,544,Parkinson's disease,3,Rate,2019,324.31395506626995,387.46387463181,271.87883757065
1,All Population,5,Prevalence,180,Kenya,3,Both,22,All ages,544,Parkinson's disease,3,Rate,2019,14.876402046039999,18.20925834685,12.15368235056
1,All Population,5,Prevalence,320,Cook Islands,3,Both,22,All ages,544,Parkinson's disease,3,Rate,2019,167.13396094979,200.21573158835,139.7895229584
1,All Population,5,Prevalence,209,Guinea-Bissau,3,Both,22,All ages,544,Parkinson's disease,3,Rate,2019,15.83308705887,18.193740461610002,13.159787663109999
1,All Population,5,Prevalence,153,Syrian Arab Republic,3,Both,22,All ages,544,Parkinson's disease,3,Rate,2018,97.46815810781001,114.38079238111,81.31681435176999
1,All Population,5,Prevalence,123,Peru,3,Both,22,All ages,544,Parkinson's disease,3,Rate,2018,149.79683983145,174.26093250253,124.52927980707001
1,All Population,5,Prevalence,156,United Arab Emirates,3,Both,22,All ages,544,Parkinson's disease,3,Rate,2019,42.81386895181,53.99952281376,33.41569164979
1,All Population,5,Prevalence,435,South Sudan,3,Both,22,All ages,544,Parkinson's disease,3,Rate,2019,13.795878090970001,16.384013637709998,11.51232125054
1,All Population,5,Prevalence,422,United States Virgin Islands,3,Both,22,All ages,544,Parkinson's disease,3,Rate,2019,407.18923304049,489.90976115581,340.24785211963
1,All Population,5,Prevalence,374,Niue,3,Both,22,All ages,544,Parkinson's disease,3,Rate,2019,215.48517404705999,250.8935937974,181.58264098766
1,All Population,5,Prevalence,191,Zambia,3,Both,22,All ages,544,Parkinson's disease,3,Rate,2019,11.45964632502,13.84186142313,9.55971579785
1,All Population,5,Prevalence,204,Chad,3,Both,22,All ages,544,Parkinson's disease,3,Rate,2019,11.99144402986,14.119382268419999,10.04672963628
1,All Population,5,Prevalence,78,Denmark,3,Both,22,All ages,544,Parkinson's disease,3,Rate,2018,168.75819011526002,185.47771089147,156.17714483715
1,All Population,5,Prevalence,351,Guam,3,Both,22,All ages,544,Parkinson's disease,3,Rate,2019,146.2523713194,172.15769521548,123.26829104934
1,All Population,5,Prevalence,125,Colombia,3,Both,22,All ages,544,Parkinson's disease,3,Rate,2018,115.56534507938001,121.76817207769999,109.44620506605
1,All Population,5,Prevalence,155,Türkiye,3,Both,22,All ages,544,Parkinson's disease,3,Rate,2018,225.92355005342998,258.7167590105,198.85796032273
1,All Population,5,Prevalence,168,Angola,3,Both,22,All ages,544,Parkinson's disease,3,Rate,2018,14.64417949793,17.169300336640003,12.317338978610001
1,All Population,5,Prevalence,136,Paraguay,3,Both,22,All ages,544,Parkinson's disease,3,Rate,2018,199.48499817281,234.69082477880002,161.29621676399
1,All Population,5,Prevalence,305,Bermuda,3,Both,22,All ages,544,Parkinson's disease,3,Rate,2018,327.60709330144,383.29556503141004,276.03424412626003
1,All Population,5,Prevalence,212,Mauritania,3,Both,22,All ages,544,Parkinson's disease,3,Rate,2018,22.16433901389,26.1203185234,18.346511301859998
1,All Population,5,Prevalence,201,Burkina Faso,3,Both,22,All ages,544,Parkinson's disease,3,Rate,2018,17.04777393783,20.287375499590002,14.36240654513
1,All Population,5,Prevalence,179,Ethiopia,3,Both,22,All ages,544,Parkinson's disease,3,Rate,2018,19.72998487186,23.63550795207,16.09284281599
1,All Population,5,Prevalence,214,Nigeria,3,Both,22,All ages,544,Parkinson's disease,3,Rate,2018,16.365618042530002,19.951337804039998,13.437108378089999
1,All Population,5,Prevalence,170,Congo,3,Both,22,All ages,544,Parkinson's disease,3,Rate,2018,18.456693506769998,21.803161798770002,15.21422391764
1,All Population,5,Prevalence,149,Palestine,3,Both,22,All ages,544,Parkinson's disease,3,Rate,2018,57.60998089997,65.79765126243,49.25844117122001
1,All Population,5,Prevalence,396,San Marino,3,Both,22,All ages,544,Parkinson's disease,3,Rate,2018,203.19171255025,241.80270768447,170.00720513865
1,All Population,5,Prevalence,181,Madagascar,3,Both,22,All ages,544,Parkinson's disease,3,Rate,2018,11.54744199303,13.508463951180001,9.5513937248
1,All Population,5,Prevalence,416,Tuvalu,3,Both,22,All ages,544,Parkinson's disease,3,Rate,2018,84.15143021518,101.77475266523999,68.75946798092
1,All Population,5,Prevalence,216,Senegal,3,Both,22,All ages,544,Parkinson's disease,3,Rate,2018,23.278628737640002,27.01662518726,19.437957837019997
1,All Population,5,Prevalence,11,Indonesia,3,Both,22,All ages,544,Parkinson's disease,3,Rate,2020,62.51066579537,75.25340243870001,51.38695684276001
1,All Population,5,Prevalence,197,Eswatini,3,Both,22,All ages,544,Parkinson's disease,3,Rate,2018,27.984999373310004,32.75982203596,23.49197767182
1,All Population,5,Prevalence,183,Mauritius,3,Both,22,All ages,544,Parkinson's disease,3,Rate,2018,142.71142799306,166.61206933643,120.45650990612
1,All Population,5,Prevalence,13,Malaysia,3,Both,22,All ages,544,Parkinson's disease,3,Rate,2020,83.688726771,100.87676468896001,68.69195947745
1,All Population,5,Prevalence,45,Bulgaria,3,Both,22,All ages,544,Parkinson's disease,3,Rate,2020,229.30727435256003,273.97578067079,186.53833193304
1,All Population,5,Prevalence,7,Democratic People's Republic of Korea,3,Both,22,All ages,544,Parkinson's disease,3,Rate,2020,144.35866900424,173.6978954668,121.11724911871
1,All Population,5,Prevalence,39,Tajikistan,3,Both,22,All ages,544,Parkinson's disease,3,Rate,2020,20.190218971820002,24.725936464600004,16.75047724885
1,All Population,5,Prevalence,218,Togo,3,Both,22,All ages,544,Parkinson's disease,3,Rate,2018,16.31593270887,18.91910859568,13.846183384949999
1,All Population,5,Prevalence,522,Sudan,3,Both,22,All ages,544,Parkinson's disease,3,Rate,2018,65.13908161066999,76.42901362728,54.88365721628
1,All Population,5,Prevalence,18,Thailand,3,Both,22,All ages,544,Parkinson's disease,3,Rate,2020,186.92058185307,204.66998739308,165.70899982135998
1,All Population,5,Prevalence,376,Northern Mariana Islands,3,Both,22,All ages,544,Parkinson's disease,3,Rate,2018,94.50794592494,112.3874869574,79.79406503605
1,All Population,5,Prevalence,26,Papua New Guinea,3,Both,22,All ages,544,Parkinson's disease,3,Rate,2020,50.62633030626,60.235563434510006,42.16127819439
1,All Population,5,Prevalence,23,Kiribati,3,Both,22,All ages,544,Parkinson's disease,3,Rate,2020,68.16290323662,79.38488354796,58.42237819098
1,All Population,5,Prevalence,15,Myanmar,3,Both,22,All ages,544,Parkinson's disease,3,Rate,2020,60.158498634,71.26695877159,48.95942983758
1,All Population,5,Prevalence,58,Estonia,3,Both,22,All ages,544,Parkinson's disease,3,Rate,2020,239.49003605055998,255.61628287404,218.91944144344998
1,All Population,5,Prevalence,34,Azerbaijan,3,Both,22,All ages,544,Parkinson's disease,3,Rate,2020,31.05453999884,35.343194841709995,27.242085964319998
1,All Population,5,Prevalence,20,Viet Nam,3,Both,22,All ages,544,Parkinson's disease,3,Rate,2020,91.63296775751,105.85205733155,77.03352549456001
1,All Population,5,Prevalence,47,Czechia,3,Both,22,All ages,544,Parkinson's disease,3,Rate,2020,236.21260894808,266.84472097383,213.60287184951997
1,All Population,5,Prevalence,92,Spain,3,Both,22,All ages,544,Parkinson's disease,3,Rate,2020,414.62059617024,462.65565645915996,379.84386117109
1,All Population,5,Prevalence,52,Romania,3,Both,22,All ages,544,Parkinson's disease,3,Rate,2020,209.03417070389,240.36419630716998,169.70547692948
1,All Population,5,Prevalence,28,Solomon Islands,3,Both,22,All ages,544,Parkinson's disease,3,Rate,2020,47.21385807365,55.34065546892,39.85481475802
1,All Population,5,Prevalence,60,Lithuania,3,Both,22,All ages,544,Parkinson's disease,3,Rate,2020,132.55223882977,156.71454856434002,112.66473695436001
1,All Population,5,Prevalence,385,Puerto Rico,3,Both,22,All ages,544,Parkinson's disease,3,Rate,2018,371.20447448625004,440.28422679343004,317.65287029335997
1,All Population,5,Prevalence,25,Micronesia (Federated States of),3,Both,22,All ages,544,Parkinson's disease,3,Rate,2020,81.05696964166,94.24198757879,68.09898228087
1,All Population,5,Prevalence,86,Italy,3,Both,22,All ages,544,Parkinson's disease,3,Rate,2020,552.7648042169,661.96927245611,459.09488244858
1,All Population,5,Prevalence,17,Sri Lanka,3,Both,22,All ages,544,Parkinson's disease,3,Rate,2020,125.51597334227,147.17381622479,107.65663821300001
1,All Population,5,Prevalence,36,Kazakhstan,3,Both,22,All ages,544,Parkinson's disease,3,Rate,2020,38.4537271586,46.84300428845,32.10854614029
1,All Population,5,Prevalence,54,Slovakia,3,Both,22,All ages,544,Parkinson's disease,3,Rate,2020,162.0015279811,189.78601464778,136.64768316094998
1,All Population,5,Prevalence,22,Fiji,3,Both,22,All ages,544,Parkinson's disease,3,Rate,2020,91.85025607754001,110.01405422681,77.83038250104
1,All Population,5,Prevalence,30,Vanuatu,3,Both,22,All ages,544,Parkinson's disease,3,Rate,2020,58.00289906825,66.94666422814,49.119385731929995
1,All Population,5,Prevalence,105,Antigua and Barbuda,3,Both,22,All ages,544,Parkinson's disease,3,Rate,2020,188.62995662939,219.34487651829,161.26635153891
1,All Population,5,Prevalence,6,China,3,Both,22,All ages,544,Parkinson's disease,3,Rate,2020,219.15669440213003,270.41825541257,177.76899134766
1,All Population,5,Prevalence,94,Switzerland,3,Both,22,All ages,544,Parkinson's disease,3,Rate,2020,251.68102848799,301.80510935183,214.51394646856
1,All Population,5,Prevalence,62,Russian Federation,3,Both,22,All ages,544,Parkinson's disease,3,Rate,2020,94.89570097088,116.24140757938,76.86791818531
1,All Population,5,Prevalence,99,Uruguay,3,Both,22,All ages,544,Parkinson's disease,3,Rate,2020,263.38066065456,290.57538925777004,238.77022345201001
1,All Population,5,Prevalence,110,Dominica,3,Both,22,All ages,544,Parkinson's disease,3,Rate,2020,274.18605014897,325.81115217248,229.60832054336998
1,All Population,5,Prevalence,67,Japan,3,Both,22,All ages,544,Parkinson's disease,3,Rate,2020,266.024034834,328.63036929849,217.09463228853002
1,All Population,5,Prevalence,41,Uzbekistan,3,Both,22,All ages,544,Parkinson's disease,3,Rate,2020,22.48924878929,26.85452164378,18.862126981619998
1,All Population,5,Prevalence,81,Germany,3,Both,22,All ages,544,Parkinson's disease,3,Rate,2020,527.07236656983,556.07272614495,495.39584831029003
1,All Population,5,Prevalence,49,North Macedonia,3,Both,22,All ages,544,Parkinson's disease,3,Rate,2020,203.82659397212,257.9704627528,164.17773801866
1,All Population,5,Prevalence,139,Algeria,3,Both,22,All ages,544,Parkinson's disease,3,Rate,2020,111.15186601579,132.20628153670998,90.26542616007
1,All Population,5,Prevalence,24,Marshall Islands,3,Both,22,All ages,544,Parkinson's disease,3,Rate,2020,66.35328689552999,78.98092825581,55.318190939
1,All Population,5,Prevalence,38,Mongolia,3,Both,22,All ages,544,Parkinson's disease,3,Rate,2020,16.219105733390002,18.52729982114,14.32951508789
1,All Population,5,Prevalence,35,Georgia,3,Both,22,All ages,544,Parkinson's disease,3,Rate,2020,71.32353205458,83.54631871459,58.475076407130004
1,All Population,5,Prevalence,8,Taiwan,3,Both,22,All ages,544,Parkinson's disease,3,Rate,2020,307.95248020888,317.43542866223,297.87176227025
1,All Population,5,Prevalence,118,Suriname,3,Both,22,All ages,544,Parkinson's disease,3,Rate,2020,161.25703172144,187.65600168514,137.97492469007
1,All Population,5,Prevalence,101,Canada,3,Both,22,All ages,544,Parkinson's disease,3,Rate,2020,259.90616201296,294.73865506485004,229.93203802033
1,All Population,5,Prevalence,75,Austria,3,Both,22,All ages,544,Parkinson's disease,3,Rate,2020,244.88706896705,282.073673192,211.48028429869
1,All Population,5,Prevalence,107,Barbados,3,Both,22,All ages,544,Parkinson's disease,3,Rate,2020,329.73470347151,373.76137929118,291.4019157272
1,All Population,5,Prevalence,115,Jamaica,3,Both,22,All ages,544,Parkinson's disease,3,Rate,2020,160.59198660974002,195.92677002928002,132.60274797164
1,All Population,5,Prevalence,112,Grenada,3,Both,22,All ages,544,Parkinson's disease,3,Rate,2020,255.61236157228,300.65489331378,221.29309532916
1,All Population,5,Prevalence,69,Singapore,3,Both,22,All ages,544,Parkinson's disease,3,Rate,2020,84.11893497014,97.5326119887,73.18811828872
1,All Population,5,Prevalence,43,Albania,3,Both,22,All ages,544,Parkinson's disease,3,Rate,2020,196.90362322017998,234.00432191518,158.74729661540002
1,All Population,5,Prevalence,19,Timor-Leste,3,Both,22,All ages,544,Parkinson's disease,3,Rate,2020,48.12774020765,56.43835119980999,39.7209423018
1,All Population,5,Prevalence,83,Iceland,3,Both,22,All ages,544,Parkinson's disease,3,Rate,2020,216.25644966309997,253.04077099068002,187.54170589794
1,All Population,5,Prevalence,40,Turkmenistan,3,Both,22,All ages,544,Parkinson's disease,3,Rate,2020,23.036564119450002,27.5110196523,19.268028856460003
1,All Population,5,Prevalence,37,Kyrgyzstan,3,Both,22,All ages,544,Parkinson's disease,3,Rate,2020,19.57672292642,23.84631655802,15.583019565710002
1,All Population,5,Prevalence,80,France,3,Both,22,All ages,544,Parkinson's disease,3,Rate,2020,260.05476075949,279.67846252388,237.94583389466
1,All Population,5,Prevalence,51,Poland,3,Both,22,All ages,544,Parkinson's disease,3,Rate,2020,211.7326322833,235.58045806014,189.4196051529
1,All Population,5,Prevalence,146,Lebanon,3,Both,22,All ages,544,Parkinson's disease,3,Rate,2020,148.68826844435,177.13583503933,121.96671254069999
1,All Population,5,Prevalence,77,Cyprus,3,Both,22,All ages,544,Parkinson's disease,3,Rate,2020,160.91511281265,193.41225439913,134.04736355017002
1,All Population,5,Prevalence,128,Guatemala,3,Both,22,All ages,544,Parkinson's disease,3,Rate,2020,96.93756648292,118.1114620017,80.88343904325001
1,All Population,5,Prevalence,109,Cuba,3,Both,22,All ages,544,Parkinson's disease,3,Rate,2020,250.35675140335002,301.32769245176,202.40113203057
1,All Population,5,Prevalence,157,Yemen,3,Both,22,All ages,544,Parkinson's disease,3,Rate,2020,38.59855346351,47.279868126020006,31.8713513152
1,All Population,5,Prevalence,71,Australia,3,Both,22,All ages,544,Parkinson's disease,3,Rate,2020,296.97330582864,363.55682837654,246.69970433690997
1,All Population,5,Prevalence,152,Saudi Arabia,3,Both,22,All ages,544,Parkinson's disease,3,Rate,2020,74.00141960024,86.16786094652001,62.30235743609
1,All Population,5,Prevalence,50,Montenegro,3,Both,22,All ages,544,Parkinson's disease,3,Rate,2020,179.85645432727998,216.79669745573003,151.56149044250998
1,All Population,5,Prevalence,114,Haiti,3,Both,22,All ages,544,Parkinson's disease,3,Rate,2020,55.609833197040004,67.59274067038,46.64977626142
1,All Population,5,Prevalence,117,Saint Vincent and the Grenadines,3,Both,22,All ages,544,Parkinson's disease,3,Rate,2020,223.32474655458998,272.76083327631,188.43967225181
1,All Population,5,Prevalence,88,Malta,3,Both,22,All ages,544,Parkinson's disease,3,Rate,2020,250.90561377009,308.25825957174,203.25641317375
1,All Population,5,Prevalence,85,Israel,3,Both,22,All ages,544,Parkinson's disease,3,Rate,2020,256.70883147474,282.45660684463,227.35929658812998
1,All Population,5,Prevalence,122,Ecuador,3,Both,22,All ages,544,Parkinson's disease,3,Rate,2020,197.9385161728,238.54850537740998,160.927394278
1,All Population,5,Prevalence,82,Greece,3,Both,22,All ages,544,Parkinson's disease,3,Rate,2020,335.65991158095,381.28847506162003,297.9784767026
1,All Population,5,Prevalence,53,Serbia,3,Both,22,All ages,544,Parkinson's disease,3,Rate,2020,182.61835565364999,214.80593747816002,151.95029329483
1,All Population,5,Prevalence,148,Morocco,3,Both,22,All ages,544,Parkinson's disease,3,Rate,2020,121.98394356685002,153.02842995851,100.81481717365999
1,All Population,5,Prevalence,79,Finland,3,Both,22,All ages,544,Parkinson's disease,3,Rate,2020,251.94348600523,282.53350287554,224.31267514517998
1,All Population,5,Prevalence,162,Bhutan,3,Both,22,All ages,544,Parkinson's disease,3,Rate,2020,58.423435580429995,68.42850130552,47.598458516790004
1,All Population,5,Prevalence,141,Egypt,3,Both,22,All ages,544,Parkinson's disease,3,Rate,2020,101.01093085048,117.3520556606,85.86541487191
1,All Population,5,Prevalence,90,Norway,3,Both,22,All ages,544,Parkinson's disease,3,Rate,2020,208.92911610148002,258.60439079116003,172.11798582427
1,All Population,5,Prevalence,165,Pakistan,3,Both,22,All ages,544,Parkinson's disease,3,Rate,2020,40.74685323955,49.90558712284,33.45731891293
1,All Population,5,Prevalence,133,Venezuela (Bolivarian Republic of),3,Both,22,All ages,544,Parkinson's disease,3,Rate,2020,146.18270232452,179.80203535139,116.74230489231
1,All Population,5,Prevalence,116,Saint Lucia,3,Both,22,All ages,544,Parkinson's disease,3,Rate,2020,232.26166310342998,282.15593112946,188.04286682518
1,All Population,5,Prevalence,66,Brunei Darussalam,3,Both,22,All ages,544,Parkinson's disease,3,Rate,2020,54.44234046915,64.57209740129,45.827583726629996
1,All Population,5,Prevalence,186,Seychelles,3,Both,22,All ages,544,Parkinson's disease,3,Rate,2020,139.40107231146,159.98458293055,117.71026355097999
1,All Population,5,Prevalence,98,Chile,3,Both,22,All ages,544,Parkinson's disease,3,Rate,2020,145.13511314632999,182.41135636257,118.71085825049
1,All Population,5,Prevalence,127,El Salvador,3,Both,22,All ages,544,Parkinson's disease,3,Rate,2020,156.46716700505,188.04308225281,126.97254247490001
1,All Population,5,Prevalence,154,Tunisia,3,Both,22,All ages,544,Parkinson's disease,3,Rate,2020,142.53029483994,166.97308768713,120.22967567216999
1,All Population,5,Prevalence,130,Mexico,3,Both,22,All ages,544,Parkinson's disease,3,Rate,2020,158.58321079857,193.42375171101,130.1921549979
1,All Population,5,Prevalence,27,Samoa,3,Both,22,All ages,544,Parkinson's disease,3,Rate,2019,97.34320964872,112.48211558384999,82.45067993719
1,All Population,5,Prevalence,95,United Kingdom,3,Both,22,All ages,544,Parkinson's disease,3,Rate,2020,224.0264358919,269.49443783562,187.28141243299
1,All Population,5,Prevalence,205,Côte d'Ivoire,3,Both,22,All ages,544,Parkinson's disease,3,Rate,2020,16.54057334157,19.45883309812,14.03305604692
1,All Population,5,Prevalence,194,Lesotho,3,Both,22,All ages,544,Parkinson's disease,3,Rate,2020,26.847802079570002,31.4147945493,22.46025582469
1,All Population,5,Prevalence,161,Bangladesh,3,Both,22,All ages,544,Parkinson's disease,3,Rate,2020,49.03693183153,58.22723846252,40.94362588603
1,All Population,5,Prevalence,55,Slovenia,3,Both,22,All ages,544,Parkinson's disease,3,Rate,2020,229.35512988609,264.11172359793,195.06878107336001
1,All Population,5,Prevalence,84,Ireland,3,Both,22,All ages,544,Parkinson's disease,3,Rate,2020,175.18955645934,201.22693860935001,149.14382917189
1,All Population,5,Prevalence,111,Dominican Republic,3,Both,22,All ages,544,Parkinson's disease,3,Rate,2020,151.74795014236,178.23541798451,131.09320280784
1,All Population,5,Prevalence,175,Burundi,3,Both,22,All ages,544,Parkinson's disease,3,Rate,2020,13.230006152889999,15.6889551533,11.009147461389999
1,All Population,5,Prevalence,16,Philippines,3,Both,22,All ages,544,Parkinson's disease,3,Rate,2019,49.65182563674,59.99642703334,40.88712342739
1,All Population,5,Prevalence,200,Benin,3,Both,22,All ages,544,Parkinson's disease,3,Rate,2020,18.35288352029,21.651905307449997,15.13679332546
1,All Population,5,Prevalence,135,Brazil,3,Both,22,All ages,544,Parkinson's disease,3,Rate,2020,302.39570225963996,364.82739671802,249.97042667552998
1,All Population,5,Prevalence,143,Iraq,3,Both,22,All ages,544,Parkinson's disease,3,Rate,2020,85.67676255997999,105.08096982647,71.29354077283
1,All Population,5,Prevalence,211,Mali,3,Both,22,All ages,544,Parkinson's disease,3,Rate,2020,17.52649338045,21.07612404183,14.697129060610001
1,All Population,5,Prevalence,172,Equatorial Guinea,3,Both,22,All ages,544,Parkinson's disease,3,Rate,2020,14.724247469640002,17.487971088120002,12.05559515834
1,All Population,5,Prevalence,129,Honduras,3,Both,22,All ages,544,Parkinson's disease,3,Rate,2020,103.51998875957999,125.28297166283,84.15936128749999
1,All Population,5,Prevalence,68,Republic of Korea,3,Both,22,All ages,544,Parkinson's disease,3,Rate,2020,179.69843361178,185.43619943667,173.8852247901
1,All Population,5,Prevalence,132,Panama,3,Both,22,All ages,544,Parkinson's disease,3,Rate,2020,173.69667350229,202.57612543819002,141.50645992797
1,All Population,5,Prevalence,29,Tonga,3,Both,22,All ages,544,Parkinson's disease,3,Rate,2019,99.61477365924002,115.20112072237,85.66342166288
1,All Population,5,Prevalence,97,Argentina,3,Both,22,All ages,544,Parkinson's disease,3,Rate,2020,192.49212056398,213.42562442798,175.69523703712
1,All Population,5,Prevalence,207,Ghana,3,Both,22,All ages,544,Parkinson's disease,3,Rate,2020,23.84337167952,27.92801209283,19.81802379734
1,All Population,5,Prevalence,163,India,3,Both,22,All ages,544,Parkinson's disease,3,Rate,2020,48.334455661170004,58.895304734380005,39.56755532178
1,All Population,5,Prevalence,210,Liberia,3,Both,22,All ages,544,Parkinson's disease,3,Rate,2020,19.086112271039998,22.68441546443,15.84742995977
1,All Population,5,Prevalence,177,Djibouti,3,Both,22,All ages,544,Parkinson's disease,3,Rate,2020,20.85457906596,25.013803235730002,17.09366620209
1,All Population,5,Prevalence,169,Central African Republic,3,Both,22,All ages,544,Parkinson's disease,3,Rate,2020,13.995629566649999,16.51965102332,11.74228949865
1,All Population,5,Prevalence,113,Guyana,3,Both,22,All ages,544,Parkinson's disease,3,Rate,2020,110.97760143405999,132.74025132443,91.37132371579
1,All Population,5,Prevalence,156,United Arab Emirates,3,Both,22,All ages,544,Parkinson's disease,3,Rate,2020,47.43796996382,59.780163233260005,37.17401715773
1,All Population,5,Prevalence,202,Cameroon,3,Both,22,All ages,544,Parkinson's disease,3,Rate,2020,18.109631250510002,21.905330349019998,14.95299501294
1,All Population,5,Prevalence,131,Nicaragua,3,Both,22,All ages,544,Parkinson's disease,3,Rate,2020,98.60832667373,118.67196135625,82.6115563548
1,All Population,5,Prevalence,142,Iran (Islamic Republic of),3,Both,22,All ages,544,Parkinson's disease,3,Rate,2020,124.90033216917,152.66554842358,103.43780058778
1,All Population,5,Prevalence,102,United States of America,3,Both,22,All ages,544,Parkinson's disease,3,Rate,2020,273.43388029905,303.01757221021,246.37753128465002
1,All Population,5,Prevalence,180,Kenya,3,Both,22,All ages,544,Parkinson's disease,3,Rate,2020,15.32601765843,18.71004364329,12.507151229249999
1,All Population,5,Prevalence,145,Kuwait,3,Both,22,All ages,544,Parkinson's disease,3,Rate,2020,75.15552980937,90.67395655815,63.712664781449995
1,All Population,5,Prevalence,213,Niger,3,Both,22,All ages,544,Parkinson's disease,3,Rate,2020,11.205142295609999,13.652472054810001,9.39287847031
1,All Population,5,Prevalence,189,United Republic of Tanzania,3,Both,22,All ages,544,Parkinson's disease,3,Rate,2020,18.70403481776,22.12352455472,16.00761488342
1,All Population,5,Prevalence,63,Ukraine,3,Both,22,All ages,544,Parkinson's disease,3,Rate,2019,47.822074105009996,59.198120999539995,38.79349679858
1,All Population,5,Prevalence,374,Niue,3,Both,22,All ages,544,Parkinson's disease,3,Rate,2020,216.30829952809,252.4622141697,181.44613675673
1,All Population,5,Prevalence,10,Cambodia,3,Both,22,All ages,544,Parkinson's disease,3,Rate,2019,58.116327942379996,68.27107224397,49.05857553733
1,All Population,5,Prevalence,435,South Sudan,3,Both,22,All ages,544,Parkinson's disease,3,Rate,2020,13.76058380972,16.52964184651,11.45016541371
1,All Population,5,Prevalence,176,Comoros,3,Both,22,All ages,544,Parkinson's disease,3,Rate,2020,42.09495466067,49.07801226093,35.12134248744
1,All Population,5,Prevalence,413,Tokelau,3,Both,22,All ages,544,Parkinson's disease,3,Rate,2020,166.46035812155,198.4173297894,136.85593569268
1,All Population,5,Prevalence,171,Democratic Republic of the Congo,3,Both,22,All ages,544,Parkinson's disease,3,Rate,2020,15.0443946212,17.85807321999,12.29817603671
1,All Population,5,Prevalence,209,Guinea-Bissau,3,Both,22,All ages,544,Parkinson's disease,3,Rate,2020,15.94193507759,18.55971483443,13.05972284878
1,All Population,5,Prevalence,187,Somalia,3,Both,22,All ages,544,Parkinson's disease,3,Rate,2020,15.0928965299,18.00633745478,12.49359336849
1,All Population,5,Prevalence,320,Cook Islands,3,Both,22,All ages,544,Parkinson's disease,3,Rate,2020,171.5487413324,206.55249910399,142.40219734277
1,All Population,5,Prevalence,74,Andorra,3,Both,22,All ages,544,Parkinson's disease,3,Rate,2019,178.315281527,206.63759273157,150.46944656089
1,All Population,5,Prevalence,144,Jordan,3,Both,22,All ages,544,Parkinson's disease,3,Rate,2020,62.80518263571,75.92284230546,51.597785314119996
1,All Population,5,Prevalence,215,Sao Tome and Principe,3,Both,22,All ages,544,Parkinson's disease,3,Rate,2020,31.045530276319997,35.666026813609996,26.76652048717
1,All Population,5,Prevalence,150,Oman,3,Both,22,All ages,544,Parkinson's disease,3,Rate,2020,67.36342927276,79.26575886143,54.89517754487
1,All Population,5,Prevalence,147,Libya,3,Both,22,All ages,544,Parkinson's disease,3,Rate,2020,100.34413792698,119.56573017528,85.85268836614
1,All Population,5,Prevalence,182,Malawi,3,Both,22,All ages,544,Parkinson's disease,3,Rate,2020,13.39355324742,16.45222670053,10.742986114199999
1,All Population,5,Prevalence,33,Armenia,3,Both,22,All ages,544,Parkinson's disease,3,Rate,2019,54.13815710499,63.88974276008,45.017731400500004
1,All Population,5,Prevalence,191,Zambia,3,Both,22,All ages,544,Parkinson's disease,3,Rate,2020,11.54094030768,14.11522337841,9.62571981044
1,All Population,5,Prevalence,126,Costa Rica,3,Both,22,All ages,544,Parkinson's disease,3,Rate,2020,168.73739756522,202.2182735813,140.56423150782
1,All Population,5,Prevalence,160,Afghanistan,3,Both,22,All ages,544,Parkinson's disease,3,Rate,2020,35.570253847420005,43.48989474462,30.11220560573
1,All Population,5,Prevalence,178,Eritrea,3,Both,22,All ages,544,Parkinson's disease,3,Rate,2020,22.856788131760002,27.511384525660002,19.00053305039
1,All Population,5,Prevalence,204,Chad,3,Both,22,All ages,544,Parkinson's disease,3,Rate,2020,11.879905882800001,14.106652922150001,9.83190353399
1,All Population,5,Prevalence,12,Lao People's Democratic Republic,3,Both,22,All ages,544,Parkinson's disease,3,Rate,2019,42.26915021287,49.737151076880004,35.420440599129996
1,All Population,5,Prevalence,190,Uganda,3,Both,22,All ages,544,Parkinson's disease,3,Rate,2020,13.317772451709999,16.036554148649998,11.12051671596
1,All Population,5,Prevalence,351,Guam,3,Both,22,All ages,544,Parkinson's disease,3,Rate,2020,154.37685036454,183.05795262635,129.44322160378
1,All Population,5,Prevalence,87,Luxembourg,3,Both,22,All ages,544,Parkinson's disease,3,Rate,2019,201.51003536194,243.00946899704002,173.56556724399
1,All Population,5,Prevalence,422,United States Virgin Islands,3,Both,22,All ages,544,Parkinson's disease,3,Rate,2020,427.72507565032004,522.76922619979,352.40700504026
1,All Population,5,Prevalence,217,Sierra Leone,3,Both,22,All ages,544,Parkinson's disease,3,Rate,2020,18.32026855078,21.8543601014,14.981686433280002
1,All Population,5,Prevalence,349,Greenland,3,Both,22,All ages,544,Parkinson's disease,3,Rate,2020,89.79204688175,107.57253273174,72.53063384071
1,All Population,5,Prevalence,184,Mozambique,3,Both,22,All ages,544,Parkinson's disease,3,Rate,2020,15.01513771117,17.633243941179998,12.25260956605
1,All Population,5,Prevalence,196,South Africa,3,Both,22,All ages,544,Parkinson's disease,3,Rate,2020,37.51474338673,45.1017699133,30.984620675440002
1,All Population,5,Prevalence,203,Cabo Verde,3,Both,22,All ages,544,Parkinson's disease,3,Rate,2020,53.91995110499,62.31826693131,46.06425669268
1,All Population,5,Prevalence,193,Botswana,3,Both,22,All ages,544,Parkinson's disease,3,Rate,2020,33.81706698861,39.36705351594,28.13438409258
1,All Population,5,Prevalence,76,Belgium,3,Both,22,All ages,544,Parkinson's disease,3,Rate,2019,231.96293193145,260.9136269643,207.60457572638
1,All Population,5,Prevalence,44,Bosnia and Herzegovina,3,Both,22,All ages,544,Parkinson's disease,3,Rate,2019,195.97004927907003,222.39657489560003,167.40471890217
1,All Population,5,Prevalence,173,Gabon,3,Both,22,All ages,544,Parkinson's disease,3,Rate,2020,35.01209309212,41.16630439647,29.19263112968
1,All Population,5,Prevalence,206,Gambia,3,Both,22,All ages,544,Parkinson's disease,3,Rate,2020,21.64989027202,25.580316019330002,17.82617232249
1,All Population,5,Prevalence,298,American Samoa,3,Both,22,All ages,544,Parkinson's disease,3,Rate,2020,116.52024946447,138.45779518558,98.00717723985001
1,All Population,5,Prevalence,380,Palau,3,Both,22,All ages,544,Parkinson's disease,3,Rate,2020,140.81463056394,171.1642234354,114.20536532431001
1,All Population,5,Prevalence,198,Zimbabwe,3,Both,22,All ages,544,Parkinson's disease,3,Rate,2020,23.75290754913,27.72122777889,19.6218349655
1,All Population,5,Prevalence,121,Bolivia (Plurinational State of),3,Both,22,All ages,544,Parkinson's disease,3,Rate,2019,163.38857362115002,193.28477347071,133.21091362736
1,All Population,5,Prevalence,195,Namibia,3,Both,22,All ages,544,Parkinson's disease,3,Rate,2020,26.85543488519,31.615478429080003,22.7964760255
1,All Population,5,Prevalence,78,Denmark,3,Both,22,All ages,544,Parkinson's disease,3,Rate,2019,176.1359513953,191.23603607266,164.48232966230998
1,All Population,5,Prevalence,14,Maldives,3,Both,22,All ages,544,Parkinson's disease,3,Rate,2019,56.805599117769994,65.21272294365001,48.332436288400004
1,All Population,5,Prevalence,57,Belarus,3,Both,22,All ages,544,Parkinson's disease,3,Rate,2019,94.1854761565,108.90896590860001,78.87172408789
1,All Population,5,Prevalence,89,Netherlands,3,Both,22,All ages,544,Parkinson's disease,3,Rate,2019,230.59622461962002,262.58647022285,208.52361087346003
1,All Population,5,Prevalence,369,Nauru,3,Both,22,All ages,544,Parkinson's disease,3,Rate,2020,44.452544155480005,52.752197687809996,38.28183884146
1,All Population,5,Prevalence,208,Guinea,3,Both,22,All ages,544,Parkinson's disease,3,Rate,2020,17.82395106411,21.400866822780003,15.13690810968
1,All Population,5,Prevalence,367,Monaco,3,Both,22,All ages,544,Parkinson's disease,3,Rate,2020,324.93317466859,394.55746913391,268.02250067502
1,All Population,5,Prevalence,123,Peru,3,Both,22,All ages,544,Parkinson's disease,3,Rate,2019,150.94701221349,177.01409840826,126.22954725074
1,All Population,5,Prevalence,46,Croatia,3,Both,22,All ages,544,Parkinson's disease,3,Rate,2019,274.26017097183,316.66953291737997,237.71253698232002
1,All Population,5,Prevalence,393,Saint Kitts and Nevis,3,Both,22,All ages,544,Parkinson's disease,3,Rate,2020,241.42400428775,268.92199527432,217.43197669487
1,All Population,5,Prevalence,59,Latvia,3,Both,22,All ages,544,Parkinson's disease,3,Rate,2019,139.10387868565,164.18740989852,110.81325787133001
1,All Population,5,Prevalence,91,Portugal,3,Both,22,All ages,544,Parkinson's disease,3,Rate,2019,295.35214121802,325.17491529107,262.24826270727
1,All Population,5,Prevalence,48,Hungary,3,Both,22,All ages,544,Parkinson's disease,3,Rate,2019,237.97633398458,239.49047759642,236.40605804580997
1,All Population,5,Prevalence,125,Colombia,3,Both,22,All ages,544,Parkinson's disease,3,Rate,2019,119.09188214906,125.35883159000001,112.70874872015
1,All Population,5,Prevalence,179,Ethiopia,3,Both,22,All ages,544,Parkinson's disease,3,Rate,2019,20.19405628939,24.21667735191,16.38340016824
1,All Population,5,Prevalence,136,Paraguay,3,Both,22,All ages,544,Parkinson's disease,3,Rate,2019,204.33196632902002,240.58279426275,162.99845545808
1,All Population,5,Prevalence,168,Angola,3,Both,22,All ages,544,Parkinson's disease,3,Rate,2019,14.89537259348,17.617535071600003,12.49168723476
1,All Population,5,Prevalence,106,Bahamas,3,Both,22,All ages,544,Parkinson's disease,3,Rate,2019,148.52449866804,173.06066831319,130.96066282912
1,All Population,5,Prevalence,72,New Zealand,3,Both,22,All ages,544,Parkinson's disease,3,Rate,2019,186.0103601791,230.53779739421998,150.93009280253
1,All Population,5,Prevalence,93,Sweden,3,Both,22,All ages,544,Parkinson's disease,3,Rate,2019,323.0620049523,347.90423557989,297.11127318922
1,All Population,5,Prevalence,61,Republic of Moldova,3,Both,22,All ages,544,Parkinson's disease,3,Rate,2019,78.59266329907001,89.41075821381,64.68056303245001
1,All Population,5,Prevalence,181,Madagascar,3,Both,22,All ages,544,Parkinson's disease,3,Rate,2019,11.82807832107,13.95159800377,9.80194377937
1,All Population,5,Prevalence,170,Congo,3,Both,22,All ages,544,Parkinson's disease,3,Rate,2019,18.67061080462,22.12498968783,15.531962688210001
1,All Population,5,Prevalence,149,Palestine,3,Both,22,All ages,544,Parkinson's disease,3,Rate,2019,59.82820088447001,68.89509800631001,51.15259480884
1,All Population,5,Prevalence,108,Belize,3,Both,22,All ages,544,Parkinson's disease,3,Rate,2019,108.33396967891,125.01800913494002,90.20085522962
1,All Population,5,Prevalence,216,Senegal,3,Both,22,All ages,544,Parkinson's disease,3,Rate,2019,23.59298403387,27.337319658760002,19.6352274421
1,All Population,5,Prevalence,140,Bahrain,3,Both,22,All ages,544,Parkinson's disease,3,Rate,2019,72.88205358572,86.3544548688,60.963114350859996
1,All Population,5,Prevalence,151,Qatar,3,Both,22,All ages,544,Parkinson's disease,3,Rate,2019,43.48421888272,52.88030556685,35.66291368316
1,All Population,5,Prevalence,183,Mauritius,3,Both,22,All ages,544,Parkinson's disease,3,Rate,2019,145.01100598059,172.70034384074998,122.31264735112
1,All Population,5,Prevalence,197,Eswatini,3,Both,22,All ages,544,Parkinson's disease,3,Rate,2019,28.62929025493,33.398355190589996,23.75971325785
1,All Population,5,Prevalence,119,Trinidad and Tobago,3,Both,22,All ages,544,Parkinson's disease,3,Rate,2019,207.97968974172997,244.55245176217,171.50731358253
1,All Population,5,Prevalence,218,Togo,3,Both,22,All ages,544,Parkinson's disease,3,Rate,2019,16.97100497732,19.72812802584,14.332104003129999
1,All Population,5,Prevalence,164,Nepal,3,Both,22,All ages,544,Parkinson's disease,3,Rate,2019,48.16106824348,55.87758091180999,39.853100385599994
1,All Population,5,Prevalence,185,Rwanda,3,Both,22,All ages,544,Parkinson's disease,3,Rate,2019,16.809467515610002,19.96137841579,14.095223679030001
1,All Population,5,Prevalence,153,Syrian Arab Republic,3,Both,22,All ages,544,Parkinson's disease,3,Rate,2019,104.51926280270001,123.25910041082,87.00329248624
1,All Population,5,Prevalence,376,Northern Mariana Islands,3,Both,22,All ages,544,Parkinson's disease,3,Rate,2019,98.71095069934,118.36166287933,82.68890777145
1,All Population,5,Prevalence,305,Bermuda,3,Both,22,All ages,544,Parkinson's disease,3,Rate,2019,336.7049014684,395.67096154472,283.45858630861
1,All Population,5,Prevalence,201,Burkina Faso,3,Both,22,All ages,544,Parkinson's disease,3,Rate,2019,17.33621263372,20.45792629664,14.467285517090001
1,All Population,5,Prevalence,385,Puerto Rico,3,Both,22,All ages,544,Parkinson's disease,3,Rate,2019,397.99316689259996,476.7257097902,336.84708352458
1,All Population,5,Prevalence,155,Türkiye,3,Both,22,All ages,544,Parkinson's disease,3,Rate,2019,234.5395660418,267.91411456947003,205.86540121787
1,All Population,5,Prevalence,212,Mauritania,3,Both,22,All ages,544,Parkinson's disease,3,Rate,2019,22.60343472532,26.81066250427,18.77533347704
1,All Population,5,Prevalence,396,San Marino,3,Both,22,All ages,544,Parkinson's disease,3,Rate,2019,208.99804368054,248.49011301924997,175.28132737424
1,All Population,5,Prevalence,214,Nigeria,3,Both,22,All ages,544,Parkinson's disease,3,Rate,2019,16.58844224539,20.14170445444,13.61817286415
1,All Population,5,Prevalence,416,Tuvalu,3,Both,22,All ages,544,Parkinson's disease,3,Rate,2019,85.65852319487,104.14955782282,69.45963515348
1,All Population,5,Prevalence,15,Myanmar,3,Both,22,All ages,544,Parkinson's disease,3,Rate,2021,62.65751905367,73.60571393856999,52.36975529396
1,All Population,5,Prevalence,22,Fiji,3,Both,22,All ages,544,Parkinson's disease,3,Rate,2021,94.53259988045001,111.45619249005,81.32980901982
1,All Population,5,Prevalence,28,Solomon Islands,3,Both,22,All ages,544,Parkinson's disease,3,Rate,2021,48.14507636947,56.45152778295,41.30976951895
1,All Population,5,Prevalence,6,China,3,Both,22,All ages,544,Parkinson's disease,3,Rate,2021,226.38249444,278.42986834918,183.69885850701
1,All Population,5,Prevalence,17,Sri Lanka,3,Both,22,All ages,544,Parkinson's disease,3,Rate,2021,131.49554283484,149.5714954378,113.22661859249001
1,All Population,5,Prevalence,62,Russian Federation,3,Both,22,All ages,544,Parkinson's disease,3,Rate,2021,95.49457770754,116.34425495619001,77.48563511335
1,All Population,5,Prevalence,24,Marshall Islands,3,Both,22,All ages,544,Parkinson's disease,3,Rate,2021,70.47120749969,83.54951172861999,59.24990445064999
1,All Population,5,Prevalence,35,Georgia,3,Both,22,All ages,544,Parkinson's disease,3,Rate,2021,72.72727099105,84.68472546861,60.841552265139995
1,All Population,5,Prevalence,69,Singapore,3,Both,22,All ages,544,Parkinson's disease,3,Rate,2021,89.98691099664,101.99593321495999,79.07603217860999
1,All Population,5,Prevalence,80,France,3,Both,22,All ages,544,Parkinson's disease,3,Rate,2021,262.05461885172,283.8768510152,244.76412615421
1,All Population,5,Prevalence,40,Turkmenistan,3,Both,22,All ages,544,Parkinson's disease,3,Rate,2021,23.77967576999,28.16429798026,19.74361007368
1,All Population,5,Prevalence,30,Vanuatu,3,Both,22,All ages,544,Parkinson's disease,3,Rate,2021,59.63898433099,68.77603645672,50.79206540742
1,All Population,5,Prevalence,51,Poland,3,Both,22,All ages,544,Parkinson's disease,3,Rate,2021,217.66634680994,242.97613789853,194.53380123824002
1,All Population,5,Prevalence,41,Uzbekistan,3,Both,22,All ages,544,Parkinson's disease,3,Rate,2021,22.928145189840002,27.10936189677,19.42232287164
1,All Population,5,Prevalence,75,Austria,3,Both,22,All ages,544,Parkinson's disease,3,Rate,2021,244.00605516456,278.61451816911,209.90275438045
1,All Population,5,Prevalence,8,Taiwan,3,Both,22,All ages,544,Parkinson's disease,3,Rate,2021,329.47809163438995,340.12726175466,318.38764437165
1,All Population,5,Prevalence,71,Australia,3,Both,22,All ages,544,Parkinson's disease,3,Rate,2021,304.92442149907004,373.34388047189,255.10570748115
1,All Population,5,Prevalence,37,Kyrgyzstan,3,Both,22,All ages,544,Parkinson's disease,3,Rate,2021,20.13599123753,24.34544221382,16.18695941059
1,All Population,5,Prevalence,522,Sudan,3,Both,22,All ages,544,Parkinson's disease,3,Rate,2019,67.17456987074,79.23543701172,56.647390087400005
1,All Population,5,Prevalence,50,Montenegro,3,Both,22,All ages,544,Parkinson's disease,3,Rate,2021,192.14846272646,225.04337851288997,162.11231178691
1,All Population,5,Prevalence,82,Greece,3,Both,22,All ages,544,Parkinson's disease,3,Rate,2021,342.17453108076,375.10670276716996,304.12147392431
1,All Population,5,Prevalence,11,Indonesia,3,Both,22,All ages,544,Parkinson's disease,3,Rate,2021,65.47687722793,78.69475962221999,53.79902048771
1,All Population,5,Prevalence,19,Timor-Leste,3,Both,22,All ages,544,Parkinson's disease,3,Rate,2021,49.96390660339,59.158775019240004,41.43762326344
1,All Population,5,Prevalence,109,Cuba,3,Both,22,All ages,544,Parkinson's disease,3,Rate,2021,260.39269171592,310.75155994200003,216.16591950817002
1,All Population,5,Prevalence,7,Democratic People's Republic of Korea,3,Both,22,All ages,544,Parkinson's disease,3,Rate,2021,148.35926831204,178.83358364141,124.98315829405999
1,All Population,5,Prevalence,43,Albania,3,Both,22,All ages,544,Parkinson's disease,3,Rate,2021,217.39333534352,259.43227972676,174.83505878525
1,All Population,5,Prevalence,53,Serbia,3,Both,22,All ages,544,Parkinson's disease,3,Rate,2021,188.34044670803,220.58645869023,157.60069704175
1,All Population,5,Prevalence,77,Cyprus,3,Both,22,All ages,544,Parkinson's disease,3,Rate,2021,166.60124132458,196.38632419373002,139.35721056684
1,All Population,5,Prevalence,88,Malta,3,Both,22,All ages,544,Parkinson's disease,3,Rate,2021,244.83960751426,301.84362854244,198.08208178930002
1,All Population,5,Prevalence,98,Chile,3,Both,22,All ages,544,Parkinson's disease,3,Rate,2021,162.40357131217,202.61886467494,134.42389709043002
1,All Population,5,Prevalence,116,Saint Lucia,3,Both,22,All ages,544,Parkinson's disease,3,Rate,2021,239.29767525967,280.80685809419,202.87822809272998
1,All Population,5,Prevalence,95,United Kingdom,3,Both,22,All ages,544,Parkinson's disease,3,Rate,2021,227.98172945271003,270.93007656328,190.44624081546
1,All Population,5,Prevalence,18,Thailand,3,Both,22,All ages,544,Parkinson's disease,3,Rate,2021,188.59439812693,211.47180475495003,165.88175316890002
1,All Population,5,Prevalence,39,Tajikistan,3,Both,22,All ages,544,Parkinson's disease,3,Rate,2021,20.91601831995,25.1071048322,17.71452578433
1,All Population,5,Prevalence,127,El Salvador,3,Both,22,All ages,544,Parkinson's disease,3,Rate,2021,158.19901986537,185.93861535799002,131.00788748485
1,All Population,5,Prevalence,13,Malaysia,3,Both,22,All ages,544,Parkinson's disease,3,Rate,2021,86.59214386056,100.45318086188001,72.53592743924
1,All Population,5,Prevalence,84,Ireland,3,Both,22,All ages,544,Parkinson's disease,3,Rate,2021,179.73344657788,202.5065424049,157.03637833683
1,All Population,5,Prevalence,122,Ecuador,3,Both,22,All ages,544,Parkinson's disease,3,Rate,2021,203.61816651308,239.60712800341003,170.60279099084002
1,All Population,5,Prevalence,52,Romania,3,Both,22,All ages,544,Parkinson's disease,3,Rate,2021,206.47271322562997,235.91135053346,170.07002524438002
1,All Population,5,Prevalence,45,Bulgaria,3,Both,22,All ages,544,Parkinson's disease,3,Rate,2021,240.42613867500998,283.56774319366997,198.75270543661
1,All Population,5,Prevalence,34,Azerbaijan,3,Both,22,All ages,544,Parkinson's disease,3,Rate,2021,32.03296517232,36.31604034699,28.227965091830004
1,All Population,5,Prevalence,79,Finland,3,Both,22,All ages,544,Parkinson's disease,3,Rate,2021,260.23404941184003,287.20248597297,234.42466501439
1,All Population,5,Prevalence,66,Brunei Darussalam,3,Both,22,All ages,544,Parkinson's disease,3,Rate,2021,58.741293724040005,67.83009180489,50.17619886373001
1,All Population,5,Prevalence,90,Norway,3,Both,22,All ages,544,Parkinson's disease,3,Rate,2021,214.89219630172002,264.57133159326,175.74272845485999
1,All Population,5,Prevalence,133,Venezuela (Bolivarian Republic of),3,Both,22,All ages,544,Parkinson's disease,3,Rate,2021,154.93030826701002,186.29811674182,122.96250718432
1,All Population,5,Prevalence,97,Argentina,3,Both,22,All ages,544,Parkinson's disease,3,Rate,2021,192.587942308,217.78152173700002,171.90427768418
1,All Population,5,Prevalence,55,Slovenia,3,Both,22,All ages,544,Parkinson's disease,3,Rate,2021,233.3735512464,269.21197498149,202.30917148709003
1,All Population,5,Prevalence,111,Dominican Republic,3,Both,22,All ages,544,Parkinson's disease,3,Rate,2021,155.0825330899,180.41841153082999,134.29239584624
1,All Population,5,Prevalence,145,Kuwait,3,Both,22,All ages,544,Parkinson's disease,3,Rate,2021,79.82756585403,96.766739555,68.30689529188
1,All Population,5,Prevalence,58,Estonia,3,Both,22,All ages,544,Parkinson's disease,3,Rate,2021,244.22065976277997,258.55772195282,225.5826388997
1,All Population,5,Prevalence,20,Viet Nam,3,Both,22,All ages,544,Parkinson's disease,3,Rate,2021,96.15389939075,113.27692602072,81.10685486486001
1,All Population,5,Prevalence,129,Honduras,3,Both,22,All ages,544,Parkinson's disease,3,Rate,2021,105.71199301487,125.58371169765,87.29830491267
1,All Population,5,Prevalence,156,United Arab Emirates,3,Both,22,All ages,544,Parkinson's disease,3,Rate,2021,52.10906161415,65.08814376854001,40.88705135462
1,All Population,5,Prevalence,47,Czechia,3,Both,22,All ages,544,Parkinson's disease,3,Rate,2021,246.78038954273,271.892587528,223.40313524213002
1,All Population,5,Prevalence,81,Germany,3,Both,22,All ages,544,Parkinson's disease,3,Rate,2021,526.96913410643,551.92389110904,499.34434141155
1,All Population,5,Prevalence,54,Slovakia,3,Both,22,All ages,544,Parkinson's disease,3,Rate,2021,165.09556230752,191.78922112695,139.5286579424
1,All Population,5,Prevalence,68,Republic of Korea,3,Both,22,All ages,544,Parkinson's disease,3,Rate,2021,195.66605417769,202.91732916391,188.65917464877
1,All Population,5,Prevalence,86,Italy,3,Both,22,All ages,544,Parkinson's disease,3,Rate,2021,560.37227594975,671.11923007819,463.12049437209
1,All Population,5,Prevalence,23,Kiribati,3,Both,22,All ages,544,Parkinson's disease,3,Rate,2021,69.93717782307999,81.7583249217,59.83808501248
1,All Population,5,Prevalence,163,India,3,Both,22,All ages,544,Parkinson's disease,3,Rate,2021,50.1080798848,61.240522968810005,41.06058581437
1,All Population,5,Prevalence,10,Cambodia,3,Both,22,All ages,544,Parkinson's disease,3,Rate,2020,60.43121396014,71.74670598409999,50.744868627399995
1,All Population,5,Prevalence,135,Brazil,3,Both,22,All ages,544,Parkinson's disease,3,Rate,2021,317.41515223748996,384.7932706721,258.53695573223
1,All Population,5,Prevalence,26,Papua New Guinea,3,Both,22,All ages,544,Parkinson's disease,3,Rate,2021,52.06124278442,60.90336538148,44.42170724697
1,All Population,5,Prevalence,92,Spain,3,Both,22,All ages,544,Parkinson's disease,3,Rate,2021,404.82498050355,456.906609598,365.33521487986997
1,All Population,5,Prevalence,36,Kazakhstan,3,Both,22,All ages,544,Parkinson's disease,3,Rate,2021,38.670523344989995,46.572406510949996,31.94008428176
1,All Population,5,Prevalence,99,Uruguay,3,Both,22,All ages,544,Parkinson's disease,3,Rate,2021,289.69774751326,319.08061904782,266.74970819554
1,All Population,5,Prevalence,102,United States of America,3,Both,22,All ages,544,Parkinson's disease,3,Rate,2021,278.90011620795,310.00809500072,249.78438981652
1,All Population,5,Prevalence,60,Lithuania,3,Both,22,All ages,544,Parkinson's disease,3,Rate,2021,131.06860920405,155.4044962541,113.13230244358
1,All Population,5,Prevalence,142,Iran (Islamic Republic of),3,Both,22,All ages,544,Parkinson's disease,3,Rate,2021,128.50297857032,157.1130909043,106.05930926131
1,All Population,5,Prevalence,180,Kenya,3,Both,22,All ages,544,Parkinson's disease,3,Rate,2021,15.65348350254,18.92226351009,12.872451427809999
1,All Population,5,Prevalence,131,Nicaragua,3,Both,22,All ages,544,Parkinson's disease,3,Rate,2021,101.06280150591,117.89567791986,83.7566988078
1,All Population,5,Prevalence,147,Libya,3,Both,22,All ages,544,Parkinson's disease,3,Rate,2021,101.77679165942999,121.01275921268,86.57881147684999
1,All Population,5,Prevalence,113,Guyana,3,Both,22,All ages,544,Parkinson's disease,3,Rate,2021,116.25457771638,137.032981979,95.39111162787
1,All Population,5,Prevalence,169,Central African Republic,3,Both,22,All ages,544,Parkinson's disease,3,Rate,2021,13.99979045202,16.44223123334,11.879489872239999
1,All Population,5,Prevalence,67,Japan,3,Both,22,All ages,544,Parkinson's disease,3,Rate,2021,272.82569665305,334.96120400105,222.66284093692
1,All Population,5,Prevalence,110,Dominica,3,Both,22,All ages,544,Parkinson's disease,3,Rate,2021,284.09089008728,322.71744155065,236.85367633485
1,All Population,5,Prevalence,83,Iceland,3,Both,22,All ages,544,Parkinson's disease,3,Rate,2021,219.00953852617002,251.09616586773998,187.72546063993
1,All Population,5,Prevalence,176,Comoros,3,Both,22,All ages,544,Parkinson's disease,3,Rate,2021,42.78736267549,49.43371744002,35.93705026912
1,All Population,5,Prevalence,187,Somalia,3,Both,22,All ages,544,Parkinson's disease,3,Rate,2021,15.067238540960002,17.99707649289,12.6139862978
1,All Population,5,Prevalence,105,Antigua and Barbuda,3,Both,22,All ages,544,Parkinson's disease,3,Rate,2021,195.06705354374,223.78438725792998,170.3395297728
1,All Population,5,Prevalence,25,Micronesia (Federated States of),3,Both,22,All ages,544,Parkinson's disease,3,Rate,2021,84.96898972307001,99.10398401338,71.64745207038
1,All Population,5,Prevalence,33,Armenia,3,Both,22,All ages,544,Parkinson's disease,3,Rate,2020,55.83134337106001,67.15940329025,46.28593890147
1,All Population,5,Prevalence,94,Switzerland,3,Both,22,All ages,544,Parkinson's disease,3,Rate,2021,251.76947029917,305.06952441529,215.76086829808997
1,All Population,5,Prevalence,12,Lao People's Democratic Republic,3,Both,22,All ages,544,Parkinson's disease,3,Rate,2020,43.81178951582,51.857945298640004,36.45087160374
1,All Population,5,Prevalence,101,Canada,3,Both,22,All ages,544,Parkinson's disease,3,Rate,2021,268.9579808367,313.45641940843,235.29823015025997
1,All Population,5,Prevalence,49,North Macedonia,3,Both,22,All ages,544,Parkinson's disease,3,Rate,2021,203.13222773532001,237.65980231141003,167.97605764303998
1,All Population,5,Prevalence,144,Jordan,3,Both,22,All ages,544,Parkinson's disease,3,Rate,2021,64.86460994378,77.87731596843,54.08140420706
1,All Population,5,Prevalence,38,Mongolia,3,Both,22,All ages,544,Parkinson's disease,3,Rate,2021,16.68122709405,18.956117149289998,14.904821094689998
1,All Population,5,Prevalence,204,Chad,3,Both,22,All ages,544,Parkinson's disease,3,Rate,2021,11.84276541432,13.96030877282,9.73514001511
1,All Population,5,Prevalence,193,Botswana,3,Both,22,All ages,544,Parkinson's disease,3,Rate,2021,34.07084007542,39.308124218130004,28.70017442052
1,All Population,5,Prevalence,126,Costa Rica,3,Both,22,All ages,544,Parkinson's disease,3,Rate,2021,178.98211717529,208.48305403096998,152.44837618531
1,All Population,5,Prevalence,44,Bosnia and Herzegovina,3,Both,22,All ages,544,Parkinson's disease,3,Rate,2020,204.0713034826,232.24042919418,172.94690295321
1,All Population,5,Prevalence,115,Jamaica,3,Both,22,All ages,544,Parkinson's disease,3,Rate,2021,163.65109060899002,194.44667310394,140.67655139491
1,All Population,5,Prevalence,178,Eritrea,3,Both,22,All ages,544,Parkinson's disease,3,Rate,2021,23.24738470338,27.192069840320002,19.4310563675
1,All Population,5,Prevalence,112,Grenada,3,Both,22,All ages,544,Parkinson's disease,3,Rate,2021,258.97838421023,301.09222421718,223.21262272302
1,All Population,5,Prevalence,150,Oman,3,Both,22,All ages,544,Parkinson's disease,3,Rate,2021,70.44641718432,81.13958473206,58.034910852950006
1,All Population,5,Prevalence,171,Democratic Republic of the Congo,3,Both,22,All ages,544,Parkinson's disease,3,Rate,2021,15.1703010631,18.02828369223,12.4740733411
1,All Population,5,Prevalence,182,Malawi,3,Both,22,All ages,544,Parkinson's disease,3,Rate,2021,13.25942093419,15.73294505958,11.10128605726
1,All Population,5,Prevalence,85,Israel,3,Both,22,All ages,544,Parkinson's disease,3,Rate,2021,261.16926102025,284.94688602029004,234.42885163150999
1,All Population,5,Prevalence,139,Algeria,3,Both,22,All ages,544,Parkinson's disease,3,Rate,2021,114.33044616165,133.42815201846,95.76301279049
1,All Population,5,Prevalence,107,Barbados,3,Both,22,All ages,544,Parkinson's disease,3,Rate,2021,333.5430112975,380.5706980786,295.58927707102
1,All Population,5,Prevalence,190,Uganda,3,Both,22,All ages,544,Parkinson's disease,3,Rate,2021,13.546364258219999,16.04475222964,11.50961028107
1,All Population,5,Prevalence,160,Afghanistan,3,Both,22,All ages,544,Parkinson's disease,3,Rate,2021,35.33944127956,41.86406709252,30.0154078741
1,All Population,5,Prevalence,146,Lebanon,3,Both,22,All ages,544,Parkinson's disease,3,Rate,2021,151.20624861812,175.99929475984,127.20940809455
1,All Population,5,Prevalence,118,Suriname,3,Both,22,All ages,544,Parkinson's disease,3,Rate,2021,170.13174345836,196.28337632215002,146.47644918026
1,All Population,5,Prevalence,195,Namibia,3,Both,22,All ages,544,Parkinson's disease,3,Rate,2021,26.439410747990003,30.53927842528,22.61812552873
1,All Population,5,Prevalence,196,South Africa,3,Both,22,All ages,544,Parkinson's disease,3,Rate,2021,38.32381212798,46.35449612831,31.56651754182
1,All Population,5,Prevalence,217,Sierra Leone,3,Both,22,All ages,544,Parkinson's disease,3,Rate,2021,18.43178959123,21.60502710051,15.575352577570001
1,All Population,5,Prevalence,206,Gambia,3,Both,22,All ages,544,Parkinson's disease,3,Rate,2021,21.29952997539,24.8677899697,17.77131949304
1,All Population,5,Prevalence,203,Cabo Verde,3,Both,22,All ages,544,Parkinson's disease,3,Rate,2021,54.74789836211001,63.43311699157,46.143791537350005
1,All Population,5,Prevalence,114,Haiti,3,Both,22,All ages,544,Parkinson's disease,3,Rate,2021,56.79078907796,67.51114222766,47.644619044980004
1,All Population,5,Prevalence,128,Guatemala,3,Both,22,All ages,544,Parkinson's disease,3,Rate,2021,97.79333140685,116.81845860562998,82.98059037831999
1,All Population,5,Prevalence,349,Greenland,3,Both,22,All ages,544,Parkinson's disease,3,Rate,2021,95.72241295978,114.22982300536,78.29219609054
1,All Population,5,Prevalence,117,Saint Vincent and the Grenadines,3,Both,22,All ages,544,Parkinson's disease,3,Rate,2021,231.18098353668003,269.81550780368,196.06818530938003
1,All Population,5,Prevalence,141,Egypt,3,Both,22,All ages,544,Parkinson's disease,3,Rate,2021,102.04917534078,119.58588275588001,86.20831584064
1,All Population,5,Prevalence,14,Maldives,3,Both,22,All ages,544,Parkinson's disease,3,Rate,2020,57.86377888321,67.15320286555,48.46706665969
1,All Population,5,Prevalence,57,Belarus,3,Both,22,All ages,544,Parkinson's disease,3,Rate,2020,95.61763689903,111.58852257501,79.83213182212
1,All Population,5,Prevalence,152,Saudi Arabia,3,Both,22,All ages,544,Parkinson's disease,3,Rate,2021,76.0810268409,87.58273022249,65.07552751297999
1,All Population,5,Prevalence,157,Yemen,3,Both,22,All ages,544,Parkinson's disease,3,Rate,2021,39.529055632740004,47.77192361343,33.21211422687
1,All Population,5,Prevalence,184,Mozambique,3,Both,22,All ages,544,Parkinson's disease,3,Rate,2021,15.12698014787,17.6366666535,12.612856080030001
1,All Population,5,Prevalence,173,Gabon,3,Both,22,All ages,544,Parkinson's disease,3,Rate,2021,35.34022958175,40.90361933761,29.25036878072
1,All Population,5,Prevalence,369,Nauru,3,Both,22,All ages,544,Parkinson's disease,3,Rate,2021,46.14838006598,54.32736600557,39.214602226000004
1,All Population,5,Prevalence,162,Bhutan,3,Both,22,All ages,544,Parkinson's disease,3,Rate,2021,62.67469653828,73.4455893941,52.657077524689996
1,All Population,5,Prevalence,46,Croatia,3,Both,22,All ages,544,Parkinson's disease,3,Rate,2020,276.13249276259,325.29025077537,236.06043323197997
1,All Population,5,Prevalence,148,Morocco,3,Both,22,All ages,544,Parkinson's disease,3,Rate,2021,125.99130664614,153.10487424637,104.06581196525
1,All Population,5,Prevalence,208,Guinea,3,Both,22,All ages,544,Parkinson's disease,3,Rate,2021,17.594741455890002,20.72817934515,14.79985483737
1,All Population,5,Prevalence,27,Samoa,3,Both,22,All ages,544,Parkinson's disease,3,Rate,2020,99.19097039745,115.28605990869,83.35633216728999
1,All Population,5,Prevalence,198,Zimbabwe,3,Both,22,All ages,544,Parkinson's disease,3,Rate,2021,24.04171244231,27.85452948611,20.464217098200002
1,All Population,5,Prevalence,165,Pakistan,3,Both,22,All ages,544,Parkinson's disease,3,Rate,2021,41.590980893,50.49691548036,34.22850655706
1,All Population,5,Prevalence,130,Mexico,3,Both,22,All ages,544,Parkinson's disease,3,Rate,2021,168.08948258164,205.15745895903999,137.8099188496
1,All Population,5,Prevalence,16,Philippines,3,Both,22,All ages,544,Parkinson's disease,3,Rate,2020,51.19914359835,61.87936293603,42.15990985083
1,All Population,5,Prevalence,205,Côte d'Ivoire,3,Both,22,All ages,544,Parkinson's disease,3,Rate,2021,16.3745191538,19.182082354829998,13.84746848288
1,All Population,5,Prevalence,194,Lesotho,3,Both,22,All ages,544,Parkinson's disease,3,Rate,2021,27.29391287085,31.94937355906,23.06714724338
1,All Population,5,Prevalence,143,Iraq,3,Both,22,All ages,544,Parkinson's disease,3,Rate,2021,87.74962471884,104.41323476397999,73.89387539092
1,All Population,5,Prevalence,154,Tunisia,3,Both,22,All ages,544,Parkinson's disease,3,Rate,2021,146.93510303767002,172.07348505393,121.68879380944999
1,All Population,5,Prevalence,186,Seychelles,3,Both,22,All ages,544,Parkinson's disease,3,Rate,2021,144.47343013699,165.73215374991,123.40934577588
1,All Population,5,Prevalence,59,Latvia,3,Both,22,All ages,544,Parkinson's disease,3,Rate,2020,139.21242037076001,168.59953876408,109.80332913769
1,All Population,5,Prevalence,175,Burundi,3,Both,22,All ages,544,Parkinson's disease,3,Rate,2021,13.23446637593,15.39858084705,11.083738963370001
1,All Population,5,Prevalence,172,Equatorial Guinea,3,Both,22,All ages,544,Parkinson's disease,3,Rate,2021,14.57413517147,17.15313568729,11.99312393676
1,All Population,5,Prevalence,380,Palau,3,Both,22,All ages,544,Parkinson's disease,3,Rate,2021,147.03085180109,177.66529132093999,120.33174918308
1,All Population,5,Prevalence,161,Bangladesh,3,Both,22,All ages,544,Parkinson's disease,3,Rate,2021,50.98902268042,60.697462171030004,42.97467474536
1,All Population,5,Prevalence,91,Portugal,3,Both,22,All ages,544,Parkinson's disease,3,Rate,2020,300.89388204034,332.9621021999,265.6243464291
1,All Population,5,Prevalence,298,American Samoa,3,Both,22,All ages,544,Parkinson's disease,3,Rate,2021,121.63150550753,142.74519251281,102.75202621355
1,All Population,5,Prevalence,48,Hungary,3,Both,22,All ages,544,Parkinson's disease,3,Rate,2020,241.80831846496,243.37606558809,240.12920012569998
1,All Population,5,Prevalence,200,Benin,3,Both,22,All ages,544,Parkinson's disease,3,Rate,2021,18.61709556054,21.706014445060003,15.599150421740001
1,All Population,5,Prevalence,367,Monaco,3,Both,22,All ages,544,Parkinson's disease,3,Rate,2021,338.25169156823,401.18472944765006,280.37696594027
1,All Population,5,Prevalence,207,Ghana,3,Both,22,All ages,544,Parkinson's disease,3,Rate,2021,24.233805421179998,28.25638191284,20.2150099831
1,All Population,5,Prevalence,210,Liberia,3,Both,22,All ages,544,Parkinson's disease,3,Rate,2021,18.95803380693,22.79148207615,15.864073859750002
1,All Population,5,Prevalence,29,Tonga,3,Both,22,All ages,544,Parkinson's disease,3,Rate,2020,101.7579568906,118.16824733528,86.53696159942001
1,All Population,5,Prevalence,189,United Republic of Tanzania,3,Both,22,All ages,544,Parkinson's disease,3,Rate,2021,18.25346098302,21.26636614969,15.22809426951
1,All Population,5,Prevalence,211,Mali,3,Both,22,All ages,544,Parkinson's disease,3,Rate,2021,17.382750116769998,20.11721782758,14.667282405329999
1,All Population,5,Prevalence,132,Panama,3,Both,22,All ages,544,Parkinson's disease,3,Rate,2021,178.41414207916,209.96802446801,144.79167739387
1,All Population,5,Prevalence,61,Republic of Moldova,3,Both,22,All ages,544,Parkinson's disease,3,Rate,2020,80.69198656409999,92.06919126423,66.58311235771001
1,All Population,5,Prevalence,177,Djibouti,3,Both,22,All ages,544,Parkinson's disease,3,Rate,2021,21.42871512427,25.19143983688,17.673763221
1,All Population,5,Prevalence,320,Cook Islands,3,Both,22,All ages,544,Parkinson's disease,3,Rate,2021,176.43916470182,211.47817819351997,146.33551049054
1,All Population,5,Prevalence,374,Niue,3,Both,22,All ages,544,Parkinson's disease,3,Rate,2021,217.51910172633,252.41860480325002,183.00171289176
1,All Population,5,Prevalence,202,Cameroon,3,Both,22,All ages,544,Parkinson's disease,3,Rate,2021,18.11324678601,21.16891114366,15.35582320525
1,All Population,5,Prevalence,393,Saint Kitts and Nevis,3,Both,22,All ages,544,Parkinson's disease,3,Rate,2021,250.26534292751,284.96169391045,222.19099652389
1,All Population,5,Prevalence,435,South Sudan,3,Both,22,All ages,544,Parkinson's disease,3,Rate,2021,13.78045342848,16.32690158125,11.38650345876
1,All Population,5,Prevalence,93,Sweden,3,Both,22,All ages,544,Parkinson's disease,3,Rate,2020,326.35057585662,353.65162131574,298.95914297874
1,All Population,5,Prevalence,191,Zambia,3,Both,22,All ages,544,Parkinson's disease,3,Rate,2021,11.48230723934,13.632799983799998,9.61026949155
1,All Population,5,Prevalence,106,Bahamas,3,Both,22,All ages,544,Parkinson's disease,3,Rate,2020,152.42378647176,180.62584209996,130.63588297733
1,All Population,5,Prevalence,209,Guinea-Bissau,3,Both,22,All ages,544,Parkinson's disease,3,Rate,2021,15.916049025789999,18.43238036095,13.40918190242
1,All Population,5,Prevalence,213,Niger,3,Both,22,All ages,544,Parkinson's disease,3,Rate,2021,11.16124853836,13.205087449170001,9.37522364045
1,All Population,5,Prevalence,72,New Zealand,3,Both,22,All ages,544,Parkinson's disease,3,Rate,2020,191.84090655634,238.26177799356,156.16765257863
1,All Population,5,Prevalence,63,Ukraine,3,Both,22,All ages,544,Parkinson's disease,3,Rate,2020,48.37811544789,60.11921502079,39.22400437387
1,All Population,5,Prevalence,351,Guam,3,Both,22,All ages,544,Parkinson's disease,3,Rate,2021,166.38469863716,197.47827727364998,141.59619153159
1,All Population,5,Prevalence,413,Tokelau,3,Both,22,All ages,544,Parkinson's disease,3,Rate,2021,168.17544662344,200.93543050589,141.99758425055
1,All Population,5,Prevalence,215,Sao Tome and Principe,3,Both,22,All ages,544,Parkinson's disease,3,Rate,2021,31.51377640443,36.492441060109996,27.075731252729998
1,All Population,5,Prevalence,108,Belize,3,Both,22,All ages,544,Parkinson's disease,3,Rate,2020,110.90897498926,128.98187078395,91.16956424535
1,All Population,5,Prevalence,74,Andorra,3,Both,22,All ages,544,Parkinson's disease,3,Rate,2020,183.30124839572,212.05217152932,151.42436344989
1,All Population,5,Prevalence,140,Bahrain,3,Both,22,All ages,544,Parkinson's disease,3,Rate,2020,77.14955688728,91.82731008631,64.01877923924
1,All Population,5,Prevalence,422,United States Virgin Islands,3,Both,22,All ages,544,Parkinson's disease,3,Rate,2021,446.19395395264,545.8083859324399,368.64534786673
1,All Population,5,Prevalence,87,Luxembourg,3,Both,22,All ages,544,Parkinson's disease,3,Rate,2020,203.2256549925,249.40654514453,173.79087581842
1,All Population,5,Prevalence,151,Qatar,3,Both,22,All ages,544,Parkinson's disease,3,Rate,2020,44.32004747406,54.23795352539,36.39496079257
1,All Population,5,Prevalence,119,Trinidad and Tobago,3,Both,22,All ages,544,Parkinson's disease,3,Rate,2020,214.12868398383998,252.96962770932,174.62543926433
1,All Population,5,Prevalence,76,Belgium,3,Both,22,All ages,544,Parkinson's disease,3,Rate,2020,233.45187293815,264.37684252976,209.43591302526
1,All Population,5,Prevalence,153,Syrian Arab Republic,3,Both,22,All ages,544,Parkinson's disease,3,Rate,2020,109.18648007638,130.83233739177,90.36483800576
1,All Population,5,Prevalence,50,Montenegro,3,Both,22,All ages,544,Parkinson's disease,3,Rate,2022,198.40246089783003,233.64293514951,166.12508499375
1,All Population,5,Prevalence,89,Netherlands,3,Both,22,All ages,544,Parkinson's disease,3,Rate,2020,233.62378452273,268.62633325403,210.24168440856002
1,All Population,5,Prevalence,18,Thailand,3,Both,22,All ages,544,Parkinson's disease,3,Rate,2022,188.3625480087,230.5495899334,162.34701347295
1,All Population,5,Prevalence,34,Azerbaijan,3,Both,22,All ages,544,Parkinson's disease,3,Rate,2022,33.13568100358,38.08515201988,29.072108126870003
1,All Population,5,Prevalence,7,Democratic People's Republic of Korea,3,Both,22,All ages,544,Parkinson's disease,3,Rate,2022,152.4611796901,187.72774264146,126.65675736132
1,All Population,5,Prevalence,39,Tajikistan,3,Both,22,All ages,544,Parkinson's disease,3,Rate,2022,21.64263805132,25.68809392371,17.89562767335
1,All Population,5,Prevalence,185,Rwanda,3,Both,22,All ages,544,Parkinson's disease,3,Rate,2020,17.40348590321,20.773946636799998,14.39609715464
1,All Population,5,Prevalence,121,Bolivia (Plurinational State of),3,Both,22,All ages,544,Parkinson's disease,3,Rate,2020,164.63002476938,196.12041512013,132.09338091486998
1,All Population,5,Prevalence,52,Romania,3,Both,22,All ages,544,Parkinson's disease,3,Rate,2022,207.33861361745,239.15743309758003,172.81458740124998
1,All Population,5,Prevalence,68,Republic of Korea,3,Both,22,All ages,544,Parkinson's disease,3,Rate,2022,216.16822737482002,227.80993278066,205.96902454396
1,All Population,5,Prevalence,11,Indonesia,3,Both,22,All ages,544,Parkinson's disease,3,Rate,2022,68.32916702883,82.06009614429,55.923056004770004
1,All Population,5,Prevalence,78,Denmark,3,Both,22,All ages,544,Parkinson's disease,3,Rate,2020,182.57623256429002,197.2958695636,170.94547864374
1,All Population,5,Prevalence,86,Italy,3,Both,22,All ages,544,Parkinson's disease,3,Rate,2022,573.66288992415,695.9529020656599,472.47558912145
1,All Population,5,Prevalence,20,Viet Nam,3,Both,22,All ages,544,Parkinson's disease,3,Rate,2022,100.55275493937,121.24933878137,83.04338839006
1,All Population,5,Prevalence,164,Nepal,3,Both,22,All ages,544,Parkinson's disease,3,Rate,2020,50.31900904994,59.036082992960004,41.67389946672
1,All Population,5,Prevalence,155,Türkiye,3,Both,22,All ages,544,Parkinson's disease,3,Rate,2020,244.52303172574997,278.42836133776,214.13327987845997
1,All Population,5,Prevalence,97,Argentina,3,Both,22,All ages,544,Parkinson's disease,3,Rate,2022,195.06380554814,224.21812835933997,169.14472119423002
1,All Population,5,Prevalence,45,Bulgaria,3,Both,22,All ages,544,Parkinson's disease,3,Rate,2022,247.5788095784,292.09005336766,205.06878432147002
1,All Population,5,Prevalence,23,Kiribati,3,Both,22,All ages,544,Parkinson's disease,3,Rate,2022,71.91301621802,85.56136809412,61.052053216590004
1,All Population,5,Prevalence,136,Paraguay,3,Both,22,All ages,544,Parkinson's disease,3,Rate,2020,208.90372997387,247.32961368424998,165.6190020106
1,All Population,5,Prevalence,54,Slovakia,3,Both,22,All ages,544,Parkinson's disease,3,Rate,2022,168.57826154283,198.10509377236,140.52538021522
1,All Population,5,Prevalence,81,Germany,3,Both,22,All ages,544,Parkinson's disease,3,Rate,2022,529.7035177279,557.82676094503,499.81488784496
1,All Population,5,Prevalence,13,Malaysia,3,Both,22,All ages,544,Parkinson's disease,3,Rate,2022,88.68353512943,103.84579570303,73.48567213020999
1,All Population,5,Prevalence,36,Kazakhstan,3,Both,22,All ages,544,Parkinson's disease,3,Rate,2022,39.100527668249995,47.215359724150005,31.76656355743
1,All Population,5,Prevalence,49,North Macedonia,3,Both,22,All ages,544,Parkinson's disease,3,Rate,2022,206.97257365520997,243.23255905381998,164.02996103083998
1,All Population,5,Prevalence,22,Fiji,3,Both,22,All ages,544,Parkinson's disease,3,Rate,2022,97.12378876762,116.58524519119,81.18760658707
1,All Population,5,Prevalence,123,Peru,3,Both,22,All ages,544,Parkinson's disease,3,Rate,2020,150.26593321369,177.75785299755,125.65718645354
1,All Population,5,Prevalence,79,Finland,3,Both,22,All ages,544,Parkinson's disease,3,Rate,2022,266.58927907795,300.09024971179,233.51919904943003
1,All Population,5,Prevalence,110,Dominica,3,Both,22,All ages,544,Parkinson's disease,3,Rate,2022,297.82531373557,350.44353956325,247.50361841157
1,All Population,5,Prevalence,115,Jamaica,3,Both,22,All ages,544,Parkinson's disease,3,Rate,2022,167.20448236944998,198.80492300850997,142.58782584033
1,All Population,5,Prevalence,47,Czechia,3,Both,22,All ages,544,Parkinson's disease,3,Rate,2022,259.15170362947003,287.79063981097,231.99364282603
1,All Population,5,Prevalence,58,Estonia,3,Both,22,All ages,544,Parkinson's disease,3,Rate,2022,247.57226066413003,263.7755011341,228.54694171239
1,All Population,5,Prevalence,126,Costa Rica,3,Both,22,All ages,544,Parkinson's disease,3,Rate,2022,190.18322040791,219.34410855053,161.19650661947
1,All Population,5,Prevalence,6,China,3,Both,22,All ages,544,Parkinson's disease,3,Rate,2022,233.16842798591,285.76090450487,190.43871734368
1,All Population,5,Prevalence,26,Papua New Guinea,3,Both,22,All ages,544,Parkinson's disease,3,Rate,2022,53.3429186938,62.552886485810006,44.509059722539995
1,All Population,5,Prevalence,99,Uruguay,3,Both,22,All ages,544,Parkinson's disease,3,Rate,2022,308.63683451708,339.5411553878,267.7846563571
1,All Population,5,Prevalence,92,Spain,3,Both,22,All ages,544,Parkinson's disease,3,Rate,2022,398.90395915003995,460.08307090008003,339.17678602953
1,All Population,5,Prevalence,305,Bermuda,3,Both,22,All ages,544,Parkinson's disease,3,Rate,2020,347.59648034268,413.0776883556,291.13440601163
1,All Population,5,Prevalence,67,Japan,3,Both,22,All ages,544,Parkinson's disease,3,Rate,2022,282.11035518874,345.16916562673,228.53560321321999
1,All Population,5,Prevalence,15,Myanmar,3,Both,22,All ages,544,Parkinson's disease,3,Rate,2022,65.03091961321,78.93371963153001,54.88291638508
1,All Population,5,Prevalence,35,Georgia,3,Both,22,All ages,544,Parkinson's disease,3,Rate,2022,74.1272530483,87.34958862543,62.778555086109996
1,All Population,5,Prevalence,201,Burkina Faso,3,Both,22,All ages,544,Parkinson's disease,3,Rate,2020,17.504259814010002,20.585896291570002,14.57966798547
1,All Population,5,Prevalence,212,Mauritania,3,Both,22,All ages,544,Parkinson's disease,3,Rate,2020,22.671487120640002,27.12500209687,18.914954924390003
1,All Population,5,Prevalence,24,Marshall Islands,3,Both,22,All ages,544,Parkinson's disease,3,Rate,2022,74.80438207481001,90.42824585851,63.04684580615999
1,All Population,5,Prevalence,38,Mongolia,3,Both,22,All ages,544,Parkinson's disease,3,Rate,2022,17.13269328396,19.48888335871,15.28333885462
1,All Population,5,Prevalence,25,Micronesia (Federated States of),3,Both,22,All ages,544,Parkinson's disease,3,Rate,2022,89.54915230355,107.26903979289,74.67260457375001
1,All Population,5,Prevalence,51,Poland,3,Both,22,All ages,544,Parkinson's disease,3,Rate,2022,225.91638855583997,252.39328661674,201.11743811903
1,All Population,5,Prevalence,144,Jordan,3,Both,22,All ages,544,Parkinson's disease,3,Rate,2022,66.84686239633001,80.38256535968,55.234793496390004
1,All Population,5,Prevalence,83,Iceland,3,Both,22,All ages,544,Parkinson's disease,3,Rate,2022,222.38798928922,258.53922987690004,184.50033522273
1,All Population,5,Prevalence,179,Ethiopia,3,Both,22,All ages,544,Parkinson's disease,3,Rate,2020,20.49099710137,24.60593775387,16.52861695182
1,All Population,5,Prevalence,117,Saint Vincent and the Grenadines,3,Both,22,All ages,544,Parkinson's disease,3,Rate,2022,240.22881561396002,286.26651606923997,200.49656862161999
1,All Population,5,Prevalence,28,Solomon Islands,3,Both,22,All ages,544,Parkinson's disease,3,Rate,2022,49.096560573489995,58.76837289496999,41.63179083078
1,All Population,5,Prevalence,60,Lithuania,3,Both,22,All ages,544,Parkinson's disease,3,Rate,2022,129.28920664755998,154.49875704944,110.70173396669
1,All Population,5,Prevalence,125,Colombia,3,Both,22,All ages,544,Parkinson's disease,3,Rate,2020,121.20826163592,127.40945896645,114.43061782531001
1,All Population,5,Prevalence,112,Grenada,3,Both,22,All ages,544,Parkinson's disease,3,Rate,2022,264.69126218182004,306.64387676946,218.37565303343
1,All Population,5,Prevalence,8,Taiwan,3,Both,22,All ages,544,Parkinson's disease,3,Rate,2022,354.06144080187,367.08891415048004,341.27683814119
1,All Population,5,Prevalence,101,Canada,3,Both,22,All ages,544,Parkinson's disease,3,Rate,2022,277.5101893988,335.36329118856,236.75984233337
1,All Population,5,Prevalence,149,Palestine,3,Both,22,All ages,544,Parkinson's disease,3,Rate,2020,61.73845568592,71.68704609,52.28937099035
1,All Population,5,Prevalence,162,Bhutan,3,Both,22,All ages,544,Parkinson's disease,3,Rate,2022,67.1183682944,78.90403090943,55.267852907089996
1,All Population,5,Prevalence,17,Sri Lanka,3,Both,22,All ages,544,Parkinson's disease,3,Rate,2022,148.60416596003,169.91043512086,125.77386513438
1,All Population,5,Prevalence,128,Guatemala,3,Both,22,All ages,544,Parkinson's disease,3,Rate,2022,99.16093848728998,121.95112884822001,80.3670645381
1,All Population,5,Prevalence,168,Angola,3,Both,22,All ages,544,Parkinson's disease,3,Rate,2020,15.12068775103,18.19592928283,12.606198383490002
1,All Population,5,Prevalence,69,Singapore,3,Both,22,All ages,544,Parkinson's disease,3,Rate,2022,95.69321296801,110.09210230426001,82.7417016589
1,All Population,5,Prevalence,80,France,3,Both,22,All ages,544,Parkinson's disease,3,Rate,2022,265.34421432798,293.9617551646,246.63633692515998
1,All Population,5,Prevalence,105,Antigua and Barbuda,3,Both,22,All ages,544,Parkinson's disease,3,Rate,2022,203.52433471871998,233.20614192936,172.38723771786
1,All Population,5,Prevalence,173,Gabon,3,Both,22,All ages,544,Parkinson's disease,3,Rate,2022,35.669629050430004,42.38300905428,29.447454752929996
1,All Population,5,Prevalence,19,Timor-Leste,3,Both,22,All ages,544,Parkinson's disease,3,Rate,2022,51.79337431174,61.67292657467,43.30094214445
1,All Population,5,Prevalence,37,Kyrgyzstan,3,Both,22,All ages,544,Parkinson's disease,3,Rate,2022,20.86020369785,25.37863759662,17.05333400192
1,All Population,5,Prevalence,94,Switzerland,3,Both,22,All ages,544,Parkinson's disease,3,Rate,2022,255.42800473581,313.28399950016,216.32868941406997
1,All Population,5,Prevalence,214,Nigeria,3,Both,22,All ages,544,Parkinson's disease,3,Rate,2020,16.69531563641,20.25553133464,13.711362714580002
1,All Population,5,Prevalence,396,San Marino,3,Both,22,All ages,544,Parkinson's disease,3,Rate,2020,209.19123707290998,249.40932562103,172.01493351234998
1,All Population,5,Prevalence,40,Turkmenistan,3,Both,22,All ages,544,Parkinson's disease,3,Rate,2022,24.59172340901,29.61029984354,20.123824994990002
1,All Population,5,Prevalence,181,Madagascar,3,Both,22,All ages,544,Parkinson's disease,3,Rate,2020,12.01976168993,14.27282119598,9.74433261515
1,All Population,5,Prevalence,139,Algeria,3,Both,22,All ages,544,Parkinson's disease,3,Rate,2022,117.82288262042,140.36297030499,96.76940697932001
1,All Population,5,Prevalence,146,Lebanon,3,Both,22,All ages,544,Parkinson's disease,3,Rate,2022,155.26574986298002,182.15693869385,131.51593183991
1,All Population,5,Prevalence,62,Russian Federation,3,Both,22,All ages,544,Parkinson's disease,3,Rate,2022,96.86065352422,118.33408050852,77.83864975145
1,All Population,5,Prevalence,30,Vanuatu,3,Both,22,All ages,544,Parkinson's disease,3,Rate,2022,61.187678970220006,72.93335540401999,51.84645695268
1,All Population,5,Prevalence,157,Yemen,3,Both,22,All ages,544,Parkinson's disease,3,Rate,2022,40.5704159532,51.11809579298,33.74676234513
1,All Population,5,Prevalence,53,Serbia,3,Both,22,All ages,544,Parkinson's disease,3,Rate,2022,190.24726442708,225.73214133224,152.39477089764
1,All Population,5,Prevalence,85,Israel,3,Both,22,All ages,544,Parkinson's disease,3,Rate,2022,269.68316801289996,292.97079814887,246.53663951464998
1,All Population,5,Prevalence,114,Haiti,3,Both,22,All ages,544,Parkinson's disease,3,Rate,2022,58.437177869150005,69.0895984359,48.59947246782
1,All Population,5,Prevalence,150,Oman,3,Both,22,All ages,544,Parkinson's disease,3,Rate,2022,73.71052171019,86.14355044593,61.434748906029995
1,All Population,5,Prevalence,98,Chile,3,Both,22,All ages,544,Parkinson's disease,3,Rate,2022,186.24355953739,238.36300004137001,150.70320294342
1,All Population,5,Prevalence,170,Congo,3,Both,22,All ages,544,Parkinson's disease,3,Rate,2020,18.7006658167,22.17664485988,15.628096752189998
1,All Population,5,Prevalence,130,Mexico,3,Both,22,All ages,544,Parkinson's disease,3,Rate,2022,180.47829341244,220.22257922277,147.40996489212
1,All Population,5,Prevalence,416,Tuvalu,3,Both,22,All ages,544,Parkinson's disease,3,Rate,2020,87.17657529926,105.93164440510999,70.20819433523
1,All Population,5,Prevalence,210,Liberia,3,Both,22,All ages,544,Parkinson's disease,3,Rate,2022,18.84976080915,23.09882686184,15.43683499838
1,All Population,5,Prevalence,107,Barbados,3,Both,22,All ages,544,Parkinson's disease,3,Rate,2022,337.58711045031004,403.81913271492,287.92560999512
1,All Population,5,Prevalence,71,Australia,3,Both,22,All ages,544,Parkinson's disease,3,Rate,2022,311.59818997288,384.06156876252004,261.49979691799
1,All Population,5,Prevalence,175,Burundi,3,Both,22,All ages,544,Parkinson's disease,3,Rate,2022,13.208885506869999,15.58436145116,10.91160615239
1,All Population,5,Prevalence,41,Uzbekistan,3,Both,22,All ages,544,Parkinson's disease,3,Rate,2022,23.163788776799997,27.38056397677,19.55499681167
1,All Population,5,Prevalence,82,Greece,3,Both,22,All ages,544,Parkinson's disease,3,Rate,2022,350.73234398696,390.40659259699004,309.42473075482
1,All Population,5,Prevalence,118,Suriname,3,Both,22,All ages,544,Parkinson's disease,3,Rate,2022,179.05123175065,213.65972463113,149.13226115549
1,All Population,5,Prevalence,320,Cook Islands,3,Both,22,All ages,544,Parkinson's disease,3,Rate,2022,181.58402936676998,221.75192286994,148.37237424071998
1,All Population,5,Prevalence,55,Slovenia,3,Both,22,All ages,544,Parkinson's disease,3,Rate,2022,241.13128011954998,282.96133936811,207.56618938392
1,All Population,5,Prevalence,75,Austria,3,Both,22,All ages,544,Parkinson's disease,3,Rate,2022,244.64048404263,283.22502003789,210.11730966664
1,All Population,5,Prevalence,152,Saudi Arabia,3,Both,22,All ages,544,Parkinson's disease,3,Rate,2022,78.87615111656,93.47683054131,66.37327577423
1,All Population,5,Prevalence,141,Egypt,3,Both,22,All ages,544,Parkinson's disease,3,Rate,2022,100.60462821662999,123.09592112713999,81.07376149267999
1,All Population,5,Prevalence,109,Cuba,3,Both,22,All ages,544,Parkinson's disease,3,Rate,2022,270.73976114879997,327.92269230614,223.56615012362
1,All Population,5,Prevalence,156,United Arab Emirates,3,Both,22,All ages,544,Parkinson's disease,3,Rate,2022,57.05140953128,72.24152471524,44.74132330688
1,All Population,5,Prevalence,183,Mauritius,3,Both,22,All ages,544,Parkinson's disease,3,Rate,2020,148.58961142953,181.43771284669,125.24589397671
1,All Population,5,Prevalence,132,Panama,3,Both,22,All ages,544,Parkinson's disease,3,Rate,2022,185.27303181003,218.00914301958,149.18986402924
1,All Population,5,Prevalence,111,Dominican Republic,3,Both,22,All ages,544,Parkinson's disease,3,Rate,2022,159.69793842823,188.22192188357002,133.75378316206002
1,All Population,5,Prevalence,216,Senegal,3,Both,22,All ages,544,Parkinson's disease,3,Rate,2020,23.76637238956,27.619173800299997,19.77370959891
1,All Population,5,Prevalence,66,Brunei Darussalam,3,Both,22,All ages,544,Parkinson's disease,3,Rate,2022,63.194510963800006,76.07172654714,52.86297632422
1,All Population,5,Prevalence,198,Zimbabwe,3,Both,22,All ages,544,Parkinson's disease,3,Rate,2022,24.345615547879998,28.840993312570003,20.547645774979998
1,All Population,5,Prevalence,186,Seychelles,3,Both,22,All ages,544,Parkinson's disease,3,Rate,2022,151.52837737541998,180.78968779321002,127.80382447056999
1,All Population,5,Prevalence,189,United Republic of Tanzania,3,Both,22,All ages,544,Parkinson's disease,3,Rate,2022,17.819366817000002,20.85029036584,14.509376584280002
1,All Population,5,Prevalence,43,Albania,3,Both,22,All ages,544,Parkinson's disease,3,Rate,2022,218.13879456082,260.76198845263997,174.85513250257
1,All Population,5,Prevalence,165,Pakistan,3,Both,22,All ages,544,Parkinson's disease,3,Rate,2022,42.7689954227,52.079619766019995,35.10178190561
1,All Population,5,Prevalence,148,Morocco,3,Both,22,All ages,544,Parkinson's disease,3,Rate,2022,130.18817644589998,155.1729423951,104.22279866878
1,All Population,5,Prevalence,116,Saint Lucia,3,Both,22,All ages,544,Parkinson's disease,3,Rate,2022,248.25340384681,292.43836473837,206.04004972340002
1,All Population,5,Prevalence,88,Malta,3,Both,22,All ages,544,Parkinson's disease,3,Rate,2022,238.71088216216,294.62301668388,190.59079211083
1,All Population,5,Prevalence,95,United Kingdom,3,Both,22,All ages,544,Parkinson's disease,3,Rate,2022,234.52411408595,278.11290593397,195.80111522386002
1,All Population,5,Prevalence,77,Cyprus,3,Both,22,All ages,544,Parkinson's disease,3,Rate,2022,174.71305080998,207.09843294746,143.85965025378002
1,All Population,5,Prevalence,177,Djibouti,3,Both,22,All ages,544,Parkinson's disease,3,Rate,2022,22.02292723238,25.942308453800003,17.83704273391
1,All Population,5,Prevalence,143,Iraq,3,Both,22,All ages,544,Parkinson's disease,3,Rate,2022,90.49840769373999,107.82335254331001,75.16053048702
1,All Population,5,Prevalence,154,Tunisia,3,Both,22,All ages,544,Parkinson's disease,3,Rate,2022,152.09004707918,183.62214586307,122.44645339470001
1,All Population,5,Prevalence,351,Guam,3,Both,22,All ages,544,Parkinson's disease,3,Rate,2022,174.39458561793998,211.54645513825997,145.31395167519
1,All Population,5,Prevalence,113,Guyana,3,Both,22,All ages,544,Parkinson's disease,3,Rate,2022,120.71200365813999,143.56772709508,98.39297295447999
1,All Population,5,Prevalence,90,Norway,3,Both,22,All ages,544,Parkinson's disease,3,Rate,2022,221.55951454539002,272.12038543368,180.22951328489
1,All Population,5,Prevalence,200,Benin,3,Both,22,All ages,544,Parkinson's disease,3,Rate,2022,18.82015145995,22.19993299386,15.53880598879
1,All Population,5,Prevalence,191,Zambia,3,Both,22,All ages,544,Parkinson's disease,3,Rate,2022,11.46210039015,13.648819269630001,9.483735037559999
1,All Population,5,Prevalence,127,El Salvador,3,Both,22,All ages,544,Parkinson's disease,3,Rate,2022,160.93436246665001,193.29465620935,131.70155297902
1,All Population,5,Prevalence,211,Mali,3,Both,22,All ages,544,Parkinson's disease,3,Rate,2022,17.27735790817,20.29848754798,14.283386585870002
1,All Population,5,Prevalence,393,Saint Kitts and Nevis,3,Both,22,All ages,544,Parkinson's disease,3,Rate,2022,252.68384266007,296.02252185968,216.79910039064
1,All Population,5,Prevalence,122,Ecuador,3,Both,22,All ages,544,Parkinson's disease,3,Rate,2022,212.85838329787998,252.12835996207,179.18684674789
1,All Population,5,Prevalence,133,Venezuela (Bolivarian Republic of),3,Both,22,All ages,544,Parkinson's disease,3,Rate,2022,163.15507768894,198.13517774992002,129.36443452621
1,All Population,5,Prevalence,84,Ireland,3,Both,22,All ages,544,Parkinson's disease,3,Rate,2022,184.73021008134,210.29471670067002,160.12766032322
1,All Population,5,Prevalence,205,Côte d'Ivoire,3,Both,22,All ages,544,Parkinson's disease,3,Rate,2022,16.21557074404,19.50849295258,13.431900988739999
1,All Population,5,Prevalence,102,United States of America,3,Both,22,All ages,544,Parkinson's disease,3,Rate,2022,286.96476879409,319.90787488957,255.53594977155
1,All Population,5,Prevalence,145,Kuwait,3,Both,22,All ages,544,Parkinson's disease,3,Rate,2022,84.1604184795,103.57878497838,70.34187402852001
1,All Population,5,Prevalence,194,Lesotho,3,Both,22,All ages,544,Parkinson's disease,3,Rate,2022,27.70148280596,32.76215252257,23.02032831128
1,All Population,5,Prevalence,367,Monaco,3,Both,22,All ages,544,Parkinson's disease,3,Rate,2022,338.88070691021,406.38632483955,278.3082768027
1,All Population,5,Prevalence,160,Afghanistan,3,Both,22,All ages,544,Parkinson's disease,3,Rate,2022,35.18894771051,42.84532585443,30.023787912409997
1,All Population,5,Prevalence,172,Equatorial Guinea,3,Both,22,All ages,544,Parkinson's disease,3,Rate,2022,14.463431152930001,17.650788074,11.75749184977
1,All Population,5,Prevalence,161,Bangladesh,3,Both,22,All ages,544,Parkinson's disease,3,Rate,2022,52.94567739126,64.52792668681,44.062303934860005
1,All Population,5,Prevalence,180,Kenya,3,Both,22,All ages,544,Parkinson's disease,3,Rate,2022,16.06709277055,19.38446410816,13.206778150209999
1,All Population,5,Prevalence,197,Eswatini,3,Both,22,All ages,544,Parkinson's disease,3,Rate,2020,29.10927056216,33.89532519865,23.84831989138
1,All Population,5,Prevalence,169,Central African Republic,3,Both,22,All ages,544,Parkinson's disease,3,Rate,2022,14.09375123693,16.97507121355,11.77078811606
1,All Population,5,Prevalence,218,Togo,3,Both,22,All ages,544,Parkinson's disease,3,Rate,2020,17.58491592816,20.67361772528,14.83417158849
1,All Population,5,Prevalence,213,Niger,3,Both,22,All ages,544,Parkinson's disease,3,Rate,2022,11.17791795818,13.258054913869998,9.25246755397
1,All Population,5,Prevalence,193,Botswana,3,Both,22,All ages,544,Parkinson's disease,3,Rate,2022,34.29382361624,40.47492743661,28.691906157580004
1,All Population,5,Prevalence,413,Tokelau,3,Both,22,All ages,544,Parkinson's disease,3,Rate,2022,170.06091911219,205.4020871203,140.25065816283
1,All Population,5,Prevalence,135,Brazil,3,Both,22,All ages,544,Parkinson's disease,3,Rate,2022,333.91320768499,407.09561167380997,269.96055909609
1,All Population,5,Prevalence,207,Ghana,3,Both,22,All ages,544,Parkinson's disease,3,Rate,2022,24.640453745800002,29.628290856,20.34124399695
1,All Population,5,Prevalence,376,Northern Mariana Islands,3,Both,22,All ages,544,Parkinson's disease,3,Rate,2020,104.3752807469,125.56916205785001,85.56156756157
1,All Population,5,Prevalence,202,Cameroon,3,Both,22,All ages,544,Parkinson's disease,3,Rate,2022,18.06972848449,21.44329720295,14.98028033365
1,All Population,5,Prevalence,369,Nauru,3,Both,22,All ages,544,Parkinson's disease,3,Rate,2022,48.0895690981,56.802191348659996,40.35662603641
1,All Population,5,Prevalence,182,Malawi,3,Both,22,All ages,544,Parkinson's disease,3,Rate,2022,13.11601023923,15.51985422491,10.818455494590001
1,All Population,5,Prevalence,215,Sao Tome and Principe,3,Both,22,All ages,544,Parkinson's disease,3,Rate,2022,32.024522100009996,37.71109376373,26.845143284109998
1,All Population,5,Prevalence,147,Libya,3,Both,22,All ages,544,Parkinson's disease,3,Rate,2022,103.73362639227,124.60348254907,85.64141072111
1,All Population,5,Prevalence,129,Honduras,3,Both,22,All ages,544,Parkinson's disease,3,Rate,2022,108.75972188956,129.56489253403,90.06149583986
1,All Population,5,Prevalence,204,Chad,3,Both,22,All ages,544,Parkinson's disease,3,Rate,2022,11.800723930190001,14.200635098560001,9.65440491202
1,All Population,5,Prevalence,435,South Sudan,3,Both,22,All ages,544,Parkinson's disease,3,Rate,2022,13.96317883441,16.9177764858,11.35342851787
1,All Population,5,Prevalence,195,Namibia,3,Both,22,All ages,544,Parkinson's disease,3,Rate,2022,26.1047096943,30.15355713371,22.07391209253
1,All Population,5,Prevalence,171,Democratic Republic of the Congo,3,Both,22,All ages,544,Parkinson's disease,3,Rate,2022,15.31943237911,18.50073085564,12.58591136512
1,All Population,5,Prevalence,374,Niue,3,Both,22,All ages,544,Parkinson's disease,3,Rate,2022,219.22304811553,261.33162686355,178.54789746038
1,All Population,5,Prevalence,522,Sudan,3,Both,22,All ages,544,Parkinson's disease,3,Rate,2020,69.34442544842,82.27869272163,57.62005602869
1,All Population,5,Prevalence,209,Guinea-Bissau,3,Both,22,All ages,544,Parkinson's disease,3,Rate,2022,15.87664881109,18.928996879579998,13.3194486561
1,All Population,5,Prevalence,422,United States Virgin Islands,3,Both,22,All ages,544,Parkinson's disease,3,Rate,2022,464.74089021888,573.378953302,380.47682633207
1,All Population,5,Prevalence,163,India,3,Both,22,All ages,544,Parkinson's disease,3,Rate,2022,52.22198722385001,64.2127755389,42.73753163493
1,All Population,5,Prevalence,187,Somalia,3,Both,22,All ages,544,Parkinson's disease,3,Rate,2022,15.03003244875,18.47704933798,12.52247460049
1,All Population,5,Prevalence,38,Mongolia,3,Both,22,All ages,544,Parkinson's disease,3,Rate,2023,17.88953310542,20.58871999986,16.03441403336
1,All Population,5,Prevalence,184,Mozambique,3,Both,22,All ages,544,Parkinson's disease,3,Rate,2022,15.17979311577,18.02450304096,12.68228589595
1,All Population,5,Prevalence,206,Gambia,3,Both,22,All ages,544,Parkinson's disease,3,Rate,2022,21.01909367098,25.06900482965,17.73575903675
1,All Population,5,Prevalence,131,Nicaragua,3,Both,22,All ages,544,Parkinson's disease,3,Rate,2022,104.70340192612,122.61402171342,86.50762721118
1,All Population,5,Prevalence,49,North Macedonia,3,Both,22,All ages,544,Parkinson's disease,3,Rate,2023,212.50712997878998,253.62680753964,169.38034638823999
1,All Population,5,Prevalence,385,Puerto Rico,3,Both,22,All ages,544,Parkinson's disease,3,Rate,2020,409.66854085634003,494.49174685018,344.98667212037
1,All Population,5,Prevalence,40,Turkmenistan,3,Both,22,All ages,544,Parkinson's disease,3,Rate,2023,25.513149128029998,30.88007823315,21.50969259776
1,All Population,5,Prevalence,142,Iran (Islamic Republic of),3,Both,22,All ages,544,Parkinson's disease,3,Rate,2022,133.04264711803,163.02721202013,109.48873718901
1,All Population,5,Prevalence,196,South Africa,3,Both,22,All ages,544,Parkinson's disease,3,Rate,2022,39.35001055502,47.90357965242,32.27587764066
1,All Population,5,Prevalence,6,China,3,Both,22,All ages,544,Parkinson's disease,3,Rate,2023,240.84884804479998,296.62650870515,196.01501456807998
1,All Population,5,Prevalence,217,Sierra Leone,3,Both,22,All ages,544,Parkinson's disease,3,Rate,2022,18.54328720923,21.857269831169997,15.41879038505
1,All Population,5,Prevalence,208,Guinea,3,Both,22,All ages,544,Parkinson's disease,3,Rate,2022,17.35218868336,20.79541542962,14.47179950083
1,All Population,5,Prevalence,176,Comoros,3,Both,22,All ages,544,Parkinson's disease,3,Rate,2022,43.53941621496,51.411300251250005,36.70180565585
1,All Population,5,Prevalence,190,Uganda,3,Both,22,All ages,544,Parkinson's disease,3,Rate,2022,13.78308043272,16.24921646759,11.55281040302
1,All Population,5,Prevalence,51,Poland,3,Both,22,All ages,544,Parkinson's disease,3,Rate,2023,230.8349239072,257.22941906498,205.9491077653
1,All Population,5,Prevalence,85,Israel,3,Both,22,All ages,544,Parkinson's disease,3,Rate,2023,210.20365448753,254.10265435302998,184.82491730325998
1,All Population,5,Prevalence,349,Greenland,3,Both,22,All ages,544,Parkinson's disease,3,Rate,2022,100.54203374180999,121.93615846633,81.05367863841
1,All Population,5,Prevalence,8,Taiwan,3,Both,22,All ages,544,Parkinson's disease,3,Rate,2023,473.62015053617,490.13305011468,458.52621377593
1,All Population,5,Prevalence,132,Panama,3,Both,22,All ages,544,Parkinson's disease,3,Rate,2023,188.11288342552,219.56606727837,148.56927190315
1,All Population,5,Prevalence,178,Eritrea,3,Both,22,All ages,544,Parkinson's disease,3,Rate,2022,23.48874943962,27.577330023189997,19.64554463277
1,All Population,5,Prevalence,98,Chile,3,Both,22,All ages,544,Parkinson's disease,3,Rate,2023,185.3897863235,223.37513162538,162.74784016499
1,All Population,5,Prevalence,143,Iraq,3,Both,22,All ages,544,Parkinson's disease,3,Rate,2023,94.68151225023,113.59899593402999,78.54475558711
1,All Population,5,Prevalence,19,Timor-Leste,3,Both,22,All ages,544,Parkinson's disease,3,Rate,2023,52.64834217579,62.49765915928,43.89936119774
1,All Population,5,Prevalence,53,Serbia,3,Both,22,All ages,544,Parkinson's disease,3,Rate,2023,195.02990018127,227.41268372165,161.88524904661
1,All Population,5,Prevalence,111,Dominican Republic,3,Both,22,All ages,544,Parkinson's disease,3,Rate,2023,169.41256969742,199.09533435229,141.02575869558
1,All Population,5,Prevalence,156,United Arab Emirates,3,Both,22,All ages,544,Parkinson's disease,3,Rate,2023,63.06964746885,79.13593229114001,49.67253912933
1,All Population,5,Prevalence,191,Zambia,3,Both,22,All ages,544,Parkinson's disease,3,Rate,2023,11.8093170469,14.154047245080001,9.54648075046
1,All Population,5,Prevalence,145,Kuwait,3,Both,22,All ages,544,Parkinson's disease,3,Rate,2023,89.42738189863,108.72981729386001,73.18139834357
1,All Population,5,Prevalence,34,Azerbaijan,3,Both,22,All ages,544,Parkinson's disease,3,Rate,2023,34.6400192996,39.36130330305,30.12310993837
1,All Population,5,Prevalence,298,American Samoa,3,Both,22,All ages,544,Parkinson's disease,3,Rate,2022,127.23827198236,151.11834608192999,105.44077513514
1,All Population,5,Prevalence,380,Palau,3,Both,22,All ages,544,Parkinson's disease,3,Rate,2022,152.93444676782,185.72379897726,123.87626141115999
1,All Population,5,Prevalence,55,Slovenia,3,Both,22,All ages,544,Parkinson's disease,3,Rate,2023,268.02967025642,307.01927105934,221.81032726831
1,All Population,5,Prevalence,204,Chad,3,Both,22,All ages,544,Parkinson's disease,3,Rate,2023,11.46467614116,13.50478740824,9.44943706736
1,All Population,5,Prevalence,66,Brunei Darussalam,3,Both,22,All ages,544,Parkinson's disease,3,Rate,2023,67.01701460257,80.24421474607,54.581767077829994
1,All Population,5,Prevalence,193,Botswana,3,Both,22,All ages,544,Parkinson's disease,3,Rate,2023,34.78200849658,40.68176968761,29.14490710766
1,All Population,5,Prevalence,147,Libya,3,Both,22,All ages,544,Parkinson's disease,3,Rate,2023,108.18491394265,130.32398717386,90.11930053246
1,All Population,5,Prevalence,36,Kazakhstan,3,Both,22,All ages,544,Parkinson's disease,3,Rate,2023,40.62710867177,49.61033652893,33.5122346179
1,All Population,5,Prevalence,113,Guyana,3,Both,22,All ages,544,Parkinson's disease,3,Rate,2023,127.80721008675,154.35599032416,105.58317999442
1,All Population,5,Prevalence,203,Cabo Verde,3,Both,22,All ages,544,Parkinson's disease,3,Rate,2022,55.909048371210005,66.76119473573,46.23477267984
1,All Population,5,Prevalence,126,Costa Rica,3,Both,22,All ages,544,Parkinson's disease,3,Rate,2023,194.79673247583,232.16125579619,162.30519017685
1,All Population,5,Prevalence,23,Kiribati,3,Both,22,All ages,544,Parkinson's disease,3,Rate,2023,73.88283684611001,88.27572432464,63.00807579158
1,All Population,5,Prevalence,369,Nauru,3,Both,22,All ages,544,Parkinson's disease,3,Rate,2023,49.94260465623999,59.7016989212,41.86469394666
1,All Population,5,Prevalence,102,United States of America,3,Both,22,All ages,544,Parkinson's disease,3,Rate,2023,297.6221128545,334.55798673063003,264.90594129684
1,All Population,5,Prevalence,206,Gambia,3,Both,22,All ages,544,Parkinson's disease,3,Rate,2023,20.94220967227,25.24708629241,17.188021232129998
1,All Population,5,Prevalence,15,Myanmar,3,Both,22,All ages,544,Parkinson's disease,3,Rate,2023,65.93251172085,80.57507582287,53.61671210658
1,All Population,5,Prevalence,68,Republic of Korea,3,Both,22,All ages,544,Parkinson's disease,3,Rate,2023,239.98595625893,258.40978093335,226.86922504999
1,All Population,5,Prevalence,195,Namibia,3,Both,22,All ages,544,Parkinson's disease,3,Rate,2023,26.177531988789998,31.115294791399997,21.85945884614
1,All Population,5,Prevalence,160,Afghanistan,3,Both,22,All ages,544,Parkinson's disease,3,Rate,2023,37.31884454869,44.52972404462,31.8054613554
1,All Population,5,Prevalence,115,Jamaica,3,Both,22,All ages,544,Parkinson's disease,3,Rate,2023,177.12317750977002,216.50882257369,144.12589827144
1,All Population,5,Prevalence,26,Papua New Guinea,3,Both,22,All ages,544,Parkinson's disease,3,Rate,2023,54.61461530434,65.05069138925,46.05590822656
1,All Population,5,Prevalence,20,Viet Nam,3,Both,22,All ages,544,Parkinson's disease,3,Rate,2023,103.05415019727,125.7257112399,85.11567038016
1,All Population,5,Prevalence,81,Germany,3,Both,22,All ages,544,Parkinson's disease,3,Rate,2023,530.09559429767,557.10041257946,501.53204925268994
1,All Population,5,Prevalence,173,Gabon,3,Both,22,All ages,544,Parkinson's disease,3,Rate,2023,35.99527481827,42.5201300837,29.987327857380002
1,All Population,5,Prevalence,128,Guatemala,3,Both,22,All ages,544,Parkinson's disease,3,Rate,2023,109.84428774062,133.20634932074,87.4336359601
1,All Population,5,Prevalence,25,Micronesia (Federated States of),3,Both,22,All ages,544,Parkinson's disease,3,Rate,2023,93.69246128486,109.89061234964,77.27869396601
1,All Population,5,Prevalence,141,Egypt,3,Both,22,All ages,544,Parkinson's disease,3,Rate,2023,90.76329879577,110.19500938083,73.62084621501
1,All Population,5,Prevalence,208,Guinea,3,Both,22,All ages,544,Parkinson's disease,3,Rate,2023,17.284886646569998,20.31983302174,14.47447675814
1,All Population,5,Prevalence,117,Saint Vincent and the Grenadines,3,Both,22,All ages,544,Parkinson's disease,3,Rate,2023,258.70603608566,305.56811590714,205.86996489369997
1,All Population,5,Prevalence,67,Japan,3,Both,22,All ages,544,Parkinson's disease,3,Rate,2023,302.55030021627,369.49868769291,246.35850255453002
1,All Population,5,Prevalence,162,Bhutan,3,Both,22,All ages,544,Parkinson's disease,3,Rate,2023,68.64310265309,80.91175946767,56.391610898889994
1,All Population,5,Prevalence,62,Russian Federation,3,Both,22,All ages,544,Parkinson's disease,3,Rate,2023,100.01884854864998,121.84386459678,80.93198866526001
1,All Population,5,Prevalence,17,Sri Lanka,3,Both,22,All ages,544,Parkinson's disease,3,Rate,2023,151.87376510308002,176.95378889674,127.77971439387
1,All Population,5,Prevalence,22,Fiji,3,Both,22,All ages,544,Parkinson's disease,3,Rate,2023,100.43111024097999,120.84820413252001,84.16909821906
1,All Population,5,Prevalence,175,Burundi,3,Both,22,All ages,544,Parkinson's disease,3,Rate,2023,13.33665762943,15.85581994697,10.75616747575
1,All Population,5,Prevalence,28,Solomon Islands,3,Both,22,All ages,544,Parkinson's disease,3,Rate,2023,50.294293269789996,60.252833412870004,41.88999223054
1,All Population,5,Prevalence,83,Iceland,3,Both,22,All ages,544,Parkinson's disease,3,Rate,2023,238.66077850401,300.70211118571,200.15348060727
1,All Population,5,Prevalence,210,Liberia,3,Both,22,All ages,544,Parkinson's disease,3,Rate,2023,18.81447496772,22.56303497627,15.36245355981
1,All Population,5,Prevalence,130,Mexico,3,Both,22,All ages,544,Parkinson's disease,3,Rate,2023,182.06985666770998,222.97707256596,148.87279443212
1,All Population,5,Prevalence,80,France,3,Both,22,All ages,544,Parkinson's disease,3,Rate,2023,267.21508022428,285.03815836692996,249.28356203795997
1,All Population,5,Prevalence,75,Austria,3,Both,22,All ages,544,Parkinson's disease,3,Rate,2023,249.39434718503,288.75086747953,218.75310718445
1,All Population,5,Prevalence,35,Georgia,3,Both,22,All ages,544,Parkinson's disease,3,Rate,2023,74.16448889439,91.60537129151,61.592862514180005
1,All Population,5,Prevalence,24,Marshall Islands,3,Both,22,All ages,544,Parkinson's disease,3,Rate,2023,77.27455258139001,93.27990257024,64.29920282742
1,All Population,5,Prevalence,69,Singapore,3,Both,22,All ages,544,Parkinson's disease,3,Rate,2023,98.1845844679,116.45762236363001,82.34347642349
1,All Population,5,Prevalence,320,Cook Islands,3,Both,22,All ages,544,Parkinson's disease,3,Rate,2023,188.68773070031,226.59960484657,152.86786867637
1,All Population,5,Prevalence,30,Vanuatu,3,Both,22,All ages,544,Parkinson's disease,3,Rate,2023,62.80895020967,73.48852849993999,53.77871779022
1,All Population,5,Prevalence,177,Djibouti,3,Both,22,All ages,544,Parkinson's disease,3,Rate,2023,22.68589474164,26.80255156872,18.76397330668
1,All Population,5,Prevalence,82,Greece,3,Both,22,All ages,544,Parkinson's disease,3,Rate,2023,365.26848384865,407.2302324219,321.97565395272
1,All Population,5,Prevalence,71,Australia,3,Both,22,All ages,544,Parkinson's disease,3,Rate,2023,310.67128223594,374.10828287298,254.78788897957003
1,All Population,5,Prevalence,114,Haiti,3,Both,22,All ages,544,Parkinson's disease,3,Rate,2023,60.80228207065,71.80988270283001,50.57857862912
1,All Population,5,Prevalence,189,United Republic of Tanzania,3,Both,22,All ages,544,Parkinson's disease,3,Rate,2023,18.00786629865,21.38783152881,14.98785480596
1,All Population,5,Prevalence,109,Cuba,3,Both,22,All ages,544,Parkinson's disease,3,Rate,2023,285.5832282824,342.94870691112,235.38036885294
1,All Population,5,Prevalence,37,Kyrgyzstan,3,Both,22,All ages,544,Parkinson's disease,3,Rate,2023,21.94926322833,27.542136314369998,18.42615275124
1,All Population,5,Prevalence,77,Cyprus,3,Both,22,All ages,544,Parkinson's disease,3,Rate,2023,165.72371277937,193.61184898731,137.03275233159
1,All Population,5,Prevalence,41,Uzbekistan,3,Both,22,All ages,544,Parkinson's disease,3,Rate,2023,24.25823080461,29.51364477451,20.22113862415
1,All Population,5,Prevalence,351,Guam,3,Both,22,All ages,544,Parkinson's disease,3,Rate,2023,181.06277776784998,218.68800228336,150.72543091318
1,All Population,5,Prevalence,88,Malta,3,Both,22,All ages,544,Parkinson's disease,3,Rate,2023,242.70906407697,290.83628309043,200.1020990406
1,All Population,5,Prevalence,84,Ireland,3,Both,22,All ages,544,Parkinson's disease,3,Rate,2023,184.81974408478,211.97973068123,159.67593207982
1,All Population,5,Prevalence,116,Saint Lucia,3,Both,22,All ages,544,Parkinson's disease,3,Rate,2023,264.38488383594,313.34591444151,224.17741085039
1,All Population,5,Prevalence,127,El Salvador,3,Both,22,All ages,544,Parkinson's disease,3,Rate,2023,166.42298904711,201.57212056029,136.06731444461
1,All Population,5,Prevalence,95,United Kingdom,3,Both,22,All ages,544,Parkinson's disease,3,Rate,2023,244.69675611712003,292.07374912674,202.78268793345998
1,All Population,5,Prevalence,161,Bangladesh,3,Both,22,All ages,544,Parkinson's disease,3,Rate,2023,53.282640861109996,63.504947722560004,43.70924147564
1,All Population,5,Prevalence,39,Tajikistan,3,Both,22,All ages,544,Parkinson's disease,3,Rate,2023,22.13287679123,26.110855686460003,18.4353208019
1,All Population,5,Prevalence,133,Venezuela (Bolivarian Republic of),3,Both,22,All ages,544,Parkinson's disease,3,Rate,2023,173.84968603557002,206.94138779616,137.82114331472
1,All Population,5,Prevalence,50,Montenegro,3,Both,22,All ages,544,Parkinson's disease,3,Rate,2023,193.71301495571,234.39032100635,156.47631735672
1,All Population,5,Prevalence,79,Finland,3,Both,22,All ages,544,Parkinson's disease,3,Rate,2023,285.49961046586003,320.80183326236,250.84331619706
1,All Population,5,Prevalence,7,Democratic People's Republic of Korea,3,Both,22,All ages,544,Parkinson's disease,3,Rate,2023,157.10827955547,189.4959759883,130.93928291327998
1,All Population,5,Prevalence,43,Albania,3,Both,22,All ages,544,Parkinson's disease,3,Rate,2023,210.76500422797997,255.32068360018997,172.39773100034
1,All Population,5,Prevalence,122,Ecuador,3,Both,22,All ages,544,Parkinson's disease,3,Rate,2023,224.30556352471,265.00360085037,188.2034150709
1,All Population,5,Prevalence,11,Indonesia,3,Both,22,All ages,544,Parkinson's disease,3,Rate,2023,70.31767180575,85.04552493269,57.78663738502001
1,All Population,5,Prevalence,129,Honduras,3,Both,22,All ages,544,Parkinson's disease,3,Rate,2023,111.14202207234999,130.01537577572998,93.2517075319
1,All Population,5,Prevalence,86,Italy,3,Both,22,All ages,544,Parkinson's disease,3,Rate,2023,579.78752332661,698.25670918379,478.32596381028003
1,All Population,5,Prevalence,90,Norway,3,Both,22,All ages,544,Parkinson's disease,3,Rate,2023,229.62829887732,282.79904231964997,188.11701723939
1,All Population,5,Prevalence,97,Argentina,3,Both,22,All ages,544,Parkinson's disease,3,Rate,2023,198.26313193434999,217.99729876055,176.80109245147
1,All Population,5,Prevalence,163,India,3,Both,22,All ages,544,Parkinson's disease,3,Rate,2023,53.962090291290004,66.20639711234,44.26174741699
1,All Population,5,Prevalence,180,Kenya,3,Both,22,All ages,544,Parkinson's disease,3,Rate,2023,16.74187482285,20.20312612761,13.803882113230001
1,All Population,5,Prevalence,18,Thailand,3,Both,22,All ages,544,Parkinson's disease,3,Rate,2023,194.64714026799,228.79882319314,160.67111131655
1,All Population,5,Prevalence,135,Brazil,3,Both,22,All ages,544,Parkinson's disease,3,Rate,2023,345.05316891991,421.45980713766994,278.57289300276
1,All Population,5,Prevalence,209,Guinea-Bissau,3,Both,22,All ages,544,Parkinson's disease,3,Rate,2023,16.018178756050002,19.0333296412,13.497319593059999
1,All Population,5,Prevalence,45,Bulgaria,3,Both,22,All ages,544,Parkinson's disease,3,Rate,2023,272.67820679615,315.78074383566,224.16269668403
1,All Population,5,Prevalence,169,Central African Republic,3,Both,22,All ages,544,Parkinson's disease,3,Rate,2023,14.23197352897,17.29147667637,11.97857323487
1,All Population,5,Prevalence,52,Romania,3,Both,22,All ages,544,Parkinson's disease,3,Rate,2023,220.71775661117,250.34986459561,183.07061569280998
1,All Population,5,Prevalence,131,Nicaragua,3,Both,22,All ages,544,Parkinson's disease,3,Rate,2023,106.76862263017,127.38260961621,88.18095264296
1,All Population,5,Prevalence,142,Iran (Islamic Republic of),3,Both,22,All ages,544,Parkinson's disease,3,Rate,2023,132.56004918166,162.46010231698,109.5191589877
1,All Population,5,Prevalence,92,Spain,3,Both,22,All ages,544,Parkinson's disease,3,Rate,2023,404.29560788222,468.74293431361997,341.80929250137
1,All Population,5,Prevalence,99,Uruguay,3,Both,22,All ages,544,Parkinson's disease,3,Rate,2023,285.50068272807,313.92067620633,249.99231923015
1,All Population,5,Prevalence,58,Estonia,3,Both,22,All ages,544,Parkinson's disease,3,Rate,2023,248.25805591902,273.32280323512003,227.57446833934
1,All Population,5,Prevalence,13,Malaysia,3,Both,22,All ages,544,Parkinson's disease,3,Rate,2023,90.65809896524999,108.28294290644001,75.24603699048
1,All Population,5,Prevalence,215,Sao Tome and Principe,3,Both,22,All ages,544,Parkinson's disease,3,Rate,2023,32.301838155510005,38.16999090278,27.37127194295
1,All Population,5,Prevalence,187,Somalia,3,Both,22,All ages,544,Parkinson's disease,3,Rate,2023,15.088787127780002,17.922285152009998,12.442994455870002
1,All Population,5,Prevalence,182,Malawi,3,Both,22,All ages,544,Parkinson's disease,3,Rate,2023,13.280164830410001,15.51684782651,11.04002444204
1,All Population,5,Prevalence,176,Comoros,3,Both,22,All ages,544,Parkinson's disease,3,Rate,2023,43.6773312637,50.35070116675,37.30610166931
1,All Population,5,Prevalence,54,Slovakia,3,Both,22,All ages,544,Parkinson's disease,3,Rate,2023,181.92222931352,219.42720073735,147.37105460052
1,All Population,5,Prevalence,110,Dominica,3,Both,22,All ages,544,Parkinson's disease,3,Rate,2023,314.3727652031,364.45919275918,257.93523598587
1,All Population,5,Prevalence,47,Czechia,3,Both,22,All ages,544,Parkinson's disease,3,Rate,2023,250.18144131484,281.51239092192003,206.08537883223
1,All Population,5,Prevalence,171,Democratic Republic of the Congo,3,Both,22,All ages,544,Parkinson's disease,3,Rate,2023,15.583123663219999,18.36012788371,12.565008326520001
1,All Population,5,Prevalence,105,Antigua and Barbuda,3,Both,22,All ages,544,Parkinson's disease,3,Rate,2023,211.74388402894,251.67432048291,175.35763294692
1,All Population,5,Prevalence,190,Uganda,3,Both,22,All ages,544,Parkinson's disease,3,Rate,2023,14.022846871090001,16.55707705997,11.62918193453
1,All Population,5,Prevalence,144,Jordan,3,Both,22,All ages,544,Parkinson's disease,3,Rate,2023,69.73041911658001,83.84219096504,58.010345164410005
1,All Population,5,Prevalence,101,Canada,3,Both,22,All ages,544,Parkinson's disease,3,Rate,2023,256.11851498557,300.48052924532,220.99309136780002
1,All Population,5,Prevalence,157,Yemen,3,Both,22,All ages,544,Parkinson's disease,3,Rate,2023,42.010640594200005,49.710644249590004,34.88517603344
1,All Population,5,Prevalence,16,Philippines,3,Both,22,All ages,544,Parkinson's disease,3,Rate,2021,53.116187621719995,63.89488671469,43.72180592208
1,All Population,5,Prevalence,139,Algeria,3,Both,22,All ages,544,Parkinson's disease,3,Rate,2023,123.82911401874,148.3020162464,102.09024350815001
1,All Population,5,Prevalence,217,Sierra Leone,3,Both,22,All ages,544,Parkinson's disease,3,Rate,2023,18.67572325394,22.57371078921,15.028785631040002
1,All Population,5,Prevalence,94,Switzerland,3,Both,22,All ages,544,Parkinson's disease,3,Rate,2023,262.9313248804,297.57839406349,221.60508473789
1,All Population,5,Prevalence,349,Greenland,3,Both,22,All ages,544,Parkinson's disease,3,Rate,2023,101.59799612228,121.39026942122001,81.97118386885
1,All Population,5,Prevalence,150,Oman,3,Both,22,All ages,544,Parkinson's disease,3,Rate,2023,76.25750107153,89.26577416343,63.84588034475
1,All Population,5,Prevalence,60,Lithuania,3,Both,22,All ages,544,Parkinson's disease,3,Rate,2023,136.52649760823,160.51875433224998,113.48195747169
1,All Population,5,Prevalence,178,Eritrea,3,Both,22,All ages,544,Parkinson's disease,3,Rate,2023,23.337478086999997,28.13088118737,19.46966489339
1,All Population,5,Prevalence,196,South Africa,3,Both,22,All ages,544,Parkinson's disease,3,Rate,2023,39.532501274599994,47.94765093187,32.41935437796
1,All Population,5,Prevalence,184,Mozambique,3,Both,22,All ages,544,Parkinson's disease,3,Rate,2023,15.070672921120002,17.84247627828,12.410321041669999
1,All Population,5,Prevalence,27,Samoa,3,Both,22,All ages,544,Parkinson's disease,3,Rate,2021,100.87746655512,115.08290002521,85.81310386605
1,All Population,5,Prevalence,112,Grenada,3,Both,22,All ages,544,Parkinson's disease,3,Rate,2023,279.64603612696,330.94667899578997,235.59601040169
1,All Population,5,Prevalence,107,Barbados,3,Both,22,All ages,544,Parkinson's disease,3,Rate,2023,355.27629099372,429.27407587425,289.9919995999
1,All Population,5,Prevalence,29,Tonga,3,Both,22,All ages,544,Parkinson's disease,3,Rate,2021,103.88260259814001,121.90810161536001,87.95524657335
1,All Population,5,Prevalence,118,Suriname,3,Both,22,All ages,544,Parkinson's disease,3,Rate,2023,191.10241304361,223.59848881551002,161.41427768467
1,All Population,5,Prevalence,152,Saudi Arabia,3,Both,22,All ages,544,Parkinson's disease,3,Rate,2023,82.22049358741,97.97956886869,68.8826453529
1,All Population,5,Prevalence,186,Seychelles,3,Both,22,All ages,544,Parkinson's disease,3,Rate,2023,154.42020101414,184.4933655363,134.1398158003
1,All Population,5,Prevalence,10,Cambodia,3,Both,22,All ages,544,Parkinson's disease,3,Rate,2021,62.86409224867,74.62132022994,52.718075377549994
1,All Population,5,Prevalence,203,Cabo Verde,3,Both,22,All ages,544,Parkinson's disease,3,Rate,2023,57.09391041228,67.39308266979,46.93288627525
1,All Population,5,Prevalence,146,Lebanon,3,Both,22,All ages,544,Parkinson's disease,3,Rate,2023,161.49702720507,193.61851653148,135.36621400043
1,All Population,5,Prevalence,198,Zimbabwe,3,Both,22,All ages,544,Parkinson's disease,3,Rate,2023,24.467315213449996,29.040811803369998,20.64823326166
1,All Population,5,Prevalence,63,Ukraine,3,Both,22,All ages,544,Parkinson's disease,3,Rate,2021,49.68174432032,63.09064184911001,40.49839855285
1,All Population,5,Prevalence,74,Andorra,3,Both,22,All ages,544,Parkinson's disease,3,Rate,2021,184.88947092952,215.65652056481002,158.4936808968
1,All Population,5,Prevalence,12,Lao People's Democratic Republic,3,Both,22,All ages,544,Parkinson's disease,3,Rate,2021,45.74571908084,53.32432902669,38.73103462415
1,All Population,5,Prevalence,194,Lesotho,3,Both,22,All ages,544,Parkinson's disease,3,Rate,2023,27.910359842060004,32.76493184061,23.0578309857
1,All Population,5,Prevalence,298,American Samoa,3,Both,22,All ages,544,Parkinson's disease,3,Rate,2023,137.4066815488,159.95502267678,117.73167096267998
1,All Population,5,Prevalence,380,Palau,3,Both,22,All ages,544,Parkinson's disease,3,Rate,2023,159.8683751757,194.88414448564,129.19059016813
1,All Population,5,Prevalence,154,Tunisia,3,Both,22,All ages,544,Parkinson's disease,3,Rate,2023,158.34500084969,190.52764679317,127.49033742373
1,All Population,5,Prevalence,165,Pakistan,3,Both,22,All ages,544,Parkinson's disease,3,Rate,2023,43.9578762032,53.64641170059,36.16246352955
1,All Population,5,Prevalence,205,Côte d'Ivoire,3,Both,22,All ages,544,Parkinson's disease,3,Rate,2023,16.37372038726,19.25326435068,13.57743760662
1,All Population,5,Prevalence,33,Armenia,3,Both,22,All ages,544,Parkinson's disease,3,Rate,2021,57.71006398276,69.28423462837,47.89139857338
1,All Population,5,Prevalence,367,Monaco,3,Both,22,All ages,544,Parkinson's disease,3,Rate,2023,356.30085711652004,418.2213280286,285.58177368886004
1,All Population,5,Prevalence,44,Bosnia and Herzegovina,3,Both,22,All ages,544,Parkinson's disease,3,Rate,2021,211.56868197106002,244.86185526401,180.66922352651
1,All Population,5,Prevalence,200,Benin,3,Both,22,All ages,544,Parkinson's disease,3,Rate,2023,19.29887458608,22.72901193796,15.976495751200002
1,All Population,5,Prevalence,76,Belgium,3,Both,22,All ages,544,Parkinson's disease,3,Rate,2021,240.38904087231998,273.19395981138,210.77503131408
1,All Population,5,Prevalence,172,Equatorial Guinea,3,Both,22,All ages,544,Parkinson's disease,3,Rate,2023,14.620964083259999,17.34496644063,12.089780578020001
1,All Population,5,Prevalence,108,Belize,3,Both,22,All ages,544,Parkinson's disease,3,Rate,2021,113.98961426373,132.25543774994,94.72990056548
1,All Population,5,Prevalence,148,Morocco,3,Both,22,All ages,544,Parkinson's disease,3,Rate,2023,137.39431411566,164.4124394878,112.37905653311999
1,All Population,5,Prevalence,14,Maldives,3,Both,22,All ages,544,Parkinson's disease,3,Rate,2021,58.512174779729996,67.20194430369,49.47942873233001
1,All Population,5,Prevalence,211,Mali,3,Both,22,All ages,544,Parkinson's disease,3,Rate,2023,17.527006589109998,21.25028533535,14.59197234084
1,All Population,5,Prevalence,87,Luxembourg,3,Both,22,All ages,544,Parkinson's disease,3,Rate,2021,198.84267474889,233.08682843975998,174.20062304309
1,All Population,5,Prevalence,46,Croatia,3,Both,22,All ages,544,Parkinson's disease,3,Rate,2021,267.70021399145,300.83238518913,228.20304852745
1,All Population,5,Prevalence,121,Bolivia (Plurinational State of),3,Both,22,All ages,544,Parkinson's disease,3,Rate,2021,165.96641760701002,196.24032106559,136.25756480217
1,All Population,5,Prevalence,207,Ghana,3,Both,22,All ages,544,Parkinson's disease,3,Rate,2023,24.92427890802,29.41199145065,21.01815209099
1,All Population,5,Prevalence,374,Niue,3,Both,22,All ages,544,Parkinson's disease,3,Rate,2023,226.01169710627,265.04854730036,189.83648937293
1,All Population,5,Prevalence,393,Saint Kitts and Nevis,3,Both,22,All ages,544,Parkinson's disease,3,Rate,2023,250.52068684887,288.96471000709,213.82293195220998
1,All Population,5,Prevalence,57,Belarus,3,Both,22,All ages,544,Parkinson's disease,3,Rate,2021,94.43792140573,112.11455976318,77.77711405403001
1,All Population,5,Prevalence,78,Denmark,3,Both,22,All ages,544,Parkinson's disease,3,Rate,2021,187.4273931967,202.61566868762,173.9690921205
1,All Population,5,Prevalence,435,South Sudan,3,Both,22,All ages,544,Parkinson's disease,3,Rate,2023,14.26636356407,17.24285897051,11.72840255987
1,All Population,5,Prevalence,89,Netherlands,3,Both,22,All ages,544,Parkinson's disease,3,Rate,2021,239.02207493011997,274.08709243051004,213.27987436774
1,All Population,5,Prevalence,202,Cameroon,3,Both,22,All ages,544,Parkinson's disease,3,Rate,2023,18.23840365041,21.20263943494,15.015972508259999
1,All Population,5,Prevalence,213,Niger,3,Both,22,All ages,544,Parkinson's disease,3,Rate,2023,11.2392574645,13.378495375759998,9.35589959538
1,All Population,5,Prevalence,123,Peru,3,Both,22,All ages,544,Parkinson's disease,3,Rate,2021,158.78275761602,185.92410216853,132.77994701619
1,All Population,5,Prevalence,48,Hungary,3,Both,22,All ages,544,Parkinson's disease,3,Rate,2021,246.81667431862,248.93455088780001,244.71039345903
1,All Population,5,Prevalence,155,Türkiye,3,Both,22,All ages,544,Parkinson's disease,3,Rate,2021,257.44757345927997,295.53783683084004,226.51764572449002
1,All Population,5,Prevalence,413,Tokelau,3,Both,22,All ages,544,Parkinson's disease,3,Rate,2023,172.30940826414,203.75015833231,143.81614965843
1,All Population,5,Prevalence,91,Portugal,3,Both,22,All ages,544,Parkinson's disease,3,Rate,2021,309.54449644994,344.34722262951,277.07066794688
1,All Population,5,Prevalence,59,Latvia,3,Both,22,All ages,544,Parkinson's disease,3,Rate,2021,140.57924247543,161.60700286857,116.25246035359
1,All Population,5,Prevalence,125,Colombia,3,Both,22,All ages,544,Parkinson's disease,3,Rate,2021,125.32306277051,131.85338539065,118.43217936655
1,All Population,5,Prevalence,72,New Zealand,3,Both,22,All ages,544,Parkinson's disease,3,Rate,2021,191.55564090352,237.65886266661,153.20221564036
1,All Population,5,Prevalence,168,Angola,3,Both,22,All ages,544,Parkinson's disease,3,Rate,2021,15.27095197659,17.97930450721,12.932161013
1,All Population,5,Prevalence,422,United States Virgin Islands,3,Both,22,All ages,544,Parkinson's disease,3,Rate,2023,500.60619316442,620.53263052141,409.10743881153
1,All Population,5,Prevalence,136,Paraguay,3,Both,22,All ages,544,Parkinson's disease,3,Rate,2021,216.77017038158002,251.02628807871,176.89820646715
1,All Population,5,Prevalence,61,Republic of Moldova,3,Both,22,All ages,544,Parkinson's disease,3,Rate,2021,82.20686191899999,93.79405791602,67.08134038886
1,All Population,5,Prevalence,179,Ethiopia,3,Both,22,All ages,544,Parkinson's disease,3,Rate,2021,20.55253911889,24.71411461385,16.68268545926
1,All Population,5,Prevalence,93,Sweden,3,Both,22,All ages,544,Parkinson's disease,3,Rate,2021,349.10694545268,381.52688548171,321.55874927518
1,All Population,5,Prevalence,170,Congo,3,Both,22,All ages,544,Parkinson's disease,3,Rate,2021,18.64698173202,21.72750849876,15.873534580940001
1,All Population,5,Prevalence,106,Bahamas,3,Both,22,All ages,544,Parkinson's disease,3,Rate,2021,155.87162637016,184.23728576439,131.90739459006
1,All Population,5,Prevalence,181,Madagascar,3,Both,22,All ages,544,Parkinson's disease,3,Rate,2021,12.17134983791,14.36729975286,10.03756469924
1,All Population,5,Prevalence,140,Bahrain,3,Both,22,All ages,544,Parkinson's disease,3,Rate,2021,81.31819589731,97.18387379298,68.6634149095
1,All Population,5,Prevalence,149,Palestine,3,Both,22,All ages,544,Parkinson's disease,3,Rate,2021,63.125978048520004,71.99667126876,53.59384415049001
1,All Population,5,Prevalence,119,Trinidad and Tobago,3,Both,22,All ages,544,Parkinson's disease,3,Rate,2021,221.81465907955,259.03085438817,185.44476766337
1,All Population,5,Prevalence,183,Mauritius,3,Both,22,All ages,544,Parkinson's disease,3,Rate,2021,153.50884242403,183.42124868907,133.73377709337998
1,All Population,5,Prevalence,216,Senegal,3,Both,22,All ages,544,Parkinson's disease,3,Rate,2021,23.63350724554,27.817608600249997,19.86504241391
1,All Population,5,Prevalence,151,Qatar,3,Both,22,All ages,544,Parkinson's disease,3,Rate,2021,45.38623659111,55.444615615589996,37.39532493346
1,All Population,5,Prevalence,197,Eswatini,3,Both,22,All ages,544,Parkinson's disease,3,Rate,2021,29.36488079213,34.14475329549,24.05439602918
1,All Population,5,Prevalence,164,Nepal,3,Both,22,All ages,544,Parkinson's disease,3,Rate,2021,53.30060018847,61.870961426410005,44.0583406337
1,All Population,5,Prevalence,185,Rwanda,3,Both,22,All ages,544,Parkinson's disease,3,Rate,2021,18.031285555,21.00217488609,14.997096224
1,All Population,5,Prevalence,218,Togo,3,Both,22,All ages,544,Parkinson's disease,3,Rate,2021,18.04749283919,21.10619428386,15.1960638738
1,All Population,5,Prevalence,153,Syrian Arab Republic,3,Both,22,All ages,544,Parkinson's disease,3,Rate,2021,112.83047882438,131.88930382606,93.93968425065
1,All Population,5,Prevalence,376,Northern Mariana Islands,3,Both,22,All ages,544,Parkinson's disease,3,Rate,2021,110.53244883608,129.58891488188002,92.67905552657
1,All Population,5,Prevalence,305,Bermuda,3,Both,22,All ages,544,Parkinson's disease,3,Rate,2021,369.76818707007,424.5858843199,318.38399858721
1,All Population,5,Prevalence,201,Burkina Faso,3,Both,22,All ages,544,Parkinson's disease,3,Rate,2021,17.51877291602,20.372978751479998,14.76640013384
1,All Population,5,Prevalence,385,Puerto Rico,3,Both,22,All ages,544,Parkinson's disease,3,Rate,2021,429.3315216454,512.20674335766,363.76542939131
1,All Population,5,Prevalence,212,Mauritania,3,Both,22,All ages,544,Parkinson's disease,3,Rate,2021,22.48017314985,26.624377005479996,18.73605949692
1,All Population,5,Prevalence,396,San Marino,3,Both,22,All ages,544,Parkinson's disease,3,Rate,2021,216.90571253374,253.4621106661,182.46134633478
1,All Population,5,Prevalence,214,Nigeria,3,Both,22,All ages,544,Parkinson's disease,3,Rate,2021,16.60973704084,20.09291936427,13.74235119608
1,All Population,5,Prevalence,416,Tuvalu,3,Both,22,All ages,544,Parkinson's disease,3,Rate,2021,89.56507301625,107.51844887035,72.28939123633
1,All Population,5,Prevalence,522,Sudan,3,Both,22,All ages,544,Parkinson's disease,3,Rate,2021,71.99448124788,85.03581745263,59.56783514689
1,All Population,5,Prevalence,10,Cambodia,3,Both,22,All ages,544,Parkinson's disease,3,Rate,2022,65.38995526108,77.63730426421,54.63480364821999
1,All Population,5,Prevalence,33,Armenia,3,Both,22,All ages,544,Parkinson's disease,3,Rate,2022,59.944296261569995,73.29796899447,49.07172658498
1,All Population,5,Prevalence,12,Lao People's Democratic Republic,3,Both,22,All ages,544,Parkinson's disease,3,Rate,2022,47.58108927096,56.3180718101,39.96767071947
1,All Population,5,Prevalence,44,Bosnia and Herzegovina,3,Both,22,All ages,544,Parkinson's disease,3,Rate,2022,218.52909384845,262.51853052284,181.60997484973
1,All Population,5,Prevalence,14,Maldives,3,Both,22,All ages,544,Parkinson's disease,3,Rate,2022,59.04557750083,69.09526085472001,49.60787367142
1,All Population,5,Prevalence,57,Belarus,3,Both,22,All ages,544,Parkinson's disease,3,Rate,2022,93.27194630744,115.18716761544002,76.045762176
1,All Population,5,Prevalence,46,Croatia,3,Both,22,All ages,544,Parkinson's disease,3,Rate,2022,258.98079929166,289.68656414115003,219.31116240325
1,All Population,5,Prevalence,91,Portugal,3,Both,22,All ages,544,Parkinson's disease,3,Rate,2022,322.01976415485,364.53631288899,287.93844779409
1,All Population,5,Prevalence,16,Philippines,3,Both,22,All ages,544,Parkinson's disease,3,Rate,2022,54.78161674829,66.47443387448999,45.087139822750004
1,All Population,5,Prevalence,48,Hungary,3,Both,22,All ages,544,Parkinson's disease,3,Rate,2022,253.81395308978,257.43940903503,250.32613624068
1,All Population,5,Prevalence,27,Samoa,3,Both,22,All ages,544,Parkinson's disease,3,Rate,2022,102.40250320835999,121.1869613435,85.85704906474
1,All Population,5,Prevalence,59,Latvia,3,Both,22,All ages,544,Parkinson's disease,3,Rate,2022,142.26331677915002,163.56290679848001,120.7832730903
1,All Population,5,Prevalence,72,New Zealand,3,Both,22,All ages,544,Parkinson's disease,3,Rate,2022,191.81346384729,236.97224025066,153.44426227381
1,All Population,5,Prevalence,93,Sweden,3,Both,22,All ages,544,Parkinson's disease,3,Rate,2022,377.29679940561,425.32076391211996,340.24999898579
1,All Population,5,Prevalence,29,Tonga,3,Both,22,All ages,544,Parkinson's disease,3,Rate,2022,105.87787895549,127.17115076322,85.94786197171
1,All Population,5,Prevalence,61,Republic of Moldova,3,Both,22,All ages,544,Parkinson's disease,3,Rate,2022,84.42055167232,97.67240854757002,67.71255993139
1,All Population,5,Prevalence,74,Andorra,3,Both,22,All ages,544,Parkinson's disease,3,Rate,2022,186.45612819277,224.72510092937,158.16204088527
1,All Population,5,Prevalence,106,Bahamas,3,Both,22,All ages,544,Parkinson's disease,3,Rate,2022,159.76737738804002,191.63783560911,130.92558209015002
1,All Population,5,Prevalence,149,Palestine,3,Both,22,All ages,544,Parkinson's disease,3,Rate,2022,64.427139833,74.66405168464999,54.02164002004999
1,All Population,5,Prevalence,63,Ukraine,3,Both,22,All ages,544,Parkinson's disease,3,Rate,2022,51.08495354052,64.66693401680999,41.09227416394
1,All Population,5,Prevalence,108,Belize,3,Both,22,All ages,544,Parkinson's disease,3,Rate,2022,117.3361962712,139.39000020032,97.04891631193
1,All Population,5,Prevalence,140,Bahrain,3,Both,22,All ages,544,Parkinson's disease,3,Rate,2022,85.61634669541,106.04730841819001,72.56163740727
1,All Population,5,Prevalence,76,Belgium,3,Both,22,All ages,544,Parkinson's disease,3,Rate,2022,251.52516473354999,294.28828461564,215.21587777153002
1,All Population,5,Prevalence,119,Trinidad and Tobago,3,Both,22,All ages,544,Parkinson's disease,3,Rate,2022,231.93014363965,275.1093056501,190.20146748811
1,All Population,5,Prevalence,185,Rwanda,3,Both,22,All ages,544,Parkinson's disease,3,Rate,2022,18.641317353799998,22.280843844299998,15.49853191039
1,All Population,5,Prevalence,151,Qatar,3,Both,22,All ages,544,Parkinson's disease,3,Rate,2022,46.7773881446,57.74849214817,37.86338352348
1,All Population,5,Prevalence,87,Luxembourg,3,Both,22,All ages,544,Parkinson's disease,3,Rate,2022,196.85424661095,232.05909704044,168.06674427915
1,All Population,5,Prevalence,197,Eswatini,3,Both,22,All ages,544,Parkinson's disease,3,Rate,2022,29.688454941070002,35.36182342023,24.06464067732
1,All Population,5,Prevalence,78,Denmark,3,Both,22,All ages,544,Parkinson's disease,3,Rate,2022,192.45912896507,210.17799265396002,174.42938669431
1,All Population,5,Prevalence,121,Bolivia (Plurinational State of),3,Both,22,All ages,544,Parkinson's disease,3,Rate,2022,169.50433853755,204.99061805329,133.41375258399
1,All Population,5,Prevalence,164,Nepal,3,Both,22,All ages,544,Parkinson's disease,3,Rate,2022,56.19750349141,69.47134768395,46.27163988633
1,All Population,5,Prevalence,153,Syrian Arab Republic,3,Both,22,All ages,544,Parkinson's disease,3,Rate,2022,117.9599551087,140.50415402637,98.07995287007
1,All Population,5,Prevalence,89,Netherlands,3,Both,22,All ages,544,Parkinson's disease,3,Rate,2022,247.30352076406,285.49089289264,212.58960381639
1,All Population,5,Prevalence,123,Peru,3,Both,22,All ages,544,Parkinson's disease,3,Rate,2022,168.65413235778,201.23088621462,139.90088403754
1,All Population,5,Prevalence,385,Puerto Rico,3,Both,22,All ages,544,Parkinson's disease,3,Rate,2022,451.93093744597,541.0354741244599,380.18487283008
1,All Population,5,Prevalence,305,Bermuda,3,Both,22,All ages,544,Parkinson's disease,3,Rate,2022,386.91314196127996,450.56549960855,327.86141560449
1,All Population,5,Prevalence,201,Burkina Faso,3,Both,22,All ages,544,Parkinson's disease,3,Rate,2022,17.62673640948,20.68874614028,14.843940219580002
1,All Population,5,Prevalence,212,Mauritania,3,Both,22,All ages,544,Parkinson's disease,3,Rate,2022,22.34089815826,26.90359169329,18.531328007389998
1,All Population,5,Prevalence,155,Türkiye,3,Both,22,All ages,544,Parkinson's disease,3,Rate,2022,282.02122408169004,326.26269843566,242.38401511358998
1,All Population,5,Prevalence,396,San Marino,3,Both,22,All ages,544,Parkinson's disease,3,Rate,2022,216.37494050495,255.4512508364,179.64632485726
1,All Population,5,Prevalence,136,Paraguay,3,Both,22,All ages,544,Parkinson's disease,3,Rate,2022,224.56432801566,270.40150021882,182.8670752452
1,All Population,5,Prevalence,168,Angola,3,Both,22,All ages,544,Parkinson's disease,3,Rate,2022,15.454358966380001,18.47768230889,13.124875054570001
1,All Population,5,Prevalence,125,Colombia,3,Both,22,All ages,544,Parkinson's disease,3,Rate,2022,130.35787569685,137.98542395189,122.51841474634
1,All Population,5,Prevalence,179,Ethiopia,3,Both,22,All ages,544,Parkinson's disease,3,Rate,2022,20.67401052172,24.95686123335,16.76189166069
1,All Population,5,Prevalence,214,Nigeria,3,Both,22,All ages,544,Parkinson's disease,3,Rate,2022,16.59495550856,20.10497940554,13.677730344379999
1,All Population,5,Prevalence,416,Tuvalu,3,Both,22,All ages,544,Parkinson's disease,3,Rate,2022,91.92586975458,112.06566749573999,74.61457310001
1,All Population,5,Prevalence,170,Congo,3,Both,22,All ages,544,Parkinson's disease,3,Rate,2022,18.60730619416,22.15215511864,15.6669077039
1,All Population,5,Prevalence,216,Senegal,3,Both,22,All ages,544,Parkinson's disease,3,Rate,2022,23.413471682369998,27.69138432718,19.4980847525
1,All Population,5,Prevalence,181,Madagascar,3,Both,22,All ages,544,Parkinson's disease,3,Rate,2022,12.291855294909999,14.903290932800001,10.04947276543
1,All Population,5,Prevalence,522,Sudan,3,Both,22,All ages,544,Parkinson's disease,3,Rate,2022,74.57661004123,90.96892125139,59.67372105519
1,All Population,5,Prevalence,183,Mauritius,3,Both,22,All ages,544,Parkinson's disease,3,Rate,2022,159.49419742287,192.89401676791002,138.26133569104002
1,All Population,5,Prevalence,218,Togo,3,Both,22,All ages,544,Parkinson's disease,3,Rate,2022,18.506422810980002,22.40155904578,15.351147849810001
1,All Population,5,Prevalence,376,Northern Mariana Islands,3,Both,22,All ages,544,Parkinson's disease,3,Rate,2022,115.5974623866,136.95964573832998,96.49059043728
1,All Population,5,Prevalence,14,Maldives,3,Both,22,All ages,544,Parkinson's disease,3,Rate,2023,59.841459533480005,71.12653247965,50.30364011779
1,All Population,5,Prevalence,27,Samoa,3,Both,22,All ages,544,Parkinson's disease,3,Rate,2023,105.75832004352,123.66195605051,87.6500975078
1,All Population,5,Prevalence,61,Republic of Moldova,3,Both,22,All ages,544,Parkinson's disease,3,Rate,2023,87.17012439672,103.34082225731,68.67376110741
1,All Population,5,Prevalence,29,Tonga,3,Both,22,All ages,544,Parkinson's disease,3,Rate,2023,108.48646762312,131.06158704972,92.14468401308
1,All Population,5,Prevalence,16,Philippines,3,Both,22,All ages,544,Parkinson's disease,3,Rate,2023,56.430980258610006,68.07632259346,46.40419852558
1,All Population,5,Prevalence,74,Andorra,3,Both,22,All ages,544,Parkinson's disease,3,Rate,2023,188.6729208567,225.98861997605,156.47808251717
1,All Population,5,Prevalence,63,Ukraine,3,Both,22,All ages,544,Parkinson's disease,3,Rate,2023,55.091443246269996,66.8013318607,45.435780756
1,All Population,5,Prevalence,108,Belize,3,Both,22,All ages,544,Parkinson's disease,3,Rate,2023,124.92277407098,146.45106337767,104.262486754
1,All Population,5,Prevalence,87,Luxembourg,3,Both,22,All ages,544,Parkinson's disease,3,Rate,2023,200.26970879712002,230.39610373688998,167.85980598143
1,All Population,5,Prevalence,76,Belgium,3,Both,22,All ages,544,Parkinson's disease,3,Rate,2023,243.79190087161,289.04814509164,211.01194057942
1,All Population,5,Prevalence,121,Bolivia (Plurinational State of),3,Both,22,All ages,544,Parkinson's disease,3,Rate,2023,169.69528297573,200.33166352149,143.23999445957
1,All Population,5,Prevalence,44,Bosnia and Herzegovina,3,Both,22,All ages,544,Parkinson's disease,3,Rate,2023,220.36597032557,263.23631604193,176.93880499283
1,All Population,5,Prevalence,33,Armenia,3,Both,22,All ages,544,Parkinson's disease,3,Rate,2023,62.85292246389999,73.87788009489,52.20593360646001
1,All Population,5,Prevalence,89,Netherlands,3,Both,22,All ages,544,Parkinson's disease,3,Rate,2023,251.7162066783,292.73608403832003,224.47775915975998
1,All Population,5,Prevalence,10,Cambodia,3,Both,22,All ages,544,Parkinson's disease,3,Rate,2023,69.15232807589,82.46760541236999,58.46724217174
1,All Population,5,Prevalence,155,Türkiye,3,Both,22,All ages,544,Parkinson's disease,3,Rate,2023,381.34893651298,447.10028440593,327.91171804708
1,All Population,5,Prevalence,123,Peru,3,Both,22,All ages,544,Parkinson's disease,3,Rate,2023,161.73381607145998,191.93060094815,131.48681001344
1,All Population,5,Prevalence,46,Croatia,3,Both,22,All ages,544,Parkinson's disease,3,Rate,2023,274.50117498125996,330.15931590142003,228.48515533053998
1,All Population,5,Prevalence,78,Denmark,3,Both,22,All ages,544,Parkinson's disease,3,Rate,2023,218.77835422814,250.32730247794998,199.00775876789
1,All Population,5,Prevalence,91,Portugal,3,Both,22,All ages,544,Parkinson's disease,3,Rate,2023,331.62927547703,383.51392761412,291.74841881036
1,All Population,5,Prevalence,12,Lao People's Democratic Republic,3,Both,22,All ages,544,Parkinson's disease,3,Rate,2023,48.50841827274,57.85678841526,40.71455321682
1,All Population,5,Prevalence,179,Ethiopia,3,Both,22,All ages,544,Parkinson's disease,3,Rate,2023,20.85622292216,25.45965544016,16.976043665320002
1,All Population,5,Prevalence,168,Angola,3,Both,22,All ages,544,Parkinson's disease,3,Rate,2023,15.730430413510001,18.89767984477,12.882879943899999
1,All Population,5,Prevalence,125,Colombia,3,Both,22,All ages,544,Parkinson's disease,3,Rate,2023,134.30920156042,142.42396754081,125.81875740185001
1,All Population,5,Prevalence,48,Hungary,3,Both,22,All ages,544,Parkinson's disease,3,Rate,2023,264.90863804244,278.02979984886997,254.0425864379
1,All Population,5,Prevalence,93,Sweden,3,Both,22,All ages,544,Parkinson's disease,3,Rate,2023,382.71299113526,428.97957095134,339.97142400773
1,All Population,5,Prevalence,136,Paraguay,3,Both,22,All ages,544,Parkinson's disease,3,Rate,2023,233.86069197759,277.42307696477,190.44196565915
1,All Population,5,Prevalence,57,Belarus,3,Both,22,All ages,544,Parkinson's disease,3,Rate,2023,94.2792124363,112.9657279404,77.12591560791999
1,All Population,5,Prevalence,106,Bahamas,3,Both,22,All ages,544,Parkinson's disease,3,Rate,2023,167.89897489845998,195.96572822782,143.76759162258
1,All Population,5,Prevalence,216,Senegal,3,Both,22,All ages,544,Parkinson's disease,3,Rate,2023,23.67497594912,28.040666978519997,19.689637908679998
1,All Population,5,Prevalence,149,Palestine,3,Both,22,All ages,544,Parkinson's disease,3,Rate,2023,66.97560873134,78.79109577187,56.67118264577
1,All Population,5,Prevalence,181,Madagascar,3,Both,22,All ages,544,Parkinson's disease,3,Rate,2023,12.37293223471,15.158402782109999,10.13520761569
1,All Population,5,Prevalence,170,Congo,3,Both,22,All ages,544,Parkinson's disease,3,Rate,2023,18.97215423627,22.91465582214,15.77720158796
1,All Population,5,Prevalence,59,Latvia,3,Both,22,All ages,544,Parkinson's disease,3,Rate,2023,146.52839893455,165.42035264538,122.37491018465
1,All Population,5,Prevalence,151,Qatar,3,Both,22,All ages,544,Parkinson's disease,3,Rate,2023,48.50929871962,60.50348925311,39.00053141469
1,All Population,5,Prevalence,72,New Zealand,3,Both,22,All ages,544,Parkinson's disease,3,Rate,2023,199.4827029216,248.92366134985,160.4908664027
1,All Population,5,Prevalence,218,Togo,3,Both,22,All ages,544,Parkinson's disease,3,Rate,2023,18.74900373793,22.12949402591,15.49518354622
1,All Population,5,Prevalence,183,Mauritius,3,Both,22,All ages,544,Parkinson's disease,3,Rate,2023,168.84490189416002,192.52776950676,143.45559107726
1,All Population,5,Prevalence,140,Bahrain,3,Both,22,All ages,544,Parkinson's disease,3,Rate,2023,91.10360694340001,110.89001488939999,76.39366775474001
1,All Population,5,Prevalence,197,Eswatini,3,Both,22,All ages,544,Parkinson's disease,3,Rate,2023,29.69788049968,34.82234734266,24.623307217860003
1,All Population,5,Prevalence,376,Northern Mariana Islands,3,Both,22,All ages,544,Parkinson's disease,3,Rate,2023,118.34100744070001,140.85165844482998,98.88050153215
1,All Population,5,Prevalence,153,Syrian Arab Republic,3,Both,22,All ages,544,Parkinson's disease,3,Rate,2023,123.99716132498999,149.58119353870998,102.00930479686
1,All Population,5,Prevalence,185,Rwanda,3,Both,22,All ages,544,Parkinson's disease,3,Rate,2023,19.35439836327,23.40031148233,15.73866933942
1,All Population,5,Prevalence,164,Nepal,3,Both,22,All ages,544,Parkinson's disease,3,Rate,2023,57.564775984049994,67.5535045869,47.79166425823
1,All Population,5,Prevalence,119,Trinidad and Tobago,3,Both,22,All ages,544,Parkinson's disease,3,Rate,2023,250.30530851709003,313.64063144321,204.22730017221002
1,All Population,5,Prevalence,305,Bermuda,3,Both,22,All ages,544,Parkinson's disease,3,Rate,2023,405.89429495766,470.37632920784,335.91920856441
1,All Population,5,Prevalence,385,Puerto Rico,3,Both,22,All ages,544,Parkinson's disease,3,Rate,2023,475.42678776157004,542.61397444514,406.49241382524
1,All Population,5,Prevalence,201,Burkina Faso,3,Both,22,All ages,544,Parkinson's disease,3,Rate,2023,17.67671166427,20.627648087049998,14.69233891859
1,All Population,5,Prevalence,212,Mauritania,3,Both,22,All ages,544,Parkinson's disease,3,Rate,2023,22.8662067386,27.51315223643,18.91061682635
1,All Population,5,Prevalence,396,San Marino,3,Both,22,All ages,544,Parkinson's disease,3,Rate,2023,234.52906552166002,282.13368446123,191.63124964063002
1,All Population,5,Prevalence,214,Nigeria,3,Both,22,All ages,544,Parkinson's disease,3,Rate,2023,16.54796744978,20.02295643062,13.62670343848
1,All Population,5,Prevalence,416,Tuvalu,3,Both,22,All ages,544,Parkinson's disease,3,Rate,2023,93.81324511657,116.62382885512001,76.40792836976
1,All Population,5,Prevalence,522,Sudan,3,Both,22,All ages,544,Parkinson's disease,3,Rate,2023,76.228972841,89.69605924679,63.0181969179
