population_group_id,population_group_name,measure_id,measure_name,location_id,location_name,sex_id,sex_name,age_id,age_name,cause_id,cause_name,metric_id,metric_name,year,val,upper,lower
1,All Population,5,Prevalence,37,Kyrgyzstan,3,Both,22,All ages,625,"Other endocrine, metabolic, blood, and immune disorders",3,Rate,2014,925.5947825733499,1170.16870229343,736.36427061472
1,All Population,5,Prevalence,131,Nicaragua,3,Both,22,All ages,625,"Other endocrine, metabolic, blood, and immune disorders",3,Rate,2014,228.49858390076002,271.37419471557,192.08873906715
1,All Population,5,Prevalence,39,Tajikistan,3,Both,22,All ages,625,"Other endocrine, metabolic, blood, and immune disorders",3,Rate,2014,840.0032090372,1078.5046062401,668.924682605
1,All Population,5,Prevalence,178,Eritrea,3,Both,22,All ages,625,"Other endocrine, metabolic, blood, and immune disorders",3,Rate,2014,173.39871296423,217.93870502003003,139.92315584171
1,All Population,5,Prevalence,99,Uruguay,3,Both,22,All ages,625,"Other endocrine, metabolic, blood, and immune disorders",3,Rate,2014,1499.11188744959,1740.34467721691,1288.24278375041
1,All Population,5,Prevalence,84,Ireland,3,Both,22,All ages,625,"Other endocrine, metabolic, blood, and immune disorders",3,Rate,2014,1666.5389386650302,1996.45329675621,1410.61512759635
1,All Population,5,Prevalence,133,Venezuela (Bolivarian Republic of),3,Both,22,All ages,625,"Other endocrine, metabolic, blood, and immune disorders",3,Rate,2014,283.94401603149004,340.25316472378,240.59577816906
1,All Population,5,Prevalence,180,Kenya,3,Both,22,All ages,625,"Other endocrine, metabolic, blood, and immune disorders",3,Rate,2014,148.61770787307,180.1449240233,120.45927171582
1,All Population,5,Prevalence,41,Uzbekistan,3,Both,22,All ages,625,"Other endocrine, metabolic, blood, and immune disorders",3,Rate,2014,915.5478756449601,1213.03236194344,734.0641487780399
1,All Population,5,Prevalence,101,Canada,3,Both,22,All ages,625,"Other endocrine, metabolic, blood, and immune disorders",3,Rate,2014,1196.58918609049,1376.9976459311602,1057.03081013792
1,All Population,5,Prevalence,367,Monaco,3,Both,22,All ages,625,"Other endocrine, metabolic, blood, and immune disorders",3,Rate,2014,2016.1042986191,2458.77445078172,1657.0162615608
1,All Population,5,Prevalence,86,Italy,3,Both,22,All ages,625,"Other endocrine, metabolic, blood, and immune disorders",3,Rate,2014,1968.33409225011,2220.0906921010796,1748.18077497324
1,All Population,5,Prevalence,182,Malawi,3,Both,22,All ages,625,"Other endocrine, metabolic, blood, and immune disorders",3,Rate,2014,149.80293021896,183.04434621719,123.44503888576999
1,All Population,5,Prevalence,43,Albania,3,Both,22,All ages,625,"Other endocrine, metabolic, blood, and immune disorders",3,Rate,2014,1439.23210035928,1753.7277416138,1179.743851919
1,All Population,5,Prevalence,135,Brazil,3,Both,22,All ages,625,"Other endocrine, metabolic, blood, and immune disorders",3,Rate,2014,439.65331446772,487.53600331347,397.39837395825
1,All Population,5,Prevalence,374,Niue,3,Both,22,All ages,625,"Other endocrine, metabolic, blood, and immune disorders",3,Rate,2014,372.47592182022,440.79653019731,311.80051113086
1,All Population,5,Prevalence,88,Malta,3,Both,22,All ages,625,"Other endocrine, metabolic, blood, and immune disorders",3,Rate,2014,1722.4666208256801,1981.03469797443,1512.99828508907
1,All Population,5,Prevalence,207,Ghana,3,Both,22,All ages,625,"Other endocrine, metabolic, blood, and immune disorders",3,Rate,2014,182.22818184546,227.8187393131,150.90937319433
1,All Population,5,Prevalence,380,Palau,3,Both,22,All ages,625,"Other endocrine, metabolic, blood, and immune disorders",3,Rate,2014,328.58691970263,411.38303122253,271.95806963213
1,All Population,5,Prevalence,393,Saint Kitts and Nevis,3,Both,22,All ages,625,"Other endocrine, metabolic, blood, and immune disorders",3,Rate,2014,552.71727878982,729.47799699002,465.94163673495
1,All Population,5,Prevalence,194,Lesotho,3,Both,22,All ages,625,"Other endocrine, metabolic, blood, and immune disorders",3,Rate,2014,373.69493892867,445.37901903016,317.25371025605
1,All Population,5,Prevalence,105,Antigua and Barbuda,3,Both,22,All ages,625,"Other endocrine, metabolic, blood, and immune disorders",3,Rate,2014,659.28703645678,816.98490894755,569.13161275742
1,All Population,5,Prevalence,34,Azerbaijan,3,Both,22,All ages,625,"Other endocrine, metabolic, blood, and immune disorders",3,Rate,2014,1210.9797724463099,1465.47778143555,998.9498973460401
1,All Population,5,Prevalence,107,Barbados,3,Both,22,All ages,625,"Other endocrine, metabolic, blood, and immune disorders",3,Rate,2014,732.7100860216999,850.99084138204,641.2927665308899
1,All Population,5,Prevalence,92,Spain,3,Both,22,All ages,625,"Other endocrine, metabolic, blood, and immune disorders",3,Rate,2014,1920.7572781299202,2284.37666331848,1624.39838879571
1,All Population,5,Prevalence,45,Bulgaria,3,Both,22,All ages,625,"Other endocrine, metabolic, blood, and immune disorders",3,Rate,2014,1408.4996054917,1834.9024397241599,1157.58009419903
1,All Population,5,Prevalence,81,Germany,3,Both,22,All ages,625,"Other endocrine, metabolic, blood, and immune disorders",3,Rate,2014,3339.1515722745,3670.40724222795,3019.8735634367104
1,All Population,5,Prevalence,114,Haiti,3,Both,22,All ages,625,"Other endocrine, metabolic, blood, and immune disorders",3,Rate,2014,266.70031994285,319.08741347736003,223.82987365816
1,All Population,5,Prevalence,209,Guinea-Bissau,3,Both,22,All ages,625,"Other endocrine, metabolic, blood, and immune disorders",3,Rate,2014,148.22287459501,194.94750934282,119.71215907601
1,All Population,5,Prevalence,90,Norway,3,Both,22,All ages,625,"Other endocrine, metabolic, blood, and immune disorders",3,Rate,2014,1953.7838940919899,2291.06535199603,1656.1895890295002
1,All Population,5,Prevalence,152,Saudi Arabia,3,Both,22,All ages,625,"Other endocrine, metabolic, blood, and immune disorders",3,Rate,2014,280.83191033248,344.74647526751,231.49215736496998
1,All Population,5,Prevalence,196,South Africa,3,Both,22,All ages,625,"Other endocrine, metabolic, blood, and immune disorders",3,Rate,2014,539.82427024559,632.34173445727,463.87198385160997
1,All Population,5,Prevalence,161,Bangladesh,3,Both,22,All ages,625,"Other endocrine, metabolic, blood, and immune disorders",3,Rate,2014,188.03106776177,240.97595859679998,148.71273706852
1,All Population,5,Prevalence,200,Benin,3,Both,22,All ages,625,"Other endocrine, metabolic, blood, and immune disorders",3,Rate,2014,144.65662078889,173.13345631578,119.21889214747999
1,All Population,5,Prevalence,186,Seychelles,3,Both,22,All ages,625,"Other endocrine, metabolic, blood, and immune disorders",3,Rate,2014,208.37390250009,263.00741479330003,170.89671390525
1,All Population,5,Prevalence,26,Papua New Guinea,3,Both,22,All ages,625,"Other endocrine, metabolic, blood, and immune disorders",3,Rate,2014,317.51972872427,370.48432033636,270.71647765212
1,All Population,5,Prevalence,13,Malaysia,3,Both,22,All ages,625,"Other endocrine, metabolic, blood, and immune disorders",3,Rate,2014,210.19791649231,250.32611417683,174.03676571024002
1,All Population,5,Prevalence,128,Guatemala,3,Both,22,All ages,625,"Other endocrine, metabolic, blood, and immune disorders",3,Rate,2014,278.64549900513,326.45676503736,239.88404987657
1,All Population,5,Prevalence,22,Fiji,3,Both,22,All ages,625,"Other endocrine, metabolic, blood, and immune disorders",3,Rate,2015,231.69129451198998,276.67197912529,190.17516070861
1,All Population,5,Prevalence,320,Cook Islands,3,Both,22,All ages,625,"Other endocrine, metabolic, blood, and immune disorders",3,Rate,2014,293.44261201356,369.67943311637,237.12266516144
1,All Population,5,Prevalence,139,Algeria,3,Both,22,All ages,625,"Other endocrine, metabolic, blood, and immune disorders",3,Rate,2014,264.99549222259003,346.67580060932,213.5039550381
1,All Population,5,Prevalence,7,Democratic People's Republic of Korea,3,Both,22,All ages,625,"Other endocrine, metabolic, blood, and immune disorders",3,Rate,2015,184.93325738979001,225.63288965087,145.06658058886
1,All Population,5,Prevalence,47,Czechia,3,Both,22,All ages,625,"Other endocrine, metabolic, blood, and immune disorders",3,Rate,2014,1873.8762846501102,2224.50254973963,1607.73782729026
1,All Population,5,Prevalence,94,Switzerland,3,Both,22,All ages,625,"Other endocrine, metabolic, blood, and immune disorders",3,Rate,2014,1490.0410752155099,1635.84514789331,1350.09380774001
1,All Population,5,Prevalence,413,Tokelau,3,Both,22,All ages,625,"Other endocrine, metabolic, blood, and immune disorders",3,Rate,2014,297.94110151351003,375.29703698629,242.92851155882
1,All Population,5,Prevalence,60,Lithuania,3,Both,22,All ages,625,"Other endocrine, metabolic, blood, and immune disorders",3,Rate,2014,2332.60166027528,2656.4124103612,2098.40841525245
1,All Population,5,Prevalence,116,Saint Lucia,3,Both,22,All ages,625,"Other endocrine, metabolic, blood, and immune disorders",3,Rate,2014,585.18919790553,725.79033647846,503.51655189911
1,All Population,5,Prevalence,69,Singapore,3,Both,22,All ages,625,"Other endocrine, metabolic, blood, and immune disorders",3,Rate,2014,644.43025250551,775.39320955452,536.0696706950899
1,All Population,5,Prevalence,52,Romania,3,Both,22,All ages,625,"Other endocrine, metabolic, blood, and immune disorders",3,Rate,2014,2282.7840675062403,2879.75238889179,1845.4099370561
1,All Population,5,Prevalence,211,Mali,3,Both,22,All ages,625,"Other endocrine, metabolic, blood, and immune disorders",3,Rate,2014,382.10650965569,457.65876453774996,321.19623334212
1,All Population,5,Prevalence,154,Tunisia,3,Both,22,All ages,625,"Other endocrine, metabolic, blood, and immune disorders",3,Rate,2014,395.02097782269,466.52615740214003,328.03858574257004
1,All Population,5,Prevalence,43,Albania,3,Both,22,All ages,625,"Other endocrine, metabolic, blood, and immune disorders",3,Rate,2015,1453.55707428206,1789.22482664754,1181.64985975864
1,All Population,5,Prevalence,146,Lebanon,3,Both,22,All ages,625,"Other endocrine, metabolic, blood, and immune disorders",3,Rate,2014,405.42332463946997,487.25326392983,337.87389044872
1,All Population,5,Prevalence,15,Myanmar,3,Both,22,All ages,625,"Other endocrine, metabolic, blood, and immune disorders",3,Rate,2014,153.0358475038,188.9131285306,121.02661294685998
1,All Population,5,Prevalence,36,Kazakhstan,3,Both,22,All ages,625,"Other endocrine, metabolic, blood, and immune disorders",3,Rate,2014,1060.15643553588,1308.08872136139,864.15481616045
1,All Population,5,Prevalence,129,Honduras,3,Both,22,All ages,625,"Other endocrine, metabolic, blood, and immune disorders",3,Rate,2014,271.47191015458,322.82997624369,230.51098002633998
1,All Population,5,Prevalence,141,Egypt,3,Both,22,All ages,625,"Other endocrine, metabolic, blood, and immune disorders",3,Rate,2014,233.08704676704,285.79645919989997,190.78553652329
1,All Population,5,Prevalence,189,United Republic of Tanzania,3,Both,22,All ages,625,"Other endocrine, metabolic, blood, and immune disorders",3,Rate,2014,162.54858711182,197.36499267548,134.65450696431
1,All Population,5,Prevalence,37,Kyrgyzstan,3,Both,22,All ages,625,"Other endocrine, metabolic, blood, and immune disorders",3,Rate,2015,934.98187605792,1190.1919434442,741.68500491614
1,All Population,5,Prevalence,351,Guam,3,Both,22,All ages,625,"Other endocrine, metabolic, blood, and immune disorders",3,Rate,2014,319.61600422334,379.96904273704,268.52883298564
1,All Population,5,Prevalence,75,Austria,3,Both,22,All ages,625,"Other endocrine, metabolic, blood, and immune disorders",3,Rate,2014,4516.95989634139,4999.0115257771595,4092.75819184514
1,All Population,5,Prevalence,163,India,3,Both,22,All ages,625,"Other endocrine, metabolic, blood, and immune disorders",3,Rate,2014,186.93003718801,230.85298177109,150.80994179802002
1,All Population,5,Prevalence,198,Zimbabwe,3,Both,22,All ages,625,"Other endocrine, metabolic, blood, and immune disorders",3,Rate,2014,222.76154388003,269.04507242488,183.57662094926002
1,All Population,5,Prevalence,7,Democratic People's Republic of Korea,3,Both,22,All ages,625,"Other endocrine, metabolic, blood, and immune disorders",3,Rate,2014,183.10787099457,222.22636046425998,143.64680887417998
1,All Population,5,Prevalence,422,United States Virgin Islands,3,Both,22,All ages,625,"Other endocrine, metabolic, blood, and immune disorders",3,Rate,2014,741.6505856117,943.89363557269,618.39764984844
1,All Population,5,Prevalence,202,Cameroon,3,Both,22,All ages,625,"Other endocrine, metabolic, blood, and immune disorders",3,Rate,2014,164.20177969186,199.34458309771,136.87040913211
1,All Population,5,Prevalence,71,Australia,3,Both,22,All ages,625,"Other endocrine, metabolic, blood, and immune disorders",3,Rate,2014,990.95993391213,1144.50565435624,864.1956979101801
1,All Population,5,Prevalence,118,Suriname,3,Both,22,All ages,625,"Other endocrine, metabolic, blood, and immune disorders",3,Rate,2014,432.99674369982006,578.78436652569,348.85163443813
1,All Population,5,Prevalence,176,Comoros,3,Both,22,All ages,625,"Other endocrine, metabolic, blood, and immune disorders",3,Rate,2014,221.11935383744,285.46275452407,173.11106266123
1,All Population,5,Prevalence,54,Slovakia,3,Both,22,All ages,625,"Other endocrine, metabolic, blood, and immune disorders",3,Rate,2014,2482.9912010553503,3057.63586707372,2193.74512634855
1,All Population,5,Prevalence,109,Cuba,3,Both,22,All ages,625,"Other endocrine, metabolic, blood, and immune disorders",3,Rate,2014,445.63624322577004,542.15465263496,368.31687085772
1,All Population,5,Prevalence,191,Zambia,3,Both,22,All ages,625,"Other endocrine, metabolic, blood, and immune disorders",3,Rate,2014,139.79030621515,170.70554145939002,114.08880430226
1,All Population,5,Prevalence,156,United Arab Emirates,3,Both,22,All ages,625,"Other endocrine, metabolic, blood, and immune disorders",3,Rate,2014,259.71462208087,333.02541413129,206.42077198057
1,All Population,5,Prevalence,213,Niger,3,Both,22,All ages,625,"Other endocrine, metabolic, blood, and immune disorders",3,Rate,2014,121.46100952755,148.64952858086002,98.97618241268
1,All Population,5,Prevalence,165,Pakistan,3,Both,22,All ages,625,"Other endocrine, metabolic, blood, and immune disorders",3,Rate,2014,153.93214830888002,195.32556648478,122.21277120393
1,All Population,5,Prevalence,30,Vanuatu,3,Both,22,All ages,625,"Other endocrine, metabolic, blood, and immune disorders",3,Rate,2014,214.06487013304002,268.84264428228,177.45698545597
1,All Population,5,Prevalence,143,Iraq,3,Both,22,All ages,625,"Other endocrine, metabolic, blood, and immune disorders",3,Rate,2014,185.19959016244002,224.69636706341,152.88776127007
1,All Population,5,Prevalence,49,North Macedonia,3,Both,22,All ages,625,"Other endocrine, metabolic, blood, and immune disorders",3,Rate,2014,1173.74138057228,1406.4842851226,970.49988164979
1,All Population,5,Prevalence,98,Chile,3,Both,22,All ages,625,"Other endocrine, metabolic, blood, and immune disorders",3,Rate,2014,1390.07870350486,1544.72353783686,1243.30737200842
1,All Population,5,Prevalence,62,Russian Federation,3,Both,22,All ages,625,"Other endocrine, metabolic, blood, and immune disorders",3,Rate,2014,1905.5211380086998,2362.26859764373,1514.49142330766
1,All Population,5,Prevalence,53,Serbia,3,Both,22,All ages,625,"Other endocrine, metabolic, blood, and immune disorders",3,Rate,2014,1384.92118995581,1623.7747976937899,1186.5993029421
1,All Population,5,Prevalence,6,China,3,Both,22,All ages,625,"Other endocrine, metabolic, blood, and immune disorders",3,Rate,2014,178.59114023607,213.91530550450003,144.49655774575
1,All Population,5,Prevalence,44,Bosnia and Herzegovina,3,Both,22,All ages,625,"Other endocrine, metabolic, blood, and immune disorders",3,Rate,2014,1430.35701356129,1884.66089370267,1171.65497786231
1,All Population,5,Prevalence,215,Sao Tome and Principe,3,Both,22,All ages,625,"Other endocrine, metabolic, blood, and immune disorders",3,Rate,2014,195.44852857795001,249.96884741319,158.51898825751
1,All Population,5,Prevalence,122,Ecuador,3,Both,22,All ages,625,"Other endocrine, metabolic, blood, and immune disorders",3,Rate,2014,621.38885643832,682.86417187584,561.63486754186
1,All Population,5,Prevalence,136,Paraguay,3,Both,22,All ages,625,"Other endocrine, metabolic, blood, and immune disorders",3,Rate,2014,438.35132947793005,574.55965960817,357.23118689407
1,All Population,5,Prevalence,147,Libya,3,Both,22,All ages,625,"Other endocrine, metabolic, blood, and immune disorders",3,Rate,2014,273.21235542807,356.21851181042,219.83834194426
1,All Population,5,Prevalence,160,Afghanistan,3,Both,22,All ages,625,"Other endocrine, metabolic, blood, and immune disorders",3,Rate,2014,142.85451775298,176.32930099290002,113.20999629724001
1,All Population,5,Prevalence,102,United States of America,3,Both,22,All ages,625,"Other endocrine, metabolic, blood, and immune disorders",3,Rate,2014,1501.14309979064,1649.2217958150202,1364.6679860710499
1,All Population,5,Prevalence,195,Namibia,3,Both,22,All ages,625,"Other endocrine, metabolic, blood, and immune disorders",3,Rate,2014,319.13664237449,372.86229952683,269.0238147169
1,All Population,5,Prevalence,55,Slovenia,3,Both,22,All ages,625,"Other endocrine, metabolic, blood, and immune disorders",3,Rate,2014,2031.36034933683,2289.8936049468603,1817.75852096305
1,All Population,5,Prevalence,175,Burundi,3,Both,22,All ages,625,"Other endocrine, metabolic, blood, and immune disorders",3,Rate,2014,146.61970423894,179.08527673963002,122.28709150346
1,All Population,5,Prevalence,89,Netherlands,3,Both,22,All ages,625,"Other endocrine, metabolic, blood, and immune disorders",3,Rate,2014,1944.38011889362,2289.70047544631,1616.9520500497601
1,All Population,5,Prevalence,204,Chad,3,Both,22,All ages,625,"Other endocrine, metabolic, blood, and immune disorders",3,Rate,2014,134.64710849837002,172.58290261147,105.38706345412
1,All Population,5,Prevalence,8,Taiwan,3,Both,22,All ages,625,"Other endocrine, metabolic, blood, and immune disorders",3,Rate,2014,298.81546770907,346.46996223365,256.20291749682
1,All Population,5,Prevalence,51,Poland,3,Both,22,All ages,625,"Other endocrine, metabolic, blood, and immune disorders",3,Rate,2014,1204.83735868216,1523.10230416276,1070.08736910632
1,All Population,5,Prevalence,149,Palestine,3,Both,22,All ages,625,"Other endocrine, metabolic, blood, and immune disorders",3,Rate,2014,211.52921533110998,263.78657178688997,177.11893900767
1,All Population,5,Prevalence,23,Kiribati,3,Both,22,All ages,625,"Other endocrine, metabolic, blood, and immune disorders",3,Rate,2014,230.11669359456,299.7952989628,188.94885751872002
1,All Population,5,Prevalence,24,Marshall Islands,3,Both,22,All ages,625,"Other endocrine, metabolic, blood, and immune disorders",3,Rate,2015,207.73409070526,247.58564778632,170.00369156918998
1,All Population,5,Prevalence,39,Tajikistan,3,Both,22,All ages,625,"Other endocrine, metabolic, blood, and immune disorders",3,Rate,2015,844.7941578128001,1089.0231834019798,675.04386577669
1,All Population,5,Prevalence,197,Eswatini,3,Both,22,All ages,625,"Other endocrine, metabolic, blood, and immune disorders",3,Rate,2014,349.8004250216,421.45169649285,293.05535266308
1,All Population,5,Prevalence,376,Northern Mariana Islands,3,Both,22,All ages,625,"Other endocrine, metabolic, blood, and immune disorders",3,Rate,2014,374.66104934774,457.58526593581,308.41621258195
1,All Population,5,Prevalence,57,Belarus,3,Both,22,All ages,625,"Other endocrine, metabolic, blood, and immune disorders",3,Rate,2014,1987.923301224,2454.90960565173,1545.16303908428
1,All Population,5,Prevalence,11,Indonesia,3,Both,22,All ages,625,"Other endocrine, metabolic, blood, and immune disorders",3,Rate,2014,119.95121805119999,143.77376011461,97.90728318725
1,All Population,5,Prevalence,169,Central African Republic,3,Both,22,All ages,625,"Other endocrine, metabolic, blood, and immune disorders",3,Rate,2014,178.18575521815998,209.47881763658003,147.26908188872
1,All Population,5,Prevalence,10,Cambodia,3,Both,22,All ages,625,"Other endocrine, metabolic, blood, and immune disorders",3,Rate,2014,150.1905085232,188.45649387353,119.68165412459999
1,All Population,5,Prevalence,148,Morocco,3,Both,22,All ages,625,"Other endocrine, metabolic, blood, and immune disorders",3,Rate,2014,246.21739117705,309.86475152389,196.69743489468001
1,All Population,5,Prevalence,58,Estonia,3,Both,22,All ages,625,"Other endocrine, metabolic, blood, and immune disorders",3,Rate,2014,2312.93649182432,2802.97029112841,1888.2462878647098
1,All Population,5,Prevalence,151,Qatar,3,Both,22,All ages,625,"Other endocrine, metabolic, blood, and immune disorders",3,Rate,2014,222.58143384416,283.30499108463,182.45609064452
1,All Population,5,Prevalence,298,American Samoa,3,Both,22,All ages,625,"Other endocrine, metabolic, blood, and immune disorders",3,Rate,2014,512.96900335287,620.79405964528,434.26603184831
1,All Population,5,Prevalence,385,Puerto Rico,3,Both,22,All ages,625,"Other endocrine, metabolic, blood, and immune disorders",3,Rate,2014,869.9524564758299,995.1650972160201,770.8110806621501
1,All Population,5,Prevalence,95,United Kingdom,3,Both,22,All ages,625,"Other endocrine, metabolic, blood, and immune disorders",3,Rate,2014,1990.95512496218,2235.90709787444,1770.28924607978
1,All Population,5,Prevalence,59,Latvia,3,Both,22,All ages,625,"Other endocrine, metabolic, blood, and immune disorders",3,Rate,2014,2533.03832036905,3028.81561191645,2152.5520482215397
1,All Population,5,Prevalence,28,Solomon Islands,3,Both,22,All ages,625,"Other endocrine, metabolic, blood, and immune disorders",3,Rate,2014,212.34601114007,254.30763092203,179.34516443141
1,All Population,5,Prevalence,26,Papua New Guinea,3,Both,22,All ages,625,"Other endocrine, metabolic, blood, and immune disorders",3,Rate,2015,319.74842098036,375.10817742289,272.84071693072
1,All Population,5,Prevalence,111,Dominican Republic,3,Both,22,All ages,625,"Other endocrine, metabolic, blood, and immune disorders",3,Rate,2014,357.64942875268,438.26655327446,298.59843952063
1,All Population,5,Prevalence,12,Lao People's Democratic Republic,3,Both,22,All ages,625,"Other endocrine, metabolic, blood, and immune disorders",3,Rate,2014,126.70357273646,154.48106605252,101.59608318738
1,All Population,5,Prevalence,41,Uzbekistan,3,Both,22,All ages,625,"Other endocrine, metabolic, blood, and immune disorders",3,Rate,2015,926.34654421366,1225.0853286657,745.6899507450901
1,All Population,5,Prevalence,97,Argentina,3,Both,22,All ages,625,"Other endocrine, metabolic, blood, and immune disorders",3,Rate,2014,1254.91641411439,1484.7757634273,1063.6429161720798
1,All Population,5,Prevalence,142,Iran (Islamic Republic of),3,Both,22,All ages,625,"Other endocrine, metabolic, blood, and immune disorders",3,Rate,2014,292.28086540722,351.12579495581,237.36943629472998
1,All Population,5,Prevalence,48,Hungary,3,Both,22,All ages,625,"Other endocrine, metabolic, blood, and immune disorders",3,Rate,2014,1823.78897805973,2165.64547185655,1567.3226835866801
1,All Population,5,Prevalence,77,Cyprus,3,Both,22,All ages,625,"Other endocrine, metabolic, blood, and immune disorders",3,Rate,2014,1057.1886415093302,1189.72027180745,927.0879678626699
1,All Population,5,Prevalence,150,Oman,3,Both,22,All ages,625,"Other endocrine, metabolic, blood, and immune disorders",3,Rate,2014,280.24286516387,346.88700488211003,229.91966617683002
1,All Population,5,Prevalence,14,Maldives,3,Both,22,All ages,625,"Other endocrine, metabolic, blood, and immune disorders",3,Rate,2014,271.42958760169,330.49118562654,228.63349664647998
1,All Population,5,Prevalence,61,Republic of Moldova,3,Both,22,All ages,625,"Other endocrine, metabolic, blood, and immune disorders",3,Rate,2014,2070.27016096924,2645.05860102024,1653.2489914023101
1,All Population,5,Prevalence,123,Peru,3,Both,22,All ages,625,"Other endocrine, metabolic, blood, and immune disorders",3,Rate,2014,537.4333594804,651.9616624220199,438.33319462753
1,All Population,5,Prevalence,76,Belgium,3,Both,22,All ages,625,"Other endocrine, metabolic, blood, and immune disorders",3,Rate,2014,3737.0438441278297,4269.8777968389,3241.7652246493103
1,All Population,5,Prevalence,155,Türkiye,3,Both,22,All ages,625,"Other endocrine, metabolic, blood, and immune disorders",3,Rate,2014,402.67981922634004,474.23992953658,332.34956314625
1,All Population,5,Prevalence,29,Tonga,3,Both,22,All ages,625,"Other endocrine, metabolic, blood, and immune disorders",3,Rate,2014,275.55649167652996,346.86765794624,230.01400521807
1,All Population,5,Prevalence,168,Angola,3,Both,22,All ages,625,"Other endocrine, metabolic, blood, and immune disorders",3,Rate,2014,187.47309453577,249.76024879291,151.27736038438002
1,All Population,5,Prevalence,206,Gambia,3,Both,22,All ages,625,"Other endocrine, metabolic, blood, and immune disorders",3,Rate,2014,158.73144447788,197.43910618715,128.95638438684998
1,All Population,5,Prevalence,50,Montenegro,3,Both,22,All ages,625,"Other endocrine, metabolic, blood, and immune disorders",3,Rate,2014,1281.14817643483,1587.33187183918,1049.33589716847
1,All Population,5,Prevalence,190,Uganda,3,Both,22,All ages,625,"Other endocrine, metabolic, blood, and immune disorders",3,Rate,2014,140.47949319961,170.73229119939,117.47769452086999
1,All Population,5,Prevalence,108,Belize,3,Both,22,All ages,625,"Other endocrine, metabolic, blood, and immune disorders",3,Rate,2014,414.35856216002,478.08938600285,355.8305861365
1,All Population,5,Prevalence,144,Jordan,3,Both,22,All ages,625,"Other endocrine, metabolic, blood, and immune disorders",3,Rate,2014,227.17238119105,276.26154097695,185.24068997471
1,All Population,5,Prevalence,112,Grenada,3,Both,22,All ages,625,"Other endocrine, metabolic, blood, and immune disorders",3,Rate,2015,643.55626964159,744.24448978984,555.39667221808
1,All Population,5,Prevalence,115,Jamaica,3,Both,22,All ages,625,"Other endocrine, metabolic, blood, and immune disorders",3,Rate,2014,403.40136268640003,518.13827756107,339.71351788169
1,All Population,5,Prevalence,68,Republic of Korea,3,Both,22,All ages,625,"Other endocrine, metabolic, blood, and immune disorders",3,Rate,2014,762.6392946579899,934.7418301972899,618.44926465201
1,All Population,5,Prevalence,63,Ukraine,3,Both,22,All ages,625,"Other endocrine, metabolic, blood, and immune disorders",3,Rate,2014,1698.61930990351,2068.9117726733803,1384.11342771485
1,All Population,5,Prevalence,11,Indonesia,3,Both,22,All ages,625,"Other endocrine, metabolic, blood, and immune disorders",3,Rate,2015,122.55868823492001,146.75469536242,99.72424912837
1,All Population,5,Prevalence,208,Guinea,3,Both,22,All ages,625,"Other endocrine, metabolic, blood, and immune disorders",3,Rate,2014,156.21641605300002,189.38260616844,129.61155947346
1,All Population,5,Prevalence,157,Yemen,3,Both,22,All ages,625,"Other endocrine, metabolic, blood, and immune disorders",3,Rate,2014,162.17884230774,198.63251703826998,130.02684122971
1,All Population,5,Prevalence,16,Philippines,3,Both,22,All ages,625,"Other endocrine, metabolic, blood, and immune disorders",3,Rate,2014,183.17288917759998,216.70825348654,149.16502217611
1,All Population,5,Prevalence,23,Kiribati,3,Both,22,All ages,625,"Other endocrine, metabolic, blood, and immune disorders",3,Rate,2015,231.61396409921002,304.92036197563,188.84674720471
1,All Population,5,Prevalence,12,Lao People's Democratic Republic,3,Both,22,All ages,625,"Other endocrine, metabolic, blood, and immune disorders",3,Rate,2015,128.81332138897,157.50992867527,103.47697446624998
1,All Population,5,Prevalence,72,New Zealand,3,Both,22,All ages,625,"Other endocrine, metabolic, blood, and immune disorders",3,Rate,2015,976.0870913573799,1096.21087682466,865.54506953986
1,All Population,5,Prevalence,110,Dominica,3,Both,22,All ages,625,"Other endocrine, metabolic, blood, and immune disorders",3,Rate,2014,593.5157848650799,774.2513889228,490.52329752324994
1,All Population,5,Prevalence,28,Solomon Islands,3,Both,22,All ages,625,"Other endocrine, metabolic, blood, and immune disorders",3,Rate,2015,214.74759612378998,257.29438029759,181.65169596095
1,All Population,5,Prevalence,183,Mauritius,3,Both,22,All ages,625,"Other endocrine, metabolic, blood, and immune disorders",3,Rate,2014,289.67099077654996,365.80779637157,244.53311302108
1,All Population,5,Prevalence,162,Bhutan,3,Both,22,All ages,625,"Other endocrine, metabolic, blood, and immune disorders",3,Rate,2014,192.04153939886,235.84982051709,159.50297313506002
1,All Population,5,Prevalence,145,Kuwait,3,Both,22,All ages,625,"Other endocrine, metabolic, blood, and immune disorders",3,Rate,2014,233.57715927876998,282.93715440807,193.82863329657
1,All Population,5,Prevalence,54,Slovakia,3,Both,22,All ages,625,"Other endocrine, metabolic, blood, and immune disorders",3,Rate,2015,2479.60392319466,2930.21072131514,2185.84047515387
1,All Population,5,Prevalence,18,Thailand,3,Both,22,All ages,625,"Other endocrine, metabolic, blood, and immune disorders",3,Rate,2014,258.09506169279,303.41254615397,215.76338913928998
1,All Population,5,Prevalence,25,Micronesia (Federated States of),3,Both,22,All ages,625,"Other endocrine, metabolic, blood, and immune disorders",3,Rate,2015,406.60000410091,477.31020507941,345.51919702203
1,All Population,5,Prevalence,112,Grenada,3,Both,22,All ages,625,"Other endocrine, metabolic, blood, and immune disorders",3,Rate,2014,638.6538193005699,735.7490279554601,558.32413601296
1,All Population,5,Prevalence,164,Nepal,3,Both,22,All ages,625,"Other endocrine, metabolic, blood, and immune disorders",3,Rate,2014,202.78629641814,240.84693856940999,174.03237355412
1,All Population,5,Prevalence,27,Samoa,3,Both,22,All ages,625,"Other endocrine, metabolic, blood, and immune disorders",3,Rate,2015,244.66307140037,288.71017513418,207.67139911585
1,All Population,5,Prevalence,216,Senegal,3,Both,22,All ages,625,"Other endocrine, metabolic, blood, and immune disorders",3,Rate,2014,161.11800538555,193.12846761868,131.1464089058
1,All Population,5,Prevalence,67,Japan,3,Both,22,All ages,625,"Other endocrine, metabolic, blood, and immune disorders",3,Rate,2015,1227.61729790727,1544.45759691774,982.3566948342201
1,All Population,5,Prevalence,20,Viet Nam,3,Both,22,All ages,625,"Other endocrine, metabolic, blood, and immune disorders",3,Rate,2014,182.15879284963,219.39459838456997,147.93718213786
1,All Population,5,Prevalence,67,Japan,3,Both,22,All ages,625,"Other endocrine, metabolic, blood, and immune disorders",3,Rate,2014,1206.98374623129,1511.45855422062,965.11202759014
1,All Population,5,Prevalence,125,Colombia,3,Both,22,All ages,625,"Other endocrine, metabolic, blood, and immune disorders",3,Rate,2015,382.84011863822,443.45023396136,329.44038720338
1,All Population,5,Prevalence,59,Latvia,3,Both,22,All ages,625,"Other endocrine, metabolic, blood, and immune disorders",3,Rate,2015,2536.45561761577,3042.92466042478,2148.68590899499
1,All Population,5,Prevalence,369,Nauru,3,Both,22,All ages,625,"Other endocrine, metabolic, blood, and immune disorders",3,Rate,2014,241.95749624257002,314.23645924901,198.36045517428
1,All Population,5,Prevalence,210,Liberia,3,Both,22,All ages,625,"Other endocrine, metabolic, blood, and immune disorders",3,Rate,2014,162.02982367349,199.19601840559,133.27651223421
1,All Population,5,Prevalence,90,Norway,3,Both,22,All ages,625,"Other endocrine, metabolic, blood, and immune disorders",3,Rate,2015,1965.1561369050899,2306.32789275194,1664.9710837067298
1,All Population,5,Prevalence,212,Mauritania,3,Both,22,All ages,625,"Other endocrine, metabolic, blood, and immune disorders",3,Rate,2014,181.57301825459,239.87649539404,145.09314222231998
1,All Population,5,Prevalence,68,Republic of Korea,3,Both,22,All ages,625,"Other endocrine, metabolic, blood, and immune disorders",3,Rate,2015,783.01728025418,970.1494950422501,634.33100001477
1,All Population,5,Prevalence,38,Mongolia,3,Both,22,All ages,625,"Other endocrine, metabolic, blood, and immune disorders",3,Rate,2014,997.42781768708,1221.01560360407,830.00008936964
1,All Population,5,Prevalence,214,Nigeria,3,Both,22,All ages,625,"Other endocrine, metabolic, blood, and immune disorders",3,Rate,2014,139.00629804244,171.2490094032,112.54979817806999
1,All Population,5,Prevalence,17,Sri Lanka,3,Both,22,All ages,625,"Other endocrine, metabolic, blood, and immune disorders",3,Rate,2014,183.8644039859,225.92392380044,145.69619483029
1,All Population,5,Prevalence,193,Botswana,3,Both,22,All ages,625,"Other endocrine, metabolic, blood, and immune disorders",3,Rate,2014,344.73077068560997,421.55583312165,277.65889470848
1,All Population,5,Prevalence,38,Mongolia,3,Both,22,All ages,625,"Other endocrine, metabolic, blood, and immune disorders",3,Rate,2015,1005.94266059881,1218.4181517987802,843.98558044717
1,All Population,5,Prevalence,83,Iceland,3,Both,22,All ages,625,"Other endocrine, metabolic, blood, and immune disorders",3,Rate,2014,1772.4978753328498,2072.99966233108,1498.96481250193
1,All Population,5,Prevalence,130,Mexico,3,Both,22,All ages,625,"Other endocrine, metabolic, blood, and immune disorders",3,Rate,2014,392.16047772828,456.91124934275007,326.32988349633
1,All Population,5,Prevalence,196,South Africa,3,Both,22,All ages,625,"Other endocrine, metabolic, blood, and immune disorders",3,Rate,2015,546.27601657558,640.89927184436,469.08517849323
1,All Population,5,Prevalence,177,Djibouti,3,Both,22,All ages,625,"Other endocrine, metabolic, blood, and immune disorders",3,Rate,2014,185.88676958385,238.70038077440998,147.51367109251
1,All Population,5,Prevalence,127,El Salvador,3,Both,22,All ages,625,"Other endocrine, metabolic, blood, and immune disorders",3,Rate,2015,324.71749467954004,376.36102834902005,275.38673250246
1,All Population,5,Prevalence,106,Bahamas,3,Both,22,All ages,625,"Other endocrine, metabolic, blood, and immune disorders",3,Rate,2014,765.6768024788499,965.9220021601699,649.19782238296
1,All Population,5,Prevalence,22,Fiji,3,Both,22,All ages,625,"Other endocrine, metabolic, blood, and immune disorders",3,Rate,2014,229.34537137575998,273.45336699186004,188.34329910579999
1,All Population,5,Prevalence,153,Syrian Arab Republic,3,Both,22,All ages,625,"Other endocrine, metabolic, blood, and immune disorders",3,Rate,2014,231.98491981573002,307.52647998924,190.06023611924
1,All Population,5,Prevalence,69,Singapore,3,Both,22,All ages,625,"Other endocrine, metabolic, blood, and immune disorders",3,Rate,2015,662.28506870503,801.15032129682,548.5792006704
1,All Population,5,Prevalence,201,Burkina Faso,3,Both,22,All ages,625,"Other endocrine, metabolic, blood, and immune disorders",3,Rate,2014,146.25839393289,183.37227358354002,119.47635025019001
1,All Population,5,Prevalence,198,Zimbabwe,3,Both,22,All ages,625,"Other endocrine, metabolic, blood, and immune disorders",3,Rate,2015,225.76605807067997,271.11393464127,185.36516833992002
1,All Population,5,Prevalence,123,Peru,3,Both,22,All ages,625,"Other endocrine, metabolic, blood, and immune disorders",3,Rate,2015,546.33227985673,659.85508226928,443.11774550558
1,All Population,5,Prevalence,13,Malaysia,3,Both,22,All ages,625,"Other endocrine, metabolic, blood, and immune disorders",3,Rate,2015,214.46359851751998,256.99165647181997,176.97351363202
1,All Population,5,Prevalence,176,Comoros,3,Both,22,All ages,625,"Other endocrine, metabolic, blood, and immune disorders",3,Rate,2015,222.25903298909003,289.19354536061,172.90016191515
1,All Population,5,Prevalence,76,Belgium,3,Both,22,All ages,625,"Other endocrine, metabolic, blood, and immune disorders",3,Rate,2015,3744.43972674849,4256.5559816165605,3246.1815485977404
1,All Population,5,Prevalence,106,Bahamas,3,Both,22,All ages,625,"Other endocrine, metabolic, blood, and immune disorders",3,Rate,2015,769.0025943883,968.2207974263499,651.35325368999
1,All Population,5,Prevalence,203,Cabo Verde,3,Both,22,All ages,625,"Other endocrine, metabolic, blood, and immune disorders",3,Rate,2014,187.06377796603,247.48654543568998,151.10232050976
1,All Population,5,Prevalence,52,Romania,3,Both,22,All ages,625,"Other endocrine, metabolic, blood, and immune disorders",3,Rate,2015,2295.0005332328697,2883.89122716723,1867.6636058811098
1,All Population,5,Prevalence,205,Côte d'Ivoire,3,Both,22,All ages,625,"Other endocrine, metabolic, blood, and immune disorders",3,Rate,2014,153.51521900189002,185.39225099294998,126.65547774789
1,All Population,5,Prevalence,380,Palau,3,Both,22,All ages,625,"Other endocrine, metabolic, blood, and immune disorders",3,Rate,2015,336.13571894129,417.39617224931004,277.32632696647
1,All Population,5,Prevalence,207,Ghana,3,Both,22,All ages,625,"Other endocrine, metabolic, blood, and immune disorders",3,Rate,2015,183.87856745421,230.33699037913001,152.30370463787
1,All Population,5,Prevalence,170,Congo,3,Both,22,All ages,625,"Other endocrine, metabolic, blood, and immune disorders",3,Rate,2014,229.15514650590998,276.91083265351,188.14524405102
1,All Population,5,Prevalence,78,Denmark,3,Both,22,All ages,625,"Other endocrine, metabolic, blood, and immune disorders",3,Rate,2014,2400.5079075734698,2758.32242934461,2048.7283033583903
1,All Population,5,Prevalence,125,Colombia,3,Both,22,All ages,625,"Other endocrine, metabolic, blood, and immune disorders",3,Rate,2014,376.02474346895,437.72809944242,324.94495992827
1,All Population,5,Prevalence,148,Morocco,3,Both,22,All ages,625,"Other endocrine, metabolic, blood, and immune disorders",3,Rate,2015,250.89175301805,317.12071257306,199.27551877609
1,All Population,5,Prevalence,178,Eritrea,3,Both,22,All ages,625,"Other endocrine, metabolic, blood, and immune disorders",3,Rate,2015,175.03701587203,221.90189370856,141.39157527028001
1,All Population,5,Prevalence,78,Denmark,3,Both,22,All ages,625,"Other endocrine, metabolic, blood, and immune disorders",3,Rate,2015,2409.98047390383,2772.12458058178,2039.41331285267
1,All Population,5,Prevalence,46,Croatia,3,Both,22,All ages,625,"Other endocrine, metabolic, blood, and immune disorders",3,Rate,2015,1836.17661083708,2084.8303687144103,1634.4800458198702
1,All Population,5,Prevalence,14,Maldives,3,Both,22,All ages,625,"Other endocrine, metabolic, blood, and immune disorders",3,Rate,2015,274.49387237933,333.29248711876,230.93093993864002
1,All Population,5,Prevalence,91,Portugal,3,Both,22,All ages,625,"Other endocrine, metabolic, blood, and immune disorders",3,Rate,2015,2168.88018945377,2541.72651910619,1851.8780940439901
1,All Population,5,Prevalence,435,South Sudan,3,Both,22,All ages,625,"Other endocrine, metabolic, blood, and immune disorders",3,Rate,2014,141.21298837767,178.31031568786,113.76521543546
1,All Population,5,Prevalence,74,Andorra,3,Both,22,All ages,625,"Other endocrine, metabolic, blood, and immune disorders",3,Rate,2015,1505.75267939743,1822.15474983407,1236.8534125815502
1,All Population,5,Prevalence,20,Viet Nam,3,Both,22,All ages,625,"Other endocrine, metabolic, blood, and immune disorders",3,Rate,2015,185.06301833643,223.81388547512,150.03217265573
1,All Population,5,Prevalence,61,Republic of Moldova,3,Both,22,All ages,625,"Other endocrine, metabolic, blood, and immune disorders",3,Rate,2015,2089.42759240447,2676.15586581793,1659.07819311817
1,All Population,5,Prevalence,91,Portugal,3,Both,22,All ages,625,"Other endocrine, metabolic, blood, and immune disorders",3,Rate,2014,2138.72171987383,2485.4777121370303,1819.85474906746
1,All Population,5,Prevalence,53,Serbia,3,Both,22,All ages,625,"Other endocrine, metabolic, blood, and immune disorders",3,Rate,2015,1392.21397680094,1629.84024804771,1190.0893227907
1,All Population,5,Prevalence,101,Canada,3,Both,22,All ages,625,"Other endocrine, metabolic, blood, and immune disorders",3,Rate,2015,1216.84632723731,1409.39437214224,1070.28681895157
1,All Population,5,Prevalence,84,Ireland,3,Both,22,All ages,625,"Other endocrine, metabolic, blood, and immune disorders",3,Rate,2015,1684.1451435983702,2043.15163449624,1416.47927402663
1,All Population,5,Prevalence,114,Haiti,3,Both,22,All ages,625,"Other endocrine, metabolic, blood, and immune disorders",3,Rate,2015,268.63586142909,324.57730321891,226.0342237533
1,All Population,5,Prevalence,80,France,3,Both,22,All ages,625,"Other endocrine, metabolic, blood, and immune disorders",3,Rate,2015,2107.19234250778,2429.05530870689,1781.7021894987201
1,All Population,5,Prevalence,58,Estonia,3,Both,22,All ages,625,"Other endocrine, metabolic, blood, and immune disorders",3,Rate,2015,2319.81866530161,2805.46431085706,1857.46018034415
1,All Population,5,Prevalence,71,Australia,3,Both,22,All ages,625,"Other endocrine, metabolic, blood, and immune disorders",3,Rate,2015,998.2139778379501,1156.09544426867,872.71741955534
1,All Population,5,Prevalence,209,Guinea-Bissau,3,Both,22,All ages,625,"Other endocrine, metabolic, blood, and immune disorders",3,Rate,2015,148.72035995697,197.60932367223,119.6390720212
1,All Population,5,Prevalence,113,Guyana,3,Both,22,All ages,625,"Other endocrine, metabolic, blood, and immune disorders",3,Rate,2014,480.4147949659,563.7347615070199,409.10149157793
1,All Population,5,Prevalence,79,Finland,3,Both,22,All ages,625,"Other endocrine, metabolic, blood, and immune disorders",3,Rate,2014,1981.91970183902,2161.6032390396103,1817.8366873464201
1,All Population,5,Prevalence,126,Costa Rica,3,Both,22,All ages,625,"Other endocrine, metabolic, blood, and immune disorders",3,Rate,2014,334.93824753527997,396.31329360096,287.28322014786
1,All Population,5,Prevalence,66,Brunei Darussalam,3,Both,22,All ages,625,"Other endocrine, metabolic, blood, and immune disorders",3,Rate,2014,870.4560104500899,1017.3545686432301,743.12407599812
1,All Population,5,Prevalence,82,Greece,3,Both,22,All ages,625,"Other endocrine, metabolic, blood, and immune disorders",3,Rate,2015,1916.6554159447,2258.83319726648,1626.14865893934
1,All Population,5,Prevalence,180,Kenya,3,Both,22,All ages,625,"Other endocrine, metabolic, blood, and immune disorders",3,Rate,2015,151.23791710835,183.21758802688,122.15952643439
1,All Population,5,Prevalence,24,Marshall Islands,3,Both,22,All ages,625,"Other endocrine, metabolic, blood, and immune disorders",3,Rate,2014,203.74400633103,240.91243597891,167.34370436844
1,All Population,5,Prevalence,211,Mali,3,Both,22,All ages,625,"Other endocrine, metabolic, blood, and immune disorders",3,Rate,2015,381.67361026108,461.94081754751994,320.70483992457
1,All Population,5,Prevalence,29,Tonga,3,Both,22,All ages,625,"Other endocrine, metabolic, blood, and immune disorders",3,Rate,2015,277.9587274946,352.27790658595,232.02202643651
1,All Population,5,Prevalence,184,Mozambique,3,Both,22,All ages,625,"Other endocrine, metabolic, blood, and immune disorders",3,Rate,2014,153.21707725011,184.65600155206,127.86674323887
1,All Population,5,Prevalence,194,Lesotho,3,Both,22,All ages,625,"Other endocrine, metabolic, blood, and immune disorders",3,Rate,2015,377.54806720918003,449.04208340829,318.88289313039
1,All Population,5,Prevalence,129,Honduras,3,Both,22,All ages,625,"Other endocrine, metabolic, blood, and immune disorders",3,Rate,2015,274.81265583535003,327.16575784902,233.35277716375
1,All Population,5,Prevalence,182,Malawi,3,Both,22,All ages,625,"Other endocrine, metabolic, blood, and immune disorders",3,Rate,2015,150.8506188264,184.37497589257,124.17609085516
1,All Population,5,Prevalence,117,Saint Vincent and the Grenadines,3,Both,22,All ages,625,"Other endocrine, metabolic, blood, and immune disorders",3,Rate,2014,636.0226639535699,802.7219678799199,556.72609275008
1,All Population,5,Prevalence,6,China,3,Both,22,All ages,625,"Other endocrine, metabolic, blood, and immune disorders",3,Rate,2015,181.96941052258,217.88045606785997,146.99794833663
1,All Population,5,Prevalence,213,Niger,3,Both,22,All ages,625,"Other endocrine, metabolic, blood, and immune disorders",3,Rate,2015,121.95928099936,151.05734064284,98.81691498646
1,All Population,5,Prevalence,85,Israel,3,Both,22,All ages,625,"Other endocrine, metabolic, blood, and immune disorders",3,Rate,2014,1704.2420463596102,1957.3348595760401,1481.41450218878
1,All Population,5,Prevalence,367,Monaco,3,Both,22,All ages,625,"Other endocrine, metabolic, blood, and immune disorders",3,Rate,2015,2034.07620378107,2490.15421458236,1657.5565594608
1,All Population,5,Prevalence,132,Panama,3,Both,22,All ages,625,"Other endocrine, metabolic, blood, and immune disorders",3,Rate,2014,350.86637014553,405.77357151777994,296.28786786865004
1,All Population,5,Prevalence,131,Nicaragua,3,Both,22,All ages,625,"Other endocrine, metabolic, blood, and immune disorders",3,Rate,2015,232.60657991506,277.10919026269,194.80630216899
1,All Population,5,Prevalence,140,Bahrain,3,Both,22,All ages,625,"Other endocrine, metabolic, blood, and immune disorders",3,Rate,2014,361.343209995,467.54574591818005,296.03740137993
1,All Population,5,Prevalence,185,Rwanda,3,Both,22,All ages,625,"Other endocrine, metabolic, blood, and immune disorders",3,Rate,2014,173.4002906129,213.56454146564002,142.42243718039
1,All Population,5,Prevalence,161,Bangladesh,3,Both,22,All ages,625,"Other endocrine, metabolic, blood, and immune disorders",3,Rate,2015,190.80726835054,252.65805726032002,149.73869134047
1,All Population,5,Prevalence,46,Croatia,3,Both,22,All ages,625,"Other endocrine, metabolic, blood, and immune disorders",3,Rate,2014,1832.18385323904,2100.26207837853,1630.22725391389
1,All Population,5,Prevalence,33,Armenia,3,Both,22,All ages,625,"Other endocrine, metabolic, blood, and immune disorders",3,Rate,2014,1038.21793545639,1230.9373357885202,862.86434983042
1,All Population,5,Prevalence,218,Togo,3,Both,22,All ages,625,"Other endocrine, metabolic, blood, and immune disorders",3,Rate,2014,163.15027664879,197.32880164517,134.15157488268
1,All Population,5,Prevalence,116,Saint Lucia,3,Both,22,All ages,625,"Other endocrine, metabolic, blood, and immune disorders",3,Rate,2015,590.34632523425,733.896739213,502.29630179113
1,All Population,5,Prevalence,146,Lebanon,3,Both,22,All ages,625,"Other endocrine, metabolic, blood, and immune disorders",3,Rate,2015,385.90668268881996,462.65796300321,320.62536821112
1,All Population,5,Prevalence,13,Malaysia,3,Both,22,All ages,625,"Other endocrine, metabolic, blood, and immune disorders",3,Rate,2016,218.85901412601999,262.2243175617,181.17219655381
1,All Population,5,Prevalence,86,Italy,3,Both,22,All ages,625,"Other endocrine, metabolic, blood, and immune disorders",3,Rate,2015,1982.6713616080901,2237.89228808391,1755.8243017274701
1,All Population,5,Prevalence,150,Oman,3,Both,22,All ages,625,"Other endocrine, metabolic, blood, and immune disorders",3,Rate,2015,282.72984511192,351.01896181561,230.51356698409
1,All Population,5,Prevalence,108,Belize,3,Both,22,All ages,625,"Other endocrine, metabolic, blood, and immune disorders",3,Rate,2015,418.70400071672003,483.21974492985004,359.05370036171996
1,All Population,5,Prevalence,305,Bermuda,3,Both,22,All ages,625,"Other endocrine, metabolic, blood, and immune disorders",3,Rate,2014,710.40026570671,812.27020579444,615.80729903043
1,All Population,5,Prevalence,374,Niue,3,Both,22,All ages,625,"Other endocrine, metabolic, blood, and immune disorders",3,Rate,2015,373.74632438759,443.55079316805,310.74673273463
1,All Population,5,Prevalence,133,Venezuela (Bolivarian Republic of),3,Both,22,All ages,625,"Other endocrine, metabolic, blood, and immune disorders",3,Rate,2015,288.46930640195,345.00960763989,243.57969597509
1,All Population,5,Prevalence,24,Marshall Islands,3,Both,22,All ages,625,"Other endocrine, metabolic, blood, and immune disorders",3,Rate,2016,211.73657389852,252.58952562567,173.33962089111
1,All Population,5,Prevalence,71,Australia,3,Both,22,All ages,625,"Other endocrine, metabolic, blood, and immune disorders",3,Rate,2016,1001.2415802531999,1150.19472564278,883.24957822895
1,All Population,5,Prevalence,88,Malta,3,Both,22,All ages,625,"Other endocrine, metabolic, blood, and immune disorders",3,Rate,2015,1736.51406839086,1999.30338495025,1529.75969351515
1,All Population,5,Prevalence,105,Antigua and Barbuda,3,Both,22,All ages,625,"Other endocrine, metabolic, blood, and immune disorders",3,Rate,2015,664.73692993665,809.44297178866,570.58636582715
1,All Population,5,Prevalence,176,Comoros,3,Both,22,All ages,625,"Other endocrine, metabolic, blood, and immune disorders",3,Rate,2016,224.22602935141,289.76232289238,175.19003964874
1,All Population,5,Prevalence,99,Uruguay,3,Both,22,All ages,625,"Other endocrine, metabolic, blood, and immune disorders",3,Rate,2015,1509.9473463972,1754.1206214807598,1297.00662286282
1,All Population,5,Prevalence,72,New Zealand,3,Both,22,All ages,625,"Other endocrine, metabolic, blood, and immune disorders",3,Rate,2014,967.0771610331899,1083.31320844337,859.37217746926
1,All Population,5,Prevalence,129,Honduras,3,Both,22,All ages,625,"Other endocrine, metabolic, blood, and immune disorders",3,Rate,2016,277.89905459147,330.05892493688,234.61964875299003
1,All Population,5,Prevalence,40,Turkmenistan,3,Both,22,All ages,625,"Other endocrine, metabolic, blood, and immune disorders",3,Rate,2015,966.52913578342,1174.80930019005,792.22406014054
1,All Population,5,Prevalence,135,Brazil,3,Both,22,All ages,625,"Other endocrine, metabolic, blood, and immune disorders",3,Rate,2015,443.58645553659005,491.40979315139,400.32077543216
1,All Population,5,Prevalence,26,Papua New Guinea,3,Both,22,All ages,625,"Other endocrine, metabolic, blood, and immune disorders",3,Rate,2016,321.94453522407997,376.39557399308995,273.70581914356
1,All Population,5,Prevalence,40,Turkmenistan,3,Both,22,All ages,625,"Other endocrine, metabolic, blood, and immune disorders",3,Rate,2014,958.77673694183,1164.637864562,785.4459192543101
1,All Population,5,Prevalence,118,Suriname,3,Both,22,All ages,625,"Other endocrine, metabolic, blood, and immune disorders",3,Rate,2016,444.20832192904004,572.00178140255,358.8343782704
1,All Population,5,Prevalence,165,Pakistan,3,Both,22,All ages,625,"Other endocrine, metabolic, blood, and immune disorders",3,Rate,2016,156.53154638958,197.87731358541998,123.97659524406001
1,All Population,5,Prevalence,84,Ireland,3,Both,22,All ages,625,"Other endocrine, metabolic, blood, and immune disorders",3,Rate,2016,1698.4354904661,2045.7341951482401,1430.00889427941
1,All Population,5,Prevalence,25,Micronesia (Federated States of),3,Both,22,All ages,625,"Other endocrine, metabolic, blood, and immune disorders",3,Rate,2014,400.81194199531,470.69177924202006,340.17357732007
1,All Population,5,Prevalence,19,Timor-Leste,3,Both,22,All ages,625,"Other endocrine, metabolic, blood, and immune disorders",3,Rate,2014,122.28546894000999,153.36516744161,98.46268670529
1,All Population,5,Prevalence,178,Eritrea,3,Both,22,All ages,625,"Other endocrine, metabolic, blood, and immune disorders",3,Rate,2016,177.10325444017,221.24969618336002,143.90750558243
1,All Population,5,Prevalence,140,Bahrain,3,Both,22,All ages,625,"Other endocrine, metabolic, blood, and immune disorders",3,Rate,2015,364.7255188762,475.09971719695,296.72503010731
1,All Population,5,Prevalence,163,India,3,Both,22,All ages,625,"Other endocrine, metabolic, blood, and immune disorders",3,Rate,2015,189.74471687377002,234.28631286452998,152.93209767289
1,All Population,5,Prevalence,52,Romania,3,Both,22,All ages,625,"Other endocrine, metabolic, blood, and immune disorders",3,Rate,2016,2306.7776243405497,2918.29732816168,1876.51718607558
1,All Population,5,Prevalence,213,Niger,3,Both,22,All ages,625,"Other endocrine, metabolic, blood, and immune disorders",3,Rate,2016,122.3759596502,152.40605788992002,98.91341855377
1,All Population,5,Prevalence,28,Solomon Islands,3,Both,22,All ages,625,"Other endocrine, metabolic, blood, and immune disorders",3,Rate,2016,217.14955300737998,258.12589860129003,183.853754349
1,All Population,5,Prevalence,131,Nicaragua,3,Both,22,All ages,625,"Other endocrine, metabolic, blood, and immune disorders",3,Rate,2016,236.45627312726,282.6490216437,197.70367963330003
1,All Population,5,Prevalence,180,Kenya,3,Both,22,All ages,625,"Other endocrine, metabolic, blood, and immune disorders",3,Rate,2016,154.35764307232,186.9387460323,124.89832429167
1,All Population,5,Prevalence,86,Italy,3,Both,22,All ages,625,"Other endocrine, metabolic, blood, and immune disorders",3,Rate,2016,1991.42116741742,2253.44475724222,1760.63413804188
1,All Population,5,Prevalence,88,Malta,3,Both,22,All ages,625,"Other endocrine, metabolic, blood, and immune disorders",3,Rate,2016,1746.70218607126,2001.9288631914899,1534.48312688735
1,All Population,5,Prevalence,54,Slovakia,3,Both,22,All ages,625,"Other endocrine, metabolic, blood, and immune disorders",3,Rate,2016,2455.21455378971,2886.40047224703,2163.81317333319
1,All Population,5,Prevalence,118,Suriname,3,Both,22,All ages,625,"Other endocrine, metabolic, blood, and immune disorders",3,Rate,2015,438.48158557751003,579.90308280504,354.57000690945
1,All Population,5,Prevalence,367,Monaco,3,Both,22,All ages,625,"Other endocrine, metabolic, blood, and immune disorders",3,Rate,2016,2038.0022557392501,2498.42885668276,1658.0407776737998
1,All Population,5,Prevalence,15,Myanmar,3,Both,22,All ages,625,"Other endocrine, metabolic, blood, and immune disorders",3,Rate,2015,154.69950442191,192.03011698222,121.21103318860999
1,All Population,5,Prevalence,171,Democratic Republic of the Congo,3,Both,22,All ages,625,"Other endocrine, metabolic, blood, and immune disorders",3,Rate,2014,181.44185351047,215.27404097348997,148.40588413263998
1,All Population,5,Prevalence,51,Poland,3,Both,22,All ages,625,"Other endocrine, metabolic, blood, and immune disorders",3,Rate,2015,1209.51282176756,1497.29726507802,1072.8156554746702
1,All Population,5,Prevalence,62,Russian Federation,3,Both,22,All ages,625,"Other endocrine, metabolic, blood, and immune disorders",3,Rate,2015,1920.88885372298,2398.9833611436297,1524.16952860611
1,All Population,5,Prevalence,16,Philippines,3,Both,22,All ages,625,"Other endocrine, metabolic, blood, and immune disorders",3,Rate,2015,185.94994019147,220.35387558636998,151.29897547554
1,All Population,5,Prevalence,93,Sweden,3,Both,22,All ages,625,"Other endocrine, metabolic, blood, and immune disorders",3,Rate,2015,1651.76860333414,1813.7022048001002,1509.31306065658
1,All Population,5,Prevalence,63,Ukraine,3,Both,22,All ages,625,"Other endocrine, metabolic, blood, and immune disorders",3,Rate,2015,1712.4739265568599,2101.26979217785,1389.9110450085
1,All Population,5,Prevalence,133,Venezuela (Bolivarian Republic of),3,Both,22,All ages,625,"Other endocrine, metabolic, blood, and immune disorders",3,Rate,2016,292.17383491939995,350.3915812792,244.94839128982
1,All Population,5,Prevalence,22,Fiji,3,Both,22,All ages,625,"Other endocrine, metabolic, blood, and immune disorders",3,Rate,2016,233.59862796213997,282.72588109772,191.72705493166
1,All Population,5,Prevalence,194,Lesotho,3,Both,22,All ages,625,"Other endocrine, metabolic, blood, and immune disorders",3,Rate,2016,381.92455459475997,455.33833370567,322.86598486014003
1,All Population,5,Prevalence,52,Romania,3,Both,22,All ages,625,"Other endocrine, metabolic, blood, and immune disorders",3,Rate,2017,2313.84532975929,2966.8764625095,1878.74587419071
1,All Population,5,Prevalence,374,Niue,3,Both,22,All ages,625,"Other endocrine, metabolic, blood, and immune disorders",3,Rate,2016,375.22551159133,445.51420869707005,310.8870958613
1,All Population,5,Prevalence,182,Malawi,3,Both,22,All ages,625,"Other endocrine, metabolic, blood, and immune disorders",3,Rate,2016,152.17622056612,184.77078113104,125.37860457573001
1,All Population,5,Prevalence,90,Norway,3,Both,22,All ages,625,"Other endocrine, metabolic, blood, and immune disorders",3,Rate,2016,1969.41119786199,2310.5776723595,1668.30838791018
1,All Population,5,Prevalence,135,Brazil,3,Both,22,All ages,625,"Other endocrine, metabolic, blood, and immune disorders",3,Rate,2016,447.65060398273005,497.24784351098003,402.76245282331
1,All Population,5,Prevalence,37,Kyrgyzstan,3,Both,22,All ages,625,"Other endocrine, metabolic, blood, and immune disorders",3,Rate,2016,945.2260343056699,1201.03366019632,748.06968727198
1,All Population,5,Prevalence,7,Democratic People's Republic of Korea,3,Both,22,All ages,625,"Other endocrine, metabolic, blood, and immune disorders",3,Rate,2017,189.76478379945002,232.28415929573,151.04263733302
1,All Population,5,Prevalence,146,Lebanon,3,Both,22,All ages,625,"Other endocrine, metabolic, blood, and immune disorders",3,Rate,2016,386.50049803185,462.53271159849,321.7612889405
1,All Population,5,Prevalence,99,Uruguay,3,Both,22,All ages,625,"Other endocrine, metabolic, blood, and immune disorders",3,Rate,2017,1515.99284490421,1758.9642209453998,1313.80800249092
1,All Population,5,Prevalence,41,Uzbekistan,3,Both,22,All ages,625,"Other endocrine, metabolic, blood, and immune disorders",3,Rate,2017,945.92705724286,1233.33693594642,756.93513964746
1,All Population,5,Prevalence,146,Lebanon,3,Both,22,All ages,625,"Other endocrine, metabolic, blood, and immune disorders",3,Rate,2017,395.77603625910996,471.36905403859,329.84945810579995
1,All Population,5,Prevalence,54,Slovakia,3,Both,22,All ages,625,"Other endocrine, metabolic, blood, and immune disorders",3,Rate,2017,2402.76550167744,2909.2319180124,2117.0676184485
1,All Population,5,Prevalence,135,Brazil,3,Both,22,All ages,625,"Other endocrine, metabolic, blood, and immune disorders",3,Rate,2017,451.32890672197,501.02070785753995,404.00610654878005
1,All Population,5,Prevalence,165,Pakistan,3,Both,22,All ages,625,"Other endocrine, metabolic, blood, and immune disorders",3,Rate,2015,155.2441508682,196.53188492715,123.07091973855
1,All Population,5,Prevalence,196,South Africa,3,Both,22,All ages,625,"Other endocrine, metabolic, blood, and immune disorders",3,Rate,2016,554.39562556832,649.8847918645699,475.33700548306
1,All Population,5,Prevalence,380,Palau,3,Both,22,All ages,625,"Other endocrine, metabolic, blood, and immune disorders",3,Rate,2016,342.11942291984997,419.91867730505,283.20915454373
1,All Population,5,Prevalence,7,Democratic People's Republic of Korea,3,Both,22,All ages,625,"Other endocrine, metabolic, blood, and immune disorders",3,Rate,2016,187.21598870116,226.41023808295,147.91020425125
1,All Population,5,Prevalence,88,Malta,3,Both,22,All ages,625,"Other endocrine, metabolic, blood, and immune disorders",3,Rate,2017,1756.60391080127,2004.56712142883,1547.05763473908
1,All Population,5,Prevalence,161,Bangladesh,3,Both,22,All ages,625,"Other endocrine, metabolic, blood, and immune disorders",3,Rate,2016,193.32411835123,254.12262274599001,151.36762876193998
1,All Population,5,Prevalence,98,Chile,3,Both,22,All ages,625,"Other endocrine, metabolic, blood, and immune disorders",3,Rate,2015,1403.28663030396,1569.2837275854001,1255.53035482421
1,All Population,5,Prevalence,122,Ecuador,3,Both,22,All ages,625,"Other endocrine, metabolic, blood, and immune disorders",3,Rate,2015,635.19164452784,700.00953231302,571.2961959238501
1,All Population,5,Prevalence,156,United Arab Emirates,3,Both,22,All ages,625,"Other endocrine, metabolic, blood, and immune disorders",3,Rate,2015,265.47695162091003,338.11162224932997,210.58072555209
1,All Population,5,Prevalence,30,Vanuatu,3,Both,22,All ages,625,"Other endocrine, metabolic, blood, and immune disorders",3,Rate,2015,215.50165887670997,268.30031051675,176.89082657737998
1,All Population,5,Prevalence,39,Tajikistan,3,Both,22,All ages,625,"Other endocrine, metabolic, blood, and immune disorders",3,Rate,2016,850.3084064939,1101.7757893329301,679.2639939381299
1,All Population,5,Prevalence,99,Uruguay,3,Both,22,All ages,625,"Other endocrine, metabolic, blood, and immune disorders",3,Rate,2016,1515.86360551118,1760.14271597654,1303.91630247067
1,All Population,5,Prevalence,169,Central African Republic,3,Both,22,All ages,625,"Other endocrine, metabolic, blood, and immune disorders",3,Rate,2015,180.33579413831998,213.62910580159001,148.64198504938
1,All Population,5,Prevalence,114,Haiti,3,Both,22,All ages,625,"Other endocrine, metabolic, blood, and immune disorders",3,Rate,2016,270.99657975965,320.52042174847,227.58687139374
1,All Population,5,Prevalence,217,Sierra Leone,3,Both,22,All ages,625,"Other endocrine, metabolic, blood, and immune disorders",3,Rate,2014,152.50608735216,187.24182551575998,124.58036368223999
1,All Population,5,Prevalence,69,Singapore,3,Both,22,All ages,625,"Other endocrine, metabolic, blood, and immune disorders",3,Rate,2016,678.02682300661,813.7762683901,559.72738384104
1,All Population,5,Prevalence,207,Ghana,3,Both,22,All ages,625,"Other endocrine, metabolic, blood, and immune disorders",3,Rate,2016,185.56825753296,229.45860798079,154.17956587832998
1,All Population,5,Prevalence,194,Lesotho,3,Both,22,All ages,625,"Other endocrine, metabolic, blood, and immune disorders",3,Rate,2017,387.41913102264,463.02823621152004,327.57419727997
1,All Population,5,Prevalence,182,Malawi,3,Both,22,All ages,625,"Other endocrine, metabolic, blood, and immune disorders",3,Rate,2017,153.78324341788,185.84283205443,126.75786296397001
1,All Population,5,Prevalence,396,San Marino,3,Both,22,All ages,625,"Other endocrine, metabolic, blood, and immune disorders",3,Rate,2014,1707.9523351342202,2018.294730803,1413.43975059679
1,All Population,5,Prevalence,33,Armenia,3,Both,22,All ages,625,"Other endocrine, metabolic, blood, and immune disorders",3,Rate,2015,1050.25334625587,1249.46285851376,868.92265174739
1,All Population,5,Prevalence,48,Hungary,3,Both,22,All ages,625,"Other endocrine, metabolic, blood, and immune disorders",3,Rate,2015,1831.50104646348,2160.21272226618,1559.32603383253
1,All Population,5,Prevalence,58,Estonia,3,Both,22,All ages,625,"Other endocrine, metabolic, blood, and immune disorders",3,Rate,2016,2324.44306234553,2793.88969741312,1866.93878202621
1,All Population,5,Prevalence,43,Albania,3,Both,22,All ages,625,"Other endocrine, metabolic, blood, and immune disorders",3,Rate,2017,1485.07255487512,1813.3774989238498,1219.52088586151
1,All Population,5,Prevalence,101,Canada,3,Both,22,All ages,625,"Other endocrine, metabolic, blood, and immune disorders",3,Rate,2017,1276.30752888031,1488.98843924181,1108.9385645831198
1,All Population,5,Prevalence,148,Morocco,3,Both,22,All ages,625,"Other endocrine, metabolic, blood, and immune disorders",3,Rate,2016,256.17674731737,324.2882584005,204.57168103898
1,All Population,5,Prevalence,109,Cuba,3,Both,22,All ages,625,"Other endocrine, metabolic, blood, and immune disorders",3,Rate,2015,450.73385182903,547.75440895896,369.79100735805
1,All Population,5,Prevalence,93,Sweden,3,Both,22,All ages,625,"Other endocrine, metabolic, blood, and immune disorders",3,Rate,2014,1647.9665287702699,1805.53890432146,1501.05096667178
1,All Population,5,Prevalence,101,Canada,3,Both,22,All ages,625,"Other endocrine, metabolic, blood, and immune disorders",3,Rate,2016,1241.08389003895,1442.0041263293401,1092.81319225671
1,All Population,5,Prevalence,163,India,3,Both,22,All ages,625,"Other endocrine, metabolic, blood, and immune disorders",3,Rate,2016,192.43100161460998,237.68545227752003,154.98076688689
1,All Population,5,Prevalence,198,Zimbabwe,3,Both,22,All ages,625,"Other endocrine, metabolic, blood, and immune disorders",3,Rate,2016,228.80157523671,274.78340002998,187.60563066805
1,All Population,5,Prevalence,45,Bulgaria,3,Both,22,All ages,625,"Other endocrine, metabolic, blood, and immune disorders",3,Rate,2015,1417.0622032066901,1852.9901054329198,1166.8788351885198
1,All Population,5,Prevalence,75,Austria,3,Both,22,All ages,625,"Other endocrine, metabolic, blood, and immune disorders",3,Rate,2015,4501.81441089136,4967.60906496281,4050.48123788127
1,All Population,5,Prevalence,374,Niue,3,Both,22,All ages,625,"Other endocrine, metabolic, blood, and immune disorders",3,Rate,2017,376.88882001461,446.19706743138,311.29764088097
1,All Population,5,Prevalence,148,Morocco,3,Both,22,All ages,625,"Other endocrine, metabolic, blood, and immune disorders",3,Rate,2017,262.29140193553,329.7444386968,210.66172941297998
1,All Population,5,Prevalence,196,South Africa,3,Both,22,All ages,625,"Other endocrine, metabolic, blood, and immune disorders",3,Rate,2017,564.09824185531,660.27463501047,482.3963266306
1,All Population,5,Prevalence,11,Indonesia,3,Both,22,All ages,625,"Other endocrine, metabolic, blood, and immune disorders",3,Rate,2017,128.24338600029,153.59631897878,104.30490545768
1,All Population,5,Prevalence,114,Haiti,3,Both,22,All ages,625,"Other endocrine, metabolic, blood, and immune disorders",3,Rate,2017,273.81054377981997,321.93787266409,229.308162953
1,All Population,5,Prevalence,207,Ghana,3,Both,22,All ages,625,"Other endocrine, metabolic, blood, and immune disorders",3,Rate,2017,187.51179276175,232.07293737742998,156.06982642994
1,All Population,5,Prevalence,41,Uzbekistan,3,Both,22,All ages,625,"Other endocrine, metabolic, blood, and immune disorders",3,Rate,2016,935.76515679414,1231.12081692494,752.2537058988701
1,All Population,5,Prevalence,69,Singapore,3,Both,22,All ages,625,"Other endocrine, metabolic, blood, and immune disorders",3,Rate,2017,695.56252326635,833.99398093068,572.81953911719
1,All Population,5,Prevalence,116,Saint Lucia,3,Both,22,All ages,625,"Other endocrine, metabolic, blood, and immune disorders",3,Rate,2016,597.8301599548099,736.6330135956,511.17332449453005
1,All Population,5,Prevalence,150,Oman,3,Both,22,All ages,625,"Other endocrine, metabolic, blood, and immune disorders",3,Rate,2016,285.69519487641,352.35361093908,234.00236791633
1,All Population,5,Prevalence,380,Palau,3,Both,22,All ages,625,"Other endocrine, metabolic, blood, and immune disorders",3,Rate,2017,347.62371413773997,434.78750250887003,288.18076375204
1,All Population,5,Prevalence,90,Norway,3,Both,22,All ages,625,"Other endocrine, metabolic, blood, and immune disorders",3,Rate,2017,1966.68785725902,2306.223390559,1665.85478736978
1,All Population,5,Prevalence,198,Zimbabwe,3,Both,22,All ages,625,"Other endocrine, metabolic, blood, and immune disorders",3,Rate,2017,232.00973940377003,280.63832776163997,189.84901412004
1,All Population,5,Prevalence,13,Malaysia,3,Both,22,All ages,625,"Other endocrine, metabolic, blood, and immune disorders",3,Rate,2017,223.37579839189002,266.78162853829,185.50672299861
1,All Population,5,Prevalence,116,Saint Lucia,3,Both,22,All ages,625,"Other endocrine, metabolic, blood, and immune disorders",3,Rate,2017,606.6742214057,749.75344994967,521.04131781741
1,All Population,5,Prevalence,11,Indonesia,3,Both,22,All ages,625,"Other endocrine, metabolic, blood, and immune disorders",3,Rate,2016,125.26796821309999,149.96149516839,102.16969107938
1,All Population,5,Prevalence,209,Guinea-Bissau,3,Both,22,All ages,625,"Other endocrine, metabolic, blood, and immune disorders",3,Rate,2016,149.53651479532002,194.48743694477,120.0841333558
1,All Population,5,Prevalence,150,Oman,3,Both,22,All ages,625,"Other endocrine, metabolic, blood, and immune disorders",3,Rate,2017,289.40165200334997,361.33375027323,238.5856491024
1,All Population,5,Prevalence,84,Ireland,3,Both,22,All ages,625,"Other endocrine, metabolic, blood, and immune disorders",3,Rate,2017,1708.50954370342,2036.19728133719,1439.96360400804
1,All Population,5,Prevalence,55,Slovenia,3,Both,22,All ages,625,"Other endocrine, metabolic, blood, and immune disorders",3,Rate,2015,2042.0250950927098,2296.7204639565803,1828.38836576809
1,All Population,5,Prevalence,83,Iceland,3,Both,22,All ages,625,"Other endocrine, metabolic, blood, and immune disorders",3,Rate,2015,1793.90988645641,2110.61812292266,1518.19954785357
1,All Population,5,Prevalence,161,Bangladesh,3,Both,22,All ages,625,"Other endocrine, metabolic, blood, and immune disorders",3,Rate,2017,195.79937159695,253.55250117358,152.45212718547
1,All Population,5,Prevalence,209,Guinea-Bissau,3,Both,22,All ages,625,"Other endocrine, metabolic, blood, and immune disorders",3,Rate,2017,150.66516997214,194.0120520427,120.62947562888999
1,All Population,5,Prevalence,43,Albania,3,Both,22,All ages,625,"Other endocrine, metabolic, blood, and immune disorders",3,Rate,2016,1470.21403071187,1806.40717995645,1199.91715581303
1,All Population,5,Prevalence,58,Estonia,3,Both,22,All ages,625,"Other endocrine, metabolic, blood, and immune disorders",3,Rate,2017,2325.65347291418,2778.54725659915,1876.0146116882
1,All Population,5,Prevalence,71,Australia,3,Both,22,All ages,625,"Other endocrine, metabolic, blood, and immune disorders",3,Rate,2017,1001.6718588738901,1138.0168214262,881.0123208150001
1,All Population,5,Prevalence,86,Italy,3,Both,22,All ages,625,"Other endocrine, metabolic, blood, and immune disorders",3,Rate,2017,1992.2481892527599,2258.50811856964,1762.5643398708798
1,All Population,5,Prevalence,110,Dominica,3,Both,22,All ages,625,"Other endocrine, metabolic, blood, and immune disorders",3,Rate,2015,601.33052219482,796.41976354794,494.28273967696003
1,All Population,5,Prevalence,211,Mali,3,Both,22,All ages,625,"Other endocrine, metabolic, blood, and immune disorders",3,Rate,2016,382.20318450962003,462.46450175837003,321.95138926541
1,All Population,5,Prevalence,105,Antigua and Barbuda,3,Both,22,All ages,625,"Other endocrine, metabolic, blood, and immune disorders",3,Rate,2016,673.86095625636,800.92086449534,582.03674363534
1,All Population,5,Prevalence,105,Antigua and Barbuda,3,Both,22,All ages,625,"Other endocrine, metabolic, blood, and immune disorders",3,Rate,2017,685.96736736474,827.20528303997,595.2595710964
1,All Population,5,Prevalence,129,Honduras,3,Both,22,All ages,625,"Other endocrine, metabolic, blood, and immune disorders",3,Rate,2017,280.88860305977,333.66363204564004,237.21953226014998
1,All Population,5,Prevalence,118,Suriname,3,Both,22,All ages,625,"Other endocrine, metabolic, blood, and immune disorders",3,Rate,2017,450.97245270064997,586.41925540245,364.4171074174
1,All Population,5,Prevalence,80,France,3,Both,22,All ages,625,"Other endocrine, metabolic, blood, and immune disorders",3,Rate,2014,2095.1720206803698,2396.92854127989,1781.4448586975898
1,All Population,5,Prevalence,163,India,3,Both,22,All ages,625,"Other endocrine, metabolic, blood, and immune disorders",3,Rate,2017,195.19409235722998,241.21271275867,157.11565915199
1,All Population,5,Prevalence,22,Fiji,3,Both,22,All ages,625,"Other endocrine, metabolic, blood, and immune disorders",3,Rate,2017,235.33636910921,283.04836375651996,192.87524018374
1,All Population,5,Prevalence,211,Mali,3,Both,22,All ages,625,"Other endocrine, metabolic, blood, and immune disorders",3,Rate,2017,383.28671536466,462.72014046209,323.46651959581
1,All Population,5,Prevalence,37,Kyrgyzstan,3,Both,22,All ages,625,"Other endocrine, metabolic, blood, and immune disorders",3,Rate,2017,957.56491262768,1211.42437478176,760.8030325346
1,All Population,5,Prevalence,22,Fiji,3,Both,22,All ages,625,"Other endocrine, metabolic, blood, and immune disorders",3,Rate,2018,237.08739878808,286.74876783436,195.30801966465
1,All Population,5,Prevalence,131,Nicaragua,3,Both,22,All ages,625,"Other endocrine, metabolic, blood, and immune disorders",3,Rate,2017,240.51185358079002,288.53545442159,200.73420761344002
1,All Population,5,Prevalence,24,Marshall Islands,3,Both,22,All ages,625,"Other endocrine, metabolic, blood, and immune disorders",3,Rate,2017,215.66308084025,259.18684593205,177.53948980737002
1,All Population,5,Prevalence,165,Pakistan,3,Both,22,All ages,625,"Other endocrine, metabolic, blood, and immune disorders",3,Rate,2017,157.97029447616,198.48035280369,124.97794901486
1,All Population,5,Prevalence,11,Indonesia,3,Both,22,All ages,625,"Other endocrine, metabolic, blood, and immune disorders",3,Rate,2018,131.49044262177,157.50438492329002,106.51823980834
1,All Population,5,Prevalence,39,Tajikistan,3,Both,22,All ages,625,"Other endocrine, metabolic, blood, and immune disorders",3,Rate,2017,857.0824269350301,1103.6524903550298,689.3488660399399
1,All Population,5,Prevalence,176,Comoros,3,Both,22,All ages,625,"Other endocrine, metabolic, blood, and immune disorders",3,Rate,2017,226.94480769951,289.47136354664997,179.27441206010002
1,All Population,5,Prevalence,213,Niger,3,Both,22,All ages,625,"Other endocrine, metabolic, blood, and immune disorders",3,Rate,2017,123.04521654548,154.01246121899,99.08739025647
1,All Population,5,Prevalence,69,Singapore,3,Both,22,All ages,625,"Other endocrine, metabolic, blood, and immune disorders",3,Rate,2018,711.02380223544,850.5207081379799,584.23585533989
1,All Population,5,Prevalence,127,El Salvador,3,Both,22,All ages,625,"Other endocrine, metabolic, blood, and immune disorders",3,Rate,2014,319.66287562783,370.49967419572,271.70583170767003
1,All Population,5,Prevalence,58,Estonia,3,Both,22,All ages,625,"Other endocrine, metabolic, blood, and immune disorders",3,Rate,2018,2326.70697336289,2790.3194410023298,1878.0003530982501
1,All Population,5,Prevalence,142,Iran (Islamic Republic of),3,Both,22,All ages,625,"Other endocrine, metabolic, blood, and immune disorders",3,Rate,2015,296.58132190485003,355.11294233447,241.00298292052
1,All Population,5,Prevalence,187,Somalia,3,Both,22,All ages,625,"Other endocrine, metabolic, blood, and immune disorders",3,Rate,2014,161.60068036527,203.75471452021998,128.06552374865
1,All Population,5,Prevalence,133,Venezuela (Bolivarian Republic of),3,Both,22,All ages,625,"Other endocrine, metabolic, blood, and immune disorders",3,Rate,2017,295.31800458767003,353.70002838255004,245.54075278793
1,All Population,5,Prevalence,24,Marshall Islands,3,Both,22,All ages,625,"Other endocrine, metabolic, blood, and immune disorders",3,Rate,2018,219.56310339275998,266.10845703933995,181.8310378486
1,All Population,5,Prevalence,18,Thailand,3,Both,22,All ages,625,"Other endocrine, metabolic, blood, and immune disorders",3,Rate,2015,264.10219587997,312.10721529508,220.95366742271003
1,All Population,5,Prevalence,35,Georgia,3,Both,22,All ages,625,"Other endocrine, metabolic, blood, and immune disorders",3,Rate,2014,1604.9049144862802,2016.82485600376,1334.83455715718
1,All Population,5,Prevalence,116,Saint Lucia,3,Both,22,All ages,625,"Other endocrine, metabolic, blood, and immune disorders",3,Rate,2018,616.9782831937399,771.8878638797501,530.27622331181
1,All Population,5,Prevalence,105,Antigua and Barbuda,3,Both,22,All ages,625,"Other endocrine, metabolic, blood, and immune disorders",3,Rate,2018,699.97280751691,850.5314721581799,608.91573030256
1,All Population,5,Prevalence,178,Eritrea,3,Both,22,All ages,625,"Other endocrine, metabolic, blood, and immune disorders",3,Rate,2017,179.4966192187,223.98600907517002,146.17029240119
1,All Population,5,Prevalence,71,Australia,3,Both,22,All ages,625,"Other endocrine, metabolic, blood, and immune disorders",3,Rate,2018,999.19722821552,1129.22667285267,870.2252277397699
1,All Population,5,Prevalence,13,Malaysia,3,Both,22,All ages,625,"Other endocrine, metabolic, blood, and immune disorders",3,Rate,2018,228.1297618421,271.36439794463,189.73031025003002
1,All Population,5,Prevalence,26,Papua New Guinea,3,Both,22,All ages,625,"Other endocrine, metabolic, blood, and immune disorders",3,Rate,2017,324.09580316238,379.23426457571,275.30939515873
1,All Population,5,Prevalence,163,India,3,Both,22,All ages,625,"Other endocrine, metabolic, blood, and immune disorders",3,Rate,2018,198.08065990835001,244.93532488993998,159.19722352205
1,All Population,5,Prevalence,367,Monaco,3,Both,22,All ages,625,"Other endocrine, metabolic, blood, and immune disorders",3,Rate,2017,2040.69891666631,2498.55454966909,1657.5930219662498
1,All Population,5,Prevalence,37,Kyrgyzstan,3,Both,22,All ages,625,"Other endocrine, metabolic, blood, and immune disorders",3,Rate,2018,971.63860417887,1217.81564609516,772.40140235049
1,All Population,5,Prevalence,28,Solomon Islands,3,Both,22,All ages,625,"Other endocrine, metabolic, blood, and immune disorders",3,Rate,2017,219.68665366733,261.18444466758,185.96759325096
1,All Population,5,Prevalence,118,Suriname,3,Both,22,All ages,625,"Other endocrine, metabolic, blood, and immune disorders",3,Rate,2018,458.53564208314,597.9564780497,374.34598292060997
1,All Population,5,Prevalence,212,Mauritania,3,Both,22,All ages,625,"Other endocrine, metabolic, blood, and immune disorders",3,Rate,2015,182.33768602427,237.89525004413997,144.17828624935
1,All Population,5,Prevalence,117,Saint Vincent and the Grenadines,3,Both,22,All ages,625,"Other endocrine, metabolic, blood, and immune disorders",3,Rate,2015,643.26061599095,822.3092979329899,560.1605214562301
1,All Population,5,Prevalence,179,Ethiopia,3,Both,22,All ages,625,"Other endocrine, metabolic, blood, and immune disorders",3,Rate,2014,143.50261793412,175.00100521261,116.41664534266
1,All Population,5,Prevalence,130,Mexico,3,Both,22,All ages,625,"Other endocrine, metabolic, blood, and immune disorders",3,Rate,2015,399.96050240197,466.85925092570005,332.75361779017004
1,All Population,5,Prevalence,176,Comoros,3,Both,22,All ages,625,"Other endocrine, metabolic, blood, and immune disorders",3,Rate,2018,230.11709633074,290.7138092348,182.79852979439002
1,All Population,5,Prevalence,211,Mali,3,Both,22,All ages,625,"Other endocrine, metabolic, blood, and immune disorders",3,Rate,2018,384.47738914443,465.99480295344,324.96785716047
1,All Population,5,Prevalence,26,Papua New Guinea,3,Both,22,All ages,625,"Other endocrine, metabolic, blood, and immune disorders",3,Rate,2018,326.21224076314,384.88673973952,276.2660555448
1,All Population,5,Prevalence,180,Kenya,3,Both,22,All ages,625,"Other endocrine, metabolic, blood, and immune disorders",3,Rate,2017,158.02148568152,191.35564884652,127.97397975427
1,All Population,5,Prevalence,129,Honduras,3,Both,22,All ages,625,"Other endocrine, metabolic, blood, and immune disorders",3,Rate,2018,283.81579065818,337.69272062941,238.56466074646
1,All Population,5,Prevalence,84,Ireland,3,Both,22,All ages,625,"Other endocrine, metabolic, blood, and immune disorders",3,Rate,2018,1717.4676848536199,2029.7190784025602,1448.6752499413801
1,All Population,5,Prevalence,165,Pakistan,3,Both,22,All ages,625,"Other endocrine, metabolic, blood, and immune disorders",3,Rate,2018,159.5407509876,198.84949692440998,126.07901919046
1,All Population,5,Prevalence,298,American Samoa,3,Both,22,All ages,625,"Other endocrine, metabolic, blood, and immune disorders",3,Rate,2015,521.58830086661,637.05273662374,440.02734367091
1,All Population,5,Prevalence,204,Chad,3,Both,22,All ages,625,"Other endocrine, metabolic, blood, and immune disorders",3,Rate,2015,134.44027290526998,173.44738085073,104.8971409823
1,All Population,5,Prevalence,39,Tajikistan,3,Both,22,All ages,625,"Other endocrine, metabolic, blood, and immune disorders",3,Rate,2018,864.7554004355899,1100.9738157996,698.68007132934
1,All Population,5,Prevalence,213,Niger,3,Both,22,All ages,625,"Other endocrine, metabolic, blood, and immune disorders",3,Rate,2018,123.81496797425999,155.61033271703002,98.86741181968999
1,All Population,5,Prevalence,178,Eritrea,3,Both,22,All ages,625,"Other endocrine, metabolic, blood, and immune disorders",3,Rate,2018,182.05363057453,227.49898634744,148.79780378988
1,All Population,5,Prevalence,7,Democratic People's Republic of Korea,3,Both,22,All ages,625,"Other endocrine, metabolic, blood, and immune disorders",3,Rate,2018,192.44175980727,238.94685815878,154.24365930976
1,All Population,5,Prevalence,83,Iceland,3,Both,22,All ages,625,"Other endocrine, metabolic, blood, and immune disorders",3,Rate,2016,1810.0454114324298,2113.75774149375,1543.37924045746
1,All Population,5,Prevalence,193,Botswana,3,Both,22,All ages,625,"Other endocrine, metabolic, blood, and immune disorders",3,Rate,2015,348.85367897624,431.87206583525995,280.83010222524
1,All Population,5,Prevalence,131,Nicaragua,3,Both,22,All ages,625,"Other endocrine, metabolic, blood, and immune disorders",3,Rate,2018,244.74868379574002,290.26213136407,203.51090098197
1,All Population,5,Prevalence,28,Solomon Islands,3,Both,22,All ages,625,"Other endocrine, metabolic, blood, and immune disorders",3,Rate,2018,222.29097059565,264.9165558378,187.44150969430999
1,All Population,5,Prevalence,86,Italy,3,Both,22,All ages,625,"Other endocrine, metabolic, blood, and immune disorders",3,Rate,2018,1991.0570619629802,2261.52063516811,1763.36224740535
1,All Population,5,Prevalence,52,Romania,3,Both,22,All ages,625,"Other endocrine, metabolic, blood, and immune disorders",3,Rate,2018,2323.50180334989,3021.67373551505,1888.38064732894
1,All Population,5,Prevalence,28,Solomon Islands,3,Both,22,All ages,625,"Other endocrine, metabolic, blood, and immune disorders",3,Rate,2019,224.9198755891,271.27832984681,188.63544813448
1,All Population,5,Prevalence,95,United Kingdom,3,Both,22,All ages,625,"Other endocrine, metabolic, blood, and immune disorders",3,Rate,2015,2008.74775246094,2261.16504071583,1784.13644880587
1,All Population,5,Prevalence,172,Equatorial Guinea,3,Both,22,All ages,625,"Other endocrine, metabolic, blood, and immune disorders",3,Rate,2014,179.66507262532,220.66787637627,143.22165746527
1,All Population,5,Prevalence,52,Romania,3,Both,22,All ages,625,"Other endocrine, metabolic, blood, and immune disorders",3,Rate,2019,2332.16623846006,3028.8056375477104,1895.2764023483198
1,All Population,5,Prevalence,41,Uzbekistan,3,Both,22,All ages,625,"Other endocrine, metabolic, blood, and immune disorders",3,Rate,2018,953.90319160709,1252.2238815678302,759.78710617493
1,All Population,5,Prevalence,180,Kenya,3,Both,22,All ages,625,"Other endocrine, metabolic, blood, and immune disorders",3,Rate,2018,162.06067221358,196.25152686294,131.17914373828
1,All Population,5,Prevalence,54,Slovakia,3,Both,22,All ages,625,"Other endocrine, metabolic, blood, and immune disorders",3,Rate,2018,2343.41597529754,2803.38342926424,2058.1218770391
1,All Population,5,Prevalence,41,Uzbekistan,3,Both,22,All ages,625,"Other endocrine, metabolic, blood, and immune disorders",3,Rate,2019,963.9911337251599,1279.9138499417602,764.83593802207
1,All Population,5,Prevalence,99,Uruguay,3,Both,22,All ages,625,"Other endocrine, metabolic, blood, and immune disorders",3,Rate,2019,1520.57273523452,1780.1184279223398,1311.60673912009
1,All Population,5,Prevalence,367,Monaco,3,Both,22,All ages,625,"Other endocrine, metabolic, blood, and immune disorders",3,Rate,2018,2042.91045497419,2489.68129158745,1661.2661543311199
1,All Population,5,Prevalence,146,Lebanon,3,Both,22,All ages,625,"Other endocrine, metabolic, blood, and immune disorders",3,Rate,2018,404.05660671473,484.05850799962,336.62437620734
1,All Population,5,Prevalence,7,Democratic People's Republic of Korea,3,Both,22,All ages,625,"Other endocrine, metabolic, blood, and immune disorders",3,Rate,2019,195.27728557988002,241.34316326384,156.64709831488
1,All Population,5,Prevalence,99,Uruguay,3,Both,22,All ages,625,"Other endocrine, metabolic, blood, and immune disorders",3,Rate,2018,1516.1380924089199,1770.2224403443802,1321.83852737548
1,All Population,5,Prevalence,86,Italy,3,Both,22,All ages,625,"Other endocrine, metabolic, blood, and immune disorders",3,Rate,2019,1991.83127592157,2267.85687335189,1762.3898605987301
1,All Population,5,Prevalence,133,Venezuela (Bolivarian Republic of),3,Both,22,All ages,625,"Other endocrine, metabolic, blood, and immune disorders",3,Rate,2019,311.21739062046,378.47915774659003,257.16308622456
1,All Population,5,Prevalence,88,Malta,3,Both,22,All ages,625,"Other endocrine, metabolic, blood, and immune disorders",3,Rate,2018,1764.1760076329401,2001.60164089188,1552.58365547945
1,All Population,5,Prevalence,133,Venezuela (Bolivarian Republic of),3,Both,22,All ages,625,"Other endocrine, metabolic, blood, and immune disorders",3,Rate,2018,299.69699593749004,359.87474416511003,246.85352191323
1,All Population,5,Prevalence,180,Kenya,3,Both,22,All ages,625,"Other endocrine, metabolic, blood, and immune disorders",3,Rate,2019,166.27640335339,201.4076686262,134.44811462683
1,All Population,5,Prevalence,194,Lesotho,3,Both,22,All ages,625,"Other endocrine, metabolic, blood, and immune disorders",3,Rate,2018,393.44881642573006,466.98834144357,332.74285677126
1,All Population,5,Prevalence,43,Albania,3,Both,22,All ages,625,"Other endocrine, metabolic, blood, and immune disorders",3,Rate,2018,1491.87170715258,1824.19726698447,1231.51079680426
1,All Population,5,Prevalence,182,Malawi,3,Both,22,All ages,625,"Other endocrine, metabolic, blood, and immune disorders",3,Rate,2018,155.55437654463,189.34247102036,128.30711895209
1,All Population,5,Prevalence,161,Bangladesh,3,Both,22,All ages,625,"Other endocrine, metabolic, blood, and immune disorders",3,Rate,2018,198.25302505067998,257.12868132877,154.12019208576
1,All Population,5,Prevalence,40,Turkmenistan,3,Both,22,All ages,625,"Other endocrine, metabolic, blood, and immune disorders",3,Rate,2016,975.47972768803,1182.4421009049,796.49801153815
1,All Population,5,Prevalence,88,Malta,3,Both,22,All ages,625,"Other endocrine, metabolic, blood, and immune disorders",3,Rate,2019,1771.1700317332002,2017.08947096935,1558.51577505676
1,All Population,5,Prevalence,101,Canada,3,Both,22,All ages,625,"Other endocrine, metabolic, blood, and immune disorders",3,Rate,2019,1346.85308121991,1608.0547880877298,1141.91269713491
1,All Population,5,Prevalence,54,Slovakia,3,Both,22,All ages,625,"Other endocrine, metabolic, blood, and immune disorders",3,Rate,2019,2297.50895357642,2750.94276886738,2004.7414703636
1,All Population,5,Prevalence,146,Lebanon,3,Both,22,All ages,625,"Other endocrine, metabolic, blood, and immune disorders",3,Rate,2019,411.03783494809005,493.92236442875,342.31167841353
1,All Population,5,Prevalence,374,Niue,3,Both,22,All ages,625,"Other endocrine, metabolic, blood, and immune disorders",3,Rate,2018,378.56585351492,446.86554717449,311.26448961426996
1,All Population,5,Prevalence,43,Albania,3,Both,22,All ages,625,"Other endocrine, metabolic, blood, and immune disorders",3,Rate,2019,1504.0276852007498,1864.47863898745,1245.5045892683
1,All Population,5,Prevalence,90,Norway,3,Both,22,All ages,625,"Other endocrine, metabolic, blood, and immune disorders",3,Rate,2018,1960.71940332548,2297.80803020106,1661.03530395907
1,All Population,5,Prevalence,101,Canada,3,Both,22,All ages,625,"Other endocrine, metabolic, blood, and immune disorders",3,Rate,2018,1313.27335303062,1548.51420021734,1131.3210627040098
1,All Population,5,Prevalence,396,San Marino,3,Both,22,All ages,625,"Other endocrine, metabolic, blood, and immune disorders",3,Rate,2015,1725.2708472333002,2056.90755812938,1420.89519817571
1,All Population,5,Prevalence,135,Brazil,3,Both,22,All ages,625,"Other endocrine, metabolic, blood, and immune disorders",3,Rate,2019,460.34528286593996,512.1267604104601,407.94963377325
1,All Population,5,Prevalence,207,Ghana,3,Both,22,All ages,625,"Other endocrine, metabolic, blood, and immune disorders",3,Rate,2018,189.62672238629,234.83612066102,157.71514492126
1,All Population,5,Prevalence,217,Sierra Leone,3,Both,22,All ages,625,"Other endocrine, metabolic, blood, and immune disorders",3,Rate,2015,152.41461179597002,187.67360483267998,124.51788423227
1,All Population,5,Prevalence,139,Algeria,3,Both,22,All ages,625,"Other endocrine, metabolic, blood, and immune disorders",3,Rate,2015,268.09809239751,355.72706413964,216.89973262649
1,All Population,5,Prevalence,135,Brazil,3,Both,22,All ages,625,"Other endocrine, metabolic, blood, and immune disorders",3,Rate,2018,454.96181231244,504.87739466206,405.06263682342995
1,All Population,5,Prevalence,196,South Africa,3,Both,22,All ages,625,"Other endocrine, metabolic, blood, and immune disorders",3,Rate,2018,574.66195946457,671.46476787423,489.50907156652005
1,All Population,5,Prevalence,182,Malawi,3,Both,22,All ages,625,"Other endocrine, metabolic, blood, and immune disorders",3,Rate,2019,157.43077967672,192.33854276091,129.97015881031
1,All Population,5,Prevalence,11,Indonesia,3,Both,22,All ages,625,"Other endocrine, metabolic, blood, and immune disorders",3,Rate,2019,135.00278176261,162.12780270061,109.12845811192
1,All Population,5,Prevalence,194,Lesotho,3,Both,22,All ages,625,"Other endocrine, metabolic, blood, and immune disorders",3,Rate,2019,399.28446564948,473.57025386552,333.74915229951
1,All Population,5,Prevalence,148,Morocco,3,Both,22,All ages,625,"Other endocrine, metabolic, blood, and immune disorders",3,Rate,2018,268.84606112248,339.47977710695,216.93146796973
1,All Population,5,Prevalence,114,Haiti,3,Both,22,All ages,625,"Other endocrine, metabolic, blood, and immune disorders",3,Rate,2019,280.09244332792,334.14501727115004,233.67361859359002
1,All Population,5,Prevalence,114,Haiti,3,Both,22,All ages,625,"Other endocrine, metabolic, blood, and immune disorders",3,Rate,2018,276.90331184436,328.75821120843,232.18368897077002
1,All Population,5,Prevalence,90,Norway,3,Both,22,All ages,625,"Other endocrine, metabolic, blood, and immune disorders",3,Rate,2019,1956.89142972137,2297.01500805535,1659.70278109192
1,All Population,5,Prevalence,207,Ghana,3,Both,22,All ages,625,"Other endocrine, metabolic, blood, and immune disorders",3,Rate,2019,191.82814135325,237.69050743553,159.26816780937
1,All Population,5,Prevalence,148,Morocco,3,Both,22,All ages,625,"Other endocrine, metabolic, blood, and immune disorders",3,Rate,2019,275.36016092757,349.46192153025,222.57650154152
1,All Population,5,Prevalence,374,Niue,3,Both,22,All ages,625,"Other endocrine, metabolic, blood, and immune disorders",3,Rate,2019,380.41605982205,449.58505632176,310.78031678089997
1,All Population,5,Prevalence,380,Palau,3,Both,22,All ages,625,"Other endocrine, metabolic, blood, and immune disorders",3,Rate,2018,353.23537081554,450.34072027294,290.28219813412
1,All Population,5,Prevalence,22,Fiji,3,Both,22,All ages,625,"Other endocrine, metabolic, blood, and immune disorders",3,Rate,2019,239.12042481856002,291.99795006095997,197.77293256004
1,All Population,5,Prevalence,198,Zimbabwe,3,Both,22,All ages,625,"Other endocrine, metabolic, blood, and immune disorders",3,Rate,2018,235.26584131881998,286.53494824206,191.42561620543
1,All Population,5,Prevalence,209,Guinea-Bissau,3,Both,22,All ages,625,"Other endocrine, metabolic, blood, and immune disorders",3,Rate,2018,152.00053131063,193.97488569797,121.35771312225
1,All Population,5,Prevalence,74,Andorra,3,Both,22,All ages,625,"Other endocrine, metabolic, blood, and immune disorders",3,Rate,2014,1484.53207155085,1778.39146814126,1221.0803824207
1,All Population,5,Prevalence,164,Nepal,3,Both,22,All ages,625,"Other endocrine, metabolic, blood, and immune disorders",3,Rate,2015,205.87145713564,247.19092702412001,176.16496952571
1,All Population,5,Prevalence,27,Samoa,3,Both,22,All ages,625,"Other endocrine, metabolic, blood, and immune disorders",3,Rate,2014,243.28232608680003,286.85684498404,205.73637704636
1,All Population,5,Prevalence,177,Djibouti,3,Both,22,All ages,625,"Other endocrine, metabolic, blood, and immune disorders",3,Rate,2015,188.09706118333,247.11309999110998,148.98723887959
1,All Population,5,Prevalence,145,Kuwait,3,Both,22,All ages,625,"Other endocrine, metabolic, blood, and immune disorders",3,Rate,2015,237.57790832953998,287.92924448151,197.64450515336998
1,All Population,5,Prevalence,152,Saudi Arabia,3,Both,22,All ages,625,"Other endocrine, metabolic, blood, and immune disorders",3,Rate,2015,282.64777937083,349.05110873716,232.14358885181
1,All Population,5,Prevalence,92,Spain,3,Both,22,All ages,625,"Other endocrine, metabolic, blood, and immune disorders",3,Rate,2015,1943.444480156,2329.64310452351,1635.23144090791
1,All Population,5,Prevalence,105,Antigua and Barbuda,3,Both,22,All ages,625,"Other endocrine, metabolic, blood, and immune disorders",3,Rate,2019,713.52228183334,872.7382680228201,618.1268065115
1,All Population,5,Prevalence,393,Saint Kitts and Nevis,3,Both,22,All ages,625,"Other endocrine, metabolic, blood, and immune disorders",3,Rate,2015,556.2444634935799,732.94063983243,465.48738033329
1,All Population,5,Prevalence,196,South Africa,3,Both,22,All ages,625,"Other endocrine, metabolic, blood, and immune disorders",3,Rate,2019,585.58891068026,684.48440039857,495.35646717667004
1,All Population,5,Prevalence,13,Malaysia,3,Both,22,All ages,625,"Other endocrine, metabolic, blood, and immune disorders",3,Rate,2019,233.05317850711,274.77673167662,194.05876510496
1,All Population,5,Prevalence,209,Guinea-Bissau,3,Both,22,All ages,625,"Other endocrine, metabolic, blood, and immune disorders",3,Rate,2019,153.44273730468998,197.19029768822,122.31362999937
1,All Population,5,Prevalence,24,Marshall Islands,3,Both,22,All ages,625,"Other endocrine, metabolic, blood, and immune disorders",3,Rate,2019,223.49560536325,272.58195149294,185.70881041638
1,All Population,5,Prevalence,116,Saint Lucia,3,Both,22,All ages,625,"Other endocrine, metabolic, blood, and immune disorders",3,Rate,2019,626.7726845631801,777.5658823487,534.96699178039
1,All Population,5,Prevalence,150,Oman,3,Both,22,All ages,625,"Other endocrine, metabolic, blood, and immune disorders",3,Rate,2018,293.73698327070997,366.21657882817,241.47041235614
1,All Population,5,Prevalence,150,Oman,3,Both,22,All ages,625,"Other endocrine, metabolic, blood, and immune disorders",3,Rate,2019,298.56319767531,368.76409485269,245.68477752037
1,All Population,5,Prevalence,380,Palau,3,Both,22,All ages,625,"Other endocrine, metabolic, blood, and immune disorders",3,Rate,2019,359.15776873901,459.59316697595,293.86712937409
1,All Population,5,Prevalence,161,Bangladesh,3,Both,22,All ages,625,"Other endocrine, metabolic, blood, and immune disorders",3,Rate,2019,200.69322634127,259.6923087262,155.53808523946
1,All Population,5,Prevalence,69,Singapore,3,Both,22,All ages,625,"Other endocrine, metabolic, blood, and immune disorders",3,Rate,2019,727.18153248804,869.6722089007999,596.38639101597
1,All Population,5,Prevalence,58,Estonia,3,Both,22,All ages,625,"Other endocrine, metabolic, blood, and immune disorders",3,Rate,2019,2332.52389268661,2776.4475637094397,1882.46646521265
1,All Population,5,Prevalence,129,Honduras,3,Both,22,All ages,625,"Other endocrine, metabolic, blood, and immune disorders",3,Rate,2019,286.73912057875,342.19412667547,241.00177114010998
1,All Population,5,Prevalence,26,Papua New Guinea,3,Both,22,All ages,625,"Other endocrine, metabolic, blood, and immune disorders",3,Rate,2019,328.35315518914,388.73959926164997,276.45235820759
1,All Population,5,Prevalence,198,Zimbabwe,3,Both,22,All ages,625,"Other endocrine, metabolic, blood, and immune disorders",3,Rate,2019,238.46059135255,291.14005924357,193.88404929185
1,All Population,5,Prevalence,84,Ireland,3,Both,22,All ages,625,"Other endocrine, metabolic, blood, and immune disorders",3,Rate,2019,1727.7459302474902,2030.70893339201,1456.10051850718
1,All Population,5,Prevalence,211,Mali,3,Both,22,All ages,625,"Other endocrine, metabolic, blood, and immune disorders",3,Rate,2019,385.56701370678,468.38235013828995,325.72137409946
1,All Population,5,Prevalence,118,Suriname,3,Both,22,All ages,625,"Other endocrine, metabolic, blood, and immune disorders",3,Rate,2019,465.97401100975,620.3865639777999,383.30667699873
1,All Population,5,Prevalence,37,Kyrgyzstan,3,Both,22,All ages,625,"Other endocrine, metabolic, blood, and immune disorders",3,Rate,2019,987.24643470491,1228.24480426233,785.79859276442
1,All Population,5,Prevalence,213,Niger,3,Both,22,All ages,625,"Other endocrine, metabolic, blood, and immune disorders",3,Rate,2019,124.59287947737,156.51954649756001,98.43548332160002
1,All Population,5,Prevalence,131,Nicaragua,3,Both,22,All ages,625,"Other endocrine, metabolic, blood, and immune disorders",3,Rate,2019,249.03791376749,295.5053483488,206.32190465664
1,All Population,5,Prevalence,71,Australia,3,Both,22,All ages,625,"Other endocrine, metabolic, blood, and immune disorders",3,Rate,2019,999.02209331855,1135.51917549707,865.3309499107601
1,All Population,5,Prevalence,176,Comoros,3,Both,22,All ages,625,"Other endocrine, metabolic, blood, and immune disorders",3,Rate,2019,233.34263685484999,294.42492023857,184.72289666271
1,All Population,5,Prevalence,163,India,3,Both,22,All ages,625,"Other endocrine, metabolic, blood, and immune disorders",3,Rate,2019,201.13496895454,248.90456395990998,161.36911030628
1,All Population,5,Prevalence,39,Tajikistan,3,Both,22,All ages,625,"Other endocrine, metabolic, blood, and immune disorders",3,Rate,2019,872.8343137670199,1132.68747678685,707.02419491662
1,All Population,5,Prevalence,178,Eritrea,3,Both,22,All ages,625,"Other endocrine, metabolic, blood, and immune disorders",3,Rate,2019,184.55746129331,229.79805703009998,149.64248043627
1,All Population,5,Prevalence,367,Monaco,3,Both,22,All ages,625,"Other endocrine, metabolic, blood, and immune disorders",3,Rate,2019,2044.21917366728,2485.98132659221,1659.4999957089199
1,All Population,5,Prevalence,165,Pakistan,3,Both,22,All ages,625,"Other endocrine, metabolic, blood, and immune disorders",3,Rate,2019,161.23991057474,201.71585917206,127.32212334825999
1,All Population,5,Prevalence,45,Bulgaria,3,Both,22,All ages,625,"Other endocrine, metabolic, blood, and immune disorders",3,Rate,2016,1428.19040655035,1857.84460907823,1176.80585427757
1,All Population,5,Prevalence,122,Ecuador,3,Both,22,All ages,625,"Other endocrine, metabolic, blood, and immune disorders",3,Rate,2016,650.98701936794,718.7083692094101,585.9561328203899
1,All Population,5,Prevalence,68,Republic of Korea,3,Both,22,All ages,625,"Other endocrine, metabolic, blood, and immune disorders",3,Rate,2016,798.24931322356,981.09600256672,644.3642154186899
1,All Population,5,Prevalence,34,Azerbaijan,3,Both,22,All ages,625,"Other endocrine, metabolic, blood, and immune disorders",3,Rate,2016,1228.05346363259,1470.82890886317,1011.9185429779701
1,All Population,5,Prevalence,38,Mongolia,3,Both,22,All ages,625,"Other endocrine, metabolic, blood, and immune disorders",3,Rate,2016,1014.1425399429401,1224.1146510056399,844.80198682517
1,All Population,5,Prevalence,522,Sudan,3,Both,22,All ages,625,"Other endocrine, metabolic, blood, and immune disorders",3,Rate,2014,219.93215716709,294.82875228416,173.34616180768998
1,All Population,5,Prevalence,153,Syrian Arab Republic,3,Both,22,All ages,625,"Other endocrine, metabolic, blood, and immune disorders",3,Rate,2015,245.16960742282,328.32040393349,199.88562840852
1,All Population,5,Prevalence,35,Georgia,3,Both,22,All ages,625,"Other endocrine, metabolic, blood, and immune disorders",3,Rate,2015,1613.5026536832,2063.5319637273697,1340.8240781504
1,All Population,5,Prevalence,168,Angola,3,Both,22,All ages,625,"Other endocrine, metabolic, blood, and immune disorders",3,Rate,2015,188.76265825820002,252.0991208551,152.09049805264002
1,All Population,5,Prevalence,119,Trinidad and Tobago,3,Both,22,All ages,625,"Other endocrine, metabolic, blood, and immune disorders",3,Rate,2014,629.4209110382101,811.21288355888,538.25923321579
1,All Population,5,Prevalence,97,Argentina,3,Both,22,All ages,625,"Other endocrine, metabolic, blood, and immune disorders",3,Rate,2015,1259.74986061655,1493.72319482749,1057.45012403742
1,All Population,5,Prevalence,92,Spain,3,Both,22,All ages,625,"Other endocrine, metabolic, blood, and immune disorders",3,Rate,2016,1961.9992958963098,2332.28510284683,1658.21111878064
1,All Population,5,Prevalence,75,Austria,3,Both,22,All ages,625,"Other endocrine, metabolic, blood, and immune disorders",3,Rate,2016,4503.41077122526,4947.00702131345,4062.0303328495297
1,All Population,5,Prevalence,94,Switzerland,3,Both,22,All ages,625,"Other endocrine, metabolic, blood, and immune disorders",3,Rate,2016,1513.39189205038,1665.9821467524202,1361.16318920974
1,All Population,5,Prevalence,81,Germany,3,Both,22,All ages,625,"Other endocrine, metabolic, blood, and immune disorders",3,Rate,2016,3308.0374626984003,3644.36172843579,3015.9412280187403
1,All Population,5,Prevalence,200,Benin,3,Both,22,All ages,625,"Other endocrine, metabolic, blood, and immune disorders",3,Rate,2015,145.30925873456,174.44947730169,118.51831788461001
1,All Population,5,Prevalence,152,Saudi Arabia,3,Both,22,All ages,625,"Other endocrine, metabolic, blood, and immune disorders",3,Rate,2016,284.81273026664,347.96056258262996,235.19636997517
1,All Population,5,Prevalence,98,Chile,3,Both,22,All ages,625,"Other endocrine, metabolic, blood, and immune disorders",3,Rate,2016,1419.58438781813,1580.02087370312,1269.16554775768
1,All Population,5,Prevalence,87,Luxembourg,3,Both,22,All ages,625,"Other endocrine, metabolic, blood, and immune disorders",3,Rate,2014,1813.31620383264,2014.88148522946,1624.88780522008
1,All Population,5,Prevalence,6,China,3,Both,22,All ages,625,"Other endocrine, metabolic, blood, and immune disorders",3,Rate,2016,185.57045253128,222.86994592951,150.01667054102
1,All Population,5,Prevalence,87,Luxembourg,3,Both,22,All ages,625,"Other endocrine, metabolic, blood, and immune disorders",3,Rate,2016,1833.3194349861699,2038.70280248796,1639.3028397650298
1,All Population,5,Prevalence,369,Nauru,3,Both,22,All ages,625,"Other endocrine, metabolic, blood, and immune disorders",3,Rate,2015,244.10180800572002,316.86236076963,197.04478569463
1,All Population,5,Prevalence,181,Madagascar,3,Both,22,All ages,625,"Other endocrine, metabolic, blood, and immune disorders",3,Rate,2016,146.73080406662,181.92147786164,116.71193278177999
1,All Population,5,Prevalence,175,Burundi,3,Both,22,All ages,625,"Other endocrine, metabolic, blood, and immune disorders",3,Rate,2016,148.77460653628,182.16336214916,123.39458152918
1,All Population,5,Prevalence,23,Kiribati,3,Both,22,All ages,625,"Other endocrine, metabolic, blood, and immune disorders",3,Rate,2016,232.79818676802998,302.39794604598995,189.86874262866002
1,All Population,5,Prevalence,44,Bosnia and Herzegovina,3,Both,22,All ages,625,"Other endocrine, metabolic, blood, and immune disorders",3,Rate,2015,1440.38796401113,1865.78708605201,1178.0141742217002
1,All Population,5,Prevalence,22,Fiji,3,Both,22,All ages,625,"Other endocrine, metabolic, blood, and immune disorders",3,Rate,2020,241.65340867346,295.02845190883,200.69733499039
1,All Population,5,Prevalence,69,Singapore,3,Both,22,All ages,625,"Other endocrine, metabolic, blood, and immune disorders",3,Rate,2020,747.25412653579,900.22257268772,609.22708734918
1,All Population,5,Prevalence,15,Myanmar,3,Both,22,All ages,625,"Other endocrine, metabolic, blood, and immune disorders",3,Rate,2016,156.38587792956,193.95105681464,123.26667064711
1,All Population,5,Prevalence,115,Jamaica,3,Both,22,All ages,625,"Other endocrine, metabolic, blood, and immune disorders",3,Rate,2016,412.20446429231004,518.10590626988,347.46818316509
1,All Population,5,Prevalence,163,India,3,Both,22,All ages,625,"Other endocrine, metabolic, blood, and immune disorders",3,Rate,2020,204.28450855496,252.78851093803002,163.55831222443
1,All Population,5,Prevalence,211,Mali,3,Both,22,All ages,625,"Other endocrine, metabolic, blood, and immune disorders",3,Rate,2020,385.86791741542,471.01198985499997,322.58218210069
1,All Population,5,Prevalence,116,Saint Lucia,3,Both,22,All ages,625,"Other endocrine, metabolic, blood, and immune disorders",3,Rate,2020,636.86193527737,800.26659554671,540.6009028780501
1,All Population,5,Prevalence,208,Guinea,3,Both,22,All ages,625,"Other endocrine, metabolic, blood, and immune disorders",3,Rate,2016,155.5808940631,189.35586542655,128.96439454741
1,All Population,5,Prevalence,208,Guinea,3,Both,22,All ages,625,"Other endocrine, metabolic, blood, and immune disorders",3,Rate,2015,155.74716939809,189.69529097686998,128.60546222022
1,All Population,5,Prevalence,50,Montenegro,3,Both,22,All ages,625,"Other endocrine, metabolic, blood, and immune disorders",3,Rate,2015,1287.3390960002,1593.01977843972,1053.39914498728
1,All Population,5,Prevalence,11,Indonesia,3,Both,22,All ages,625,"Other endocrine, metabolic, blood, and immune disorders",3,Rate,2020,138.70320685177,167.2086286828,112.07475959981
1,All Population,5,Prevalence,136,Paraguay,3,Both,22,All ages,625,"Other endocrine, metabolic, blood, and immune disorders",3,Rate,2016,453.56676077629,577.55309097877,370.85916367285
1,All Population,5,Prevalence,195,Namibia,3,Both,22,All ages,625,"Other endocrine, metabolic, blood, and immune disorders",3,Rate,2016,324.06630849756,379.53612850568,271.71603265748
1,All Population,5,Prevalence,105,Antigua and Barbuda,3,Both,22,All ages,625,"Other endocrine, metabolic, blood, and immune disorders",3,Rate,2020,725.6446439899,900.72992892267,629.0858586443501
1,All Population,5,Prevalence,197,Eswatini,3,Both,22,All ages,625,"Other endocrine, metabolic, blood, and immune disorders",3,Rate,2016,363.03788629431,437.12974604526005,303.63197546558
1,All Population,5,Prevalence,58,Estonia,3,Both,22,All ages,625,"Other endocrine, metabolic, blood, and immune disorders",3,Rate,2020,2340.1748723035103,2788.49214647791,1892.39085028381
1,All Population,5,Prevalence,71,Australia,3,Both,22,All ages,625,"Other endocrine, metabolic, blood, and immune disorders",3,Rate,2020,999.85777247905,1153.06318989849,860.42830311525
1,All Population,5,Prevalence,176,Comoros,3,Both,22,All ages,625,"Other endocrine, metabolic, blood, and immune disorders",3,Rate,2020,235.98979279318002,297.85067144341997,185.80912882968
1,All Population,5,Prevalence,165,Pakistan,3,Both,22,All ages,625,"Other endocrine, metabolic, blood, and immune disorders",3,Rate,2020,162.8922111011,206.24136016829002,128.76688728465
1,All Population,5,Prevalence,24,Marshall Islands,3,Both,22,All ages,625,"Other endocrine, metabolic, blood, and immune disorders",3,Rate,2020,227.50043195564,279.39717847249,188.31911962703
1,All Population,5,Prevalence,184,Mozambique,3,Both,22,All ages,625,"Other endocrine, metabolic, blood, and immune disorders",3,Rate,2015,152.93549302990002,184.30569046982,126.86822938986
1,All Population,5,Prevalence,213,Niger,3,Both,22,All ages,625,"Other endocrine, metabolic, blood, and immune disorders",3,Rate,2020,125.27346476019,157.44555917511,98.48658809944
1,All Population,5,Prevalence,169,Central African Republic,3,Both,22,All ages,625,"Other endocrine, metabolic, blood, and immune disorders",3,Rate,2016,182.30885042905,217.67831170923,149.94193194267
1,All Population,5,Prevalence,186,Seychelles,3,Both,22,All ages,625,"Other endocrine, metabolic, blood, and immune disorders",3,Rate,2016,215.01796037655,268.46986042044,174.90430089865998
1,All Population,5,Prevalence,128,Guatemala,3,Both,22,All ages,625,"Other endocrine, metabolic, blood, and immune disorders",3,Rate,2016,287.80849526451,336.83781330598003,249.15518993399002
1,All Population,5,Prevalence,118,Suriname,3,Both,22,All ages,625,"Other endocrine, metabolic, blood, and immune disorders",3,Rate,2020,472.38818603365996,633.16464985727,387.06252968189
1,All Population,5,Prevalence,139,Algeria,3,Both,22,All ages,625,"Other endocrine, metabolic, blood, and immune disorders",3,Rate,2016,271.62953373229004,360.01892026133,219.12345630476997
1,All Population,5,Prevalence,37,Kyrgyzstan,3,Both,22,All ages,625,"Other endocrine, metabolic, blood, and immune disorders",3,Rate,2020,1003.40774736858,1243.19365613138,803.46201327659
1,All Population,5,Prevalence,145,Kuwait,3,Both,22,All ages,625,"Other endocrine, metabolic, blood, and immune disorders",3,Rate,2016,242.21876973823,293.48316875436,201.38788029661998
1,All Population,5,Prevalence,178,Eritrea,3,Both,22,All ages,625,"Other endocrine, metabolic, blood, and immune disorders",3,Rate,2020,186.63716215089,231.40961348832,149.25113754596
1,All Population,5,Prevalence,141,Egypt,3,Both,22,All ages,625,"Other endocrine, metabolic, blood, and immune disorders",3,Rate,2016,237.01925393062,290.04636703591996,194.09872453991
1,All Population,5,Prevalence,13,Malaysia,3,Both,22,All ages,625,"Other endocrine, metabolic, blood, and immune disorders",3,Rate,2020,237.98499601056,279.57257532358,197.69038861722
1,All Population,5,Prevalence,84,Ireland,3,Both,22,All ages,625,"Other endocrine, metabolic, blood, and immune disorders",3,Rate,2020,1742.69441199798,2047.58065012949,1452.0235488743099
1,All Population,5,Prevalence,143,Iraq,3,Both,22,All ages,625,"Other endocrine, metabolic, blood, and immune disorders",3,Rate,2016,190.30837351787,231.72402630904,156.4830937589
1,All Population,5,Prevalence,129,Honduras,3,Both,22,All ages,625,"Other endocrine, metabolic, blood, and immune disorders",3,Rate,2020,289.16124309247,347.59586361752,240.84820185131
1,All Population,5,Prevalence,39,Tajikistan,3,Both,22,All ages,625,"Other endocrine, metabolic, blood, and immune disorders",3,Rate,2020,881.1209416053,1159.56092233182,715.4756672411099
1,All Population,5,Prevalence,26,Papua New Guinea,3,Both,22,All ages,625,"Other endocrine, metabolic, blood, and immune disorders",3,Rate,2020,330.60884234655003,393.01260164005,277.72192764608997
1,All Population,5,Prevalence,522,Sudan,3,Both,22,All ages,625,"Other endocrine, metabolic, blood, and immune disorders",3,Rate,2015,222.56867451679003,301.57544429080997,175.18586050895001
1,All Population,5,Prevalence,305,Bermuda,3,Both,22,All ages,625,"Other endocrine, metabolic, blood, and immune disorders",3,Rate,2015,716.26555805708,830.09439757458,618.20641371579
1,All Population,5,Prevalence,180,Kenya,3,Both,22,All ages,625,"Other endocrine, metabolic, blood, and immune disorders",3,Rate,2020,170.19328483079,206.13605935703,137.41356160576998
1,All Population,5,Prevalence,131,Nicaragua,3,Both,22,All ages,625,"Other endocrine, metabolic, blood, and immune disorders",3,Rate,2020,252.95055347341,299.2097499112,209.46066279689
1,All Population,5,Prevalence,160,Afghanistan,3,Both,22,All ages,625,"Other endocrine, metabolic, blood, and immune disorders",3,Rate,2015,143.90414756073,177.29972333623002,113.73700893059001
1,All Population,5,Prevalence,53,Serbia,3,Both,22,All ages,625,"Other endocrine, metabolic, blood, and immune disorders",3,Rate,2016,1397.3465759236499,1643.4345298989801,1192.7473965997901
1,All Population,5,Prevalence,99,Uruguay,3,Both,22,All ages,625,"Other endocrine, metabolic, blood, and immune disorders",3,Rate,2020,1530.46417489652,1800.43258559539,1306.37009358577
1,All Population,5,Prevalence,52,Romania,3,Both,22,All ages,625,"Other endocrine, metabolic, blood, and immune disorders",3,Rate,2020,2339.86929497625,3072.17589337366,1899.34659594532
1,All Population,5,Prevalence,207,Ghana,3,Both,22,All ages,625,"Other endocrine, metabolic, blood, and immune disorders",3,Rate,2020,193.94200088834,242.33706117454003,160.54888040857
1,All Population,5,Prevalence,146,Lebanon,3,Both,22,All ages,625,"Other endocrine, metabolic, blood, and immune disorders",3,Rate,2020,416.26805080571,499.11713072464,346.13541790279
1,All Population,5,Prevalence,115,Jamaica,3,Both,22,All ages,625,"Other endocrine, metabolic, blood, and immune disorders",3,Rate,2015,407.06840072291,526.54714019593,342.47371088043
1,All Population,5,Prevalence,369,Nauru,3,Both,22,All ages,625,"Other endocrine, metabolic, blood, and immune disorders",3,Rate,2016,246.00090079467998,316.8150785714,199.94725967616003
1,All Population,5,Prevalence,130,Mexico,3,Both,22,All ages,625,"Other endocrine, metabolic, blood, and immune disorders",3,Rate,2016,408.51640885652995,477.57621345899,339.59661481386
1,All Population,5,Prevalence,41,Uzbekistan,3,Both,22,All ages,625,"Other endocrine, metabolic, blood, and immune disorders",3,Rate,2020,974.3113978514,1298.9821449011602,773.5705464003901
1,All Population,5,Prevalence,28,Solomon Islands,3,Both,22,All ages,625,"Other endocrine, metabolic, blood, and immune disorders",3,Rate,2020,227.4926750222,274.40581043773,190.68157281955
1,All Population,5,Prevalence,86,Italy,3,Both,22,All ages,625,"Other endocrine, metabolic, blood, and immune disorders",3,Rate,2020,2000.4096287306702,2282.99374416693,1769.49922040978
1,All Population,5,Prevalence,107,Barbados,3,Both,22,All ages,625,"Other endocrine, metabolic, blood, and immune disorders",3,Rate,2016,747.67928739463,856.1626782354,649.02095233599
1,All Population,5,Prevalence,184,Mozambique,3,Both,22,All ages,625,"Other endocrine, metabolic, blood, and immune disorders",3,Rate,2016,153.14645703588002,185.09835350531,126.29740226614
1,All Population,5,Prevalence,30,Vanuatu,3,Both,22,All ages,625,"Other endocrine, metabolic, blood, and immune disorders",3,Rate,2016,217.16281209327002,267.53103326473996,178.88650170057
1,All Population,5,Prevalence,194,Lesotho,3,Both,22,All ages,625,"Other endocrine, metabolic, blood, and immune disorders",3,Rate,2020,404.02905226729996,485.15047342443,333.97286371738
1,All Population,5,Prevalence,7,Democratic People's Republic of Korea,3,Both,22,All ages,625,"Other endocrine, metabolic, blood, and immune disorders",3,Rate,2020,198.17043097667002,252.09141184668002,158.96311893704
1,All Population,5,Prevalence,133,Venezuela (Bolivarian Republic of),3,Both,22,All ages,625,"Other endocrine, metabolic, blood, and immune disorders",3,Rate,2020,326.58716441909,403.96470185054,269.39337707666004
1,All Population,5,Prevalence,101,Canada,3,Both,22,All ages,625,"Other endocrine, metabolic, blood, and immune disorders",3,Rate,2020,1371.28845194939,1658.7102070485498,1131.03584513972
1,All Population,5,Prevalence,182,Malawi,3,Both,22,All ages,625,"Other endocrine, metabolic, blood, and immune disorders",3,Rate,2020,159.14314810343998,194.9425970853,131.41977689963
1,All Population,5,Prevalence,54,Slovakia,3,Both,22,All ages,625,"Other endocrine, metabolic, blood, and immune disorders",3,Rate,2020,2284.48461359778,2742.35182611351,1979.7467379310099
1,All Population,5,Prevalence,367,Monaco,3,Both,22,All ages,625,"Other endocrine, metabolic, blood, and immune disorders",3,Rate,2020,2050.3798389119797,2495.81326210771,1665.0517885974
1,All Population,5,Prevalence,148,Morocco,3,Both,22,All ages,625,"Other endocrine, metabolic, blood, and immune disorders",3,Rate,2020,281.04355194565,357.48986502894,227.06706959688003
1,All Population,5,Prevalence,43,Albania,3,Both,22,All ages,625,"Other endocrine, metabolic, blood, and immune disorders",3,Rate,2020,1524.44563369794,1863.0619692886498,1257.3183056851599
1,All Population,5,Prevalence,209,Guinea-Bissau,3,Both,22,All ages,625,"Other endocrine, metabolic, blood, and immune disorders",3,Rate,2020,154.74551362245,199.39186824609,123.28969233985
1,All Population,5,Prevalence,161,Bangladesh,3,Both,22,All ages,625,"Other endocrine, metabolic, blood, and immune disorders",3,Rate,2020,202.97379022754,264.40181934348,156.61845577366998
1,All Population,5,Prevalence,88,Malta,3,Both,22,All ages,625,"Other endocrine, metabolic, blood, and immune disorders",3,Rate,2020,1776.89507046969,2043.93361421806,1561.57853082454
1,All Population,5,Prevalence,216,Senegal,3,Both,22,All ages,625,"Other endocrine, metabolic, blood, and immune disorders",3,Rate,2015,161.77700308092,194.10071121532,130.60603378469
1,All Population,5,Prevalence,144,Jordan,3,Both,22,All ages,625,"Other endocrine, metabolic, blood, and immune disorders",3,Rate,2015,229.46179563342,280.21643051057,186.2308792479
1,All Population,5,Prevalence,183,Mauritius,3,Both,22,All ages,625,"Other endocrine, metabolic, blood, and immune disorders",3,Rate,2016,302.80810423590003,375.11613814814,252.53028099510001
1,All Population,5,Prevalence,14,Maldives,3,Both,22,All ages,625,"Other endocrine, metabolic, blood, and immune disorders",3,Rate,2016,277.58877089829,339.40726184346,234.13906211448003
1,All Population,5,Prevalence,123,Peru,3,Both,22,All ages,625,"Other endocrine, metabolic, blood, and immune disorders",3,Rate,2016,556.46081947603,671.96926766949,454.08314983056005
1,All Population,5,Prevalence,142,Iran (Islamic Republic of),3,Both,22,All ages,625,"Other endocrine, metabolic, blood, and immune disorders",3,Rate,2016,302.44037784467,361.70175164937,246.72835268498002
1,All Population,5,Prevalence,135,Brazil,3,Both,22,All ages,625,"Other endocrine, metabolic, blood, and immune disorders",3,Rate,2020,467.16567872681003,522.37866288493,411.72970564489003
1,All Population,5,Prevalence,57,Belarus,3,Both,22,All ages,625,"Other endocrine, metabolic, blood, and immune disorders",3,Rate,2015,2005.53120267704,2491.28774653367,1553.7916420716
1,All Population,5,Prevalence,150,Oman,3,Both,22,All ages,625,"Other endocrine, metabolic, blood, and immune disorders",3,Rate,2020,303.74438753225996,371.78171670185003,250.85744172793
1,All Population,5,Prevalence,102,United States of America,3,Both,22,All ages,625,"Other endocrine, metabolic, blood, and immune disorders",3,Rate,2016,1555.99112240089,1715.03697317317,1414.07654088005
1,All Population,5,Prevalence,201,Burkina Faso,3,Both,22,All ages,625,"Other endocrine, metabolic, blood, and immune disorders",3,Rate,2015,146.89988267248998,182.71231548359,120.17534752929998
1,All Population,5,Prevalence,140,Bahrain,3,Both,22,All ages,625,"Other endocrine, metabolic, blood, and immune disorders",3,Rate,2016,369.71950961476,474.94639653493005,302.38226615780997
1,All Population,5,Prevalence,196,South Africa,3,Both,22,All ages,625,"Other endocrine, metabolic, blood, and immune disorders",3,Rate,2020,595.2974440003201,701.26787989477,500.048832254
1,All Population,5,Prevalence,114,Haiti,3,Both,22,All ages,625,"Other endocrine, metabolic, blood, and immune disorders",3,Rate,2020,283.18242157494,342.34970039595,236.62438821730998
1,All Population,5,Prevalence,374,Niue,3,Both,22,All ages,625,"Other endocrine, metabolic, blood, and immune disorders",3,Rate,2020,382.65353888107,453.54439915583,311.19948564114
1,All Population,5,Prevalence,90,Norway,3,Both,22,All ages,625,"Other endocrine, metabolic, blood, and immune disorders",3,Rate,2020,1958.87523032534,2309.36538449041,1661.78531825052
1,All Population,5,Prevalence,200,Benin,3,Both,22,All ages,625,"Other endocrine, metabolic, blood, and immune disorders",3,Rate,2016,146.34775845688,176.21358102771,119.41559024019001
1,All Population,5,Prevalence,198,Zimbabwe,3,Both,22,All ages,625,"Other endocrine, metabolic, blood, and immune disorders",3,Rate,2020,241.29114697991,295.93754134836,195.94025811715997
1,All Population,5,Prevalence,380,Palau,3,Both,22,All ages,625,"Other endocrine, metabolic, blood, and immune disorders",3,Rate,2020,365.13223147147,462.88016926661,297.24728790899
1,All Population,5,Prevalence,66,Brunei Darussalam,3,Both,22,All ages,625,"Other endocrine, metabolic, blood, and immune disorders",3,Rate,2015,891.3670267092,1048.30197035322,764.45343802748
1,All Population,5,Prevalence,183,Mauritius,3,Both,22,All ages,625,"Other endocrine, metabolic, blood, and immune disorders",3,Rate,2015,295.91929010741,374.11727051445,246.46731892472002
1,All Population,5,Prevalence,48,Hungary,3,Both,22,All ages,625,"Other endocrine, metabolic, blood, and immune disorders",3,Rate,2016,1842.49620180721,2195.2513709547,1566.46537666006
1,All Population,5,Prevalence,153,Syrian Arab Republic,3,Both,22,All ages,625,"Other endocrine, metabolic, blood, and immune disorders",3,Rate,2016,257.89699341177,342.55013514199004,209.39452354321
1,All Population,5,Prevalence,349,Greenland,3,Both,22,All ages,625,"Other endocrine, metabolic, blood, and immune disorders",3,Rate,2014,939.89697379989,1222.86625976929,768.54000066114
1,All Population,5,Prevalence,201,Burkina Faso,3,Both,22,All ages,625,"Other endocrine, metabolic, blood, and immune disorders",3,Rate,2016,147.64832196989,183.01175376355,121.07892891555
1,All Population,5,Prevalence,95,United Kingdom,3,Both,22,All ages,625,"Other endocrine, metabolic, blood, and immune disorders",3,Rate,2016,2029.3485751677301,2281.46711006697,1795.6473324656702
1,All Population,5,Prevalence,396,San Marino,3,Both,22,All ages,625,"Other endocrine, metabolic, blood, and immune disorders",3,Rate,2016,1738.0607481621998,2064.44031128911,1437.83582256272
1,All Population,5,Prevalence,155,Türkiye,3,Both,22,All ages,625,"Other endocrine, metabolic, blood, and immune disorders",3,Rate,2016,412.98690404437,490.96243022934,339.20258789819997
1,All Population,5,Prevalence,172,Equatorial Guinea,3,Both,22,All ages,625,"Other endocrine, metabolic, blood, and immune disorders",3,Rate,2015,180.51603124945999,221.46115068927,143.89086589742
1,All Population,5,Prevalence,91,Portugal,3,Both,22,All ages,625,"Other endocrine, metabolic, blood, and immune disorders",3,Rate,2016,2179.60869588781,2568.6837196987,1845.8138231789
1,All Population,5,Prevalence,157,Yemen,3,Both,22,All ages,625,"Other endocrine, metabolic, blood, and immune disorders",3,Rate,2016,166.0162588062,204.2510206838,133.49692940974
1,All Population,5,Prevalence,60,Lithuania,3,Both,22,All ages,625,"Other endocrine, metabolic, blood, and immune disorders",3,Rate,2015,2341.91624399592,2659.97841203493,2113.95612888402
1,All Population,5,Prevalence,44,Bosnia and Herzegovina,3,Both,22,All ages,625,"Other endocrine, metabolic, blood, and immune disorders",3,Rate,2016,1450.22804859972,1879.09587806641,1187.88635281692
1,All Population,5,Prevalence,376,Northern Mariana Islands,3,Both,22,All ages,625,"Other endocrine, metabolic, blood, and immune disorders",3,Rate,2016,386.63103227858,473.24196735456,319.82970027933
1,All Population,5,Prevalence,160,Afghanistan,3,Both,22,All ages,625,"Other endocrine, metabolic, blood, and immune disorders",3,Rate,2016,145.16499926979,179.42930758239,115.27022119285999
1,All Population,5,Prevalence,147,Libya,3,Both,22,All ages,625,"Other endocrine, metabolic, blood, and immune disorders",3,Rate,2016,282.50289367828,364.56395618796,226.52995922596
1,All Population,5,Prevalence,8,Taiwan,3,Both,22,All ages,625,"Other endocrine, metabolic, blood, and immune disorders",3,Rate,2015,302.31726528856,351.18958668646997,256.94087764227
1,All Population,5,Prevalence,416,Tuvalu,3,Both,22,All ages,625,"Other endocrine, metabolic, blood, and immune disorders",3,Rate,2016,323.06015756535004,385.96557694122004,267.41105369491004
1,All Population,5,Prevalence,61,Republic of Moldova,3,Both,22,All ages,625,"Other endocrine, metabolic, blood, and immune disorders",3,Rate,2016,2110.72040181009,2707.26631558047,1690.11190654808
1,All Population,5,Prevalence,46,Croatia,3,Both,22,All ages,625,"Other endocrine, metabolic, blood, and immune disorders",3,Rate,2016,1844.3435404075299,2097.2245658409697,1638.4436492040002
1,All Population,5,Prevalence,76,Belgium,3,Both,22,All ages,625,"Other endocrine, metabolic, blood, and immune disorders",3,Rate,2016,3737.01187797263,4253.3957954710195,3250.5879914603997
1,All Population,5,Prevalence,106,Bahamas,3,Both,22,All ages,625,"Other endocrine, metabolic, blood, and immune disorders",3,Rate,2016,776.22410965938,973.7013081323199,662.3362660479701
1,All Population,5,Prevalence,102,United States of America,3,Both,22,All ages,625,"Other endocrine, metabolic, blood, and immune disorders",3,Rate,2015,1527.6192480878199,1679.43372951441,1387.67641719346
1,All Population,5,Prevalence,47,Czechia,3,Both,22,All ages,625,"Other endocrine, metabolic, blood, and immune disorders",3,Rate,2016,1902.4442361351898,2250.22131697501,1644.4426077008497
1,All Population,5,Prevalence,29,Tonga,3,Both,22,All ages,625,"Other endocrine, metabolic, blood, and immune disorders",3,Rate,2016,280.30934108959,354.76529003101,232.73632033949002
1,All Population,5,Prevalence,60,Lithuania,3,Both,22,All ages,625,"Other endocrine, metabolic, blood, and immune disorders",3,Rate,2016,2349.37935384187,2658.11791464342,2117.17305090835
1,All Population,5,Prevalence,17,Sri Lanka,3,Both,22,All ages,625,"Other endocrine, metabolic, blood, and immune disorders",3,Rate,2015,187.38149281533,230.77094369647,148.31659369448
1,All Population,5,Prevalence,82,Greece,3,Both,22,All ages,625,"Other endocrine, metabolic, blood, and immune disorders",3,Rate,2014,1892.2811180657002,2226.2520780387404,1601.27312110512
1,All Population,5,Prevalence,7,Democratic People's Republic of Korea,3,Both,22,All ages,625,"Other endocrine, metabolic, blood, and immune disorders",3,Rate,2021,202.10730475301,254.86515490492002,161.01012796625
1,All Population,5,Prevalence,171,Democratic Republic of the Congo,3,Both,22,All ages,625,"Other endocrine, metabolic, blood, and immune disorders",3,Rate,2015,182.57924958716,217.32097231269998,148.29171494391
1,All Population,5,Prevalence,77,Cyprus,3,Both,22,All ages,625,"Other endocrine, metabolic, blood, and immune disorders",3,Rate,2016,1061.26036465176,1194.35206225122,934.16217324411
1,All Population,5,Prevalence,393,Saint Kitts and Nevis,3,Both,22,All ages,625,"Other endocrine, metabolic, blood, and immune disorders",3,Rate,2016,563.01113449938,740.33540473909,481.41654838385
1,All Population,5,Prevalence,36,Kazakhstan,3,Both,22,All ages,625,"Other endocrine, metabolic, blood, and immune disorders",3,Rate,2016,1076.78305682017,1345.31630904587,879.6376216826401
1,All Population,5,Prevalence,11,Indonesia,3,Both,22,All ages,625,"Other endocrine, metabolic, blood, and immune disorders",3,Rate,2021,143.74807555019,173.2499976164,115.75307613669
1,All Population,5,Prevalence,117,Saint Vincent and the Grenadines,3,Both,22,All ages,625,"Other endocrine, metabolic, blood, and immune disorders",3,Rate,2016,652.8636189737999,822.6074244596499,571.8771920661
1,All Population,5,Prevalence,181,Madagascar,3,Both,22,All ages,625,"Other endocrine, metabolic, blood, and immune disorders",3,Rate,2014,144.20582023190002,178.83205936908,115.64010692252
1,All Population,5,Prevalence,25,Micronesia (Federated States of),3,Both,22,All ages,625,"Other endocrine, metabolic, blood, and immune disorders",3,Rate,2016,413.36207669684006,487.64702361653,350.53018825223
1,All Population,5,Prevalence,72,New Zealand,3,Both,22,All ages,625,"Other endocrine, metabolic, blood, and immune disorders",3,Rate,2016,984.5889842142699,1108.4854979991,871.51158455858
1,All Population,5,Prevalence,13,Malaysia,3,Both,22,All ages,625,"Other endocrine, metabolic, blood, and immune disorders",3,Rate,2021,242.74370803158,287.26973552541,197.93624392519
1,All Population,5,Prevalence,28,Solomon Islands,3,Both,22,All ages,625,"Other endocrine, metabolic, blood, and immune disorders",3,Rate,2021,231.50460123768,276.17424270732,192.72827634473998
1,All Population,5,Prevalence,8,Taiwan,3,Both,22,All ages,625,"Other endocrine, metabolic, blood, and immune disorders",3,Rate,2016,306.51082094589,353.48312803415,261.65955040903003
1,All Population,5,Prevalence,22,Fiji,3,Both,22,All ages,625,"Other endocrine, metabolic, blood, and immune disorders",3,Rate,2021,246.64598233503997,301.509151375,202.93708614703
1,All Population,5,Prevalence,168,Angola,3,Both,22,All ages,625,"Other endocrine, metabolic, blood, and immune disorders",3,Rate,2016,189.93782269516,244.50166918135,153.1451147434
1,All Population,5,Prevalence,24,Marshall Islands,3,Both,22,All ages,625,"Other endocrine, metabolic, blood, and immune disorders",3,Rate,2021,231.58106876421002,282.33307033168,191.47887826071
1,All Population,5,Prevalence,26,Papua New Guinea,3,Both,22,All ages,625,"Other endocrine, metabolic, blood, and immune disorders",3,Rate,2021,334.10862211990997,397.71106836525996,281.6704248782
1,All Population,5,Prevalence,177,Djibouti,3,Both,22,All ages,625,"Other endocrine, metabolic, blood, and immune disorders",3,Rate,2016,191.04015747985,249.25791555137,151.43307089037
1,All Population,5,Prevalence,39,Tajikistan,3,Both,22,All ages,625,"Other endocrine, metabolic, blood, and immune disorders",3,Rate,2021,901.01343491938,1162.18073457749,734.7387248311101
1,All Population,5,Prevalence,193,Botswana,3,Both,22,All ages,625,"Other endocrine, metabolic, blood, and immune disorders",3,Rate,2016,352.87649780866997,432.959768478,287.52829608184
1,All Population,5,Prevalence,210,Liberia,3,Both,22,All ages,625,"Other endocrine, metabolic, blood, and immune disorders",3,Rate,2016,165.11741927812,200.75143940073997,135.40934446497002
1,All Population,5,Prevalence,52,Romania,3,Both,22,All ages,625,"Other endocrine, metabolic, blood, and immune disorders",3,Rate,2021,2351.75082959813,3066.37313482552,1932.0280424354698
1,All Population,5,Prevalence,41,Uzbekistan,3,Both,22,All ages,625,"Other endocrine, metabolic, blood, and immune disorders",3,Rate,2021,996.9624430457101,1324.12595926997,793.5696887787501
1,All Population,5,Prevalence,54,Slovakia,3,Both,22,All ages,625,"Other endocrine, metabolic, blood, and immune disorders",3,Rate,2021,2303.03210459415,2777.1230808014398,1996.58687444766
1,All Population,5,Prevalence,43,Albania,3,Both,22,All ages,625,"Other endocrine, metabolic, blood, and immune disorders",3,Rate,2021,1545.73312040046,1893.1702411661,1272.14708983576
1,All Population,5,Prevalence,58,Estonia,3,Both,22,All ages,625,"Other endocrine, metabolic, blood, and immune disorders",3,Rate,2021,2371.53038821288,2833.93733386542,1925.87777890518
1,All Population,5,Prevalence,37,Kyrgyzstan,3,Both,22,All ages,625,"Other endocrine, metabolic, blood, and immune disorders",3,Rate,2021,1037.35855702082,1301.64200200221,818.80871280666
1,All Population,5,Prevalence,190,Uganda,3,Both,22,All ages,625,"Other endocrine, metabolic, blood, and immune disorders",3,Rate,2016,143.28785061851,173.17676805861998,117.90835512636
1,All Population,5,Prevalence,69,Singapore,3,Both,22,All ages,625,"Other endocrine, metabolic, blood, and immune disorders",3,Rate,2021,773.01084466336,933.9932213217401,634.7658438286401
1,All Population,5,Prevalence,185,Rwanda,3,Both,22,All ages,625,"Other endocrine, metabolic, blood, and immune disorders",3,Rate,2016,178.61261896008,218.68039257425002,146.27031744539
1,All Population,5,Prevalence,67,Japan,3,Both,22,All ages,625,"Other endocrine, metabolic, blood, and immune disorders",3,Rate,2017,1256.60204540278,1569.03247430904,1010.76083733579
1,All Population,5,Prevalence,71,Australia,3,Both,22,All ages,625,"Other endocrine, metabolic, blood, and immune disorders",3,Rate,2021,1009.5125264399501,1135.6501495391901,884.19626902866
1,All Population,5,Prevalence,126,Costa Rica,3,Both,22,All ages,625,"Other endocrine, metabolic, blood, and immune disorders",3,Rate,2015,341.38694274761,401.38228347272997,293.50002681310997
1,All Population,5,Prevalence,126,Costa Rica,3,Both,22,All ages,625,"Other endocrine, metabolic, blood, and immune disorders",3,Rate,2016,347.00741880357,409.02329923596994,298.49038246549003
1,All Population,5,Prevalence,77,Cyprus,3,Both,22,All ages,625,"Other endocrine, metabolic, blood, and immune disorders",3,Rate,2015,1075.23112672582,1211.28094585083,941.27585248734
1,All Population,5,Prevalence,45,Bulgaria,3,Both,22,All ages,625,"Other endocrine, metabolic, blood, and immune disorders",3,Rate,2017,1442.548367378,1902.99288976435,1185.6004006871601
1,All Population,5,Prevalence,154,Tunisia,3,Both,22,All ages,625,"Other endocrine, metabolic, blood, and immune disorders",3,Rate,2016,408.20659429796,482.07821888186,339.49312755965
1,All Population,5,Prevalence,298,American Samoa,3,Both,22,All ages,625,"Other endocrine, metabolic, blood, and immune disorders",3,Rate,2016,530.76029046841,653.12283733308,450.22619124181
1,All Population,5,Prevalence,86,Italy,3,Both,22,All ages,625,"Other endocrine, metabolic, blood, and immune disorders",3,Rate,2021,2023.40918417436,2314.8795839438503,1786.17339708393
1,All Population,5,Prevalence,156,United Arab Emirates,3,Both,22,All ages,625,"Other endocrine, metabolic, blood, and immune disorders",3,Rate,2016,271.56885732054,340.18027382594,216.30036140098002
1,All Population,5,Prevalence,88,Malta,3,Both,22,All ages,625,"Other endocrine, metabolic, blood, and immune disorders",3,Rate,2021,1780.3913306143602,2021.9710496235302,1536.80674953498
1,All Population,5,Prevalence,215,Sao Tome and Principe,3,Both,22,All ages,625,"Other endocrine, metabolic, blood, and immune disorders",3,Rate,2016,200.83740882806998,252.23894594585002,164.11631050499
1,All Population,5,Prevalence,55,Slovenia,3,Both,22,All ages,625,"Other endocrine, metabolic, blood, and immune disorders",3,Rate,2016,2037.66076677775,2297.79921317773,1831.0368319192899
1,All Population,5,Prevalence,90,Norway,3,Both,22,All ages,625,"Other endocrine, metabolic, blood, and immune disorders",3,Rate,2021,1959.04369274317,2313.80135565915,1662.65014542571
1,All Population,5,Prevalence,34,Azerbaijan,3,Both,22,All ages,625,"Other endocrine, metabolic, blood, and immune disorders",3,Rate,2015,1219.3758021718,1477.51455612737,996.7532919352999
1,All Population,5,Prevalence,132,Panama,3,Both,22,All ages,625,"Other endocrine, metabolic, blood, and immune disorders",3,Rate,2016,362.07441369751,420.3780201511,306.95078815817
1,All Population,5,Prevalence,12,Lao People's Democratic Republic,3,Both,22,All ages,625,"Other endocrine, metabolic, blood, and immune disorders",3,Rate,2017,133.19729510445,163.3427576275,106.88901269465
1,All Population,5,Prevalence,121,Bolivia (Plurinational State of),3,Both,22,All ages,625,"Other endocrine, metabolic, blood, and immune disorders",3,Rate,2014,492.89010013697,600.3516261095899,399.99607727082997
1,All Population,5,Prevalence,99,Uruguay,3,Both,22,All ages,625,"Other endocrine, metabolic, blood, and immune disorders",3,Rate,2021,1573.423809198,1866.87942342775,1345.00938720079
1,All Population,5,Prevalence,84,Ireland,3,Both,22,All ages,625,"Other endocrine, metabolic, blood, and immune disorders",3,Rate,2021,1784.65378075434,2092.0121276785103,1496.3702624961102
1,All Population,5,Prevalence,101,Canada,3,Both,22,All ages,625,"Other endocrine, metabolic, blood, and immune disorders",3,Rate,2021,1352.5452048914601,1568.3055978251,1167.31443894869
1,All Population,5,Prevalence,111,Dominican Republic,3,Both,22,All ages,625,"Other endocrine, metabolic, blood, and immune disorders",3,Rate,2015,361.71957853293,444.02828386361,301.80843763948
1,All Population,5,Prevalence,105,Antigua and Barbuda,3,Both,22,All ages,625,"Other endocrine, metabolic, blood, and immune disorders",3,Rate,2021,738.75357803961,923.64461520663,640.359175101
1,All Population,5,Prevalence,114,Haiti,3,Both,22,All ages,625,"Other endocrine, metabolic, blood, and immune disorders",3,Rate,2021,286.6753181732,346.65246080561997,239.67739365179003
1,All Population,5,Prevalence,17,Sri Lanka,3,Both,22,All ages,625,"Other endocrine, metabolic, blood, and immune disorders",3,Rate,2016,191.15876839821001,239.19649108927,150.40853240596
1,All Population,5,Prevalence,15,Myanmar,3,Both,22,All ages,625,"Other endocrine, metabolic, blood, and immune disorders",3,Rate,2017,158.17424244667,195.31538160348,124.70563628272
1,All Population,5,Prevalence,116,Saint Lucia,3,Both,22,All ages,625,"Other endocrine, metabolic, blood, and immune disorders",3,Rate,2021,656.17550241445,828.50362249873,564.03755982449
1,All Population,5,Prevalence,118,Suriname,3,Both,22,All ages,625,"Other endocrine, metabolic, blood, and immune disorders",3,Rate,2021,481.19770968516,664.13780629603,391.82076839883
1,All Population,5,Prevalence,133,Venezuela (Bolivarian Republic of),3,Both,22,All ages,625,"Other endocrine, metabolic, blood, and immune disorders",3,Rate,2021,336.7286980207,411.93166137717,278.78552751878004
1,All Population,5,Prevalence,135,Brazil,3,Both,22,All ages,625,"Other endocrine, metabolic, blood, and immune disorders",3,Rate,2021,477.61397138741995,535.83115896702,419.86010520402
1,All Population,5,Prevalence,129,Honduras,3,Both,22,All ages,625,"Other endocrine, metabolic, blood, and immune disorders",3,Rate,2021,290.97046362938,345.93751905440996,244.47382859422999
1,All Population,5,Prevalence,61,Republic of Moldova,3,Both,22,All ages,625,"Other endocrine, metabolic, blood, and immune disorders",3,Rate,2017,2132.75449878158,2731.82047621776,1708.13750520378
1,All Population,5,Prevalence,131,Nicaragua,3,Both,22,All ages,625,"Other endocrine, metabolic, blood, and immune disorders",3,Rate,2021,257.51599972633,305.36112857390003,212.9302545759
1,All Population,5,Prevalence,123,Peru,3,Both,22,All ages,625,"Other endocrine, metabolic, blood, and immune disorders",3,Rate,2017,570.67114171889,694.80658799038,467.62031146489
1,All Population,5,Prevalence,144,Jordan,3,Both,22,All ages,625,"Other endocrine, metabolic, blood, and immune disorders",3,Rate,2016,233.74709925152,286.13122148966,190.23174445996
1,All Population,5,Prevalence,146,Lebanon,3,Both,22,All ages,625,"Other endocrine, metabolic, blood, and immune disorders",3,Rate,2021,420.79969293923006,499.36438800058,351.34774583476
1,All Population,5,Prevalence,148,Morocco,3,Both,22,All ages,625,"Other endocrine, metabolic, blood, and immune disorders",3,Rate,2021,285.26135859872,360.57831025239,229.0346048818
1,All Population,5,Prevalence,150,Oman,3,Both,22,All ages,625,"Other endocrine, metabolic, blood, and immune disorders",3,Rate,2021,309.42649018833,385.09298932480004,251.72558762327
1,All Population,5,Prevalence,30,Vanuatu,3,Both,22,All ages,625,"Other endocrine, metabolic, blood, and immune disorders",3,Rate,2017,218.98769696118,271.5254920099,180.80523934284
1,All Population,5,Prevalence,189,United Republic of Tanzania,3,Both,22,All ages,625,"Other endocrine, metabolic, blood, and immune disorders",3,Rate,2016,164.7378919617,199.3136716687,135.92992757706
1,All Population,5,Prevalence,109,Cuba,3,Both,22,All ages,625,"Other endocrine, metabolic, blood, and immune disorders",3,Rate,2016,457.00299172094003,560.20356368516,377.75938633426
1,All Population,5,Prevalence,161,Bangladesh,3,Both,22,All ages,625,"Other endocrine, metabolic, blood, and immune disorders",3,Rate,2021,205.98092902162003,273.0262732458,159.38531711992
1,All Population,5,Prevalence,171,Democratic Republic of the Congo,3,Both,22,All ages,625,"Other endocrine, metabolic, blood, and immune disorders",3,Rate,2016,184.03537759709,217.99280593799998,149.6838586356
1,All Population,5,Prevalence,62,Russian Federation,3,Both,22,All ages,625,"Other endocrine, metabolic, blood, and immune disorders",3,Rate,2017,1952.1064483745802,2464.4110152603703,1551.87748117722
1,All Population,5,Prevalence,51,Poland,3,Both,22,All ages,625,"Other endocrine, metabolic, blood, and immune disorders",3,Rate,2017,1226.30981019432,1475.9164610005798,1087.4722948476801
1,All Population,5,Prevalence,163,India,3,Both,22,All ages,625,"Other endocrine, metabolic, blood, and immune disorders",3,Rate,2021,208.92155199980002,259.79057992073,167.78815558572
1,All Population,5,Prevalence,320,Cook Islands,3,Both,22,All ages,625,"Other endocrine, metabolic, blood, and immune disorders",3,Rate,2016,308.74711848436,391.37227422958,248.80098281574
1,All Population,5,Prevalence,47,Czechia,3,Both,22,All ages,625,"Other endocrine, metabolic, blood, and immune disorders",3,Rate,2015,1888.93523840512,2234.59210183264,1617.34720336234
1,All Population,5,Prevalence,173,Gabon,3,Both,22,All ages,625,"Other endocrine, metabolic, blood, and immune disorders",3,Rate,2014,286.627207724,336.97824193043,238.67734974185
1,All Population,5,Prevalence,180,Kenya,3,Both,22,All ages,625,"Other endocrine, metabolic, blood, and immune disorders",3,Rate,2021,174.24645386404,211.88217429053,140.73818877777
1,All Population,5,Prevalence,165,Pakistan,3,Both,22,All ages,625,"Other endocrine, metabolic, blood, and immune disorders",3,Rate,2021,165.38406751921002,209.98601816545,130.81927780924002
1,All Population,5,Prevalence,182,Malawi,3,Both,22,All ages,625,"Other endocrine, metabolic, blood, and immune disorders",3,Rate,2021,159.97152085595,197.09417471033998,132.08365551184
1,All Population,5,Prevalence,6,China,3,Both,22,All ages,625,"Other endocrine, metabolic, blood, and immune disorders",3,Rate,2017,189.44443930594,228.47504905819997,153.22275449944001
1,All Population,5,Prevalence,176,Comoros,3,Both,22,All ages,625,"Other endocrine, metabolic, blood, and immune disorders",3,Rate,2021,237.62321728843,298.95507151692,187.612918421
1,All Population,5,Prevalence,38,Mongolia,3,Both,22,All ages,625,"Other endocrine, metabolic, blood, and immune disorders",3,Rate,2017,1023.0797816253399,1225.9677021883501,849.62370385452
1,All Population,5,Prevalence,23,Kiribati,3,Both,22,All ages,625,"Other endocrine, metabolic, blood, and immune disorders",3,Rate,2017,233.59027913468,299.26743400665,190.54975600612
1,All Population,5,Prevalence,194,Lesotho,3,Both,22,All ages,625,"Other endocrine, metabolic, blood, and immune disorders",3,Rate,2021,405.43428486193,484.35256675723997,335.48151394377
1,All Population,5,Prevalence,178,Eritrea,3,Both,22,All ages,625,"Other endocrine, metabolic, blood, and immune disorders",3,Rate,2021,188.49190658317,234.77241120634,151.29978966162
1,All Population,5,Prevalence,196,South Africa,3,Both,22,All ages,625,"Other endocrine, metabolic, blood, and immune disorders",3,Rate,2021,602.03723428085,716.01746663741,506.83458927440006
1,All Population,5,Prevalence,198,Zimbabwe,3,Both,22,All ages,625,"Other endocrine, metabolic, blood, and immune disorders",3,Rate,2021,242.53290996783,294.76393590044,197.57438260703
1,All Population,5,Prevalence,207,Ghana,3,Both,22,All ages,625,"Other endocrine, metabolic, blood, and immune disorders",3,Rate,2021,196.36366950347,242.72947124559,161.80969470934002
1,All Population,5,Prevalence,162,Bhutan,3,Both,22,All ages,625,"Other endocrine, metabolic, blood, and immune disorders",3,Rate,2016,198.8393018812,245.39032187413002,163.92119313549
1,All Population,5,Prevalence,97,Argentina,3,Both,22,All ages,625,"Other endocrine, metabolic, blood, and immune disorders",3,Rate,2016,1270.86414443796,1503.69800040705,1074.79427434684
1,All Population,5,Prevalence,305,Bermuda,3,Both,22,All ages,625,"Other endocrine, metabolic, blood, and immune disorders",3,Rate,2016,725.14088497966,847.02179862413,629.56512143424
1,All Population,5,Prevalence,112,Grenada,3,Both,22,All ages,625,"Other endocrine, metabolic, blood, and immune disorders",3,Rate,2017,660.64171972417,753.84951268425,580.45823277349
1,All Population,5,Prevalence,29,Tonga,3,Both,22,All ages,625,"Other endocrine, metabolic, blood, and immune disorders",3,Rate,2017,282.72566180653996,353.19412345388,235.49174168565
1,All Population,5,Prevalence,76,Belgium,3,Both,22,All ages,625,"Other endocrine, metabolic, blood, and immune disorders",3,Rate,2017,3712.27186004259,4234.14094991368,3232.3160542989103
1,All Population,5,Prevalence,209,Guinea-Bissau,3,Both,22,All ages,625,"Other endocrine, metabolic, blood, and immune disorders",3,Rate,2021,156.05576329289,196.86302647188998,126.71503718827
1,All Population,5,Prevalence,211,Mali,3,Both,22,All ages,625,"Other endocrine, metabolic, blood, and immune disorders",3,Rate,2021,382.85708255776996,463.64195985795004,320.93628110009
1,All Population,5,Prevalence,213,Niger,3,Both,22,All ages,625,"Other endocrine, metabolic, blood, and immune disorders",3,Rate,2021,125.98629609174999,156.76784035883,99.39014935393001
1,All Population,5,Prevalence,107,Barbados,3,Both,22,All ages,625,"Other endocrine, metabolic, blood, and immune disorders",3,Rate,2015,737.4594574165001,845.0629094704,635.97480902955
1,All Population,5,Prevalence,367,Monaco,3,Both,22,All ages,625,"Other endocrine, metabolic, blood, and immune disorders",3,Rate,2021,2089.7757677497902,2537.16712493597,1689.66979649072
1,All Population,5,Prevalence,91,Portugal,3,Both,22,All ages,625,"Other endocrine, metabolic, blood, and immune disorders",3,Rate,2017,2175.77254944246,2541.90343741635,1829.89082367801
1,All Population,5,Prevalence,203,Cabo Verde,3,Both,22,All ages,625,"Other endocrine, metabolic, blood, and immune disorders",3,Rate,2016,195.54534300922,253.8484871253,157.42689861886998
1,All Population,5,Prevalence,46,Croatia,3,Both,22,All ages,625,"Other endocrine, metabolic, blood, and immune disorders",3,Rate,2017,1852.6321287435198,2114.07464781328,1644.0851110115898
1,All Population,5,Prevalence,216,Senegal,3,Both,22,All ages,625,"Other endocrine, metabolic, blood, and immune disorders",3,Rate,2016,162.61861255502,195.40297338348998,132.10057436546
1,All Population,5,Prevalence,435,South Sudan,3,Both,22,All ages,625,"Other endocrine, metabolic, blood, and immune disorders",3,Rate,2016,145.74413769055,186.79127523248,117.14763414316
1,All Population,5,Prevalence,374,Niue,3,Both,22,All ages,625,"Other endocrine, metabolic, blood, and immune disorders",3,Rate,2021,386.64358599852,460.95571390922,315.87567127382
1,All Population,5,Prevalence,380,Palau,3,Both,22,All ages,625,"Other endocrine, metabolic, blood, and immune disorders",3,Rate,2021,371.04980283609,459.14024968660004,306.47225375347
1,All Population,5,Prevalence,119,Trinidad and Tobago,3,Both,22,All ages,625,"Other endocrine, metabolic, blood, and immune disorders",3,Rate,2015,632.60039937486,808.78567686663,542.52540584943
1,All Population,5,Prevalence,10,Cambodia,3,Both,22,All ages,625,"Other endocrine, metabolic, blood, and immune disorders",3,Rate,2015,153.26599997069,193.61496835311002,122.13716646274999
1,All Population,5,Prevalence,85,Israel,3,Both,22,All ages,625,"Other endocrine, metabolic, blood, and immune disorders",3,Rate,2015,1718.52299996215,1999.5813810801799,1479.76831003976
1,All Population,5,Prevalence,149,Palestine,3,Both,22,All ages,625,"Other endocrine, metabolic, blood, and immune disorders",3,Rate,2016,216.95284844014998,268.51275100262,181.84452815226
1,All Population,5,Prevalence,108,Belize,3,Both,22,All ages,625,"Other endocrine, metabolic, blood, and immune disorders",3,Rate,2016,424.79406437211003,493.64428354727,366.55377824369
1,All Population,5,Prevalence,85,Israel,3,Both,22,All ages,625,"Other endocrine, metabolic, blood, and immune disorders",3,Rate,2016,1724.33473507886,1996.19158506582,1495.65441984533
1,All Population,5,Prevalence,193,Botswana,3,Both,22,All ages,625,"Other endocrine, metabolic, blood, and immune disorders",3,Rate,2017,356.51606429846,435.57563801696006,292.69910219632
1,All Population,5,Prevalence,18,Thailand,3,Both,22,All ages,625,"Other endocrine, metabolic, blood, and immune disorders",3,Rate,2017,277.69507428365,331.15572802367,230.82196754611002
1,All Population,5,Prevalence,214,Nigeria,3,Both,22,All ages,625,"Other endocrine, metabolic, blood, and immune disorders",3,Rate,2015,139.45017631377,172.00842253814,112.62923828817999
1,All Population,5,Prevalence,416,Tuvalu,3,Both,22,All ages,625,"Other endocrine, metabolic, blood, and immune disorders",3,Rate,2014,319.30567175016,382.22024137138,264.66047038015
1,All Population,5,Prevalence,132,Panama,3,Both,22,All ages,625,"Other endocrine, metabolic, blood, and immune disorders",3,Rate,2015,356.74942889769,416.49806287119,301.79997529476003
1,All Population,5,Prevalence,522,Sudan,3,Both,22,All ages,625,"Other endocrine, metabolic, blood, and immune disorders",3,Rate,2016,225.4629017074,295.58148761496,177.86563534308002
1,All Population,5,Prevalence,320,Cook Islands,3,Both,22,All ages,625,"Other endocrine, metabolic, blood, and immune disorders",3,Rate,2015,301.70141774932,385.26323331227,241.74587445507
1,All Population,5,Prevalence,98,Chile,3,Both,22,All ages,625,"Other endocrine, metabolic, blood, and immune disorders",3,Rate,2017,1440.1884337070899,1600.08217356699,1283.6307251019898
1,All Population,5,Prevalence,49,North Macedonia,3,Both,22,All ages,625,"Other endocrine, metabolic, blood, and immune disorders",3,Rate,2016,1201.12297155415,1449.44162517985,981.5900245446501
1,All Population,5,Prevalence,62,Russian Federation,3,Both,22,All ages,625,"Other endocrine, metabolic, blood, and immune disorders",3,Rate,2016,1936.19460215083,2420.13788678357,1538.07814770361
1,All Population,5,Prevalence,109,Cuba,3,Both,22,All ages,625,"Other endocrine, metabolic, blood, and immune disorders",3,Rate,2017,465.10729841035,569.40438952327,387.21399676125
1,All Population,5,Prevalence,206,Gambia,3,Both,22,All ages,625,"Other endocrine, metabolic, blood, and immune disorders",3,Rate,2015,159.58561005479,197.36620793826,128.64847755601
1,All Population,5,Prevalence,119,Trinidad and Tobago,3,Both,22,All ages,625,"Other endocrine, metabolic, blood, and immune disorders",3,Rate,2016,641.0718104842,824.52395466165,546.41209853913
1,All Population,5,Prevalence,89,Netherlands,3,Both,22,All ages,625,"Other endocrine, metabolic, blood, and immune disorders",3,Rate,2016,1974.7031485216103,2331.84826031306,1648.05167739338
1,All Population,5,Prevalence,83,Iceland,3,Both,22,All ages,625,"Other endocrine, metabolic, blood, and immune disorders",3,Rate,2017,1818.4322746846299,2118.77909724452,1557.0116914037
1,All Population,5,Prevalence,195,Namibia,3,Both,22,All ages,625,"Other endocrine, metabolic, blood, and immune disorders",3,Rate,2015,321.56148837612,375.61346510957,269.52706424481
1,All Population,5,Prevalence,147,Libya,3,Both,22,All ages,625,"Other endocrine, metabolic, blood, and immune disorders",3,Rate,2015,277.59562084821,360.8520845927,222.27723954999
1,All Population,5,Prevalence,170,Congo,3,Both,22,All ages,625,"Other endocrine, metabolic, blood, and immune disorders",3,Rate,2016,230.85189626561,273.11494052677,188.48656646016
1,All Population,5,Prevalence,187,Somalia,3,Both,22,All ages,625,"Other endocrine, metabolic, blood, and immune disorders",3,Rate,2016,162.66674145098,204.07686153101,128.80684070605
1,All Population,5,Prevalence,216,Senegal,3,Both,22,All ages,625,"Other endocrine, metabolic, blood, and immune disorders",3,Rate,2017,163.70639026414,196.92026811910998,133.75355404333
1,All Population,5,Prevalence,183,Mauritius,3,Both,22,All ages,625,"Other endocrine, metabolic, blood, and immune disorders",3,Rate,2017,309.79029780271,394.3497476163,257.56593319313
1,All Population,5,Prevalence,170,Congo,3,Both,22,All ages,625,"Other endocrine, metabolic, blood, and immune disorders",3,Rate,2017,231.89393464485,278.12733225430003,189.8993233057
1,All Population,5,Prevalence,416,Tuvalu,3,Both,22,All ages,625,"Other endocrine, metabolic, blood, and immune disorders",3,Rate,2015,321.00282620244997,385.60514503952,264.42727419534
1,All Population,5,Prevalence,305,Bermuda,3,Both,22,All ages,625,"Other endocrine, metabolic, blood, and immune disorders",3,Rate,2017,731.93986192411,860.98994694389,637.0036067261
1,All Population,5,Prevalence,179,Ethiopia,3,Both,22,All ages,625,"Other endocrine, metabolic, blood, and immune disorders",3,Rate,2015,144.91831557781998,177.42183609505,117.30686697381
1,All Population,5,Prevalence,102,United States of America,3,Both,22,All ages,625,"Other endocrine, metabolic, blood, and immune disorders",3,Rate,2017,1597.2540157995998,1765.01225469614,1451.77867693336
1,All Population,5,Prevalence,115,Jamaica,3,Both,22,All ages,625,"Other endocrine, metabolic, blood, and immune disorders",3,Rate,2017,417.94090580999,522.35713044676,353.7612973997
1,All Population,5,Prevalence,117,Saint Vincent and the Grenadines,3,Both,22,All ages,625,"Other endocrine, metabolic, blood, and immune disorders",3,Rate,2017,666.11144862324,827.22821664744,584.91449173337
1,All Population,5,Prevalence,175,Burundi,3,Both,22,All ages,625,"Other endocrine, metabolic, blood, and immune disorders",3,Rate,2015,147.27633427235,180.58196157985,121.53758454575
1,All Population,5,Prevalence,59,Latvia,3,Both,22,All ages,625,"Other endocrine, metabolic, blood, and immune disorders",3,Rate,2017,2506.41026193652,2966.0461966988996,2138.07467667727
1,All Population,5,Prevalence,79,Finland,3,Both,22,All ages,625,"Other endocrine, metabolic, blood, and immune disorders",3,Rate,2016,1996.96334753606,2182.08349590932,1817.6282451905602
1,All Population,5,Prevalence,17,Sri Lanka,3,Both,22,All ages,625,"Other endocrine, metabolic, blood, and immune disorders",3,Rate,2017,196.42991539215,243.90301768558,155.25741775171
1,All Population,5,Prevalence,19,Timor-Leste,3,Both,22,All ages,625,"Other endocrine, metabolic, blood, and immune disorders",3,Rate,2016,125.62490576366,156.72205235194,100.40295426924999
1,All Population,5,Prevalence,47,Czechia,3,Both,22,All ages,625,"Other endocrine, metabolic, blood, and immune disorders",3,Rate,2017,1915.2023222528298,2264.41692020992,1659.54155589174
1,All Population,5,Prevalence,141,Egypt,3,Both,22,All ages,625,"Other endocrine, metabolic, blood, and immune disorders",3,Rate,2015,234.72768795786,289.12545826466,190.9075669848
1,All Population,5,Prevalence,154,Tunisia,3,Both,22,All ages,625,"Other endocrine, metabolic, blood, and immune disorders",3,Rate,2015,401.14297880957,474.51029829437,330.69767256191
1,All Population,5,Prevalence,413,Tokelau,3,Both,22,All ages,625,"Other endocrine, metabolic, blood, and immune disorders",3,Rate,2015,298.85324162391,376.27258967681996,241.69517276964
1,All Population,5,Prevalence,94,Switzerland,3,Both,22,All ages,625,"Other endocrine, metabolic, blood, and immune disorders",3,Rate,2015,1500.0667417386499,1655.7145792450701,1351.32380039032
1,All Population,5,Prevalence,218,Togo,3,Both,22,All ages,625,"Other endocrine, metabolic, blood, and immune disorders",3,Rate,2017,170.59173711334,210.98936677593,138.81871607259998
1,All Population,5,Prevalence,156,United Arab Emirates,3,Both,22,All ages,625,"Other endocrine, metabolic, blood, and immune disorders",3,Rate,2017,277.66022203018997,353.79629556823,221.29715276088
1,All Population,5,Prevalence,155,Türkiye,3,Both,22,All ages,625,"Other endocrine, metabolic, blood, and immune disorders",3,Rate,2015,408.16293230461,485.3558116092,335.25280834809
1,All Population,5,Prevalence,14,Maldives,3,Both,22,All ages,625,"Other endocrine, metabolic, blood, and immune disorders",3,Rate,2017,280.90081489367003,345.90646147146,236.37002831903
1,All Population,5,Prevalence,170,Congo,3,Both,22,All ages,625,"Other endocrine, metabolic, blood, and immune disorders",3,Rate,2015,229.90462513004002,277.56768542552,187.80482448413
1,All Population,5,Prevalence,162,Bhutan,3,Both,22,All ages,625,"Other endocrine, metabolic, blood, and immune disorders",3,Rate,2015,195.27535482375,240.24302294347999,161.51976203177
1,All Population,5,Prevalence,53,Serbia,3,Both,22,All ages,625,"Other endocrine, metabolic, blood, and immune disorders",3,Rate,2017,1413.48088161041,1667.8843156168198,1202.89024744204
1,All Population,5,Prevalence,376,Northern Mariana Islands,3,Both,22,All ages,625,"Other endocrine, metabolic, blood, and immune disorders",3,Rate,2015,380.41870490754,462.42636410817,313.46014777667
1,All Population,5,Prevalence,57,Belarus,3,Both,22,All ages,625,"Other endocrine, metabolic, blood, and immune disorders",3,Rate,2016,2025.64819730339,2512.04027744164,1574.91686200628
1,All Population,5,Prevalence,349,Greenland,3,Both,22,All ages,625,"Other endocrine, metabolic, blood, and immune disorders",3,Rate,2015,957.75859334816,1250.85160949784,781.86659950725
1,All Population,5,Prevalence,210,Liberia,3,Both,22,All ages,625,"Other endocrine, metabolic, blood, and immune disorders",3,Rate,2015,163.329317455,199.50078553107,134.09347842993
1,All Population,5,Prevalence,74,Andorra,3,Both,22,All ages,625,"Other endocrine, metabolic, blood, and immune disorders",3,Rate,2016,1525.8958226934699,1842.5152022010598,1253.8049613839798
1,All Population,5,Prevalence,27,Samoa,3,Both,22,All ages,625,"Other endocrine, metabolic, blood, and immune disorders",3,Rate,2016,246.09893057123,291.05572511406,209.29289233309
1,All Population,5,Prevalence,212,Mauritania,3,Both,22,All ages,625,"Other endocrine, metabolic, blood, and immune disorders",3,Rate,2016,183.73371524379002,241.00029047894,145.07270262157
1,All Population,5,Prevalence,201,Burkina Faso,3,Both,22,All ages,625,"Other endocrine, metabolic, blood, and immune disorders",3,Rate,2017,148.6604738065,185.46782824395,122.19912231717001
1,All Population,5,Prevalence,396,San Marino,3,Both,22,All ages,625,"Other endocrine, metabolic, blood, and immune disorders",3,Rate,2017,1748.2830545493,2061.31934931456,1449.8963310275199
1,All Population,5,Prevalence,140,Bahrain,3,Both,22,All ages,625,"Other endocrine, metabolic, blood, and immune disorders",3,Rate,2017,373.76874224083,479.25007649514,307.11723923983
1,All Population,5,Prevalence,203,Cabo Verde,3,Both,22,All ages,625,"Other endocrine, metabolic, blood, and immune disorders",3,Rate,2015,191.08406619016,251.98254802046,153.38420261116
1,All Population,5,Prevalence,122,Ecuador,3,Both,22,All ages,625,"Other endocrine, metabolic, blood, and immune disorders",3,Rate,2017,668.92687343043,741.40106079016,603.0571136452099
1,All Population,5,Prevalence,34,Azerbaijan,3,Both,22,All ages,625,"Other endocrine, metabolic, blood, and immune disorders",3,Rate,2017,1236.32560028394,1475.88055042487,1019.1706748662699
1,All Population,5,Prevalence,111,Dominican Republic,3,Both,22,All ages,625,"Other endocrine, metabolic, blood, and immune disorders",3,Rate,2016,365.91606315202,448.89397852428004,305.92433061045
1,All Population,5,Prevalence,173,Gabon,3,Both,22,All ages,625,"Other endocrine, metabolic, blood, and immune disorders",3,Rate,2016,290.64765342452,341.01923158675,241.33900384433
1,All Population,5,Prevalence,351,Guam,3,Both,22,All ages,625,"Other endocrine, metabolic, blood, and immune disorders",3,Rate,2016,330.32574313717,390.55356290365,279.93368251607
1,All Population,5,Prevalence,169,Central African Republic,3,Both,22,All ages,625,"Other endocrine, metabolic, blood, and immune disorders",3,Rate,2017,183.03361187511,220.45573734263002,150.11202586821
1,All Population,5,Prevalence,393,Saint Kitts and Nevis,3,Both,22,All ages,625,"Other endocrine, metabolic, blood, and immune disorders",3,Rate,2017,571.22061978216,735.90747651284,487.4808943845
1,All Population,5,Prevalence,191,Zambia,3,Both,22,All ages,625,"Other endocrine, metabolic, blood, and immune disorders",3,Rate,2016,141.25546117938,173.09003456141,115.17610372186999
1,All Population,5,Prevalence,208,Guinea,3,Both,22,All ages,625,"Other endocrine, metabolic, blood, and immune disorders",3,Rate,2017,155.81784361093,189.58264010345002,129.60736018521
1,All Population,5,Prevalence,10,Cambodia,3,Both,22,All ages,625,"Other endocrine, metabolic, blood, and immune disorders",3,Rate,2016,156.24223330216,195.54256197819,123.93177294840001
1,All Population,5,Prevalence,8,Taiwan,3,Both,22,All ages,625,"Other endocrine, metabolic, blood, and immune disorders",3,Rate,2017,310.29659806635,353.72908084679,263.55586226481
1,All Population,5,Prevalence,11,Indonesia,3,Both,22,All ages,625,"Other endocrine, metabolic, blood, and immune disorders",3,Rate,2022,148.47655910027,178.53755603091,119.38649560611
1,All Population,5,Prevalence,13,Malaysia,3,Both,22,All ages,625,"Other endocrine, metabolic, blood, and immune disorders",3,Rate,2022,246.85762650396998,297.85402239192,197.97657379279
1,All Population,5,Prevalence,7,Democratic People's Republic of Korea,3,Both,22,All ages,625,"Other endocrine, metabolic, blood, and immune disorders",3,Rate,2022,206.07369031391,257.45617036221,162.8437614166
1,All Population,5,Prevalence,22,Fiji,3,Both,22,All ages,625,"Other endocrine, metabolic, blood, and immune disorders",3,Rate,2022,251.57976345127,311.44947689456,205.36661930614002
1,All Population,5,Prevalence,24,Marshall Islands,3,Both,22,All ages,625,"Other endocrine, metabolic, blood, and immune disorders",3,Rate,2022,235.36236124402,285.66942652682997,192.68439889997
1,All Population,5,Prevalence,26,Papua New Guinea,3,Both,22,All ages,625,"Other endocrine, metabolic, blood, and immune disorders",3,Rate,2022,337.19030602301,400.50003385033995,283.66357116983
1,All Population,5,Prevalence,164,Nepal,3,Both,22,All ages,625,"Other endocrine, metabolic, blood, and immune disorders",3,Rate,2016,208.99747678028,251.13940965395,179.09907995055
1,All Population,5,Prevalence,218,Togo,3,Both,22,All ages,625,"Other endocrine, metabolic, blood, and immune disorders",3,Rate,2015,165.37013330544002,201.04828989313,135.51384788158
1,All Population,5,Prevalence,28,Solomon Islands,3,Both,22,All ages,625,"Other endocrine, metabolic, blood, and immune disorders",3,Rate,2022,235.27546514690002,281.76115452688,193.35884254305
1,All Population,5,Prevalence,16,Philippines,3,Both,22,All ages,625,"Other endocrine, metabolic, blood, and immune disorders",3,Rate,2016,188.71091518566,223.35414986943002,153.71443065651
1,All Population,5,Prevalence,125,Colombia,3,Both,22,All ages,625,"Other endocrine, metabolic, blood, and immune disorders",3,Rate,2016,389.15252575182,450.60857438735,336.43342594462
1,All Population,5,Prevalence,153,Syrian Arab Republic,3,Both,22,All ages,625,"Other endocrine, metabolic, blood, and immune disorders",3,Rate,2017,269.44437848678,353.83056204592,217.68431386573
1,All Population,5,Prevalence,50,Montenegro,3,Both,22,All ages,625,"Other endocrine, metabolic, blood, and immune disorders",3,Rate,2016,1297.24383580206,1611.05040756153,1063.97688343038
1,All Population,5,Prevalence,185,Rwanda,3,Both,22,All ages,625,"Other endocrine, metabolic, blood, and immune disorders",3,Rate,2015,175.69752249885002,217.45465901974,144.0760130087
1,All Population,5,Prevalence,106,Bahamas,3,Both,22,All ages,625,"Other endocrine, metabolic, blood, and immune disorders",3,Rate,2017,784.68058907194,984.8901943827201,670.98633795789
1,All Population,5,Prevalence,63,Ukraine,3,Both,22,All ages,625,"Other endocrine, metabolic, blood, and immune disorders",3,Rate,2016,1728.47223760886,2110.84965993426,1420.22989519319
1,All Population,5,Prevalence,110,Dominica,3,Both,22,All ages,625,"Other endocrine, metabolic, blood, and immune disorders",3,Rate,2016,608.81565631289,783.7659641386,503.19328564971
1,All Population,5,Prevalence,522,Sudan,3,Both,22,All ages,625,"Other endocrine, metabolic, blood, and immune disorders",3,Rate,2017,228.95377984552,300.79772396001,181.01454021575
1,All Population,5,Prevalence,385,Puerto Rico,3,Both,22,All ages,625,"Other endocrine, metabolic, blood, and immune disorders",3,Rate,2016,905.5576305016501,1017.18005614758,809.93459611666
1,All Population,5,Prevalence,72,New Zealand,3,Both,22,All ages,625,"Other endocrine, metabolic, blood, and immune disorders",3,Rate,2017,994.41335235541,1118.6036950294,878.2076197834599
1,All Population,5,Prevalence,369,Nauru,3,Both,22,All ages,625,"Other endocrine, metabolic, blood, and immune disorders",3,Rate,2017,247.83443852040003,311.95509991168,202.57299073297
1,All Population,5,Prevalence,205,Côte d'Ivoire,3,Both,22,All ages,625,"Other endocrine, metabolic, blood, and immune disorders",3,Rate,2016,155.07063823009,188.76424652975,127.19216479235001
1,All Population,5,Prevalence,78,Denmark,3,Both,22,All ages,625,"Other endocrine, metabolic, blood, and immune disorders",3,Rate,2016,2410.54800491858,2780.65654546713,2043.79357387851
1,All Population,5,Prevalence,93,Sweden,3,Both,22,All ages,625,"Other endocrine, metabolic, blood, and immune disorders",3,Rate,2016,1653.25234864836,1813.1663775240897,1508.8067398396001
1,All Population,5,Prevalence,37,Kyrgyzstan,3,Both,22,All ages,625,"Other endocrine, metabolic, blood, and immune disorders",3,Rate,2022,1068.85028479081,1343.82238796861,827.13258426929
1,All Population,5,Prevalence,39,Tajikistan,3,Both,22,All ages,625,"Other endocrine, metabolic, blood, and immune disorders",3,Rate,2022,919.66078881824,1169.84853649448,749.02825866437
1,All Population,5,Prevalence,58,Estonia,3,Both,22,All ages,625,"Other endocrine, metabolic, blood, and immune disorders",3,Rate,2022,2404.5366528844597,2898.78434885999,1936.6528551981899
1,All Population,5,Prevalence,41,Uzbekistan,3,Both,22,All ages,625,"Other endocrine, metabolic, blood, and immune disorders",3,Rate,2022,1019.1545283994701,1341.39431513459,812.53589763565
1,All Population,5,Prevalence,43,Albania,3,Both,22,All ages,625,"Other endocrine, metabolic, blood, and immune disorders",3,Rate,2022,1549.00848203716,1912.3753178751601,1261.65899715032
1,All Population,5,Prevalence,69,Singapore,3,Both,22,All ages,625,"Other endocrine, metabolic, blood, and immune disorders",3,Rate,2022,796.6702224599999,974.29845347125,654.48519874929
1,All Population,5,Prevalence,164,Nepal,3,Both,22,All ages,625,"Other endocrine, metabolic, blood, and immune disorders",3,Rate,2017,212.18794182533003,254.25178647830003,181.02890510358
1,All Population,5,Prevalence,179,Ethiopia,3,Both,22,All ages,625,"Other endocrine, metabolic, blood, and immune disorders",3,Rate,2016,146.60708861411,179.21176797068998,118.7045761782
1,All Population,5,Prevalence,160,Afghanistan,3,Both,22,All ages,625,"Other endocrine, metabolic, blood, and immune disorders",3,Rate,2017,146.89209872025998,182.71981203641,116.60667054452
1,All Population,5,Prevalence,175,Burundi,3,Both,22,All ages,625,"Other endocrine, metabolic, blood, and immune disorders",3,Rate,2017,150.88435163088,184.51863335183,125.14730757633001
1,All Population,5,Prevalence,52,Romania,3,Both,22,All ages,625,"Other endocrine, metabolic, blood, and immune disorders",3,Rate,2022,2367.0365276961097,3092.38406516383,1948.37339097443
1,All Population,5,Prevalence,184,Mozambique,3,Both,22,All ages,625,"Other endocrine, metabolic, blood, and immune disorders",3,Rate,2017,153.71939318763998,187.03164605615,126.13342650606
1,All Population,5,Prevalence,200,Benin,3,Both,22,All ages,625,"Other endocrine, metabolic, blood, and immune disorders",3,Rate,2017,147.69039605655001,179.15071708665,120.59987886035
1,All Population,5,Prevalence,202,Cameroon,3,Both,22,All ages,625,"Other endocrine, metabolic, blood, and immune disorders",3,Rate,2016,165.30690511854,201.43744772416002,136.15213730527
1,All Population,5,Prevalence,298,American Samoa,3,Both,22,All ages,625,"Other endocrine, metabolic, blood, and immune disorders",3,Rate,2017,540.03830235033,657.45351431601,458.58277775523
1,All Population,5,Prevalence,186,Seychelles,3,Both,22,All ages,625,"Other endocrine, metabolic, blood, and immune disorders",3,Rate,2015,211.33252478694,269.70446755612,172.72648220952
1,All Population,5,Prevalence,202,Cameroon,3,Both,22,All ages,625,"Other endocrine, metabolic, blood, and immune disorders",3,Rate,2015,164.63361478877,200.49035576766,136.0349538222
1,All Population,5,Prevalence,151,Qatar,3,Both,22,All ages,625,"Other endocrine, metabolic, blood, and immune disorders",3,Rate,2016,225.70421499160997,287.62375641443003,185.46781833129
1,All Population,5,Prevalence,145,Kuwait,3,Both,22,All ages,625,"Other endocrine, metabolic, blood, and immune disorders",3,Rate,2017,247.28914877733,300.18552988669,205.87528161120997
1,All Population,5,Prevalence,71,Australia,3,Both,22,All ages,625,"Other endocrine, metabolic, blood, and immune disorders",3,Rate,2022,1019.33686129772,1176.29602710667,882.3279259403699
1,All Population,5,Prevalence,92,Spain,3,Both,22,All ages,625,"Other endocrine, metabolic, blood, and immune disorders",3,Rate,2017,1979.74552616401,2331.73846028197,1676.3409240862202
1,All Population,5,Prevalence,51,Poland,3,Both,22,All ages,625,"Other endocrine, metabolic, blood, and immune disorders",3,Rate,2016,1217.09895068486,1464.11498626178,1079.12635393057
1,All Population,5,Prevalence,105,Antigua and Barbuda,3,Both,22,All ages,625,"Other endocrine, metabolic, blood, and immune disorders",3,Rate,2022,751.97385797839,926.48878922324,641.71977480291
1,All Population,5,Prevalence,121,Bolivia (Plurinational State of),3,Both,22,All ages,625,"Other endocrine, metabolic, blood, and immune disorders",3,Rate,2016,507.04533704881004,619.19213408338,406.88253105825
1,All Population,5,Prevalence,54,Slovakia,3,Both,22,All ages,625,"Other endocrine, metabolic, blood, and immune disorders",3,Rate,2022,2322.0125993442,2840.44105353421,2008.53518211817
1,All Population,5,Prevalence,212,Mauritania,3,Both,22,All ages,625,"Other endocrine, metabolic, blood, and immune disorders",3,Rate,2017,185.41738099473,243.11218698979,146.02709318569
1,All Population,5,Prevalence,114,Haiti,3,Both,22,All ages,625,"Other endocrine, metabolic, blood, and immune disorders",3,Rate,2022,290.20587171089,351.69477017753997,241.02955589851
1,All Population,5,Prevalence,130,Mexico,3,Both,22,All ages,625,"Other endocrine, metabolic, blood, and immune disorders",3,Rate,2017,417.89467901347,490.43464108067997,346.81393194416
1,All Population,5,Prevalence,116,Saint Lucia,3,Both,22,All ages,625,"Other endocrine, metabolic, blood, and immune disorders",3,Rate,2022,675.8155569711399,862.6091647839,573.2965968196
1,All Population,5,Prevalence,99,Uruguay,3,Both,22,All ages,625,"Other endocrine, metabolic, blood, and immune disorders",3,Rate,2022,1619.7349761685302,1964.58387552041,1354.60991899333
1,All Population,5,Prevalence,84,Ireland,3,Both,22,All ages,625,"Other endocrine, metabolic, blood, and immune disorders",3,Rate,2022,1828.86957028867,2193.84164372346,1511.31924270644
1,All Population,5,Prevalence,101,Canada,3,Both,22,All ages,625,"Other endocrine, metabolic, blood, and immune disorders",3,Rate,2022,1335.04114128738,1517.05539382305,1170.29005787407
1,All Population,5,Prevalence,118,Suriname,3,Both,22,All ages,625,"Other endocrine, metabolic, blood, and immune disorders",3,Rate,2022,489.10628168402,668.96669548626,397.82461124287005
1,All Population,5,Prevalence,86,Italy,3,Both,22,All ages,625,"Other endocrine, metabolic, blood, and immune disorders",3,Rate,2022,2043.09307934226,2334.07472087421,1797.33675864058
1,All Population,5,Prevalence,88,Malta,3,Both,22,All ages,625,"Other endocrine, metabolic, blood, and immune disorders",3,Rate,2022,1792.27755515831,2056.8820641193497,1537.48996498876
1,All Population,5,Prevalence,129,Honduras,3,Both,22,All ages,625,"Other endocrine, metabolic, blood, and immune disorders",3,Rate,2022,293.48122558539,353.08075972406,244.90510879577
1,All Population,5,Prevalence,90,Norway,3,Both,22,All ages,625,"Other endocrine, metabolic, blood, and immune disorders",3,Rate,2022,1960.80393496278,2320.68646540275,1669.25368949902
1,All Population,5,Prevalence,131,Nicaragua,3,Both,22,All ages,625,"Other endocrine, metabolic, blood, and immune disorders",3,Rate,2022,262.53156011025,311.59277224606,214.22540529116
1,All Population,5,Prevalence,150,Oman,3,Both,22,All ages,625,"Other endocrine, metabolic, blood, and immune disorders",3,Rate,2022,315.9523504009,398.27989047686003,254.1831385984
1,All Population,5,Prevalence,133,Venezuela (Bolivarian Republic of),3,Both,22,All ages,625,"Other endocrine, metabolic, blood, and immune disorders",3,Rate,2022,345.26616198119,414.95635364274,284.06764215069
1,All Population,5,Prevalence,161,Bangladesh,3,Both,22,All ages,625,"Other endocrine, metabolic, blood, and immune disorders",3,Rate,2022,209.16414287721,276.80062673048,163.16288167925
1,All Population,5,Prevalence,135,Brazil,3,Both,22,All ages,625,"Other endocrine, metabolic, blood, and immune disorders",3,Rate,2022,489.62332823565,550.94738859678,429.22788515004
1,All Population,5,Prevalence,163,India,3,Both,22,All ages,625,"Other endocrine, metabolic, blood, and immune disorders",3,Rate,2022,213.64212253797,270.56905252184004,172.11293337733
1,All Population,5,Prevalence,146,Lebanon,3,Both,22,All ages,625,"Other endocrine, metabolic, blood, and immune disorders",3,Rate,2022,426.63641352981995,504.24846402468,357.71353701256
1,All Population,5,Prevalence,165,Pakistan,3,Both,22,All ages,625,"Other endocrine, metabolic, blood, and immune disorders",3,Rate,2022,168.0281813126,213.04483798236,133.13897460828
1,All Population,5,Prevalence,148,Morocco,3,Both,22,All ages,625,"Other endocrine, metabolic, blood, and immune disorders",3,Rate,2022,289.35950967646,368.629254876,229.76533760349
1,All Population,5,Prevalence,10,Cambodia,3,Both,22,All ages,625,"Other endocrine, metabolic, blood, and immune disorders",3,Rate,2017,159.30019979210002,198.79562474532003,126.58325245341
1,All Population,5,Prevalence,349,Greenland,3,Both,22,All ages,625,"Other endocrine, metabolic, blood, and immune disorders",3,Rate,2017,989.17443053857,1259.0867923386,795.5735379568699
1,All Population,5,Prevalence,33,Armenia,3,Both,22,All ages,625,"Other endocrine, metabolic, blood, and immune disorders",3,Rate,2016,1062.41489635886,1273.71954247693,880.59234210522
1,All Population,5,Prevalence,172,Equatorial Guinea,3,Both,22,All ages,625,"Other endocrine, metabolic, blood, and immune disorders",3,Rate,2016,181.60622535367,223.41111006556002,144.72612297374
1,All Population,5,Prevalence,168,Angola,3,Both,22,All ages,625,"Other endocrine, metabolic, blood, and immune disorders",3,Rate,2017,191.18067004234,247.61740620128998,154.13434516614
1,All Population,5,Prevalence,66,Brunei Darussalam,3,Both,22,All ages,625,"Other endocrine, metabolic, blood, and immune disorders",3,Rate,2016,911.62682180053,1069.12631153515,783.3389196853601
1,All Population,5,Prevalence,173,Gabon,3,Both,22,All ages,625,"Other endocrine, metabolic, blood, and immune disorders",3,Rate,2015,288.35596742714,339.08648298304996,237.66011881636
1,All Population,5,Prevalence,217,Sierra Leone,3,Both,22,All ages,625,"Other endocrine, metabolic, blood, and immune disorders",3,Rate,2017,153.72409798069,188.59971183828,126.72852456449
1,All Population,5,Prevalence,176,Comoros,3,Both,22,All ages,625,"Other endocrine, metabolic, blood, and immune disorders",3,Rate,2022,239.32642078403,306.88755536069,188.82133964036
1,All Population,5,Prevalence,152,Saudi Arabia,3,Both,22,All ages,625,"Other endocrine, metabolic, blood, and immune disorders",3,Rate,2017,287.67071309815,352.97448345824,238.96948353079
1,All Population,5,Prevalence,75,Austria,3,Both,22,All ages,625,"Other endocrine, metabolic, blood, and immune disorders",3,Rate,2017,4512.43450435515,4935.5066296337,4072.67598335847
1,All Population,5,Prevalence,178,Eritrea,3,Both,22,All ages,625,"Other endocrine, metabolic, blood, and immune disorders",3,Rate,2022,189.88128789258,241.9093347623,151.26295029838
1,All Population,5,Prevalence,180,Kenya,3,Both,22,All ages,625,"Other endocrine, metabolic, blood, and immune disorders",3,Rate,2022,178.2435368055,217.55355594099998,144.0223598412
1,All Population,5,Prevalence,182,Malawi,3,Both,22,All ages,625,"Other endocrine, metabolic, blood, and immune disorders",3,Rate,2022,160.83500272259002,199.89031194618997,131.78906988698
1,All Population,5,Prevalence,198,Zimbabwe,3,Both,22,All ages,625,"Other endocrine, metabolic, blood, and immune disorders",3,Rate,2022,243.88063104797,299.32697912127,196.55884582617003
1,All Population,5,Prevalence,194,Lesotho,3,Both,22,All ages,625,"Other endocrine, metabolic, blood, and immune disorders",3,Rate,2022,406.69909097423,482.18073247371996,335.69121077596
1,All Population,5,Prevalence,40,Turkmenistan,3,Both,22,All ages,625,"Other endocrine, metabolic, blood, and immune disorders",3,Rate,2017,985.46879961731,1179.86854422941,800.6112557083601
1,All Population,5,Prevalence,125,Colombia,3,Both,22,All ages,625,"Other endocrine, metabolic, blood, and immune disorders",3,Rate,2017,395.84545897920003,458.43186839649,343.6922244219
1,All Population,5,Prevalence,63,Ukraine,3,Both,22,All ages,625,"Other endocrine, metabolic, blood, and immune disorders",3,Rate,2017,1746.24550817516,2131.4871492698803,1441.77500780246
1,All Population,5,Prevalence,196,South Africa,3,Both,22,All ages,625,"Other endocrine, metabolic, blood, and immune disorders",3,Rate,2022,610.07248286388,730.66815703143,510.3299400141
1,All Population,5,Prevalence,59,Latvia,3,Both,22,All ages,625,"Other endocrine, metabolic, blood, and immune disorders",3,Rate,2016,2528.7441284564097,3003.80084329694,2149.4845835576903
1,All Population,5,Prevalence,209,Guinea-Bissau,3,Both,22,All ages,625,"Other endocrine, metabolic, blood, and immune disorders",3,Rate,2022,157.52683750588,205.39161722813,127.30113631283001
1,All Population,5,Prevalence,217,Sierra Leone,3,Both,22,All ages,625,"Other endocrine, metabolic, blood, and immune disorders",3,Rate,2016,152.80163353758,187.91302911122,125.45048720071
1,All Population,5,Prevalence,207,Ghana,3,Both,22,All ages,625,"Other endocrine, metabolic, blood, and immune disorders",3,Rate,2022,198.83080657323998,245.99590072332,162.97478578959
1,All Population,5,Prevalence,211,Mali,3,Both,22,All ages,625,"Other endocrine, metabolic, blood, and immune disorders",3,Rate,2022,380.39910355903,459.66925982537003,316.59005548123
1,All Population,5,Prevalence,33,Armenia,3,Both,22,All ages,625,"Other endocrine, metabolic, blood, and immune disorders",3,Rate,2017,1075.19029598585,1293.2406033157001,889.53329198376
1,All Population,5,Prevalence,213,Niger,3,Both,22,All ages,625,"Other endocrine, metabolic, blood, and immune disorders",3,Rate,2022,126.74708161481999,156.5915990201,101.56103420049
1,All Population,5,Prevalence,19,Timor-Leste,3,Both,22,All ages,625,"Other endocrine, metabolic, blood, and immune disorders",3,Rate,2017,126.83904463743,158.23232512709,101.60961549086001
1,All Population,5,Prevalence,49,North Macedonia,3,Both,22,All ages,625,"Other endocrine, metabolic, blood, and immune disorders",3,Rate,2017,1212.82642740015,1472.78248274793,986.95529879589
1,All Population,5,Prevalence,204,Chad,3,Both,22,All ages,625,"Other endocrine, metabolic, blood, and immune disorders",3,Rate,2017,134.66404165048,173.84159892722002,104.00217937097001
1,All Population,5,Prevalence,367,Monaco,3,Both,22,All ages,625,"Other endocrine, metabolic, blood, and immune disorders",3,Rate,2022,2129.34668660699,2562.73458552468,1702.78260337304
1,All Population,5,Prevalence,374,Niue,3,Both,22,All ages,625,"Other endocrine, metabolic, blood, and immune disorders",3,Rate,2022,390.2104762905,470.21363754946,313.60508669906
1,All Population,5,Prevalence,380,Palau,3,Both,22,All ages,625,"Other endocrine, metabolic, blood, and immune disorders",3,Rate,2022,376.62913975419,460.51808175044,307.25570861547004
1,All Population,5,Prevalence,413,Tokelau,3,Both,22,All ages,625,"Other endocrine, metabolic, blood, and immune disorders",3,Rate,2016,300.34167706706,371.43384142444,244.24415131467998
1,All Population,5,Prevalence,79,Finland,3,Both,22,All ages,625,"Other endocrine, metabolic, blood, and immune disorders",3,Rate,2015,1990.1678124873,2172.70274178328,1820.72734147691
1,All Population,5,Prevalence,60,Lithuania,3,Both,22,All ages,625,"Other endocrine, metabolic, blood, and immune disorders",3,Rate,2017,2354.42297269114,2655.42725275098,2120.35740956287
1,All Population,5,Prevalence,19,Timor-Leste,3,Both,22,All ages,625,"Other endocrine, metabolic, blood, and immune disorders",3,Rate,2015,124.42784274065001,155.30898283545,99.12652277252
1,All Population,5,Prevalence,25,Micronesia (Federated States of),3,Both,22,All ages,625,"Other endocrine, metabolic, blood, and immune disorders",3,Rate,2017,420.39541640856004,496.73957097747,355.57782452219
1,All Population,5,Prevalence,136,Paraguay,3,Both,22,All ages,625,"Other endocrine, metabolic, blood, and immune disorders",3,Rate,2015,446.05680638659004,585.12833069207,363.17668304412
1,All Population,5,Prevalence,218,Togo,3,Both,22,All ages,625,"Other endocrine, metabolic, blood, and immune disorders",3,Rate,2016,167.71520174437,204.95297296436,137.14484382581
1,All Population,5,Prevalence,78,Denmark,3,Both,22,All ages,625,"Other endocrine, metabolic, blood, and immune disorders",3,Rate,2017,2403.28553582251,2772.05005734176,2064.31216616837
1,All Population,5,Prevalence,66,Brunei Darussalam,3,Both,22,All ages,625,"Other endocrine, metabolic, blood, and immune disorders",3,Rate,2017,930.68881947327,1087.9090290868298,796.77629837609
1,All Population,5,Prevalence,36,Kazakhstan,3,Both,22,All ages,625,"Other endocrine, metabolic, blood, and immune disorders",3,Rate,2015,1068.4883957663,1333.89581656072,872.0824878356801
1,All Population,5,Prevalence,48,Hungary,3,Both,22,All ages,625,"Other endocrine, metabolic, blood, and immune disorders",3,Rate,2017,1856.4212734347802,2212.62758123097,1590.83542595423
1,All Population,5,Prevalence,93,Sweden,3,Both,22,All ages,625,"Other endocrine, metabolic, blood, and immune disorders",3,Rate,2017,1654.0360615605698,1810.38335629729,1503.51995339611
1,All Population,5,Prevalence,416,Tuvalu,3,Both,22,All ages,625,"Other endocrine, metabolic, blood, and immune disorders",3,Rate,2017,325.38949672097,397.23905771993,269.7136755374
1,All Population,5,Prevalence,128,Guatemala,3,Both,22,All ages,625,"Other endocrine, metabolic, blood, and immune disorders",3,Rate,2015,283.75296457901,332.18710869615,244.26428541819
1,All Population,5,Prevalence,113,Guyana,3,Both,22,All ages,625,"Other endocrine, metabolic, blood, and immune disorders",3,Rate,2015,484.94805158602,574.7803377594801,411.95199587021
1,All Population,5,Prevalence,36,Kazakhstan,3,Both,22,All ages,625,"Other endocrine, metabolic, blood, and immune disorders",3,Rate,2017,1085.37653836109,1360.71617561583,883.3982052271899
1,All Population,5,Prevalence,113,Guyana,3,Both,22,All ages,625,"Other endocrine, metabolic, blood, and immune disorders",3,Rate,2016,490.21225414898004,582.9419299145601,416.59770033822
1,All Population,5,Prevalence,139,Algeria,3,Both,22,All ages,625,"Other endocrine, metabolic, blood, and immune disorders",3,Rate,2017,275.89782594725,358.80344490419,221.88667546178
1,All Population,5,Prevalence,121,Bolivia (Plurinational State of),3,Both,22,All ages,625,"Other endocrine, metabolic, blood, and immune disorders",3,Rate,2015,499.94566124719,614.53977666982,400.9283358054
1,All Population,5,Prevalence,87,Luxembourg,3,Both,22,All ages,625,"Other endocrine, metabolic, blood, and immune disorders",3,Rate,2015,1823.03466859095,2037.76809885488,1627.52313864622
1,All Population,5,Prevalence,195,Namibia,3,Both,22,All ages,625,"Other endocrine, metabolic, blood, and immune disorders",3,Rate,2017,326.74340837341,382.13166041933,274.2473181844
1,All Population,5,Prevalence,349,Greenland,3,Both,22,All ages,625,"Other endocrine, metabolic, blood, and immune disorders",3,Rate,2016,977.1325839232201,1251.74689431523,791.49923814801
1,All Population,5,Prevalence,204,Chad,3,Both,22,All ages,625,"Other endocrine, metabolic, blood, and immune disorders",3,Rate,2016,134.46461671672,173.57351317203,104.39010514095999
1,All Population,5,Prevalence,112,Grenada,3,Both,22,All ages,625,"Other endocrine, metabolic, blood, and immune disorders",3,Rate,2016,651.04936123152,745.35807927394,569.47445725372
1,All Population,5,Prevalence,49,North Macedonia,3,Both,22,All ages,625,"Other endocrine, metabolic, blood, and immune disorders",3,Rate,2015,1189.29252347872,1426.92570936262,976.97517870906
1,All Population,5,Prevalence,215,Sao Tome and Principe,3,Both,22,All ages,625,"Other endocrine, metabolic, blood, and immune disorders",3,Rate,2015,197.87407703123003,253.70768065645,160.90276079948998
1,All Population,5,Prevalence,20,Viet Nam,3,Both,22,All ages,625,"Other endocrine, metabolic, blood, and immune disorders",3,Rate,2017,191.94416522939,230.25707718399,154.36351147632
1,All Population,5,Prevalence,149,Palestine,3,Both,22,All ages,625,"Other endocrine, metabolic, blood, and immune disorders",3,Rate,2015,214.10029759900002,264.95135210496,179.26291605802
1,All Population,5,Prevalence,214,Nigeria,3,Both,22,All ages,625,"Other endocrine, metabolic, blood, and immune disorders",3,Rate,2016,140.10919772595,172.91885827153,113.19404868171999
1,All Population,5,Prevalence,119,Trinidad and Tobago,3,Both,22,All ages,625,"Other endocrine, metabolic, blood, and immune disorders",3,Rate,2017,652.58052852685,842.0801637914799,554.34813177802
1,All Population,5,Prevalence,175,Burundi,3,Both,22,All ages,625,"Other endocrine, metabolic, blood, and immune disorders",3,Rate,2018,152.77586489347,187.76858821017,126.07359316325
1,All Population,5,Prevalence,85,Israel,3,Both,22,All ages,625,"Other endocrine, metabolic, blood, and immune disorders",3,Rate,2017,1730.4493873459999,1998.10694566888,1506.35506712273
1,All Population,5,Prevalence,6,China,3,Both,22,All ages,625,"Other endocrine, metabolic, blood, and immune disorders",3,Rate,2018,193.75886346874,234.56452621436003,156.79652731873
1,All Population,5,Prevalence,351,Guam,3,Both,22,All ages,625,"Other endocrine, metabolic, blood, and immune disorders",3,Rate,2015,325.00434700091,382.81919922337,273.07385486234
1,All Population,5,Prevalence,55,Slovenia,3,Both,22,All ages,625,"Other endocrine, metabolic, blood, and immune disorders",3,Rate,2017,2013.40332100737,2282.34229437841,1799.61211378871
1,All Population,5,Prevalence,68,Republic of Korea,3,Both,22,All ages,625,"Other endocrine, metabolic, blood, and immune disorders",3,Rate,2017,814.61915876438,989.10100144863,655.38770053964
1,All Population,5,Prevalence,136,Paraguay,3,Both,22,All ages,625,"Other endocrine, metabolic, blood, and immune disorders",3,Rate,2018,468.78028904710004,584.48217175596,385.27703716486997
1,All Population,5,Prevalence,106,Bahamas,3,Both,22,All ages,625,"Other endocrine, metabolic, blood, and immune disorders",3,Rate,2018,794.20947888045,1001.96765081806,681.44609867308
1,All Population,5,Prevalence,153,Syrian Arab Republic,3,Both,22,All ages,625,"Other endocrine, metabolic, blood, and immune disorders",3,Rate,2018,280.12253958869,368.60654981296,225.02843138405
1,All Population,5,Prevalence,76,Belgium,3,Both,22,All ages,625,"Other endocrine, metabolic, blood, and immune disorders",3,Rate,2018,3681.76348170964,4211.26117475301,3201.84785364897
1,All Population,5,Prevalence,216,Senegal,3,Both,22,All ages,625,"Other endocrine, metabolic, blood, and immune disorders",3,Rate,2018,164.89159240236998,199.89661380740003,135.19474074619998
1,All Population,5,Prevalence,93,Sweden,3,Both,22,All ages,625,"Other endocrine, metabolic, blood, and immune disorders",3,Rate,2018,1654.39252570568,1816.12273710223,1504.64815477714
1,All Population,5,Prevalence,168,Angola,3,Both,22,All ages,625,"Other endocrine, metabolic, blood, and immune disorders",3,Rate,2018,192.48680747943,250.64364774488,154.94720135885999
1,All Population,5,Prevalence,183,Mauritius,3,Both,22,All ages,625,"Other endocrine, metabolic, blood, and immune disorders",3,Rate,2018,317.09038682559,402.29847371325,262.9135336396
1,All Population,5,Prevalence,14,Maldives,3,Both,22,All ages,625,"Other endocrine, metabolic, blood, and immune disorders",3,Rate,2018,284.41758244884,349.88372351715003,237.89862327035001
1,All Population,5,Prevalence,107,Barbados,3,Both,22,All ages,625,"Other endocrine, metabolic, blood, and immune disorders",3,Rate,2017,761.18159360418,881.5402376655001,662.98431546282
1,All Population,5,Prevalence,143,Iraq,3,Both,22,All ages,625,"Other endocrine, metabolic, blood, and immune disorders",3,Rate,2015,187.30612664684,228.74003038556,154.33424743889
1,All Population,5,Prevalence,111,Dominican Republic,3,Both,22,All ages,625,"Other endocrine, metabolic, blood, and immune disorders",3,Rate,2017,370.59299918898,453.12611159655,309.70194454261
1,All Population,5,Prevalence,68,Republic of Korea,3,Both,22,All ages,625,"Other endocrine, metabolic, blood, and immune disorders",3,Rate,2018,828.75970735438,999.56454300106,661.1816806273799
1,All Population,5,Prevalence,115,Jamaica,3,Both,22,All ages,625,"Other endocrine, metabolic, blood, and immune disorders",3,Rate,2018,424.45078251097,527.00936975005,360.38371170555
1,All Population,5,Prevalence,193,Botswana,3,Both,22,All ages,625,"Other endocrine, metabolic, blood, and immune disorders",3,Rate,2018,359.89866329442,439.12261162736996,297.76530710782
1,All Population,5,Prevalence,181,Madagascar,3,Both,22,All ages,625,"Other endocrine, metabolic, blood, and immune disorders",3,Rate,2018,150.23987804642002,185.96342197315,120.0290693608
1,All Population,5,Prevalence,197,Eswatini,3,Both,22,All ages,625,"Other endocrine, metabolic, blood, and immune disorders",3,Rate,2015,356.34341617575996,429.66612416678,296.45176957556004
1,All Population,5,Prevalence,369,Nauru,3,Both,22,All ages,625,"Other endocrine, metabolic, blood, and immune disorders",3,Rate,2018,249.70572286811998,321.00721912442003,205.26192862799
1,All Population,5,Prevalence,83,Iceland,3,Both,22,All ages,625,"Other endocrine, metabolic, blood, and immune disorders",3,Rate,2018,1823.39906896634,2150.17070662279,1558.26366406112
1,All Population,5,Prevalence,40,Turkmenistan,3,Both,22,All ages,625,"Other endocrine, metabolic, blood, and immune disorders",3,Rate,2018,996.3985722997501,1199.5949786455,807.7580927038599
1,All Population,5,Prevalence,87,Luxembourg,3,Both,22,All ages,625,"Other endocrine, metabolic, blood, and immune disorders",3,Rate,2018,1857.1752444369702,2072.57781176481,1655.4585143887
1,All Population,5,Prevalence,160,Afghanistan,3,Both,22,All ages,625,"Other endocrine, metabolic, blood, and immune disorders",3,Rate,2018,148.60154603355,184.82978775607998,117.03812053435001
1,All Population,5,Prevalence,102,United States of America,3,Both,22,All ages,625,"Other endocrine, metabolic, blood, and immune disorders",3,Rate,2018,1642.24336419057,1820.9352424928197,1491.6049669737502
1,All Population,5,Prevalence,35,Georgia,3,Both,22,All ages,625,"Other endocrine, metabolic, blood, and immune disorders",3,Rate,2018,1652.5347170906798,2098.7853015802802,1399.49359338737
1,All Population,5,Prevalence,16,Philippines,3,Both,22,All ages,625,"Other endocrine, metabolic, blood, and immune disorders",3,Rate,2017,191.6632319921,226.62583432872,156.09133529953002
1,All Population,5,Prevalence,187,Somalia,3,Both,22,All ages,625,"Other endocrine, metabolic, blood, and immune disorders",3,Rate,2018,164.0095441292,201.97437219858003,128.82227100655
1,All Population,5,Prevalence,82,Greece,3,Both,22,All ages,625,"Other endocrine, metabolic, blood, and immune disorders",3,Rate,2018,1937.28980700254,2258.22398249158,1639.3553038215498
1,All Population,5,Prevalence,140,Bahrain,3,Both,22,All ages,625,"Other endocrine, metabolic, blood, and immune disorders",3,Rate,2018,378.10419685427,478.4755922158,313.19076770261
1,All Population,5,Prevalence,435,South Sudan,3,Both,22,All ages,625,"Other endocrine, metabolic, blood, and immune disorders",3,Rate,2015,143.14634582607,183.75797827697,115.16772054258001
1,All Population,5,Prevalence,46,Croatia,3,Both,22,All ages,625,"Other endocrine, metabolic, blood, and immune disorders",3,Rate,2018,1862.86496598429,2127.0564305859803,1659.27109323345
1,All Population,5,Prevalence,185,Rwanda,3,Both,22,All ages,625,"Other endocrine, metabolic, blood, and immune disorders",3,Rate,2017,181.90044867237,221.02050567864,148.75225784866998
1,All Population,5,Prevalence,53,Serbia,3,Both,22,All ages,625,"Other endocrine, metabolic, blood, and immune disorders",3,Rate,2018,1418.93225044964,1670.4297880129002,1204.6026221586299
1,All Population,5,Prevalence,122,Ecuador,3,Both,22,All ages,625,"Other endocrine, metabolic, blood, and immune disorders",3,Rate,2018,687.3099132081401,757.61276742003,620.0307616374799
1,All Population,5,Prevalence,107,Barbados,3,Both,22,All ages,625,"Other endocrine, metabolic, blood, and immune disorders",3,Rate,2018,776.2577501739099,903.7389988154899,678.96350288066
1,All Population,5,Prevalence,34,Azerbaijan,3,Both,22,All ages,625,"Other endocrine, metabolic, blood, and immune disorders",3,Rate,2018,1244.49800276878,1493.96147214228,1027.68505139284
1,All Population,5,Prevalence,169,Central African Republic,3,Both,22,All ages,625,"Other endocrine, metabolic, blood, and immune disorders",3,Rate,2018,183.78982615899,222.63961610321,150.26651506358002
1,All Population,5,Prevalence,15,Myanmar,3,Both,22,All ages,625,"Other endocrine, metabolic, blood, and immune disorders",3,Rate,2018,160.06363147566,197.73712696377,126.04654670298
1,All Population,5,Prevalence,61,Republic of Moldova,3,Both,22,All ages,625,"Other endocrine, metabolic, blood, and immune disorders",3,Rate,2018,2157.82874742833,2759.0350284656,1720.00325551009
1,All Population,5,Prevalence,12,Lao People's Democratic Republic,3,Both,22,All ages,625,"Other endocrine, metabolic, blood, and immune disorders",3,Rate,2016,130.91330141587,160.36452489475002,105.10760247593001
1,All Population,5,Prevalence,172,Equatorial Guinea,3,Both,22,All ages,625,"Other endocrine, metabolic, blood, and immune disorders",3,Rate,2017,182.84614787910002,224.3392590922,145.66362397661
1,All Population,5,Prevalence,139,Algeria,3,Both,22,All ages,625,"Other endocrine, metabolic, blood, and immune disorders",3,Rate,2018,280.54899827297004,364.28800190059,224.84552912188
1,All Population,5,Prevalence,201,Burkina Faso,3,Both,22,All ages,625,"Other endocrine, metabolic, blood, and immune disorders",3,Rate,2018,149.79659085128,187.4478255302,122.98194377852
1,All Population,5,Prevalence,157,Yemen,3,Both,22,All ages,625,"Other endocrine, metabolic, blood, and immune disorders",3,Rate,2015,163.91830521661998,201.4354097671,130.88584179036
1,All Population,5,Prevalence,29,Tonga,3,Both,22,All ages,625,"Other endocrine, metabolic, blood, and immune disorders",3,Rate,2018,285.28324760568,356.55056822426997,238.79478602856003
1,All Population,5,Prevalence,38,Mongolia,3,Both,22,All ages,625,"Other endocrine, metabolic, blood, and immune disorders",3,Rate,2018,1032.51324055302,1248.57824084376,859.68457313539
1,All Population,5,Prevalence,130,Mexico,3,Both,22,All ages,625,"Other endocrine, metabolic, blood, and immune disorders",3,Rate,2018,427.85273488294,504.14776470199,354.35752402706
1,All Population,5,Prevalence,132,Panama,3,Both,22,All ages,625,"Other endocrine, metabolic, blood, and immune disorders",3,Rate,2017,366.65767155056,422.75195982177996,312.35652789282
1,All Population,5,Prevalence,75,Austria,3,Both,22,All ages,625,"Other endocrine, metabolic, blood, and immune disorders",3,Rate,2018,4528.8831934420905,4958.30559385172,4083.00370589161
1,All Population,5,Prevalence,349,Greenland,3,Both,22,All ages,625,"Other endocrine, metabolic, blood, and immune disorders",3,Rate,2018,1001.7614911355599,1310.62105296038,804.7719093645
1,All Population,5,Prevalence,126,Costa Rica,3,Both,22,All ages,625,"Other endocrine, metabolic, blood, and immune disorders",3,Rate,2018,358.21638816362,421.40718946568995,305.79780028319
1,All Population,5,Prevalence,181,Madagascar,3,Both,22,All ages,625,"Other endocrine, metabolic, blood, and immune disorders",3,Rate,2015,145.31767571343,180.79454075929,115.30567203591
1,All Population,5,Prevalence,305,Bermuda,3,Both,22,All ages,625,"Other endocrine, metabolic, blood, and immune disorders",3,Rate,2018,738.866431468,871.97875752753,644.99140881252
1,All Population,5,Prevalence,210,Liberia,3,Both,22,All ages,625,"Other endocrine, metabolic, blood, and immune disorders",3,Rate,2017,167.40854975695,204.86262221918997,137.15655313645001
1,All Population,5,Prevalence,123,Peru,3,Both,22,All ages,625,"Other endocrine, metabolic, blood, and immune disorders",3,Rate,2018,581.15835907818,717.63302485959,473.78813206278
1,All Population,5,Prevalence,7,Democratic People's Republic of Korea,3,Both,22,All ages,625,"Other endocrine, metabolic, blood, and immune disorders",3,Rate,2023,208.71666392018,265.43095803854,167.87120763508
1,All Population,5,Prevalence,205,Côte d'Ivoire,3,Both,22,All ages,625,"Other endocrine, metabolic, blood, and immune disorders",3,Rate,2015,154.20790595277,185.44174335038,126.98780322578
1,All Population,5,Prevalence,203,Cabo Verde,3,Both,22,All ages,625,"Other endocrine, metabolic, blood, and immune disorders",3,Rate,2017,200.68554362858,262.03493466942,161.20798439574
1,All Population,5,Prevalence,142,Iran (Islamic Republic of),3,Both,22,All ages,625,"Other endocrine, metabolic, blood, and immune disorders",3,Rate,2017,309.23138133188,369.5385475666,252.56368868760998
1,All Population,5,Prevalence,435,South Sudan,3,Both,22,All ages,625,"Other endocrine, metabolic, blood, and immune disorders",3,Rate,2017,149.19699076384,190.21902721264,119.70019933629
1,All Population,5,Prevalence,26,Papua New Guinea,3,Both,22,All ages,625,"Other endocrine, metabolic, blood, and immune disorders",3,Rate,2023,335.12152765251,397.98513992043,283.28154967713
1,All Population,5,Prevalence,11,Indonesia,3,Both,22,All ages,625,"Other endocrine, metabolic, blood, and immune disorders",3,Rate,2023,150.3593734685,181.92593159434,121.02660372073998
1,All Population,5,Prevalence,37,Kyrgyzstan,3,Both,22,All ages,625,"Other endocrine, metabolic, blood, and immune disorders",3,Rate,2023,1068.00719671445,1337.21423804327,855.36879165831
1,All Population,5,Prevalence,28,Solomon Islands,3,Both,22,All ages,625,"Other endocrine, metabolic, blood, and immune disorders",3,Rate,2023,235.00781728011,283.3376333147,194.95982054807
1,All Population,5,Prevalence,23,Kiribati,3,Both,22,All ages,625,"Other endocrine, metabolic, blood, and immune disorders",3,Rate,2018,234.20316784367998,297.23003538516997,191.48691682526
1,All Population,5,Prevalence,39,Tajikistan,3,Both,22,All ages,625,"Other endocrine, metabolic, blood, and immune disorders",3,Rate,2023,916.11341638659,1166.87716558562,739.16256338288
1,All Population,5,Prevalence,13,Malaysia,3,Both,22,All ages,625,"Other endocrine, metabolic, blood, and immune disorders",3,Rate,2023,249.3921945237,301.66588427013,205.57600179661003
1,All Population,5,Prevalence,22,Fiji,3,Both,22,All ages,625,"Other endocrine, metabolic, blood, and immune disorders",3,Rate,2023,252.62568704553001,313.48946591542,203.11031215482998
1,All Population,5,Prevalence,385,Puerto Rico,3,Both,22,All ages,625,"Other endocrine, metabolic, blood, and immune disorders",3,Rate,2015,886.28193456627,1008.48397816806,778.34251409785
1,All Population,5,Prevalence,145,Kuwait,3,Both,22,All ages,625,"Other endocrine, metabolic, blood, and immune disorders",3,Rate,2018,253.28902502856,307.9555985147,212.48760812946
1,All Population,5,Prevalence,208,Guinea,3,Both,22,All ages,625,"Other endocrine, metabolic, blood, and immune disorders",3,Rate,2018,156.41878736885002,190.63197832748,130.36786019553
1,All Population,5,Prevalence,41,Uzbekistan,3,Both,22,All ages,625,"Other endocrine, metabolic, blood, and immune disorders",3,Rate,2023,1024.3294019371401,1385.55138867738,797.6553097159099
1,All Population,5,Prevalence,24,Marshall Islands,3,Both,22,All ages,625,"Other endocrine, metabolic, blood, and immune disorders",3,Rate,2023,237.16373988832,288.96843123889,195.68931303229
1,All Population,5,Prevalence,43,Albania,3,Both,22,All ages,625,"Other endocrine, metabolic, blood, and immune disorders",3,Rate,2023,1562.88249933711,1903.9675183861502,1272.32747596339
1,All Population,5,Prevalence,52,Romania,3,Both,22,All ages,625,"Other endocrine, metabolic, blood, and immune disorders",3,Rate,2023,2405.56258054613,3105.86470968506,1998.88218264008
1,All Population,5,Prevalence,54,Slovakia,3,Both,22,All ages,625,"Other endocrine, metabolic, blood, and immune disorders",3,Rate,2023,2203.59549846336,2753.21901234476,1860.8336356420702
1,All Population,5,Prevalence,171,Democratic Republic of the Congo,3,Both,22,All ages,625,"Other endocrine, metabolic, blood, and immune disorders",3,Rate,2017,185.79113782174,221.00847165269002,150.78707386693
1,All Population,5,Prevalence,422,United States Virgin Islands,3,Both,22,All ages,625,"Other endocrine, metabolic, blood, and immune disorders",3,Rate,2015,751.25856435093,963.98354525594,618.91294262011
1,All Population,5,Prevalence,30,Vanuatu,3,Both,22,All ages,625,"Other endocrine, metabolic, blood, and immune disorders",3,Rate,2018,221.08045971616,277.36699968197,182.08961331339998
1,All Population,5,Prevalence,45,Bulgaria,3,Both,22,All ages,625,"Other endocrine, metabolic, blood, and immune disorders",3,Rate,2018,1457.8375683083,1945.92938592994,1188.86286825746
1,All Population,5,Prevalence,58,Estonia,3,Both,22,All ages,625,"Other endocrine, metabolic, blood, and immune disorders",3,Rate,2023,2410.65469702642,2972.5394751847,1925.00716316817
1,All Population,5,Prevalence,69,Singapore,3,Both,22,All ages,625,"Other endocrine, metabolic, blood, and immune disorders",3,Rate,2023,820.55354882221,1013.01554465397,665.7870822938299
1,All Population,5,Prevalence,71,Australia,3,Both,22,All ages,625,"Other endocrine, metabolic, blood, and immune disorders",3,Rate,2023,1032.83630317435,1203.33135616314,875.47390284588
1,All Population,5,Prevalence,84,Ireland,3,Both,22,All ages,625,"Other endocrine, metabolic, blood, and immune disorders",3,Rate,2023,1836.52278224863,2185.06538105235,1555.68211108582
1,All Population,5,Prevalence,152,Saudi Arabia,3,Both,22,All ages,625,"Other endocrine, metabolic, blood, and immune disorders",3,Rate,2018,291.03168678521,361.51594875156,242.72744530616998
1,All Population,5,Prevalence,86,Italy,3,Both,22,All ages,625,"Other endocrine, metabolic, blood, and immune disorders",3,Rate,2023,1934.86540655689,2229.24656634322,1694.43073708857
1,All Population,5,Prevalence,186,Seychelles,3,Both,22,All ages,625,"Other endocrine, metabolic, blood, and immune disorders",3,Rate,2017,218.62412160652,273.30223061831,176.14617177613
1,All Population,5,Prevalence,173,Gabon,3,Both,22,All ages,625,"Other endocrine, metabolic, blood, and immune disorders",3,Rate,2018,295.736857902,346.58993191042,246.50195102659
1,All Population,5,Prevalence,92,Spain,3,Both,22,All ages,625,"Other endocrine, metabolic, blood, and immune disorders",3,Rate,2018,1997.03109408137,2318.34858704563,1695.0306938908598
1,All Population,5,Prevalence,60,Lithuania,3,Both,22,All ages,625,"Other endocrine, metabolic, blood, and immune disorders",3,Rate,2018,2357.10905683172,2657.90438222645,2109.8411087561603
1,All Population,5,Prevalence,81,Germany,3,Both,22,All ages,625,"Other endocrine, metabolic, blood, and immune disorders",3,Rate,2018,3232.52946895172,3571.68819612712,2956.12082034864
1,All Population,5,Prevalence,200,Benin,3,Both,22,All ages,625,"Other endocrine, metabolic, blood, and immune disorders",3,Rate,2018,149.24315563518,182.67370824145002,121.98766066488999
1,All Population,5,Prevalence,413,Tokelau,3,Both,22,All ages,625,"Other endocrine, metabolic, blood, and immune disorders",3,Rate,2017,302.24283003476,371.29967811924,245.90634123207002
1,All Population,5,Prevalence,88,Malta,3,Both,22,All ages,625,"Other endocrine, metabolic, blood, and immune disorders",3,Rate,2023,1908.3358255108599,2203.0192414052503,1606.36137887783
1,All Population,5,Prevalence,90,Norway,3,Both,22,All ages,625,"Other endocrine, metabolic, blood, and immune disorders",3,Rate,2023,1976.16296771762,2319.45978847372,1664.78583446696
1,All Population,5,Prevalence,99,Uruguay,3,Both,22,All ages,625,"Other endocrine, metabolic, blood, and immune disorders",3,Rate,2023,1639.1458702999798,1939.28779534832,1393.06310647919
1,All Population,5,Prevalence,101,Canada,3,Both,22,All ages,625,"Other endocrine, metabolic, blood, and immune disorders",3,Rate,2023,1397.35885247676,1765.36423328176,1164.71150440945
1,All Population,5,Prevalence,80,France,3,Both,22,All ages,625,"Other endocrine, metabolic, blood, and immune disorders",3,Rate,2016,2118.73363389163,2441.59735207546,1792.13184654928
1,All Population,5,Prevalence,74,Andorra,3,Both,22,All ages,625,"Other endocrine, metabolic, blood, and immune disorders",3,Rate,2017,1539.80112873936,1859.610993023,1260.94472707563
1,All Population,5,Prevalence,105,Antigua and Barbuda,3,Both,22,All ages,625,"Other endocrine, metabolic, blood, and immune disorders",3,Rate,2023,768.5424059317801,940.76979692591,657.87491855271
1,All Population,5,Prevalence,126,Costa Rica,3,Both,22,All ages,625,"Other endocrine, metabolic, blood, and immune disorders",3,Rate,2017,352.4900948329,415.58206652534005,301.98915290485996
1,All Population,5,Prevalence,376,Northern Mariana Islands,3,Both,22,All ages,625,"Other endocrine, metabolic, blood, and immune disorders",3,Rate,2017,392.34142381195994,481.40451430271,323.98246938796
1,All Population,5,Prevalence,114,Haiti,3,Both,22,All ages,625,"Other endocrine, metabolic, blood, and immune disorders",3,Rate,2023,293.59719791151,358.07934517889004,242.72303281209997
1,All Population,5,Prevalence,116,Saint Lucia,3,Both,22,All ages,625,"Other endocrine, metabolic, blood, and immune disorders",3,Rate,2023,677.81429533671,855.80934277418,573.0312277352
1,All Population,5,Prevalence,131,Nicaragua,3,Both,22,All ages,625,"Other endocrine, metabolic, blood, and immune disorders",3,Rate,2023,263.72845805535,318.1115060584,218.15957820460002
1,All Population,5,Prevalence,133,Venezuela (Bolivarian Republic of),3,Both,22,All ages,625,"Other endocrine, metabolic, blood, and immune disorders",3,Rate,2023,350.8443848725,428.19259258227004,292.87983354168
1,All Population,5,Prevalence,118,Suriname,3,Both,22,All ages,625,"Other endocrine, metabolic, blood, and immune disorders",3,Rate,2023,490.27721408938,647.5759330597,398.83592433188005
1,All Population,5,Prevalence,135,Brazil,3,Both,22,All ages,625,"Other endocrine, metabolic, blood, and immune disorders",3,Rate,2023,494.32393446443007,558.23206746154,432.13069542875
1,All Population,5,Prevalence,129,Honduras,3,Both,22,All ages,625,"Other endocrine, metabolic, blood, and immune disorders",3,Rate,2023,293.75215650355,350.44440411723,244.59035194775998
1,All Population,5,Prevalence,146,Lebanon,3,Both,22,All ages,625,"Other endocrine, metabolic, blood, and immune disorders",3,Rate,2023,432.98319249574,512.9978568814,358.83780144421
1,All Population,5,Prevalence,148,Morocco,3,Both,22,All ages,625,"Other endocrine, metabolic, blood, and immune disorders",3,Rate,2023,295.55075161156,376.72464940752,231.53830654540002
1,All Population,5,Prevalence,150,Oman,3,Both,22,All ages,625,"Other endocrine, metabolic, blood, and immune disorders",3,Rate,2023,322.26388513393,401.32625092492003,261.65586113509
1,All Population,5,Prevalence,189,United Republic of Tanzania,3,Both,22,All ages,625,"Other endocrine, metabolic, blood, and immune disorders",3,Rate,2015,163.38895183219,197.83813019882,135.41096665631
1,All Population,5,Prevalence,320,Cook Islands,3,Both,22,All ages,625,"Other endocrine, metabolic, blood, and immune disorders",3,Rate,2017,315.09047841877,396.43564583271,255.31560914352002
1,All Population,5,Prevalence,206,Gambia,3,Both,22,All ages,625,"Other endocrine, metabolic, blood, and immune disorders",3,Rate,2016,160.65144982939,198.64310159999002,129.60171503870998
1,All Population,5,Prevalence,186,Seychelles,3,Both,22,All ages,625,"Other endocrine, metabolic, blood, and immune disorders",3,Rate,2018,222.20156016779998,277.95713475691,179.37439922036
1,All Population,5,Prevalence,161,Bangladesh,3,Both,22,All ages,625,"Other endocrine, metabolic, blood, and immune disorders",3,Rate,2023,211.38461741261003,287.43696982158,163.84895800926
1,All Population,5,Prevalence,67,Japan,3,Both,22,All ages,625,"Other endocrine, metabolic, blood, and immune disorders",3,Rate,2016,1241.81243197219,1560.4528240094799,995.85408737864
1,All Population,5,Prevalence,108,Belize,3,Both,22,All ages,625,"Other endocrine, metabolic, blood, and immune disorders",3,Rate,2017,433.22177004389,501.80268694482004,377.9617700202
1,All Population,5,Prevalence,163,India,3,Both,22,All ages,625,"Other endocrine, metabolic, blood, and immune disorders",3,Rate,2023,215.85775113682,273.96138750896,173.18516006263
1,All Population,5,Prevalence,187,Somalia,3,Both,22,All ages,625,"Other endocrine, metabolic, blood, and immune disorders",3,Rate,2015,161.96560141372,204.45679127529,128.14473584684
1,All Population,5,Prevalence,165,Pakistan,3,Both,22,All ages,625,"Other endocrine, metabolic, blood, and immune disorders",3,Rate,2023,169.45554431669,217.36252209557998,134.89228830591
1,All Population,5,Prevalence,178,Eritrea,3,Both,22,All ages,625,"Other endocrine, metabolic, blood, and immune disorders",3,Rate,2023,189.93755810573,245.10725345088,151.74433204669
1,All Population,5,Prevalence,180,Kenya,3,Both,22,All ages,625,"Other endocrine, metabolic, blood, and immune disorders",3,Rate,2023,180.95614920629,220.96867353314002,146.3623331013
1,All Population,5,Prevalence,182,Malawi,3,Both,22,All ages,625,"Other endocrine, metabolic, blood, and immune disorders",3,Rate,2023,162.05973423665,200.47349095594998,129.06933701820998
1,All Population,5,Prevalence,176,Comoros,3,Both,22,All ages,625,"Other endocrine, metabolic, blood, and immune disorders",3,Rate,2023,240.62040900686998,305.94605748558996,191.79342483451
1,All Population,5,Prevalence,194,Lesotho,3,Both,22,All ages,625,"Other endocrine, metabolic, blood, and immune disorders",3,Rate,2023,411.82477922426,490.02643873243,346.81338025281
1,All Population,5,Prevalence,121,Bolivia (Plurinational State of),3,Both,22,All ages,625,"Other endocrine, metabolic, blood, and immune disorders",3,Rate,2017,514.22201113548,630.81079346744,412.62119825329995
1,All Population,5,Prevalence,8,Taiwan,3,Both,22,All ages,625,"Other endocrine, metabolic, blood, and immune disorders",3,Rate,2018,314.06723011036,361.03418080547,266.74313463275
1,All Population,5,Prevalence,177,Djibouti,3,Both,22,All ages,625,"Other endocrine, metabolic, blood, and immune disorders",3,Rate,2017,194.67105232025,251.22589224751002,153.39965255526002
1,All Population,5,Prevalence,18,Thailand,3,Both,22,All ages,625,"Other endocrine, metabolic, blood, and immune disorders",3,Rate,2016,270.72150358706,319.80625829841,226.58105289939
1,All Population,5,Prevalence,416,Tuvalu,3,Both,22,All ages,625,"Other endocrine, metabolic, blood, and immune disorders",3,Rate,2018,327.96849621186,397.00793773759,272.25285871606
1,All Population,5,Prevalence,522,Sudan,3,Both,22,All ages,625,"Other endocrine, metabolic, blood, and immune disorders",3,Rate,2018,232.16005184146,302.07189412153,183.81774922932
1,All Population,5,Prevalence,196,South Africa,3,Both,22,All ages,625,"Other endocrine, metabolic, blood, and immune disorders",3,Rate,2023,627.22471730154,755.38249588054,523.37983043774
1,All Population,5,Prevalence,198,Zimbabwe,3,Both,22,All ages,625,"Other endocrine, metabolic, blood, and immune disorders",3,Rate,2023,248.67858183631,302.2764239352,202.43411182694
1,All Population,5,Prevalence,6,China,3,Both,22,All ages,625,"Other endocrine, metabolic, blood, and immune disorders",3,Rate,2019,198.79866382585,241.86380990006,161.05332245895
1,All Population,5,Prevalence,207,Ghana,3,Both,22,All ages,625,"Other endocrine, metabolic, blood, and immune disorders",3,Rate,2023,200.81041325550999,255.41207531372999,164.54110838954
1,All Population,5,Prevalence,209,Guinea-Bissau,3,Both,22,All ages,625,"Other endocrine, metabolic, blood, and immune disorders",3,Rate,2023,159.39739887854,207.90583837935,128.38222256504
1,All Population,5,Prevalence,94,Switzerland,3,Both,22,All ages,625,"Other endocrine, metabolic, blood, and immune disorders",3,Rate,2017,1531.5694092695098,1688.26459834307,1369.14840899776
1,All Population,5,Prevalence,77,Cyprus,3,Both,22,All ages,625,"Other endocrine, metabolic, blood, and immune disorders",3,Rate,2017,1094.70953119201,1234.1670147073,970.2560775800201
1,All Population,5,Prevalence,53,Serbia,3,Both,22,All ages,625,"Other endocrine, metabolic, blood, and immune disorders",3,Rate,2019,1426.0837283112598,1680.79516995725,1205.25851877198
1,All Population,5,Prevalence,211,Mali,3,Both,22,All ages,625,"Other endocrine, metabolic, blood, and immune disorders",3,Rate,2023,383.71176423091003,465.16066424736005,321.32339003906
1,All Population,5,Prevalence,81,Germany,3,Both,22,All ages,625,"Other endocrine, metabolic, blood, and immune disorders",3,Rate,2015,3326.30378161233,3671.8814353203898,3027.42932020315
1,All Population,5,Prevalence,213,Niger,3,Both,22,All ages,625,"Other endocrine, metabolic, blood, and immune disorders",3,Rate,2023,127.77929961824,158.73563622017,104.09725317254001
1,All Population,5,Prevalence,10,Cambodia,3,Both,22,All ages,625,"Other endocrine, metabolic, blood, and immune disorders",3,Rate,2019,165.53064272249,206.45152305227998,131.39362335786
1,All Population,5,Prevalence,83,Iceland,3,Both,22,All ages,625,"Other endocrine, metabolic, blood, and immune disorders",3,Rate,2019,1829.60483858624,2167.8384023357403,1555.33919886104
1,All Population,5,Prevalence,147,Libya,3,Both,22,All ages,625,"Other endocrine, metabolic, blood, and immune disorders",3,Rate,2017,288.23028349103,375.37404503687,231.54936784826
1,All Population,5,Prevalence,57,Belarus,3,Both,22,All ages,625,"Other endocrine, metabolic, blood, and immune disorders",3,Rate,2019,2096.3155010251503,2607.92552213922,1666.01957200838
1,All Population,5,Prevalence,155,Türkiye,3,Both,22,All ages,625,"Other endocrine, metabolic, blood, and immune disorders",3,Rate,2017,419.76061639267,497.71592911428996,344.70324232688
1,All Population,5,Prevalence,215,Sao Tome and Principe,3,Both,22,All ages,625,"Other endocrine, metabolic, blood, and immune disorders",3,Rate,2018,208.55480275012002,265.01666061156,170.88685989558
1,All Population,5,Prevalence,298,American Samoa,3,Both,22,All ages,625,"Other endocrine, metabolic, blood, and immune disorders",3,Rate,2018,549.66981913913,670.4758112481001,465.86276483659003
1,All Population,5,Prevalence,29,Tonga,3,Both,22,All ages,625,"Other endocrine, metabolic, blood, and immune disorders",3,Rate,2019,288.06475407343,361.61583551342,241.9712005179
1,All Population,5,Prevalence,127,El Salvador,3,Both,22,All ages,625,"Other endocrine, metabolic, blood, and immune disorders",3,Rate,2016,329.38100453631,381.81981453778997,280.75446656732
1,All Population,5,Prevalence,127,El Salvador,3,Both,22,All ages,625,"Other endocrine, metabolic, blood, and immune disorders",3,Rate,2017,334.51657188674,386.40366825225,286.03516346273
1,All Population,5,Prevalence,142,Iran (Islamic Republic of),3,Both,22,All ages,625,"Other endocrine, metabolic, blood, and immune disorders",3,Rate,2018,316.91579355205,378.63922717801,260.01320097415
1,All Population,5,Prevalence,76,Belgium,3,Both,22,All ages,625,"Other endocrine, metabolic, blood, and immune disorders",3,Rate,2019,3657.75263788691,4196.2017202977095,3161.90747873515
1,All Population,5,Prevalence,91,Portugal,3,Both,22,All ages,625,"Other endocrine, metabolic, blood, and immune disorders",3,Rate,2019,2161.37676054106,2558.22060742964,1816.0833818251701
1,All Population,5,Prevalence,63,Ukraine,3,Both,22,All ages,625,"Other endocrine, metabolic, blood, and immune disorders",3,Rate,2019,1782.85609383502,2180.51607746541,1458.2956972680402
1,All Population,5,Prevalence,106,Bahamas,3,Both,22,All ages,625,"Other endocrine, metabolic, blood, and immune disorders",3,Rate,2019,804.4449858685999,1011.32006171908,690.43168313355
1,All Population,5,Prevalence,367,Monaco,3,Both,22,All ages,625,"Other endocrine, metabolic, blood, and immune disorders",3,Rate,2023,2127.2712561982403,2607.10244106587,1701.5716431171402
1,All Population,5,Prevalence,374,Niue,3,Both,22,All ages,625,"Other endocrine, metabolic, blood, and immune disorders",3,Rate,2023,387.95316227217,456.22992013406,311.85651819049997
1,All Population,5,Prevalence,72,New Zealand,3,Both,22,All ages,625,"Other endocrine, metabolic, blood, and immune disorders",3,Rate,2019,1014.18772802846,1151.96454168976,892.99170207428
1,All Population,5,Prevalence,136,Paraguay,3,Both,22,All ages,625,"Other endocrine, metabolic, blood, and immune disorders",3,Rate,2017,461.06833783755,573.57610267362,379.24728268761
1,All Population,5,Prevalence,23,Kiribati,3,Both,22,All ages,625,"Other endocrine, metabolic, blood, and immune disorders",3,Rate,2019,234.98227121430997,297.53058368028,191.94815553181002
1,All Population,5,Prevalence,214,Nigeria,3,Both,22,All ages,625,"Other endocrine, metabolic, blood, and immune disorders",3,Rate,2017,141.20092595895,174.41469589162,114.16646452340001
1,All Population,5,Prevalence,38,Mongolia,3,Both,22,All ages,625,"Other endocrine, metabolic, blood, and immune disorders",3,Rate,2019,1041.80349857442,1257.4126094416802,868.6608645951201
1,All Population,5,Prevalence,380,Palau,3,Both,22,All ages,625,"Other endocrine, metabolic, blood, and immune disorders",3,Rate,2023,377.76808165693,464.81709501427997,309.23046244092
1,All Population,5,Prevalence,154,Tunisia,3,Both,22,All ages,625,"Other endocrine, metabolic, blood, and immune disorders",3,Rate,2017,416.45655060883,491.66230943566995,348.89973478822
1,All Population,5,Prevalence,320,Cook Islands,3,Both,22,All ages,625,"Other endocrine, metabolic, blood, and immune disorders",3,Rate,2018,320.84348384928,403.83049578236006,261.10249600211
1,All Population,5,Prevalence,132,Panama,3,Both,22,All ages,625,"Other endocrine, metabolic, blood, and immune disorders",3,Rate,2018,370.91503823832,428.63031810317,317.04588588358
1,All Population,5,Prevalence,130,Mexico,3,Both,22,All ages,625,"Other endocrine, metabolic, blood, and immune disorders",3,Rate,2019,438.27266914326003,518.4561157928,362.16421133201
1,All Population,5,Prevalence,162,Bhutan,3,Both,22,All ages,625,"Other endocrine, metabolic, blood, and immune disorders",3,Rate,2017,202.67269546173,250.73760218722,166.03775998849
1,All Population,5,Prevalence,16,Philippines,3,Both,22,All ages,625,"Other endocrine, metabolic, blood, and immune disorders",3,Rate,2019,198.50706939206,235.09695821471,161.59018066713
1,All Population,5,Prevalence,117,Saint Vincent and the Grenadines,3,Both,22,All ages,625,"Other endocrine, metabolic, blood, and immune disorders",3,Rate,2018,679.96634034892,854.97034726561,595.44756707517
1,All Population,5,Prevalence,117,Saint Vincent and the Grenadines,3,Both,22,All ages,625,"Other endocrine, metabolic, blood, and immune disorders",3,Rate,2019,696.42101848718,885.1679965489599,606.0200208503101
1,All Population,5,Prevalence,14,Maldives,3,Both,22,All ages,625,"Other endocrine, metabolic, blood, and immune disorders",3,Rate,2019,288.01410086017,353.84031264398,239.47022486072999
1,All Population,5,Prevalence,140,Bahrain,3,Both,22,All ages,625,"Other endocrine, metabolic, blood, and immune disorders",3,Rate,2019,383.41081154785,485.58235315366994,317.74939559679
1,All Population,5,Prevalence,396,San Marino,3,Both,22,All ages,625,"Other endocrine, metabolic, blood, and immune disorders",3,Rate,2018,1759.6789539121999,2078.96052158861,1456.31477645557
1,All Population,5,Prevalence,123,Peru,3,Both,22,All ages,625,"Other endocrine, metabolic, blood, and immune disorders",3,Rate,2019,591.12097752051,734.69660658696,480.08349424107
1,All Population,5,Prevalence,50,Montenegro,3,Both,22,All ages,625,"Other endocrine, metabolic, blood, and immune disorders",3,Rate,2017,1291.42739411608,1614.51406057313,1058.49255983317
1,All Population,5,Prevalence,94,Switzerland,3,Both,22,All ages,625,"Other endocrine, metabolic, blood, and immune disorders",3,Rate,2018,1551.24783440599,1725.1625840399702,1393.9856970061599
1,All Population,5,Prevalence,393,Saint Kitts and Nevis,3,Both,22,All ages,625,"Other endocrine, metabolic, blood, and immune disorders",3,Rate,2018,579.02116379735,724.84749156465,497.52990370302996
1,All Population,5,Prevalence,202,Cameroon,3,Both,22,All ages,625,"Other endocrine, metabolic, blood, and immune disorders",3,Rate,2017,166.27433769079,202.52117584022,136.52049820987
1,All Population,5,Prevalence,206,Gambia,3,Both,22,All ages,625,"Other endocrine, metabolic, blood, and immune disorders",3,Rate,2017,161.92950166889,200.63110538774998,130.66036430066998
1,All Population,5,Prevalence,109,Cuba,3,Both,22,All ages,625,"Other endocrine, metabolic, blood, and immune disorders",3,Rate,2018,473.34712538771004,579.03765816162,396.29039404802995
1,All Population,5,Prevalence,110,Dominica,3,Both,22,All ages,625,"Other endocrine, metabolic, blood, and immune disorders",3,Rate,2019,633.93603024544,849.7111839301699,526.54875399385
1,All Population,5,Prevalence,422,United States Virgin Islands,3,Both,22,All ages,625,"Other endocrine, metabolic, blood, and immune disorders",3,Rate,2016,762.4898052460101,981.0680902235699,635.2190379383401
1,All Population,5,Prevalence,147,Libya,3,Both,22,All ages,625,"Other endocrine, metabolic, blood, and immune disorders",3,Rate,2018,294.38461257394005,382.36418808535,236.73474085501002
1,All Population,5,Prevalence,27,Samoa,3,Both,22,All ages,625,"Other endocrine, metabolic, blood, and immune disorders",3,Rate,2017,247.54234214212,291.49931104069003,210.03862977605
1,All Population,5,Prevalence,109,Cuba,3,Both,22,All ages,625,"Other endocrine, metabolic, blood, and immune disorders",3,Rate,2019,482.10675960078,594.72293686939,402.09267711909
1,All Population,5,Prevalence,122,Ecuador,3,Both,22,All ages,625,"Other endocrine, metabolic, blood, and immune disorders",3,Rate,2019,702.3944618561201,775.0743575592,632.7107665516601
1,All Population,5,Prevalence,30,Vanuatu,3,Both,22,All ages,625,"Other endocrine, metabolic, blood, and immune disorders",3,Rate,2019,223.44929782006002,285.85311207854,183.45130397507
1,All Population,5,Prevalence,152,Saudi Arabia,3,Both,22,All ages,625,"Other endocrine, metabolic, blood, and immune disorders",3,Rate,2019,294.64283676786,363.94277519126996,245.39196068379
1,All Population,5,Prevalence,15,Myanmar,3,Both,22,All ages,625,"Other endocrine, metabolic, blood, and immune disorders",3,Rate,2019,162.01075160374,199.61093608049,127.62489971251
1,All Population,5,Prevalence,102,United States of America,3,Both,22,All ages,625,"Other endocrine, metabolic, blood, and immune disorders",3,Rate,2019,1686.64225385966,1877.45552411147,1532.1258592029499
1,All Population,5,Prevalence,75,Austria,3,Both,22,All ages,625,"Other endocrine, metabolic, blood, and immune disorders",3,Rate,2019,4547.56291390305,5025.20944057773,4087.89957387033
1,All Population,5,Prevalence,115,Jamaica,3,Both,22,All ages,625,"Other endocrine, metabolic, blood, and immune disorders",3,Rate,2019,431.03612086151,526.9194569796799,362.62121239742
1,All Population,5,Prevalence,145,Kuwait,3,Both,22,All ages,625,"Other endocrine, metabolic, blood, and immune disorders",3,Rate,2019,258.93458844904,315.62597000595997,217.36663857741001
1,All Population,5,Prevalence,44,Bosnia and Herzegovina,3,Both,22,All ages,625,"Other endocrine, metabolic, blood, and immune disorders",3,Rate,2017,1459.28425572082,1882.0756410380598,1198.24119707055
1,All Population,5,Prevalence,89,Netherlands,3,Both,22,All ages,625,"Other endocrine, metabolic, blood, and immune disorders",3,Rate,2015,1964.5549494845898,2323.04479936,1628.29000828509
1,All Population,5,Prevalence,98,Chile,3,Both,22,All ages,625,"Other endocrine, metabolic, blood, and immune disorders",3,Rate,2019,1473.32122088595,1639.22932655108,1321.57312159442
1,All Population,5,Prevalence,62,Russian Federation,3,Both,22,All ages,625,"Other endocrine, metabolic, blood, and immune disorders",3,Rate,2019,1992.4288753436801,2471.60167233934,1583.8872083767299
1,All Population,5,Prevalence,139,Algeria,3,Both,22,All ages,625,"Other endocrine, metabolic, blood, and immune disorders",3,Rate,2019,285.20326999516004,369.89434849546,227.6810326946
1,All Population,5,Prevalence,61,Republic of Moldova,3,Both,22,All ages,625,"Other endocrine, metabolic, blood, and immune disorders",3,Rate,2019,2183.1271720191,2779.57088020254,1733.51510963982
1,All Population,5,Prevalence,80,France,3,Both,22,All ages,625,"Other endocrine, metabolic, blood, and immune disorders",3,Rate,2017,2131.18050493179,2453.06025791347,1807.7212642230797
1,All Population,5,Prevalence,197,Eswatini,3,Both,22,All ages,625,"Other endocrine, metabolic, blood, and immune disorders",3,Rate,2017,370.0875118669,443.03406243625,309.24281000876
1,All Population,5,Prevalence,95,United Kingdom,3,Both,22,All ages,625,"Other endocrine, metabolic, blood, and immune disorders",3,Rate,2017,2057.43229779473,2322.45525822168,1813.4042812240798
1,All Population,5,Prevalence,35,Georgia,3,Both,22,All ages,625,"Other endocrine, metabolic, blood, and immune disorders",3,Rate,2016,1624.57245183446,2054.08560903357,1360.99450106077
1,All Population,5,Prevalence,46,Croatia,3,Both,22,All ages,625,"Other endocrine, metabolic, blood, and immune disorders",3,Rate,2019,1875.00571835928,2147.02048387145,1667.73131553039
1,All Population,5,Prevalence,175,Burundi,3,Both,22,All ages,625,"Other endocrine, metabolic, blood, and immune disorders",3,Rate,2019,153.83917094321998,190.0204251347,126.2307802314
1,All Population,5,Prevalence,151,Qatar,3,Both,22,All ages,625,"Other endocrine, metabolic, blood, and immune disorders",3,Rate,2019,233.89123978807,300.06276965583,189.05002051664
1,All Population,5,Prevalence,92,Spain,3,Both,22,All ages,625,"Other endocrine, metabolic, blood, and immune disorders",3,Rate,2019,2014.5157853934202,2330.23007866594,1695.80921071825
1,All Population,5,Prevalence,45,Bulgaria,3,Both,22,All ages,625,"Other endocrine, metabolic, blood, and immune disorders",3,Rate,2019,1472.9639676572099,1938.2265184436299,1191.14278554078
1,All Population,5,Prevalence,141,Egypt,3,Both,22,All ages,625,"Other endocrine, metabolic, blood, and immune disorders",3,Rate,2017,240.11910561175,291.59288079071996,197.47414655896003
1,All Population,5,Prevalence,35,Georgia,3,Both,22,All ages,625,"Other endocrine, metabolic, blood, and immune disorders",3,Rate,2017,1638.0717211678002,2081.0297444133203,1389.2432912124
1,All Population,5,Prevalence,193,Botswana,3,Both,22,All ages,625,"Other endocrine, metabolic, blood, and immune disorders",3,Rate,2019,363.14189316234,443.43422745922,300.74993134384
1,All Population,5,Prevalence,177,Djibouti,3,Both,22,All ages,625,"Other endocrine, metabolic, blood, and immune disorders",3,Rate,2018,198.57843661459998,251.90398254707,156.56212430277
1,All Population,5,Prevalence,210,Liberia,3,Both,22,All ages,625,"Other endocrine, metabolic, blood, and immune disorders",3,Rate,2019,172.86329083085,212.88703339824997,140.99048820738
1,All Population,5,Prevalence,151,Qatar,3,Both,22,All ages,625,"Other endocrine, metabolic, blood, and immune disorders",3,Rate,2015,223.97811710552,284.83706731741995,184.62778794845002
1,All Population,5,Prevalence,208,Guinea,3,Both,22,All ages,625,"Other endocrine, metabolic, blood, and immune disorders",3,Rate,2019,157.15232115576,191.93956323114,130.31498907954
1,All Population,5,Prevalence,164,Nepal,3,Both,22,All ages,625,"Other endocrine, metabolic, blood, and immune disorders",3,Rate,2019,218.8036766541,262.36649993479,185.94279189553998
1,All Population,5,Prevalence,78,Denmark,3,Both,22,All ages,625,"Other endocrine, metabolic, blood, and immune disorders",3,Rate,2018,2393.4547997334703,2775.94114877927,2072.75927945413
1,All Population,5,Prevalence,298,American Samoa,3,Both,22,All ages,625,"Other endocrine, metabolic, blood, and immune disorders",3,Rate,2019,559.7664575308801,695.63266986365,473.96055831174994
1,All Population,5,Prevalence,217,Sierra Leone,3,Both,22,All ages,625,"Other endocrine, metabolic, blood, and immune disorders",3,Rate,2018,155.02610773945,189.75146901803,128.27168390925002
1,All Population,5,Prevalence,169,Central African Republic,3,Both,22,All ages,625,"Other endocrine, metabolic, blood, and immune disorders",3,Rate,2019,184.89550875404,224.84429202562,150.71793983024
1,All Population,5,Prevalence,51,Poland,3,Both,22,All ages,625,"Other endocrine, metabolic, blood, and immune disorders",3,Rate,2019,1247.4930084775,1531.46779669329,1102.46586009568
1,All Population,5,Prevalence,393,Saint Kitts and Nevis,3,Both,22,All ages,625,"Other endocrine, metabolic, blood, and immune disorders",3,Rate,2019,587.00268709159,737.1416436995801,501.83559153307
1,All Population,5,Prevalence,119,Trinidad and Tobago,3,Both,22,All ages,625,"Other endocrine, metabolic, blood, and immune disorders",3,Rate,2018,665.8021177834701,853.1546291042,561.25543857703
1,All Population,5,Prevalence,10,Cambodia,3,Both,22,All ages,625,"Other endocrine, metabolic, blood, and immune disorders",3,Rate,2018,162.50272726537,201.25365836005997,129.17305605237
1,All Population,5,Prevalence,132,Panama,3,Both,22,All ages,625,"Other endocrine, metabolic, blood, and immune disorders",3,Rate,2019,373.45281367719,433.364611114,319.93164350131
1,All Population,5,Prevalence,119,Trinidad and Tobago,3,Both,22,All ages,625,"Other endocrine, metabolic, blood, and immune disorders",3,Rate,2019,679.4473854402601,874.85364270411,563.48827096098
1,All Population,5,Prevalence,376,Northern Mariana Islands,3,Both,22,All ages,625,"Other endocrine, metabolic, blood, and immune disorders",3,Rate,2018,397.63111665236,487.62706670699,331.13566510254
1,All Population,5,Prevalence,111,Dominican Republic,3,Both,22,All ages,625,"Other endocrine, metabolic, blood, and immune disorders",3,Rate,2018,375.56060798499,455.83363928307,313.77661181934
1,All Population,5,Prevalence,128,Guatemala,3,Both,22,All ages,625,"Other endocrine, metabolic, blood, and immune disorders",3,Rate,2018,295.43976680777,347.46088364298004,256.14338193645
1,All Population,5,Prevalence,144,Jordan,3,Both,22,All ages,625,"Other endocrine, metabolic, blood, and immune disorders",3,Rate,2018,243.70667333518003,295.84584406667,199.22683216439
1,All Population,5,Prevalence,205,Côte d'Ivoire,3,Both,22,All ages,625,"Other endocrine, metabolic, blood, and immune disorders",3,Rate,2019,159.31040614865,196.06677603229,128.16803842482
1,All Population,5,Prevalence,170,Congo,3,Both,22,All ages,625,"Other endocrine, metabolic, blood, and immune disorders",3,Rate,2019,234.41867476516,285.11776730163,191.26001695985
1,All Population,5,Prevalence,108,Belize,3,Both,22,All ages,625,"Other endocrine, metabolic, blood, and immune disorders",3,Rate,2018,442.15952816323005,508.32134034984,387.71032042098
1,All Population,5,Prevalence,183,Mauritius,3,Both,22,All ages,625,"Other endocrine, metabolic, blood, and immune disorders",3,Rate,2019,322.97914588437,408.7230556455,265.72959605059003
1,All Population,5,Prevalence,153,Syrian Arab Republic,3,Both,22,All ages,625,"Other endocrine, metabolic, blood, and immune disorders",3,Rate,2019,290.55075544123997,388.71311156702,233.00968555633003
1,All Population,5,Prevalence,157,Yemen,3,Both,22,All ages,625,"Other endocrine, metabolic, blood, and immune disorders",3,Rate,2019,173.92826536376998,213.28995055181002,142.12315457305002
1,All Population,5,Prevalence,201,Burkina Faso,3,Both,22,All ages,625,"Other endocrine, metabolic, blood, and immune disorders",3,Rate,2019,150.97748201311,187.34568436671,123.46097845916
1,All Population,5,Prevalence,16,Philippines,3,Both,22,All ages,625,"Other endocrine, metabolic, blood, and immune disorders",3,Rate,2018,194.91097531818,230.6014764244,158.68382482744002
1,All Population,5,Prevalence,305,Bermuda,3,Both,22,All ages,625,"Other endocrine, metabolic, blood, and immune disorders",3,Rate,2019,746.3219617807499,883.5964656375401,647.81472089711
1,All Population,5,Prevalence,218,Togo,3,Both,22,All ages,625,"Other endocrine, metabolic, blood, and immune disorders",3,Rate,2018,173.75899964144,215.08018196092,140.38700501922
1,All Population,5,Prevalence,95,United Kingdom,3,Both,22,All ages,625,"Other endocrine, metabolic, blood, and immune disorders",3,Rate,2018,2088.40094069348,2362.5971569276103,1831.75200615526
1,All Population,5,Prevalence,185,Rwanda,3,Both,22,All ages,625,"Other endocrine, metabolic, blood, and immune disorders",3,Rate,2018,185.19687559842,223.63985620077,151.26155355308998
1,All Population,5,Prevalence,190,Uganda,3,Both,22,All ages,625,"Other endocrine, metabolic, blood, and immune disorders",3,Rate,2018,147.18045220391,179.74929967891,120.78595889708001
1,All Population,5,Prevalence,63,Ukraine,3,Both,22,All ages,625,"Other endocrine, metabolic, blood, and immune disorders",3,Rate,2018,1765.6418582016602,2159.917042559,1450.97111031955
1,All Population,5,Prevalence,155,Türkiye,3,Both,22,All ages,625,"Other endocrine, metabolic, blood, and immune disorders",3,Rate,2018,427.82612796391004,507.29396231991,350.93745588851
1,All Population,5,Prevalence,48,Hungary,3,Both,22,All ages,625,"Other endocrine, metabolic, blood, and immune disorders",3,Rate,2018,1871.5248887097898,2246.12893040438,1608.3362578247902
1,All Population,5,Prevalence,57,Belarus,3,Both,22,All ages,625,"Other endocrine, metabolic, blood, and immune disorders",3,Rate,2017,2047.48736812413,2535.635699878,1607.2790890332099
1,All Population,5,Prevalence,195,Namibia,3,Both,22,All ages,625,"Other endocrine, metabolic, blood, and immune disorders",3,Rate,2018,329.59578446933,384.10875930225,276.63426314406996
1,All Population,5,Prevalence,85,Israel,3,Both,22,All ages,625,"Other endocrine, metabolic, blood, and immune disorders",3,Rate,2018,1733.18351130548,2002.31531807741,1511.56601018668
1,All Population,5,Prevalence,369,Nauru,3,Both,22,All ages,625,"Other endocrine, metabolic, blood, and immune disorders",3,Rate,2019,251.79090105755998,327.29263002710996,205.91997917732
1,All Population,5,Prevalence,204,Chad,3,Both,22,All ages,625,"Other endocrine, metabolic, blood, and immune disorders",3,Rate,2019,135.31895788471,173.95952294974,104.0978980123
1,All Population,5,Prevalence,156,United Arab Emirates,3,Both,22,All ages,625,"Other endocrine, metabolic, blood, and immune disorders",3,Rate,2019,289.60307239281,368.90977354118,232.17712490264
1,All Population,5,Prevalence,113,Guyana,3,Both,22,All ages,625,"Other endocrine, metabolic, blood, and immune disorders",3,Rate,2017,495.80115693880003,588.10106935346,424.26941685938004
1,All Population,5,Prevalence,98,Chile,3,Both,22,All ages,625,"Other endocrine, metabolic, blood, and immune disorders",3,Rate,2018,1458.64675323297,1630.6860085724,1304.60198939465
1,All Population,5,Prevalence,77,Cyprus,3,Both,22,All ages,625,"Other endocrine, metabolic, blood, and immune disorders",3,Rate,2018,1104.2796249089101,1249.30800955662,980.2958717
1,All Population,5,Prevalence,200,Benin,3,Both,22,All ages,625,"Other endocrine, metabolic, blood, and immune disorders",3,Rate,2019,150.94302186663,186.69444546428,123.52480133964
1,All Population,5,Prevalence,17,Sri Lanka,3,Both,22,All ages,625,"Other endocrine, metabolic, blood, and immune disorders",3,Rate,2018,199.97353990447,246.75329338588,158.48055271059002
1,All Population,5,Prevalence,170,Congo,3,Both,22,All ages,625,"Other endocrine, metabolic, blood, and immune disorders",3,Rate,2018,233.06627672455,283.35400400395,190.55274229008
1,All Population,5,Prevalence,149,Palestine,3,Both,22,All ages,625,"Other endocrine, metabolic, blood, and immune disorders",3,Rate,2018,224.07708100063,275.45095223761,185.65874122892998
1,All Population,5,Prevalence,162,Bhutan,3,Both,22,All ages,625,"Other endocrine, metabolic, blood, and immune disorders",3,Rate,2018,206.7311218478,256.22040280385,168.71132525939
1,All Population,5,Prevalence,187,Somalia,3,Both,22,All ages,625,"Other endocrine, metabolic, blood, and immune disorders",3,Rate,2017,163.3388592217,203.37464125388,128.82298629181
1,All Population,5,Prevalence,205,Côte d'Ivoire,3,Both,22,All ages,625,"Other endocrine, metabolic, blood, and immune disorders",3,Rate,2017,156.29201148993,191.10023954656,127.39657178174001
1,All Population,5,Prevalence,203,Cabo Verde,3,Both,22,All ages,625,"Other endocrine, metabolic, blood, and immune disorders",3,Rate,2018,206.21977531781002,271.9756757468,164.39205560491
1,All Population,5,Prevalence,125,Colombia,3,Both,22,All ages,625,"Other endocrine, metabolic, blood, and immune disorders",3,Rate,2018,402.17669710025,466.48134800267,349.76767465661
1,All Population,5,Prevalence,33,Armenia,3,Both,22,All ages,625,"Other endocrine, metabolic, blood, and immune disorders",3,Rate,2018,1089.19182934051,1322.43198906341,898.67859161469
1,All Population,5,Prevalence,173,Gabon,3,Both,22,All ages,625,"Other endocrine, metabolic, blood, and immune disorders",3,Rate,2017,293.12461340235,341.47151865815,244.31153735354002
1,All Population,5,Prevalence,218,Togo,3,Both,22,All ages,625,"Other endocrine, metabolic, blood, and immune disorders",3,Rate,2019,176.98926789909,223.01780806725998,141.91735207425
1,All Population,5,Prevalence,171,Democratic Republic of the Congo,3,Both,22,All ages,625,"Other endocrine, metabolic, blood, and immune disorders",3,Rate,2018,187.7452373079,225.02605606473,151.83461280346
1,All Population,5,Prevalence,184,Mozambique,3,Both,22,All ages,625,"Other endocrine, metabolic, blood, and immune disorders",3,Rate,2019,155.32985814884,189.16776076957,126.27153860732001
1,All Population,5,Prevalence,91,Portugal,3,Both,22,All ages,625,"Other endocrine, metabolic, blood, and immune disorders",3,Rate,2018,2166.84221985582,2554.107859805,1817.7448234948602
1,All Population,5,Prevalence,89,Netherlands,3,Both,22,All ages,625,"Other endocrine, metabolic, blood, and immune disorders",3,Rate,2018,1976.7095850928,2340.5349405384,1668.29935041003
1,All Population,5,Prevalence,147,Libya,3,Both,22,All ages,625,"Other endocrine, metabolic, blood, and immune disorders",3,Rate,2019,300.73084145029003,386.65389932847,241.16302272338
1,All Population,5,Prevalence,44,Bosnia and Herzegovina,3,Both,22,All ages,625,"Other endocrine, metabolic, blood, and immune disorders",3,Rate,2018,1468.46359970178,1885.65736110399,1208.20194610063
1,All Population,5,Prevalence,72,New Zealand,3,Both,22,All ages,625,"Other endocrine, metabolic, blood, and immune disorders",3,Rate,2018,1004.56467600262,1133.957404312,885.44676410084
1,All Population,5,Prevalence,210,Liberia,3,Both,22,All ages,625,"Other endocrine, metabolic, blood, and immune disorders",3,Rate,2018,170.13233772954,206.78272844334,139.07357863534
1,All Population,5,Prevalence,87,Luxembourg,3,Both,22,All ages,625,"Other endocrine, metabolic, blood, and immune disorders",3,Rate,2017,1845.2993699970302,2060.87643455858,1646.76267072012
1,All Population,5,Prevalence,55,Slovenia,3,Both,22,All ages,625,"Other endocrine, metabolic, blood, and immune disorders",3,Rate,2018,1980.14559179117,2260.88433476247,1767.9877789207699
1,All Population,5,Prevalence,25,Micronesia (Federated States of),3,Both,22,All ages,625,"Other endocrine, metabolic, blood, and immune disorders",3,Rate,2018,427.61137261126004,504.82664416256995,363.74634979487996
1,All Population,5,Prevalence,144,Jordan,3,Both,22,All ages,625,"Other endocrine, metabolic, blood, and immune disorders",3,Rate,2017,238.53263035352998,291.98988652052,194.62070083452
1,All Population,5,Prevalence,82,Greece,3,Both,22,All ages,625,"Other endocrine, metabolic, blood, and immune disorders",3,Rate,2016,1931.57388545151,2254.51068254643,1637.79627965935
1,All Population,5,Prevalence,62,Russian Federation,3,Both,22,All ages,625,"Other endocrine, metabolic, blood, and immune disorders",3,Rate,2018,1971.80651154545,2450.47640534317,1567.4903185695098
1,All Population,5,Prevalence,154,Tunisia,3,Both,22,All ages,625,"Other endocrine, metabolic, blood, and immune disorders",3,Rate,2018,425.36263117389,503.50724855637003,358.39243589361996
1,All Population,5,Prevalence,141,Egypt,3,Both,22,All ages,625,"Other endocrine, metabolic, blood, and immune disorders",3,Rate,2018,243.78012120234,295.55819021361,199.25471381967998
1,All Population,5,Prevalence,215,Sao Tome and Principe,3,Both,22,All ages,625,"Other endocrine, metabolic, blood, and immune disorders",3,Rate,2019,212.98058189334,267.77317315086,174.06544675862
1,All Population,5,Prevalence,107,Barbados,3,Both,22,All ages,625,"Other endocrine, metabolic, blood, and immune disorders",3,Rate,2019,791.1732565925099,930.7226576371299,692.4688014055899
1,All Population,5,Prevalence,189,United Republic of Tanzania,3,Both,22,All ages,625,"Other endocrine, metabolic, blood, and immune disorders",3,Rate,2017,166.46579053063,201.30409048997998,137.54613599849
1,All Population,5,Prevalence,385,Puerto Rico,3,Both,22,All ages,625,"Other endocrine, metabolic, blood, and immune disorders",3,Rate,2017,925.01249830089,1038.11338048014,820.8440613615999
1,All Population,5,Prevalence,212,Mauritania,3,Both,22,All ages,625,"Other endocrine, metabolic, blood, and immune disorders",3,Rate,2019,189.07669017198,247.95749394332998,147.65764994757998
1,All Population,5,Prevalence,160,Afghanistan,3,Both,22,All ages,625,"Other endocrine, metabolic, blood, and immune disorders",3,Rate,2019,150.24046076591,186.18777795933,118.71193421285
1,All Population,5,Prevalence,128,Guatemala,3,Both,22,All ages,625,"Other endocrine, metabolic, blood, and immune disorders",3,Rate,2017,291.85229069743,345.5784711729,253.00282736650001
1,All Population,5,Prevalence,36,Kazakhstan,3,Both,22,All ages,625,"Other endocrine, metabolic, blood, and immune disorders",3,Rate,2018,1094.17525126448,1372.89914368627,888.7731579036599
1,All Population,5,Prevalence,189,United Republic of Tanzania,3,Both,22,All ages,625,"Other endocrine, metabolic, blood, and immune disorders",3,Rate,2018,168.40700920946,204.30605468288,139.75837151574
1,All Population,5,Prevalence,94,Switzerland,3,Both,22,All ages,625,"Other endocrine, metabolic, blood, and immune disorders",3,Rate,2019,1569.94700924995,1761.3990934560402,1405.01032664835
1,All Population,5,Prevalence,47,Czechia,3,Both,22,All ages,625,"Other endocrine, metabolic, blood, and immune disorders",3,Rate,2019,1939.63756149859,2338.09178491179,1668.83015751408
1,All Population,5,Prevalence,47,Czechia,3,Both,22,All ages,625,"Other endocrine, metabolic, blood, and immune disorders",3,Rate,2018,1927.64608650944,2301.60854617395,1669.49105612435
1,All Population,5,Prevalence,435,South Sudan,3,Both,22,All ages,625,"Other endocrine, metabolic, blood, and immune disorders",3,Rate,2018,155.90297661876002,197.76910906562003,124.86079989535001
1,All Population,5,Prevalence,522,Sudan,3,Both,22,All ages,625,"Other endocrine, metabolic, blood, and immune disorders",3,Rate,2019,235.32838123509,309.02894871705,186.59536863082
1,All Population,5,Prevalence,396,San Marino,3,Both,22,All ages,625,"Other endocrine, metabolic, blood, and immune disorders",3,Rate,2019,1773.4979444280398,2113.97883573845,1461.66188516888
1,All Population,5,Prevalence,435,South Sudan,3,Both,22,All ages,625,"Other endocrine, metabolic, blood, and immune disorders",3,Rate,2019,160.30000194107,201.28782788625,128.12651330121
1,All Population,5,Prevalence,121,Bolivia (Plurinational State of),3,Both,22,All ages,625,"Other endocrine, metabolic, blood, and immune disorders",3,Rate,2019,529.2686719071701,655.91416542319,424.78449719357
1,All Population,5,Prevalence,40,Turkmenistan,3,Both,22,All ages,625,"Other endocrine, metabolic, blood, and immune disorders",3,Rate,2020,1020.4305087531999,1232.8601755721202,831.97366425728
1,All Population,5,Prevalence,74,Andorra,3,Both,22,All ages,625,"Other endocrine, metabolic, blood, and immune disorders",3,Rate,2020,1567.7338507909099,1902.74599815226,1248.40378434984
1,All Population,5,Prevalence,85,Israel,3,Both,22,All ages,625,"Other endocrine, metabolic, blood, and immune disorders",3,Rate,2019,1739.63468862617,2012.3269435138002,1504.68487744193
1,All Population,5,Prevalence,27,Samoa,3,Both,22,All ages,625,"Other endocrine, metabolic, blood, and immune disorders",3,Rate,2020,252.79581369145,304.40496814342,211.41932670106002
1,All Population,5,Prevalence,8,Taiwan,3,Both,22,All ages,625,"Other endocrine, metabolic, blood, and immune disorders",3,Rate,2019,319.15073294766,367.5040778415,271.51460840921
1,All Population,5,Prevalence,121,Bolivia (Plurinational State of),3,Both,22,All ages,625,"Other endocrine, metabolic, blood, and immune disorders",3,Rate,2018,521.61514838752,636.95584067358,419.70044935618
1,All Population,5,Prevalence,68,Republic of Korea,3,Both,22,All ages,625,"Other endocrine, metabolic, blood, and immune disorders",3,Rate,2020,863.6588307160899,1047.8457643826798,678.48551928115
1,All Population,5,Prevalence,349,Greenland,3,Both,22,All ages,625,"Other endocrine, metabolic, blood, and immune disorders",3,Rate,2019,1014.22107071736,1334.07083669662,810.77286605636
1,All Population,5,Prevalence,33,Armenia,3,Both,22,All ages,625,"Other endocrine, metabolic, blood, and immune disorders",3,Rate,2020,1121.20526946833,1376.87659251468,916.97983542087
1,All Population,5,Prevalence,422,United States Virgin Islands,3,Both,22,All ages,625,"Other endocrine, metabolic, blood, and immune disorders",3,Rate,2017,774.02939066841,979.8408271874099,644.0443241274701
1,All Population,5,Prevalence,60,Lithuania,3,Both,22,All ages,625,"Other endocrine, metabolic, blood, and immune disorders",3,Rate,2019,2360.26616353403,2685.42388379238,2094.67653569168
1,All Population,5,Prevalence,157,Yemen,3,Both,22,All ages,625,"Other endocrine, metabolic, blood, and immune disorders",3,Rate,2017,168.48866414111,207.40225136538,136.35589726843
1,All Population,5,Prevalence,171,Democratic Republic of the Congo,3,Both,22,All ages,625,"Other endocrine, metabolic, blood, and immune disorders",3,Rate,2019,189.80262937015,229.99913962848998,152.97207566704
1,All Population,5,Prevalence,202,Cameroon,3,Both,22,All ages,625,"Other endocrine, metabolic, blood, and immune disorders",3,Rate,2018,167.55117105251,204.3841921311,138.00173860487
1,All Population,5,Prevalence,184,Mozambique,3,Both,22,All ages,625,"Other endocrine, metabolic, blood, and immune disorders",3,Rate,2018,154.51025139607998,187.84397643123,126.30379253715
1,All Population,5,Prevalence,80,France,3,Both,22,All ages,625,"Other endocrine, metabolic, blood, and immune disorders",3,Rate,2020,2165.5226076312697,2551.16404218515,1843.29341569799
1,All Population,5,Prevalence,30,Vanuatu,3,Both,22,All ages,625,"Other endocrine, metabolic, blood, and immune disorders",3,Rate,2020,226.06693179465998,289.25269798866003,184.83982756854002
1,All Population,5,Prevalence,351,Guam,3,Both,22,All ages,625,"Other endocrine, metabolic, blood, and immune disorders",3,Rate,2017,336.52788393641003,401.98871349752,283.7390809296
1,All Population,5,Prevalence,15,Myanmar,3,Both,22,All ages,625,"Other endocrine, metabolic, blood, and immune disorders",3,Rate,2020,163.95033677087,203.76113516806,128.48209153919
1,All Population,5,Prevalence,79,Finland,3,Both,22,All ages,625,"Other endocrine, metabolic, blood, and immune disorders",3,Rate,2020,2009.2369328038599,2230.71841429037,1815.1307644667302
1,All Population,5,Prevalence,78,Denmark,3,Both,22,All ages,625,"Other endocrine, metabolic, blood, and immune disorders",3,Rate,2019,2386.81055095914,2789.25912538374,2078.71691444467
1,All Population,5,Prevalence,157,Yemen,3,Both,22,All ages,625,"Other endocrine, metabolic, blood, and immune disorders",3,Rate,2018,171.18507508085,210.37172006196002,139.27771864292
1,All Population,5,Prevalence,33,Armenia,3,Both,22,All ages,625,"Other endocrine, metabolic, blood, and immune disorders",3,Rate,2019,1104.76256056483,1350.32949074941,908.4423420983401
1,All Population,5,Prevalence,108,Belize,3,Both,22,All ages,625,"Other endocrine, metabolic, blood, and immune disorders",3,Rate,2019,451.80138388577,519.32244377275,393.83317010157003
1,All Population,5,Prevalence,110,Dominica,3,Both,22,All ages,625,"Other endocrine, metabolic, blood, and immune disorders",3,Rate,2017,614.89227329452,801.53247534462,506.89527072068
1,All Population,5,Prevalence,136,Paraguay,3,Both,22,All ages,625,"Other endocrine, metabolic, blood, and immune disorders",3,Rate,2019,476.85061441351,599.99453212803,390.59869355142
1,All Population,5,Prevalence,385,Puerto Rico,3,Both,22,All ages,625,"Other endocrine, metabolic, blood, and immune disorders",3,Rate,2018,945.09383583743,1078.2408109262801,840.99564868971
1,All Population,5,Prevalence,6,China,3,Both,22,All ages,625,"Other endocrine, metabolic, blood, and immune disorders",3,Rate,2020,204.1449779655,249.35760860822,165.5881780091
1,All Population,5,Prevalence,55,Slovenia,3,Both,22,All ages,625,"Other endocrine, metabolic, blood, and immune disorders",3,Rate,2019,1950.70700953456,2236.0713328459,1717.76331203094
1,All Population,5,Prevalence,74,Andorra,3,Both,22,All ages,625,"Other endocrine, metabolic, blood, and immune disorders",3,Rate,2019,1556.31554595299,1879.54612401851,1249.6487573586999
1,All Population,5,Prevalence,79,Finland,3,Both,22,All ages,625,"Other endocrine, metabolic, blood, and immune disorders",3,Rate,2017,1999.05531216925,2198.83485167486,1819.21396788263
1,All Population,5,Prevalence,40,Turkmenistan,3,Both,22,All ages,625,"Other endocrine, metabolic, blood, and immune disorders",3,Rate,2019,1008.16475660005,1221.48075887927,819.7932610037701
1,All Population,5,Prevalence,53,Serbia,3,Both,22,All ages,625,"Other endocrine, metabolic, blood, and immune disorders",3,Rate,2020,1440.20943354164,1709.0216418379398,1212.5874846765698
1,All Population,5,Prevalence,87,Luxembourg,3,Both,22,All ages,625,"Other endocrine, metabolic, blood, and immune disorders",3,Rate,2020,1876.0035547064901,2119.9740817166203,1665.0590565570399
1,All Population,5,Prevalence,14,Maldives,3,Both,22,All ages,625,"Other endocrine, metabolic, blood, and immune disorders",3,Rate,2020,291.33758564878997,355.42351742378,241.2618902836
1,All Population,5,Prevalence,172,Equatorial Guinea,3,Both,22,All ages,625,"Other endocrine, metabolic, blood, and immune disorders",3,Rate,2018,184.27084158855,225.62305905531,147.00631937581
1,All Population,5,Prevalence,61,Republic of Moldova,3,Both,22,All ages,625,"Other endocrine, metabolic, blood, and immune disorders",3,Rate,2020,2206.59964994303,2784.8320507432,1744.61805424957
1,All Population,5,Prevalence,93,Sweden,3,Both,22,All ages,625,"Other endocrine, metabolic, blood, and immune disorders",3,Rate,2019,1655.98356351975,1818.17444748017,1504.1986262084001
1,All Population,5,Prevalence,76,Belgium,3,Both,22,All ages,625,"Other endocrine, metabolic, blood, and immune disorders",3,Rate,2020,3651.3534331579403,4234.75653754329,3139.9388031336
1,All Population,5,Prevalence,125,Colombia,3,Both,22,All ages,625,"Other endocrine, metabolic, blood, and immune disorders",3,Rate,2019,406.35857467546,470.60589607977,351.29008423704
1,All Population,5,Prevalence,67,Japan,3,Both,22,All ages,625,"Other endocrine, metabolic, blood, and immune disorders",3,Rate,2019,1279.72117945433,1597.1613219190099,1034.66441083706
1,All Population,5,Prevalence,191,Zambia,3,Both,22,All ages,625,"Other endocrine, metabolic, blood, and immune disorders",3,Rate,2015,140.40496370971,171.40654746408,113.65539262947999
1,All Population,5,Prevalence,60,Lithuania,3,Both,22,All ages,625,"Other endocrine, metabolic, blood, and immune disorders",3,Rate,2020,2364.18738954667,2698.64983206863,2085.48206525526
1,All Population,5,Prevalence,113,Guyana,3,Both,22,All ages,625,"Other endocrine, metabolic, blood, and immune disorders",3,Rate,2018,501.96998412563,593.76926404566,430.82912564443006
1,All Population,5,Prevalence,45,Bulgaria,3,Both,22,All ages,625,"Other endocrine, metabolic, blood, and immune disorders",3,Rate,2020,1485.8987212330499,1948.29905771709,1194.27134427383
1,All Population,5,Prevalence,92,Spain,3,Both,22,All ages,625,"Other endocrine, metabolic, blood, and immune disorders",3,Rate,2020,2034.11329589512,2346.34047956946,1686.57593300107
1,All Population,5,Prevalence,351,Guam,3,Both,22,All ages,625,"Other endocrine, metabolic, blood, and immune disorders",3,Rate,2018,342.13721134488003,408.65305058802005,286.74622563124
1,All Population,5,Prevalence,75,Austria,3,Both,22,All ages,625,"Other endocrine, metabolic, blood, and immune disorders",3,Rate,2020,4560.86480590898,5093.82357560714,4073.17500730914
1,All Population,5,Prevalence,151,Qatar,3,Both,22,All ages,625,"Other endocrine, metabolic, blood, and immune disorders",3,Rate,2018,230.82170730964,293.11221385440996,189.52224282353
1,All Population,5,Prevalence,46,Croatia,3,Both,22,All ages,625,"Other endocrine, metabolic, blood, and immune disorders",3,Rate,2020,1888.1506209378,2201.4823091682697,1674.16804393507
1,All Population,5,Prevalence,20,Viet Nam,3,Both,22,All ages,625,"Other endocrine, metabolic, blood, and immune disorders",3,Rate,2016,188.35396577064,227.53590057409002,152.07079404523
1,All Population,5,Prevalence,179,Ethiopia,3,Both,22,All ages,625,"Other endocrine, metabolic, blood, and immune disorders",3,Rate,2017,148.69123172172,182.16895557718,120.21914090805
1,All Population,5,Prevalence,142,Iran (Islamic Republic of),3,Both,22,All ages,625,"Other endocrine, metabolic, blood, and immune disorders",3,Rate,2019,325.66077554391,388.63058909421,267.6021994343
1,All Population,5,Prevalence,23,Kiribati,3,Both,22,All ages,625,"Other endocrine, metabolic, blood, and immune disorders",3,Rate,2020,236.36710348076,297.07603664554,192.50218950013
1,All Population,5,Prevalence,149,Palestine,3,Both,22,All ages,625,"Other endocrine, metabolic, blood, and immune disorders",3,Rate,2017,220.22130463118,272.47167894185003,183.98906466884998
1,All Population,5,Prevalence,145,Kuwait,3,Both,22,All ages,625,"Other endocrine, metabolic, blood, and immune disorders",3,Rate,2020,264.54725980492,322.85485779191004,220.50481343036998
1,All Population,5,Prevalence,149,Palestine,3,Both,22,All ages,625,"Other endocrine, metabolic, blood, and immune disorders",3,Rate,2019,227.97375730754,280.37839813261,187.19828346495999
1,All Population,5,Prevalence,25,Micronesia (Federated States of),3,Both,22,All ages,625,"Other endocrine, metabolic, blood, and immune disorders",3,Rate,2019,434.86693587906996,511.88875842295,370.93947708901
1,All Population,5,Prevalence,112,Grenada,3,Both,22,All ages,625,"Other endocrine, metabolic, blood, and immune disorders",3,Rate,2019,681.81804710688,776.53845666232,587.87656312228
1,All Population,5,Prevalence,190,Uganda,3,Both,22,All ages,625,"Other endocrine, metabolic, blood, and immune disorders",3,Rate,2015,141.67195172766,173.24081121266,117.28833406061
1,All Population,5,Prevalence,48,Hungary,3,Both,22,All ages,625,"Other endocrine, metabolic, blood, and immune disorders",3,Rate,2019,1886.6721044881199,2250.6559215645602,1604.8077632136199
1,All Population,5,Prevalence,206,Gambia,3,Both,22,All ages,625,"Other endocrine, metabolic, blood, and immune disorders",3,Rate,2019,164.8404807006,204.72909849492999,133.00387890365
1,All Population,5,Prevalence,34,Azerbaijan,3,Both,22,All ages,625,"Other endocrine, metabolic, blood, and immune disorders",3,Rate,2020,1261.79321825924,1563.50002843094,1030.05171409426
1,All Population,5,Prevalence,12,Lao People's Democratic Republic,3,Both,22,All ages,625,"Other endocrine, metabolic, blood, and immune disorders",3,Rate,2019,138.02790965284,169.07862637985002,110.87563608753999
1,All Population,5,Prevalence,160,Afghanistan,3,Both,22,All ages,625,"Other endocrine, metabolic, blood, and immune disorders",3,Rate,2020,151.55527450834,188.05050219764001,119.97727289334999
1,All Population,5,Prevalence,59,Latvia,3,Both,22,All ages,625,"Other endocrine, metabolic, blood, and immune disorders",3,Rate,2019,2462.38600484419,2907.43331537275,2108.1752583133098
1,All Population,5,Prevalence,413,Tokelau,3,Both,22,All ages,625,"Other endocrine, metabolic, blood, and immune disorders",3,Rate,2018,304.14617951876,381.80900055012,247.18282110907998
1,All Population,5,Prevalence,202,Cameroon,3,Both,22,All ages,625,"Other endocrine, metabolic, blood, and immune disorders",3,Rate,2019,169.02645216698,206.32054889654998,139.34221230736
1,All Population,5,Prevalence,215,Sao Tome and Principe,3,Both,22,All ages,625,"Other endocrine, metabolic, blood, and immune disorders",3,Rate,2017,204.44395753932,258.04527081720005,167.5171597458
1,All Population,5,Prevalence,19,Timor-Leste,3,Both,22,All ages,625,"Other endocrine, metabolic, blood, and immune disorders",3,Rate,2018,127.89723896772999,159.86252470162,102.76184852886999
1,All Population,5,Prevalence,186,Seychelles,3,Both,22,All ages,625,"Other endocrine, metabolic, blood, and immune disorders",3,Rate,2019,226.71400866132,284.86038918232,183.41664872455
1,All Population,5,Prevalence,29,Tonga,3,Both,22,All ages,625,"Other endocrine, metabolic, blood, and immune disorders",3,Rate,2020,291.07289002983,362.62688580635,243.98022648955998
1,All Population,5,Prevalence,18,Thailand,3,Both,22,All ages,625,"Other endocrine, metabolic, blood, and immune disorders",3,Rate,2019,292.70883013797,352.64564350722,237.25292289835997
1,All Population,5,Prevalence,121,Bolivia (Plurinational State of),3,Both,22,All ages,625,"Other endocrine, metabolic, blood, and immune disorders",3,Rate,2020,534.3225504544899,672.1416564777,427.96463565706
1,All Population,5,Prevalence,214,Nigeria,3,Both,22,All ages,625,"Other endocrine, metabolic, blood, and immune disorders",3,Rate,2019,144.15899285945,178.70999827098998,116.83443687268999
1,All Population,5,Prevalence,175,Burundi,3,Both,22,All ages,625,"Other endocrine, metabolic, blood, and immune disorders",3,Rate,2020,154.66501811694,191.46500700865,126.48121767399999
1,All Population,5,Prevalence,162,Bhutan,3,Both,22,All ages,625,"Other endocrine, metabolic, blood, and immune disorders",3,Rate,2019,211.19883288923,261.269610124,171.34967948764
1,All Population,5,Prevalence,181,Madagascar,3,Both,22,All ages,625,"Other endocrine, metabolic, blood, and immune disorders",3,Rate,2020,153.87423302879,188.33186534009,123.40832844008999
1,All Population,5,Prevalence,136,Paraguay,3,Both,22,All ages,625,"Other endocrine, metabolic, blood, and immune disorders",3,Rate,2020,485.25982652867003,616.53113811455,395.54366598811
1,All Population,5,Prevalence,66,Brunei Darussalam,3,Both,22,All ages,625,"Other endocrine, metabolic, blood, and immune disorders",3,Rate,2019,971.0835243852099,1128.07198533777,832.3984332608401
1,All Population,5,Prevalence,191,Zambia,3,Both,22,All ages,625,"Other endocrine, metabolic, blood, and immune disorders",3,Rate,2017,142.33012547937,174.76246444657,116.3308940411
1,All Population,5,Prevalence,217,Sierra Leone,3,Both,22,All ages,625,"Other endocrine, metabolic, blood, and immune disorders",3,Rate,2019,156.58087026914,191.66715390203,130.0167091857
1,All Population,5,Prevalence,177,Djibouti,3,Both,22,All ages,625,"Other endocrine, metabolic, blood, and immune disorders",3,Rate,2019,202.67197543167,252.87919168666,160.49881654589998
1,All Population,5,Prevalence,115,Jamaica,3,Both,22,All ages,625,"Other endocrine, metabolic, blood, and immune disorders",3,Rate,2020,437.4204347797,535.83258668472,364.93551736712004
1,All Population,5,Prevalence,102,United States of America,3,Both,22,All ages,625,"Other endocrine, metabolic, blood, and immune disorders",3,Rate,2020,1727.8344635637,1929.0625177097402,1568.79694721482
1,All Population,5,Prevalence,195,Namibia,3,Both,22,All ages,625,"Other endocrine, metabolic, blood, and immune disorders",3,Rate,2019,332.62902523572,389.49049915642,278.04375897209
1,All Population,5,Prevalence,77,Cyprus,3,Both,22,All ages,625,"Other endocrine, metabolic, blood, and immune disorders",3,Rate,2019,1116.0109557399198,1268.51078954246,988.70218153519
1,All Population,5,Prevalence,17,Sri Lanka,3,Both,22,All ages,625,"Other endocrine, metabolic, blood, and immune disorders",3,Rate,2019,204.40367424456002,252.70737398359,162.2760074826
1,All Population,5,Prevalence,107,Barbados,3,Both,22,All ages,625,"Other endocrine, metabolic, blood, and immune disorders",3,Rate,2020,803.9493112700301,955.14344528344,694.40506413643
1,All Population,5,Prevalence,122,Ecuador,3,Both,22,All ages,625,"Other endocrine, metabolic, blood, and immune disorders",3,Rate,2020,712.14368795939,787.514223017,638.2212503746
1,All Population,5,Prevalence,72,New Zealand,3,Both,22,All ages,625,"Other endocrine, metabolic, blood, and immune disorders",3,Rate,2020,1020.6839456976099,1162.38111732355,897.66353517565
1,All Population,5,Prevalence,126,Costa Rica,3,Both,22,All ages,625,"Other endocrine, metabolic, blood, and immune disorders",3,Rate,2019,364.3827600846,431.25293479346004,309.52932391734004
1,All Population,5,Prevalence,82,Greece,3,Both,22,All ages,625,"Other endocrine, metabolic, blood, and immune disorders",3,Rate,2017,1935.31311059407,2243.50732147604,1635.8685225944798
1,All Population,5,Prevalence,93,Sweden,3,Both,22,All ages,625,"Other endocrine, metabolic, blood, and immune disorders",3,Rate,2020,1659.06325573352,1829.71170180522,1502.6230907352
1,All Population,5,Prevalence,193,Botswana,3,Both,22,All ages,625,"Other endocrine, metabolic, blood, and immune disorders",3,Rate,2020,366.16740557397,453.17369703133,302.73950058203
1,All Population,5,Prevalence,55,Slovenia,3,Both,22,All ages,625,"Other endocrine, metabolic, blood, and immune disorders",3,Rate,2020,1939.8680108872898,2235.23822634931,1687.4611140592601
1,All Population,5,Prevalence,127,El Salvador,3,Both,22,All ages,625,"Other endocrine, metabolic, blood, and immune disorders",3,Rate,2020,350.50201700521,413.70315352759,298.65254162959
1,All Population,5,Prevalence,369,Nauru,3,Both,22,All ages,625,"Other endocrine, metabolic, blood, and immune disorders",3,Rate,2020,254.14102890156002,332.02390736185004,207.60830070904
1,All Population,5,Prevalence,154,Tunisia,3,Both,22,All ages,625,"Other endocrine, metabolic, blood, and immune disorders",3,Rate,2019,434.25161544053,514.2028638106,364.46799011633
1,All Population,5,Prevalence,111,Dominican Republic,3,Both,22,All ages,625,"Other endocrine, metabolic, blood, and immune disorders",3,Rate,2019,380.72549742018,463.22378011426,317.14857474266
1,All Population,5,Prevalence,49,North Macedonia,3,Both,22,All ages,625,"Other endocrine, metabolic, blood, and immune disorders",3,Rate,2019,1234.08753509923,1518.06746808614,1000.54202664845
1,All Population,5,Prevalence,139,Algeria,3,Both,22,All ages,625,"Other endocrine, metabolic, blood, and immune disorders",3,Rate,2020,289.17757646159004,379.09394389922,229.17053304822
1,All Population,5,Prevalence,173,Gabon,3,Both,22,All ages,625,"Other endocrine, metabolic, blood, and immune disorders",3,Rate,2019,298.24340432274,352.35972300308,247.94795426817998
1,All Population,5,Prevalence,169,Central African Republic,3,Both,22,All ages,625,"Other endocrine, metabolic, blood, and immune disorders",3,Rate,2020,185.43710104408999,225.87011764363,150.72747355461001
1,All Population,5,Prevalence,208,Guinea,3,Both,22,All ages,625,"Other endocrine, metabolic, blood, and immune disorders",3,Rate,2020,157.72959605087,193.11731009433,130.67661723166
1,All Population,5,Prevalence,141,Egypt,3,Both,22,All ages,625,"Other endocrine, metabolic, blood, and immune disorders",3,Rate,2019,247.56877361718,298.27347738988,201.2151791042
1,All Population,5,Prevalence,34,Azerbaijan,3,Both,22,All ages,625,"Other endocrine, metabolic, blood, and immune disorders",3,Rate,2019,1253.16736810289,1530.51047023981,1036.49376477248
1,All Population,5,Prevalence,152,Saudi Arabia,3,Both,22,All ages,625,"Other endocrine, metabolic, blood, and immune disorders",3,Rate,2020,297.91191933682995,368.66267545396005,247.42557909952
1,All Population,5,Prevalence,320,Cook Islands,3,Both,22,All ages,625,"Other endocrine, metabolic, blood, and immune disorders",3,Rate,2019,326.52681631093,414.75018917105,264.64191829294
1,All Population,5,Prevalence,140,Bahrain,3,Both,22,All ages,625,"Other endocrine, metabolic, blood, and immune disorders",3,Rate,2020,390.32366156916004,496.04724142929,322.57274746863
1,All Population,5,Prevalence,153,Syrian Arab Republic,3,Both,22,All ages,625,"Other endocrine, metabolic, blood, and immune disorders",3,Rate,2020,297.33391826618,400.65500977701004,238.97394630559998
1,All Population,5,Prevalence,80,France,3,Both,22,All ages,625,"Other endocrine, metabolic, blood, and immune disorders",3,Rate,2018,2143.65379998466,2486.71417921009,1822.58437174043
1,All Population,5,Prevalence,200,Benin,3,Both,22,All ages,625,"Other endocrine, metabolic, blood, and immune disorders",3,Rate,2020,152.58760546739998,190.82193775377,124.8691375722
1,All Population,5,Prevalence,413,Tokelau,3,Both,22,All ages,625,"Other endocrine, metabolic, blood, and immune disorders",3,Rate,2019,306.15914655881,386.06612699196,248.66656790359
1,All Population,5,Prevalence,143,Iraq,3,Both,22,All ages,625,"Other endocrine, metabolic, blood, and immune disorders",3,Rate,2017,193.91873958011,235.31181311905,159.69046140739
1,All Population,5,Prevalence,186,Seychelles,3,Both,22,All ages,625,"Other endocrine, metabolic, blood, and immune disorders",3,Rate,2020,230.19175392749,291.07052241292,187.304994446
1,All Population,5,Prevalence,164,Nepal,3,Both,22,All ages,625,"Other endocrine, metabolic, blood, and immune disorders",3,Rate,2018,215.453069663,258.68770985533996,183.66975295671
1,All Population,5,Prevalence,212,Mauritania,3,Both,22,All ages,625,"Other endocrine, metabolic, blood, and immune disorders",3,Rate,2018,187.24813497103,245.67908159203,146.97453516441
1,All Population,5,Prevalence,12,Lao People's Democratic Republic,3,Both,22,All ages,625,"Other endocrine, metabolic, blood, and immune disorders",3,Rate,2018,135.59338453406,166.5223607999,108.92624808310998
1,All Population,5,Prevalence,197,Eswatini,3,Both,22,All ages,625,"Other endocrine, metabolic, blood, and immune disorders",3,Rate,2018,377.09076001349996,450.46215984599,314.55115254053004
1,All Population,5,Prevalence,179,Ethiopia,3,Both,22,All ages,625,"Other endocrine, metabolic, blood, and immune disorders",3,Rate,2018,150.98518320527998,184.29095345874998,121.75555793139999
1,All Population,5,Prevalence,203,Cabo Verde,3,Both,22,All ages,625,"Other endocrine, metabolic, blood, and immune disorders",3,Rate,2019,211.83829413114998,280.49111863973,168.34959514189998
1,All Population,5,Prevalence,97,Argentina,3,Both,22,All ages,625,"Other endocrine, metabolic, blood, and immune disorders",3,Rate,2018,1299.48579239836,1544.46996522772,1105.93307196918
1,All Population,5,Prevalence,127,El Salvador,3,Both,22,All ages,625,"Other endocrine, metabolic, blood, and immune disorders",3,Rate,2019,345.41776675415997,403.41311860007994,294.25045080208
1,All Population,5,Prevalence,50,Montenegro,3,Both,22,All ages,625,"Other endocrine, metabolic, blood, and immune disorders",3,Rate,2018,1309.35631723952,1616.00784678546,1075.4904457893902
1,All Population,5,Prevalence,216,Senegal,3,Both,22,All ages,625,"Other endocrine, metabolic, blood, and immune disorders",3,Rate,2019,166.26553929698,204.46333488333997,136.70658886328
1,All Population,5,Prevalence,110,Dominica,3,Both,22,All ages,625,"Other endocrine, metabolic, blood, and immune disorders",3,Rate,2018,624.1215364496501,823.8607789065501,517.20817254288
1,All Population,5,Prevalence,172,Equatorial Guinea,3,Both,22,All ages,625,"Other endocrine, metabolic, blood, and immune disorders",3,Rate,2019,185.86543498984,228.57480286777002,148.76462959287
1,All Population,5,Prevalence,123,Peru,3,Both,22,All ages,625,"Other endocrine, metabolic, blood, and immune disorders",3,Rate,2020,597.10584956932,741.8219797177,483.73001448936
1,All Population,5,Prevalence,185,Rwanda,3,Both,22,All ages,625,"Other endocrine, metabolic, blood, and immune disorders",3,Rate,2019,188.55948481139,226.07119395841997,153.89271009825
1,All Population,5,Prevalence,67,Japan,3,Both,22,All ages,625,"Other endocrine, metabolic, blood, and immune disorders",3,Rate,2018,1268.15205857506,1587.78906813938,1022.7012831298799
1,All Population,5,Prevalence,126,Costa Rica,3,Both,22,All ages,625,"Other endocrine, metabolic, blood, and immune disorders",3,Rate,2020,370.53320020411,439.37493409555,313.9809642785
1,All Population,5,Prevalence,106,Bahamas,3,Both,22,All ages,625,"Other endocrine, metabolic, blood, and immune disorders",3,Rate,2020,815.15789733436,1025.95629480441,701.65394571964
1,All Population,5,Prevalence,27,Samoa,3,Both,22,All ages,625,"Other endocrine, metabolic, blood, and immune disorders",3,Rate,2018,249.09208305074,296.38508310096,210.61099880946003
1,All Population,5,Prevalence,127,El Salvador,3,Both,22,All ages,625,"Other endocrine, metabolic, blood, and immune disorders",3,Rate,2018,339.92095118955,394.90403977725,290.47406243811
1,All Population,5,Prevalence,189,United Republic of Tanzania,3,Both,22,All ages,625,"Other endocrine, metabolic, blood, and immune disorders",3,Rate,2019,170.44703432346,206.69261576101002,142.22615048043
1,All Population,5,Prevalence,79,Finland,3,Both,22,All ages,625,"Other endocrine, metabolic, blood, and immune disorders",3,Rate,2018,1999.97579804342,2205.36468621731,1818.3839573706302
1,All Population,5,Prevalence,74,Andorra,3,Both,22,All ages,625,"Other endocrine, metabolic, blood, and immune disorders",3,Rate,2018,1550.6815340288501,1873.2411240650101,1261.3351434843398
1,All Population,5,Prevalence,376,Northern Mariana Islands,3,Both,22,All ages,625,"Other endocrine, metabolic, blood, and immune disorders",3,Rate,2019,403.51913616362,485.31432135596003,336.8506737733
1,All Population,5,Prevalence,87,Luxembourg,3,Both,22,All ages,625,"Other endocrine, metabolic, blood, and immune disorders",3,Rate,2019,1867.6037227256597,2095.8351888082,1663.71879787378
1,All Population,5,Prevalence,57,Belarus,3,Both,22,All ages,625,"Other endocrine, metabolic, blood, and immune disorders",3,Rate,2018,2072.75200756941,2566.72280218206,1637.23592566479
1,All Population,5,Prevalence,205,Côte d'Ivoire,3,Both,22,All ages,625,"Other endocrine, metabolic, blood, and immune disorders",3,Rate,2018,157.7447917816,193.02701475317,127.71305671717
1,All Population,5,Prevalence,168,Angola,3,Both,22,All ages,625,"Other endocrine, metabolic, blood, and immune disorders",3,Rate,2019,193.85763620543,254.37411309607,155.69473491652
1,All Population,5,Prevalence,155,Türkiye,3,Both,22,All ages,625,"Other endocrine, metabolic, blood, and immune disorders",3,Rate,2019,436.31482377405,515.77269377407,357.96517695266
1,All Population,5,Prevalence,168,Angola,3,Both,22,All ages,625,"Other endocrine, metabolic, blood, and immune disorders",3,Rate,2020,195.21508469290998,259.44338597551,155.34922614445
1,All Population,5,Prevalence,201,Burkina Faso,3,Both,22,All ages,625,"Other endocrine, metabolic, blood, and immune disorders",3,Rate,2020,152.01464981643,187.58229708302,123.92503273669
1,All Population,5,Prevalence,190,Uganda,3,Both,22,All ages,625,"Other endocrine, metabolic, blood, and immune disorders",3,Rate,2017,145.15623762599,176.18298037594002,119.23041165669999
1,All Population,5,Prevalence,183,Mauritius,3,Both,22,All ages,625,"Other endocrine, metabolic, blood, and immune disorders",3,Rate,2020,328.58937937161,419.46686950971997,269.07897709591
1,All Population,5,Prevalence,144,Jordan,3,Both,22,All ages,625,"Other endocrine, metabolic, blood, and immune disorders",3,Rate,2019,249.09831521582,302.53414133871,203.87445622839
1,All Population,5,Prevalence,18,Thailand,3,Both,22,All ages,625,"Other endocrine, metabolic, blood, and immune disorders",3,Rate,2018,285.03141601824,343.20393550721997,234.07872076132998
1,All Population,5,Prevalence,97,Argentina,3,Both,22,All ages,625,"Other endocrine, metabolic, blood, and immune disorders",3,Rate,2017,1284.22341541771,1523.28268239398,1088.3594040015
1,All Population,5,Prevalence,215,Sao Tome and Principe,3,Both,22,All ages,625,"Other endocrine, metabolic, blood, and immune disorders",3,Rate,2020,217.10478537808999,272.67406357808,176.79242778775
1,All Population,5,Prevalence,83,Iceland,3,Both,22,All ages,625,"Other endocrine, metabolic, blood, and immune disorders",3,Rate,2020,1838.9796669229402,2173.83315593501,1562.56970292655
1,All Population,5,Prevalence,44,Bosnia and Herzegovina,3,Both,22,All ages,625,"Other endocrine, metabolic, blood, and immune disorders",3,Rate,2020,1487.4401417015201,1930.4232193567802,1218.32785304962
1,All Population,5,Prevalence,10,Cambodia,3,Both,22,All ages,625,"Other endocrine, metabolic, blood, and immune disorders",3,Rate,2021,172.45372256248,214.98353856756998,136.02758273333998
1,All Population,5,Prevalence,89,Netherlands,3,Both,22,All ages,625,"Other endocrine, metabolic, blood, and immune disorders",3,Rate,2017,1977.3074835057703,2340.6651231249703,1675.93886381054
1,All Population,5,Prevalence,57,Belarus,3,Both,22,All ages,625,"Other endocrine, metabolic, blood, and immune disorders",3,Rate,2020,2116.21667770012,2651.2738493443,1691.28036368275
1,All Population,5,Prevalence,187,Somalia,3,Both,22,All ages,625,"Other endocrine, metabolic, blood, and immune disorders",3,Rate,2020,165.28513593519,205.25496494821,129.30041659968
1,All Population,5,Prevalence,349,Greenland,3,Both,22,All ages,625,"Other endocrine, metabolic, blood, and immune disorders",3,Rate,2020,1024.39508369792,1360.31161611775,821.74580019388
1,All Population,5,Prevalence,396,San Marino,3,Both,22,All ages,625,"Other endocrine, metabolic, blood, and immune disorders",3,Rate,2020,1789.71881494986,2128.55315376782,1468.0078039237999
1,All Population,5,Prevalence,305,Bermuda,3,Both,22,All ages,625,"Other endocrine, metabolic, blood, and immune disorders",3,Rate,2020,755.19391608968,891.75800940129,654.00253952096
1,All Population,5,Prevalence,216,Senegal,3,Both,22,All ages,625,"Other endocrine, metabolic, blood, and immune disorders",3,Rate,2020,167.46390184763,204.23420245982,138.01019036009
1,All Population,5,Prevalence,173,Gabon,3,Both,22,All ages,625,"Other endocrine, metabolic, blood, and immune disorders",3,Rate,2020,300.42687127641,356.10515841731996,248.57337282785
1,All Population,5,Prevalence,156,United Arab Emirates,3,Both,22,All ages,625,"Other endocrine, metabolic, blood, and immune disorders",3,Rate,2018,283.67149717581,362.13906452818003,226.85011866735002
1,All Population,5,Prevalence,50,Montenegro,3,Both,22,All ages,625,"Other endocrine, metabolic, blood, and immune disorders",3,Rate,2019,1298.7000004242,1614.59144193098,1062.83441044356
1,All Population,5,Prevalence,66,Brunei Darussalam,3,Both,22,All ages,625,"Other endocrine, metabolic, blood, and immune disorders",3,Rate,2018,950.26571678513,1107.37453834959,818.3823609585901
1,All Population,5,Prevalence,141,Egypt,3,Both,22,All ages,625,"Other endocrine, metabolic, blood, and immune disorders",3,Rate,2020,251.11555817044,303.455999363,203.79810704744997
1,All Population,5,Prevalence,298,American Samoa,3,Both,22,All ages,625,"Other endocrine, metabolic, blood, and immune disorders",3,Rate,2020,569.9995062462899,718.50789567317,481.6606500895
1,All Population,5,Prevalence,49,North Macedonia,3,Both,22,All ages,625,"Other endocrine, metabolic, blood, and immune disorders",3,Rate,2018,1219.7426277837599,1488.4853482661401,990.50194826453
1,All Population,5,Prevalence,204,Chad,3,Both,22,All ages,625,"Other endocrine, metabolic, blood, and immune disorders",3,Rate,2018,134.96379271312,174.18398059798,103.67389258172999
1,All Population,5,Prevalence,6,China,3,Both,22,All ages,625,"Other endocrine, metabolic, blood, and immune disorders",3,Rate,2021,210.82150304764002,257.27295924354,171.00018992105
1,All Population,5,Prevalence,44,Bosnia and Herzegovina,3,Both,22,All ages,625,"Other endocrine, metabolic, blood, and immune disorders",3,Rate,2019,1478.11362264884,1899.3544886761802,1209.17506689308
1,All Population,5,Prevalence,38,Mongolia,3,Both,22,All ages,625,"Other endocrine, metabolic, blood, and immune disorders",3,Rate,2021,1064.63813587876,1251.51500134487,876.41951175489
1,All Population,5,Prevalence,8,Taiwan,3,Both,22,All ages,625,"Other endocrine, metabolic, blood, and immune disorders",3,Rate,2020,324.78215196724,377.96659369065003,276.78369399271
1,All Population,5,Prevalence,191,Zambia,3,Both,22,All ages,625,"Other endocrine, metabolic, blood, and immune disorders",3,Rate,2018,143.55997798754998,176.36028482758002,117.04852379759001
1,All Population,5,Prevalence,320,Cook Islands,3,Both,22,All ages,625,"Other endocrine, metabolic, blood, and immune disorders",3,Rate,2020,332.93764132159004,430.65408518756,268.06102605439
1,All Population,5,Prevalence,393,Saint Kitts and Nevis,3,Both,22,All ages,625,"Other endocrine, metabolic, blood, and immune disorders",3,Rate,2020,596.11812185242,751.23003548202,505.79769963002997
1,All Population,5,Prevalence,128,Guatemala,3,Both,22,All ages,625,"Other endocrine, metabolic, blood, and immune disorders",3,Rate,2020,303.54478015669997,363.98379915289,261.32452906316996
1,All Population,5,Prevalence,94,Switzerland,3,Both,22,All ages,625,"Other endocrine, metabolic, blood, and immune disorders",3,Rate,2020,1584.0835721021501,1792.3976438998,1401.03299871311
1,All Population,5,Prevalence,23,Kiribati,3,Both,22,All ages,625,"Other endocrine, metabolic, blood, and immune disorders",3,Rate,2021,239.29991238685,301.03097154179,196.1228590817
1,All Population,5,Prevalence,416,Tuvalu,3,Both,22,All ages,625,"Other endocrine, metabolic, blood, and immune disorders",3,Rate,2019,330.74799107062,399.03334484322,272.45995349626
1,All Population,5,Prevalence,35,Georgia,3,Both,22,All ages,625,"Other endocrine, metabolic, blood, and immune disorders",3,Rate,2020,1681.46999396266,2188.49931162794,1407.61230787214
1,All Population,5,Prevalence,125,Colombia,3,Both,22,All ages,625,"Other endocrine, metabolic, blood, and immune disorders",3,Rate,2020,409.38913339119006,474.73969314334,353.50825004986
1,All Population,5,Prevalence,38,Mongolia,3,Both,22,All ages,625,"Other endocrine, metabolic, blood, and immune disorders",3,Rate,2020,1050.52382543803,1267.76220220627,870.10739154273
1,All Population,5,Prevalence,147,Libya,3,Both,22,All ages,625,"Other endocrine, metabolic, blood, and immune disorders",3,Rate,2020,306.07416058166996,396.47135658855,244.23687177781
1,All Population,5,Prevalence,78,Denmark,3,Both,22,All ages,625,"Other endocrine, metabolic, blood, and immune disorders",3,Rate,2020,2388.86939789833,2821.13218239924,2083.44954588148
1,All Population,5,Prevalence,48,Hungary,3,Both,22,All ages,625,"Other endocrine, metabolic, blood, and immune disorders",3,Rate,2020,1898.78620927295,2272.08148346147,1601.87849598947
1,All Population,5,Prevalence,63,Ukraine,3,Both,22,All ages,625,"Other endocrine, metabolic, blood, and immune disorders",3,Rate,2020,1798.05418787686,2204.54872848379,1463.01051532866
1,All Population,5,Prevalence,16,Philippines,3,Both,22,All ages,625,"Other endocrine, metabolic, blood, and immune disorders",3,Rate,2020,202.13157451224,239.99452789010002,164.46334284342
1,All Population,5,Prevalence,82,Greece,3,Both,22,All ages,625,"Other endocrine, metabolic, blood, and immune disorders",3,Rate,2020,1954.8633927344301,2303.02279860406,1619.5761041196602
1,All Population,5,Prevalence,80,France,3,Both,22,All ages,625,"Other endocrine, metabolic, blood, and immune disorders",3,Rate,2019,2155.72671006416,2518.64159089685,1833.6359685700202
1,All Population,5,Prevalence,522,Sudan,3,Both,22,All ages,625,"Other endocrine, metabolic, blood, and immune disorders",3,Rate,2020,238.68179998034998,318.15383058614,189.05948201728
1,All Population,5,Prevalence,95,United Kingdom,3,Both,22,All ages,625,"Other endocrine, metabolic, blood, and immune disorders",3,Rate,2019,2118.89404971417,2398.9391588010103,1850.46993901683
1,All Population,5,Prevalence,77,Cyprus,3,Both,22,All ages,625,"Other endocrine, metabolic, blood, and immune disorders",3,Rate,2020,1113.16901324784,1270.49987287836,978.6054365252201
1,All Population,5,Prevalence,17,Sri Lanka,3,Both,22,All ages,625,"Other endocrine, metabolic, blood, and immune disorders",3,Rate,2020,205.55041421212,258.68040543354005,163.039320317
1,All Population,5,Prevalence,143,Iraq,3,Both,22,All ages,625,"Other endocrine, metabolic, blood, and immune disorders",3,Rate,2018,197.76389504680003,239.28772659813998,162.77523734957
1,All Population,5,Prevalence,62,Russian Federation,3,Both,22,All ages,625,"Other endocrine, metabolic, blood, and immune disorders",3,Rate,2020,2011.8620066052501,2515.56937234005,1601.2503572939402
1,All Population,5,Prevalence,81,Germany,3,Both,22,All ages,625,"Other endocrine, metabolic, blood, and immune disorders",3,Rate,2020,3192.66066368169,3524.64751896195,2881.95414717399
1,All Population,5,Prevalence,422,United States Virgin Islands,3,Both,22,All ages,625,"Other endocrine, metabolic, blood, and immune disorders",3,Rate,2018,785.75574272887,991.1390142974701,651.5847360113601
1,All Population,5,Prevalence,191,Zambia,3,Both,22,All ages,625,"Other endocrine, metabolic, blood, and immune disorders",3,Rate,2019,144.87298645306,177.99864717612002,117.74999080998
1,All Population,5,Prevalence,189,United Republic of Tanzania,3,Both,22,All ages,625,"Other endocrine, metabolic, blood, and immune disorders",3,Rate,2020,172.24527394946,209.33917124329,144.18545405873
1,All Population,5,Prevalence,36,Kazakhstan,3,Both,22,All ages,625,"Other endocrine, metabolic, blood, and immune disorders",3,Rate,2020,1111.1250744621,1396.16260543864,897.09333820889
1,All Population,5,Prevalence,27,Samoa,3,Both,22,All ages,625,"Other endocrine, metabolic, blood, and immune disorders",3,Rate,2019,250.84334528168998,301.96457537595,211.03933439435
1,All Population,5,Prevalence,35,Georgia,3,Both,22,All ages,625,"Other endocrine, metabolic, blood, and immune disorders",3,Rate,2019,1667.64529767538,2136.81902894907,1401.24512985744
1,All Population,5,Prevalence,130,Mexico,3,Both,22,All ages,625,"Other endocrine, metabolic, blood, and immune disorders",3,Rate,2020,447.73600693593,531.36046235278,368.77623246593004
1,All Population,5,Prevalence,68,Republic of Korea,3,Both,22,All ages,625,"Other endocrine, metabolic, blood, and immune disorders",3,Rate,2019,843.66675826611,1020.8967632610301,667.2266361412
1,All Population,5,Prevalence,162,Bhutan,3,Both,22,All ages,625,"Other endocrine, metabolic, blood, and immune disorders",3,Rate,2020,215.98839060021,266.23588115286003,173.82733427181
1,All Population,5,Prevalence,25,Micronesia (Federated States of),3,Both,22,All ages,625,"Other endocrine, metabolic, blood, and immune disorders",3,Rate,2020,441.59009859329,522.4120209396899,373.67359399717
1,All Population,5,Prevalence,89,Netherlands,3,Both,22,All ages,625,"Other endocrine, metabolic, blood, and immune disorders",3,Rate,2020,1983.50591354482,2405.43262063357,1649.28940251198
1,All Population,5,Prevalence,208,Guinea,3,Both,22,All ages,625,"Other endocrine, metabolic, blood, and immune disorders",3,Rate,2021,158.40750228326002,193.42306348802,130.76724123557
1,All Population,5,Prevalence,20,Viet Nam,3,Both,22,All ages,625,"Other endocrine, metabolic, blood, and immune disorders",3,Rate,2019,199.64101528577999,241.91700873877,160.09581075132
1,All Population,5,Prevalence,16,Philippines,3,Both,22,All ages,625,"Other endocrine, metabolic, blood, and immune disorders",3,Rate,2021,206.67315506462,246.78009027244,168.43673719705998
1,All Population,5,Prevalence,29,Tonga,3,Both,22,All ages,625,"Other endocrine, metabolic, blood, and immune disorders",3,Rate,2021,295.47148447409,368.30363048205004,245.53026769761001
1,All Population,5,Prevalence,81,Germany,3,Both,22,All ages,625,"Other endocrine, metabolic, blood, and immune disorders",3,Rate,2017,3272.8468953566703,3604.1490018765603,2982.50890351476
1,All Population,5,Prevalence,47,Czechia,3,Both,22,All ages,625,"Other endocrine, metabolic, blood, and immune disorders",3,Rate,2020,1950.11272271271,2374.18155113828,1669.9515278829301
1,All Population,5,Prevalence,95,United Kingdom,3,Both,22,All ages,625,"Other endocrine, metabolic, blood, and immune disorders",3,Rate,2020,2144.24596293539,2429.4766687691204,1868.69111318198
1,All Population,5,Prevalence,79,Finland,3,Both,22,All ages,625,"Other endocrine, metabolic, blood, and immune disorders",3,Rate,2019,2002.3001240256299,2221.4186619973602,1813.22484263923
1,All Population,5,Prevalence,19,Timor-Leste,3,Both,22,All ages,625,"Other endocrine, metabolic, blood, and immune disorders",3,Rate,2019,128.89292191169,160.61544939136,103.25801580075
1,All Population,5,Prevalence,14,Maldives,3,Both,22,All ages,625,"Other endocrine, metabolic, blood, and immune disorders",3,Rate,2021,294.01867608797,363.93414407427997,245.94490067089
1,All Population,5,Prevalence,109,Cuba,3,Both,22,All ages,625,"Other endocrine, metabolic, blood, and immune disorders",3,Rate,2020,490.54001081287004,604.21506294907,407.67551936309997
1,All Population,5,Prevalence,143,Iraq,3,Both,22,All ages,625,"Other endocrine, metabolic, blood, and immune disorders",3,Rate,2020,204.73153948975002,246.67068034961,168.60441513423
1,All Population,5,Prevalence,210,Liberia,3,Both,22,All ages,625,"Other endocrine, metabolic, blood, and immune disorders",3,Rate,2021,177.11564412658998,220.5020340473,144.2444333781
1,All Population,5,Prevalence,177,Djibouti,3,Both,22,All ages,625,"Other endocrine, metabolic, blood, and immune disorders",3,Rate,2020,206.25449213199997,259.36400207619,163.73844269767
1,All Population,5,Prevalence,181,Madagascar,3,Both,22,All ages,625,"Other endocrine, metabolic, blood, and immune disorders",3,Rate,2017,148.40545915181,183.64115079444,118.29454524596001
1,All Population,5,Prevalence,57,Belarus,3,Both,22,All ages,625,"Other endocrine, metabolic, blood, and immune disorders",3,Rate,2021,2135.43555110784,2639.8675148058896,1708.82173227417
1,All Population,5,Prevalence,145,Kuwait,3,Both,22,All ages,625,"Other endocrine, metabolic, blood, and immune disorders",3,Rate,2021,270.81636073132,328.10039420581,226.08177208441998
1,All Population,5,Prevalence,162,Bhutan,3,Both,22,All ages,625,"Other endocrine, metabolic, blood, and immune disorders",3,Rate,2021,221.71088907364003,272.90327855106,178.98063548858
1,All Population,5,Prevalence,130,Mexico,3,Both,22,All ages,625,"Other endocrine, metabolic, blood, and immune disorders",3,Rate,2021,458.01880970671,542.6289842741301,379.23321526413
1,All Population,5,Prevalence,151,Qatar,3,Both,22,All ages,625,"Other endocrine, metabolic, blood, and immune disorders",3,Rate,2021,240.13933064431,303.23496435965,194.53281991903
1,All Population,5,Prevalence,68,Republic of Korea,3,Both,22,All ages,625,"Other endocrine, metabolic, blood, and immune disorders",3,Rate,2021,888.9551075441,1081.31212468183,704.43215728368
1,All Population,5,Prevalence,83,Iceland,3,Both,22,All ages,625,"Other endocrine, metabolic, blood, and immune disorders",3,Rate,2021,1860.6000248668101,2179.2771945395502,1611.6613503798699
1,All Population,5,Prevalence,193,Botswana,3,Both,22,All ages,625,"Other endocrine, metabolic, blood, and immune disorders",3,Rate,2021,367.25096077897996,450.06712183794997,303.16518231952
1,All Population,5,Prevalence,59,Latvia,3,Both,22,All ages,625,"Other endocrine, metabolic, blood, and immune disorders",3,Rate,2020,2458.0985147750303,2936.9098286149,2099.25224538422
1,All Population,5,Prevalence,187,Somalia,3,Both,22,All ages,625,"Other endocrine, metabolic, blood, and immune disorders",3,Rate,2019,164.86456188494,204.95478439838,128.96597420941
1,All Population,5,Prevalence,112,Grenada,3,Both,22,All ages,625,"Other endocrine, metabolic, blood, and immune disorders",3,Rate,2018,670.79158227289,769.99262186569,582.83640161046
1,All Population,5,Prevalence,184,Mozambique,3,Both,22,All ages,625,"Other endocrine, metabolic, blood, and immune disorders",3,Rate,2020,156.03228548764,190.53566780161,125.77555354499
1,All Population,5,Prevalence,15,Myanmar,3,Both,22,All ages,625,"Other endocrine, metabolic, blood, and immune disorders",3,Rate,2021,166.12538241765998,210.70971724982,131.37443136997
1,All Population,5,Prevalence,30,Vanuatu,3,Both,22,All ages,625,"Other endocrine, metabolic, blood, and immune disorders",3,Rate,2021,230.02245307133998,294.65451915691,188.99443991217
1,All Population,5,Prevalence,128,Guatemala,3,Both,22,All ages,625,"Other endocrine, metabolic, blood, and immune disorders",3,Rate,2019,299.71177318806997,352.39175041059,259.49854258515
1,All Population,5,Prevalence,195,Namibia,3,Both,22,All ages,625,"Other endocrine, metabolic, blood, and immune disorders",3,Rate,2020,335.55025117689996,395.58825102873004,279.27856228844
1,All Population,5,Prevalence,115,Jamaica,3,Both,22,All ages,625,"Other endocrine, metabolic, blood, and immune disorders",3,Rate,2021,447.55270630025,551.99220131873,372.90082548292
1,All Population,5,Prevalence,151,Qatar,3,Both,22,All ages,625,"Other endocrine, metabolic, blood, and immune disorders",3,Rate,2017,228.01443033709,291.21373101453,187.88738320906
1,All Population,5,Prevalence,175,Burundi,3,Both,22,All ages,625,"Other endocrine, metabolic, blood, and immune disorders",3,Rate,2021,156.05573367909,193.69944554408,127.84638220755
1,All Population,5,Prevalence,210,Liberia,3,Both,22,All ages,625,"Other endocrine, metabolic, blood, and immune disorders",3,Rate,2020,175.13490406372,218.93662394083,142.63116641933
1,All Population,5,Prevalence,179,Ethiopia,3,Both,22,All ages,625,"Other endocrine, metabolic, blood, and immune disorders",3,Rate,2019,153.35389219557,187.09412851,123.3557354449
1,All Population,5,Prevalence,117,Saint Vincent and the Grenadines,3,Both,22,All ages,625,"Other endocrine, metabolic, blood, and immune disorders",3,Rate,2020,709.99605512172,902.58736921799,611.62558533641
1,All Population,5,Prevalence,53,Serbia,3,Both,22,All ages,625,"Other endocrine, metabolic, blood, and immune disorders",3,Rate,2021,1445.46076778599,1712.85466403553,1217.0627701010799
1,All Population,5,Prevalence,113,Guyana,3,Both,22,All ages,625,"Other endocrine, metabolic, blood, and immune disorders",3,Rate,2019,503.24443472552997,604.8462803899599,431.20434060842996
1,All Population,5,Prevalence,45,Bulgaria,3,Both,22,All ages,625,"Other endocrine, metabolic, blood, and immune disorders",3,Rate,2021,1496.49420580309,1948.8927408223499,1201.27279396161
1,All Population,5,Prevalence,202,Cameroon,3,Both,22,All ages,625,"Other endocrine, metabolic, blood, and immune disorders",3,Rate,2020,170.50926742732,209.05814441761999,138.41788792399
1,All Population,5,Prevalence,197,Eswatini,3,Both,22,All ages,625,"Other endocrine, metabolic, blood, and immune disorders",3,Rate,2019,383.74120953887996,459.1862677601,319.43353507075
1,All Population,5,Prevalence,142,Iran (Islamic Republic of),3,Both,22,All ages,625,"Other endocrine, metabolic, blood, and immune disorders",3,Rate,2020,330.53318091302,394.32259885949003,270.13935676231
1,All Population,5,Prevalence,108,Belize,3,Both,22,All ages,625,"Other endocrine, metabolic, blood, and immune disorders",3,Rate,2020,460.86224839025004,531.04625934715,396.66902410526
1,All Population,5,Prevalence,36,Kazakhstan,3,Both,22,All ages,625,"Other endocrine, metabolic, blood, and immune disorders",3,Rate,2019,1103.10777687048,1389.39864941646,893.6946411686599
1,All Population,5,Prevalence,91,Portugal,3,Both,22,All ages,625,"Other endocrine, metabolic, blood, and immune disorders",3,Rate,2021,2249.6912641763097,2686.18652736763,1881.7513876234398
1,All Population,5,Prevalence,110,Dominica,3,Both,22,All ages,625,"Other endocrine, metabolic, blood, and immune disorders",3,Rate,2021,658.10513047233,869.4657233455499,542.8408361462
1,All Population,5,Prevalence,123,Peru,3,Both,22,All ages,625,"Other endocrine, metabolic, blood, and immune disorders",3,Rate,2021,609.43309161018,768.5951513437001,490.11507231913004
1,All Population,5,Prevalence,376,Northern Mariana Islands,3,Both,22,All ages,625,"Other endocrine, metabolic, blood, and immune disorders",3,Rate,2020,410.55175377253005,502.1287550043,340.27839451889
1,All Population,5,Prevalence,102,United States of America,3,Both,22,All ages,625,"Other endocrine, metabolic, blood, and immune disorders",3,Rate,2021,1760.5805250042702,1969.05030316856,1595.09611466299
1,All Population,5,Prevalence,369,Nauru,3,Both,22,All ages,625,"Other endocrine, metabolic, blood, and immune disorders",3,Rate,2021,256.80983441532,328.31802738006,210.99957425737
1,All Population,5,Prevalence,154,Tunisia,3,Both,22,All ages,625,"Other endocrine, metabolic, blood, and immune disorders",3,Rate,2020,441.39689683027996,519.55752674447,368.45552023985
1,All Population,5,Prevalence,171,Democratic Republic of the Congo,3,Both,22,All ages,625,"Other endocrine, metabolic, blood, and immune disorders",3,Rate,2020,191.59762851531,233.25607938916,153.82563377384
1,All Population,5,Prevalence,62,Russian Federation,3,Both,22,All ages,625,"Other endocrine, metabolic, blood, and immune disorders",3,Rate,2021,2034.53474258538,2560.40127211147,1616.3309577452999
1,All Population,5,Prevalence,122,Ecuador,3,Both,22,All ages,625,"Other endocrine, metabolic, blood, and immune disorders",3,Rate,2021,721.98630556267,797.66786692686,651.80762008762
1,All Population,5,Prevalence,143,Iraq,3,Both,22,All ages,625,"Other endocrine, metabolic, blood, and immune disorders",3,Rate,2019,201.53853581802002,243.21908089935002,165.87999221999002
1,All Population,5,Prevalence,155,Türkiye,3,Both,22,All ages,625,"Other endocrine, metabolic, blood, and immune disorders",3,Rate,2020,444.47896238571997,526.74085349311,367.1199349357
1,All Population,5,Prevalence,170,Congo,3,Both,22,All ages,625,"Other endocrine, metabolic, blood, and immune disorders",3,Rate,2020,235.67144221673001,285.39129966876004,191.44151779451002
1,All Population,5,Prevalence,185,Rwanda,3,Both,22,All ages,625,"Other endocrine, metabolic, blood, and immune disorders",3,Rate,2020,191.75998572696,230.03620304866,156.47376853916
1,All Population,5,Prevalence,63,Ukraine,3,Both,22,All ages,625,"Other endocrine, metabolic, blood, and immune disorders",3,Rate,2021,1806.06266762987,2196.73944606791,1477.52329920647
1,All Population,5,Prevalence,76,Belgium,3,Both,22,All ages,625,"Other endocrine, metabolic, blood, and immune disorders",3,Rate,2021,3689.23522082881,4250.87560346822,3183.5745834979202
1,All Population,5,Prevalence,50,Montenegro,3,Both,22,All ages,625,"Other endocrine, metabolic, blood, and immune disorders",3,Rate,2021,1334.6551829596501,1644.15785579788,1090.8097754693201
1,All Population,5,Prevalence,157,Yemen,3,Both,22,All ages,625,"Other endocrine, metabolic, blood, and immune disorders",3,Rate,2021,178.84215743997999,215.55245181950002,148.40589838785002
1,All Population,5,Prevalence,51,Poland,3,Both,22,All ages,625,"Other endocrine, metabolic, blood, and immune disorders",3,Rate,2021,1269.5436000572,1609.26681852653,1121.10979106292
1,All Population,5,Prevalence,75,Austria,3,Both,22,All ages,625,"Other endocrine, metabolic, blood, and immune disorders",3,Rate,2021,4543.58393104759,5003.6582142570705,4072.09146192688
1,All Population,5,Prevalence,191,Zambia,3,Both,22,All ages,625,"Other endocrine, metabolic, blood, and immune disorders",3,Rate,2020,146.0208702363,179.8447061304,118.92845003306999
1,All Population,5,Prevalence,98,Chile,3,Both,22,All ages,625,"Other endocrine, metabolic, blood, and immune disorders",3,Rate,2021,1514.52450769051,1683.60477414897,1343.96401744278
1,All Population,5,Prevalence,46,Croatia,3,Both,22,All ages,625,"Other endocrine, metabolic, blood, and immune disorders",3,Rate,2021,1908.22286250762,2225.07471260775,1683.22772386882
1,All Population,5,Prevalence,97,Argentina,3,Both,22,All ages,625,"Other endocrine, metabolic, blood, and immune disorders",3,Rate,2020,1335.33938672312,1591.90985082493,1140.8357417439
1,All Population,5,Prevalence,168,Angola,3,Both,22,All ages,625,"Other endocrine, metabolic, blood, and immune disorders",3,Rate,2021,196.16979294312,258.09396733255,156.77162062422
1,All Population,5,Prevalence,203,Cabo Verde,3,Both,22,All ages,625,"Other endocrine, metabolic, blood, and immune disorders",3,Rate,2020,216.94894502927,288.89419344082,171.43502128794
1,All Population,5,Prevalence,97,Argentina,3,Both,22,All ages,625,"Other endocrine, metabolic, blood, and immune disorders",3,Rate,2021,1361.57429450441,1605.23466267363,1153.5861727582799
1,All Population,5,Prevalence,89,Netherlands,3,Both,22,All ages,625,"Other endocrine, metabolic, blood, and immune disorders",3,Rate,2019,1977.23386853135,2360.8402858538598,1663.53313725955
1,All Population,5,Prevalence,140,Bahrain,3,Both,22,All ages,625,"Other endocrine, metabolic, blood, and immune disorders",3,Rate,2021,398.12869482140997,502.00040323227,331.14901532708
1,All Population,5,Prevalence,351,Guam,3,Both,22,All ages,625,"Other endocrine, metabolic, blood, and immune disorders",3,Rate,2019,347.70434051997,418.65375745388,289.73896920432
1,All Population,5,Prevalence,422,United States Virgin Islands,3,Both,22,All ages,625,"Other endocrine, metabolic, blood, and immune disorders",3,Rate,2019,797.6691397015001,1010.25500493846,663.90591352939
1,All Population,5,Prevalence,298,American Samoa,3,Both,22,All ages,625,"Other endocrine, metabolic, blood, and immune disorders",3,Rate,2021,578.8681365697,718.09249345063,491.19568802538
1,All Population,5,Prevalence,204,Chad,3,Both,22,All ages,625,"Other endocrine, metabolic, blood, and immune disorders",3,Rate,2021,136.12682566607998,176.91942292425,106.14716264023001
1,All Population,5,Prevalence,215,Sao Tome and Principe,3,Both,22,All ages,625,"Other endocrine, metabolic, blood, and immune disorders",3,Rate,2021,221.28693803403002,275.24004237824,180.02002215049
1,All Population,5,Prevalence,169,Central African Republic,3,Both,22,All ages,625,"Other endocrine, metabolic, blood, and immune disorders",3,Rate,2021,185.63401110887,225.1332480067,149.70595471461
1,All Population,5,Prevalence,200,Benin,3,Both,22,All ages,625,"Other endocrine, metabolic, blood, and immune disorders",3,Rate,2021,154.39281801967,194.50335577542,126.05589825752999
1,All Population,5,Prevalence,139,Algeria,3,Both,22,All ages,625,"Other endocrine, metabolic, blood, and immune disorders",3,Rate,2021,291.80086642357,381.51138706639,233.47308160344
1,All Population,5,Prevalence,144,Jordan,3,Both,22,All ages,625,"Other endocrine, metabolic, blood, and immune disorders",3,Rate,2021,257.49331949225,311.72290918764,211.41380815007
1,All Population,5,Prevalence,164,Nepal,3,Both,22,All ages,625,"Other endocrine, metabolic, blood, and immune disorders",3,Rate,2021,225.81862410888002,270.4096870271,190.68737964158998
1,All Population,5,Prevalence,205,Côte d'Ivoire,3,Both,22,All ages,625,"Other endocrine, metabolic, blood, and immune disorders",3,Rate,2021,162.23503126264,198.52859601372998,131.52062903510998
1,All Population,5,Prevalence,201,Burkina Faso,3,Both,22,All ages,625,"Other endocrine, metabolic, blood, and immune disorders",3,Rate,2021,152.95396573423,188.26804133807,124.47498131884998
1,All Population,5,Prevalence,53,Serbia,3,Both,22,All ages,625,"Other endocrine, metabolic, blood, and immune disorders",3,Rate,2022,1454.3786039194101,1719.15187275479,1223.76864424016
1,All Population,5,Prevalence,74,Andorra,3,Both,22,All ages,625,"Other endocrine, metabolic, blood, and immune disorders",3,Rate,2022,1611.04377688583,1965.72328793245,1290.6834438865399
1,All Population,5,Prevalence,27,Samoa,3,Both,22,All ages,625,"Other endocrine, metabolic, blood, and immune disorders",3,Rate,2022,259.14982168343,309.32311361238,212.23249612915
1,All Population,5,Prevalence,20,Viet Nam,3,Both,22,All ages,625,"Other endocrine, metabolic, blood, and immune disorders",3,Rate,2018,195.74024474139003,236.64458778206998,156.87126347197
1,All Population,5,Prevalence,109,Cuba,3,Both,22,All ages,625,"Other endocrine, metabolic, blood, and immune disorders",3,Rate,2021,500.61207369552,614.87739718378,419.50633358183
1,All Population,5,Prevalence,184,Mozambique,3,Both,22,All ages,625,"Other endocrine, metabolic, blood, and immune disorders",3,Rate,2021,156.52797979595002,190.52978727855,127.55944465318
1,All Population,5,Prevalence,217,Sierra Leone,3,Both,22,All ages,625,"Other endocrine, metabolic, blood, and immune disorders",3,Rate,2020,158.19315945050002,193.9163965313,131.80054662615
1,All Population,5,Prevalence,152,Saudi Arabia,3,Both,22,All ages,625,"Other endocrine, metabolic, blood, and immune disorders",3,Rate,2021,301.24592972182,368.99127930642,250.26227532028
1,All Population,5,Prevalence,190,Uganda,3,Both,22,All ages,625,"Other endocrine, metabolic, blood, and immune disorders",3,Rate,2020,151.2027095637,186.68372689128,122.47141405018002
1,All Population,5,Prevalence,183,Mauritius,3,Both,22,All ages,625,"Other endocrine, metabolic, blood, and immune disorders",3,Rate,2021,332.89936534131,423.74862130791996,272.10758241043
1,All Population,5,Prevalence,216,Senegal,3,Both,22,All ages,625,"Other endocrine, metabolic, blood, and immune disorders",3,Rate,2021,168.87446091108,206.84763453984002,139.70111869875
1,All Population,5,Prevalence,218,Togo,3,Both,22,All ages,625,"Other endocrine, metabolic, blood, and immune disorders",3,Rate,2020,180.05900408974,225.37449538254,143.18569418557
1,All Population,5,Prevalence,68,Republic of Korea,3,Both,22,All ages,625,"Other endocrine, metabolic, blood, and immune disorders",3,Rate,2022,919.07532403039,1126.3957044789001,732.64897147853
1,All Population,5,Prevalence,195,Namibia,3,Both,22,All ages,625,"Other endocrine, metabolic, blood, and immune disorders",3,Rate,2021,337.95763182581,398.29081071542,286.58983907775
1,All Population,5,Prevalence,121,Bolivia (Plurinational State of),3,Both,22,All ages,625,"Other endocrine, metabolic, blood, and immune disorders",3,Rate,2022,546.04078414293,663.69879600919,442.03250689573
1,All Population,5,Prevalence,214,Nigeria,3,Both,22,All ages,625,"Other endocrine, metabolic, blood, and immune disorders",3,Rate,2018,142.59170121609,176.23582965351,115.4249363127
1,All Population,5,Prevalence,38,Mongolia,3,Both,22,All ages,625,"Other endocrine, metabolic, blood, and immune disorders",3,Rate,2022,1076.8012672762,1273.9343324216,882.73093734516
1,All Population,5,Prevalence,102,United States of America,3,Both,22,All ages,625,"Other endocrine, metabolic, blood, and immune disorders",3,Rate,2022,1795.38233753086,2010.6667828234001,1624.4362995706401
1,All Population,5,Prevalence,6,China,3,Both,22,All ages,625,"Other endocrine, metabolic, blood, and immune disorders",3,Rate,2022,217.39048789790002,264.06958665126,176.27554726109
1,All Population,5,Prevalence,85,Israel,3,Both,22,All ages,625,"Other endocrine, metabolic, blood, and immune disorders",3,Rate,2022,1754.25548798936,2021.5788282858398,1505.46590083976
1,All Population,5,Prevalence,156,United Arab Emirates,3,Both,22,All ages,625,"Other endocrine, metabolic, blood, and immune disorders",3,Rate,2021,298.37653668337,377.98265471513,239.70442794575
1,All Population,5,Prevalence,23,Kiribati,3,Both,22,All ages,625,"Other endocrine, metabolic, blood, and immune disorders",3,Rate,2022,242.47795724587,312.83836040954003,198.56163582833
1,All Population,5,Prevalence,385,Puerto Rico,3,Both,22,All ages,625,"Other endocrine, metabolic, blood, and immune disorders",3,Rate,2019,974.50464371713,1126.28984446259,857.75762924703
1,All Population,5,Prevalence,85,Israel,3,Both,22,All ages,625,"Other endocrine, metabolic, blood, and immune disorders",3,Rate,2020,1744.62887244601,2017.13516244845,1491.90545215465
1,All Population,5,Prevalence,59,Latvia,3,Both,22,All ages,625,"Other endocrine, metabolic, blood, and immune disorders",3,Rate,2018,2481.31411931706,2928.0699988424303,2126.34291455024
1,All Population,5,Prevalence,160,Afghanistan,3,Both,22,All ages,625,"Other endocrine, metabolic, blood, and immune disorders",3,Rate,2022,153.05148343272,191.61453533876,119.00912054801
1,All Population,5,Prevalence,145,Kuwait,3,Both,22,All ages,625,"Other endocrine, metabolic, blood, and immune disorders",3,Rate,2022,276.88081407032,333.72036567067,229.16291291840002
1,All Population,5,Prevalence,177,Djibouti,3,Both,22,All ages,625,"Other endocrine, metabolic, blood, and immune disorders",3,Rate,2021,209.18744822077997,262.34288216065,166.2450663107
1,All Population,5,Prevalence,92,Spain,3,Both,22,All ages,625,"Other endocrine, metabolic, blood, and immune disorders",3,Rate,2021,2066.65411622852,2392.6760468906,1765.14985613435
1,All Population,5,Prevalence,393,Saint Kitts and Nevis,3,Both,22,All ages,625,"Other endocrine, metabolic, blood, and immune disorders",3,Rate,2021,617.20539738784,774.28149631852,527.31703175727
1,All Population,5,Prevalence,204,Chad,3,Both,22,All ages,625,"Other endocrine, metabolic, blood, and immune disorders",3,Rate,2020,135.49647900802,173.93535800439,104.24589535884002
1,All Population,5,Prevalence,175,Burundi,3,Both,22,All ages,625,"Other endocrine, metabolic, blood, and immune disorders",3,Rate,2022,157.15712661013998,194.22652946872,126.64803734627
1,All Population,5,Prevalence,8,Taiwan,3,Both,22,All ages,625,"Other endocrine, metabolic, blood, and immune disorders",3,Rate,2021,334.44018582189,389.08439083193,286.61808937564
1,All Population,5,Prevalence,115,Jamaica,3,Both,22,All ages,625,"Other endocrine, metabolic, blood, and immune disorders",3,Rate,2022,457.50746829375004,579.10410444258,381.84222242690004
1,All Population,5,Prevalence,522,Sudan,3,Both,22,All ages,625,"Other endocrine, metabolic, blood, and immune disorders",3,Rate,2021,241.93414539791002,318.35695411102,192.54892088339
1,All Population,5,Prevalence,305,Bermuda,3,Both,22,All ages,625,"Other endocrine, metabolic, blood, and immune disorders",3,Rate,2021,773.4901010754201,911.0105922469801,668.70504177449
1,All Population,5,Prevalence,33,Armenia,3,Both,22,All ages,625,"Other endocrine, metabolic, blood, and immune disorders",3,Rate,2022,1176.5115322809,1452.03183181322,966.9254005489
1,All Population,5,Prevalence,435,South Sudan,3,Both,22,All ages,625,"Other endocrine, metabolic, blood, and immune disorders",3,Rate,2021,161.84471409344002,205.18492363976,129.42373947613
1,All Population,5,Prevalence,396,San Marino,3,Both,22,All ages,625,"Other endocrine, metabolic, blood, and immune disorders",3,Rate,2021,1822.13526833937,2196.64674628884,1495.07228130835
1,All Population,5,Prevalence,51,Poland,3,Both,22,All ages,625,"Other endocrine, metabolic, blood, and immune disorders",3,Rate,2018,1236.79414604695,1508.0967815587799,1096.0256176106
1,All Population,5,Prevalence,110,Dominica,3,Both,22,All ages,625,"Other endocrine, metabolic, blood, and immune disorders",3,Rate,2020,643.57778322095,871.38594654563,536.58087675527
1,All Population,5,Prevalence,106,Bahamas,3,Both,22,All ages,625,"Other endocrine, metabolic, blood, and immune disorders",3,Rate,2022,858.85926007086,1083.81076299722,726.58069119022
1,All Population,5,Prevalence,140,Bahrain,3,Both,22,All ages,625,"Other endocrine, metabolic, blood, and immune disorders",3,Rate,2022,405.95352537174995,516.53779373968,334.6387227979
1,All Population,5,Prevalence,61,Republic of Moldova,3,Both,22,All ages,625,"Other endocrine, metabolic, blood, and immune disorders",3,Rate,2022,2266.9174118424703,2822.3076815097,1827.1782460894
1,All Population,5,Prevalence,12,Lao People's Democratic Republic,3,Both,22,All ages,625,"Other endocrine, metabolic, blood, and immune disorders",3,Rate,2021,143.14589531579,176.44633620396002,114.73909550123
1,All Population,5,Prevalence,132,Panama,3,Both,22,All ages,625,"Other endocrine, metabolic, blood, and immune disorders",3,Rate,2022,395.77014461324,462.40759794289,328.84486408578
1,All Population,5,Prevalence,416,Tuvalu,3,Both,22,All ages,625,"Other endocrine, metabolic, blood, and immune disorders",3,Rate,2020,333.53869342045,405.42114400624,275.82262064815
1,All Population,5,Prevalence,127,El Salvador,3,Both,22,All ages,625,"Other endocrine, metabolic, blood, and immune disorders",3,Rate,2022,361.59029288293004,428.65782036814,307.90658638966
1,All Population,5,Prevalence,46,Croatia,3,Both,22,All ages,625,"Other endocrine, metabolic, blood, and immune disorders",3,Rate,2022,1928.90087703645,2257.1516547382703,1700.8871770933201
1,All Population,5,Prevalence,50,Montenegro,3,Both,22,All ages,625,"Other endocrine, metabolic, blood, and immune disorders",3,Rate,2020,1319.88200606483,1629.3428794328502,1076.15203433383
1,All Population,5,Prevalence,14,Maldives,3,Both,22,All ages,625,"Other endocrine, metabolic, blood, and immune disorders",3,Rate,2022,296.86699795642,362.66822196974,247.38885810975
1,All Population,5,Prevalence,80,France,3,Both,22,All ages,625,"Other endocrine, metabolic, blood, and immune disorders",3,Rate,2022,2178.9621557206597,2529.85478051131,1845.2971596072998
1,All Population,5,Prevalence,76,Belgium,3,Both,22,All ages,625,"Other endocrine, metabolic, blood, and immune disorders",3,Rate,2022,3725.17665871383,4298.08875773123,3195.5627868324696
1,All Population,5,Prevalence,149,Palestine,3,Both,22,All ages,625,"Other endocrine, metabolic, blood, and immune disorders",3,Rate,2020,231.57909644934,283.77639200745,188.15054824668
1,All Population,5,Prevalence,132,Panama,3,Both,22,All ages,625,"Other endocrine, metabolic, blood, and immune disorders",3,Rate,2020,377.34151896489,439.81597127472,322.47554755622
1,All Population,5,Prevalence,10,Cambodia,3,Both,22,All ages,625,"Other endocrine, metabolic, blood, and immune disorders",3,Rate,2020,168.60082596637,209.88664980122002,132.70155058741
1,All Population,5,Prevalence,206,Gambia,3,Both,22,All ages,625,"Other endocrine, metabolic, blood, and immune disorders",3,Rate,2018,163.35533225235,204.57648686828,131.80616326961
1,All Population,5,Prevalence,107,Barbados,3,Both,22,All ages,625,"Other endocrine, metabolic, blood, and immune disorders",3,Rate,2021,817.5100220100999,969.0070913853601,710.88742348606
1,All Population,5,Prevalence,25,Micronesia (Federated States of),3,Both,22,All ages,625,"Other endocrine, metabolic, blood, and immune disorders",3,Rate,2021,449.10124303659995,527.69247729182,379.87268403227
1,All Population,5,Prevalence,126,Costa Rica,3,Both,22,All ages,625,"Other endocrine, metabolic, blood, and immune disorders",3,Rate,2021,378.95409211466,447.95340005023996,319.91772086049
1,All Population,5,Prevalence,413,Tokelau,3,Both,22,All ages,625,"Other endocrine, metabolic, blood, and immune disorders",3,Rate,2020,308.57399315715,387.84483680484,249.46169258207
1,All Population,5,Prevalence,82,Greece,3,Both,22,All ages,625,"Other endocrine, metabolic, blood, and immune disorders",3,Rate,2019,1942.16502668709,2270.2301829613602,1628.3761910603398
1,All Population,5,Prevalence,153,Syrian Arab Republic,3,Both,22,All ages,625,"Other endocrine, metabolic, blood, and immune disorders",3,Rate,2022,309.17613983849,414.12453342569,248.68271964714
1,All Population,5,Prevalence,91,Portugal,3,Both,22,All ages,625,"Other endocrine, metabolic, blood, and immune disorders",3,Rate,2022,2337.03312455285,2833.27176192207,1918.74505147317
1,All Population,5,Prevalence,97,Argentina,3,Both,22,All ages,625,"Other endocrine, metabolic, blood, and immune disorders",3,Rate,2019,1317.75902941918,1568.0040074018398,1125.6853360339999
1,All Population,5,Prevalence,168,Angola,3,Both,22,All ages,625,"Other endocrine, metabolic, blood, and immune disorders",3,Rate,2022,197.32358267145997,252.51203648682,156.85480429067
1,All Population,5,Prevalence,29,Tonga,3,Both,22,All ages,625,"Other endocrine, metabolic, blood, and immune disorders",3,Rate,2022,299.73206674339,371.10986675894,243.05698257489
1,All Population,5,Prevalence,67,Japan,3,Both,22,All ages,625,"Other endocrine, metabolic, blood, and immune disorders",3,Rate,2020,1289.22196053234,1609.97893891344,1044.61357052211
1,All Population,5,Prevalence,15,Myanmar,3,Both,22,All ages,625,"Other endocrine, metabolic, blood, and immune disorders",3,Rate,2022,168.13065958346,209.93825682811,133.56614561028
1,All Population,5,Prevalence,30,Vanuatu,3,Both,22,All ages,625,"Other endocrine, metabolic, blood, and immune disorders",3,Rate,2022,233.91364067220002,297.62737493766,191.93370177056
1,All Population,5,Prevalence,206,Gambia,3,Both,22,All ages,625,"Other endocrine, metabolic, blood, and immune disorders",3,Rate,2021,166.94662966995,209.81808783278,135.22253889367
1,All Population,5,Prevalence,34,Azerbaijan,3,Both,22,All ages,625,"Other endocrine, metabolic, blood, and immune disorders",3,Rate,2022,1281.44649163025,1587.49509091967,1055.7749530555
1,All Population,5,Prevalence,202,Cameroon,3,Both,22,All ages,625,"Other endocrine, metabolic, blood, and immune disorders",3,Rate,2021,171.95323350425,211.27124834239,139.72389583733002
1,All Population,5,Prevalence,91,Portugal,3,Both,22,All ages,625,"Other endocrine, metabolic, blood, and immune disorders",3,Rate,2020,2171.14584696387,2599.84051331011,1803.05426084064
1,All Population,5,Prevalence,45,Bulgaria,3,Both,22,All ages,625,"Other endocrine, metabolic, blood, and immune disorders",3,Rate,2022,1506.61365471502,1982.5849918688803,1209.70014105058
1,All Population,5,Prevalence,98,Chile,3,Both,22,All ages,625,"Other endocrine, metabolic, blood, and immune disorders",3,Rate,2020,1485.76381412334,1645.13682813019,1324.11547838925
1,All Population,5,Prevalence,40,Turkmenistan,3,Both,22,All ages,625,"Other endocrine, metabolic, blood, and immune disorders",3,Rate,2021,1048.1707699139401,1269.5157106736,865.0124092813
1,All Population,5,Prevalence,197,Eswatini,3,Both,22,All ages,625,"Other endocrine, metabolic, blood, and immune disorders",3,Rate,2021,389.48368272616,462.83840117253,324.74052142064
1,All Population,5,Prevalence,164,Nepal,3,Both,22,All ages,625,"Other endocrine, metabolic, blood, and immune disorders",3,Rate,2020,222.15653114189,266.70808379572003,188.24590584825
1,All Population,5,Prevalence,83,Iceland,3,Both,22,All ages,625,"Other endocrine, metabolic, blood, and immune disorders",3,Rate,2022,1879.30651380421,2208.32637283104,1622.8276036906402
1,All Population,5,Prevalence,141,Egypt,3,Both,22,All ages,625,"Other endocrine, metabolic, blood, and immune disorders",3,Rate,2021,253.58562688484,306.84811402852,207.41866365574998
1,All Population,5,Prevalence,126,Costa Rica,3,Both,22,All ages,625,"Other endocrine, metabolic, blood, and immune disorders",3,Rate,2022,387.69121954623,460.08639552109,320.63796287019
1,All Population,5,Prevalence,81,Germany,3,Both,22,All ages,625,"Other endocrine, metabolic, blood, and immune disorders",3,Rate,2019,3204.54744162604,3534.45381640611,2910.59565866754
1,All Population,5,Prevalence,19,Timor-Leste,3,Both,22,All ages,625,"Other endocrine, metabolic, blood, and immune disorders",3,Rate,2020,130.67211598661999,160.19639420528,104.07654888424001
1,All Population,5,Prevalence,60,Lithuania,3,Both,22,All ages,625,"Other endocrine, metabolic, blood, and immune disorders",3,Rate,2022,2380.9656251568,2737.38808927566,2115.56167168615
1,All Population,5,Prevalence,111,Dominican Republic,3,Both,22,All ages,625,"Other endocrine, metabolic, blood, and immune disorders",3,Rate,2021,393.71851763964,472.64469334475,327.66005949245
1,All Population,5,Prevalence,179,Ethiopia,3,Both,22,All ages,625,"Other endocrine, metabolic, blood, and immune disorders",3,Rate,2022,159.60855487934998,197.4475085339,129.45159700051002
1,All Population,5,Prevalence,49,North Macedonia,3,Both,22,All ages,625,"Other endocrine, metabolic, blood, and immune disorders",3,Rate,2020,1252.80360120272,1540.61763812985,1012.2316518735801
1,All Population,5,Prevalence,18,Thailand,3,Both,22,All ages,625,"Other endocrine, metabolic, blood, and immune disorders",3,Rate,2020,300.5250424954,364.8942152784,241.57228923047
1,All Population,5,Prevalence,79,Finland,3,Both,22,All ages,625,"Other endocrine, metabolic, blood, and immune disorders",3,Rate,2022,2042.62186186224,2274.014864061,1847.83393888624
1,All Population,5,Prevalence,351,Guam,3,Both,22,All ages,625,"Other endocrine, metabolic, blood, and immune disorders",3,Rate,2020,354.16727150819,429.90656666250004,294.81122965816
1,All Population,5,Prevalence,107,Barbados,3,Both,22,All ages,625,"Other endocrine, metabolic, blood, and immune disorders",3,Rate,2022,829.88559067971,990.8459617821899,712.50818170082
1,All Population,5,Prevalence,92,Spain,3,Both,22,All ages,625,"Other endocrine, metabolic, blood, and immune disorders",3,Rate,2022,2102.8133613079503,2518.91773286935,1757.35877747971
1,All Population,5,Prevalence,139,Algeria,3,Both,22,All ages,625,"Other endocrine, metabolic, blood, and immune disorders",3,Rate,2022,294.66852058046,383.71973286775,236.64986123768003
1,All Population,5,Prevalence,122,Ecuador,3,Both,22,All ages,625,"Other endocrine, metabolic, blood, and immune disorders",3,Rate,2022,736.36937768994,812.82445986383,662.71874210111
1,All Population,5,Prevalence,181,Madagascar,3,Both,22,All ages,625,"Other endocrine, metabolic, blood, and immune disorders",3,Rate,2019,152.12861079928,187.21599509293,121.84389998678
1,All Population,5,Prevalence,18,Thailand,3,Both,22,All ages,625,"Other endocrine, metabolic, blood, and immune disorders",3,Rate,2021,308.98473756945,371.88991878133,248.15636473077998
1,All Population,5,Prevalence,123,Peru,3,Both,22,All ages,625,"Other endocrine, metabolic, blood, and immune disorders",3,Rate,2022,622.10831944014,808.1121267518299,496.79767604054996
1,All Population,5,Prevalence,33,Armenia,3,Both,22,All ages,625,"Other endocrine, metabolic, blood, and immune disorders",3,Rate,2021,1148.69290402299,1413.43216603528,943.45096309523
1,All Population,5,Prevalence,152,Saudi Arabia,3,Both,22,All ages,625,"Other endocrine, metabolic, blood, and immune disorders",3,Rate,2022,305.22471601591997,375.35679818900996,252.69222682469
1,All Population,5,Prevalence,212,Mauritania,3,Both,22,All ages,625,"Other endocrine, metabolic, blood, and immune disorders",3,Rate,2020,190.46450164805,252.04748274365,148.17039066673001
1,All Population,5,Prevalence,179,Ethiopia,3,Both,22,All ages,625,"Other endocrine, metabolic, blood, and immune disorders",3,Rate,2021,157.62969340528,194.72914921133,127.15679383877999
1,All Population,5,Prevalence,72,New Zealand,3,Both,22,All ages,625,"Other endocrine, metabolic, blood, and immune disorders",3,Rate,2021,1020.2083979267401,1155.97300303853,897.2214593845101
1,All Population,5,Prevalence,72,New Zealand,3,Both,22,All ages,625,"Other endocrine, metabolic, blood, and immune disorders",3,Rate,2022,1024.66938306835,1162.46622406049,903.5283815959101
1,All Population,5,Prevalence,55,Slovenia,3,Both,22,All ages,625,"Other endocrine, metabolic, blood, and immune disorders",3,Rate,2021,1952.7249985708002,2222.42085969624,1718.20071500836
1,All Population,5,Prevalence,212,Mauritania,3,Both,22,All ages,625,"Other endocrine, metabolic, blood, and immune disorders",3,Rate,2021,191.35309809454,254.09936408290002,148.9935234543
1,All Population,5,Prevalence,147,Libya,3,Both,22,All ages,625,"Other endocrine, metabolic, blood, and immune disorders",3,Rate,2021,309.2067625102,404.69444806574006,247.41555072985997
1,All Population,5,Prevalence,369,Nauru,3,Both,22,All ages,625,"Other endocrine, metabolic, blood, and immune disorders",3,Rate,2022,259.4886234622,329.43211491801,213.04914439439
1,All Population,5,Prevalence,193,Botswana,3,Both,22,All ages,625,"Other endocrine, metabolic, blood, and immune disorders",3,Rate,2022,368.83392406268,443.7234081765,303.65753717838
1,All Population,5,Prevalence,75,Austria,3,Both,22,All ages,625,"Other endocrine, metabolic, blood, and immune disorders",3,Rate,2022,4514.630737517529,5044.814024767949,3978.90999591931
1,All Population,5,Prevalence,66,Brunei Darussalam,3,Both,22,All ages,625,"Other endocrine, metabolic, blood, and immune disorders",3,Rate,2020,994.95830871338,1164.13111237902,847.7720575682799
1,All Population,5,Prevalence,111,Dominican Republic,3,Both,22,All ages,625,"Other endocrine, metabolic, blood, and immune disorders",3,Rate,2020,385.67805193933,468.22401210323005,320.06140479287
1,All Population,5,Prevalence,190,Uganda,3,Both,22,All ages,625,"Other endocrine, metabolic, blood, and immune disorders",3,Rate,2019,149.26676709659,182.52109013275,122.13010584303001
1,All Population,5,Prevalence,112,Grenada,3,Both,22,All ages,625,"Other endocrine, metabolic, blood, and immune disorders",3,Rate,2020,689.96925368385,789.66427981432,585.59468520548
1,All Population,5,Prevalence,305,Bermuda,3,Both,22,All ages,625,"Other endocrine, metabolic, blood, and immune disorders",3,Rate,2022,789.2580117394699,942.89708305713,661.19844411604
1,All Population,5,Prevalence,206,Gambia,3,Both,22,All ages,625,"Other endocrine, metabolic, blood, and immune disorders",3,Rate,2020,166.01667009154,206.38272667845,133.7654753774
1,All Population,5,Prevalence,173,Gabon,3,Both,22,All ages,625,"Other endocrine, metabolic, blood, and immune disorders",3,Rate,2022,304.60757481364004,363.09045033840005,249.4845158156
1,All Population,5,Prevalence,119,Trinidad and Tobago,3,Both,22,All ages,625,"Other endocrine, metabolic, blood, and immune disorders",3,Rate,2020,691.62934796859,902.8585644140301,569.2429685905901
1,All Population,5,Prevalence,160,Afghanistan,3,Both,22,All ages,625,"Other endocrine, metabolic, blood, and immune disorders",3,Rate,2021,152.37049803379,190.11118030504,119.41779066782999
1,All Population,5,Prevalence,117,Saint Vincent and the Grenadines,3,Both,22,All ages,625,"Other endocrine, metabolic, blood, and immune disorders",3,Rate,2021,727.23239331586,912.2236331152301,629.76911987332
1,All Population,5,Prevalence,85,Israel,3,Both,22,All ages,625,"Other endocrine, metabolic, blood, and immune disorders",3,Rate,2021,1747.45460169626,2009.30231553629,1508.27768039242
1,All Population,5,Prevalence,59,Latvia,3,Both,22,All ages,625,"Other endocrine, metabolic, blood, and immune disorders",3,Rate,2021,2508.54105671961,2925.72852571657,2183.6332377498798
1,All Population,5,Prevalence,208,Guinea,3,Both,22,All ages,625,"Other endocrine, metabolic, blood, and immune disorders",3,Rate,2022,159.17082831676,194.9196904832,131.06729581388998
1,All Population,5,Prevalence,179,Ethiopia,3,Both,22,All ages,625,"Other endocrine, metabolic, blood, and immune disorders",3,Rate,2020,155.53537332065,189.85860868267,124.81140704376
1,All Population,5,Prevalence,132,Panama,3,Both,22,All ages,625,"Other endocrine, metabolic, blood, and immune disorders",3,Rate,2021,386.05444985825,448.80091978073006,326.34422703042003
1,All Population,5,Prevalence,201,Burkina Faso,3,Both,22,All ages,625,"Other endocrine, metabolic, blood, and immune disorders",3,Rate,2022,153.94854104261,189.0195614773,124.41229177897
1,All Population,5,Prevalence,396,San Marino,3,Both,22,All ages,625,"Other endocrine, metabolic, blood, and immune disorders",3,Rate,2022,1859.4692903362902,2269.8720575693496,1515.44440568965
1,All Population,5,Prevalence,185,Rwanda,3,Both,22,All ages,625,"Other endocrine, metabolic, blood, and immune disorders",3,Rate,2022,197.42759418402002,241.43806954754,159.40397180159
1,All Population,5,Prevalence,61,Republic of Moldova,3,Both,22,All ages,625,"Other endocrine, metabolic, blood, and immune disorders",3,Rate,2021,2237.0354578757997,2796.84495632367,1783.40522985053
1,All Population,5,Prevalence,183,Mauritius,3,Both,22,All ages,625,"Other endocrine, metabolic, blood, and immune disorders",3,Rate,2022,336.86943421616,430.63687058706006,268.56061890486
1,All Population,5,Prevalence,216,Senegal,3,Both,22,All ages,625,"Other endocrine, metabolic, blood, and immune disorders",3,Rate,2022,170.28709247384,210.00417413404998,140.4975260647
1,All Population,5,Prevalence,169,Central African Republic,3,Both,22,All ages,625,"Other endocrine, metabolic, blood, and immune disorders",3,Rate,2022,186.50799216514,225.7854008495,149.96678756714002
1,All Population,5,Prevalence,93,Sweden,3,Both,22,All ages,625,"Other endocrine, metabolic, blood, and immune disorders",3,Rate,2021,1665.1919248384502,1809.73858869458,1515.9009891679
1,All Population,5,Prevalence,55,Slovenia,3,Both,22,All ages,625,"Other endocrine, metabolic, blood, and immune disorders",3,Rate,2023,1991.06765324356,2290.7067071851798,1761.34528641353
1,All Population,5,Prevalence,197,Eswatini,3,Both,22,All ages,625,"Other endocrine, metabolic, blood, and immune disorders",3,Rate,2020,388.90935359573,466.22529380814,322.65609068031
1,All Population,5,Prevalence,44,Bosnia and Herzegovina,3,Both,22,All ages,625,"Other endocrine, metabolic, blood, and immune disorders",3,Rate,2023,1543.8567413337098,2038.36243939072,1253.3684767418301
1,All Population,5,Prevalence,48,Hungary,3,Both,22,All ages,625,"Other endocrine, metabolic, blood, and immune disorders",3,Rate,2021,1912.58509365591,2305.12946058621,1646.83887413467
1,All Population,5,Prevalence,106,Bahamas,3,Both,22,All ages,625,"Other endocrine, metabolic, blood, and immune disorders",3,Rate,2021,836.0708165091299,1048.89529456379,728.47535720337
1,All Population,5,Prevalence,112,Grenada,3,Both,22,All ages,625,"Other endocrine, metabolic, blood, and immune disorders",3,Rate,2021,709.3513391629899,817.04081472072,604.4831510212
1,All Population,5,Prevalence,125,Colombia,3,Both,22,All ages,625,"Other endocrine, metabolic, blood, and immune disorders",3,Rate,2021,418.45449232961005,483.35315916178,358.65945684491
1,All Population,5,Prevalence,218,Togo,3,Both,22,All ages,625,"Other endocrine, metabolic, blood, and immune disorders",3,Rate,2021,182.83092418106,227.13640486655999,148.08284406977
1,All Population,5,Prevalence,144,Jordan,3,Both,22,All ages,625,"Other endocrine, metabolic, blood, and immune disorders",3,Rate,2020,254.1718096488,308.85503799929,208.14960091206
1,All Population,5,Prevalence,172,Equatorial Guinea,3,Both,22,All ages,625,"Other endocrine, metabolic, blood, and immune disorders",3,Rate,2020,187.42830357928,227.96693288854001,150.53121156868
1,All Population,5,Prevalence,8,Taiwan,3,Both,22,All ages,625,"Other endocrine, metabolic, blood, and immune disorders",3,Rate,2023,352.35657715772,424.67378349101,296.23102143053
1,All Population,5,Prevalence,128,Guatemala,3,Both,22,All ages,625,"Other endocrine, metabolic, blood, and immune disorders",3,Rate,2021,308.75752560331,361.23627923947,268.08821462343
1,All Population,5,Prevalence,47,Czechia,3,Both,22,All ages,625,"Other endocrine, metabolic, blood, and immune disorders",3,Rate,2021,1964.2783162409,2409.04749145965,1711.29637755882
1,All Population,5,Prevalence,34,Azerbaijan,3,Both,22,All ages,625,"Other endocrine, metabolic, blood, and immune disorders",3,Rate,2021,1271.85758537743,1576.4546919509798,1046.41493031569
1,All Population,5,Prevalence,17,Sri Lanka,3,Both,22,All ages,625,"Other endocrine, metabolic, blood, and immune disorders",3,Rate,2021,210.81765761672997,261.39698951679003,169.07188570732
1,All Population,5,Prevalence,298,American Samoa,3,Both,22,All ages,625,"Other endocrine, metabolic, blood, and immune disorders",3,Rate,2022,587.81694800588,721.2660307953099,494.10593838654
1,All Population,5,Prevalence,66,Brunei Darussalam,3,Both,22,All ages,625,"Other endocrine, metabolic, blood, and immune disorders",3,Rate,2021,1021.95894445469,1183.69207837894,873.4106835522301
1,All Population,5,Prevalence,184,Mozambique,3,Both,22,All ages,625,"Other endocrine, metabolic, blood, and immune disorders",3,Rate,2022,156.96463092081999,192.01611360399,129.31399790359
1,All Population,5,Prevalence,215,Sao Tome and Principe,3,Both,22,All ages,625,"Other endocrine, metabolic, blood, and immune disorders",3,Rate,2022,225.83858817435998,276.92914013456,183.48243153098
1,All Population,5,Prevalence,60,Lithuania,3,Both,22,All ages,625,"Other endocrine, metabolic, blood, and immune disorders",3,Rate,2021,2369.49910274094,2733.33484476477,2101.6956184055
1,All Population,5,Prevalence,77,Cyprus,3,Both,22,All ages,625,"Other endocrine, metabolic, blood, and immune disorders",3,Rate,2021,1133.24927608244,1285.95468972918,995.23473430203
1,All Population,5,Prevalence,143,Iraq,3,Both,22,All ages,625,"Other endocrine, metabolic, blood, and immune disorders",3,Rate,2021,207.12108438213002,250.55348575716,172.02469391685
1,All Population,5,Prevalence,320,Cook Islands,3,Both,22,All ages,625,"Other endocrine, metabolic, blood, and immune disorders",3,Rate,2021,349.33512933779,458.28107120429,280.77282003414
1,All Population,5,Prevalence,113,Guyana,3,Both,22,All ages,625,"Other endocrine, metabolic, blood, and immune disorders",3,Rate,2021,525.34872286827,631.74342296256,439.3161362537
1,All Population,5,Prevalence,393,Saint Kitts and Nevis,3,Both,22,All ages,625,"Other endocrine, metabolic, blood, and immune disorders",3,Rate,2022,637.33010109957,797.1362900042399,535.62790721132
1,All Population,5,Prevalence,170,Congo,3,Both,22,All ages,625,"Other endocrine, metabolic, blood, and immune disorders",3,Rate,2021,236.74341273644998,286.24531380376,193.08342459245
1,All Population,5,Prevalence,205,Côte d'Ivoire,3,Both,22,All ages,625,"Other endocrine, metabolic, blood, and immune disorders",3,Rate,2020,160.77951692126,198.50729796385002,128.73131336673
1,All Population,5,Prevalence,67,Japan,3,Both,22,All ages,625,"Other endocrine, metabolic, blood, and immune disorders",3,Rate,2021,1308.38359438079,1631.99002192436,1065.19247867188
1,All Population,5,Prevalence,157,Yemen,3,Both,22,All ages,625,"Other endocrine, metabolic, blood, and immune disorders",3,Rate,2020,176.37524094690002,214.99098708856,144.66353641627998
1,All Population,5,Prevalence,153,Syrian Arab Republic,3,Both,22,All ages,625,"Other endocrine, metabolic, blood, and immune disorders",3,Rate,2021,302.47526708808,402.48732691272,242.18716437196002
1,All Population,5,Prevalence,142,Iran (Islamic Republic of),3,Both,22,All ages,625,"Other endocrine, metabolic, blood, and immune disorders",3,Rate,2021,338.53604457309,405.44982464981996,275.50163039385
1,All Population,5,Prevalence,385,Puerto Rico,3,Both,22,All ages,625,"Other endocrine, metabolic, blood, and immune disorders",3,Rate,2020,985.2428314158401,1145.54810993629,852.69329436476
1,All Population,5,Prevalence,68,Republic of Korea,3,Both,22,All ages,625,"Other endocrine, metabolic, blood, and immune disorders",3,Rate,2023,942.9962180226299,1152.75256180628,760.4011321466401
1,All Population,5,Prevalence,83,Iceland,3,Both,22,All ages,625,"Other endocrine, metabolic, blood, and immune disorders",3,Rate,2023,1879.0974856018502,2200.36696531665,1596.3018094735
1,All Population,5,Prevalence,102,United States of America,3,Both,22,All ages,625,"Other endocrine, metabolic, blood, and immune disorders",3,Rate,2023,1843.09846160361,2069.8574460784303,1655.5065577596902
1,All Population,5,Prevalence,38,Mongolia,3,Both,22,All ages,625,"Other endocrine, metabolic, blood, and immune disorders",3,Rate,2023,1071.8962208962,1271.45018806129,882.51847844463
1,All Population,5,Prevalence,181,Madagascar,3,Both,22,All ages,625,"Other endocrine, metabolic, blood, and immune disorders",3,Rate,2022,157.5887212275,192.0232570834,126.26911465197
1,All Population,5,Prevalence,195,Namibia,3,Both,22,All ages,625,"Other endocrine, metabolic, blood, and immune disorders",3,Rate,2022,340.90125099164,401.48096750322,285.17261014265
1,All Population,5,Prevalence,23,Kiribati,3,Both,22,All ages,625,"Other endocrine, metabolic, blood, and immune disorders",3,Rate,2023,242.73468698291998,305.68370262743,199.20767596296
1,All Population,5,Prevalence,115,Jamaica,3,Both,22,All ages,625,"Other endocrine, metabolic, blood, and immune disorders",3,Rate,2023,458.63927894304004,584.6051202643199,383.42509304476
1,All Population,5,Prevalence,214,Nigeria,3,Both,22,All ages,625,"Other endocrine, metabolic, blood, and immune disorders",3,Rate,2020,145.64845064135,181.40554050682002,118.1418731648
1,All Population,5,Prevalence,203,Cabo Verde,3,Both,22,All ages,625,"Other endocrine, metabolic, blood, and immune disorders",3,Rate,2021,222.52142754105998,297.32591614385,176.86874057875002
1,All Population,5,Prevalence,78,Denmark,3,Both,22,All ages,625,"Other endocrine, metabolic, blood, and immune disorders",3,Rate,2021,2423.78186995769,2789.43124651843,2130.4993355661
1,All Population,5,Prevalence,200,Benin,3,Both,22,All ages,625,"Other endocrine, metabolic, blood, and immune disorders",3,Rate,2022,156.23817794804,198.9302039957,127.15968588638
1,All Population,5,Prevalence,156,United Arab Emirates,3,Both,22,All ages,625,"Other endocrine, metabolic, blood, and immune disorders",3,Rate,2020,295.419183852,374.23181297454,238.40197167076002
1,All Population,5,Prevalence,171,Democratic Republic of the Congo,3,Both,22,All ages,625,"Other endocrine, metabolic, blood, and immune disorders",3,Rate,2021,193.57395619582,236.52338546872,155.52944491728
1,All Population,5,Prevalence,217,Sierra Leone,3,Both,22,All ages,625,"Other endocrine, metabolic, blood, and immune disorders",3,Rate,2021,160.38234420060002,197.74414626473998,133.54215444578
1,All Population,5,Prevalence,186,Seychelles,3,Both,22,All ages,625,"Other endocrine, metabolic, blood, and immune disorders",3,Rate,2021,234.45264017833003,295.78583788354,188.55190830396
1,All Population,5,Prevalence,25,Micronesia (Federated States of),3,Both,22,All ages,625,"Other endocrine, metabolic, blood, and immune disorders",3,Rate,2022,456.66353165283005,543.09048898228,385.41757438712
1,All Population,5,Prevalence,6,China,3,Both,22,All ages,625,"Other endocrine, metabolic, blood, and immune disorders",3,Rate,2023,222.55422725652997,271.43303204848,178.99820520552
1,All Population,5,Prevalence,181,Madagascar,3,Both,22,All ages,625,"Other endocrine, metabolic, blood, and immune disorders",3,Rate,2021,155.76814653924,190.17524160989,124.90236871177
1,All Population,5,Prevalence,55,Slovenia,3,Both,22,All ages,625,"Other endocrine, metabolic, blood, and immune disorders",3,Rate,2022,1971.3772247509899,2239.80308552701,1719.9289891925598
1,All Population,5,Prevalence,185,Rwanda,3,Both,22,All ages,625,"Other endocrine, metabolic, blood, and immune disorders",3,Rate,2021,194.65533940315,235.07372777299003,156.78218208063998
1,All Population,5,Prevalence,522,Sudan,3,Both,22,All ages,625,"Other endocrine, metabolic, blood, and immune disorders",3,Rate,2022,245.07312787388,323.1972780765,193.76061721726
1,All Population,5,Prevalence,108,Belize,3,Both,22,All ages,625,"Other endocrine, metabolic, blood, and immune disorders",3,Rate,2022,487.80862800619997,559.00497686073,416.01534757821
1,All Population,5,Prevalence,130,Mexico,3,Both,22,All ages,625,"Other endocrine, metabolic, blood, and immune disorders",3,Rate,2022,469.15624927491996,558.42417781797,387.99841039766
1,All Population,5,Prevalence,376,Northern Mariana Islands,3,Both,22,All ages,625,"Other endocrine, metabolic, blood, and immune disorders",3,Rate,2021,418.03547427172003,515.38522764475,346.28977540751
1,All Population,5,Prevalence,8,Taiwan,3,Both,22,All ages,625,"Other endocrine, metabolic, blood, and immune disorders",3,Rate,2022,343.87320255024,409.19312457916,289.92165171681
1,All Population,5,Prevalence,154,Tunisia,3,Both,22,All ages,625,"Other endocrine, metabolic, blood, and immune disorders",3,Rate,2021,443.11499577778005,528.02808230191,366.64508171832
1,All Population,5,Prevalence,413,Tokelau,3,Both,22,All ages,625,"Other endocrine, metabolic, blood, and immune disorders",3,Rate,2021,311.48143803371,394.77906780412997,252.8968495336
1,All Population,5,Prevalence,171,Democratic Republic of the Congo,3,Both,22,All ages,625,"Other endocrine, metabolic, blood, and immune disorders",3,Rate,2022,195.59154691811003,237.84903558127002,158.04108413018
1,All Population,5,Prevalence,94,Switzerland,3,Both,22,All ages,625,"Other endocrine, metabolic, blood, and immune disorders",3,Rate,2021,1596.1091214662201,1800.8317171183799,1416.21211578889
1,All Population,5,Prevalence,45,Bulgaria,3,Both,22,All ages,625,"Other endocrine, metabolic, blood, and immune disorders",3,Rate,2023,1526.85058414367,1951.1455336809602,1234.8592960442
1,All Population,5,Prevalence,15,Myanmar,3,Both,22,All ages,625,"Other endocrine, metabolic, blood, and immune disorders",3,Rate,2023,168.84209854245998,211.43877198513,133.97228857425
1,All Population,5,Prevalence,142,Iran (Islamic Republic of),3,Both,22,All ages,625,"Other endocrine, metabolic, blood, and immune disorders",3,Rate,2022,347.43764640567,420.01190170604,282.03942179279
1,All Population,5,Prevalence,30,Vanuatu,3,Both,22,All ages,625,"Other endocrine, metabolic, blood, and immune disorders",3,Rate,2023,234.13841576145998,291.06306604987,195.19551089873002
1,All Population,5,Prevalence,147,Libya,3,Both,22,All ages,625,"Other endocrine, metabolic, blood, and immune disorders",3,Rate,2022,312.53047875201,404.21727845255003,248.24338921999
1,All Population,5,Prevalence,122,Ecuador,3,Both,22,All ages,625,"Other endocrine, metabolic, blood, and immune disorders",3,Rate,2023,777.44499153765,875.73648559946,695.5916148633701
1,All Population,5,Prevalence,177,Djibouti,3,Both,22,All ages,625,"Other endocrine, metabolic, blood, and immune disorders",3,Rate,2022,211.98288005932,266.48845051769,167.19437139303
1,All Population,5,Prevalence,117,Saint Vincent and the Grenadines,3,Both,22,All ages,625,"Other endocrine, metabolic, blood, and immune disorders",3,Rate,2022,742.68621191562,922.28849442283,633.95048388635
1,All Population,5,Prevalence,40,Turkmenistan,3,Both,22,All ages,625,"Other endocrine, metabolic, blood, and immune disorders",3,Rate,2022,1074.34844493728,1295.77450353909,891.16677594326
1,All Population,5,Prevalence,109,Cuba,3,Both,22,All ages,625,"Other endocrine, metabolic, blood, and immune disorders",3,Rate,2023,516.16323703991,636.45775464055,427.07503880947996
1,All Population,5,Prevalence,14,Maldives,3,Both,22,All ages,625,"Other endocrine, metabolic, blood, and immune disorders",3,Rate,2023,300.66501739824,365.99496088507,247.22189358085
1,All Population,5,Prevalence,91,Portugal,3,Both,22,All ages,625,"Other endocrine, metabolic, blood, and immune disorders",3,Rate,2023,2338.48889929377,2764.57863530813,2002.79135171161
1,All Population,5,Prevalence,50,Montenegro,3,Both,22,All ages,625,"Other endocrine, metabolic, blood, and immune disorders",3,Rate,2023,1368.6295599103,1675.6409498299302,1115.01268900446
1,All Population,5,Prevalence,61,Republic of Moldova,3,Both,22,All ages,625,"Other endocrine, metabolic, blood, and immune disorders",3,Rate,2023,2292.63116303127,2986.85521297818,1838.5244376920198
1,All Population,5,Prevalence,35,Georgia,3,Both,22,All ages,625,"Other endocrine, metabolic, blood, and immune disorders",3,Rate,2022,1728.18813427016,2204.7996298714597,1427.02000069575
1,All Population,5,Prevalence,78,Denmark,3,Both,22,All ages,625,"Other endocrine, metabolic, blood, and immune disorders",3,Rate,2022,2455.0810995125303,2843.49984259949,2134.99666945749
1,All Population,5,Prevalence,349,Greenland,3,Both,22,All ages,625,"Other endocrine, metabolic, blood, and immune disorders",3,Rate,2021,1041.5218404238801,1356.1899214527,833.99402170884
1,All Population,5,Prevalence,97,Argentina,3,Both,22,All ages,625,"Other endocrine, metabolic, blood, and immune disorders",3,Rate,2023,1378.36956916853,1672.12751713913,1163.98651145466
1,All Population,5,Prevalence,108,Belize,3,Both,22,All ages,625,"Other endocrine, metabolic, blood, and immune disorders",3,Rate,2023,490.80137276309,563.50655118027,418.65870190057
1,All Population,5,Prevalence,76,Belgium,3,Both,22,All ages,625,"Other endocrine, metabolic, blood, and immune disorders",3,Rate,2023,3450.6026463309104,4059.5134709500103,2980.65565399268
1,All Population,5,Prevalence,416,Tuvalu,3,Both,22,All ages,625,"Other endocrine, metabolic, blood, and immune disorders",3,Rate,2021,339.37630506532,418.69910494608,280.784793491
1,All Population,5,Prevalence,16,Philippines,3,Both,22,All ages,625,"Other endocrine, metabolic, blood, and immune disorders",3,Rate,2022,210.73591928573998,252.09042558137,171.82272811178
1,All Population,5,Prevalence,162,Bhutan,3,Both,22,All ages,625,"Other endocrine, metabolic, blood, and immune disorders",3,Rate,2022,227.49202450893,280.79726023338003,181.94140379582
1,All Population,5,Prevalence,136,Paraguay,3,Both,22,All ages,625,"Other endocrine, metabolic, blood, and immune disorders",3,Rate,2022,509.64922547545996,645.80266538565,417.45361089282
1,All Population,5,Prevalence,87,Luxembourg,3,Both,22,All ages,625,"Other endocrine, metabolic, blood, and immune disorders",3,Rate,2022,1888.39772636197,2118.58617820802,1663.8412418190198
1,All Population,5,Prevalence,175,Burundi,3,Both,22,All ages,625,"Other endocrine, metabolic, blood, and immune disorders",3,Rate,2023,156.98676129925,196.05377477569,127.66670429489001
1,All Population,5,Prevalence,130,Mexico,3,Both,22,All ages,625,"Other endocrine, metabolic, blood, and immune disorders",3,Rate,2023,467.10532109276,550.31799704473,385.6697708926
1,All Population,5,Prevalence,49,North Macedonia,3,Both,22,All ages,625,"Other endocrine, metabolic, blood, and immune disorders",3,Rate,2023,1290.0365375493,1577.72571431128,1060.80942698446
1,All Population,5,Prevalence,98,Chile,3,Both,22,All ages,625,"Other endocrine, metabolic, blood, and immune disorders",3,Rate,2023,1575.19966418545,1786.4013600765502,1390.3950760453502
1,All Population,5,Prevalence,75,Austria,3,Both,22,All ages,625,"Other endocrine, metabolic, blood, and immune disorders",3,Rate,2023,4493.4613682071395,4978.43372484079,4055.33902129185
1,All Population,5,Prevalence,320,Cook Islands,3,Both,22,All ages,625,"Other endocrine, metabolic, blood, and immune disorders",3,Rate,2022,363.92168291008,478.32679195017005,289.59811214166
1,All Population,5,Prevalence,145,Kuwait,3,Both,22,All ages,625,"Other endocrine, metabolic, blood, and immune disorders",3,Rate,2023,281.69186840738,343.24677339200997,232.84479310033
1,All Population,5,Prevalence,162,Bhutan,3,Both,22,All ages,625,"Other endocrine, metabolic, blood, and immune disorders",3,Rate,2023,232.01500855454998,288.45440785133,188.00541173709001
1,All Population,5,Prevalence,149,Palestine,3,Both,22,All ages,625,"Other endocrine, metabolic, blood, and immune disorders",3,Rate,2023,241.47810507998,295.89414699264,197.79210459700997
1,All Population,5,Prevalence,193,Botswana,3,Both,22,All ages,625,"Other endocrine, metabolic, blood, and immune disorders",3,Rate,2023,376.38586030832,462.14194845208,306.39335590446
1,All Population,5,Prevalence,36,Kazakhstan,3,Both,22,All ages,625,"Other endocrine, metabolic, blood, and immune disorders",3,Rate,2022,1147.40577397322,1439.64807419109,922.4099313482601
1,All Population,5,Prevalence,62,Russian Federation,3,Both,22,All ages,625,"Other endocrine, metabolic, blood, and immune disorders",3,Rate,2023,2081.8971985713497,2589.86359602832,1652.7807581965499
1,All Population,5,Prevalence,63,Ukraine,3,Both,22,All ages,625,"Other endocrine, metabolic, blood, and immune disorders",3,Rate,2022,1813.36791884588,2210.5979823883604,1478.30090607089
1,All Population,5,Prevalence,29,Tonga,3,Both,22,All ages,625,"Other endocrine, metabolic, blood, and immune disorders",3,Rate,2023,300.56742730184,376.77564335307,246.07341264995
1,All Population,5,Prevalence,48,Hungary,3,Both,22,All ages,625,"Other endocrine, metabolic, blood, and immune disorders",3,Rate,2022,1927.79996848103,2349.3925919385,1626.11745913035
1,All Population,5,Prevalence,82,Greece,3,Both,22,All ages,625,"Other endocrine, metabolic, blood, and immune disorders",3,Rate,2022,2039.26147483005,2422.66140828943,1686.64834760925
1,All Population,5,Prevalence,197,Eswatini,3,Both,22,All ages,625,"Other endocrine, metabolic, blood, and immune disorders",3,Rate,2022,390.66549205633,463.06353025804003,325.96239589521
1,All Population,5,Prevalence,210,Liberia,3,Both,22,All ages,625,"Other endocrine, metabolic, blood, and immune disorders",3,Rate,2023,182.85260533183,230.97372661843,149.86288097627
1,All Population,5,Prevalence,197,Eswatini,3,Both,22,All ages,625,"Other endocrine, metabolic, blood, and immune disorders",3,Rate,2023,401.79726928202,488.40793906003,333.36439913104
1,All Population,5,Prevalence,92,Spain,3,Both,22,All ages,625,"Other endocrine, metabolic, blood, and immune disorders",3,Rate,2023,2116.76032954652,2511.66438688374,1787.9345777206302
1,All Population,5,Prevalence,413,Tokelau,3,Both,22,All ages,625,"Other endocrine, metabolic, blood, and immune disorders",3,Rate,2022,314.08679362456,391.05901539872997,255.1724994178
1,All Population,5,Prevalence,422,United States Virgin Islands,3,Both,22,All ages,625,"Other endocrine, metabolic, blood, and immune disorders",3,Rate,2020,809.68860094702,1010.7561074684701,674.6478712091799
1,All Population,5,Prevalence,17,Sri Lanka,3,Both,22,All ages,625,"Other endocrine, metabolic, blood, and immune disorders",3,Rate,2022,221.72561343555998,274.95948114429,177.11225367165
1,All Population,5,Prevalence,46,Croatia,3,Both,22,All ages,625,"Other endocrine, metabolic, blood, and immune disorders",3,Rate,2023,1963.8878911602399,2285.86277781518,1725.4038043060998
1,All Population,5,Prevalence,435,South Sudan,3,Both,22,All ages,625,"Other endocrine, metabolic, blood, and immune disorders",3,Rate,2020,160.67665959111,200.20449092216,127.74596748887
1,All Population,5,Prevalence,109,Cuba,3,Both,22,All ages,625,"Other endocrine, metabolic, blood, and immune disorders",3,Rate,2022,509.50726009717005,630.56582122904,424.67529809358996
1,All Population,5,Prevalence,141,Egypt,3,Both,22,All ages,625,"Other endocrine, metabolic, blood, and immune disorders",3,Rate,2022,255.81414861544997,309.77979547484,209.24947682260998
1,All Population,5,Prevalence,151,Qatar,3,Both,22,All ages,625,"Other endocrine, metabolic, blood, and immune disorders",3,Rate,2020,236.95586748742,302.96605311343,188.98788649487
1,All Population,5,Prevalence,44,Bosnia and Herzegovina,3,Both,22,All ages,625,"Other endocrine, metabolic, blood, and immune disorders",3,Rate,2021,1499.88263699452,1966.6992787779998,1232.57050709327
1,All Population,5,Prevalence,74,Andorra,3,Both,22,All ages,625,"Other endocrine, metabolic, blood, and immune disorders",3,Rate,2021,1589.4107318916201,1925.69786589042,1266.06129009494
1,All Population,5,Prevalence,149,Palestine,3,Both,22,All ages,625,"Other endocrine, metabolic, blood, and immune disorders",3,Rate,2021,234.57854430825,284.97323205633,192.19772694137998
1,All Population,5,Prevalence,27,Samoa,3,Both,22,All ages,625,"Other endocrine, metabolic, blood, and immune disorders",3,Rate,2021,256.15580214489,305.32686801705,212.19289495616
1,All Population,5,Prevalence,128,Guatemala,3,Both,22,All ages,625,"Other endocrine, metabolic, blood, and immune disorders",3,Rate,2022,314.46706333836,364.77795964074,267.92239827785
1,All Population,5,Prevalence,62,Russian Federation,3,Both,22,All ages,625,"Other endocrine, metabolic, blood, and immune disorders",3,Rate,2022,2057.00656987607,2542.90688632906,1629.66223225625
1,All Population,5,Prevalence,94,Switzerland,3,Both,22,All ages,625,"Other endocrine, metabolic, blood, and immune disorders",3,Rate,2022,1609.13140342483,1826.59878807736,1421.9157973931701
1,All Population,5,Prevalence,155,Türkiye,3,Both,22,All ages,625,"Other endocrine, metabolic, blood, and immune disorders",3,Rate,2022,455.21853605599,539.6163949633,371.59309315134
1,All Population,5,Prevalence,93,Sweden,3,Both,22,All ages,625,"Other endocrine, metabolic, blood, and immune disorders",3,Rate,2022,1677.76790014082,1822.3559767911302,1541.4544801945801
1,All Population,5,Prevalence,125,Colombia,3,Both,22,All ages,625,"Other endocrine, metabolic, blood, and immune disorders",3,Rate,2022,429.2889596197,498.73970632385,362.68630812658
1,All Population,5,Prevalence,20,Viet Nam,3,Both,22,All ages,625,"Other endocrine, metabolic, blood, and immune disorders",3,Rate,2020,203.33722185685,245.05715364370002,162.96153245707
1,All Population,5,Prevalence,170,Congo,3,Both,22,All ages,625,"Other endocrine, metabolic, blood, and immune disorders",3,Rate,2022,238.16083248365,288.53178420260997,194.99225100088998
1,All Population,5,Prevalence,376,Northern Mariana Islands,3,Both,22,All ages,625,"Other endocrine, metabolic, blood, and immune disorders",3,Rate,2022,423.20338104164,522.1004962958,353.30146125642
1,All Population,5,Prevalence,12,Lao People's Democratic Republic,3,Both,22,All ages,625,"Other endocrine, metabolic, blood, and immune disorders",3,Rate,2020,140.49525579984,171.79418770645,112.81718695239
1,All Population,5,Prevalence,369,Nauru,3,Both,22,All ages,625,"Other endocrine, metabolic, blood, and immune disorders",3,Rate,2023,260.74690464007,321.30242383793,213.33472698078
1,All Population,5,Prevalence,136,Paraguay,3,Both,22,All ages,625,"Other endocrine, metabolic, blood, and immune disorders",3,Rate,2021,497.15567239897996,628.25494375192,408.26143354186
1,All Population,5,Prevalence,47,Czechia,3,Both,22,All ages,625,"Other endocrine, metabolic, blood, and immune disorders",3,Rate,2022,1980.61882146767,2429.2171141744802,1717.70011215772
1,All Population,5,Prevalence,169,Central African Republic,3,Both,22,All ages,625,"Other endocrine, metabolic, blood, and immune disorders",3,Rate,2023,187.44359746085001,225.68837750673,150.11463027022998
1,All Population,5,Prevalence,154,Tunisia,3,Both,22,All ages,625,"Other endocrine, metabolic, blood, and immune disorders",3,Rate,2022,445.64394106228,526.62164798117,368.15231288353
1,All Population,5,Prevalence,51,Poland,3,Both,22,All ages,625,"Other endocrine, metabolic, blood, and immune disorders",3,Rate,2020,1257.27764972117,1556.95212387666,1108.46472294364
1,All Population,5,Prevalence,385,Puerto Rico,3,Both,22,All ages,625,"Other endocrine, metabolic, blood, and immune disorders",3,Rate,2023,1044.9187714980599,1189.35734920395,902.3899639355101
1,All Population,5,Prevalence,214,Nigeria,3,Both,22,All ages,625,"Other endocrine, metabolic, blood, and immune disorders",3,Rate,2021,147.36659073982,185.26062250734,120.28905339184
1,All Population,5,Prevalence,81,Germany,3,Both,22,All ages,625,"Other endocrine, metabolic, blood, and immune disorders",3,Rate,2022,3236.3755013451,3575.4837190448397,2917.95078670219
1,All Population,5,Prevalence,77,Cyprus,3,Both,22,All ages,625,"Other endocrine, metabolic, blood, and immune disorders",3,Rate,2022,1155.32506609404,1315.7970148158,1004.57637500513
1,All Population,5,Prevalence,191,Zambia,3,Both,22,All ages,625,"Other endocrine, metabolic, blood, and immune disorders",3,Rate,2023,149.668279536,186.50858452088,121.95008733140999
1,All Population,5,Prevalence,139,Algeria,3,Both,22,All ages,625,"Other endocrine, metabolic, blood, and immune disorders",3,Rate,2023,300.07434727299,387.23081780947,240.06453315962
1,All Population,5,Prevalence,201,Burkina Faso,3,Both,22,All ages,625,"Other endocrine, metabolic, blood, and immune disorders",3,Rate,2023,155.14392578254,194.40923290995,124.35280226369
1,All Population,5,Prevalence,20,Viet Nam,3,Both,22,All ages,625,"Other endocrine, metabolic, blood, and immune disorders",3,Rate,2021,207.88161016661,251.06695680009,167.87458736262
1,All Population,5,Prevalence,416,Tuvalu,3,Both,22,All ages,625,"Other endocrine, metabolic, blood, and immune disorders",3,Rate,2022,344.63383882119,421.85843910948,284.84612643469
1,All Population,5,Prevalence,143,Iraq,3,Both,22,All ages,625,"Other endocrine, metabolic, blood, and immune disorders",3,Rate,2023,213.41628167458,260.93974397632996,174.99401984892
1,All Population,5,Prevalence,57,Belarus,3,Both,22,All ages,625,"Other endocrine, metabolic, blood, and immune disorders",3,Rate,2023,2183.9931402175503,2671.55103050533,1736.12936249925
1,All Population,5,Prevalence,87,Luxembourg,3,Both,22,All ages,625,"Other endocrine, metabolic, blood, and immune disorders",3,Rate,2021,1881.5753266713202,2124.076981103,1667.25991823037
1,All Population,5,Prevalence,119,Trinidad and Tobago,3,Both,22,All ages,625,"Other endocrine, metabolic, blood, and immune disorders",3,Rate,2021,709.64662386325,926.67310052547,598.67258503236
1,All Population,5,Prevalence,187,Somalia,3,Both,22,All ages,625,"Other endocrine, metabolic, blood, and immune disorders",3,Rate,2022,163.88101893187,201.39022274726,130.02295221234002
1,All Population,5,Prevalence,349,Greenland,3,Both,22,All ages,625,"Other endocrine, metabolic, blood, and immune disorders",3,Rate,2022,1056.82764981513,1353.80658013217,848.25906275187
1,All Population,5,Prevalence,140,Bahrain,3,Both,22,All ages,625,"Other endocrine, metabolic, blood, and immune disorders",3,Rate,2023,415.44865404443004,533.8084842813901,337.69067018335
1,All Population,5,Prevalence,183,Mauritius,3,Both,22,All ages,625,"Other endocrine, metabolic, blood, and immune disorders",3,Rate,2023,344.81900642304,443.58685572384,286.12816600686
1,All Population,5,Prevalence,168,Angola,3,Both,22,All ages,625,"Other endocrine, metabolic, blood, and immune disorders",3,Rate,2023,199.52177495554,262.93813767408,158.828170815
1,All Population,5,Prevalence,35,Georgia,3,Both,22,All ages,625,"Other endocrine, metabolic, blood, and immune disorders",3,Rate,2021,1702.42233000901,2191.19385979564,1419.03509693867
1,All Population,5,Prevalence,155,Türkiye,3,Both,22,All ages,625,"Other endocrine, metabolic, blood, and immune disorders",3,Rate,2023,466.34423545312,553.31248742406,380.61494686603
1,All Population,5,Prevalence,53,Serbia,3,Both,22,All ages,625,"Other endocrine, metabolic, blood, and immune disorders",3,Rate,2023,1476.78306128739,1729.6695732873998,1260.01784083963
1,All Population,5,Prevalence,210,Liberia,3,Both,22,All ages,625,"Other endocrine, metabolic, blood, and immune disorders",3,Rate,2022,179.59470586980999,221.60459829299998,143.78153019196
1,All Population,5,Prevalence,186,Seychelles,3,Both,22,All ages,625,"Other endocrine, metabolic, blood, and immune disorders",3,Rate,2022,239.70180785783,302.55880815748,191.59024373331
1,All Population,5,Prevalence,156,United Arab Emirates,3,Both,22,All ages,625,"Other endocrine, metabolic, blood, and immune disorders",3,Rate,2023,310.65007351258,387.34758981939,250.83366728380997
1,All Population,5,Prevalence,184,Mozambique,3,Both,22,All ages,625,"Other endocrine, metabolic, blood, and immune disorders",3,Rate,2023,157.36134661207,192.56073275302998,127.66236635924
1,All Population,5,Prevalence,113,Guyana,3,Both,22,All ages,625,"Other endocrine, metabolic, blood, and immune disorders",3,Rate,2020,507.56835177593996,613.4327766579,430.69273466508
1,All Population,5,Prevalence,351,Guam,3,Both,22,All ages,625,"Other endocrine, metabolic, blood, and immune disorders",3,Rate,2022,371.97400762308,441.81621917397,307.52160491687
1,All Population,5,Prevalence,77,Cyprus,3,Both,22,All ages,625,"Other endocrine, metabolic, blood, and immune disorders",3,Rate,2023,1177.0829239980799,1358.70288949872,1013.51469428986
1,All Population,5,Prevalence,40,Turkmenistan,3,Both,22,All ages,625,"Other endocrine, metabolic, blood, and immune disorders",3,Rate,2023,1070.80310225526,1272.3950816134102,877.4000871641501
1,All Population,5,Prevalence,66,Brunei Darussalam,3,Both,22,All ages,625,"Other endocrine, metabolic, blood, and immune disorders",3,Rate,2023,1081.08441628484,1259.54716336554,914.7690098333701
1,All Population,5,Prevalence,203,Cabo Verde,3,Both,22,All ages,625,"Other endocrine, metabolic, blood, and immune disorders",3,Rate,2022,228.19080803745,306.1398314488,181.34766656327
1,All Population,5,Prevalence,144,Jordan,3,Both,22,All ages,625,"Other endocrine, metabolic, blood, and immune disorders",3,Rate,2023,267.61839309296,325.53676229488997,216.69950098374002
1,All Population,5,Prevalence,203,Cabo Verde,3,Both,22,All ages,625,"Other endocrine, metabolic, blood, and immune disorders",3,Rate,2023,233.12220849006,315.01786952959,185.97682228503
1,All Population,5,Prevalence,123,Peru,3,Both,22,All ages,625,"Other endocrine, metabolic, blood, and immune disorders",3,Rate,2023,623.74554433217,790.31047380609,507.31457815118
1,All Population,5,Prevalence,172,Equatorial Guinea,3,Both,22,All ages,625,"Other endocrine, metabolic, blood, and immune disorders",3,Rate,2021,188.97332653862,232.55827864377002,150.84012509377
1,All Population,5,Prevalence,72,New Zealand,3,Both,22,All ages,625,"Other endocrine, metabolic, blood, and immune disorders",3,Rate,2023,1059.41743215255,1209.93365847819,926.43376480198
1,All Population,5,Prevalence,49,North Macedonia,3,Both,22,All ages,625,"Other endocrine, metabolic, blood, and immune disorders",3,Rate,2021,1264.0921697592298,1543.07925074835,1042.00129906905
1,All Population,5,Prevalence,422,United States Virgin Islands,3,Both,22,All ages,625,"Other endocrine, metabolic, blood, and immune disorders",3,Rate,2022,843.81851576523,1033.39027222151,689.69521438119
1,All Population,5,Prevalence,202,Cameroon,3,Both,22,All ages,625,"Other endocrine, metabolic, blood, and immune disorders",3,Rate,2022,173.62774731006,211.93538824389003,137.89332032510998
1,All Population,5,Prevalence,215,Sao Tome and Principe,3,Both,22,All ages,625,"Other endocrine, metabolic, blood, and immune disorders",3,Rate,2023,230.47280978855,285.36876889624,186.44794498181
1,All Population,5,Prevalence,36,Kazakhstan,3,Both,22,All ages,625,"Other endocrine, metabolic, blood, and immune disorders",3,Rate,2021,1129.34107753365,1414.6346749057,918.23033187369
1,All Population,5,Prevalence,95,United Kingdom,3,Both,22,All ages,625,"Other endocrine, metabolic, blood, and immune disorders",3,Rate,2021,2166.07771384541,2463.8051169318,1886.2360334945702
1,All Population,5,Prevalence,218,Togo,3,Both,22,All ages,625,"Other endocrine, metabolic, blood, and immune disorders",3,Rate,2022,185.76307419939,233.85290006958,152.30937747758
1,All Population,5,Prevalence,305,Bermuda,3,Both,22,All ages,625,"Other endocrine, metabolic, blood, and immune disorders",3,Rate,2023,794.13866663471,932.47835429154,667.5257685423201
1,All Population,5,Prevalence,108,Belize,3,Both,22,All ages,625,"Other endocrine, metabolic, blood, and immune disorders",3,Rate,2021,474.39750707873,540.83725551512,410.86130802383
1,All Population,5,Prevalence,216,Senegal,3,Both,22,All ages,625,"Other endocrine, metabolic, blood, and immune disorders",3,Rate,2023,171.34379898591,211.25337232784,141.2354822093
1,All Population,5,Prevalence,127,El Salvador,3,Both,22,All ages,625,"Other endocrine, metabolic, blood, and immune disorders",3,Rate,2021,355.83402352867,414.3951596468,302.33364503091
1,All Population,5,Prevalence,298,American Samoa,3,Both,22,All ages,625,"Other endocrine, metabolic, blood, and immune disorders",3,Rate,2023,600.84439521453,724.05369969145,497.34901108633
1,All Population,5,Prevalence,393,Saint Kitts and Nevis,3,Both,22,All ages,625,"Other endocrine, metabolic, blood, and immune disorders",3,Rate,2023,633.9444474257,826.61152408759,526.40769024879
1,All Population,5,Prevalence,385,Puerto Rico,3,Both,22,All ages,625,"Other endocrine, metabolic, blood, and immune disorders",3,Rate,2021,1018.4292194980001,1176.10101558073,893.4858253994199
1,All Population,5,Prevalence,10,Cambodia,3,Both,22,All ages,625,"Other endocrine, metabolic, blood, and immune disorders",3,Rate,2023,177.51290958196998,223.8301020796,142.35372223751
1,All Population,5,Prevalence,25,Micronesia (Federated States of),3,Both,22,All ages,625,"Other endocrine, metabolic, blood, and immune disorders",3,Rate,2023,463.62691851437,555.3460682262601,384.77594917515
1,All Population,5,Prevalence,217,Sierra Leone,3,Both,22,All ages,625,"Other endocrine, metabolic, blood, and immune disorders",3,Rate,2022,162.70382470388998,203.85136711386,134.35347564508
1,All Population,5,Prevalence,10,Cambodia,3,Both,22,All ages,625,"Other endocrine, metabolic, blood, and immune disorders",3,Rate,2022,176.10220669932,221.23573994357997,138.39586026304
1,All Population,5,Prevalence,204,Chad,3,Both,22,All ages,625,"Other endocrine, metabolic, blood, and immune disorders",3,Rate,2023,136.44087774639002,177.56803950431998,106.0937330056
1,All Population,5,Prevalence,351,Guam,3,Both,22,All ages,625,"Other endocrine, metabolic, blood, and immune disorders",3,Rate,2021,364.19874313188,435.14492951229005,302.52684172424
1,All Population,5,Prevalence,189,United Republic of Tanzania,3,Both,22,All ages,625,"Other endocrine, metabolic, blood, and immune disorders",3,Rate,2021,173.83043039240002,211.81838140979,141.42643113399
1,All Population,5,Prevalence,85,Israel,3,Both,22,All ages,625,"Other endocrine, metabolic, blood, and immune disorders",3,Rate,2023,1783.7043506670002,2068.71586038241,1520.8334535919
1,All Population,5,Prevalence,117,Saint Vincent and the Grenadines,3,Both,22,All ages,625,"Other endocrine, metabolic, blood, and immune disorders",3,Rate,2023,746.56870403604,935.66380201248,645.8459599514
1,All Population,5,Prevalence,57,Belarus,3,Both,22,All ages,625,"Other endocrine, metabolic, blood, and immune disorders",3,Rate,2022,2152.8878436936498,2665.3929874079,1721.5654716437202
1,All Population,5,Prevalence,119,Trinidad and Tobago,3,Both,22,All ages,625,"Other endocrine, metabolic, blood, and immune disorders",3,Rate,2022,726.90042896788,959.30266825005,609.96855247921
1,All Population,5,Prevalence,435,South Sudan,3,Both,22,All ages,625,"Other endocrine, metabolic, blood, and immune disorders",3,Rate,2023,164.22445049603002,211.03551012028,130.71823369141
1,All Population,5,Prevalence,110,Dominica,3,Both,22,All ages,625,"Other endocrine, metabolic, blood, and immune disorders",3,Rate,2022,672.57557819796,880.0419860696,548.92263450068
1,All Population,5,Prevalence,59,Latvia,3,Both,22,All ages,625,"Other endocrine, metabolic, blood, and immune disorders",3,Rate,2023,2251.70286593221,2597.58166270916,1930.5597459763499
1,All Population,5,Prevalence,79,Finland,3,Both,22,All ages,625,"Other endocrine, metabolic, blood, and immune disorders",3,Rate,2021,2026.28785831369,2243.7628647103797,1835.6135537385298
1,All Population,5,Prevalence,19,Timor-Leste,3,Both,22,All ages,625,"Other endocrine, metabolic, blood, and immune disorders",3,Rate,2021,132.68039528552998,161.81667452306,105.68083103667
1,All Population,5,Prevalence,149,Palestine,3,Both,22,All ages,625,"Other endocrine, metabolic, blood, and immune disorders",3,Rate,2022,237.61384358406,290.57880401442,194.14023264899
1,All Population,5,Prevalence,44,Bosnia and Herzegovina,3,Both,22,All ages,625,"Other endocrine, metabolic, blood, and immune disorders",3,Rate,2022,1515.5144589732402,1985.81969647773,1246.3728383580499
1,All Population,5,Prevalence,89,Netherlands,3,Both,22,All ages,625,"Other endocrine, metabolic, blood, and immune disorders",3,Rate,2022,2063.59530540887,2475.7979820448,1730.2852711426099
1,All Population,5,Prevalence,132,Panama,3,Both,22,All ages,625,"Other endocrine, metabolic, blood, and immune disorders",3,Rate,2023,389.58970303053997,462.89543244280003,327.49689791693
1,All Population,5,Prevalence,177,Djibouti,3,Both,22,All ages,625,"Other endocrine, metabolic, blood, and immune disorders",3,Rate,2023,215.45357659702,277.88743715628,171.71158339729
1,All Population,5,Prevalence,151,Qatar,3,Both,22,All ages,625,"Other endocrine, metabolic, blood, and immune disorders",3,Rate,2023,247.47871647462003,312.72500668511,195.77970637313
1,All Population,5,Prevalence,164,Nepal,3,Both,22,All ages,625,"Other endocrine, metabolic, blood, and immune disorders",3,Rate,2022,229.62036436795,275.07876357257004,192.15165460456
1,All Population,5,Prevalence,164,Nepal,3,Both,22,All ages,625,"Other endocrine, metabolic, blood, and immune disorders",3,Rate,2023,232.95316346338,282.33357099914,197.17611194654998
1,All Population,5,Prevalence,147,Libya,3,Both,22,All ages,625,"Other endocrine, metabolic, blood, and immune disorders",3,Rate,2023,319.78880194809,413.76944238918,257.20553013612
1,All Population,5,Prevalence,195,Namibia,3,Both,22,All ages,625,"Other endocrine, metabolic, blood, and immune disorders",3,Rate,2023,345.82168970067,405.43889103265997,288.83982309072
1,All Population,5,Prevalence,80,France,3,Both,22,All ages,625,"Other endocrine, metabolic, blood, and immune disorders",3,Rate,2021,2172.29852440145,2514.39457085074,1849.9169913114602
1,All Population,5,Prevalence,435,South Sudan,3,Both,22,All ages,625,"Other endocrine, metabolic, blood, and immune disorders",3,Rate,2022,163.76041326184,211.36423196867997,130.98322432564
1,All Population,5,Prevalence,155,Türkiye,3,Both,22,All ages,625,"Other endocrine, metabolic, blood, and immune disorders",3,Rate,2021,449.7745617068,535.8722562327399,368.39483054809
1,All Population,5,Prevalence,396,San Marino,3,Both,22,All ages,625,"Other endocrine, metabolic, blood, and immune disorders",3,Rate,2023,1884.4770939646398,2281.25929228554,1510.92964461695
1,All Population,5,Prevalence,79,Finland,3,Both,22,All ages,625,"Other endocrine, metabolic, blood, and immune disorders",3,Rate,2023,2027.39434365465,2309.8710001672002,1776.5016291740199
1,All Population,5,Prevalence,173,Gabon,3,Both,22,All ages,625,"Other endocrine, metabolic, blood, and immune disorders",3,Rate,2021,302.30989356271004,355.8777549441,249.97794673724002
1,All Population,5,Prevalence,18,Thailand,3,Both,22,All ages,625,"Other endocrine, metabolic, blood, and immune disorders",3,Rate,2022,316.90661691318,385.30812395235,248.99346404032002
1,All Population,5,Prevalence,187,Somalia,3,Both,22,All ages,625,"Other endocrine, metabolic, blood, and immune disorders",3,Rate,2021,164.63602293181,203.51673035446998,131.25344585736002
1,All Population,5,Prevalence,208,Guinea,3,Both,22,All ages,625,"Other endocrine, metabolic, blood, and immune disorders",3,Rate,2023,159.85858565944,194.84164462761998,130.84685041043002
1,All Population,5,Prevalence,212,Mauritania,3,Both,22,All ages,625,"Other endocrine, metabolic, blood, and immune disorders",3,Rate,2023,193.76182002707,263.83027697304,155.18361481003
1,All Population,5,Prevalence,385,Puerto Rico,3,Both,22,All ages,625,"Other endocrine, metabolic, blood, and immune disorders",3,Rate,2022,1048.63053536315,1239.7993365126401,907.5485152942999
1,All Population,5,Prevalence,74,Andorra,3,Both,22,All ages,625,"Other endocrine, metabolic, blood, and immune disorders",3,Rate,2023,1612.98913352623,1970.2294822063998,1293.1402166512
1,All Population,5,Prevalence,106,Bahamas,3,Both,22,All ages,625,"Other endocrine, metabolic, blood, and immune disorders",3,Rate,2023,872.73760005653,1132.0824945966601,753.96694544247
1,All Population,5,Prevalence,522,Sudan,3,Both,22,All ages,625,"Other endocrine, metabolic, blood, and immune disorders",3,Rate,2023,247.52881036971,328.88822507625997,192.96986511493998
1,All Population,5,Prevalence,16,Philippines,3,Both,22,All ages,625,"Other endocrine, metabolic, blood, and immune disorders",3,Rate,2023,214.50726709149998,255.72990687193,174.3966107299
1,All Population,5,Prevalence,51,Poland,3,Both,22,All ages,625,"Other endocrine, metabolic, blood, and immune disorders",3,Rate,2023,1283.51469685655,1647.0645903013,1135.73880734354
1,All Population,5,Prevalence,126,Costa Rica,3,Both,22,All ages,625,"Other endocrine, metabolic, blood, and immune disorders",3,Rate,2023,391.18001916852,462.88780120683,327.53182891058003
1,All Population,5,Prevalence,17,Sri Lanka,3,Both,22,All ages,625,"Other endocrine, metabolic, blood, and immune disorders",3,Rate,2023,224.51591771292,282.98768960493004,178.4793888257
1,All Population,5,Prevalence,144,Jordan,3,Both,22,All ages,625,"Other endocrine, metabolic, blood, and immune disorders",3,Rate,2022,260.91418670189,315.54537478103003,214.25068952256
1,All Population,5,Prevalence,34,Azerbaijan,3,Both,22,All ages,625,"Other endocrine, metabolic, blood, and immune disorders",3,Rate,2023,1290.19795989877,1591.69891383967,1048.9157692204599
1,All Population,5,Prevalence,111,Dominican Republic,3,Both,22,All ages,625,"Other endocrine, metabolic, blood, and immune disorders",3,Rate,2023,403.87131420073,486.19989056675,332.79817752964
1,All Population,5,Prevalence,376,Northern Mariana Islands,3,Both,22,All ages,625,"Other endocrine, metabolic, blood, and immune disorders",3,Rate,2023,422.12450994421,515.77353824154,349.35228960773
1,All Population,5,Prevalence,19,Timor-Leste,3,Both,22,All ages,625,"Other endocrine, metabolic, blood, and immune disorders",3,Rate,2022,134.41658845754,165.09523979445,106.36313538824999
1,All Population,5,Prevalence,121,Bolivia (Plurinational State of),3,Both,22,All ages,625,"Other endocrine, metabolic, blood, and immune disorders",3,Rate,2021,539.00311349838,662.36505219038,436.51542552775
1,All Population,5,Prevalence,212,Mauritania,3,Both,22,All ages,625,"Other endocrine, metabolic, blood, and immune disorders",3,Rate,2022,192.35900864233,256.86718615563996,149.10410942055
1,All Population,5,Prevalence,63,Ukraine,3,Both,22,All ages,625,"Other endocrine, metabolic, blood, and immune disorders",3,Rate,2023,1869.7773426482102,2296.2078989546603,1491.86131475669
1,All Population,5,Prevalence,110,Dominica,3,Both,22,All ages,625,"Other endocrine, metabolic, blood, and immune disorders",3,Rate,2023,674.17117208598,876.8324625282099,550.07246547726
1,All Population,5,Prevalence,93,Sweden,3,Both,22,All ages,625,"Other endocrine, metabolic, blood, and immune disorders",3,Rate,2023,1711.7283982418,1888.65387664299,1568.4717862871798
1,All Population,5,Prevalence,48,Hungary,3,Both,22,All ages,625,"Other endocrine, metabolic, blood, and immune disorders",3,Rate,2023,1955.42808953087,2371.55727803455,1681.6869582979298
1,All Population,5,Prevalence,50,Montenegro,3,Both,22,All ages,625,"Other endocrine, metabolic, blood, and immune disorders",3,Rate,2022,1346.22341234953,1662.63588893192,1087.6176123283599
1,All Population,5,Prevalence,78,Denmark,3,Both,22,All ages,625,"Other endocrine, metabolic, blood, and immune disorders",3,Rate,2023,2257.1761043747597,2633.73668011575,1931.78963724788
1,All Population,5,Prevalence,33,Armenia,3,Both,22,All ages,625,"Other endocrine, metabolic, blood, and immune disorders",3,Rate,2023,1191.09242293394,1433.49322639398,973.80708399306
1,All Population,5,Prevalence,157,Yemen,3,Both,22,All ages,625,"Other endocrine, metabolic, blood, and immune disorders",3,Rate,2022,181.36781771795,216.00219514319002,152.24619026898
1,All Population,5,Prevalence,89,Netherlands,3,Both,22,All ages,625,"Other endocrine, metabolic, blood, and immune disorders",3,Rate,2021,2023.28130521146,2416.47099389075,1709.13832736401
1,All Population,5,Prevalence,27,Samoa,3,Both,22,All ages,625,"Other endocrine, metabolic, blood, and immune disorders",3,Rate,2023,257.69675478387,307.0171959484,216.21096312784
1,All Population,5,Prevalence,107,Barbados,3,Both,22,All ages,625,"Other endocrine, metabolic, blood, and immune disorders",3,Rate,2023,831.39224165168,975.55440984504,700.0152650675
1,All Population,5,Prevalence,47,Czechia,3,Both,22,All ages,625,"Other endocrine, metabolic, blood, and immune disorders",3,Rate,2023,1995.38990824433,2399.1955232024598,1723.63956515388
1,All Population,5,Prevalence,422,United States Virgin Islands,3,Both,22,All ages,625,"Other endocrine, metabolic, blood, and immune disorders",3,Rate,2021,826.9100291380599,1023.77440321015,686.1000836119
1,All Population,5,Prevalence,66,Brunei Darussalam,3,Both,22,All ages,625,"Other endocrine, metabolic, blood, and immune disorders",3,Rate,2022,1049.6012117949301,1208.90553789113,889.9320513737
1,All Population,5,Prevalence,143,Iraq,3,Both,22,All ages,625,"Other endocrine, metabolic, blood, and immune disorders",3,Rate,2022,209.7175018687,253.46819509956,173.79908046522
1,All Population,5,Prevalence,98,Chile,3,Both,22,All ages,625,"Other endocrine, metabolic, blood, and immune disorders",3,Rate,2022,1552.1926985666,1744.48327139708,1366.73378904196
1,All Population,5,Prevalence,67,Japan,3,Both,22,All ages,625,"Other endocrine, metabolic, blood, and immune disorders",3,Rate,2022,1336.44349006941,1665.51323370812,1090.27036615208
1,All Population,5,Prevalence,172,Equatorial Guinea,3,Both,22,All ages,625,"Other endocrine, metabolic, blood, and immune disorders",3,Rate,2022,190.92100614836,238.33138794693002,151.77726588394
1,All Population,5,Prevalence,95,United Kingdom,3,Both,22,All ages,625,"Other endocrine, metabolic, blood, and immune disorders",3,Rate,2022,2194.4840981120096,2505.80913613125,1912.8301304350898
1,All Population,5,Prevalence,190,Uganda,3,Both,22,All ages,625,"Other endocrine, metabolic, blood, and immune disorders",3,Rate,2022,154.10663274322002,188.08195842026,124.23614298084
1,All Population,5,Prevalence,157,Yemen,3,Both,22,All ages,625,"Other endocrine, metabolic, blood, and immune disorders",3,Rate,2023,183.18077925332,221.87781581971998,150.45160772840998
1,All Population,5,Prevalence,142,Iran (Islamic Republic of),3,Both,22,All ages,625,"Other endocrine, metabolic, blood, and immune disorders",3,Rate,2023,352.58405374935,430.82278140836,286.43558831245
1,All Population,5,Prevalence,111,Dominican Republic,3,Both,22,All ages,625,"Other endocrine, metabolic, blood, and immune disorders",3,Rate,2022,401.79306142775,480.43767594320997,333.14477690529
1,All Population,5,Prevalence,189,United Republic of Tanzania,3,Both,22,All ages,625,"Other endocrine, metabolic, blood, and immune disorders",3,Rate,2022,175.48573319526,214.37512048819,139.6292236904
1,All Population,5,Prevalence,200,Benin,3,Both,22,All ages,625,"Other endocrine, metabolic, blood, and immune disorders",3,Rate,2023,158.30094489564001,203.90883432594,128.48855568494
1,All Population,5,Prevalence,171,Democratic Republic of the Congo,3,Both,22,All ages,625,"Other endocrine, metabolic, blood, and immune disorders",3,Rate,2023,197.51121478258,237.21544287607998,155.77564989241998
1,All Population,5,Prevalence,94,Switzerland,3,Both,22,All ages,625,"Other endocrine, metabolic, blood, and immune disorders",3,Rate,2023,1635.3283395420099,1898.6670546929,1423.9087346819701
1,All Population,5,Prevalence,160,Afghanistan,3,Both,22,All ages,625,"Other endocrine, metabolic, blood, and immune disorders",3,Rate,2023,156.43934343987002,194.46990583029,124.40349410361999
1,All Population,5,Prevalence,119,Trinidad and Tobago,3,Both,22,All ages,625,"Other endocrine, metabolic, blood, and immune disorders",3,Rate,2023,727.7046765612699,919.8685186836499,614.17987142212
1,All Population,5,Prevalence,12,Lao People's Democratic Republic,3,Both,22,All ages,625,"Other endocrine, metabolic, blood, and immune disorders",3,Rate,2023,147.31929507924,181.51710216738002,118.57756492062
1,All Population,5,Prevalence,185,Rwanda,3,Both,22,All ages,625,"Other endocrine, metabolic, blood, and immune disorders",3,Rate,2023,199.96919729913,245.69068710566998,161.09177803143
1,All Population,5,Prevalence,170,Congo,3,Both,22,All ages,625,"Other endocrine, metabolic, blood, and immune disorders",3,Rate,2023,241.13184875049,292.37722849010004,194.96820847479
1,All Population,5,Prevalence,125,Colombia,3,Both,22,All ages,625,"Other endocrine, metabolic, blood, and immune disorders",3,Rate,2023,431.73222433299,501.37470370472005,368.02636572527
1,All Population,5,Prevalence,59,Latvia,3,Both,22,All ages,625,"Other endocrine, metabolic, blood, and immune disorders",3,Rate,2022,2557.66745205078,2916.68681000164,2247.35228535559
1,All Population,5,Prevalence,12,Lao People's Democratic Republic,3,Both,22,All ages,625,"Other endocrine, metabolic, blood, and immune disorders",3,Rate,2022,145.64493947847998,180.1822807142,115.64268519493001
1,All Population,5,Prevalence,87,Luxembourg,3,Both,22,All ages,625,"Other endocrine, metabolic, blood, and immune disorders",3,Rate,2023,1944.82758891968,2233.36496330205,1674.38160136706
1,All Population,5,Prevalence,205,Côte d'Ivoire,3,Both,22,All ages,625,"Other endocrine, metabolic, blood, and immune disorders",3,Rate,2023,165.41407821669,205.65802052610002,133.55703424882
1,All Population,5,Prevalence,136,Paraguay,3,Both,22,All ages,625,"Other endocrine, metabolic, blood, and immune disorders",3,Rate,2023,517.2222704934201,660.32510160254,425.79572119840003
1,All Population,5,Prevalence,156,United Arab Emirates,3,Both,22,All ages,625,"Other endocrine, metabolic, blood, and immune disorders",3,Rate,2022,301.86577251987,382.41525150202,240.53080974777998
1,All Population,5,Prevalence,179,Ethiopia,3,Both,22,All ages,625,"Other endocrine, metabolic, blood, and immune disorders",3,Rate,2023,160.29783715792001,199.07638213651,131.86735988662
1,All Population,5,Prevalence,153,Syrian Arab Republic,3,Both,22,All ages,625,"Other endocrine, metabolic, blood, and immune disorders",3,Rate,2023,316.26844569968,404.57526551719,254.57158682371
1,All Population,5,Prevalence,205,Côte d'Ivoire,3,Both,22,All ages,625,"Other endocrine, metabolic, blood, and immune disorders",3,Rate,2022,163.7033188406,199.63765241325999,132.8068197099
1,All Population,5,Prevalence,49,North Macedonia,3,Both,22,All ages,625,"Other endocrine, metabolic, blood, and immune disorders",3,Rate,2022,1273.3658994717,1546.6963368383701,1061.31707869534
1,All Population,5,Prevalence,152,Saudi Arabia,3,Both,22,All ages,625,"Other endocrine, metabolic, blood, and immune disorders",3,Rate,2023,308.7887627859,376.03710186983,257.35733615448004
1,All Population,5,Prevalence,81,Germany,3,Both,22,All ages,625,"Other endocrine, metabolic, blood, and immune disorders",3,Rate,2023,3070.76861399053,3400.8624406968397,2739.78661992529
1,All Population,5,Prevalence,141,Egypt,3,Both,22,All ages,625,"Other endocrine, metabolic, blood, and immune disorders",3,Rate,2023,258.83284629164,316.03400296427,212.24290177415
1,All Population,5,Prevalence,151,Qatar,3,Both,22,All ages,625,"Other endocrine, metabolic, blood, and immune disorders",3,Rate,2022,243.62012246972,308.58615578540997,196.43196731895003
1,All Population,5,Prevalence,214,Nigeria,3,Both,22,All ages,625,"Other endocrine, metabolic, blood, and immune disorders",3,Rate,2023,150.88052259562,192.350104584,122.7708052516
1,All Population,5,Prevalence,218,Togo,3,Both,22,All ages,625,"Other endocrine, metabolic, blood, and immune disorders",3,Rate,2023,189.84629104378,232.67983341179,153.56873749983998
1,All Population,5,Prevalence,112,Grenada,3,Both,22,All ages,625,"Other endocrine, metabolic, blood, and immune disorders",3,Rate,2022,730.2888929035701,846.1053754811401,616.75745710895
1,All Population,5,Prevalence,204,Chad,3,Both,22,All ages,625,"Other endocrine, metabolic, blood, and immune disorders",3,Rate,2022,136.80989510525,177.32600933846,107.72403363013001
1,All Population,5,Prevalence,186,Seychelles,3,Both,22,All ages,625,"Other endocrine, metabolic, blood, and immune disorders",3,Rate,2023,241.53751699701002,299.50197799604,193.29301608145
1,All Population,5,Prevalence,416,Tuvalu,3,Both,22,All ages,625,"Other endocrine, metabolic, blood, and immune disorders",3,Rate,2023,341.57046791808,414.65898076753996,285.78945404604997
1,All Population,5,Prevalence,217,Sierra Leone,3,Both,22,All ages,625,"Other endocrine, metabolic, blood, and immune disorders",3,Rate,2023,164.79198519262,203.68392338301,136.11792880293999
1,All Population,5,Prevalence,413,Tokelau,3,Both,22,All ages,625,"Other endocrine, metabolic, blood, and immune disorders",3,Rate,2023,313.68742919302997,385.6073133961,254.58388572914998
1,All Population,5,Prevalence,121,Bolivia (Plurinational State of),3,Both,22,All ages,625,"Other endocrine, metabolic, blood, and immune disorders",3,Rate,2023,550.1357833849299,672.51670212637,446.23262990746997
1,All Population,5,Prevalence,214,Nigeria,3,Both,22,All ages,625,"Other endocrine, metabolic, blood, and immune disorders",3,Rate,2022,149.18961500333998,188.97765270466002,121.96942110561
1,All Population,5,Prevalence,320,Cook Islands,3,Both,22,All ages,625,"Other endocrine, metabolic, blood, and immune disorders",3,Rate,2023,362.83975872431,471.32426551349,291.3687996044
1,All Population,5,Prevalence,206,Gambia,3,Both,22,All ages,625,"Other endocrine, metabolic, blood, and immune disorders",3,Rate,2023,170.11647154816998,214.99698713540002,136.91730950131
1,All Population,5,Prevalence,89,Netherlands,3,Both,22,All ages,625,"Other endocrine, metabolic, blood, and immune disorders",3,Rate,2023,2048.86302515122,2375.3259390671,1676.9887679972398
1,All Population,5,Prevalence,349,Greenland,3,Both,22,All ages,625,"Other endocrine, metabolic, blood, and immune disorders",3,Rate,2023,1069.34686544223,1382.2042070459202,844.57222900336
1,All Population,5,Prevalence,20,Viet Nam,3,Both,22,All ages,625,"Other endocrine, metabolic, blood, and immune disorders",3,Rate,2022,212.31490090405998,257.21221183268,171.05862196097002
1,All Population,5,Prevalence,82,Greece,3,Both,22,All ages,625,"Other endocrine, metabolic, blood, and immune disorders",3,Rate,2021,1995.2042674475701,2333.59446308425,1650.07113221153
1,All Population,5,Prevalence,191,Zambia,3,Both,22,All ages,625,"Other endocrine, metabolic, blood, and immune disorders",3,Rate,2021,146.61905448027,181.72006675929998,120.43109304639
1,All Population,5,Prevalence,181,Madagascar,3,Both,22,All ages,625,"Other endocrine, metabolic, blood, and immune disorders",3,Rate,2023,158.77074912215,192.70594500695,123.85612716012001
1,All Population,5,Prevalence,81,Germany,3,Both,22,All ages,625,"Other endocrine, metabolic, blood, and immune disorders",3,Rate,2021,3216.0305452644498,3547.63889723954,2921.24105513952
1,All Population,5,Prevalence,19,Timor-Leste,3,Both,22,All ages,625,"Other endocrine, metabolic, blood, and immune disorders",3,Rate,2023,133.68232366828002,164.17856341230998,105.88052148233
1,All Population,5,Prevalence,18,Thailand,3,Both,22,All ages,625,"Other endocrine, metabolic, blood, and immune disorders",3,Rate,2023,322.76409798706,385.25189840266,264.39608116115
1,All Population,5,Prevalence,60,Lithuania,3,Both,22,All ages,625,"Other endocrine, metabolic, blood, and immune disorders",3,Rate,2023,2487.1719758454,2910.04227786084,2145.4387578197598
1,All Population,5,Prevalence,128,Guatemala,3,Both,22,All ages,625,"Other endocrine, metabolic, blood, and immune disorders",3,Rate,2023,318.22539915858,374.90292340155,270.16683539891
1,All Population,5,Prevalence,36,Kazakhstan,3,Both,22,All ages,625,"Other endocrine, metabolic, blood, and immune disorders",3,Rate,2023,1152.08810006429,1419.86446522297,936.62442917031
1,All Population,5,Prevalence,95,United Kingdom,3,Both,22,All ages,625,"Other endocrine, metabolic, blood, and immune disorders",3,Rate,2023,2287.5918261789097,2623.48270184764,1984.3747486739799
1,All Population,5,Prevalence,190,Uganda,3,Both,22,All ages,625,"Other endocrine, metabolic, blood, and immune disorders",3,Rate,2021,152.66365756227998,187.70974466264,123.69868272106
1,All Population,5,Prevalence,113,Guyana,3,Both,22,All ages,625,"Other endocrine, metabolic, blood, and immune disorders",3,Rate,2023,547.24673557397,663.80803415459,451.80897623964
1,All Population,5,Prevalence,67,Japan,3,Both,22,All ages,625,"Other endocrine, metabolic, blood, and immune disorders",3,Rate,2023,1355.3027944999499,1701.2626837876,1101.36995377487
1,All Population,5,Prevalence,112,Grenada,3,Both,22,All ages,625,"Other endocrine, metabolic, blood, and immune disorders",3,Rate,2023,741.60554580165,868.1384325391599,635.3150545930499
1,All Population,5,Prevalence,35,Georgia,3,Both,22,All ages,625,"Other endocrine, metabolic, blood, and immune disorders",3,Rate,2023,1775.2763751939901,2305.3467699498497,1485.28907591387
1,All Population,5,Prevalence,80,France,3,Both,22,All ages,625,"Other endocrine, metabolic, blood, and immune disorders",3,Rate,2023,2200.56615197289,2611.5709994090903,1874.66656114246
1,All Population,5,Prevalence,97,Argentina,3,Both,22,All ages,625,"Other endocrine, metabolic, blood, and immune disorders",3,Rate,2022,1389.46504566193,1633.07908137877,1156.49666454183
1,All Population,5,Prevalence,187,Somalia,3,Both,22,All ages,625,"Other endocrine, metabolic, blood, and immune disorders",3,Rate,2023,163.59203796298,199.01719497196,129.52576009257
1,All Population,5,Prevalence,113,Guyana,3,Both,22,All ages,625,"Other endocrine, metabolic, blood, and immune disorders",3,Rate,2022,541.08788770324,647.17674346152,439.98995213944005
1,All Population,5,Prevalence,172,Equatorial Guinea,3,Both,22,All ages,625,"Other endocrine, metabolic, blood, and immune disorders",3,Rate,2023,193.81741077033,239.85935937745,154.81741955981
1,All Population,5,Prevalence,127,El Salvador,3,Both,22,All ages,625,"Other endocrine, metabolic, blood, and immune disorders",3,Rate,2023,363.52162351568,426.87924500346,302.27669964444004
1,All Population,5,Prevalence,191,Zambia,3,Both,22,All ages,625,"Other endocrine, metabolic, blood, and immune disorders",3,Rate,2022,147.48676799471002,184.79041927595,120.46947147287
1,All Population,5,Prevalence,206,Gambia,3,Both,22,All ages,625,"Other endocrine, metabolic, blood, and immune disorders",3,Rate,2022,168.18061896152,210.43138109938,134.64397018104
1,All Population,5,Prevalence,20,Viet Nam,3,Both,22,All ages,625,"Other endocrine, metabolic, blood, and immune disorders",3,Rate,2023,215.43168900487,265.84732384194,169.0638396943
1,All Population,5,Prevalence,154,Tunisia,3,Both,22,All ages,625,"Other endocrine, metabolic, blood, and immune disorders",3,Rate,2023,457.41457959087,533.38797467546,376.83405106518
1,All Population,5,Prevalence,82,Greece,3,Both,22,All ages,625,"Other endocrine, metabolic, blood, and immune disorders",3,Rate,2023,2054.9620198079597,2357.60999075672,1677.81587629428
1,All Population,5,Prevalence,190,Uganda,3,Both,22,All ages,625,"Other endocrine, metabolic, blood, and immune disorders",3,Rate,2023,156.27099544273,193.39890821816,127.31073154351999
1,All Population,5,Prevalence,202,Cameroon,3,Both,22,All ages,625,"Other endocrine, metabolic, blood, and immune disorders",3,Rate,2023,175.81789167435,215.10597205098,142.61090848871
1,All Population,5,Prevalence,422,United States Virgin Islands,3,Both,22,All ages,625,"Other endocrine, metabolic, blood, and immune disorders",3,Rate,2023,847.7887262575199,1037.0507743180701,696.67461216627
1,All Population,5,Prevalence,189,United Republic of Tanzania,3,Both,22,All ages,625,"Other endocrine, metabolic, blood, and immune disorders",3,Rate,2023,176.91174131748002,218.68139303768,145.38547166633998
1,All Population,5,Prevalence,173,Gabon,3,Both,22,All ages,625,"Other endocrine, metabolic, blood, and immune disorders",3,Rate,2023,309.76604688237,369.09907209735,251.59266623251997
1,All Population,5,Prevalence,351,Guam,3,Both,22,All ages,625,"Other endocrine, metabolic, blood, and immune disorders",3,Rate,2023,371.44233506291,448.17860364092,310.15166874675
1,All Population,5,Prevalence,51,Poland,3,Both,22,All ages,625,"Other endocrine, metabolic, blood, and immune disorders",3,Rate,2022,1280.70045261894,1642.9263800151798,1132.86181314279
