population_group_id,population_group_name,measure_id,measure_name,location_id,location_name,sex_id,sex_name,age_id,age_name,cause_id,cause_name,metric_id,metric_name,year,val,upper,lower
1,All Population,5,Prevalence,48,Hungary,3,Both,22,All ages,615,Sickle cell disorders,3,Rate,2014,0.034963406870000005,0.05090869692,0.02192487229
1,All Population,5,Prevalence,206,Gambia,3,Both,22,All ages,615,Sickle cell disorders,3,Rate,2014,324.22018366967,373.05774512258,281.80190310094997
1,All Population,5,Prevalence,6,China,3,Both,22,All ages,615,Sickle cell disorders,3,Rate,2014,1.57187042654,1.97324533181,1.22087464299
1,All Population,5,Prevalence,131,Nicaragua,3,Both,22,All ages,615,Sickle cell disorders,3,Rate,2014,0.07215248751,0.09905865112,0.05100937417
1,All Population,5,Prevalence,84,Ireland,3,Both,22,All ages,615,Sickle cell disorders,3,Rate,2014,4.28225346716,5.14759192872,3.49967706492
1,All Population,5,Prevalence,376,Northern Mariana Islands,3,Both,22,All ages,615,Sickle cell disorders,3,Rate,2014,0.01648205478,0.04480201389,0.0038520008299999997
1,All Population,5,Prevalence,195,Namibia,3,Both,22,All ages,615,Sickle cell disorders,3,Rate,2014,0.8392209848800001,1.04414026222,0.66053201173
1,All Population,5,Prevalence,53,Serbia,3,Both,22,All ages,615,Sickle cell disorders,3,Rate,2014,0.00817262342,0.015765324889999998,0.0040092552899999995
1,All Population,5,Prevalence,147,Libya,3,Both,22,All ages,615,Sickle cell disorders,3,Rate,2014,253.73753960585,299.41191450309,209.1559480738
1,All Population,5,Prevalence,23,Kiribati,3,Both,22,All ages,615,Sickle cell disorders,3,Rate,2015,0.017846063409999998,0.04668623177,0.0032224265600000004
1,All Population,5,Prevalence,26,Papua New Guinea,3,Both,22,All ages,615,Sickle cell disorders,3,Rate,2014,0.01896066397,0.05083094552,0.00368180541
1,All Population,5,Prevalence,12,Lao People's Democratic Republic,3,Both,22,All ages,615,Sickle cell disorders,3,Rate,2015,0.03702791726,0.06280336763000001,0.019456703300000003
1,All Population,5,Prevalence,50,Montenegro,3,Both,22,All ages,615,Sickle cell disorders,3,Rate,2014,0.04872769319,0.06672393914,0.03320609324
1,All Population,5,Prevalence,155,Türkiye,3,Both,22,All ages,615,Sickle cell disorders,3,Rate,2014,14.13959555515,16.141719907349998,12.37944631262
1,All Population,5,Prevalence,203,Cabo Verde,3,Both,22,All ages,615,Sickle cell disorders,3,Rate,2014,52.929024727850006,64.44042765382,43.72510493764
1,All Population,5,Prevalence,197,Eswatini,3,Both,22,All ages,615,Sickle cell disorders,3,Rate,2014,0.82991570488,1.02979672677,0.64484250608
1,All Population,5,Prevalence,95,United Kingdom,3,Both,22,All ages,615,Sickle cell disorders,3,Rate,2014,5.0349988755,6.190624531749999,4.11268403928
1,All Population,5,Prevalence,178,Eritrea,3,Both,22,All ages,615,Sickle cell disorders,3,Rate,2014,9.18574848382,11.9145250719,7.30988664057
1,All Population,5,Prevalence,142,Iran (Islamic Republic of),3,Both,22,All ages,615,Sickle cell disorders,3,Rate,2014,102.30252382133001,127.2948631109,78.87352926556
1,All Population,5,Prevalence,367,Monaco,3,Both,22,All ages,615,Sickle cell disorders,3,Rate,2014,3.0666504799,3.73805923379,2.51455174858
1,All Population,5,Prevalence,92,Spain,3,Both,22,All ages,615,Sickle cell disorders,3,Rate,2014,4.2703634600100004,4.92519865768,3.6556204445600002
1,All Population,5,Prevalence,61,Republic of Moldova,3,Both,22,All ages,615,Sickle cell disorders,3,Rate,2014,0.02180121581,0.03115661284,0.014441031379999998
1,All Population,5,Prevalence,8,Taiwan,3,Both,22,All ages,615,Sickle cell disorders,3,Rate,2014,1.9115069533,2.29149554935,1.5686129869799998
1,All Population,5,Prevalence,86,Italy,3,Both,22,All ages,615,Sickle cell disorders,3,Rate,2014,4.54560046817,5.1076513717,4.07927692174
1,All Population,5,Prevalence,149,Palestine,3,Both,22,All ages,615,Sickle cell disorders,3,Rate,2014,66.52206094651001,83.67014695891001,52.27898169624
1,All Population,5,Prevalence,25,Micronesia (Federated States of),3,Both,22,All ages,615,Sickle cell disorders,3,Rate,2015,0.018128564059999998,0.04777092965,0.00362220711
1,All Population,5,Prevalence,37,Kyrgyzstan,3,Both,22,All ages,615,Sickle cell disorders,3,Rate,2014,0.011333221959999999,0.01871213798,0.0047072513100000005
1,All Population,5,Prevalence,45,Bulgaria,3,Both,22,All ages,615,Sickle cell disorders,3,Rate,2014,0.03624618306,0.04883059944,0.0241928792
1,All Population,5,Prevalence,81,Germany,3,Both,22,All ages,615,Sickle cell disorders,3,Rate,2014,2.5092810758,2.91524138906,2.18053655932
1,All Population,5,Prevalence,186,Seychelles,3,Both,22,All ages,615,Sickle cell disorders,3,Rate,2014,0.0353270402,0.06164256990999999,0.02069630332
1,All Population,5,Prevalence,139,Algeria,3,Both,22,All ages,615,Sickle cell disorders,3,Rate,2014,9.96344907195,11.75993756376,8.17849367129
1,All Population,5,Prevalence,55,Slovenia,3,Both,22,All ages,615,Sickle cell disorders,3,Rate,2014,0.0806673956,0.10472610716000001,0.06134037157
1,All Population,5,Prevalence,208,Guinea,3,Both,22,All ages,615,Sickle cell disorders,3,Rate,2014,947.71660866536,1076.66022920419,814.73544831646
1,All Population,5,Prevalence,34,Azerbaijan,3,Both,22,All ages,615,Sickle cell disorders,3,Rate,2014,0.008321453500000001,0.014456745319999999,0.00322216966
1,All Population,5,Prevalence,47,Czechia,3,Both,22,All ages,615,Sickle cell disorders,3,Rate,2014,0.00949372395,0.018127493919999998,0.0045598170899999995
1,All Population,5,Prevalence,320,Cook Islands,3,Both,22,All ages,615,Sickle cell disorders,3,Rate,2014,0.01603954676,0.032452908089999996,0.00401057365
1,All Population,5,Prevalence,180,Kenya,3,Both,22,All ages,615,Sickle cell disorders,3,Rate,2014,522.85544281692,683.44992330183,410.91191524564005
1,All Population,5,Prevalence,78,Denmark,3,Both,22,All ages,615,Sickle cell disorders,3,Rate,2015,5.35436492264,6.22442494136,4.5570488181
1,All Population,5,Prevalence,374,Niue,3,Both,22,All ages,615,Sickle cell disorders,3,Rate,2014,0.01482130376,0.04028475511,0.00311269237
1,All Population,5,Prevalence,205,Côte d'Ivoire,3,Both,22,All ages,615,Sickle cell disorders,3,Rate,2014,274.64231692522,304.1779050646,245.69321372585
1,All Population,5,Prevalence,102,United States of America,3,Both,22,All ages,615,Sickle cell disorders,3,Rate,2014,18.162342960140002,19.2728998468,17.16417868324
1,All Population,5,Prevalence,108,Belize,3,Both,22,All ages,615,Sickle cell disorders,3,Rate,2014,67.42702129304,85.51026553727,52.892760803349994
1,All Population,5,Prevalence,168,Angola,3,Both,22,All ages,615,Sickle cell disorders,3,Rate,2014,558.8804067096099,686.29051495657,467.74445386927
1,All Population,5,Prevalence,133,Venezuela (Bolivarian Republic of),3,Both,22,All ages,615,Sickle cell disorders,3,Rate,2014,2.81809260791,3.5070742850400003,2.3016163335299997
1,All Population,5,Prevalence,157,Yemen,3,Both,22,All ages,615,Sickle cell disorders,3,Rate,2014,13.114317502650001,15.43555449901,11.116825814590001
1,All Population,5,Prevalence,89,Netherlands,3,Both,22,All ages,615,Sickle cell disorders,3,Rate,2015,0.44172008632,0.55992029477,0.36213727544
1,All Population,5,Prevalence,63,Ukraine,3,Both,22,All ages,615,Sickle cell disorders,3,Rate,2014,0.02338533722,0.03239591453,0.01611250569
1,All Population,5,Prevalence,113,Guyana,3,Both,22,All ages,615,Sickle cell disorders,3,Rate,2014,55.04060752063,70.56432560287,42.1223722917
1,All Population,5,Prevalence,210,Liberia,3,Both,22,All ages,615,Sickle cell disorders,3,Rate,2014,182.6347349682,210.85247807904,157.84991148775
1,All Population,5,Prevalence,57,Belarus,3,Both,22,All ages,615,Sickle cell disorders,3,Rate,2014,0.0232067867,0.033696146839999996,0.015001518669999998
1,All Population,5,Prevalence,94,Switzerland,3,Both,22,All ages,615,Sickle cell disorders,3,Rate,2014,11.07665185834,12.12173097616,10.190343110130001
1,All Population,5,Prevalence,88,Malta,3,Both,22,All ages,615,Sickle cell disorders,3,Rate,2014,5.72834726784,6.85723370135,4.82508900688
1,All Population,5,Prevalence,141,Egypt,3,Both,22,All ages,615,Sickle cell disorders,3,Rate,2014,101.75011577401,115.93055658671999,89.17109892353
1,All Population,5,Prevalence,413,Tokelau,3,Both,22,All ages,615,Sickle cell disorders,3,Rate,2014,0.01798515698,0.04805761274,0.004099431200000001
1,All Population,5,Prevalence,189,United Republic of Tanzania,3,Both,22,All ages,615,Sickle cell disorders,3,Rate,2014,267.19049451656,310.13696671997997,226.88950531212998
1,All Population,5,Prevalence,80,France,3,Both,22,All ages,615,Sickle cell disorders,3,Rate,2015,10.21583188414,11.890259603790001,8.6686682717
1,All Population,5,Prevalence,214,Nigeria,3,Both,22,All ages,615,Sickle cell disorders,3,Rate,2014,1149.40408336237,1429.56102745889,945.51072051198
1,All Population,5,Prevalence,91,Portugal,3,Both,22,All ages,615,Sickle cell disorders,3,Rate,2015,14.86861088315,17.98839641331,12.371983278459998
1,All Population,5,Prevalence,190,Uganda,3,Both,22,All ages,615,Sickle cell disorders,3,Rate,2014,250.21085047686,289.44627796181,209.83447655232
1,All Population,5,Prevalence,67,Japan,3,Both,22,All ages,615,Sickle cell disorders,3,Rate,2015,0.03966953164,0.06205192715,0.025972774020000002
1,All Population,5,Prevalence,36,Kazakhstan,3,Both,22,All ages,615,Sickle cell disorders,3,Rate,2015,0.00979597262,0.01629763433,0.00398070815
1,All Population,5,Prevalence,27,Samoa,3,Both,22,All ages,615,Sickle cell disorders,3,Rate,2015,0.02007323868,0.05297245287,0.0041456326800000005
1,All Population,5,Prevalence,72,New Zealand,3,Both,22,All ages,615,Sickle cell disorders,3,Rate,2015,1.00379596611,1.1959132106300001,0.85367597194
1,All Population,5,Prevalence,44,Bosnia and Herzegovina,3,Both,22,All ages,615,Sickle cell disorders,3,Rate,2014,0.04196851196,0.05900739026,0.027920688560000004
1,All Population,5,Prevalence,49,North Macedonia,3,Both,22,All ages,615,Sickle cell disorders,3,Rate,2014,0.05021050061000001,0.06528268442,0.03506599446
1,All Population,5,Prevalence,105,Antigua and Barbuda,3,Both,22,All ages,615,Sickle cell disorders,3,Rate,2014,38.53413717832,48.841627920410005,29.948004156350002
1,All Population,5,Prevalence,117,Saint Vincent and the Grenadines,3,Both,22,All ages,615,Sickle cell disorders,3,Rate,2015,46.500909346,59.8474059252,35.92418594413
1,All Population,5,Prevalence,10,Cambodia,3,Both,22,All ages,615,Sickle cell disorders,3,Rate,2014,0.03679838314,0.06354200485,0.01926663671
1,All Population,5,Prevalence,160,Afghanistan,3,Both,22,All ages,615,Sickle cell disorders,3,Rate,2014,83.06862328823,104.51978291982999,63.97233243502001
1,All Population,5,Prevalence,20,Viet Nam,3,Both,22,All ages,615,Sickle cell disorders,3,Rate,2014,0.03433392478,0.06118016799,0.01917006258
1,All Population,5,Prevalence,39,Tajikistan,3,Both,22,All ages,615,Sickle cell disorders,3,Rate,2014,0.01093169657,0.02067402912,0.003955325589999999
1,All Population,5,Prevalence,380,Palau,3,Both,22,All ages,615,Sickle cell disorders,3,Rate,2014,0.013581935040000001,0.036742246469999996,0.00269322514
1,All Population,5,Prevalence,130,Mexico,3,Both,22,All ages,615,Sickle cell disorders,3,Rate,2015,0.92336396665,1.2370726219200001,0.68414281896
1,All Population,5,Prevalence,33,Armenia,3,Both,22,All ages,615,Sickle cell disorders,3,Rate,2015,0.00855428312,0.014549306990000002,0.00375075321
1,All Population,5,Prevalence,74,Andorra,3,Both,22,All ages,615,Sickle cell disorders,3,Rate,2014,3.7789673352900004,4.558190467289999,3.085735625
1,All Population,5,Prevalence,164,Nepal,3,Both,22,All ages,615,Sickle cell disorders,3,Rate,2015,0.80809953524,0.9665010088600001,0.66286415607
1,All Population,5,Prevalence,66,Brunei Darussalam,3,Both,22,All ages,615,Sickle cell disorders,3,Rate,2014,0.09827177206000001,0.12972335000000002,0.07086027663
1,All Population,5,Prevalence,14,Maldives,3,Both,22,All ages,615,Sickle cell disorders,3,Rate,2014,0.03562818393,0.06517467578,0.01852524454
1,All Population,5,Prevalence,422,United States Virgin Islands,3,Both,22,All ages,615,Sickle cell disorders,3,Rate,2014,33.60265498113,42.22589586932,26.489504108820004
1,All Population,5,Prevalence,67,Japan,3,Both,22,All ages,615,Sickle cell disorders,3,Rate,2014,0.03989596907,0.06268243915999999,0.02620612619
1,All Population,5,Prevalence,110,Dominica,3,Both,22,All ages,615,Sickle cell disorders,3,Rate,2014,41.31640892544,52.74209140918,32.208265392950004
1,All Population,5,Prevalence,115,Jamaica,3,Both,22,All ages,615,Sickle cell disorders,3,Rate,2014,124.90559300317001,139.95645998314,112.74748669783
1,All Population,5,Prevalence,212,Mauritania,3,Both,22,All ages,615,Sickle cell disorders,3,Rate,2014,105.10654288792,124.35585763719,88.22083654041
1,All Population,5,Prevalence,97,Argentina,3,Both,22,All ages,615,Sickle cell disorders,3,Rate,2014,0.06193907542,0.08755378854,0.04287831015
1,All Population,5,Prevalence,60,Lithuania,3,Both,22,All ages,615,Sickle cell disorders,3,Rate,2014,0.046836161620000004,0.06032520677,0.03452706834
1,All Population,5,Prevalence,143,Iraq,3,Both,22,All ages,615,Sickle cell disorders,3,Rate,2015,98.91152681949998,112.61016759421001,86.08161530661
1,All Population,5,Prevalence,51,Poland,3,Both,22,All ages,615,Sickle cell disorders,3,Rate,2015,0.47040509435,0.6092726415,0.35869266461
1,All Population,5,Prevalence,14,Maldives,3,Both,22,All ages,615,Sickle cell disorders,3,Rate,2015,0.03478361748,0.06385512502,0.017875001300000002
1,All Population,5,Prevalence,44,Bosnia and Herzegovina,3,Both,22,All ages,615,Sickle cell disorders,3,Rate,2015,0.04143768639,0.05825568831,0.027581121950000002
1,All Population,5,Prevalence,46,Croatia,3,Both,22,All ages,615,Sickle cell disorders,3,Rate,2014,0.34274686742,0.42959806216,0.27225990056
1,All Population,5,Prevalence,183,Mauritius,3,Both,22,All ages,615,Sickle cell disorders,3,Rate,2014,0.030517849080000003,0.05457303186,0.01708617795
1,All Population,5,Prevalence,83,Iceland,3,Both,22,All ages,615,Sickle cell disorders,3,Rate,2015,3.00659762933,3.73961945996,2.36612433347
1,All Population,5,Prevalence,12,Lao People's Democratic Republic,3,Both,22,All ages,615,Sickle cell disorders,3,Rate,2014,0.03738574367,0.06345393154,0.01965205177
1,All Population,5,Prevalence,119,Trinidad and Tobago,3,Both,22,All ages,615,Sickle cell disorders,3,Rate,2015,40.88161720315,51.74966393508001,32.338468148139995
1,All Population,5,Prevalence,162,Bhutan,3,Both,22,All ages,615,Sickle cell disorders,3,Rate,2014,0.25161782764,0.32565488801,0.19338064364
1,All Population,5,Prevalence,216,Senegal,3,Both,22,All ages,615,Sickle cell disorders,3,Rate,2014,282.37627852024997,321.57803165184004,247.08036463445998
1,All Population,5,Prevalence,29,Tonga,3,Both,22,All ages,615,Sickle cell disorders,3,Rate,2014,0.02056504618,0.05784692163,0.00456504362
1,All Population,5,Prevalence,170,Congo,3,Both,22,All ages,615,Sickle cell disorders,3,Rate,2014,270.93149421498,315.84361736334,231.44602845372
1,All Population,5,Prevalence,121,Bolivia (Plurinational State of),3,Both,22,All ages,615,Sickle cell disorders,3,Rate,2014,4.21596093209,5.43491011081,3.28077085354
1,All Population,5,Prevalence,144,Jordan,3,Both,22,All ages,615,Sickle cell disorders,3,Rate,2014,64.98171331971,82.31942701071,51.621789120820004
1,All Population,5,Prevalence,93,Sweden,3,Both,22,All ages,615,Sickle cell disorders,3,Rate,2015,4.01324410504,4.94471497014,3.26967061135
1,All Population,5,Prevalence,38,Mongolia,3,Both,22,All ages,615,Sickle cell disorders,3,Rate,2015,0.00997874637,0.01848752611,0.00380543244
1,All Population,5,Prevalence,107,Barbados,3,Both,22,All ages,615,Sickle cell disorders,3,Rate,2014,34.98159227563,44.51364020405,27.06685898465
1,All Population,5,Prevalence,54,Slovakia,3,Both,22,All ages,615,Sickle cell disorders,3,Rate,2015,0.10519874004,0.13151681370999999,0.08330004032
1,All Population,5,Prevalence,98,Chile,3,Both,22,All ages,615,Sickle cell disorders,3,Rate,2015,0.33489868105,0.41769353543000004,0.26443796451
1,All Population,5,Prevalence,351,Guam,3,Both,22,All ages,615,Sickle cell disorders,3,Rate,2014,0.01718063059,0.04587654636,0.00393733921
1,All Population,5,Prevalence,69,Singapore,3,Both,22,All ages,615,Sickle cell disorders,3,Rate,2014,0.09699716158999999,0.12501935588,0.07181637142
1,All Population,5,Prevalence,175,Burundi,3,Both,22,All ages,615,Sickle cell disorders,3,Rate,2014,25.860974020439997,31.92083971837,21.2969770956
1,All Population,5,Prevalence,132,Panama,3,Both,22,All ages,615,Sickle cell disorders,3,Rate,2015,0.07021346658000001,0.09453074372,0.04843399789
1,All Population,5,Prevalence,16,Philippines,3,Both,22,All ages,615,Sickle cell disorders,3,Rate,2014,0.04420211057,0.07275717057999999,0.02500551326
1,All Population,5,Prevalence,194,Lesotho,3,Both,22,All ages,615,Sickle cell disorders,3,Rate,2014,0.7109922200200001,0.8796040488299999,0.56351343638
1,All Population,5,Prevalence,23,Kiribati,3,Both,22,All ages,615,Sickle cell disorders,3,Rate,2014,0.01794679694,0.04693036756,0.00351266498
1,All Population,5,Prevalence,136,Paraguay,3,Both,22,All ages,615,Sickle cell disorders,3,Rate,2015,12.82851841028,15.616764169829999,10.601111659699999
1,All Population,5,Prevalence,13,Malaysia,3,Both,22,All ages,615,Sickle cell disorders,3,Rate,2014,0.03800099265,0.06799656589,0.021883424579999998
1,All Population,5,Prevalence,17,Sri Lanka,3,Both,22,All ages,615,Sickle cell disorders,3,Rate,2015,0.03508881991,0.06210512863999999,0.0202923034
1,All Population,5,Prevalence,41,Uzbekistan,3,Both,22,All ages,615,Sickle cell disorders,3,Rate,2014,0.00968487822,0.01677006592,0.00395155471
1,All Population,5,Prevalence,125,Colombia,3,Both,22,All ages,615,Sickle cell disorders,3,Rate,2015,0.39143100053,0.46802365437,0.32119497082000004
1,All Population,5,Prevalence,22,Fiji,3,Both,22,All ages,615,Sickle cell disorders,3,Rate,2014,0.0171922526,0.04536032789,0.00337592123
1,All Population,5,Prevalence,136,Paraguay,3,Both,22,All ages,615,Sickle cell disorders,3,Rate,2014,12.95284445375,15.75060741248,10.75252503109
1,All Population,5,Prevalence,164,Nepal,3,Both,22,All ages,615,Sickle cell disorders,3,Rate,2014,0.8207670028999999,0.98487228041,0.6794776488
1,All Population,5,Prevalence,117,Saint Vincent and the Grenadines,3,Both,22,All ages,615,Sickle cell disorders,3,Rate,2014,47.01115632563,60.220634238209996,36.12702881752
1,All Population,5,Prevalence,66,Brunei Darussalam,3,Both,22,All ages,615,Sickle cell disorders,3,Rate,2015,0.09721377279,0.12821108669999998,0.07087935068
1,All Population,5,Prevalence,59,Latvia,3,Both,22,All ages,615,Sickle cell disorders,3,Rate,2014,0.03185822033,0.04382152847,0.02251066813
1,All Population,5,Prevalence,16,Philippines,3,Both,22,All ages,615,Sickle cell disorders,3,Rate,2015,0.043702022369999996,0.07214426797,0.02465663843
1,All Population,5,Prevalence,85,Israel,3,Both,22,All ages,615,Sickle cell disorders,3,Rate,2015,9.23252412092,11.08284561495,7.82417300675
1,All Population,5,Prevalence,218,Togo,3,Both,22,All ages,615,Sickle cell disorders,3,Rate,2014,980.58498446933,1104.76089469464,876.62679693452
1,All Population,5,Prevalence,68,Republic of Korea,3,Both,22,All ages,615,Sickle cell disorders,3,Rate,2014,0.07747433362999999,0.1011181092,0.05502309220999999
1,All Population,5,Prevalence,200,Benin,3,Both,22,All ages,615,Sickle cell disorders,3,Rate,2014,1418.04907803726,1657.02587713895,1203.53444816044
1,All Population,5,Prevalence,156,United Arab Emirates,3,Both,22,All ages,615,Sickle cell disorders,3,Rate,2015,17.73452578561,20.63224664542,14.801188304860002
1,All Population,5,Prevalence,191,Zambia,3,Both,22,All ages,615,Sickle cell disorders,3,Rate,2014,320.28272436684,399.74560544711005,272.8069423026
1,All Population,5,Prevalence,380,Palau,3,Both,22,All ages,615,Sickle cell disorders,3,Rate,2015,0.01333024596,0.036143837379999995,0.00264659163
1,All Population,5,Prevalence,28,Solomon Islands,3,Both,22,All ages,615,Sickle cell disorders,3,Rate,2015,0.02018398516,0.05332308879,0.00406985612
1,All Population,5,Prevalence,71,Australia,3,Both,22,All ages,615,Sickle cell disorders,3,Rate,2014,0.40011684279000004,0.501584501,0.31570789859000004
1,All Population,5,Prevalence,151,Qatar,3,Both,22,All ages,615,Sickle cell disorders,3,Rate,2014,65.70325153015,83.23419998295999,51.87668637462001
1,All Population,5,Prevalence,62,Russian Federation,3,Both,22,All ages,615,Sickle cell disorders,3,Rate,2015,0.02322684713,0.032490493530000004,0.015970188229999998
1,All Population,5,Prevalence,196,South Africa,3,Both,22,All ages,615,Sickle cell disorders,3,Rate,2014,0.29895756298,0.38393824723000003,0.22228214603000002
1,All Population,5,Prevalence,95,United Kingdom,3,Both,22,All ages,615,Sickle cell disorders,3,Rate,2015,5.02203546597,6.178597239249999,4.1053402955500005
1,All Population,5,Prevalence,68,Republic of Korea,3,Both,22,All ages,615,Sickle cell disorders,3,Rate,2015,0.07606161576,0.09909667773,0.053556359410000004
1,All Population,5,Prevalence,127,El Salvador,3,Both,22,All ages,615,Sickle cell disorders,3,Rate,2015,0.04700713821,0.06624329823,0.03090375529
1,All Population,5,Prevalence,201,Burkina Faso,3,Both,22,All ages,615,Sickle cell disorders,3,Rate,2014,1561.00985322729,1699.11709071329,1437.5311882262
1,All Population,5,Prevalence,193,Botswana,3,Both,22,All ages,615,Sickle cell disorders,3,Rate,2014,18.057610171460002,21.56315820394,15.351939236080002
1,All Population,5,Prevalence,24,Marshall Islands,3,Both,22,All ages,615,Sickle cell disorders,3,Rate,2014,0.019687353810000002,0.05059450282,0.00404006538
1,All Population,5,Prevalence,18,Thailand,3,Both,22,All ages,615,Sickle cell disorders,3,Rate,2015,0.02390323468,0.04459287299,0.01276032274
1,All Population,5,Prevalence,40,Turkmenistan,3,Both,22,All ages,615,Sickle cell disorders,3,Rate,2015,0.00990990408,0.01711476972,0.0037485301100000003
1,All Population,5,Prevalence,18,Thailand,3,Both,22,All ages,615,Sickle cell disorders,3,Rate,2014,0.02440110212,0.045375531090000004,0.01306037089
1,All Population,5,Prevalence,98,Chile,3,Both,22,All ages,615,Sickle cell disorders,3,Rate,2014,0.33722893633,0.4191705667,0.26746327019
1,All Population,5,Prevalence,153,Syrian Arab Republic,3,Both,22,All ages,615,Sickle cell disorders,3,Rate,2014,11.089146587110001,12.82762923471,9.33539904894
1,All Population,5,Prevalence,143,Iraq,3,Both,22,All ages,615,Sickle cell disorders,3,Rate,2014,99.44005319501998,112.58657317089,86.98020621043
1,All Population,5,Prevalence,20,Viet Nam,3,Both,22,All ages,615,Sickle cell disorders,3,Rate,2015,0.03428821196,0.06122592178,0.01916601612
1,All Population,5,Prevalence,161,Bangladesh,3,Both,22,All ages,615,Sickle cell disorders,3,Rate,2015,0.27249453421000003,0.35631603064,0.20225073510000002
1,All Population,5,Prevalence,207,Ghana,3,Both,22,All ages,615,Sickle cell disorders,3,Rate,2014,809.81837383022,879.5578477880201,748.1082036522399
1,All Population,5,Prevalence,101,Canada,3,Both,22,All ages,615,Sickle cell disorders,3,Rate,2015,0.54322090568,0.7600628267199999,0.41010369144000003
1,All Population,5,Prevalence,75,Austria,3,Both,22,All ages,615,Sickle cell disorders,3,Rate,2015,3.70651114742,4.120855168179999,3.33479557267
1,All Population,5,Prevalence,152,Saudi Arabia,3,Both,22,All ages,615,Sickle cell disorders,3,Rate,2014,474.24399702666,549.08320724645,404.90702478667004
1,All Population,5,Prevalence,129,Honduras,3,Both,22,All ages,615,Sickle cell disorders,3,Rate,2015,0.01867442086,0.031750963869999996,0.00983517003
1,All Population,5,Prevalence,82,Greece,3,Both,22,All ages,615,Sickle cell disorders,3,Rate,2016,19.10629522565,21.63129213372,16.7997681855
1,All Population,5,Prevalence,30,Vanuatu,3,Both,22,All ages,615,Sickle cell disorders,3,Rate,2015,0.02006892182,0.0521412199,0.00406001118
1,All Population,5,Prevalence,75,Austria,3,Both,22,All ages,615,Sickle cell disorders,3,Rate,2014,3.6806543426099996,4.0961143797799995,3.32303927015
1,All Population,5,Prevalence,87,Luxembourg,3,Both,22,All ages,615,Sickle cell disorders,3,Rate,2015,22.21064951812,25.4335619232,19.43629554477
1,All Population,5,Prevalence,29,Tonga,3,Both,22,All ages,615,Sickle cell disorders,3,Rate,2015,0.020408663100000002,0.05780268351,0.004530987970000001
1,All Population,5,Prevalence,89,Netherlands,3,Both,22,All ages,615,Sickle cell disorders,3,Rate,2014,0.44473197091,0.56261625893,0.36667485801
1,All Population,5,Prevalence,109,Cuba,3,Both,22,All ages,615,Sickle cell disorders,3,Rate,2014,11.11404387418,13.13781939146,9.3683124355
1,All Population,5,Prevalence,169,Central African Republic,3,Both,22,All ages,615,Sickle cell disorders,3,Rate,2015,395.69294686563995,470.51255598266,336.91516670309
1,All Population,5,Prevalence,140,Bahrain,3,Both,22,All ages,615,Sickle cell disorders,3,Rate,2015,677.45395819453,845.8537983184,528.16441935966
1,All Population,5,Prevalence,76,Belgium,3,Both,22,All ages,615,Sickle cell disorders,3,Rate,2014,2.0717302888,2.4797416014700002,1.73479778048
1,All Population,5,Prevalence,58,Estonia,3,Both,22,All ages,615,Sickle cell disorders,3,Rate,2015,0.02185801935,0.031655058,0.0131267626
1,All Population,5,Prevalence,90,Norway,3,Both,22,All ages,615,Sickle cell disorders,3,Rate,2014,2.25809056756,3.14060650959,1.58431237804
1,All Population,5,Prevalence,28,Solomon Islands,3,Both,22,All ages,615,Sickle cell disorders,3,Rate,2014,0.020289275829999998,0.05352749708,0.00411408235
1,All Population,5,Prevalence,84,Ireland,3,Both,22,All ages,615,Sickle cell disorders,3,Rate,2016,4.22163254009,5.04633065042,3.45588375712
1,All Population,5,Prevalence,119,Trinidad and Tobago,3,Both,22,All ages,615,Sickle cell disorders,3,Rate,2014,41.136714053,52.06554149726,32.25843052508
1,All Population,5,Prevalence,145,Kuwait,3,Both,22,All ages,615,Sickle cell disorders,3,Rate,2014,35.38985569052,42.39769807003,28.71923078886
1,All Population,5,Prevalence,135,Brazil,3,Both,22,All ages,615,Sickle cell disorders,3,Rate,2014,8.052663611829999,8.86926054642,7.24759186814
1,All Population,5,Prevalence,7,Democratic People's Republic of Korea,3,Both,22,All ages,615,Sickle cell disorders,3,Rate,2015,1.7107157041399998,2.18485164246,1.3090961581
1,All Population,5,Prevalence,69,Singapore,3,Both,22,All ages,615,Sickle cell disorders,3,Rate,2015,0.09561636384,0.12410752556,0.07080132162
1,All Population,5,Prevalence,109,Cuba,3,Both,22,All ages,615,Sickle cell disorders,3,Rate,2015,11.06298813455,13.1082837422,9.149977033359999
1,All Population,5,Prevalence,62,Russian Federation,3,Both,22,All ages,615,Sickle cell disorders,3,Rate,2014,0.02334982374,0.03264948383,0.01611435792
1,All Population,5,Prevalence,72,New Zealand,3,Both,22,All ages,615,Sickle cell disorders,3,Rate,2014,1.00610141201,1.19353244437,0.8481235437100001
1,All Population,5,Prevalence,77,Cyprus,3,Both,22,All ages,615,Sickle cell disorders,3,Rate,2015,12.70363914954,14.56189202736,10.97186611407
1,All Population,5,Prevalence,154,Tunisia,3,Both,22,All ages,615,Sickle cell disorders,3,Rate,2014,58.74220336096,72.99156361134,46.84425064473
1,All Population,5,Prevalence,142,Iran (Islamic Republic of),3,Both,22,All ages,615,Sickle cell disorders,3,Rate,2015,95.69123513849999,119.04869170338,73.68568644688
1,All Population,5,Prevalence,19,Timor-Leste,3,Both,22,All ages,615,Sickle cell disorders,3,Rate,2015,0.04221297283,0.0727165932,0.02241558974
1,All Population,5,Prevalence,129,Honduras,3,Both,22,All ages,615,Sickle cell disorders,3,Rate,2016,0.01866101977,0.031331925190000005,0.00984880968
1,All Population,5,Prevalence,202,Cameroon,3,Both,22,All ages,615,Sickle cell disorders,3,Rate,2014,413.56210949991,475.90728958385,352.16464758913
1,All Population,5,Prevalence,71,Australia,3,Both,22,All ages,615,Sickle cell disorders,3,Rate,2015,0.39807223991,0.5002131062299999,0.31133319442
1,All Population,5,Prevalence,86,Italy,3,Both,22,All ages,615,Sickle cell disorders,3,Rate,2016,4.47881623097,5.03452329585,4.02440308867
1,All Population,5,Prevalence,111,Dominican Republic,3,Both,22,All ages,615,Sickle cell disorders,3,Rate,2015,75.62515315829,89.30501576439,60.76450408321001
1,All Population,5,Prevalence,131,Nicaragua,3,Both,22,All ages,615,Sickle cell disorders,3,Rate,2016,0.07101537173,0.09731785947,0.05005462151
1,All Population,5,Prevalence,106,Bahamas,3,Both,22,All ages,615,Sickle cell disorders,3,Rate,2014,73.66216567666,94.52020166624,55.55649209776
1,All Population,5,Prevalence,182,Malawi,3,Both,22,All ages,615,Sickle cell disorders,3,Rate,2014,30.375819157579997,36.896366833100004,26.020633548499998
1,All Population,5,Prevalence,135,Brazil,3,Both,22,All ages,615,Sickle cell disorders,3,Rate,2015,8.12628882932,8.94197910891,7.29743156847
1,All Population,5,Prevalence,169,Central African Republic,3,Both,22,All ages,615,Sickle cell disorders,3,Rate,2014,396.10149711368,475.09234621536,335.83199601492
1,All Population,5,Prevalence,128,Guatemala,3,Both,22,All ages,615,Sickle cell disorders,3,Rate,2015,0.048491861569999996,0.07481850812,0.030689486919999998
1,All Population,5,Prevalence,204,Chad,3,Both,22,All ages,615,Sickle cell disorders,3,Rate,2014,110.45370555005,126.79635929689,94.07898732390001
1,All Population,5,Prevalence,128,Guatemala,3,Both,22,All ages,615,Sickle cell disorders,3,Rate,2014,0.04887667609,0.07588969783999999,0.031538902470000005
1,All Population,5,Prevalence,79,Finland,3,Both,22,All ages,615,Sickle cell disorders,3,Rate,2015,4.6811485746,5.416086573239999,4.022640774939999
1,All Population,5,Prevalence,36,Kazakhstan,3,Both,22,All ages,615,Sickle cell disorders,3,Rate,2014,0.00976902418,0.01620603089,0.00399303064
1,All Population,5,Prevalence,175,Burundi,3,Both,22,All ages,615,Sickle cell disorders,3,Rate,2015,25.812370597730002,31.70498378969,21.163087411870002
1,All Population,5,Prevalence,11,Indonesia,3,Both,22,All ages,615,Sickle cell disorders,3,Rate,2015,0.03754558924,0.06295630044,0.02007603434
1,All Population,5,Prevalence,52,Romania,3,Both,22,All ages,615,Sickle cell disorders,3,Rate,2014,0.10307794271000001,0.13689910393,0.07761645501
1,All Population,5,Prevalence,435,South Sudan,3,Both,22,All ages,615,Sickle cell disorders,3,Rate,2015,10.97992649609,13.74065248177,8.59035921644
1,All Population,5,Prevalence,133,Venezuela (Bolivarian Republic of),3,Both,22,All ages,615,Sickle cell disorders,3,Rate,2016,2.7589348065899997,3.4398003519600002,2.2357034677
1,All Population,5,Prevalence,15,Myanmar,3,Both,22,All ages,615,Sickle cell disorders,3,Rate,2014,0.0320034526,0.05576791154,0.01696094261
1,All Population,5,Prevalence,111,Dominican Republic,3,Both,22,All ages,615,Sickle cell disorders,3,Rate,2014,76.09554246322,89.74766054469,61.592720301039996
1,All Population,5,Prevalence,171,Democratic Republic of the Congo,3,Both,22,All ages,615,Sickle cell disorders,3,Rate,2015,708.23796156687,809.5778030495001,606.38581487594
1,All Population,5,Prevalence,112,Grenada,3,Both,22,All ages,615,Sickle cell disorders,3,Rate,2015,43.91662661236,55.37077888374,34.61414892021
1,All Population,5,Prevalence,112,Grenada,3,Both,22,All ages,615,Sickle cell disorders,3,Rate,2014,44.328369653370004,55.461350440580006,34.96325784697
1,All Population,5,Prevalence,34,Azerbaijan,3,Both,22,All ages,615,Sickle cell disorders,3,Rate,2015,0.00822748412,0.014357065430000001,0.0031539078599999997
1,All Population,5,Prevalence,148,Morocco,3,Both,22,All ages,615,Sickle cell disorders,3,Rate,2015,11.007081112569999,12.99874638571,8.99895457497
1,All Population,5,Prevalence,122,Ecuador,3,Both,22,All ages,615,Sickle cell disorders,3,Rate,2014,3.8317030350400003,4.13281157668,3.53254784363
1,All Population,5,Prevalence,122,Ecuador,3,Both,22,All ages,615,Sickle cell disorders,3,Rate,2015,3.82740729741,4.14842196071,3.5125138173400003
1,All Population,5,Prevalence,44,Bosnia and Herzegovina,3,Both,22,All ages,615,Sickle cell disorders,3,Rate,2016,0.04093047408,0.057365355220000004,0.02739693371
1,All Population,5,Prevalence,156,United Arab Emirates,3,Both,22,All ages,615,Sickle cell disorders,3,Rate,2014,17.98966675807,20.94511303505,15.01968800097
1,All Population,5,Prevalence,43,Albania,3,Both,22,All ages,615,Sickle cell disorders,3,Rate,2014,0.06953942273,0.09038783569,0.05264449181
1,All Population,5,Prevalence,184,Mozambique,3,Both,22,All ages,615,Sickle cell disorders,3,Rate,2014,6.512779275760001,7.69507060266,5.58533099944
1,All Population,5,Prevalence,88,Malta,3,Both,22,All ages,615,Sickle cell disorders,3,Rate,2016,5.66956479042,6.80860824671,4.77414428122
1,All Population,5,Prevalence,81,Germany,3,Both,22,All ages,615,Sickle cell disorders,3,Rate,2015,2.50606880475,2.91684201583,2.18244298587
1,All Population,5,Prevalence,30,Vanuatu,3,Both,22,All ages,615,Sickle cell disorders,3,Rate,2014,0.0201508052,0.05234642875000001,0.00408517085
1,All Population,5,Prevalence,77,Cyprus,3,Both,22,All ages,615,Sickle cell disorders,3,Rate,2014,12.84064849306,14.62608077687,11.17482994088
1,All Population,5,Prevalence,114,Haiti,3,Both,22,All ages,615,Sickle cell disorders,3,Rate,2015,122.40412590836999,141.24784181910002,102.35218108267
1,All Population,5,Prevalence,43,Albania,3,Both,22,All ages,615,Sickle cell disorders,3,Rate,2015,0.06813820258,0.08835935089,0.05129819995
1,All Population,5,Prevalence,198,Zimbabwe,3,Both,22,All ages,615,Sickle cell disorders,3,Rate,2014,5.92233724866,7.396164797659999,4.77855245076
1,All Population,5,Prevalence,204,Chad,3,Both,22,All ages,615,Sickle cell disorders,3,Rate,2015,110.55877193274,126.28688162225001,94.16842386489
1,All Population,5,Prevalence,150,Oman,3,Both,22,All ages,615,Sickle cell disorders,3,Rate,2015,275.79836179183997,324.57085513836,220.61299523116998
1,All Population,5,Prevalence,46,Croatia,3,Both,22,All ages,615,Sickle cell disorders,3,Rate,2016,0.33483536599,0.42299887846,0.26823514339
1,All Population,5,Prevalence,59,Latvia,3,Both,22,All ages,615,Sickle cell disorders,3,Rate,2015,0.03170556428,0.04382386151,0.02243068275
1,All Population,5,Prevalence,36,Kazakhstan,3,Both,22,All ages,615,Sickle cell disorders,3,Rate,2016,0.0097897299,0.01622379547,0.004006216040000001
1,All Population,5,Prevalence,116,Saint Lucia,3,Both,22,All ages,615,Sickle cell disorders,3,Rate,2015,42.31600825376,54.221434940929996,32.63701928321
1,All Population,5,Prevalence,35,Georgia,3,Both,22,All ages,615,Sickle cell disorders,3,Rate,2015,0.00862673618,0.013688401800000001,0.00353614455
1,All Population,5,Prevalence,46,Croatia,3,Both,22,All ages,615,Sickle cell disorders,3,Rate,2015,0.33920473825,0.4281095688,0.26881409681999996
1,All Population,5,Prevalence,106,Bahamas,3,Both,22,All ages,615,Sickle cell disorders,3,Rate,2015,72.51465219188,92.66602296329,54.58842268301
1,All Population,5,Prevalence,161,Bangladesh,3,Both,22,All ages,615,Sickle cell disorders,3,Rate,2014,0.27639700022,0.358740422,0.20793597305999997
1,All Population,5,Prevalence,38,Mongolia,3,Both,22,All ages,615,Sickle cell disorders,3,Rate,2016,0.00998365129,0.018557125770000002,0.00386593393
1,All Population,5,Prevalence,118,Suriname,3,Both,22,All ages,615,Sickle cell disorders,3,Rate,2015,49.172053371340006,61.600471757929995,38.00953009291
1,All Population,5,Prevalence,393,Saint Kitts and Nevis,3,Both,22,All ages,615,Sickle cell disorders,3,Rate,2014,39.00460465424,49.13259587393,30.233355679749998
1,All Population,5,Prevalence,126,Costa Rica,3,Both,22,All ages,615,Sickle cell disorders,3,Rate,2015,0.03713007599,0.06106425094,0.01918432095
1,All Population,5,Prevalence,173,Gabon,3,Both,22,All ages,615,Sickle cell disorders,3,Rate,2015,402.87244370973997,487.55467931384004,334.12684650318
1,All Population,5,Prevalence,52,Romania,3,Both,22,All ages,615,Sickle cell disorders,3,Rate,2017,0.10242292335000001,0.13617482273,0.07816811189
1,All Population,5,Prevalence,54,Slovakia,3,Both,22,All ages,615,Sickle cell disorders,3,Rate,2017,0.10303246006,0.12804178561000001,0.08441319857
1,All Population,5,Prevalence,58,Estonia,3,Both,22,All ages,615,Sickle cell disorders,3,Rate,2017,0.0216207873,0.031684618139999995,0.01308764215
1,All Population,5,Prevalence,177,Djibouti,3,Both,22,All ages,615,Sickle cell disorders,3,Rate,2014,8.06279642059,10.37113699366,6.3124837722
1,All Population,5,Prevalence,25,Micronesia (Federated States of),3,Both,22,All ages,615,Sickle cell disorders,3,Rate,2014,0.018295663,0.048318253049999996,0.00366751813
1,All Population,5,Prevalence,145,Kuwait,3,Both,22,All ages,615,Sickle cell disorders,3,Rate,2015,35.162279185370004,41.93936107102,28.33412630209
1,All Population,5,Prevalence,160,Afghanistan,3,Both,22,All ages,615,Sickle cell disorders,3,Rate,2015,83.08475208068,104.37882488163,64.39208157504001
1,All Population,5,Prevalence,83,Iceland,3,Both,22,All ages,615,Sickle cell disorders,3,Rate,2014,3.03228579496,3.76422081408,2.41907730012
1,All Population,5,Prevalence,374,Niue,3,Both,22,All ages,615,Sickle cell disorders,3,Rate,2017,0.014574507090000001,0.039243239740000005,0.00308026949
1,All Population,5,Prevalence,380,Palau,3,Both,22,All ages,615,Sickle cell disorders,3,Rate,2017,0.01290321153,0.03496063175,0.0025453969
1,All Population,5,Prevalence,146,Lebanon,3,Both,22,All ages,615,Sickle cell disorders,3,Rate,2014,45.61738987305,55.194310707789995,37.38170752436
1,All Population,5,Prevalence,99,Uruguay,3,Both,22,All ages,615,Sickle cell disorders,3,Rate,2014,0.055865904019999996,0.08040696735,0.036147334919999996
1,All Population,5,Prevalence,24,Marshall Islands,3,Both,22,All ages,615,Sickle cell disorders,3,Rate,2016,0.019282271440000002,0.04964983357,0.0039001700600000003
1,All Population,5,Prevalence,185,Rwanda,3,Both,22,All ages,615,Sickle cell disorders,3,Rate,2014,8.24945349185,10.35668147017,6.78642536316
1,All Population,5,Prevalence,123,Peru,3,Both,22,All ages,615,Sickle cell disorders,3,Rate,2014,3.70701538131,4.69759654152,2.87932442265
1,All Population,5,Prevalence,101,Canada,3,Both,22,All ages,615,Sickle cell disorders,3,Rate,2014,0.54460663762,0.7473559939700001,0.41492761464
1,All Population,5,Prevalence,435,South Sudan,3,Both,22,All ages,615,Sickle cell disorders,3,Rate,2017,10.77590566755,13.639986478380001,8.53780043965
1,All Population,5,Prevalence,213,Niger,3,Both,22,All ages,615,Sickle cell disorders,3,Rate,2014,608.74653669258,713.73536778485,535.5351782159499
1,All Population,5,Prevalence,152,Saudi Arabia,3,Both,22,All ages,615,Sickle cell disorders,3,Rate,2015,398.2816774367,474.00277163510003,329.81018771226
1,All Population,5,Prevalence,129,Honduras,3,Both,22,All ages,615,Sickle cell disorders,3,Rate,2014,0.0187381928,0.031900687860000006,0.00986123608
1,All Population,5,Prevalence,435,South Sudan,3,Both,22,All ages,615,Sickle cell disorders,3,Rate,2014,11.05765090965,13.82477620142,8.84530852498
1,All Population,5,Prevalence,48,Hungary,3,Both,22,All ages,615,Sickle cell disorders,3,Rate,2016,0.0344717233,0.05046288381,0.02178304997
1,All Population,5,Prevalence,106,Bahamas,3,Both,22,All ages,615,Sickle cell disorders,3,Rate,2016,71.41377134534,90.69979808106001,54.35320694293
1,All Population,5,Prevalence,168,Angola,3,Both,22,All ages,615,Sickle cell disorders,3,Rate,2015,558.01522474708,684.37869353333,462.37815410224
1,All Population,5,Prevalence,102,United States of America,3,Both,22,All ages,615,Sickle cell disorders,3,Rate,2015,18.068970691660002,19.1679786502,17.06488354187
1,All Population,5,Prevalence,53,Serbia,3,Both,22,All ages,615,Sickle cell disorders,3,Rate,2015,0.00805650833,0.01548985054,0.00392181258
1,All Population,5,Prevalence,87,Luxembourg,3,Both,22,All ages,615,Sickle cell disorders,3,Rate,2016,21.92104055187,25.066123250600004,19.182687124060003
1,All Population,5,Prevalence,113,Guyana,3,Both,22,All ages,615,Sickle cell disorders,3,Rate,2015,54.541954357189994,69.86970074654,41.68033704199
1,All Population,5,Prevalence,369,Nauru,3,Both,22,All ages,615,Sickle cell disorders,3,Rate,2014,0.01955383752,0.052260473079999994,0.00378676999
1,All Population,5,Prevalence,51,Poland,3,Both,22,All ages,615,Sickle cell disorders,3,Rate,2014,0.47017615918000005,0.61037189025,0.35871268037000004
1,All Population,5,Prevalence,217,Sierra Leone,3,Both,22,All ages,615,Sickle cell disorders,3,Rate,2015,1191.11042836505,1378.12517439608,1029.5189326475202
1,All Population,5,Prevalence,144,Jordan,3,Both,22,All ages,615,Sickle cell disorders,3,Rate,2015,64.70667135855,82.96662229135,51.22721591505999
1,All Population,5,Prevalence,163,India,3,Both,22,All ages,615,Sickle cell disorders,3,Rate,2015,93.79791608024,123.97778543483001,71.94377736993
1,All Population,5,Prevalence,22,Fiji,3,Both,22,All ages,615,Sickle cell disorders,3,Rate,2015,0.017149147070000002,0.04513264759,0.0033532648900000002
1,All Population,5,Prevalence,171,Democratic Republic of the Congo,3,Both,22,All ages,615,Sickle cell disorders,3,Rate,2014,709.0764479973201,814.0803744860699,604.18038716614
1,All Population,5,Prevalence,176,Comoros,3,Both,22,All ages,615,Sickle cell disorders,3,Rate,2014,1.90706258486,2.5318967194699997,1.41463446798
1,All Population,5,Prevalence,82,Greece,3,Both,22,All ages,615,Sickle cell disorders,3,Rate,2014,19.47170583415,22.0791068524,17.08827257565
1,All Population,5,Prevalence,7,Democratic People's Republic of Korea,3,Both,22,All ages,615,Sickle cell disorders,3,Rate,2014,1.72714353087,2.23002330178,1.3232825067699998
1,All Population,5,Prevalence,131,Nicaragua,3,Both,22,All ages,615,Sickle cell disorders,3,Rate,2015,0.07144949912,0.09886227309000001,0.05002824259
1,All Population,5,Prevalence,52,Romania,3,Both,22,All ages,615,Sickle cell disorders,3,Rate,2016,0.10229456727,0.13608121225,0.07751379077
1,All Population,5,Prevalence,165,Pakistan,3,Both,22,All ages,615,Sickle cell disorders,3,Rate,2015,0.10493216159999999,0.14924989622999998,0.07021114414
1,All Population,5,Prevalence,24,Marshall Islands,3,Both,22,All ages,615,Sickle cell disorders,3,Rate,2015,0.01948641219,0.05042604787,0.0039710135
1,All Population,5,Prevalence,151,Qatar,3,Both,22,All ages,615,Sickle cell disorders,3,Rate,2015,65.64775244095,83.41492332331,51.67521971595
1,All Population,5,Prevalence,201,Burkina Faso,3,Both,22,All ages,615,Sickle cell disorders,3,Rate,2016,1505.93994204222,1639.62087195056,1380.41331626186
1,All Population,5,Prevalence,95,United Kingdom,3,Both,22,All ages,615,Sickle cell disorders,3,Rate,2016,5.006892883,6.167470938300001,4.09131331452
1,All Population,5,Prevalence,172,Equatorial Guinea,3,Both,22,All ages,615,Sickle cell disorders,3,Rate,2014,906.1923421800301,1114.6310343821,773.45346729323
1,All Population,5,Prevalence,26,Papua New Guinea,3,Both,22,All ages,615,Sickle cell disorders,3,Rate,2015,0.01887903699,0.05078968195,0.0033002326700000005
1,All Population,5,Prevalence,29,Tonga,3,Both,22,All ages,615,Sickle cell disorders,3,Rate,2016,0.02028173201,0.05720600076,0.00451182701
1,All Population,5,Prevalence,33,Armenia,3,Both,22,All ages,615,Sickle cell disorders,3,Rate,2014,0.00863685599,0.01465204506,0.0037859759499999997
1,All Population,5,Prevalence,91,Portugal,3,Both,22,All ages,615,Sickle cell disorders,3,Rate,2014,15.02528628678,18.1044859079,12.51557592836
1,All Population,5,Prevalence,140,Bahrain,3,Both,22,All ages,615,Sickle cell disorders,3,Rate,2014,680.41017799111,846.4942335831499,532.3270849606699
1,All Population,5,Prevalence,59,Latvia,3,Both,22,All ages,615,Sickle cell disorders,3,Rate,2016,0.0315486934,0.04200884236,0.022332460449999997
1,All Population,5,Prevalence,78,Denmark,3,Both,22,All ages,615,Sickle cell disorders,3,Rate,2014,5.38460620564,6.25978680642,4.59149768847
1,All Population,5,Prevalence,14,Maldives,3,Both,22,All ages,615,Sickle cell disorders,3,Rate,2016,0.033959216789999996,0.06231066379999999,0.01730349503
1,All Population,5,Prevalence,53,Serbia,3,Both,22,All ages,615,Sickle cell disorders,3,Rate,2016,0.00796577026,0.01543903714,0.00391722692
1,All Population,5,Prevalence,37,Kyrgyzstan,3,Both,22,All ages,615,Sickle cell disorders,3,Rate,2016,0.01126738444,0.01831653815,0.00468315319
1,All Population,5,Prevalence,71,Australia,3,Both,22,All ages,615,Sickle cell disorders,3,Rate,2016,0.3959529733,0.50022891068,0.31194744701
1,All Population,5,Prevalence,80,France,3,Both,22,All ages,615,Sickle cell disorders,3,Rate,2014,10.34589246182,12.03277191309,8.76779180031
1,All Population,5,Prevalence,209,Guinea-Bissau,3,Both,22,All ages,615,Sickle cell disorders,3,Rate,2014,28.25831288578,34.38981852305,23.81345124698
1,All Population,5,Prevalence,114,Haiti,3,Both,22,All ages,615,Sickle cell disorders,3,Rate,2014,122.89812794358001,141.40213296019,103.74499430818
1,All Population,5,Prevalence,207,Ghana,3,Both,22,All ages,615,Sickle cell disorders,3,Rate,2015,806.01000669948,879.4617781994399,742.89467737064
1,All Population,5,Prevalence,17,Sri Lanka,3,Both,22,All ages,615,Sickle cell disorders,3,Rate,2014,0.03552801407,0.06288027365,0.02028562172
1,All Population,5,Prevalence,139,Algeria,3,Both,22,All ages,615,Sickle cell disorders,3,Rate,2015,9.91257229793,11.77194151093,8.13768336761
1,All Population,5,Prevalence,182,Malawi,3,Both,22,All ages,615,Sickle cell disorders,3,Rate,2015,30.166657257169998,36.74564901774,25.81507035655
1,All Population,5,Prevalence,60,Lithuania,3,Both,22,All ages,615,Sickle cell disorders,3,Rate,2015,0.046479005360000006,0.05981354128,0.03434292047
1,All Population,5,Prevalence,79,Finland,3,Both,22,All ages,615,Sickle cell disorders,3,Rate,2014,4.71347523381,5.4295988793,4.0446682628
1,All Population,5,Prevalence,152,Saudi Arabia,3,Both,22,All ages,615,Sickle cell disorders,3,Rate,2016,367.70597184318996,437.06043089512997,304.11242599628997
1,All Population,5,Prevalence,44,Bosnia and Herzegovina,3,Both,22,All ages,615,Sickle cell disorders,3,Rate,2017,0.04041110174,0.0566159952,0.02721841211
1,All Population,5,Prevalence,92,Spain,3,Both,22,All ages,615,Sickle cell disorders,3,Rate,2016,4.2128889760599995,4.86386822641,3.61777350635
1,All Population,5,Prevalence,105,Antigua and Barbuda,3,Both,22,All ages,615,Sickle cell disorders,3,Rate,2016,37.19896614298,47.11746130899,28.92055254848
1,All Population,5,Prevalence,305,Bermuda,3,Both,22,All ages,615,Sickle cell disorders,3,Rate,2017,23.75670859398,29.474297654940003,18.55279805909
1,All Population,5,Prevalence,126,Costa Rica,3,Both,22,All ages,615,Sickle cell disorders,3,Rate,2014,0.03748741942,0.0615767195,0.0192674551
1,All Population,5,Prevalence,122,Ecuador,3,Both,22,All ages,615,Sickle cell disorders,3,Rate,2016,3.84145864156,4.16764630565,3.54380578065
1,All Population,5,Prevalence,169,Central African Republic,3,Both,22,All ages,615,Sickle cell disorders,3,Rate,2016,394.90539750151,472.60457816812,337.81141790544
1,All Population,5,Prevalence,40,Turkmenistan,3,Both,22,All ages,615,Sickle cell disorders,3,Rate,2016,0.009864087570000001,0.017090216680000003,0.00375339122
1,All Population,5,Prevalence,6,China,3,Both,22,All ages,615,Sickle cell disorders,3,Rate,2015,1.55819288196,1.95659916726,1.20763736083
1,All Population,5,Prevalence,6,China,3,Both,22,All ages,615,Sickle cell disorders,3,Rate,2016,1.5484464985200002,1.94393074904,1.20139036812
1,All Population,5,Prevalence,160,Afghanistan,3,Both,22,All ages,615,Sickle cell disorders,3,Rate,2016,83.03990105026,104.34388549164001,64.46088839995
1,All Population,5,Prevalence,66,Brunei Darussalam,3,Both,22,All ages,615,Sickle cell disorders,3,Rate,2016,0.09611873741,0.12647225538999998,0.07034869982
1,All Population,5,Prevalence,113,Guyana,3,Both,22,All ages,615,Sickle cell disorders,3,Rate,2016,53.94500034071,69.21733246021,41.223465519440005
1,All Population,5,Prevalence,147,Libya,3,Both,22,All ages,615,Sickle cell disorders,3,Rate,2016,248.94241429181002,292.98426785234,205.40745319177
1,All Population,5,Prevalence,37,Kyrgyzstan,3,Both,22,All ages,615,Sickle cell disorders,3,Rate,2015,0.01132815072,0.018523392250000003,0.00468650577
1,All Population,5,Prevalence,82,Greece,3,Both,22,All ages,615,Sickle cell disorders,3,Rate,2015,19.27722334233,21.92085710207,16.85511807357
1,All Population,5,Prevalence,218,Togo,3,Both,22,All ages,615,Sickle cell disorders,3,Rate,2017,962.83162411475,1086.90372554263,856.7558117207001
1,All Population,5,Prevalence,67,Japan,3,Both,22,All ages,615,Sickle cell disorders,3,Rate,2016,0.03946785037,0.06173629695,0.025975304459999998
1,All Population,5,Prevalence,118,Suriname,3,Both,22,All ages,615,Sickle cell disorders,3,Rate,2016,48.72895547191,61.66978867836001,37.54369992895
1,All Population,5,Prevalence,168,Angola,3,Both,22,All ages,615,Sickle cell disorders,3,Rate,2017,555.9183520824901,676.1796090267001,462.00293804302
1,All Population,5,Prevalence,7,Democratic People's Republic of Korea,3,Both,22,All ages,615,Sickle cell disorders,3,Rate,2016,1.69426613498,2.1765225249799998,1.29931911677
1,All Population,5,Prevalence,130,Mexico,3,Both,22,All ages,615,Sickle cell disorders,3,Rate,2014,0.93446092905,1.2516388506,0.69325928249
1,All Population,5,Prevalence,170,Congo,3,Both,22,All ages,615,Sickle cell disorders,3,Rate,2017,266.25504309483,310.51977717176,227.51228441962
1,All Population,5,Prevalence,522,Sudan,3,Both,22,All ages,615,Sickle cell disorders,3,Rate,2014,504.31147642196004,599.60428199973,420.92701658220005
1,All Population,5,Prevalence,214,Nigeria,3,Both,22,All ages,615,Sickle cell disorders,3,Rate,2017,1142.31247205641,1426.94223257263,940.69948178548
1,All Population,5,Prevalence,305,Bermuda,3,Both,22,All ages,615,Sickle cell disorders,3,Rate,2014,25.342043244539997,31.56066033727,19.79937629148
1,All Population,5,Prevalence,59,Latvia,3,Both,22,All ages,615,Sickle cell disorders,3,Rate,2017,0.03133222719,0.0415196889,0.02224042476
1,All Population,5,Prevalence,109,Cuba,3,Both,22,All ages,615,Sickle cell disorders,3,Rate,2017,11.51008273435,13.66305466623,9.63646356456
1,All Population,5,Prevalence,62,Russian Federation,3,Both,22,All ages,615,Sickle cell disorders,3,Rate,2017,0.02279207528,0.031769832090000005,0.01562764493
1,All Population,5,Prevalence,81,Germany,3,Both,22,All ages,615,Sickle cell disorders,3,Rate,2016,2.51053356003,2.92073089953,2.1861399820100003
1,All Population,5,Prevalence,298,American Samoa,3,Both,22,All ages,615,Sickle cell disorders,3,Rate,2014,0.0193697265,0.051641752969999996,0.00434890225
1,All Population,5,Prevalence,28,Solomon Islands,3,Both,22,All ages,615,Sickle cell disorders,3,Rate,2017,0.01994802495,0.05291542341,0.00399360689
1,All Population,5,Prevalence,43,Albania,3,Both,22,All ages,615,Sickle cell disorders,3,Rate,2017,0.06524329533,0.08366967851,0.05002813596
1,All Population,5,Prevalence,105,Antigua and Barbuda,3,Both,22,All ages,615,Sickle cell disorders,3,Rate,2015,37.95340957626,48.70113032107,29.35217363377
1,All Population,5,Prevalence,48,Hungary,3,Both,22,All ages,615,Sickle cell disorders,3,Rate,2015,0.034694134849999995,0.05068350937,0.02169560201
1,All Population,5,Prevalence,50,Montenegro,3,Both,22,All ages,615,Sickle cell disorders,3,Rate,2015,0.048285826999999996,0.06620521264000001,0.03272754037
1,All Population,5,Prevalence,187,Somalia,3,Both,22,All ages,615,Sickle cell disorders,3,Rate,2014,1.53295445657,2.07788743947,1.14762521218
1,All Population,5,Prevalence,143,Iraq,3,Both,22,All ages,615,Sickle cell disorders,3,Rate,2017,97.60257226172,110.79541135281,85.27813928054
1,All Population,5,Prevalence,143,Iraq,3,Both,22,All ages,615,Sickle cell disorders,3,Rate,2016,98.26927516775001,111.68878355112,85.7592340467
1,All Population,5,Prevalence,102,United States of America,3,Both,22,All ages,615,Sickle cell disorders,3,Rate,2016,18.00029778347,19.11227739668,16.99536879931
1,All Population,5,Prevalence,160,Afghanistan,3,Both,22,All ages,615,Sickle cell disorders,3,Rate,2017,82.90116778797,104.08410520386,64.51312313423999
1,All Population,5,Prevalence,38,Mongolia,3,Both,22,All ages,615,Sickle cell disorders,3,Rate,2014,0.009919611200000001,0.01857583729,0.0038034295
1,All Population,5,Prevalence,212,Mauritania,3,Both,22,All ages,615,Sickle cell disorders,3,Rate,2017,104.58308954908,122.64305004257,88.40543223746
1,All Population,5,Prevalence,147,Libya,3,Both,22,All ages,615,Sickle cell disorders,3,Rate,2015,251.44273036924,295.97718963817,206.88515912543
1,All Population,5,Prevalence,351,Guam,3,Both,22,All ages,615,Sickle cell disorders,3,Rate,2017,0.016582244649999998,0.04428163831,0.0038114913199999998
1,All Population,5,Prevalence,206,Gambia,3,Both,22,All ages,615,Sickle cell disorders,3,Rate,2017,316.91357178151,365.8117185801,275.44307490917004
1,All Population,5,Prevalence,128,Guatemala,3,Both,22,All ages,615,Sickle cell disorders,3,Rate,2016,0.04811899301,0.0741192455,0.03071956613
1,All Population,5,Prevalence,191,Zambia,3,Both,22,All ages,615,Sickle cell disorders,3,Rate,2017,315.5150951416,397.22855176048,270.16460751838
1,All Population,5,Prevalence,83,Iceland,3,Both,22,All ages,615,Sickle cell disorders,3,Rate,2016,2.9801701142100003,3.70481027395,2.37726895473
1,All Population,5,Prevalence,41,Uzbekistan,3,Both,22,All ages,615,Sickle cell disorders,3,Rate,2017,0.009713667200000001,0.01530237722,0.00397748993
1,All Population,5,Prevalence,163,India,3,Both,22,All ages,615,Sickle cell disorders,3,Rate,2014,95.11199501579,126.22706662828,73.14273170035
1,All Population,5,Prevalence,20,Viet Nam,3,Both,22,All ages,615,Sickle cell disorders,3,Rate,2016,0.03417659015,0.06123561469,0.01912045913
1,All Population,5,Prevalence,54,Slovakia,3,Both,22,All ages,615,Sickle cell disorders,3,Rate,2014,0.10615918506000001,0.13220162193999999,0.08383928855
1,All Population,5,Prevalence,112,Grenada,3,Both,22,All ages,615,Sickle cell disorders,3,Rate,2017,42.48806122162,54.213094272810004,32.91068640409
1,All Population,5,Prevalence,196,South Africa,3,Both,22,All ages,615,Sickle cell disorders,3,Rate,2015,0.29528998286,0.37982822768999996,0.21941190705
1,All Population,5,Prevalence,215,Sao Tome and Principe,3,Both,22,All ages,615,Sickle cell disorders,3,Rate,2014,528.74719232573,634.18650317896,424.44608689424
1,All Population,5,Prevalence,217,Sierra Leone,3,Both,22,All ages,615,Sickle cell disorders,3,Rate,2017,1173.37059533116,1346.51943125569,1013.6342224817
1,All Population,5,Prevalence,194,Lesotho,3,Both,22,All ages,615,Sickle cell disorders,3,Rate,2017,0.68892029484,0.8482240573200001,0.55164494439
1,All Population,5,Prevalence,298,American Samoa,3,Both,22,All ages,615,Sickle cell disorders,3,Rate,2015,0.01912635863,0.05107271922000001,0.0042904796900000005
1,All Population,5,Prevalence,367,Monaco,3,Both,22,All ages,615,Sickle cell disorders,3,Rate,2017,3.04944776409,3.7112029306800003,2.49919043254
1,All Population,5,Prevalence,129,Honduras,3,Both,22,All ages,615,Sickle cell disorders,3,Rate,2017,0.01869227897,0.03111016116,0.01055443034
1,All Population,5,Prevalence,154,Tunisia,3,Both,22,All ages,615,Sickle cell disorders,3,Rate,2015,58.302821574240006,72.48436772689,46.40941263279
1,All Population,5,Prevalence,90,Norway,3,Both,22,All ages,615,Sickle cell disorders,3,Rate,2015,2.2404137511,3.12047872665,1.5722149094600002
1,All Population,5,Prevalence,105,Antigua and Barbuda,3,Both,22,All ages,615,Sickle cell disorders,3,Rate,2017,36.21215186737,44.894114128540004,28.359467024309996
1,All Population,5,Prevalence,162,Bhutan,3,Both,22,All ages,615,Sickle cell disorders,3,Rate,2015,0.24646362401000002,0.32250728977,0.18724753283
1,All Population,5,Prevalence,179,Ethiopia,3,Both,22,All ages,615,Sickle cell disorders,3,Rate,2014,1.49919202691,2.0144166093,1.1471413429900001
1,All Population,5,Prevalence,85,Israel,3,Both,22,All ages,615,Sickle cell disorders,3,Rate,2014,9.294222439090001,11.05968935691,7.90282590599
1,All Population,5,Prevalence,23,Kiribati,3,Both,22,All ages,615,Sickle cell disorders,3,Rate,2016,0.01779847804,0.04638747477,0.00349733906
1,All Population,5,Prevalence,190,Uganda,3,Both,22,All ages,615,Sickle cell disorders,3,Rate,2017,246.32032005975,286.31992473766,210.44280511351
1,All Population,5,Prevalence,148,Morocco,3,Both,22,All ages,615,Sickle cell disorders,3,Rate,2014,11.11786546291,13.108629505980002,9.10208681553
1,All Population,5,Prevalence,172,Equatorial Guinea,3,Both,22,All ages,615,Sickle cell disorders,3,Rate,2015,899.09535671765,1094.3212813974199,764.58024284533
1,All Population,5,Prevalence,150,Oman,3,Both,22,All ages,615,Sickle cell disorders,3,Rate,2014,274.29395366984,320.14186719630004,226.17603385463002
1,All Population,5,Prevalence,27,Samoa,3,Both,22,All ages,615,Sickle cell disorders,3,Rate,2014,0.02012493699,0.05292753945,0.0041525228899999996
1,All Population,5,Prevalence,298,American Samoa,3,Both,22,All ages,615,Sickle cell disorders,3,Rate,2017,0.018672920739999998,0.05022030509,0.00419787225
1,All Population,5,Prevalence,108,Belize,3,Both,22,All ages,615,Sickle cell disorders,3,Rate,2016,66.02582077649,84.24302435401,52.02082399305
1,All Population,5,Prevalence,50,Montenegro,3,Both,22,All ages,615,Sickle cell disorders,3,Rate,2016,0.04777360281,0.06446710348,0.03265623137
1,All Population,5,Prevalence,183,Mauritius,3,Both,22,All ages,615,Sickle cell disorders,3,Rate,2015,0.02989834848,0.05363251801,0.016607488780000002
1,All Population,5,Prevalence,60,Lithuania,3,Both,22,All ages,615,Sickle cell disorders,3,Rate,2017,0.04627584871,0.058987551629999996,0.03495515227
1,All Population,5,Prevalence,125,Colombia,3,Both,22,All ages,615,Sickle cell disorders,3,Rate,2014,0.39671797743,0.47195959431999995,0.32680284207
1,All Population,5,Prevalence,127,El Salvador,3,Both,22,All ages,615,Sickle cell disorders,3,Rate,2014,0.04780862769,0.06805785985,0.031813342179999995
1,All Population,5,Prevalence,146,Lebanon,3,Both,22,All ages,615,Sickle cell disorders,3,Rate,2015,46.62009988618,56.50352048212,38.043715819869995
1,All Population,5,Prevalence,112,Grenada,3,Both,22,All ages,615,Sickle cell disorders,3,Rate,2016,43.30527050831,54.740414892109996,34.030602081030004
1,All Population,5,Prevalence,54,Slovakia,3,Both,22,All ages,615,Sickle cell disorders,3,Rate,2016,0.1042114681,0.13006607142,0.08367910635
1,All Population,5,Prevalence,176,Comoros,3,Both,22,All ages,615,Sickle cell disorders,3,Rate,2015,1.8937922273399999,2.5160704319100002,1.3903964062299998
1,All Population,5,Prevalence,115,Jamaica,3,Both,22,All ages,615,Sickle cell disorders,3,Rate,2015,123.27975410289,139.59428347047,110.63491886483001
1,All Population,5,Prevalence,36,Kazakhstan,3,Both,22,All ages,615,Sickle cell disorders,3,Rate,2018,0.00970219153,0.01616233553,0.00403422175
1,All Population,5,Prevalence,98,Chile,3,Both,22,All ages,615,Sickle cell disorders,3,Rate,2016,0.33225825463,0.41443710532,0.26507398681
1,All Population,5,Prevalence,6,China,3,Both,22,All ages,615,Sickle cell disorders,3,Rate,2018,1.531334698,1.92482210525,1.18991857343
1,All Population,5,Prevalence,40,Turkmenistan,3,Both,22,All ages,615,Sickle cell disorders,3,Rate,2018,0.009742830669999999,0.016996879309999997,0.0037655024099999997
1,All Population,5,Prevalence,133,Venezuela (Bolivarian Republic of),3,Both,22,All ages,615,Sickle cell disorders,3,Rate,2015,2.78949395228,3.4770537752,2.26530961017
1,All Population,5,Prevalence,26,Papua New Guinea,3,Both,22,All ages,615,Sickle cell disorders,3,Rate,2016,0.01882761618,0.05078012255,0.00329358832
1,All Population,5,Prevalence,385,Puerto Rico,3,Both,22,All ages,615,Sickle cell disorders,3,Rate,2017,26.36252292576,33.112910815469995,20.43035640289
1,All Population,5,Prevalence,203,Cabo Verde,3,Both,22,All ages,615,Sickle cell disorders,3,Rate,2016,51.57103221132,62.179694863829994,42.39732852895
1,All Population,5,Prevalence,190,Uganda,3,Both,22,All ages,615,Sickle cell disorders,3,Rate,2015,249.18548846802003,288.69697733699,209.90066510449
1,All Population,5,Prevalence,153,Syrian Arab Republic,3,Both,22,All ages,615,Sickle cell disorders,3,Rate,2015,10.79354556819,12.506895900950001,9.08343191552
1,All Population,5,Prevalence,173,Gabon,3,Both,22,All ages,615,Sickle cell disorders,3,Rate,2014,404.82709185416,490.06027246097995,335.75304841416
1,All Population,5,Prevalence,154,Tunisia,3,Both,22,All ages,615,Sickle cell disorders,3,Rate,2016,57.81064891577,71.94432919434,46.04237285614
1,All Population,5,Prevalence,19,Timor-Leste,3,Both,22,All ages,615,Sickle cell disorders,3,Rate,2014,0.04267552309,0.07306667022999999,0.02342591218
1,All Population,5,Prevalence,170,Congo,3,Both,22,All ages,615,Sickle cell disorders,3,Rate,2015,269.85189678694996,316.60483761892,230.53426635804
1,All Population,5,Prevalence,33,Armenia,3,Both,22,All ages,615,Sickle cell disorders,3,Rate,2016,0.00843169452,0.01436837487,0.0036949289699999997
1,All Population,5,Prevalence,16,Philippines,3,Both,22,All ages,615,Sickle cell disorders,3,Rate,2016,0.04319534622,0.07142385428999999,0.024338200920000004
1,All Population,5,Prevalence,35,Georgia,3,Both,22,All ages,615,Sickle cell disorders,3,Rate,2014,0.00858135556,0.013660560879999999,0.0035235962999999996
1,All Population,5,Prevalence,52,Romania,3,Both,22,All ages,615,Sickle cell disorders,3,Rate,2018,0.10243069318,0.13589211872,0.07799798947
1,All Population,5,Prevalence,58,Estonia,3,Both,22,All ages,615,Sickle cell disorders,3,Rate,2018,0.0215306405,0.031942819899999995,0.01303068513
1,All Population,5,Prevalence,367,Monaco,3,Both,22,All ages,615,Sickle cell disorders,3,Rate,2015,3.04595469761,3.72104247187,2.5063859046099997
1,All Population,5,Prevalence,22,Fiji,3,Both,22,All ages,615,Sickle cell disorders,3,Rate,2018,0.01711192809,0.044468994559999996,0.0033659717
1,All Population,5,Prevalence,51,Poland,3,Both,22,All ages,615,Sickle cell disorders,3,Rate,2018,0.47562648861,0.62596029408,0.36331831455
1,All Population,5,Prevalence,121,Bolivia (Plurinational State of),3,Both,22,All ages,615,Sickle cell disorders,3,Rate,2015,4.179692004650001,5.4208933518,3.21670657382
1,All Population,5,Prevalence,349,Greenland,3,Both,22,All ages,615,Sickle cell disorders,3,Rate,2017,0.48860703242,0.73035434366,0.3395405867
1,All Population,5,Prevalence,177,Djibouti,3,Both,22,All ages,615,Sickle cell disorders,3,Rate,2015,8.02670565534,10.341838894930001,6.26181549978
1,All Population,5,Prevalence,61,Republic of Moldova,3,Both,22,All ages,615,Sickle cell disorders,3,Rate,2016,0.02143664207,0.03067986408,0.01423379443
1,All Population,5,Prevalence,116,Saint Lucia,3,Both,22,All ages,615,Sickle cell disorders,3,Rate,2014,43.005816654709996,55.019934174650004,33.39269281367
1,All Population,5,Prevalence,97,Argentina,3,Both,22,All ages,615,Sickle cell disorders,3,Rate,2016,0.06115764619999999,0.08644814131,0.042195240020000004
1,All Population,5,Prevalence,97,Argentina,3,Both,22,All ages,615,Sickle cell disorders,3,Rate,2015,0.06161163201,0.08784194807,0.04211034568
1,All Population,5,Prevalence,69,Singapore,3,Both,22,All ages,615,Sickle cell disorders,3,Rate,2018,0.09059719687000001,0.11769572247999999,0.0670882565
1,All Population,5,Prevalence,11,Indonesia,3,Both,22,All ages,615,Sickle cell disorders,3,Rate,2018,0.036249693529999995,0.06008597056,0.019881112580000002
1,All Population,5,Prevalence,52,Romania,3,Both,22,All ages,615,Sickle cell disorders,3,Rate,2015,0.10258709052,0.13617137316,0.07674020494
1,All Population,5,Prevalence,93,Sweden,3,Both,22,All ages,615,Sickle cell disorders,3,Rate,2014,4.001754839069999,4.94303352821,3.25432264626
1,All Population,5,Prevalence,39,Tajikistan,3,Both,22,All ages,615,Sickle cell disorders,3,Rate,2016,0.01087882545,0.02055150275,0.00394325138
1,All Population,5,Prevalence,34,Azerbaijan,3,Both,22,All ages,615,Sickle cell disorders,3,Rate,2016,0.00810880655,0.014103049909999998,0.00313211758
1,All Population,5,Prevalence,141,Egypt,3,Both,22,All ages,615,Sickle cell disorders,3,Rate,2015,101.44804093455001,115.26791737695001,88.76313874073
1,All Population,5,Prevalence,198,Zimbabwe,3,Both,22,All ages,615,Sickle cell disorders,3,Rate,2015,5.91442787385,7.383826888990001,4.73524155703
1,All Population,5,Prevalence,211,Mali,3,Both,22,All ages,615,Sickle cell disorders,3,Rate,2014,325.33677986220005,373.23388982446,286.53019193181
1,All Population,5,Prevalence,37,Kyrgyzstan,3,Both,22,All ages,615,Sickle cell disorders,3,Rate,2018,0.01102214397,0.01791488523,0.00463129545
1,All Population,5,Prevalence,393,Saint Kitts and Nevis,3,Both,22,All ages,615,Sickle cell disorders,3,Rate,2015,38.62761111479,48.37709870869,29.68934684633
1,All Population,5,Prevalence,393,Saint Kitts and Nevis,3,Both,22,All ages,615,Sickle cell disorders,3,Rate,2016,38.091621719209996,48.09794650359,29.346049457790002
1,All Population,5,Prevalence,94,Switzerland,3,Both,22,All ages,615,Sickle cell disorders,3,Rate,2016,11.05024878368,12.118566220369999,10.104842959560001
1,All Population,5,Prevalence,139,Algeria,3,Both,22,All ages,615,Sickle cell disorders,3,Rate,2016,9.85445014605,11.66257056521,8.10477407061
1,All Population,5,Prevalence,23,Kiribati,3,Both,22,All ages,615,Sickle cell disorders,3,Rate,2018,0.01779079092,0.04587878494,0.00350812503
1,All Population,5,Prevalence,55,Slovenia,3,Both,22,All ages,615,Sickle cell disorders,3,Rate,2015,0.07991331052,0.10361926802,0.06045051468
1,All Population,5,Prevalence,149,Palestine,3,Both,22,All ages,615,Sickle cell disorders,3,Rate,2016,66.06029304510001,83.73363233088,51.63776280092
1,All Population,5,Prevalence,8,Taiwan,3,Both,22,All ages,615,Sickle cell disorders,3,Rate,2016,1.87003359009,2.23816595592,1.5283408329700001
1,All Population,5,Prevalence,351,Guam,3,Both,22,All ages,615,Sickle cell disorders,3,Rate,2015,0.017004520720000003,0.04540500863,0.0038876079
1,All Population,5,Prevalence,55,Slovenia,3,Both,22,All ages,615,Sickle cell disorders,3,Rate,2016,0.07914871992,0.10247813953000001,0.06055573879
1,All Population,5,Prevalence,115,Jamaica,3,Both,22,All ages,615,Sickle cell disorders,3,Rate,2016,119.08492655373999,132.8030629784,106.51749080181001
1,All Population,5,Prevalence,135,Brazil,3,Both,22,All ages,615,Sickle cell disorders,3,Rate,2016,8.22556398508,9.07664912978,7.39712300503
1,All Population,5,Prevalence,107,Barbados,3,Both,22,All ages,615,Sickle cell disorders,3,Rate,2016,33.73401075259,43.04556354396,26.26825350821
1,All Population,5,Prevalence,51,Poland,3,Both,22,All ages,615,Sickle cell disorders,3,Rate,2016,0.47175585444,0.6128928407500001,0.36094675813
1,All Population,5,Prevalence,385,Puerto Rico,3,Both,22,All ages,615,Sickle cell disorders,3,Rate,2014,29.442803545649998,37.40352016923,22.68946083642
1,All Population,5,Prevalence,46,Croatia,3,Both,22,All ages,615,Sickle cell disorders,3,Rate,2017,0.32915012742,0.41271643403,0.26822218239
1,All Population,5,Prevalence,74,Andorra,3,Both,22,All ages,615,Sickle cell disorders,3,Rate,2016,3.6756039221899997,4.41652010253,3.0041491206199997
1,All Population,5,Prevalence,68,Republic of Korea,3,Both,22,All ages,615,Sickle cell disorders,3,Rate,2016,0.07457324829,0.09825051636,0.05333700889
1,All Population,5,Prevalence,212,Mauritania,3,Both,22,All ages,615,Sickle cell disorders,3,Rate,2015,104.95270239967,123.84587414049,87.89391875109
1,All Population,5,Prevalence,208,Guinea,3,Both,22,All ages,615,Sickle cell disorders,3,Rate,2017,945.25140556411,1088.87354376556,823.78449973454
1,All Population,5,Prevalence,132,Panama,3,Both,22,All ages,615,Sickle cell disorders,3,Rate,2014,0.07052866227,0.09337451528,0.0492610464
1,All Population,5,Prevalence,176,Comoros,3,Both,22,All ages,615,Sickle cell disorders,3,Rate,2016,1.8797028743500002,2.49623901982,1.37182451865
1,All Population,5,Prevalence,69,Singapore,3,Both,22,All ages,615,Sickle cell disorders,3,Rate,2016,0.09409977966000001,0.12060822617,0.06965497875
1,All Population,5,Prevalence,114,Haiti,3,Both,22,All ages,615,Sickle cell disorders,3,Rate,2017,119.66049371489,138.88756158807,101.47546320871
1,All Population,5,Prevalence,22,Fiji,3,Both,22,All ages,615,Sickle cell disorders,3,Rate,2016,0.01712858086,0.04480353657,0.0033509934299999996
1,All Population,5,Prevalence,58,Estonia,3,Both,22,All ages,615,Sickle cell disorders,3,Rate,2014,0.02203738876,0.03191031623,0.01350576993
1,All Population,5,Prevalence,165,Pakistan,3,Both,22,All ages,615,Sickle cell disorders,3,Rate,2014,0.10575576325000001,0.14993809951999998,0.07091920793999999
1,All Population,5,Prevalence,11,Indonesia,3,Both,22,All ages,615,Sickle cell disorders,3,Rate,2016,0.03707740312,0.06184274422,0.0199927758
1,All Population,5,Prevalence,7,Democratic People's Republic of Korea,3,Both,22,All ages,615,Sickle cell disorders,3,Rate,2017,1.67772624876,2.17152604762,1.28772616671
1,All Population,5,Prevalence,367,Monaco,3,Both,22,All ages,615,Sickle cell disorders,3,Rate,2016,3.05354658611,3.71330200795,2.50515290591
1,All Population,5,Prevalence,171,Democratic Republic of the Congo,3,Both,22,All ages,615,Sickle cell disorders,3,Rate,2016,707.06563174396,813.1366564206,600.62248305067
1,All Population,5,Prevalence,45,Bulgaria,3,Both,22,All ages,615,Sickle cell disorders,3,Rate,2016,0.03567595009,0.047355332210000003,0.0235818182
1,All Population,5,Prevalence,13,Malaysia,3,Both,22,All ages,615,Sickle cell disorders,3,Rate,2016,0.03708734615,0.06659773185,0.02106696688
1,All Population,5,Prevalence,34,Azerbaijan,3,Both,22,All ages,615,Sickle cell disorders,3,Rate,2018,0.00780935413,0.01369793456,0.00303829812
1,All Population,5,Prevalence,45,Bulgaria,3,Both,22,All ages,615,Sickle cell disorders,3,Rate,2015,0.03589047358,0.04839963115,0.02372695261
1,All Population,5,Prevalence,122,Ecuador,3,Both,22,All ages,615,Sickle cell disorders,3,Rate,2017,3.86907800492,4.20732101005,3.5619835973
1,All Population,5,Prevalence,15,Myanmar,3,Both,22,All ages,615,Sickle cell disorders,3,Rate,2017,0.03178933614,0.05525513331,0.01676398386
1,All Population,5,Prevalence,13,Malaysia,3,Both,22,All ages,615,Sickle cell disorders,3,Rate,2017,0.03671822497,0.06581012995999999,0.02080955742
1,All Population,5,Prevalence,45,Bulgaria,3,Both,22,All ages,615,Sickle cell disorders,3,Rate,2017,0.03533201816,0.046853072850000003,0.023406901810000002
1,All Population,5,Prevalence,126,Costa Rica,3,Both,22,All ages,615,Sickle cell disorders,3,Rate,2016,0.03685698713,0.06049273586,0.01910471478
1,All Population,5,Prevalence,30,Vanuatu,3,Both,22,All ages,615,Sickle cell disorders,3,Rate,2017,0.01983318425,0.05132559575,0.003948403200000001
1,All Population,5,Prevalence,90,Norway,3,Both,22,All ages,615,Sickle cell disorders,3,Rate,2016,2.2236910602999997,3.09634606844,1.55919072759
1,All Population,5,Prevalence,131,Nicaragua,3,Both,22,All ages,615,Sickle cell disorders,3,Rate,2017,0.07082627911,0.09709605652999999,0.049863510240000006
1,All Population,5,Prevalence,165,Pakistan,3,Both,22,All ages,615,Sickle cell disorders,3,Rate,2016,0.1040781546,0.14799347779000002,0.0696058423
1,All Population,5,Prevalence,196,South Africa,3,Both,22,All ages,615,Sickle cell disorders,3,Rate,2017,0.28602818261,0.36917922256,0.21312042441
1,All Population,5,Prevalence,201,Burkina Faso,3,Both,22,All ages,615,Sickle cell disorders,3,Rate,2015,1556.03466380301,1690.15535107714,1429.70891708296
1,All Population,5,Prevalence,416,Tuvalu,3,Both,22,All ages,615,Sickle cell disorders,3,Rate,2016,0.01659827076,0.04360427417,0.00289417856
1,All Population,5,Prevalence,76,Belgium,3,Both,22,All ages,615,Sickle cell disorders,3,Rate,2017,2.04004577038,2.44705907331,1.7014708225900002
1,All Population,5,Prevalence,305,Bermuda,3,Both,22,All ages,615,Sickle cell disorders,3,Rate,2015,24.94325562377,31.12345376619,19.399159006999998
1,All Population,5,Prevalence,522,Sudan,3,Both,22,All ages,615,Sickle cell disorders,3,Rate,2016,500.98012515316,599.86588158924,418.17061807065005
1,All Population,5,Prevalence,214,Nigeria,3,Both,22,All ages,615,Sickle cell disorders,3,Rate,2015,1147.94175920008,1429.15440176625,943.7420777415899
1,All Population,5,Prevalence,385,Puerto Rico,3,Both,22,All ages,615,Sickle cell disorders,3,Rate,2015,28.65396035322,36.214754782330004,22.04522695892
1,All Population,5,Prevalence,145,Kuwait,3,Both,22,All ages,615,Sickle cell disorders,3,Rate,2016,34.88416188537,41.55981047,28.15417175728
1,All Population,5,Prevalence,162,Bhutan,3,Both,22,All ages,615,Sickle cell disorders,3,Rate,2016,0.2404915264,0.31249610673,0.18314943124
1,All Population,5,Prevalence,40,Turkmenistan,3,Both,22,All ages,615,Sickle cell disorders,3,Rate,2014,0.00993520639,0.01714308641,0.00377844108
1,All Population,5,Prevalence,128,Guatemala,3,Both,22,All ages,615,Sickle cell disorders,3,Rate,2017,0.04777642936,0.07376481869,0.03032722033
1,All Population,5,Prevalence,130,Mexico,3,Both,22,All ages,615,Sickle cell disorders,3,Rate,2016,0.9103950802199999,1.22564267168,0.6727787702
1,All Population,5,Prevalence,85,Israel,3,Both,22,All ages,615,Sickle cell disorders,3,Rate,2016,9.16594406033,10.99149389305,7.71876906208
1,All Population,5,Prevalence,145,Kuwait,3,Both,22,All ages,615,Sickle cell disorders,3,Rate,2017,34.57443689538,41.278003508560005,27.991480363399997
1,All Population,5,Prevalence,162,Bhutan,3,Both,22,All ages,615,Sickle cell disorders,3,Rate,2017,0.23421744439,0.30128155706000004,0.1783897043
1,All Population,5,Prevalence,369,Nauru,3,Both,22,All ages,615,Sickle cell disorders,3,Rate,2017,0.01922485073,0.05064976333000001,0.00366388724
1,All Population,5,Prevalence,28,Solomon Islands,3,Both,22,All ages,615,Sickle cell disorders,3,Rate,2018,0.01982340696,0.05236568029,0.00396153588
1,All Population,5,Prevalence,213,Niger,3,Both,22,All ages,615,Sickle cell disorders,3,Rate,2016,607.41408151424,715.10459111587,532.42032500269
1,All Population,5,Prevalence,217,Sierra Leone,3,Both,22,All ages,615,Sickle cell disorders,3,Rate,2014,1196.04059036135,1385.00643764499,1038.11346294068
1,All Population,5,Prevalence,13,Malaysia,3,Both,22,All ages,615,Sickle cell disorders,3,Rate,2015,0.03750826344,0.0674360482,0.02170307767
1,All Population,5,Prevalence,298,American Samoa,3,Both,22,All ages,615,Sickle cell disorders,3,Rate,2016,0.01889792837,0.0506713844,0.0042429538
1,All Population,5,Prevalence,198,Zimbabwe,3,Both,22,All ages,615,Sickle cell disorders,3,Rate,2016,5.88003847543,7.3424126230999995,4.73815636157
1,All Population,5,Prevalence,181,Madagascar,3,Both,22,All ages,615,Sickle cell disorders,3,Rate,2016,149.11510633637,178.34670870597,125.8767653196
1,All Population,5,Prevalence,111,Dominican Republic,3,Both,22,All ages,615,Sickle cell disorders,3,Rate,2017,74.76770902694,88.12452365552001,60.55371462349
1,All Population,5,Prevalence,149,Palestine,3,Both,22,All ages,615,Sickle cell disorders,3,Rate,2015,66.30046047205,83.68387149027,51.79831758177
1,All Population,5,Prevalence,193,Botswana,3,Both,22,All ages,615,Sickle cell disorders,3,Rate,2017,17.648631059139998,20.9558590707,14.8274404455
1,All Population,5,Prevalence,206,Gambia,3,Both,22,All ages,615,Sickle cell disorders,3,Rate,2015,322.88197625065004,373.11432362539,279.97729952582
1,All Population,5,Prevalence,435,South Sudan,3,Both,22,All ages,615,Sickle cell disorders,3,Rate,2016,10.88644038254,13.7021003146,8.58279899329
1,All Population,5,Prevalence,161,Bangladesh,3,Both,22,All ages,615,Sickle cell disorders,3,Rate,2017,0.26299206475,0.34300306168,0.19786882367000003
1,All Population,5,Prevalence,176,Comoros,3,Both,22,All ages,615,Sickle cell disorders,3,Rate,2017,1.8643117337900001,2.4690750448800003,1.35976608833
1,All Population,5,Prevalence,216,Senegal,3,Both,22,All ages,615,Sickle cell disorders,3,Rate,2017,281.24070130962997,323.09764784527005,246.20947128411999
1,All Population,5,Prevalence,75,Austria,3,Both,22,All ages,615,Sickle cell disorders,3,Rate,2017,3.87328907954,4.30761918766,3.48219099965
1,All Population,5,Prevalence,186,Seychelles,3,Both,22,All ages,615,Sickle cell disorders,3,Rate,2016,0.03480101286,0.060576495390000006,0.020505726300000002
1,All Population,5,Prevalence,213,Niger,3,Both,22,All ages,615,Sickle cell disorders,3,Rate,2015,608.4372858919199,708.88232468559,531.9736565728
1,All Population,5,Prevalence,169,Central African Republic,3,Both,22,All ages,615,Sickle cell disorders,3,Rate,2017,394.71886233366996,474.13888152374,335.11772327234
1,All Population,5,Prevalence,135,Brazil,3,Both,22,All ages,615,Sickle cell disorders,3,Rate,2017,8.36439214243,9.26386573064,7.4983897776
1,All Population,5,Prevalence,182,Malawi,3,Both,22,All ages,615,Sickle cell disorders,3,Rate,2017,29.55122871877,35.9509274414,25.17583263622
1,All Population,5,Prevalence,136,Paraguay,3,Both,22,All ages,615,Sickle cell disorders,3,Rate,2017,12.604120945110001,15.25263576337,10.43524150636
1,All Population,5,Prevalence,74,Andorra,3,Both,22,All ages,615,Sickle cell disorders,3,Rate,2015,3.7317065571400003,4.47077361079,3.04255988802
1,All Population,5,Prevalence,385,Puerto Rico,3,Both,22,All ages,615,Sickle cell disorders,3,Rate,2016,27.62486012659,34.87587548324,21.487216182290002
1,All Population,5,Prevalence,142,Iran (Islamic Republic of),3,Both,22,All ages,615,Sickle cell disorders,3,Rate,2016,94.29248133032999,117.30019730036,72.6352519938
1,All Population,5,Prevalence,168,Angola,3,Both,22,All ages,615,Sickle cell disorders,3,Rate,2016,556.9360708642901,681.64206589968,462.33336198496
1,All Population,5,Prevalence,522,Sudan,3,Both,22,All ages,615,Sickle cell disorders,3,Rate,2015,502.15723071349004,604.99341093235,415.37924415839007
1,All Population,5,Prevalence,172,Equatorial Guinea,3,Both,22,All ages,615,Sickle cell disorders,3,Rate,2017,882.71683528089,1057.79034899922,748.74647783088
1,All Population,5,Prevalence,151,Qatar,3,Both,22,All ages,615,Sickle cell disorders,3,Rate,2017,65.37634207002,82.28424908382999,51.23974362225
1,All Population,5,Prevalence,61,Republic of Moldova,3,Both,22,All ages,615,Sickle cell disorders,3,Rate,2017,0.0212541241,0.0301313346,0.014044310620000002
1,All Population,5,Prevalence,89,Netherlands,3,Both,22,All ages,615,Sickle cell disorders,3,Rate,2016,0.4392773376,0.55587435923,0.36241802786
1,All Population,5,Prevalence,305,Bermuda,3,Both,22,All ages,615,Sickle cell disorders,3,Rate,2016,24.39981372036,30.30485406114,19.01376768011
1,All Population,5,Prevalence,108,Belize,3,Both,22,All ages,615,Sickle cell disorders,3,Rate,2015,66.79271839597,85.41433270748,52.42862793869
1,All Population,5,Prevalence,46,Croatia,3,Both,22,All ages,615,Sickle cell disorders,3,Rate,2018,0.32339165448,0.40354146193999996,0.26410805285
1,All Population,5,Prevalence,74,Andorra,3,Both,22,All ages,615,Sickle cell disorders,3,Rate,2017,3.6068390368600003,4.34984228562,2.96202454861
1,All Population,5,Prevalence,117,Saint Vincent and the Grenadines,3,Both,22,All ages,615,Sickle cell disorders,3,Rate,2017,44.847111599390004,58.23635349613,34.3588692716
1,All Population,5,Prevalence,206,Gambia,3,Both,22,All ages,615,Sickle cell disorders,3,Rate,2016,320.38297585622,369.38913421955004,278.90680068456
1,All Population,5,Prevalence,6,China,3,Both,22,All ages,615,Sickle cell disorders,3,Rate,2017,1.5405395423200001,1.9344544181599999,1.1961364325400001
1,All Population,5,Prevalence,87,Luxembourg,3,Both,22,All ages,615,Sickle cell disorders,3,Rate,2014,22.35945346418,25.48859507933,19.66902414618
1,All Population,5,Prevalence,110,Dominica,3,Both,22,All ages,615,Sickle cell disorders,3,Rate,2016,39.95395399479,50.63254875368,31.38043950555
1,All Population,5,Prevalence,351,Guam,3,Both,22,All ages,615,Sickle cell disorders,3,Rate,2016,0.016807015629999998,0.04490577339,0.0038486339799999997
1,All Population,5,Prevalence,175,Burundi,3,Both,22,All ages,615,Sickle cell disorders,3,Rate,2017,25.59861102144,31.97517879239,21.08237791541
1,All Population,5,Prevalence,320,Cook Islands,3,Both,22,All ages,615,Sickle cell disorders,3,Rate,2017,0.015545468810000001,0.03161683059,0.00386037279
1,All Population,5,Prevalence,214,Nigeria,3,Both,22,All ages,615,Sickle cell disorders,3,Rate,2016,1145.53812600979,1431.0119036086,942.8177994759901
1,All Population,5,Prevalence,161,Bangladesh,3,Both,22,All ages,615,Sickle cell disorders,3,Rate,2016,0.26783744841,0.34787747555,0.19983777387
1,All Population,5,Prevalence,18,Thailand,3,Both,22,All ages,615,Sickle cell disorders,3,Rate,2017,0.02295209491,0.0429116099,0.01209080915
1,All Population,5,Prevalence,183,Mauritius,3,Both,22,All ages,615,Sickle cell disorders,3,Rate,2016,0.02935430954,0.052950723100000006,0.01605566102
1,All Population,5,Prevalence,106,Bahamas,3,Both,22,All ages,615,Sickle cell disorders,3,Rate,2017,70.47538923507,89.14898010211,54.31971274475
1,All Population,5,Prevalence,183,Mauritius,3,Both,22,All ages,615,Sickle cell disorders,3,Rate,2017,0.02889505678,0.052553298309999996,0.01560267533
1,All Population,5,Prevalence,20,Viet Nam,3,Both,22,All ages,615,Sickle cell disorders,3,Rate,2017,0.03402110105,0.06113554091,0.01898932085
1,All Population,5,Prevalence,164,Nepal,3,Both,22,All ages,615,Sickle cell disorders,3,Rate,2017,0.7837806402399999,0.93511190967,0.6552809722499999
1,All Population,5,Prevalence,376,Northern Mariana Islands,3,Both,22,All ages,615,Sickle cell disorders,3,Rate,2016,0.01617392612,0.04389753357,0.0037748163499999998
1,All Population,5,Prevalence,25,Micronesia (Federated States of),3,Both,22,All ages,615,Sickle cell disorders,3,Rate,2016,0.017923215269999997,0.04730893522,0.00357443598
1,All Population,5,Prevalence,175,Burundi,3,Both,22,All ages,615,Sickle cell disorders,3,Rate,2016,25.706815711489998,31.81939187374,21.14996766713
1,All Population,5,Prevalence,191,Zambia,3,Both,22,All ages,615,Sickle cell disorders,3,Rate,2015,319.0205616287,398.88023178808004,271.92846662535
1,All Population,5,Prevalence,12,Lao People's Democratic Republic,3,Both,22,All ages,615,Sickle cell disorders,3,Rate,2017,0.03641202536,0.06151971612,0.01908418327
1,All Population,5,Prevalence,181,Madagascar,3,Both,22,All ages,615,Sickle cell disorders,3,Rate,2014,150.96105924326,181.19203170101002,127.04477761772
1,All Population,5,Prevalence,60,Lithuania,3,Both,22,All ages,615,Sickle cell disorders,3,Rate,2016,0.04630069192,0.059306595799999993,0.034662647160000004
1,All Population,5,Prevalence,75,Austria,3,Both,22,All ages,615,Sickle cell disorders,3,Rate,2016,3.77724129484,4.1967200892,3.40324339155
1,All Population,5,Prevalence,90,Norway,3,Both,22,All ages,615,Sickle cell disorders,3,Rate,2017,2.20506542623,3.06867602779,1.54973538026
1,All Population,5,Prevalence,107,Barbados,3,Both,22,All ages,615,Sickle cell disorders,3,Rate,2017,32.777618395910004,41.48401344181,25.523598033029998
1,All Population,5,Prevalence,28,Solomon Islands,3,Both,22,All ages,615,Sickle cell disorders,3,Rate,2016,0.02006849243,0.05315265776,0.00402783921
1,All Population,5,Prevalence,144,Jordan,3,Both,22,All ages,615,Sickle cell disorders,3,Rate,2017,63.82448579575,80.68101669243,50.508196606940004
1,All Population,5,Prevalence,67,Japan,3,Both,22,All ages,615,Sickle cell disorders,3,Rate,2017,0.03921506707,0.061494651639999995,0.025946570920000002
1,All Population,5,Prevalence,190,Uganda,3,Both,22,All ages,615,Sickle cell disorders,3,Rate,2016,247.8787524016,287.45082961801,210.36941119614
1,All Population,5,Prevalence,99,Uruguay,3,Both,22,All ages,615,Sickle cell disorders,3,Rate,2017,0.054820807980000004,0.07817785832,0.03607968903
1,All Population,5,Prevalence,88,Malta,3,Both,22,All ages,615,Sickle cell disorders,3,Rate,2017,5.64211570851,6.7718084981999995,4.73624805148
1,All Population,5,Prevalence,207,Ghana,3,Both,22,All ages,615,Sickle cell disorders,3,Rate,2017,808.30107926073,882.3568410423401,743.0773532027
1,All Population,5,Prevalence,82,Greece,3,Both,22,All ages,615,Sickle cell disorders,3,Rate,2017,18.96908691915,21.40128819581,16.7093171545
1,All Population,5,Prevalence,204,Chad,3,Both,22,All ages,615,Sickle cell disorders,3,Rate,2017,110.26828739781999,126.95682895923,94.03917837203
1,All Population,5,Prevalence,320,Cook Islands,3,Both,22,All ages,615,Sickle cell disorders,3,Rate,2016,0.01569324642,0.03173970092,0.00389403373
1,All Population,5,Prevalence,182,Malawi,3,Both,22,All ages,615,Sickle cell disorders,3,Rate,2016,29.88738739452,36.26557296643,25.629755325199998
1,All Population,5,Prevalence,396,San Marino,3,Both,22,All ages,615,Sickle cell disorders,3,Rate,2017,3.23403955751,3.90838994673,2.66090607076
1,All Population,5,Prevalence,35,Georgia,3,Both,22,All ages,615,Sickle cell disorders,3,Rate,2018,0.00854727752,0.01366237459,0.00357930478
1,All Population,5,Prevalence,89,Netherlands,3,Both,22,All ages,615,Sickle cell disorders,3,Rate,2017,0.43720053059,0.5519768577599999,0.36125486132
1,All Population,5,Prevalence,123,Peru,3,Both,22,All ages,615,Sickle cell disorders,3,Rate,2017,3.6058723769200003,4.58910545485,2.77306877452
1,All Population,5,Prevalence,136,Paraguay,3,Both,22,All ages,615,Sickle cell disorders,3,Rate,2016,12.71417714031,15.48465086619,10.53092716179
1,All Population,5,Prevalence,121,Bolivia (Plurinational State of),3,Both,22,All ages,615,Sickle cell disorders,3,Rate,2016,4.14268971223,5.3620907795,3.21450715874
1,All Population,5,Prevalence,61,Republic of Moldova,3,Both,22,All ages,615,Sickle cell disorders,3,Rate,2015,0.02161268572,0.030879792979999997,0.01440021728
1,All Population,5,Prevalence,201,Burkina Faso,3,Both,22,All ages,615,Sickle cell disorders,3,Rate,2017,1396.43348936135,1520.96230694772,1276.5366281276201
1,All Population,5,Prevalence,155,Türkiye,3,Both,22,All ages,615,Sickle cell disorders,3,Rate,2015,13.54457971936,15.572248598589999,11.813146537669999
1,All Population,5,Prevalence,205,Côte d'Ivoire,3,Both,22,All ages,615,Sickle cell disorders,3,Rate,2016,273.15535555186,302.31109858286,243.96564302593
1,All Population,5,Prevalence,18,Thailand,3,Both,22,All ages,615,Sickle cell disorders,3,Rate,2016,0.023421718850000002,0.04370212015,0.01243629557
1,All Population,5,Prevalence,67,Japan,3,Both,22,All ages,615,Sickle cell disorders,3,Rate,2018,0.038955897760000004,0.061110304409999996,0.02608376183
1,All Population,5,Prevalence,118,Suriname,3,Both,22,All ages,615,Sickle cell disorders,3,Rate,2014,49.507017931369994,62.095218104130005,38.20215688332
1,All Population,5,Prevalence,207,Ghana,3,Both,22,All ages,615,Sickle cell disorders,3,Rate,2016,805.82463013064,876.9594215666201,741.54853516874
1,All Population,5,Prevalence,37,Kyrgyzstan,3,Both,22,All ages,615,Sickle cell disorders,3,Rate,2017,0.01116441556,0.01812538428,0.0046656439099999995
1,All Population,5,Prevalence,146,Lebanon,3,Both,22,All ages,615,Sickle cell disorders,3,Rate,2017,46.30107165123,56.028049461020004,38.17790994156
1,All Population,5,Prevalence,144,Jordan,3,Both,22,All ages,615,Sickle cell disorders,3,Rate,2016,64.26669346451,81.81666022831,50.83182581658001
1,All Population,5,Prevalence,156,United Arab Emirates,3,Both,22,All ages,615,Sickle cell disorders,3,Rate,2016,17.42458201815,20.19310853663,14.45488856253
1,All Population,5,Prevalence,23,Kiribati,3,Both,22,All ages,615,Sickle cell disorders,3,Rate,2017,0.01778922899,0.0460922734,0.00350474792
1,All Population,5,Prevalence,58,Estonia,3,Both,22,All ages,615,Sickle cell disorders,3,Rate,2016,0.02172467478,0.03156931676,0.01311682931
1,All Population,5,Prevalence,36,Kazakhstan,3,Both,22,All ages,615,Sickle cell disorders,3,Rate,2017,0.009750427059999999,0.01613789232,0.00402200939
1,All Population,5,Prevalence,11,Indonesia,3,Both,22,All ages,615,Sickle cell disorders,3,Rate,2014,0.038069148340000004,0.063517729,0.02038713865
1,All Population,5,Prevalence,71,Australia,3,Both,22,All ages,615,Sickle cell disorders,3,Rate,2018,0.39090080885,0.5060029593500001,0.31029537866
1,All Population,5,Prevalence,24,Marshall Islands,3,Both,22,All ages,615,Sickle cell disorders,3,Rate,2018,0.018905672550000002,0.04866730329,0.00378495748
1,All Population,5,Prevalence,54,Slovakia,3,Both,22,All ages,615,Sickle cell disorders,3,Rate,2018,0.10180982509000001,0.12668480777,0.08330410869
1,All Population,5,Prevalence,72,New Zealand,3,Both,22,All ages,615,Sickle cell disorders,3,Rate,2017,1.0084388230299999,1.20684073979,0.8510008306599999
1,All Population,5,Prevalence,38,Mongolia,3,Both,22,All ages,615,Sickle cell disorders,3,Rate,2018,0.00984078485,0.01746538378,0.0039014867800000004
1,All Population,5,Prevalence,8,Taiwan,3,Both,22,All ages,615,Sickle cell disorders,3,Rate,2018,1.82786674653,2.1701505648699997,1.50404344463
1,All Population,5,Prevalence,66,Brunei Darussalam,3,Both,22,All ages,615,Sickle cell disorders,3,Rate,2017,0.09501418986,0.12487646413,0.06985407638
1,All Population,5,Prevalence,113,Guyana,3,Both,22,All ages,615,Sickle cell disorders,3,Rate,2017,53.23025163591,68.41118367229,40.92276442659
1,All Population,5,Prevalence,83,Iceland,3,Both,22,All ages,615,Sickle cell disorders,3,Rate,2017,2.9613781401800003,3.68374769423,2.36546637272
1,All Population,5,Prevalence,123,Peru,3,Both,22,All ages,615,Sickle cell disorders,3,Rate,2015,3.67916758218,4.669627012379999,2.84957439135
1,All Population,5,Prevalence,14,Maldives,3,Both,22,All ages,615,Sickle cell disorders,3,Rate,2017,0.033184065910000005,0.06085919203,0.016694185900000002
1,All Population,5,Prevalence,393,Saint Kitts and Nevis,3,Both,22,All ages,615,Sickle cell disorders,3,Rate,2017,37.36103500679,47.46584538038,28.63114093638
1,All Population,5,Prevalence,184,Mozambique,3,Both,22,All ages,615,Sickle cell disorders,3,Rate,2015,6.506033224019999,7.679555209669999,5.578543537300001
1,All Population,5,Prevalence,156,United Arab Emirates,3,Both,22,All ages,615,Sickle cell disorders,3,Rate,2017,17.04564437632,19.86696608681,14.20117232365
1,All Population,5,Prevalence,198,Zimbabwe,3,Both,22,All ages,615,Sickle cell disorders,3,Rate,2017,5.824898666469999,7.22676324684,4.68405826709
1,All Population,5,Prevalence,152,Saudi Arabia,3,Both,22,All ages,615,Sickle cell disorders,3,Rate,2017,341.74878915334,406.65532287325,281.50770299575
1,All Population,5,Prevalence,413,Tokelau,3,Both,22,All ages,615,Sickle cell disorders,3,Rate,2016,0.01778602299,0.04733998782,0.00402931867
1,All Population,5,Prevalence,41,Uzbekistan,3,Both,22,All ages,615,Sickle cell disorders,3,Rate,2016,0.00973916786,0.01596743506,0.00396058649
1,All Population,5,Prevalence,7,Democratic People's Republic of Korea,3,Both,22,All ages,615,Sickle cell disorders,3,Rate,2018,1.66116992364,2.14511895552,1.2806067994399999
1,All Population,5,Prevalence,20,Viet Nam,3,Both,22,All ages,615,Sickle cell disorders,3,Rate,2018,0.03381165457,0.06078491929,0.01878819916
1,All Population,5,Prevalence,209,Guinea-Bissau,3,Both,22,All ages,615,Sickle cell disorders,3,Rate,2015,28.15901992636,34.40870372872,23.81054652623
1,All Population,5,Prevalence,43,Albania,3,Both,22,All ages,615,Sickle cell disorders,3,Rate,2016,0.06657998199,0.08645101028,0.05057129284
1,All Population,5,Prevalence,47,Czechia,3,Both,22,All ages,615,Sickle cell disorders,3,Rate,2015,0.00946041574,0.01816858523,0.00452085131
1,All Population,5,Prevalence,109,Cuba,3,Both,22,All ages,615,Sickle cell disorders,3,Rate,2016,11.18018274301,13.25345772991,9.37516178869
1,All Population,5,Prevalence,51,Poland,3,Both,22,All ages,615,Sickle cell disorders,3,Rate,2017,0.47416861937,0.61926605341,0.36373494005
1,All Population,5,Prevalence,98,Chile,3,Both,22,All ages,615,Sickle cell disorders,3,Rate,2017,0.32938660355,0.40824716481,0.26427736539999996
1,All Population,5,Prevalence,53,Serbia,3,Both,22,All ages,615,Sickle cell disorders,3,Rate,2018,0.0077304383599999995,0.01534972168,0.0036824385600000005
1,All Population,5,Prevalence,153,Syrian Arab Republic,3,Both,22,All ages,615,Sickle cell disorders,3,Rate,2016,10.53500334125,12.126634146079999,8.82007335103
1,All Population,5,Prevalence,29,Tonga,3,Both,22,All ages,615,Sickle cell disorders,3,Rate,2017,0.02015492656,0.056364907560000004,0.0044527447
1,All Population,5,Prevalence,76,Belgium,3,Both,22,All ages,615,Sickle cell disorders,3,Rate,2016,2.05025325507,2.44922492025,1.7133108681600002
1,All Population,5,Prevalence,35,Georgia,3,Both,22,All ages,615,Sickle cell disorders,3,Rate,2016,0.00863467296,0.01370280047,0.00357211942
1,All Population,5,Prevalence,63,Ukraine,3,Both,22,All ages,615,Sickle cell disorders,3,Rate,2016,0.02278399724,0.031571783410000005,0.015693394120000002
1,All Population,5,Prevalence,48,Hungary,3,Both,22,All ages,615,Sickle cell disorders,3,Rate,2017,0.03423718258,0.05034799097,0.02191690611
1,All Population,5,Prevalence,121,Bolivia (Plurinational State of),3,Both,22,All ages,615,Sickle cell disorders,3,Rate,2017,4.10584540399,5.3147029235900005,3.19245448734
1,All Population,5,Prevalence,57,Belarus,3,Both,22,All ages,615,Sickle cell disorders,3,Rate,2016,0.02306626246,0.03361840963,0.01474808524
1,All Population,5,Prevalence,195,Namibia,3,Both,22,All ages,615,Sickle cell disorders,3,Rate,2016,0.8275138771299999,1.0325747565,0.6477157755099999
1,All Population,5,Prevalence,10,Cambodia,3,Both,22,All ages,615,Sickle cell disorders,3,Rate,2016,0.036120977729999997,0.06197601512,0.01895987319
1,All Population,5,Prevalence,57,Belarus,3,Both,22,All ages,615,Sickle cell disorders,3,Rate,2015,0.023146081689999997,0.03368271855,0.0149567348
1,All Population,5,Prevalence,34,Azerbaijan,3,Both,22,All ages,615,Sickle cell disorders,3,Rate,2017,0.007968326769999999,0.013898456770000001,0.00309755486
1,All Population,5,Prevalence,47,Czechia,3,Both,22,All ages,615,Sickle cell disorders,3,Rate,2016,0.0094342654,0.01764445475,0.00452624789
1,All Population,5,Prevalence,173,Gabon,3,Both,22,All ages,615,Sickle cell disorders,3,Rate,2016,400.55510524622997,485.86936117777003,334.50281104722
1,All Population,5,Prevalence,43,Albania,3,Both,22,All ages,615,Sickle cell disorders,3,Rate,2018,0.06446784447,0.08274002596,0.04977625881
1,All Population,5,Prevalence,39,Tajikistan,3,Both,22,All ages,615,Sickle cell disorders,3,Rate,2018,0.01067800098,0.01977293288,0.00398438304
1,All Population,5,Prevalence,116,Saint Lucia,3,Both,22,All ages,615,Sickle cell disorders,3,Rate,2017,40.18048296654,50.095908047070004,31.34451926629
1,All Population,5,Prevalence,112,Grenada,3,Both,22,All ages,615,Sickle cell disorders,3,Rate,2018,41.60325215697,53.47738661741,32.18336186383
1,All Population,5,Prevalence,39,Tajikistan,3,Both,22,All ages,615,Sickle cell disorders,3,Rate,2015,0.01092330609,0.02069884198,0.0038932269499999997
1,All Population,5,Prevalence,178,Eritrea,3,Both,22,All ages,615,Sickle cell disorders,3,Rate,2016,9.10304906079,11.87549594092,7.2278565448
1,All Population,5,Prevalence,41,Uzbekistan,3,Both,22,All ages,615,Sickle cell disorders,3,Rate,2019,0.00970346934,0.01544838369,0.0040402839
1,All Population,5,Prevalence,82,Greece,3,Both,22,All ages,615,Sickle cell disorders,3,Rate,2018,18.84702818363,21.14724958834,16.60077129967
1,All Population,5,Prevalence,351,Guam,3,Both,22,All ages,615,Sickle cell disorders,3,Rate,2018,0.016355948409999998,0.04365948026,0.0037758741199999998
1,All Population,5,Prevalence,117,Saint Vincent and the Grenadines,3,Both,22,All ages,615,Sickle cell disorders,3,Rate,2016,45.78658704152,59.054727289990005,35.07319351883
1,All Population,5,Prevalence,25,Micronesia (Federated States of),3,Both,22,All ages,615,Sickle cell disorders,3,Rate,2018,0.017461594900000002,0.04625542079,0.00345004389
1,All Population,5,Prevalence,369,Nauru,3,Both,22,All ages,615,Sickle cell disorders,3,Rate,2018,0.01910285221,0.04983301842,0.00365012966
1,All Population,5,Prevalence,187,Somalia,3,Both,22,All ages,615,Sickle cell disorders,3,Rate,2018,1.5381058156999998,2.0794565662999998,1.1472511654000002
1,All Population,5,Prevalence,215,Sao Tome and Principe,3,Both,22,All ages,615,Sickle cell disorders,3,Rate,2016,517.89005700437,625.4961010396501,417.22055132973
1,All Population,5,Prevalence,47,Czechia,3,Both,22,All ages,615,Sickle cell disorders,3,Rate,2017,0.00939398663,0.017620276679999998,0.00453094731
1,All Population,5,Prevalence,30,Vanuatu,3,Both,22,All ages,615,Sickle cell disorders,3,Rate,2018,0.01968525246,0.05129859597,0.00387674352
1,All Population,5,Prevalence,77,Cyprus,3,Both,22,All ages,615,Sickle cell disorders,3,Rate,2017,12.566300992859999,14.194027389659999,10.94845889404
1,All Population,5,Prevalence,183,Mauritius,3,Both,22,All ages,615,Sickle cell disorders,3,Rate,2018,0.02848477565,0.05234397431,0.01527120772
1,All Population,5,Prevalence,91,Portugal,3,Both,22,All ages,615,Sickle cell disorders,3,Rate,2016,14.74165990682,17.778357665159998,12.325816658879999
1,All Population,5,Prevalence,396,San Marino,3,Both,22,All ages,615,Sickle cell disorders,3,Rate,2016,3.2760973167299996,3.9633335768999998,2.69239535565
1,All Population,5,Prevalence,48,Hungary,3,Both,22,All ages,615,Sickle cell disorders,3,Rate,2018,0.03402618855,0.05032422042,0.02206835838
1,All Population,5,Prevalence,522,Sudan,3,Both,22,All ages,615,Sickle cell disorders,3,Rate,2017,500.60571572759,598.37412125777,415.53911621330997
1,All Population,5,Prevalence,200,Benin,3,Both,22,All ages,615,Sickle cell disorders,3,Rate,2016,1329.97382996693,1565.7021290338203,1109.50168448444
1,All Population,5,Prevalence,20,Viet Nam,3,Both,22,All ages,615,Sickle cell disorders,3,Rate,2019,0.03353807426,0.06057585229,0.01849466654
1,All Population,5,Prevalence,37,Kyrgyzstan,3,Both,22,All ages,615,Sickle cell disorders,3,Rate,2019,0.01085656699,0.0176516585,0.00455806264
1,All Population,5,Prevalence,116,Saint Lucia,3,Both,22,All ages,615,Sickle cell disorders,3,Rate,2018,38.888415557719995,48.34948544793,30.23810612989
1,All Population,5,Prevalence,97,Argentina,3,Both,22,All ages,615,Sickle cell disorders,3,Rate,2018,0.060011431090000004,0.08472307256,0.04022322669
1,All Population,5,Prevalence,99,Uruguay,3,Both,22,All ages,615,Sickle cell disorders,3,Rate,2015,0.05570387791,0.08013445721000001,0.036018593280000004
1,All Population,5,Prevalence,7,Democratic People's Republic of Korea,3,Both,22,All ages,615,Sickle cell disorders,3,Rate,2019,1.6445600593599998,2.10803404519,1.2740634820899999
1,All Population,5,Prevalence,107,Barbados,3,Both,22,All ages,615,Sickle cell disorders,3,Rate,2015,34.46355564226,44.09112058255,26.474751157640004
1,All Population,5,Prevalence,210,Liberia,3,Both,22,All ages,615,Sickle cell disorders,3,Rate,2017,177.25792628404,205.16331430997,153.55414772583
1,All Population,5,Prevalence,72,New Zealand,3,Both,22,All ages,615,Sickle cell disorders,3,Rate,2016,1.00543649223,1.2003205188500001,0.8499123186499999
1,All Population,5,Prevalence,132,Panama,3,Both,22,All ages,615,Sickle cell disorders,3,Rate,2016,0.07007685726,0.09450757419,0.04900493239
1,All Population,5,Prevalence,83,Iceland,3,Both,22,All ages,615,Sickle cell disorders,3,Rate,2018,2.9412310397800003,3.6533469259099998,2.35205158155
1,All Population,5,Prevalence,164,Nepal,3,Both,22,All ages,615,Sickle cell disorders,3,Rate,2016,0.79575529421,0.95413914499,0.6607217412
1,All Population,5,Prevalence,147,Libya,3,Both,22,All ages,615,Sickle cell disorders,3,Rate,2017,246.3446167502,289.43410983543,204.6815963769
1,All Population,5,Prevalence,66,Brunei Darussalam,3,Both,22,All ages,615,Sickle cell disorders,3,Rate,2018,0.09386515433,0.12355130174000001,0.0690651087
1,All Population,5,Prevalence,133,Venezuela (Bolivarian Republic of),3,Both,22,All ages,615,Sickle cell disorders,3,Rate,2017,2.72397839973,3.40431000455,2.19997059734
1,All Population,5,Prevalence,63,Ukraine,3,Both,22,All ages,615,Sickle cell disorders,3,Rate,2017,0.02250433729,0.031183707930000002,0.01548602152
1,All Population,5,Prevalence,76,Belgium,3,Both,22,All ages,615,Sickle cell disorders,3,Rate,2015,2.05902554507,2.4589971913,1.71617209567
1,All Population,5,Prevalence,349,Greenland,3,Both,22,All ages,615,Sickle cell disorders,3,Rate,2016,0.49352370589,0.73682692474,0.33545298959
1,All Population,5,Prevalence,349,Greenland,3,Both,22,All ages,615,Sickle cell disorders,3,Rate,2018,0.48275122287,0.71909445631,0.33601568146
1,All Population,5,Prevalence,110,Dominica,3,Both,22,All ages,615,Sickle cell disorders,3,Rate,2015,40.72519606855,51.77634622053,31.57092608704
1,All Population,5,Prevalence,416,Tuvalu,3,Both,22,All ages,615,Sickle cell disorders,3,Rate,2017,0.016617336190000002,0.04349212389,0.00288765437
1,All Population,5,Prevalence,416,Tuvalu,3,Both,22,All ages,615,Sickle cell disorders,3,Rate,2018,0.01664652891,0.043304411609999996,0.00288762052
1,All Population,5,Prevalence,216,Senegal,3,Both,22,All ages,615,Sickle cell disorders,3,Rate,2016,281.88978830473,325.63536722416,247.02173780607998
1,All Population,5,Prevalence,305,Bermuda,3,Both,22,All ages,615,Sickle cell disorders,3,Rate,2018,23.0734443533,28.949958156759998,17.98032579993
1,All Population,5,Prevalence,129,Honduras,3,Both,22,All ages,615,Sickle cell disorders,3,Rate,2018,0.01871521563,0.03131102653,0.0105470309
1,All Population,5,Prevalence,194,Lesotho,3,Both,22,All ages,615,Sickle cell disorders,3,Rate,2016,0.69826195625,0.85682293678,0.5579134076400001
1,All Population,5,Prevalence,208,Guinea,3,Both,22,All ages,615,Sickle cell disorders,3,Rate,2016,946.86871237691,1084.93525369001,814.8000143420301
1,All Population,5,Prevalence,113,Guyana,3,Both,22,All ages,615,Sickle cell disorders,3,Rate,2018,52.485045437930005,66.84966312872,40.15395124088
1,All Population,5,Prevalence,195,Namibia,3,Both,22,All ages,615,Sickle cell disorders,3,Rate,2017,0.8197436185000001,1.02546927757,0.6436004935499999
1,All Population,5,Prevalence,376,Northern Mariana Islands,3,Both,22,All ages,615,Sickle cell disorders,3,Rate,2017,0.01604097682,0.04354247512,0.00374720652
1,All Population,5,Prevalence,144,Jordan,3,Both,22,All ages,615,Sickle cell disorders,3,Rate,2018,63.370297071219994,79.83143179213,50.05487941084999
1,All Population,5,Prevalence,207,Ghana,3,Both,22,All ages,615,Sickle cell disorders,3,Rate,2018,810.73223093397,887.5788975077099,745.40532257627
1,All Population,5,Prevalence,84,Ireland,3,Both,22,All ages,615,Sickle cell disorders,3,Rate,2015,4.25072826599,5.126465619199999,3.45792531938
1,All Population,5,Prevalence,92,Spain,3,Both,22,All ages,615,Sickle cell disorders,3,Rate,2018,4.14621283362,4.79813799975,3.58049670266
1,All Population,5,Prevalence,320,Cook Islands,3,Both,22,All ages,615,Sickle cell disorders,3,Rate,2015,0.01587239815,0.03229578346,0.0039480575
1,All Population,5,Prevalence,60,Lithuania,3,Both,22,All ages,615,Sickle cell disorders,3,Rate,2018,0.046290011199999995,0.058789891520000005,0.034852271069999996
1,All Population,5,Prevalence,75,Austria,3,Both,22,All ages,615,Sickle cell disorders,3,Rate,2018,3.9726675132700002,4.4050552195299995,3.58404343849
1,All Population,5,Prevalence,81,Germany,3,Both,22,All ages,615,Sickle cell disorders,3,Rate,2018,2.5124211308,2.92069643625,2.1764297306300002
1,All Population,5,Prevalence,176,Comoros,3,Both,22,All ages,615,Sickle cell disorders,3,Rate,2018,1.84807078783,2.4478778563000003,1.3479868135400002
1,All Population,5,Prevalence,45,Bulgaria,3,Both,22,All ages,615,Sickle cell disorders,3,Rate,2018,0.03507202013,0.04663129529,0.023364794339999998
1,All Population,5,Prevalence,92,Spain,3,Both,22,All ages,615,Sickle cell disorders,3,Rate,2017,4.18068025235,4.81630695688,3.6099236236500003
1,All Population,5,Prevalence,105,Antigua and Barbuda,3,Both,22,All ages,615,Sickle cell disorders,3,Rate,2018,35.15963739941,43.95589442287,27.447002873749998
1,All Population,5,Prevalence,209,Guinea-Bissau,3,Both,22,All ages,615,Sickle cell disorders,3,Rate,2016,27.89860845405,33.99364213189,23.57545635702
1,All Population,5,Prevalence,148,Morocco,3,Both,22,All ages,615,Sickle cell disorders,3,Rate,2017,10.83746389831,12.77498382249,8.91951039183
1,All Population,5,Prevalence,151,Qatar,3,Both,22,All ages,615,Sickle cell disorders,3,Rate,2016,65.53918299235,82.67495785564,51.36160202805
1,All Population,5,Prevalence,63,Ukraine,3,Both,22,All ages,615,Sickle cell disorders,3,Rate,2015,0.0231003629,0.03201407616,0.01592756284
1,All Population,5,Prevalence,74,Andorra,3,Both,22,All ages,615,Sickle cell disorders,3,Rate,2018,3.5538444284699997,4.29918558144,2.92364991779
1,All Population,5,Prevalence,157,Yemen,3,Both,22,All ages,615,Sickle cell disorders,3,Rate,2015,13.054597980830001,15.353392938159999,11.05283985751
1,All Population,5,Prevalence,27,Samoa,3,Both,22,All ages,615,Sickle cell disorders,3,Rate,2016,0.020045098889999998,0.05277045503,0.0041734188
1,All Population,5,Prevalence,13,Malaysia,3,Both,22,All ages,615,Sickle cell disorders,3,Rate,2018,0.03635165963,0.06495203779,0.02046598815
1,All Population,5,Prevalence,117,Saint Vincent and the Grenadines,3,Both,22,All ages,615,Sickle cell disorders,3,Rate,2019,42.72432655388,55.684057485800004,32.23392327816
1,All Population,5,Prevalence,98,Chile,3,Both,22,All ages,615,Sickle cell disorders,3,Rate,2018,0.32689172306,0.40345757224000006,0.26254304836000003
1,All Population,5,Prevalence,36,Kazakhstan,3,Both,22,All ages,615,Sickle cell disorders,3,Rate,2019,0.00967230273,0.01618367079,0.00404940993
1,All Population,5,Prevalence,87,Luxembourg,3,Both,22,All ages,615,Sickle cell disorders,3,Rate,2018,20.921877924140002,23.94700173187,18.51524060494
1,All Population,5,Prevalence,51,Poland,3,Both,22,All ages,615,Sickle cell disorders,3,Rate,2019,0.47444410157,0.6266202147,0.36177411298
1,All Population,5,Prevalence,113,Guyana,3,Both,22,All ages,615,Sickle cell disorders,3,Rate,2019,52.01014406317999,65.75829991056,39.485047519809996
1,All Population,5,Prevalence,143,Iraq,3,Both,22,All ages,615,Sickle cell disorders,3,Rate,2018,96.88512756425,109.66816628811,84.96755756594
1,All Population,5,Prevalence,8,Taiwan,3,Both,22,All ages,615,Sickle cell disorders,3,Rate,2015,1.89101698358,2.27722332292,1.54413611433
1,All Population,5,Prevalence,128,Guatemala,3,Both,22,All ages,615,Sickle cell disorders,3,Rate,2018,0.04734604483,0.07359686268,0.02956587741
1,All Population,5,Prevalence,211,Mali,3,Both,22,All ages,615,Sickle cell disorders,3,Rate,2018,322.53781256838,370.0076648209,285.17358415046
1,All Population,5,Prevalence,163,India,3,Both,22,All ages,615,Sickle cell disorders,3,Rate,2018,89.74572347651,118.45232788566999,68.36574701693
1,All Population,5,Prevalence,181,Madagascar,3,Both,22,All ages,615,Sickle cell disorders,3,Rate,2018,146.67132774892,176.40188115224,124.00535600765001
1,All Population,5,Prevalence,145,Kuwait,3,Both,22,All ages,615,Sickle cell disorders,3,Rate,2018,34.23229039289,40.85785940679,27.886886878749998
1,All Population,5,Prevalence,62,Russian Federation,3,Both,22,All ages,615,Sickle cell disorders,3,Rate,2019,0.02211001319,0.030422588159999996,0.015118258510000001
1,All Population,5,Prevalence,135,Brazil,3,Both,22,All ages,615,Sickle cell disorders,3,Rate,2018,8.50152337959,9.45254663932,7.62744207415
1,All Population,5,Prevalence,141,Egypt,3,Both,22,All ages,615,Sickle cell disorders,3,Rate,2016,101.07037052168,115.22016076579,87.67487757795999
1,All Population,5,Prevalence,200,Benin,3,Both,22,All ages,615,Sickle cell disorders,3,Rate,2015,1350.8325635973401,1581.1496201990099,1130.70794009822
1,All Population,5,Prevalence,59,Latvia,3,Both,22,All ages,615,Sickle cell disorders,3,Rate,2018,0.031076834310000002,0.04146468089,0.021987615909999998
1,All Population,5,Prevalence,92,Spain,3,Both,22,All ages,615,Sickle cell disorders,3,Rate,2015,4.23909726208,4.89443962143,3.6487257464500003
1,All Population,5,Prevalence,186,Seychelles,3,Both,22,All ages,615,Sickle cell disorders,3,Rate,2015,0.035008283200000004,0.06062166654,0.02054715357
1,All Population,5,Prevalence,44,Bosnia and Herzegovina,3,Both,22,All ages,615,Sickle cell disorders,3,Rate,2018,0.03997003693,0.056110688060000004,0.02709073799
1,All Population,5,Prevalence,349,Greenland,3,Both,22,All ages,615,Sickle cell disorders,3,Rate,2014,0.50047844353,0.74096477047,0.33690928108
1,All Population,5,Prevalence,106,Bahamas,3,Both,22,All ages,615,Sickle cell disorders,3,Rate,2018,69.53455563186999,88.17455887066001,53.852981941070006
1,All Population,5,Prevalence,10,Cambodia,3,Both,22,All ages,615,Sickle cell disorders,3,Rate,2018,0.035593911160000005,0.060616627580000006,0.01849167618
1,All Population,5,Prevalence,175,Burundi,3,Both,22,All ages,615,Sickle cell disorders,3,Rate,2018,25.48275582745,32.160005728499996,20.89849405607
1,All Population,5,Prevalence,12,Lao People's Democratic Republic,3,Both,22,All ages,615,Sickle cell disorders,3,Rate,2016,0.03671061959,0.062161361869999994,0.01926006922
1,All Population,5,Prevalence,160,Afghanistan,3,Both,22,All ages,615,Sickle cell disorders,3,Rate,2018,82.72561826301,103.76467453359,64.64182885548
1,All Population,5,Prevalence,55,Slovenia,3,Both,22,All ages,615,Sickle cell disorders,3,Rate,2018,0.07745961877999999,0.09956085376,0.06023717192
1,All Population,5,Prevalence,114,Haiti,3,Both,22,All ages,615,Sickle cell disorders,3,Rate,2016,121.36787436325,139.85385130168,102.20420265988
1,All Population,5,Prevalence,146,Lebanon,3,Both,22,All ages,615,Sickle cell disorders,3,Rate,2019,45.74938155089,55.299190671729995,37.71339420602
1,All Population,5,Prevalence,194,Lesotho,3,Both,22,All ages,615,Sickle cell disorders,3,Rate,2015,0.70553988194,0.8750325738600001,0.56091764321
1,All Population,5,Prevalence,161,Bangladesh,3,Both,22,All ages,615,Sickle cell disorders,3,Rate,2018,0.25834964787,0.34047892712,0.19668197665
1,All Population,5,Prevalence,190,Uganda,3,Both,22,All ages,615,Sickle cell disorders,3,Rate,2018,244.60376039894,284.58471551037997,208.75961140293998
1,All Population,5,Prevalence,367,Monaco,3,Both,22,All ages,615,Sickle cell disorders,3,Rate,2018,3.04035122548,3.71542569582,2.48916248022
1,All Population,5,Prevalence,26,Papua New Guinea,3,Both,22,All ages,615,Sickle cell disorders,3,Rate,2018,0.01874259618,0.05081027219,0.00329290685
1,All Population,5,Prevalence,161,Bangladesh,3,Both,22,All ages,615,Sickle cell disorders,3,Rate,2019,0.25430381665999996,0.33876451667,0.19209021516
1,All Population,5,Prevalence,374,Niue,3,Both,22,All ages,615,Sickle cell disorders,3,Rate,2015,0.014739091099999999,0.0400797635,0.00310511469
1,All Population,5,Prevalence,197,Eswatini,3,Both,22,All ages,615,Sickle cell disorders,3,Rate,2016,0.8089290460099999,1.00424290556,0.63512942739
1,All Population,5,Prevalence,139,Algeria,3,Both,22,All ages,615,Sickle cell disorders,3,Rate,2018,9.72016909298,11.29912903057,7.9932206606000005
1,All Population,5,Prevalence,422,United States Virgin Islands,3,Both,22,All ages,615,Sickle cell disorders,3,Rate,2016,32.02372795132,40.16797803383,24.866072708489998
1,All Population,5,Prevalence,413,Tokelau,3,Both,22,All ages,615,Sickle cell disorders,3,Rate,2015,0.017890043180000002,0.04766354085,0.0040518407
1,All Population,5,Prevalence,122,Ecuador,3,Both,22,All ages,615,Sickle cell disorders,3,Rate,2018,3.89612706016,4.2286256221,3.57794061228
1,All Population,5,Prevalence,78,Denmark,3,Both,22,All ages,615,Sickle cell disorders,3,Rate,2016,5.33100057244,6.19688092005,4.51706644559
1,All Population,5,Prevalence,14,Maldives,3,Both,22,All ages,615,Sickle cell disorders,3,Rate,2018,0.03243610685,0.05957422558,0.01609243167
1,All Population,5,Prevalence,155,Türkiye,3,Both,22,All ages,615,Sickle cell disorders,3,Rate,2016,13.42191500319,15.44053696394,11.756939436040001
1,All Population,5,Prevalence,99,Uruguay,3,Both,22,All ages,615,Sickle cell disorders,3,Rate,2016,0.05536928756,0.07921317036,0.0360121821
1,All Population,5,Prevalence,435,South Sudan,3,Both,22,All ages,615,Sickle cell disorders,3,Rate,2018,10.59996802368,13.5974223787,8.43501871173
1,All Population,5,Prevalence,27,Samoa,3,Both,22,All ages,615,Sickle cell disorders,3,Rate,2018,0.020031238150000002,0.05272113657000001,0.0042406395500000004
1,All Population,5,Prevalence,119,Trinidad and Tobago,3,Both,22,All ages,615,Sickle cell disorders,3,Rate,2016,40.41142039559,51.06842114528,32.02465426315
1,All Population,5,Prevalence,49,North Macedonia,3,Both,22,All ages,615,Sickle cell disorders,3,Rate,2015,0.049741408019999996,0.06617976108000001,0.03477259244
1,All Population,5,Prevalence,169,Central African Republic,3,Both,22,All ages,615,Sickle cell disorders,3,Rate,2018,394.39505421685,470.11338670639003,334.50329329667
1,All Population,5,Prevalence,111,Dominican Republic,3,Both,22,All ages,615,Sickle cell disorders,3,Rate,2016,75.16321256280999,88.53189836138,61.08941117951
1,All Population,5,Prevalence,49,North Macedonia,3,Both,22,All ages,615,Sickle cell disorders,3,Rate,2016,0.04930108883,0.06442719108,0.03454458884
1,All Population,5,Prevalence,15,Myanmar,3,Both,22,All ages,615,Sickle cell disorders,3,Rate,2016,0.031776944749999994,0.055513352259999996,0.016821418969999998
1,All Population,5,Prevalence,75,Austria,3,Both,22,All ages,615,Sickle cell disorders,3,Rate,2019,4.05153768068,4.47635229493,3.66995706527
1,All Population,5,Prevalence,121,Bolivia (Plurinational State of),3,Both,22,All ages,615,Sickle cell disorders,3,Rate,2018,4.06895810027,5.2551146719499995,3.1679801548800004
1,All Population,5,Prevalence,29,Tonga,3,Both,22,All ages,615,Sickle cell disorders,3,Rate,2018,0.02003314143,0.05540917954,0.00439178006
1,All Population,5,Prevalence,63,Ukraine,3,Both,22,All ages,615,Sickle cell disorders,3,Rate,2019,0.02192717077,0.03100286531,0.01511866294
1,All Population,5,Prevalence,50,Montenegro,3,Both,22,All ages,615,Sickle cell disorders,3,Rate,2017,0.048066671469999996,0.06514421745,0.03312415215
1,All Population,5,Prevalence,78,Denmark,3,Both,22,All ages,615,Sickle cell disorders,3,Rate,2017,5.310799998719999,6.1759991995600005,4.52569558194
1,All Population,5,Prevalence,118,Suriname,3,Both,22,All ages,615,Sickle cell disorders,3,Rate,2017,48.11620459744,61.39208451296,37.33954915962
1,All Population,5,Prevalence,11,Indonesia,3,Both,22,All ages,615,Sickle cell disorders,3,Rate,2019,0.03582282897,0.05910774307,0.019819995400000002
1,All Population,5,Prevalence,41,Uzbekistan,3,Both,22,All ages,615,Sickle cell disorders,3,Rate,2018,0.00971281422,0.01537247673,0.00401243001
1,All Population,5,Prevalence,30,Vanuatu,3,Both,22,All ages,615,Sickle cell disorders,3,Rate,2016,0.01996461523,0.05161928606,0.00401272889
1,All Population,5,Prevalence,126,Costa Rica,3,Both,22,All ages,615,Sickle cell disorders,3,Rate,2017,0.03665356324,0.059573824309999995,0.01912891627
1,All Population,5,Prevalence,173,Gabon,3,Both,22,All ages,615,Sickle cell disorders,3,Rate,2018,394.57070000075,484.8776786235,332.84923508943
1,All Population,5,Prevalence,186,Seychelles,3,Both,22,All ages,615,Sickle cell disorders,3,Rate,2018,0.03451829728,0.060918877110000005,0.02049119272
1,All Population,5,Prevalence,153,Syrian Arab Republic,3,Both,22,All ages,615,Sickle cell disorders,3,Rate,2018,10.166488543749999,11.72684847734,8.46979020088
1,All Population,5,Prevalence,136,Paraguay,3,Both,22,All ages,615,Sickle cell disorders,3,Rate,2018,12.49507257182,15.13941257319,10.34095758689
1,All Population,5,Prevalence,89,Netherlands,3,Both,22,All ages,615,Sickle cell disorders,3,Rate,2018,0.43512135792999995,0.55068931615,0.35933878374
1,All Population,5,Prevalence,59,Latvia,3,Both,22,All ages,615,Sickle cell disorders,3,Rate,2019,0.03081208014,0.04141495323,0.02166450877
1,All Population,5,Prevalence,22,Fiji,3,Both,22,All ages,615,Sickle cell disorders,3,Rate,2019,0.01709226554,0.044449077919999996,0.00337722975
1,All Population,5,Prevalence,39,Tajikistan,3,Both,22,All ages,615,Sickle cell disorders,3,Rate,2019,0.01055846943,0.01975959406,0.00396766226
1,All Population,5,Prevalence,152,Saudi Arabia,3,Both,22,All ages,615,Sickle cell disorders,3,Rate,2018,321.43566912493,384.8153897994,263.99559336214
1,All Population,5,Prevalence,17,Sri Lanka,3,Both,22,All ages,615,Sickle cell disorders,3,Rate,2017,0.03418823051,0.060408480679999994,0.01964845947
1,All Population,5,Prevalence,180,Kenya,3,Both,22,All ages,615,Sickle cell disorders,3,Rate,2016,512.6974457865,670.20352563926,403.83757102088
1,All Population,5,Prevalence,376,Northern Mariana Islands,3,Both,22,All ages,615,Sickle cell disorders,3,Rate,2018,0.01593502195,0.043257478169999995,0.00372854898
1,All Population,5,Prevalence,193,Botswana,3,Both,22,All ages,615,Sickle cell disorders,3,Rate,2018,17.51117518454,20.70621528813,14.74162630383
1,All Population,5,Prevalence,369,Nauru,3,Both,22,All ages,615,Sickle cell disorders,3,Rate,2015,0.01944795571,0.05182395526,0.00372702601
1,All Population,5,Prevalence,206,Gambia,3,Both,22,All ages,615,Sickle cell disorders,3,Rate,2018,313.06327677001997,362.65666124711004,270.74309287325
1,All Population,5,Prevalence,79,Finland,3,Both,22,All ages,615,Sickle cell disorders,3,Rate,2017,4.57185112092,5.3242047145499996,3.8960100065
1,All Population,5,Prevalence,185,Rwanda,3,Both,22,All ages,615,Sickle cell disorders,3,Rate,2015,8.20216209271,10.29076992564,6.7027175041
1,All Population,5,Prevalence,202,Cameroon,3,Both,22,All ages,615,Sickle cell disorders,3,Rate,2016,412.67765348496994,477.27784578101,352.34696845972
1,All Population,5,Prevalence,178,Eritrea,3,Both,22,All ages,615,Sickle cell disorders,3,Rate,2017,9.06182324772,11.832742265990001,7.200720942459999
1,All Population,5,Prevalence,178,Eritrea,3,Both,22,All ages,615,Sickle cell disorders,3,Rate,2015,9.14601491395,11.86693696822,7.2839587861899995
1,All Population,5,Prevalence,149,Palestine,3,Both,22,All ages,615,Sickle cell disorders,3,Rate,2017,65.81798386178001,82.5168461826,51.34170748273
1,All Population,5,Prevalence,217,Sierra Leone,3,Both,22,All ages,615,Sickle cell disorders,3,Rate,2016,1183.37125261655,1362.0082195209,1025.71156523091
1,All Population,5,Prevalence,196,South Africa,3,Both,22,All ages,615,Sickle cell disorders,3,Rate,2016,0.29085257748,0.37403118559,0.21626967444999998
1,All Population,5,Prevalence,93,Sweden,3,Both,22,All ages,615,Sickle cell disorders,3,Rate,2018,4.2253593972,5.20939757691,3.4247060020399998
1,All Population,5,Prevalence,140,Bahrain,3,Both,22,All ages,615,Sickle cell disorders,3,Rate,2018,665.36130900211,828.04435070608,520.3452874956901
1,All Population,5,Prevalence,93,Sweden,3,Both,22,All ages,615,Sickle cell disorders,3,Rate,2016,4.05791398581,4.99197725444,3.3027521651100002
1,All Population,5,Prevalence,214,Nigeria,3,Both,22,All ages,615,Sickle cell disorders,3,Rate,2018,1138.39922425504,1424.41742264879,937.0942959105699
1,All Population,5,Prevalence,396,San Marino,3,Both,22,All ages,615,Sickle cell disorders,3,Rate,2015,3.3226437045900004,4.0243794431,2.72640072935
1,All Population,5,Prevalence,218,Togo,3,Both,22,All ages,615,Sickle cell disorders,3,Rate,2016,967.90711529416,1091.97942852129,865.6967169497
1,All Population,5,Prevalence,185,Rwanda,3,Both,22,All ages,615,Sickle cell disorders,3,Rate,2018,7.973713741470001,10.00848355334,6.52735454137
1,All Population,5,Prevalence,396,San Marino,3,Both,22,All ages,615,Sickle cell disorders,3,Rate,2014,3.3483888701200004,4.04905283586,2.75627980228
1,All Population,5,Prevalence,140,Bahrain,3,Both,22,All ages,615,Sickle cell disorders,3,Rate,2017,668.92994447827,834.00080402155,525.3792700943201
1,All Population,5,Prevalence,22,Fiji,3,Both,22,All ages,615,Sickle cell disorders,3,Rate,2017,0.01712030705,0.04450799247,0.0033572488100000004
1,All Population,5,Prevalence,11,Indonesia,3,Both,22,All ages,615,Sickle cell disorders,3,Rate,2017,0.03665665182,0.06101278666,0.019932207690000002
1,All Population,5,Prevalence,153,Syrian Arab Republic,3,Both,22,All ages,615,Sickle cell disorders,3,Rate,2017,10.33400842814,11.91713036686,8.60614041962
1,All Population,5,Prevalence,184,Mozambique,3,Both,22,All ages,615,Sickle cell disorders,3,Rate,2017,6.456545760329999,7.67504825329,5.52008232281
1,All Population,5,Prevalence,213,Niger,3,Both,22,All ages,615,Sickle cell disorders,3,Rate,2018,604.46291035891,714.28323651942,529.39075054019
1,All Population,5,Prevalence,201,Burkina Faso,3,Both,22,All ages,615,Sickle cell disorders,3,Rate,2018,1267.81424334961,1402.86224845993,1148.1136978111201
1,All Population,5,Prevalence,168,Angola,3,Both,22,All ages,615,Sickle cell disorders,3,Rate,2018,554.69652089281,674.13537773297,459.77796953817
1,All Population,5,Prevalence,50,Montenegro,3,Both,22,All ages,615,Sickle cell disorders,3,Rate,2018,0.046903545569999996,0.06381328266,0.03243386755
1,All Population,5,Prevalence,385,Puerto Rico,3,Both,22,All ages,615,Sickle cell disorders,3,Rate,2018,24.978630879700003,31.45502884022,19.1358787109
1,All Population,5,Prevalence,210,Liberia,3,Both,22,All ages,615,Sickle cell disorders,3,Rate,2016,179.07529446622002,207.3578249164,154.56256825592
1,All Population,5,Prevalence,130,Mexico,3,Both,22,All ages,615,Sickle cell disorders,3,Rate,2017,0.8949775429000001,1.21396125954,0.6590574619499999
1,All Population,5,Prevalence,119,Trinidad and Tobago,3,Both,22,All ages,615,Sickle cell disorders,3,Rate,2017,39.69902186435,50.09339814675,31.23782297383
1,All Population,5,Prevalence,191,Zambia,3,Both,22,All ages,615,Sickle cell disorders,3,Rate,2016,317.42877364815,398.85052152844,271.25013852763
1,All Population,5,Prevalence,179,Ethiopia,3,Both,22,All ages,615,Sickle cell disorders,3,Rate,2015,1.48547001273,1.99217517426,1.13037198005
1,All Population,5,Prevalence,197,Eswatini,3,Both,22,All ages,615,Sickle cell disorders,3,Rate,2017,0.7974909765300001,0.98590471126,0.6191440439
1,All Population,5,Prevalence,23,Kiribati,3,Both,22,All ages,615,Sickle cell disorders,3,Rate,2019,0.01776971086,0.04574572151,0.0035009207099999996
1,All Population,5,Prevalence,10,Cambodia,3,Both,22,All ages,615,Sickle cell disorders,3,Rate,2019,0.03534998193,0.06004248195,0.018332778719999998
1,All Population,5,Prevalence,203,Cabo Verde,3,Both,22,All ages,615,Sickle cell disorders,3,Rate,2015,52.17959847877,63.225413214679996,42.75595637216
1,All Population,5,Prevalence,123,Peru,3,Both,22,All ages,615,Sickle cell disorders,3,Rate,2016,3.64671195197,4.6293700828399995,2.81307871193
1,All Population,5,Prevalence,216,Senegal,3,Both,22,All ages,615,Sickle cell disorders,3,Rate,2015,282.33821027552,325.64014446133,247.05006872753
1,All Population,5,Prevalence,349,Greenland,3,Both,22,All ages,615,Sickle cell disorders,3,Rate,2015,0.49759137724999997,0.73610159709,0.33106429635999995
1,All Population,5,Prevalence,163,India,3,Both,22,All ages,615,Sickle cell disorders,3,Rate,2017,91.10122955869,120.1827472589,69.66267270167
1,All Population,5,Prevalence,374,Niue,3,Both,22,All ages,615,Sickle cell disorders,3,Rate,2016,0.014660083229999999,0.03961071788,0.0030940309199999996
1,All Population,5,Prevalence,52,Romania,3,Both,22,All ages,615,Sickle cell disorders,3,Rate,2019,0.10225576172,0.13527219012,0.07773978889
1,All Population,5,Prevalence,67,Japan,3,Both,22,All ages,615,Sickle cell disorders,3,Rate,2019,0.038679463430000005,0.06071918912,0.02608086518
1,All Population,5,Prevalence,146,Lebanon,3,Both,22,All ages,615,Sickle cell disorders,3,Rate,2016,46.645722609539995,56.26011738732001,38.3442442642
1,All Population,5,Prevalence,185,Rwanda,3,Both,22,All ages,615,Sickle cell disorders,3,Rate,2016,8.13892772633,10.1925566345,6.67071986599
1,All Population,5,Prevalence,84,Ireland,3,Both,22,All ages,615,Sickle cell disorders,3,Rate,2017,4.19237436126,5.01857921839,3.43929503399
1,All Population,5,Prevalence,139,Algeria,3,Both,22,All ages,615,Sickle cell disorders,3,Rate,2017,9.78999942678,11.41935887704,8.05548547622
1,All Population,5,Prevalence,171,Democratic Republic of the Congo,3,Both,22,All ages,615,Sickle cell disorders,3,Rate,2017,705.64874212112,817.1753164998901,598.08414082601
1,All Population,5,Prevalence,198,Zimbabwe,3,Both,22,All ages,615,Sickle cell disorders,3,Rate,2018,5.76076610857,7.1102896284499995,4.63144199009
1,All Population,5,Prevalence,94,Switzerland,3,Both,22,All ages,615,Sickle cell disorders,3,Rate,2017,11.06440158737,12.14917150765,10.1040917159
1,All Population,5,Prevalence,49,North Macedonia,3,Both,22,All ages,615,Sickle cell disorders,3,Rate,2017,0.04875477768000001,0.06366634298,0.03426471725
1,All Population,5,Prevalence,15,Myanmar,3,Both,22,All ages,615,Sickle cell disorders,3,Rate,2015,0.03183456569,0.056056264099999996,0.01685329905
1,All Population,5,Prevalence,209,Guinea-Bissau,3,Both,22,All ages,615,Sickle cell disorders,3,Rate,2018,26.971569363180002,32.75238394261,22.54724059019
1,All Population,5,Prevalence,320,Cook Islands,3,Both,22,All ages,615,Sickle cell disorders,3,Rate,2018,0.01545212261,0.031634021729999996,0.00384701743
1,All Population,5,Prevalence,86,Italy,3,Both,22,All ages,615,Sickle cell disorders,3,Rate,2015,4.50959391764,5.07011151605,4.04728647302
1,All Population,5,Prevalence,150,Oman,3,Both,22,All ages,615,Sickle cell disorders,3,Rate,2017,273.56347484076,321.0248883156,220.95265193536
1,All Population,5,Prevalence,170,Congo,3,Both,22,All ages,615,Sickle cell disorders,3,Rate,2016,268.36830045483003,311.32245405619,228.99744517929003
1,All Population,5,Prevalence,39,Tajikistan,3,Both,22,All ages,615,Sickle cell disorders,3,Rate,2017,0.010790726,0.01989455977,0.003983482050000001
1,All Population,5,Prevalence,88,Malta,3,Both,22,All ages,615,Sickle cell disorders,3,Rate,2019,5.5873643993,6.72733288444,4.63703707107
1,All Population,5,Prevalence,393,Saint Kitts and Nevis,3,Both,22,All ages,615,Sickle cell disorders,3,Rate,2018,36.63269391371,47.054227330660005,27.92434771577
1,All Population,5,Prevalence,184,Mozambique,3,Both,22,All ages,615,Sickle cell disorders,3,Rate,2016,6.48697961265,7.67396312964,5.55905925369
1,All Population,5,Prevalence,177,Djibouti,3,Both,22,All ages,615,Sickle cell disorders,3,Rate,2016,7.98343228803,10.236258934110001,6.245632446439999
1,All Population,5,Prevalence,10,Cambodia,3,Both,22,All ages,615,Sickle cell disorders,3,Rate,2015,0.036440999939999996,0.06301982574000001,0.019218428630000003
1,All Population,5,Prevalence,369,Nauru,3,Both,22,All ages,615,Sickle cell disorders,3,Rate,2016,0.01934055905,0.051303073090000005,0.00368728433
1,All Population,5,Prevalence,38,Mongolia,3,Both,22,All ages,615,Sickle cell disorders,3,Rate,2019,0.009735816480000001,0.01674725239,0.00389667621
1,All Population,5,Prevalence,191,Zambia,3,Both,22,All ages,615,Sickle cell disorders,3,Rate,2018,313.39101497329,392.22301626163005,267.84770432009003
1,All Population,5,Prevalence,177,Djibouti,3,Both,22,All ages,615,Sickle cell disorders,3,Rate,2017,7.93785205128,10.17240683079,6.213529834270001
1,All Population,5,Prevalence,8,Taiwan,3,Both,22,All ages,615,Sickle cell disorders,3,Rate,2017,1.84905457916,2.1990996388,1.51574087954
1,All Population,5,Prevalence,211,Mali,3,Both,22,All ages,615,Sickle cell disorders,3,Rate,2016,324.28600074921,373.24178591598,286.35500542187003
1,All Population,5,Prevalence,69,Singapore,3,Both,22,All ages,615,Sickle cell disorders,3,Rate,2017,0.09225310121,0.11839759930999999,0.06831826109
1,All Population,5,Prevalence,115,Jamaica,3,Both,22,All ages,615,Sickle cell disorders,3,Rate,2019,96.40808307559,108.14753232669999,84.48045351654
1,All Population,5,Prevalence,112,Grenada,3,Both,22,All ages,615,Sickle cell disorders,3,Rate,2019,40.76310821944,52.5405510465,31.68748326722
1,All Population,5,Prevalence,209,Guinea-Bissau,3,Both,22,All ages,615,Sickle cell disorders,3,Rate,2017,27.46803680181,33.3468759484,23.123128653840002
1,All Population,5,Prevalence,99,Uruguay,3,Both,22,All ages,615,Sickle cell disorders,3,Rate,2019,0.05327916545,0.0762717086,0.03538742862
1,All Population,5,Prevalence,82,Greece,3,Both,22,All ages,615,Sickle cell disorders,3,Rate,2019,18.70069923,20.97037051238,16.53253439815
1,All Population,5,Prevalence,215,Sao Tome and Principe,3,Both,22,All ages,615,Sickle cell disorders,3,Rate,2015,523.1625065483599,632.03818762686,419.78582555215
1,All Population,5,Prevalence,140,Bahrain,3,Both,22,All ages,615,Sickle cell disorders,3,Rate,2016,672.55194288106,842.08335274552,527.63126018755
1,All Population,5,Prevalence,189,United Republic of Tanzania,3,Both,22,All ages,615,Sickle cell disorders,3,Rate,2016,265.4770805987,306.8087010445,225.51573693806
1,All Population,5,Prevalence,157,Yemen,3,Both,22,All ages,615,Sickle cell disorders,3,Rate,2016,12.996363267889999,15.174533253060002,11.04308222922
1,All Population,5,Prevalence,147,Libya,3,Both,22,All ages,615,Sickle cell disorders,3,Rate,2018,243.69704263502,287.52191226966,202.33984760771
1,All Population,5,Prevalence,83,Iceland,3,Both,22,All ages,615,Sickle cell disorders,3,Rate,2019,2.92031769924,3.6296175096,2.32955951783
1,All Population,5,Prevalence,119,Trinidad and Tobago,3,Both,22,All ages,615,Sickle cell disorders,3,Rate,2019,38.06026532531,48.29508423371,29.540822979659996
1,All Population,5,Prevalence,193,Botswana,3,Both,22,All ages,615,Sickle cell disorders,3,Rate,2015,17.92235147355,21.376352218460003,15.10312933711
1,All Population,5,Prevalence,53,Serbia,3,Both,22,All ages,615,Sickle cell disorders,3,Rate,2019,0.00761302581,0.015187592599999999,0.0035047108899999998
1,All Population,5,Prevalence,91,Portugal,3,Both,22,All ages,615,Sickle cell disorders,3,Rate,2017,14.640742781499998,17.6658977763,12.239439734700001
1,All Population,5,Prevalence,522,Sudan,3,Both,22,All ages,615,Sickle cell disorders,3,Rate,2018,500.16059570808,595.27511073891,416.23322500463
1,All Population,5,Prevalence,108,Belize,3,Both,22,All ages,615,Sickle cell disorders,3,Rate,2017,65.03309849583,82.66528355202999,51.130754860559996
1,All Population,5,Prevalence,203,Cabo Verde,3,Both,22,All ages,615,Sickle cell disorders,3,Rate,2017,51.053689290870004,61.53565492422,42.12556175196
1,All Population,5,Prevalence,148,Morocco,3,Both,22,All ages,615,Sickle cell disorders,3,Rate,2019,10.68492614752,12.571978164099999,8.76844050697
1,All Population,5,Prevalence,163,India,3,Both,22,All ages,615,Sickle cell disorders,3,Rate,2016,92.45375280207,122.02022891709,70.83993235334
1,All Population,5,Prevalence,163,India,3,Both,22,All ages,615,Sickle cell disorders,3,Rate,2019,88.38594613231,116.79985348302,67.50006523743001
1,All Population,5,Prevalence,57,Belarus,3,Both,22,All ages,615,Sickle cell disorders,3,Rate,2019,0.022468135929999997,0.03308614665,0.01365895662
1,All Population,5,Prevalence,208,Guinea,3,Both,22,All ages,615,Sickle cell disorders,3,Rate,2015,947.76788123831,1083.02681520074,813.7065206605299
1,All Population,5,Prevalence,57,Belarus,3,Both,22,All ages,615,Sickle cell disorders,3,Rate,2018,0.02270977252,0.03331071798,0.01405088295
1,All Population,5,Prevalence,98,Chile,3,Both,22,All ages,615,Sickle cell disorders,3,Rate,2019,0.32435024165,0.40001838853,0.25924294934
1,All Population,5,Prevalence,211,Mali,3,Both,22,All ages,615,Sickle cell disorders,3,Rate,2015,324.89744120513,374.88936617146,285.54598179049
1,All Population,5,Prevalence,129,Honduras,3,Both,22,All ages,615,Sickle cell disorders,3,Rate,2019,0.01868204715,0.030703531350000004,0.01029838059
1,All Population,5,Prevalence,202,Cameroon,3,Both,22,All ages,615,Sickle cell disorders,3,Rate,2015,413.28609764924005,477.44596121473995,349.95312654776
1,All Population,5,Prevalence,77,Cyprus,3,Both,22,All ages,615,Sickle cell disorders,3,Rate,2016,12.7759787071,14.522786974350002,11.091422224799999
1,All Population,5,Prevalence,94,Switzerland,3,Both,22,All ages,615,Sickle cell disorders,3,Rate,2015,11.04439296179,12.09841652318,10.13321029576
1,All Population,5,Prevalence,141,Egypt,3,Both,22,All ages,615,Sickle cell disorders,3,Rate,2018,100.26366455655,113.35539494648,85.45678165791
1,All Population,5,Prevalence,213,Niger,3,Both,22,All ages,615,Sickle cell disorders,3,Rate,2017,606.00718657934,715.32759840882,530.53301855104
1,All Population,5,Prevalence,101,Canada,3,Both,22,All ages,615,Sickle cell disorders,3,Rate,2017,0.46831757067,0.59812478156,0.37639209054
1,All Population,5,Prevalence,12,Lao People's Democratic Republic,3,Both,22,All ages,615,Sickle cell disorders,3,Rate,2018,0.036112275220000004,0.06095208833,0.01891926441
1,All Population,5,Prevalence,189,United Republic of Tanzania,3,Both,22,All ages,615,Sickle cell disorders,3,Rate,2015,266.58689606097,308.10144330224,226.99986842334997
1,All Population,5,Prevalence,204,Chad,3,Both,22,All ages,615,Sickle cell disorders,3,Rate,2019,109.71693389158999,127.36592844261,93.54884202155
1,All Population,5,Prevalence,162,Bhutan,3,Both,22,All ages,615,Sickle cell disorders,3,Rate,2018,0.22799237114999998,0.29329328701,0.17383205535000001
1,All Population,5,Prevalence,177,Djibouti,3,Both,22,All ages,615,Sickle cell disorders,3,Rate,2018,7.89009693838,10.138135370939999,6.17948183371
1,All Population,5,Prevalence,6,China,3,Both,22,All ages,615,Sickle cell disorders,3,Rate,2019,1.51927256624,1.9122930099,1.1818969991600001
1,All Population,5,Prevalence,17,Sri Lanka,3,Both,22,All ages,615,Sickle cell disorders,3,Rate,2016,0.03465157166,0.061472483779999997,0.02007457554
1,All Population,5,Prevalence,77,Cyprus,3,Both,22,All ages,615,Sickle cell disorders,3,Rate,2019,12.4453195829,14.077718617139999,10.823831662729999
1,All Population,5,Prevalence,25,Micronesia (Federated States of),3,Both,22,All ages,615,Sickle cell disorders,3,Rate,2017,0.0176949348,0.04678534403,0.00351356387
1,All Population,5,Prevalence,97,Argentina,3,Both,22,All ages,615,Sickle cell disorders,3,Rate,2017,0.060641093550000004,0.08517022586,0.0413948336
1,All Population,5,Prevalence,144,Jordan,3,Both,22,All ages,615,Sickle cell disorders,3,Rate,2019,62.89433566927,80.19386199184,49.8249371201
1,All Population,5,Prevalence,80,France,3,Both,22,All ages,615,Sickle cell disorders,3,Rate,2016,10.15018246572,11.80154724039,8.61562865118
1,All Population,5,Prevalence,91,Portugal,3,Both,22,All ages,615,Sickle cell disorders,3,Rate,2018,14.543721728529999,17.61119004688,12.181325555499999
1,All Population,5,Prevalence,41,Uzbekistan,3,Both,22,All ages,615,Sickle cell disorders,3,Rate,2015,0.00972801969,0.01675959866,0.00393897495
1,All Population,5,Prevalence,180,Kenya,3,Both,22,All ages,615,Sickle cell disorders,3,Rate,2019,497.85666577499995,650.90984372697,390.28311628143996
1,All Population,5,Prevalence,176,Comoros,3,Both,22,All ages,615,Sickle cell disorders,3,Rate,2019,1.8316242362900002,2.4221579757100002,1.3453150919099999
1,All Population,5,Prevalence,367,Monaco,3,Both,22,All ages,615,Sickle cell disorders,3,Rate,2019,3.0287517195700002,3.70396185751,2.47759337756
1,All Population,5,Prevalence,74,Andorra,3,Both,22,All ages,615,Sickle cell disorders,3,Rate,2019,3.5029640620299998,4.25142166564,2.88881849557
1,All Population,5,Prevalence,155,Türkiye,3,Both,22,All ages,615,Sickle cell disorders,3,Rate,2018,13.283486129789999,15.188954262989999,11.70499206982
1,All Population,5,Prevalence,61,Republic of Moldova,3,Both,22,All ages,615,Sickle cell disorders,3,Rate,2019,0.020806849590000003,0.02951181943,0.013641281020000002
1,All Population,5,Prevalence,185,Rwanda,3,Both,22,All ages,615,Sickle cell disorders,3,Rate,2017,8.059557391890001,10.08592417521,6.60222650267
1,All Population,5,Prevalence,125,Colombia,3,Both,22,All ages,615,Sickle cell disorders,3,Rate,2017,0.38111379653,0.45165425532000003,0.31280048885
1,All Population,5,Prevalence,16,Philippines,3,Both,22,All ages,615,Sickle cell disorders,3,Rate,2017,0.04266615595,0.07078471195,0.02397963807
1,All Population,5,Prevalence,72,New Zealand,3,Both,22,All ages,615,Sickle cell disorders,3,Rate,2019,1.01053359183,1.2164916976,0.84468412229
1,All Population,5,Prevalence,182,Malawi,3,Both,22,All ages,615,Sickle cell disorders,3,Rate,2018,29.193572323700003,35.44620979689,24.70011508017
1,All Population,5,Prevalence,171,Democratic Republic of the Congo,3,Both,22,All ages,615,Sickle cell disorders,3,Rate,2018,703.96768269587,811.83397898984,595.60622117773
1,All Population,5,Prevalence,298,American Samoa,3,Both,22,All ages,615,Sickle cell disorders,3,Rate,2018,0.01843646164,0.04941672282,0.004145722829999999
1,All Population,5,Prevalence,122,Ecuador,3,Both,22,All ages,615,Sickle cell disorders,3,Rate,2019,3.91250746744,4.257333951180001,3.58042222044
1,All Population,5,Prevalence,413,Tokelau,3,Both,22,All ages,615,Sickle cell disorders,3,Rate,2017,0.0176702002,0.0468792626,0.00398993234
1,All Population,5,Prevalence,109,Cuba,3,Both,22,All ages,615,Sickle cell disorders,3,Rate,2019,12.2418992303,14.888552371400001,9.96983900463
1,All Population,5,Prevalence,154,Tunisia,3,Both,22,All ages,615,Sickle cell disorders,3,Rate,2017,57.27054244134,71.30444658378,45.41511508117
1,All Population,5,Prevalence,154,Tunisia,3,Both,22,All ages,615,Sickle cell disorders,3,Rate,2018,56.70733513086,70.331373824,44.98571366659
1,All Population,5,Prevalence,43,Albania,3,Both,22,All ages,615,Sickle cell disorders,3,Rate,2019,0.06330735696999999,0.08121805302,0.04903715513
1,All Population,5,Prevalence,200,Benin,3,Both,22,All ages,615,Sickle cell disorders,3,Rate,2017,1317.0842894878401,1557.7435815623699,1096.27317337261
1,All Population,5,Prevalence,28,Solomon Islands,3,Both,22,All ages,615,Sickle cell disorders,3,Rate,2019,0.01969522288,0.05210543411,0.0039055242600000003
1,All Population,5,Prevalence,105,Antigua and Barbuda,3,Both,22,All ages,615,Sickle cell disorders,3,Rate,2019,34.23183851327,43.17706749869,26.49323825561
1,All Population,5,Prevalence,60,Lithuania,3,Both,22,All ages,615,Sickle cell disorders,3,Rate,2019,0.046240537990000004,0.059141134649999996,0.03463283556
1,All Population,5,Prevalence,215,Sao Tome and Principe,3,Both,22,All ages,615,Sickle cell disorders,3,Rate,2019,501.93416601636,610.13854166086,404.34123679331003
1,All Population,5,Prevalence,90,Norway,3,Both,22,All ages,615,Sickle cell disorders,3,Rate,2019,2.1609931095899997,3.0047815358900003,1.52938708209
1,All Population,5,Prevalence,374,Niue,3,Both,22,All ages,615,Sickle cell disorders,3,Rate,2019,0.014409312779999999,0.03892639594,0.00299290801
1,All Population,5,Prevalence,194,Lesotho,3,Both,22,All ages,615,Sickle cell disorders,3,Rate,2019,0.66846378234,0.82895638738,0.53686703231
1,All Population,5,Prevalence,24,Marshall Islands,3,Both,22,All ages,615,Sickle cell disorders,3,Rate,2019,0.01871405092,0.04841284439,0.00373647532
1,All Population,5,Prevalence,128,Guatemala,3,Both,22,All ages,615,Sickle cell disorders,3,Rate,2019,0.046690128590000005,0.07222008131,0.02863153337
1,All Population,5,Prevalence,85,Israel,3,Both,22,All ages,615,Sickle cell disorders,3,Rate,2017,9.06984849303,10.93053267112,7.62596010873
1,All Population,5,Prevalence,68,Republic of Korea,3,Both,22,All ages,615,Sickle cell disorders,3,Rate,2017,0.07297738875,0.09736145826999999,0.052417622999999997
1,All Population,5,Prevalence,143,Iraq,3,Both,22,All ages,615,Sickle cell disorders,3,Rate,2019,96.08057676156,108.47881644044999,84.54486586438
1,All Population,5,Prevalence,38,Mongolia,3,Both,22,All ages,615,Sickle cell disorders,3,Rate,2017,0.00993054806,0.01789863539,0.00389072955
1,All Population,5,Prevalence,62,Russian Federation,3,Both,22,All ages,615,Sickle cell disorders,3,Rate,2016,0.02305099275,0.03215418065,0.015832175809999998
1,All Population,5,Prevalence,15,Myanmar,3,Both,22,All ages,615,Sickle cell disorders,3,Rate,2019,0.031816807339999996,0.055148663789999997,0.01652309423
1,All Population,5,Prevalence,16,Philippines,3,Both,22,All ages,615,Sickle cell disorders,3,Rate,2019,0.04144704158,0.06905205212,0.023117699720000003
1,All Population,5,Prevalence,76,Belgium,3,Both,22,All ages,615,Sickle cell disorders,3,Rate,2019,2.01955622395,2.3942729925900004,1.6666477682299998
1,All Population,5,Prevalence,81,Germany,3,Both,22,All ages,615,Sickle cell disorders,3,Rate,2017,2.51069449519,2.91968823367,2.17697502178
1,All Population,5,Prevalence,33,Armenia,3,Both,22,All ages,615,Sickle cell disorders,3,Rate,2017,0.008278222330000001,0.014151623649999999,0.0036218326699999997
1,All Population,5,Prevalence,195,Namibia,3,Both,22,All ages,615,Sickle cell disorders,3,Rate,2018,0.81149826548,1.01731852636,0.63850557622
1,All Population,5,Prevalence,102,United States of America,3,Both,22,All ages,615,Sickle cell disorders,3,Rate,2017,17.9278623839,19.074411190990002,16.905915335139998
1,All Population,5,Prevalence,170,Congo,3,Both,22,All ages,615,Sickle cell disorders,3,Rate,2018,263.82882908427,307.83641567131,225.26481450442
1,All Population,5,Prevalence,13,Malaysia,3,Both,22,All ages,615,Sickle cell disorders,3,Rate,2019,0.03593200351,0.06405142597,0.020232988690000002
1,All Population,5,Prevalence,11,Indonesia,3,Both,22,All ages,615,Sickle cell disorders,3,Rate,2020,0.03534828968,0.0585899852,0.01972754867
1,All Population,5,Prevalence,7,Democratic People's Republic of Korea,3,Both,22,All ages,615,Sickle cell disorders,3,Rate,2020,1.62816070478,2.0800620951,1.26565406673
1,All Population,5,Prevalence,207,Ghana,3,Both,22,All ages,615,Sickle cell disorders,3,Rate,2019,810.46925823672,890.4983817670201,743.26600108296
1,All Population,5,Prevalence,58,Estonia,3,Both,22,All ages,615,Sickle cell disorders,3,Rate,2020,0.02133796757,0.03165698476,0.012576764590000001
1,All Population,5,Prevalence,69,Singapore,3,Both,22,All ages,615,Sickle cell disorders,3,Rate,2020,0.08765701083,0.11492875042,0.06522770032
1,All Population,5,Prevalence,95,United Kingdom,3,Both,22,All ages,615,Sickle cell disorders,3,Rate,2018,4.9387680251,6.09817031315,4.02598342523
1,All Population,5,Prevalence,24,Marshall Islands,3,Both,22,All ages,615,Sickle cell disorders,3,Rate,2017,0.01909181573,0.049059071679999997,0.0038386368499999995
1,All Population,5,Prevalence,52,Romania,3,Both,22,All ages,615,Sickle cell disorders,3,Rate,2020,0.10196872605999999,0.1352765082,0.07575175466999999
1,All Population,5,Prevalence,396,San Marino,3,Both,22,All ages,615,Sickle cell disorders,3,Rate,2018,3.19276901037,3.85873984854,2.61846451158
1,All Population,5,Prevalence,44,Bosnia and Herzegovina,3,Both,22,All ages,615,Sickle cell disorders,3,Rate,2019,0.039510026919999996,0.05560572425,0.026454422569999997
1,All Population,5,Prevalence,114,Haiti,3,Both,22,All ages,615,Sickle cell disorders,3,Rate,2018,117.71766919853,135.57357566463,100.03808248954999
1,All Population,5,Prevalence,435,South Sudan,3,Both,22,All ages,615,Sickle cell disorders,3,Rate,2019,10.45294145251,13.58475534999,8.308955030149999
1,All Population,5,Prevalence,115,Jamaica,3,Both,22,All ages,615,Sickle cell disorders,3,Rate,2017,111.94824702849999,125.4794963553,99.96350706003
1,All Population,5,Prevalence,212,Mauritania,3,Both,22,All ages,615,Sickle cell disorders,3,Rate,2016,104.77135109552,123.70480060014,88.78569939583001
1,All Population,5,Prevalence,204,Chad,3,Both,22,All ages,615,Sickle cell disorders,3,Rate,2016,110.4986739761,126.58517432656001,93.80840109959999
1,All Population,5,Prevalence,164,Nepal,3,Both,22,All ages,615,Sickle cell disorders,3,Rate,2019,0.76054811124,0.89535859499,0.63776421968
1,All Population,5,Prevalence,34,Azerbaijan,3,Both,22,All ages,615,Sickle cell disorders,3,Rate,2020,0.0074441721,0.0130914771,0.0028813921
1,All Population,5,Prevalence,45,Bulgaria,3,Both,22,All ages,615,Sickle cell disorders,3,Rate,2020,0.03449478115,0.04702208722,0.022923543140000002
1,All Population,5,Prevalence,59,Latvia,3,Both,22,All ages,615,Sickle cell disorders,3,Rate,2020,0.03054688618,0.04133802113,0.02126548686
1,All Population,5,Prevalence,46,Croatia,3,Both,22,All ages,615,Sickle cell disorders,3,Rate,2020,0.31532244567,0.39652052415,0.25724710128
1,All Population,5,Prevalence,136,Paraguay,3,Both,22,All ages,615,Sickle cell disorders,3,Rate,2019,12.38518259663,15.033406593439999,10.28333833337
1,All Population,5,Prevalence,76,Belgium,3,Both,22,All ages,615,Sickle cell disorders,3,Rate,2018,2.03020053304,2.40561820836,1.6857456535900002
1,All Population,5,Prevalence,53,Serbia,3,Both,22,All ages,615,Sickle cell disorders,3,Rate,2017,0.00780440724,0.01530070212,0.0038681743300000002
1,All Population,5,Prevalence,160,Afghanistan,3,Both,22,All ages,615,Sickle cell disorders,3,Rate,2019,82.5288013265,104.12774044544001,64.71655589924
1,All Population,5,Prevalence,123,Peru,3,Both,22,All ages,615,Sickle cell disorders,3,Rate,2019,3.54040830378,4.50366391116,2.73990197991
1,All Population,5,Prevalence,125,Colombia,3,Both,22,All ages,615,Sickle cell disorders,3,Rate,2016,0.38636447196999996,0.45998815754,0.31621135292
1,All Population,5,Prevalence,14,Maldives,3,Both,22,All ages,615,Sickle cell disorders,3,Rate,2019,0.03170198532,0.05846077416,0.015511666089999999
1,All Population,5,Prevalence,106,Bahamas,3,Both,22,All ages,615,Sickle cell disorders,3,Rate,2019,68.4538321344,87.30306754232001,53.22798012471
1,All Population,5,Prevalence,148,Morocco,3,Both,22,All ages,615,Sickle cell disorders,3,Rate,2016,10.91455187041,12.86561933091,8.95966028784
1,All Population,5,Prevalence,29,Tonga,3,Both,22,All ages,615,Sickle cell disorders,3,Rate,2019,0.019921797669999998,0.0546632917,0.00433182204
1,All Population,5,Prevalence,157,Yemen,3,Both,22,All ages,615,Sickle cell disorders,3,Rate,2019,12.830757170740002,14.851318265909999,10.91469870136
1,All Population,5,Prevalence,110,Dominica,3,Both,22,All ages,615,Sickle cell disorders,3,Rate,2019,36.68864572247,45.969128752189995,28.34987184672
1,All Population,5,Prevalence,170,Congo,3,Both,22,All ages,615,Sickle cell disorders,3,Rate,2019,261.39037953774,304.93175445439,223.03977285911
1,All Population,5,Prevalence,99,Uruguay,3,Both,22,All ages,615,Sickle cell disorders,3,Rate,2018,0.054094310599999994,0.07727706302,0.03582283388
1,All Population,5,Prevalence,88,Malta,3,Both,22,All ages,615,Sickle cell disorders,3,Rate,2015,5.69623806426,6.828290313009999,4.79649786198
1,All Population,5,Prevalence,22,Fiji,3,Both,22,All ages,615,Sickle cell disorders,3,Rate,2020,0.01705134635,0.04437636508,0.0033851322699999997
1,All Population,5,Prevalence,351,Guam,3,Both,22,All ages,615,Sickle cell disorders,3,Rate,2019,0.01612693534,0.04307616604,0.0037360888300000004
1,All Population,5,Prevalence,191,Zambia,3,Both,22,All ages,615,Sickle cell disorders,3,Rate,2019,311.16856628912,386.73713325239,263.27569926225
1,All Population,5,Prevalence,175,Burundi,3,Both,22,All ages,615,Sickle cell disorders,3,Rate,2019,25.35890562883,31.983434111650002,20.71541326131
1,All Population,5,Prevalence,89,Netherlands,3,Both,22,All ages,615,Sickle cell disorders,3,Rate,2019,0.43272741211000004,0.54860052373,0.35872940765
1,All Population,5,Prevalence,82,Greece,3,Both,22,All ages,615,Sickle cell disorders,3,Rate,2020,18.57216565382,20.79462378266,16.35885181925
1,All Population,5,Prevalence,118,Suriname,3,Both,22,All ages,615,Sickle cell disorders,3,Rate,2018,47.42743724692,60.61308316824,36.809727363680004
1,All Population,5,Prevalence,84,Ireland,3,Both,22,All ages,615,Sickle cell disorders,3,Rate,2018,4.16146708101,4.972284629200001,3.42348657979
1,All Population,5,Prevalence,131,Nicaragua,3,Both,22,All ages,615,Sickle cell disorders,3,Rate,2018,0.07068010917999999,0.09702161632,0.05017636045
1,All Population,5,Prevalence,146,Lebanon,3,Both,22,All ages,615,Sickle cell disorders,3,Rate,2018,46.01835193516,55.803549602349996,38.016468263410005
1,All Population,5,Prevalence,165,Pakistan,3,Both,22,All ages,615,Sickle cell disorders,3,Rate,2019,0.10117613176,0.14281424842,0.06820729639999999
1,All Population,5,Prevalence,150,Oman,3,Both,22,All ages,615,Sickle cell disorders,3,Rate,2019,268.07027747126,314.80340367579004,217.93824622300997
1,All Population,5,Prevalence,152,Saudi Arabia,3,Both,22,All ages,615,Sickle cell disorders,3,Rate,2019,307.80670102064,367.71506540224004,251.5547222557
1,All Population,5,Prevalence,183,Mauritius,3,Both,22,All ages,615,Sickle cell disorders,3,Rate,2019,0.02813815669,0.052187829850000006,0.01513720292
1,All Population,5,Prevalence,61,Republic of Moldova,3,Both,22,All ages,615,Sickle cell disorders,3,Rate,2018,0.02104897499,0.02989848741,0.01384438693
1,All Population,5,Prevalence,135,Brazil,3,Both,22,All ages,615,Sickle cell disorders,3,Rate,2019,8.5926707347,9.58254832906,7.70999884945
1,All Population,5,Prevalence,37,Kyrgyzstan,3,Both,22,All ages,615,Sickle cell disorders,3,Rate,2020,0.01069020262,0.01735241195,0.00429126459
1,All Population,5,Prevalence,212,Mauritania,3,Both,22,All ages,615,Sickle cell disorders,3,Rate,2019,104.05521014739999,121.86305745229001,87.82418675976
1,All Population,5,Prevalence,193,Botswana,3,Both,22,All ages,615,Sickle cell disorders,3,Rate,2020,17.24724595656,20.37787146136,14.468303988490002
1,All Population,5,Prevalence,85,Israel,3,Both,22,All ages,615,Sickle cell disorders,3,Rate,2018,8.93983736661,10.78943207001,7.47840565016
1,All Population,5,Prevalence,149,Palestine,3,Both,22,All ages,615,Sickle cell disorders,3,Rate,2018,65.56163417923,81.63178316812001,51.15498919628
1,All Population,5,Prevalence,206,Gambia,3,Both,22,All ages,615,Sickle cell disorders,3,Rate,2019,309.41236971299,360.76086198958,265.86007282059
1,All Population,5,Prevalence,55,Slovenia,3,Both,22,All ages,615,Sickle cell disorders,3,Rate,2019,0.07661853617,0.09888862204,0.059389218529999996
1,All Population,5,Prevalence,85,Israel,3,Both,22,All ages,615,Sickle cell disorders,3,Rate,2019,8.75227957857,10.59018237717,7.35860379482
1,All Population,5,Prevalence,40,Turkmenistan,3,Both,22,All ages,615,Sickle cell disorders,3,Rate,2019,0.00966917929,0.01689999858,0.00376927376
1,All Population,5,Prevalence,27,Samoa,3,Both,22,All ages,615,Sickle cell disorders,3,Rate,2020,0.02000840119,0.052800356709999996,0.00424150345
1,All Population,5,Prevalence,68,Republic of Korea,3,Both,22,All ages,615,Sickle cell disorders,3,Rate,2018,0.07133141046,0.09591600161,0.051397805490000004
1,All Population,5,Prevalence,15,Myanmar,3,Both,22,All ages,615,Sickle cell disorders,3,Rate,2018,0.03181888075,0.055161210749999995,0.0166605387
1,All Population,5,Prevalence,108,Belize,3,Both,22,All ages,615,Sickle cell disorders,3,Rate,2018,63.96599766509,81.48252037234,50.042133154320005
1,All Population,5,Prevalence,79,Finland,3,Both,22,All ages,615,Sickle cell disorders,3,Rate,2016,4.633602564449999,5.37387451636,3.96736858868
1,All Population,5,Prevalence,422,United States Virgin Islands,3,Both,22,All ages,615,Sickle cell disorders,3,Rate,2015,32.86442536196,41.59970285792,25.86650014419
1,All Population,5,Prevalence,94,Switzerland,3,Both,22,All ages,615,Sickle cell disorders,3,Rate,2018,11.08929327091,12.22619554323,10.095462767899999
1,All Population,5,Prevalence,87,Luxembourg,3,Both,22,All ages,615,Sickle cell disorders,3,Rate,2020,20.243112644660002,23.36347292069,17.68548948493
1,All Population,5,Prevalence,51,Poland,3,Both,22,All ages,615,Sickle cell disorders,3,Rate,2020,0.47041212248000003,0.6196920038,0.35819218343000003
1,All Population,5,Prevalence,164,Nepal,3,Both,22,All ages,615,Sickle cell disorders,3,Rate,2018,0.7720544208900001,0.91008578542,0.64632282692
1,All Population,5,Prevalence,66,Brunei Darussalam,3,Both,22,All ages,615,Sickle cell disorders,3,Rate,2020,0.09143044797,0.12105081315,0.06548709298000001
1,All Population,5,Prevalence,6,China,3,Both,22,All ages,615,Sickle cell disorders,3,Rate,2020,1.50400066845,1.89549349877,1.17204637581
1,All Population,5,Prevalence,115,Jamaica,3,Both,22,All ages,615,Sickle cell disorders,3,Rate,2018,103.7417588303,116.47795415022999,91.78695734007
1,All Population,5,Prevalence,305,Bermuda,3,Both,22,All ages,615,Sickle cell disorders,3,Rate,2019,22.43775490616,28.208516111770003,17.47554247701
1,All Population,5,Prevalence,205,Côte d'Ivoire,3,Both,22,All ages,615,Sickle cell disorders,3,Rate,2019,269.45025316407,301.72307113739,240.48073701379002
1,All Population,5,Prevalence,151,Qatar,3,Both,22,All ages,615,Sickle cell disorders,3,Rate,2019,64.84642256229999,80.80712285825,51.66906356105999
1,All Population,5,Prevalence,19,Timor-Leste,3,Both,22,All ages,615,Sickle cell disorders,3,Rate,2016,0.04190460052,0.07193074947,0.022697108389999998
1,All Population,5,Prevalence,107,Barbados,3,Both,22,All ages,615,Sickle cell disorders,3,Rate,2018,31.75243535072,40.00525954033,24.722337035450003
1,All Population,5,Prevalence,116,Saint Lucia,3,Both,22,All ages,615,Sickle cell disorders,3,Rate,2016,41.3822791749,52.44096456281,32.12494813395
1,All Population,5,Prevalence,374,Niue,3,Both,22,All ages,615,Sickle cell disorders,3,Rate,2018,0.01448939103,0.0390215514,0.00305060868
1,All Population,5,Prevalence,101,Canada,3,Both,22,All ages,615,Sickle cell disorders,3,Rate,2016,0.51951313248,0.69079533194,0.41724508106
1,All Population,5,Prevalence,194,Lesotho,3,Both,22,All ages,615,Sickle cell disorders,3,Rate,2018,0.6786057987999999,0.83872308797,0.54429309307
1,All Population,5,Prevalence,165,Pakistan,3,Both,22,All ages,615,Sickle cell disorders,3,Rate,2018,0.10226516215,0.14470781247,0.06874733963
1,All Population,5,Prevalence,79,Finland,3,Both,22,All ages,615,Sickle cell disorders,3,Rate,2019,4.4328231886900005,5.18897520242,3.7784232821300003
1,All Population,5,Prevalence,102,United States of America,3,Both,22,All ages,615,Sickle cell disorders,3,Rate,2019,17.77997798232,18.94210077878,16.74726117746
1,All Population,5,Prevalence,40,Turkmenistan,3,Both,22,All ages,615,Sickle cell disorders,3,Rate,2020,0.00959058567,0.01678400705,0.0037796915999999997
1,All Population,5,Prevalence,196,South Africa,3,Both,22,All ages,615,Sickle cell disorders,3,Rate,2019,0.27600835409,0.35901142987,0.20754046801
1,All Population,5,Prevalence,213,Niger,3,Both,22,All ages,615,Sickle cell disorders,3,Rate,2019,603.02183355638,712.9707037596099,527.96903922586
1,All Population,5,Prevalence,90,Norway,3,Both,22,All ages,615,Sickle cell disorders,3,Rate,2018,2.18437443288,3.03831199475,1.5404333186299999
1,All Population,5,Prevalence,79,Finland,3,Both,22,All ages,615,Sickle cell disorders,3,Rate,2020,4.38066813779,5.16275251067,3.7093079494300003
1,All Population,5,Prevalence,206,Gambia,3,Both,22,All ages,615,Sickle cell disorders,3,Rate,2020,306.63234385877,362.48171860901,261.11104366743
1,All Population,5,Prevalence,184,Mozambique,3,Both,22,All ages,615,Sickle cell disorders,3,Rate,2018,6.4205000308499995,7.649689103590001,5.46285576417
1,All Population,5,Prevalence,130,Mexico,3,Both,22,All ages,615,Sickle cell disorders,3,Rate,2018,0.8783287639,1.20151883828,0.64454282173
1,All Population,5,Prevalence,23,Kiribati,3,Both,22,All ages,615,Sickle cell disorders,3,Rate,2020,0.01769375056,0.0456279373,0.00347981496
1,All Population,5,Prevalence,218,Togo,3,Both,22,All ages,615,Sickle cell disorders,3,Rate,2019,952.4411195431,1082.2192921179599,832.88596237384
1,All Population,5,Prevalence,14,Maldives,3,Both,22,All ages,615,Sickle cell disorders,3,Rate,2020,0.03097269365,0.05745937192,0.014949394190000001
1,All Population,5,Prevalence,77,Cyprus,3,Both,22,All ages,615,Sickle cell disorders,3,Rate,2018,12.5092347599,14.16040263467,10.88559001304
1,All Population,5,Prevalence,33,Armenia,3,Both,22,All ages,615,Sickle cell disorders,3,Rate,2020,0.00779270758,0.013475248260000001,0.00339838709
1,All Population,5,Prevalence,29,Tonga,3,Both,22,All ages,615,Sickle cell disorders,3,Rate,2020,0.01982769212,0.0543002997,0.00427284705
1,All Population,5,Prevalence,179,Ethiopia,3,Both,22,All ages,615,Sickle cell disorders,3,Rate,2018,1.44257699643,1.90882384143,1.1101357998699999
1,All Population,5,Prevalence,102,United States of America,3,Both,22,All ages,615,Sickle cell disorders,3,Rate,2018,17.85468335154,19.02189490072,16.81849002342
1,All Population,5,Prevalence,83,Iceland,3,Both,22,All ages,615,Sickle cell disorders,3,Rate,2020,2.9061039919800002,3.62722817608,2.31031836528
1,All Population,5,Prevalence,126,Costa Rica,3,Both,22,All ages,615,Sickle cell disorders,3,Rate,2018,0.03639097825,0.05878226447,0.01934104764
1,All Population,5,Prevalence,182,Malawi,3,Both,22,All ages,615,Sickle cell disorders,3,Rate,2019,28.84638439294,35.60156273658,24.23128590888
1,All Population,5,Prevalence,198,Zimbabwe,3,Both,22,All ages,615,Sickle cell disorders,3,Rate,2019,5.6985675564300005,7.05814659587,4.55977181693
1,All Population,5,Prevalence,156,United Arab Emirates,3,Both,22,All ages,615,Sickle cell disorders,3,Rate,2018,16.63264327803,19.34748652704,13.884242224
1,All Population,5,Prevalence,201,Burkina Faso,3,Both,22,All ages,615,Sickle cell disorders,3,Rate,2019,1160.23564994162,1298.6394994929901,1039.36624205306
1,All Population,5,Prevalence,92,Spain,3,Both,22,All ages,615,Sickle cell disorders,3,Rate,2020,4.06232733437,4.717770027059999,3.4706936300600004
1,All Population,5,Prevalence,47,Czechia,3,Both,22,All ages,615,Sickle cell disorders,3,Rate,2018,0.00935074314,0.017234827299999998,0.00437862233
1,All Population,5,Prevalence,62,Russian Federation,3,Both,22,All ages,615,Sickle cell disorders,3,Rate,2018,0.022464229840000002,0.03122261087,0.01539321097
1,All Population,5,Prevalence,75,Austria,3,Both,22,All ages,615,Sickle cell disorders,3,Rate,2020,4.08873865303,4.52284743295,3.69140597487
1,All Population,5,Prevalence,60,Lithuania,3,Both,22,All ages,615,Sickle cell disorders,3,Rate,2020,0.04594214346,0.0588803887,0.03423711334
1,All Population,5,Prevalence,217,Sierra Leone,3,Both,22,All ages,615,Sickle cell disorders,3,Rate,2019,1151.5336518577699,1336.7454371859599,995.53352394326
1,All Population,5,Prevalence,178,Eritrea,3,Both,22,All ages,615,Sickle cell disorders,3,Rate,2018,9.0176751705,11.74533314281,7.109313693130001
1,All Population,5,Prevalence,209,Guinea-Bissau,3,Both,22,All ages,615,Sickle cell disorders,3,Rate,2019,26.511949936089998,32.53367032424,22.12888319845
1,All Population,5,Prevalence,16,Philippines,3,Both,22,All ages,615,Sickle cell disorders,3,Rate,2018,0.04209003516,0.07000741438,0.02357330741
1,All Population,5,Prevalence,80,France,3,Both,22,All ages,615,Sickle cell disorders,3,Rate,2017,10.10014507919,11.70341922718,8.61280875518
1,All Population,5,Prevalence,157,Yemen,3,Both,22,All ages,615,Sickle cell disorders,3,Rate,2018,12.88800582704,14.967744431819998,10.98243623641
1,All Population,5,Prevalence,140,Bahrain,3,Both,22,All ages,615,Sickle cell disorders,3,Rate,2020,654.8606932676399,816.81937927344,509.80077933511
1,All Population,5,Prevalence,151,Qatar,3,Both,22,All ages,615,Sickle cell disorders,3,Rate,2020,64.46568187512,80.34031385504001,51.47149351872
1,All Population,5,Prevalence,197,Eswatini,3,Both,22,All ages,615,Sickle cell disorders,3,Rate,2018,0.78599231532,0.97664828595,0.6091469489
1,All Population,5,Prevalence,123,Peru,3,Both,22,All ages,615,Sickle cell disorders,3,Rate,2018,3.57172943988,4.54196761425,2.75718340308
1,All Population,5,Prevalence,19,Timor-Leste,3,Both,22,All ages,615,Sickle cell disorders,3,Rate,2017,0.04172285619,0.07153356183,0.02253989785
1,All Population,5,Prevalence,26,Papua New Guinea,3,Both,22,All ages,615,Sickle cell disorders,3,Rate,2017,0.018784283760000003,0.05082883529,0.00329075169
1,All Population,5,Prevalence,26,Papua New Guinea,3,Both,22,All ages,615,Sickle cell disorders,3,Rate,2019,0.01869515741,0.05066077325,0.00329301686
1,All Population,5,Prevalence,208,Guinea,3,Both,22,All ages,615,Sickle cell disorders,3,Rate,2018,943.06132005058,1100.58255203158,825.22929717263
1,All Population,5,Prevalence,376,Northern Mariana Islands,3,Both,22,All ages,615,Sickle cell disorders,3,Rate,2015,0.016335382250000002,0.04430604565,0.0038237586099999997
1,All Population,5,Prevalence,385,Puerto Rico,3,Both,22,All ages,615,Sickle cell disorders,3,Rate,2019,23.36895239168,29.52741969796,17.81007189585
1,All Population,5,Prevalence,28,Solomon Islands,3,Both,22,All ages,615,Sickle cell disorders,3,Rate,2020,0.019564779220000002,0.05194748358,0.0038388230900000004
1,All Population,5,Prevalence,156,United Arab Emirates,3,Both,22,All ages,615,Sickle cell disorders,3,Rate,2019,16.21848525423,18.951994298229998,13.466077615669999
1,All Population,5,Prevalence,393,Saint Kitts and Nevis,3,Both,22,All ages,615,Sickle cell disorders,3,Rate,2019,36.00314060594,46.68088416886,27.243116398109997
1,All Population,5,Prevalence,169,Central African Republic,3,Both,22,All ages,615,Sickle cell disorders,3,Rate,2019,393.82032841101005,469.99423829046,334.58292377050003
1,All Population,5,Prevalence,180,Kenya,3,Both,22,All ages,615,Sickle cell disorders,3,Rate,2017,507.93731261943,663.8884487591,399.48273534511003
1,All Population,5,Prevalence,150,Oman,3,Both,22,All ages,615,Sickle cell disorders,3,Rate,2016,275.29804973903,324.26632169883,221.67804309465
1,All Population,5,Prevalence,129,Honduras,3,Both,22,All ages,615,Sickle cell disorders,3,Rate,2020,0.01857623487,0.03172188563,0.01001674864
1,All Population,5,Prevalence,142,Iran (Islamic Republic of),3,Both,22,All ages,615,Sickle cell disorders,3,Rate,2017,93.59214746553,116.32521235962,72.13606995174001
1,All Population,5,Prevalence,155,Türkiye,3,Both,22,All ages,615,Sickle cell disorders,3,Rate,2017,13.342451392209998,15.24781416629,11.74174983556
1,All Population,5,Prevalence,186,Seychelles,3,Both,22,All ages,615,Sickle cell disorders,3,Rate,2017,0.03466092106,0.06078808715,0.02050178842
1,All Population,5,Prevalence,78,Denmark,3,Both,22,All ages,615,Sickle cell disorders,3,Rate,2019,5.27162575224,6.1420666423100005,4.53688430749
1,All Population,5,Prevalence,172,Equatorial Guinea,3,Both,22,All ages,615,Sickle cell disorders,3,Rate,2018,873.18129899722,1040.02874557811,739.37672362189
1,All Population,5,Prevalence,142,Iran (Islamic Republic of),3,Both,22,All ages,615,Sickle cell disorders,3,Rate,2018,93.2403889115,115.72010491266,71.92722190316
1,All Population,5,Prevalence,193,Botswana,3,Both,22,All ages,615,Sickle cell disorders,3,Rate,2016,17.78602994965,21.12596640106,14.95834849024
1,All Population,5,Prevalence,162,Bhutan,3,Both,22,All ages,615,Sickle cell disorders,3,Rate,2019,0.22198881262000003,0.28514479975,0.16633621261
1,All Population,5,Prevalence,132,Panama,3,Both,22,All ages,615,Sickle cell disorders,3,Rate,2017,0.07014626326,0.09576539548,0.049353012530000004
1,All Population,5,Prevalence,215,Sao Tome and Principe,3,Both,22,All ages,615,Sickle cell disorders,3,Rate,2018,507.48039643544,613.8477774673499,408.86099992806
1,All Population,5,Prevalence,298,American Samoa,3,Both,22,All ages,615,Sickle cell disorders,3,Rate,2019,0.01817968538,0.04880935994,0.004083836489999999
1,All Population,5,Prevalence,189,United Republic of Tanzania,3,Both,22,All ages,615,Sickle cell disorders,3,Rate,2018,261.94571382486,302.95908247277004,223.89234582505
1,All Population,5,Prevalence,47,Czechia,3,Both,22,All ages,615,Sickle cell disorders,3,Rate,2020,0.009281651200000001,0.017340933529999998,0.004410335
1,All Population,5,Prevalence,173,Gabon,3,Both,22,All ages,615,Sickle cell disorders,3,Rate,2017,397.67969657375,485.43906418917,333.62171066286
1,All Population,5,Prevalence,13,Malaysia,3,Both,22,All ages,615,Sickle cell disorders,3,Rate,2020,0.03541199057,0.06327712006,0.02003179144
1,All Population,5,Prevalence,112,Grenada,3,Both,22,All ages,615,Sickle cell disorders,3,Rate,2020,40.18169475835,51.91967628287,31.382899068489998
1,All Population,5,Prevalence,97,Argentina,3,Both,22,All ages,615,Sickle cell disorders,3,Rate,2020,0.058100507169999996,0.08173782785,0.03802960135
1,All Population,5,Prevalence,69,Singapore,3,Both,22,All ages,615,Sickle cell disorders,3,Rate,2019,0.0891778064,0.11652075581999999,0.06621969042
1,All Population,5,Prevalence,116,Saint Lucia,3,Both,22,All ages,615,Sickle cell disorders,3,Rate,2020,36.99901273838,46.87755334418,28.7803653485
1,All Population,5,Prevalence,54,Slovakia,3,Both,22,All ages,615,Sickle cell disorders,3,Rate,2019,0.10063094205,0.12622312107,0.08210050056
1,All Population,5,Prevalence,180,Kenya,3,Both,22,All ages,615,Sickle cell disorders,3,Rate,2015,517.64136920685,677.71281058941,407.66273330589
1,All Population,5,Prevalence,144,Jordan,3,Both,22,All ages,615,Sickle cell disorders,3,Rate,2020,62.38721776651,79.68540391008,49.01374433961
1,All Population,5,Prevalence,86,Italy,3,Both,22,All ages,615,Sickle cell disorders,3,Rate,2017,4.43942867409,4.98773701306,3.9937460227300003
1,All Population,5,Prevalence,165,Pakistan,3,Both,22,All ages,615,Sickle cell disorders,3,Rate,2017,0.10320385414000001,0.14645148322,0.0693279339
1,All Population,5,Prevalence,163,India,3,Both,22,All ages,615,Sickle cell disorders,3,Rate,2020,87.04847263603,115.23013795155,66.61294717706001
1,All Population,5,Prevalence,12,Lao People's Democratic Republic,3,Both,22,All ages,615,Sickle cell disorders,3,Rate,2019,0.035793952139999995,0.06091737893,0.01875699774
1,All Population,5,Prevalence,216,Senegal,3,Both,22,All ages,615,Sickle cell disorders,3,Rate,2018,280.46864377218003,320.96608863647,244.16840503445
1,All Population,5,Prevalence,187,Somalia,3,Both,22,All ages,615,Sickle cell disorders,3,Rate,2016,1.53314246772,2.08054039657,1.13949089375
1,All Population,5,Prevalence,33,Armenia,3,Both,22,All ages,615,Sickle cell disorders,3,Rate,2018,0.00810942739,0.01385265949,0.0035439745
1,All Population,5,Prevalence,522,Sudan,3,Both,22,All ages,615,Sickle cell disorders,3,Rate,2019,497.99846328563,594.67142004724,411.77437903223995
1,All Population,5,Prevalence,74,Andorra,3,Both,22,All ages,615,Sickle cell disorders,3,Rate,2020,3.4511971372800003,4.179998293790001,2.85546070891
1,All Population,5,Prevalence,43,Albania,3,Both,22,All ages,615,Sickle cell disorders,3,Rate,2020,0.06167761938,0.07907675346,0.04695954106
1,All Population,5,Prevalence,141,Egypt,3,Both,22,All ages,615,Sickle cell disorders,3,Rate,2017,100.67838891899,114.57626376852001,86.56658962557
1,All Population,5,Prevalence,195,Namibia,3,Both,22,All ages,615,Sickle cell disorders,3,Rate,2020,0.79651971285,1.0014382206699999,0.62842220836
1,All Population,5,Prevalence,200,Benin,3,Both,22,All ages,615,Sickle cell disorders,3,Rate,2018,1309.07567191256,1551.38770560799,1092.26651530701
1,All Population,5,Prevalence,127,El Salvador,3,Both,22,All ages,615,Sickle cell disorders,3,Rate,2016,0.04637732034,0.06501235945,0.03055713348
1,All Population,5,Prevalence,48,Hungary,3,Both,22,All ages,615,Sickle cell disorders,3,Rate,2020,0.03370718061,0.05005593215,0.02173627398
1,All Population,5,Prevalence,203,Cabo Verde,3,Both,22,All ages,615,Sickle cell disorders,3,Rate,2018,50.55924697196001,61.20688246497,41.46730095308
1,All Population,5,Prevalence,121,Bolivia (Plurinational State of),3,Both,22,All ages,615,Sickle cell disorders,3,Rate,2019,4.03200135183,5.2260685013399995,3.14298874311
1,All Population,5,Prevalence,108,Belize,3,Both,22,All ages,615,Sickle cell disorders,3,Rate,2019,62.887946811300004,80.36292871545,48.936621384729996
1,All Population,5,Prevalence,172,Equatorial Guinea,3,Both,22,All ages,615,Sickle cell disorders,3,Rate,2016,891.4546932145801,1077.05272454206,759.70298316498
1,All Population,5,Prevalence,187,Somalia,3,Both,22,All ages,615,Sickle cell disorders,3,Rate,2015,1.5325625020800002,2.09333810337,1.14551486327
1,All Population,5,Prevalence,176,Comoros,3,Both,22,All ages,615,Sickle cell disorders,3,Rate,2020,1.8159981850800002,2.39346131341,1.3430073519299999
1,All Population,5,Prevalence,71,Australia,3,Both,22,All ages,615,Sickle cell disorders,3,Rate,2017,0.39344574734,0.50297766659,0.31013568469999997
1,All Population,5,Prevalence,80,France,3,Both,22,All ages,615,Sickle cell disorders,3,Rate,2020,9.97865556017,11.47845559652,8.44643507953
1,All Population,5,Prevalence,61,Republic of Moldova,3,Both,22,All ages,615,Sickle cell disorders,3,Rate,2020,0.0205409457,0.02909219905,0.013457048689999999
1,All Population,5,Prevalence,168,Angola,3,Both,22,All ages,615,Sickle cell disorders,3,Rate,2019,553.00669344067,676.10125430994,456.19451891681
1,All Population,5,Prevalence,91,Portugal,3,Both,22,All ages,615,Sickle cell disorders,3,Rate,2019,14.4510118189,17.44211063074,12.1522429353
1,All Population,5,Prevalence,416,Tuvalu,3,Both,22,All ages,615,Sickle cell disorders,3,Rate,2014,0.016649521509999998,0.0438455543,0.00289497811
1,All Population,5,Prevalence,20,Viet Nam,3,Both,22,All ages,615,Sickle cell disorders,3,Rate,2020,0.03317947172,0.06029744706,0.01815175619
1,All Population,5,Prevalence,133,Venezuela (Bolivarian Republic of),3,Both,22,All ages,615,Sickle cell disorders,3,Rate,2021,2.4064660989399997,2.98790211611,1.94630976485
1,All Population,5,Prevalence,87,Luxembourg,3,Both,22,All ages,615,Sickle cell disorders,3,Rate,2019,20.48102791071,23.49585953584,18.09119119571
1,All Population,5,Prevalence,25,Micronesia (Federated States of),3,Both,22,All ages,615,Sickle cell disorders,3,Rate,2019,0.01724043382,0.045756630799999996,0.00338829439
1,All Population,5,Prevalence,179,Ethiopia,3,Both,22,All ages,615,Sickle cell disorders,3,Rate,2016,1.4712940561699999,1.96499698197,1.12545364305
1,All Population,5,Prevalence,181,Madagascar,3,Both,22,All ages,615,Sickle cell disorders,3,Rate,2020,144.4196705992,174.0279344692,122.22398782075
1,All Population,5,Prevalence,98,Chile,3,Both,22,All ages,615,Sickle cell disorders,3,Rate,2020,0.32120440076,0.3982610259,0.25425001214
1,All Population,5,Prevalence,54,Slovakia,3,Both,22,All ages,615,Sickle cell disorders,3,Rate,2020,0.09972769563,0.12854279999,0.07892612354
1,All Population,5,Prevalence,67,Japan,3,Both,22,All ages,615,Sickle cell disorders,3,Rate,2020,0.038426953220000004,0.06043344716,0.02612635677
1,All Population,5,Prevalence,195,Namibia,3,Both,22,All ages,615,Sickle cell disorders,3,Rate,2015,0.83407402261,1.03979948434,0.65159611303
1,All Population,5,Prevalence,175,Burundi,3,Both,22,All ages,615,Sickle cell disorders,3,Rate,2020,25.18910384138,31.613660844269997,20.56253215543
1,All Population,5,Prevalence,181,Madagascar,3,Both,22,All ages,615,Sickle cell disorders,3,Rate,2015,150.13252593643,179.18641218707,126.38711541755
1,All Population,5,Prevalence,115,Jamaica,3,Both,22,All ages,615,Sickle cell disorders,3,Rate,2021,88.33587526576,101.90625946579999,76.59508321595
1,All Population,5,Prevalence,143,Iraq,3,Both,22,All ages,615,Sickle cell disorders,3,Rate,2020,95.18054254284,107.94712094261999,84.02154915253
1,All Population,5,Prevalence,57,Belarus,3,Both,22,All ages,615,Sickle cell disorders,3,Rate,2021,0.02192498674,0.031519363439999996,0.01324409962
1,All Population,5,Prevalence,161,Bangladesh,3,Both,22,All ages,615,Sickle cell disorders,3,Rate,2020,0.25133867998000003,0.33460542462,0.19000275355000001
1,All Population,5,Prevalence,126,Costa Rica,3,Both,22,All ages,615,Sickle cell disorders,3,Rate,2019,0.03594943949,0.058255616,0.01918382449
1,All Population,5,Prevalence,105,Antigua and Barbuda,3,Both,22,All ages,615,Sickle cell disorders,3,Rate,2020,33.56717200894,42.3470441511,25.77887935833
1,All Population,5,Prevalence,81,Germany,3,Both,22,All ages,615,Sickle cell disorders,3,Rate,2019,2.51350087388,2.92384263188,2.17804390234
1,All Population,5,Prevalence,30,Vanuatu,3,Both,22,All ages,615,Sickle cell disorders,3,Rate,2019,0.019533382829999998,0.05140363396,0.0038080362799999996
1,All Population,5,Prevalence,413,Tokelau,3,Both,22,All ages,615,Sickle cell disorders,3,Rate,2018,0.01754018521,0.04636215894,0.00393848074
1,All Population,5,Prevalence,15,Myanmar,3,Both,22,All ages,615,Sickle cell disorders,3,Rate,2021,0.03156497156,0.054659404890000006,0.01633301594
1,All Population,5,Prevalence,25,Micronesia (Federated States of),3,Both,22,All ages,615,Sickle cell disorders,3,Rate,2020,0.01704994051,0.045438794469999995,0.00333139775
1,All Population,5,Prevalence,380,Palau,3,Both,22,All ages,615,Sickle cell disorders,3,Rate,2016,0.01310797968,0.03557332928,0.00258707317
1,All Population,5,Prevalence,101,Canada,3,Both,22,All ages,615,Sickle cell disorders,3,Rate,2019,0.3589316615,0.46079670602999995,0.27221446088
1,All Population,5,Prevalence,128,Guatemala,3,Both,22,All ages,615,Sickle cell disorders,3,Rate,2021,0.04488918307,0.06885336133,0.02706111458
1,All Population,5,Prevalence,128,Guatemala,3,Both,22,All ages,615,Sickle cell disorders,3,Rate,2020,0.04586848585,0.07004683826,0.027563996429999998
1,All Population,5,Prevalence,208,Guinea,3,Both,22,All ages,615,Sickle cell disorders,3,Rate,2020,938.41259791377,1117.1845723017,814.71974837026
1,All Population,5,Prevalence,51,Poland,3,Both,22,All ages,615,Sickle cell disorders,3,Rate,2021,0.45926720021,0.60401375734,0.35486279941000004
1,All Population,5,Prevalence,8,Taiwan,3,Both,22,All ages,615,Sickle cell disorders,3,Rate,2020,1.7828154733300001,2.10760055617,1.47472827904
1,All Population,5,Prevalence,71,Australia,3,Both,22,All ages,615,Sickle cell disorders,3,Rate,2020,0.38531075895,0.50750026067,0.30033084554
1,All Population,5,Prevalence,97,Argentina,3,Both,22,All ages,615,Sickle cell disorders,3,Rate,2019,0.0591207851,0.08319623232,0.03916689497
1,All Population,5,Prevalence,144,Jordan,3,Both,22,All ages,615,Sickle cell disorders,3,Rate,2021,61.78960152191,78.62474200212999,49.156060516059995
1,All Population,5,Prevalence,114,Haiti,3,Both,22,All ages,615,Sickle cell disorders,3,Rate,2019,115.99232232787,131.67079741277,97.78565753817
1,All Population,5,Prevalence,211,Mali,3,Both,22,All ages,615,Sickle cell disorders,3,Rate,2017,323.45142045475,371.50797904251,285.79003717642
1,All Population,5,Prevalence,349,Greenland,3,Both,22,All ages,615,Sickle cell disorders,3,Rate,2019,0.47682637030999997,0.7127712015200001,0.32778970283
1,All Population,5,Prevalence,416,Tuvalu,3,Both,22,All ages,615,Sickle cell disorders,3,Rate,2015,0.016608051710000002,0.04362914051,0.00291727023
1,All Population,5,Prevalence,214,Nigeria,3,Both,22,All ages,615,Sickle cell disorders,3,Rate,2019,1133.90565994849,1422.97424835776,932.2371258627401
1,All Population,5,Prevalence,153,Syrian Arab Republic,3,Both,22,All ages,615,Sickle cell disorders,3,Rate,2019,10.005272125,11.55852579699,8.32787496378
1,All Population,5,Prevalence,190,Uganda,3,Both,22,All ages,615,Sickle cell disorders,3,Rate,2020,241.08558132262,282.01505444776,205.12253262795002
1,All Population,5,Prevalence,211,Mali,3,Both,22,All ages,615,Sickle cell disorders,3,Rate,2020,320.79004599114,367.24092821866,283.66706994313
1,All Population,5,Prevalence,84,Ireland,3,Both,22,All ages,615,Sickle cell disorders,3,Rate,2019,4.12640117685,4.94069247435,3.4226067473599997
1,All Population,5,Prevalence,207,Ghana,3,Both,22,All ages,615,Sickle cell disorders,3,Rate,2020,805.02276842083,890.14138783588,735.3679731790199
1,All Population,5,Prevalence,367,Monaco,3,Both,22,All ages,615,Sickle cell disorders,3,Rate,2020,3.0311447623000003,3.70998902171,2.49521180587
1,All Population,5,Prevalence,113,Guyana,3,Both,22,All ages,615,Sickle cell disorders,3,Rate,2020,51.61720255544,66.0511135932,38.82383692933
1,All Population,5,Prevalence,85,Israel,3,Both,22,All ages,615,Sickle cell disorders,3,Rate,2020,8.52308839634,10.254736326469999,7.13206225319
1,All Population,5,Prevalence,179,Ethiopia,3,Both,22,All ages,615,Sickle cell disorders,3,Rate,2017,1.45683844489,1.93418323765,1.1197309480100002
1,All Population,5,Prevalence,145,Kuwait,3,Both,22,All ages,615,Sickle cell disorders,3,Rate,2020,33.54397763553,40.2667878024,27.5659358226
1,All Population,5,Prevalence,369,Nauru,3,Both,22,All ages,615,Sickle cell disorders,3,Rate,2020,0.01885237819,0.0489248821,0.0035983322400000004
1,All Population,5,Prevalence,10,Cambodia,3,Both,22,All ages,615,Sickle cell disorders,3,Rate,2017,0.0358486186,0.061237792390000004,0.01870463643
1,All Population,5,Prevalence,218,Togo,3,Both,22,All ages,615,Sickle cell disorders,3,Rate,2015,973.48746321075,1102.2312087426199,867.0644273265001
1,All Population,5,Prevalence,203,Cabo Verde,3,Both,22,All ages,615,Sickle cell disorders,3,Rate,2019,50.02775182379,60.61810101248,40.98201557678
1,All Population,5,Prevalence,210,Liberia,3,Both,22,All ages,615,Sickle cell disorders,3,Rate,2015,180.85777336895,209.82560883747,156.13111021616
1,All Population,5,Prevalence,111,Dominican Republic,3,Both,22,All ages,615,Sickle cell disorders,3,Rate,2019,74.00241900128,87.09443449359,59.75670701966
1,All Population,5,Prevalence,107,Barbados,3,Both,22,All ages,615,Sickle cell disorders,3,Rate,2019,30.81328546475,39.15963354958,23.99747140305
1,All Population,5,Prevalence,92,Spain,3,Both,22,All ages,615,Sickle cell disorders,3,Rate,2019,4.10616452907,4.75443573367,3.5309460477599997
1,All Population,5,Prevalence,413,Tokelau,3,Both,22,All ages,615,Sickle cell disorders,3,Rate,2019,0.01739340698,0.04581461273,0.00387998147
1,All Population,5,Prevalence,13,Malaysia,3,Both,22,All ages,615,Sickle cell disorders,3,Rate,2021,0.035007526149999996,0.062460856499999995,0.02016128711
1,All Population,5,Prevalence,160,Afghanistan,3,Both,22,All ages,615,Sickle cell disorders,3,Rate,2020,82.34801968152999,103.57516516710001,63.97766912291
1,All Population,5,Prevalence,122,Ecuador,3,Both,22,All ages,615,Sickle cell disorders,3,Rate,2020,3.9078883133600004,4.26779219198,3.55149440224
1,All Population,5,Prevalence,131,Nicaragua,3,Both,22,All ages,615,Sickle cell disorders,3,Rate,2019,0.07038717031,0.09738816548,0.049350082770000005
1,All Population,5,Prevalence,211,Mali,3,Both,22,All ages,615,Sickle cell disorders,3,Rate,2019,321.60419463635,368.28933782377,284.83304144898
1,All Population,5,Prevalence,84,Ireland,3,Both,22,All ages,615,Sickle cell disorders,3,Rate,2020,4.08886676382,4.91160539204,3.37791023777
1,All Population,5,Prevalence,20,Viet Nam,3,Both,22,All ages,615,Sickle cell disorders,3,Rate,2021,0.03270936268,0.05867481247,0.018114813940000002
1,All Population,5,Prevalence,186,Seychelles,3,Both,22,All ages,615,Sickle cell disorders,3,Rate,2020,0.03404466949,0.05982482434,0.020038012089999998
1,All Population,5,Prevalence,169,Central African Republic,3,Both,22,All ages,615,Sickle cell disorders,3,Rate,2020,393.69693421485994,471.91791495714,334.53232078068
1,All Population,5,Prevalence,17,Sri Lanka,3,Both,22,All ages,615,Sickle cell disorders,3,Rate,2019,0.03336078365,0.05861981101,0.01890774227
1,All Population,5,Prevalence,139,Algeria,3,Both,22,All ages,615,Sickle cell disorders,3,Rate,2020,9.5703329283,11.15253566667,7.90184246828
1,All Population,5,Prevalence,153,Syrian Arab Republic,3,Both,22,All ages,615,Sickle cell disorders,3,Rate,2020,9.89634860132,11.46770432959,8.20520557469
1,All Population,5,Prevalence,178,Eritrea,3,Both,22,All ages,615,Sickle cell disorders,3,Rate,2019,8.964516812569999,11.6439840106,6.95141202836
1,All Population,5,Prevalence,205,Côte d'Ivoire,3,Both,22,All ages,615,Sickle cell disorders,3,Rate,2015,274.0397272833,303.46712455193,244.70638214668003
1,All Population,5,Prevalence,110,Dominica,3,Both,22,All ages,615,Sickle cell disorders,3,Rate,2017,38.99246066979,49.53778533743,30.639873475820004
1,All Population,5,Prevalence,187,Somalia,3,Both,22,All ages,615,Sickle cell disorders,3,Rate,2017,1.5354484449999999,2.07367573819,1.1415573748299999
1,All Population,5,Prevalence,142,Iran (Islamic Republic of),3,Both,22,All ages,615,Sickle cell disorders,3,Rate,2020,92.39821966687,114.58833573497,71.04641409129
1,All Population,5,Prevalence,80,France,3,Both,22,All ages,615,Sickle cell disorders,3,Rate,2019,10.02172395874,11.55977131536,8.50509637991
1,All Population,5,Prevalence,106,Bahamas,3,Both,22,All ages,615,Sickle cell disorders,3,Rate,2020,67.08140415691,86.00178686299,52.35761942253
1,All Population,5,Prevalence,93,Sweden,3,Both,22,All ages,615,Sickle cell disorders,3,Rate,2020,4.3266515088499995,5.35284490249,3.45758720056
1,All Population,5,Prevalence,202,Cameroon,3,Both,22,All ages,615,Sickle cell disorders,3,Rate,2017,411.75926472151997,475.82335756785005,353.69063946478
1,All Population,5,Prevalence,215,Sao Tome and Principe,3,Both,22,All ages,615,Sickle cell disorders,3,Rate,2017,512.7365065249501,619.37887627913,413.36236637502003
1,All Population,5,Prevalence,126,Costa Rica,3,Both,22,All ages,615,Sickle cell disorders,3,Rate,2020,0.0352600096,0.05660108338000001,0.01883157373
1,All Population,5,Prevalence,320,Cook Islands,3,Both,22,All ages,615,Sickle cell disorders,3,Rate,2019,0.0154170609,0.03180485508,0.0038472832000000005
1,All Population,5,Prevalence,198,Zimbabwe,3,Both,22,All ages,615,Sickle cell disorders,3,Rate,2020,5.64987675523,7.0410744764999995,4.50691445607
1,All Population,5,Prevalence,152,Saudi Arabia,3,Both,22,All ages,615,Sickle cell disorders,3,Rate,2020,301.94909179592,361.76304880801,245.59387639608
1,All Population,5,Prevalence,81,Germany,3,Both,22,All ages,615,Sickle cell disorders,3,Rate,2020,2.51299202474,2.92784025499,2.18092870964
1,All Population,5,Prevalence,217,Sierra Leone,3,Both,22,All ages,615,Sickle cell disorders,3,Rate,2018,1162.39317188351,1353.12617110125,1003.43094716586
1,All Population,5,Prevalence,77,Cyprus,3,Both,22,All ages,615,Sickle cell disorders,3,Rate,2020,12.461584953060001,14.184143776079999,10.82764939749
1,All Population,5,Prevalence,49,North Macedonia,3,Both,22,All ages,615,Sickle cell disorders,3,Rate,2020,0.0467931133,0.06198554649,0.0328226942
1,All Population,5,Prevalence,66,Brunei Darussalam,3,Both,22,All ages,615,Sickle cell disorders,3,Rate,2019,0.09268742099,0.12217715264000001,0.06821143618
1,All Population,5,Prevalence,8,Taiwan,3,Both,22,All ages,615,Sickle cell disorders,3,Rate,2019,1.80519800648,2.13290650257,1.48772766731
1,All Population,5,Prevalence,27,Samoa,3,Both,22,All ages,615,Sickle cell disorders,3,Rate,2017,0.02003433507,0.05270711478,0.0042070885
1,All Population,5,Prevalence,351,Guam,3,Both,22,All ages,615,Sickle cell disorders,3,Rate,2020,0.01588892049,0.0425397653,0.0036858312600000004
1,All Population,5,Prevalence,40,Turkmenistan,3,Both,22,All ages,615,Sickle cell disorders,3,Rate,2017,0.00980798985,0.01706090252,0.00375965928
1,All Population,5,Prevalence,145,Kuwait,3,Both,22,All ages,615,Sickle cell disorders,3,Rate,2019,33.88298113539,40.48973220166,27.84398805685
1,All Population,5,Prevalence,173,Gabon,3,Both,22,All ages,615,Sickle cell disorders,3,Rate,2020,388.99299527882005,483.09475632952996,330.68048388713004
1,All Population,5,Prevalence,435,South Sudan,3,Both,22,All ages,615,Sickle cell disorders,3,Rate,2020,10.381350791920001,13.604134868920001,8.28971728728
1,All Population,5,Prevalence,146,Lebanon,3,Both,22,All ages,615,Sickle cell disorders,3,Rate,2020,45.45845092756,55.22332462102,37.190005659149996
1,All Population,5,Prevalence,7,Democratic People's Republic of Korea,3,Both,22,All ages,615,Sickle cell disorders,3,Rate,2021,1.61149249743,2.06320750816,1.24033549747
1,All Population,5,Prevalence,190,Uganda,3,Both,22,All ages,615,Sickle cell disorders,3,Rate,2019,242.82216507404,282.87572396474,206.96904503175003
1,All Population,5,Prevalence,380,Palau,3,Both,22,All ages,615,Sickle cell disorders,3,Rate,2019,0.012541850370000001,0.033753519399999994,0.0024825663
1,All Population,5,Prevalence,37,Kyrgyzstan,3,Both,22,All ages,615,Sickle cell disorders,3,Rate,2021,0.01055420815,0.01726753427,0.0042708322
1,All Population,5,Prevalence,39,Tajikistan,3,Both,22,All ages,615,Sickle cell disorders,3,Rate,2020,0.01044866271,0.019767619740000002,0.00394522989
1,All Population,5,Prevalence,39,Tajikistan,3,Both,22,All ages,615,Sickle cell disorders,3,Rate,2021,0.01045895336,0.01962387324,0.00395012332
1,All Population,5,Prevalence,24,Marshall Islands,3,Both,22,All ages,615,Sickle cell disorders,3,Rate,2020,0.018509867250000003,0.04803827118,0.0036912414900000003
1,All Population,5,Prevalence,62,Russian Federation,3,Both,22,All ages,615,Sickle cell disorders,3,Rate,2020,0.02176560395,0.029801142760000003,0.01483738436
1,All Population,5,Prevalence,82,Greece,3,Both,22,All ages,615,Sickle cell disorders,3,Rate,2021,18.44234204703,20.65541073452,16.27705303243
1,All Population,5,Prevalence,178,Eritrea,3,Both,22,All ages,615,Sickle cell disorders,3,Rate,2020,8.90367913768,11.529010717950001,6.901058118300001
1,All Population,5,Prevalence,67,Japan,3,Both,22,All ages,615,Sickle cell disorders,3,Rate,2021,0.03815729869,0.06005481117000001,0.02596191545
1,All Population,5,Prevalence,165,Pakistan,3,Both,22,All ages,615,Sickle cell disorders,3,Rate,2020,0.09996023564,0.14098816409,0.06753899924000001
1,All Population,5,Prevalence,94,Switzerland,3,Both,22,All ages,615,Sickle cell disorders,3,Rate,2020,11.09659827338,12.27277293004,10.02331717201
1,All Population,5,Prevalence,18,Thailand,3,Both,22,All ages,615,Sickle cell disorders,3,Rate,2019,0.02197478508,0.04141969233,0.01164618707
1,All Population,5,Prevalence,46,Croatia,3,Both,22,All ages,615,Sickle cell disorders,3,Rate,2019,0.31851226477,0.39962513441999997,0.26019630095999996
1,All Population,5,Prevalence,16,Philippines,3,Both,22,All ages,615,Sickle cell disorders,3,Rate,2020,0.04073546272,0.06780143294999999,0.022626443479999998
1,All Population,5,Prevalence,121,Bolivia (Plurinational State of),3,Both,22,All ages,615,Sickle cell disorders,3,Rate,2020,4.00246795531,5.15966688544,3.13001454693
1,All Population,5,Prevalence,35,Georgia,3,Both,22,All ages,615,Sickle cell disorders,3,Rate,2020,0.0084086802,0.013594566229999999,0.00353969844
1,All Population,5,Prevalence,50,Montenegro,3,Both,22,All ages,615,Sickle cell disorders,3,Rate,2020,0.04644010932,0.06358702298,0.0317830666
1,All Population,5,Prevalence,140,Bahrain,3,Both,22,All ages,615,Sickle cell disorders,3,Rate,2019,660.99057789686,823.05781576026,515.79966257822
1,All Population,5,Prevalence,127,El Salvador,3,Both,22,All ages,615,Sickle cell disorders,3,Rate,2020,0.04419048853,0.06503806891,0.02806361307
1,All Population,5,Prevalence,78,Denmark,3,Both,22,All ages,615,Sickle cell disorders,3,Rate,2018,5.29038497118,6.146003234530001,4.53097951217
1,All Population,5,Prevalence,35,Georgia,3,Both,22,All ages,615,Sickle cell disorders,3,Rate,2017,0.00860464526,0.01369067121,0.0035822036900000002
1,All Population,5,Prevalence,63,Ukraine,3,Both,22,All ages,615,Sickle cell disorders,3,Rate,2020,0.02159197377,0.03065305453,0.0148805311
1,All Population,5,Prevalence,93,Sweden,3,Both,22,All ages,615,Sickle cell disorders,3,Rate,2017,4.13705643744,5.08800817638,3.3610289537299995
1,All Population,5,Prevalence,127,El Salvador,3,Both,22,All ages,615,Sickle cell disorders,3,Rate,2017,0.04587591533,0.0645019009,0.029893328120000003
1,All Population,5,Prevalence,205,Côte d'Ivoire,3,Both,22,All ages,615,Sickle cell disorders,3,Rate,2017,272.0459034166,302.65979601887,242.13800660015002
1,All Population,5,Prevalence,168,Angola,3,Both,22,All ages,615,Sickle cell disorders,3,Rate,2020,550.65974558987,673.81250312444,451.58825610847003
1,All Population,5,Prevalence,172,Equatorial Guinea,3,Both,22,All ages,615,Sickle cell disorders,3,Rate,2019,863.16782373608,1027.87298534112,730.15606636511
1,All Population,5,Prevalence,86,Italy,3,Both,22,All ages,615,Sickle cell disorders,3,Rate,2021,4.28726147876,4.8083799846,3.84661678659
1,All Population,5,Prevalence,86,Italy,3,Both,22,All ages,615,Sickle cell disorders,3,Rate,2018,4.40306271474,4.94371017543,3.95809467696
1,All Population,5,Prevalence,101,Canada,3,Both,22,All ages,615,Sickle cell disorders,3,Rate,2018,0.40867258062999995,0.51535866443,0.3195600387
1,All Population,5,Prevalence,10,Cambodia,3,Both,22,All ages,615,Sickle cell disorders,3,Rate,2021,0.03459562117,0.05894608764,0.01791060107
1,All Population,5,Prevalence,6,China,3,Both,22,All ages,615,Sickle cell disorders,3,Rate,2021,1.48489709026,1.87271648297,1.15576095921
1,All Population,5,Prevalence,177,Djibouti,3,Both,22,All ages,615,Sickle cell disorders,3,Rate,2019,7.832835944269999,10.10450261972,6.10193674558
1,All Population,5,Prevalence,197,Eswatini,3,Both,22,All ages,615,Sickle cell disorders,3,Rate,2020,0.7641357328099999,0.9530893605799999,0.59323162165
1,All Population,5,Prevalence,36,Kazakhstan,3,Both,22,All ages,615,Sickle cell disorders,3,Rate,2021,0.00979896902,0.01637460386,0.00404274058
1,All Population,5,Prevalence,68,Republic of Korea,3,Both,22,All ages,615,Sickle cell disorders,3,Rate,2020,0.06791564900000001,0.09146791894,0.048286241949999996
1,All Population,5,Prevalence,55,Slovenia,3,Both,22,All ages,615,Sickle cell disorders,3,Rate,2017,0.07831315209999999,0.10132171389,0.06087663149
1,All Population,5,Prevalence,422,United States Virgin Islands,3,Both,22,All ages,615,Sickle cell disorders,3,Rate,2017,31.07790117006,38.90162801673,24.00019306876
1,All Population,5,Prevalence,202,Cameroon,3,Both,22,All ages,615,Sickle cell disorders,3,Rate,2018,410.57478697814,474.04214099579997,355.42882664873997
1,All Population,5,Prevalence,45,Bulgaria,3,Both,22,All ages,615,Sickle cell disorders,3,Rate,2019,0.034785322769999995,0.04660411901,0.02322166904
1,All Population,5,Prevalence,320,Cook Islands,3,Both,22,All ages,615,Sickle cell disorders,3,Rate,2020,0.015429313660000001,0.03192398396,0.0038521501400000002
1,All Population,5,Prevalence,298,American Samoa,3,Both,22,All ages,615,Sickle cell disorders,3,Rate,2020,0.017902183159999998,0.04841967096,0.00401659647
1,All Population,5,Prevalence,393,Saint Kitts and Nevis,3,Both,22,All ages,615,Sickle cell disorders,3,Rate,2020,35.58098033858,46.47608708636,26.71458717353
1,All Population,5,Prevalence,102,United States of America,3,Both,22,All ages,615,Sickle cell disorders,3,Rate,2020,17.69645566257,18.841964621019997,16.67981731959
1,All Population,5,Prevalence,130,Mexico,3,Both,22,All ages,615,Sickle cell disorders,3,Rate,2019,0.86173064648,1.1876606091700002,0.63093223952
1,All Population,5,Prevalence,125,Colombia,3,Both,22,All ages,615,Sickle cell disorders,3,Rate,2019,0.37215384365000004,0.451678815,0.29974571596
1,All Population,5,Prevalence,133,Venezuela (Bolivarian Republic of),3,Both,22,All ages,615,Sickle cell disorders,3,Rate,2018,2.6762122426699997,3.35429129803,2.17061131906
1,All Population,5,Prevalence,148,Morocco,3,Both,22,All ages,615,Sickle cell disorders,3,Rate,2018,10.76457720298,12.676913475089998,8.84080607015
1,All Population,5,Prevalence,380,Palau,3,Both,22,All ages,615,Sickle cell disorders,3,Rate,2018,0.01271257783,0.03433786631,0.0025133298
1,All Population,5,Prevalence,23,Kiribati,3,Both,22,All ages,615,Sickle cell disorders,3,Rate,2021,0.01738696864,0.04571938673,0.00342436283
1,All Population,5,Prevalence,193,Botswana,3,Both,22,All ages,615,Sickle cell disorders,3,Rate,2019,17.376099700210002,20.52664651378,14.63234468749
1,All Population,5,Prevalence,87,Luxembourg,3,Both,22,All ages,615,Sickle cell disorders,3,Rate,2017,21.450407952680003,24.57156699104,18.86151954705
1,All Population,5,Prevalence,36,Kazakhstan,3,Both,22,All ages,615,Sickle cell disorders,3,Rate,2020,0.009681013839999999,0.01631808877,0.00407024479
1,All Population,5,Prevalence,93,Sweden,3,Both,22,All ages,615,Sickle cell disorders,3,Rate,2019,4.29695071744,5.28188487139,3.4650258849199997
1,All Population,5,Prevalence,63,Ukraine,3,Both,22,All ages,615,Sickle cell disorders,3,Rate,2018,0.02222742748,0.03078465619,0.015273565040000001
1,All Population,5,Prevalence,110,Dominica,3,Both,22,All ages,615,Sickle cell disorders,3,Rate,2018,37.82749330585,47.80212618745,29.51096005631
1,All Population,5,Prevalence,183,Mauritius,3,Both,22,All ages,615,Sickle cell disorders,3,Rate,2020,0.02780029892,0.051925233589999994,0.01501225916
1,All Population,5,Prevalence,201,Burkina Faso,3,Both,22,All ages,615,Sickle cell disorders,3,Rate,2020,1113.7927157038,1258.83730327111,989.00283038388
1,All Population,5,Prevalence,97,Argentina,3,Both,22,All ages,615,Sickle cell disorders,3,Rate,2021,0.05707675282,0.08022019458,0.03756176218
1,All Population,5,Prevalence,52,Romania,3,Both,22,All ages,615,Sickle cell disorders,3,Rate,2021,0.10156308651,0.13406209844,0.07545417734
1,All Population,5,Prevalence,185,Rwanda,3,Both,22,All ages,615,Sickle cell disorders,3,Rate,2019,7.87779176567,9.92134244648,6.42174187308
1,All Population,5,Prevalence,53,Serbia,3,Both,22,All ages,615,Sickle cell disorders,3,Rate,2020,0.00748691456,0.014975834379999999,0.00346407398
1,All Population,5,Prevalence,117,Saint Vincent and the Grenadines,3,Both,22,All ages,615,Sickle cell disorders,3,Rate,2021,41.04083890091,53.531126114589995,31.48117143085
1,All Population,5,Prevalence,66,Brunei Darussalam,3,Both,22,All ages,615,Sickle cell disorders,3,Rate,2021,0.09004790497,0.11847326872000001,0.06548674836
1,All Population,5,Prevalence,187,Somalia,3,Both,22,All ages,615,Sickle cell disorders,3,Rate,2020,1.53886579634,2.05337620345,1.12508577722
1,All Population,5,Prevalence,213,Niger,3,Both,22,All ages,615,Sickle cell disorders,3,Rate,2020,602.0189817649899,711.53891613716,527.8527178263801
1,All Population,5,Prevalence,139,Algeria,3,Both,22,All ages,615,Sickle cell disorders,3,Rate,2019,9.64604926562,11.192017012520001,7.94838318493
1,All Population,5,Prevalence,17,Sri Lanka,3,Both,22,All ages,615,Sickle cell disorders,3,Rate,2021,0.03235064504,0.05739276674,0.0182187394
1,All Population,5,Prevalence,17,Sri Lanka,3,Both,22,All ages,615,Sickle cell disorders,3,Rate,2018,0.03381292054,0.05953215282,0.01925616526
1,All Population,5,Prevalence,115,Jamaica,3,Both,22,All ages,615,Sickle cell disorders,3,Rate,2020,91.76641262395,103.50261657054,79.6844089336
1,All Population,5,Prevalence,10,Cambodia,3,Both,22,All ages,615,Sickle cell disorders,3,Rate,2020,0.03506113611,0.05933511412,0.01816060987
1,All Population,5,Prevalence,369,Nauru,3,Both,22,All ages,615,Sickle cell disorders,3,Rate,2019,0.01897702392,0.04929757578999999,0.0036336127600000005
1,All Population,5,Prevalence,53,Serbia,3,Both,22,All ages,615,Sickle cell disorders,3,Rate,2021,0.00743974755,0.01486602328,0.00343641457
1,All Population,5,Prevalence,130,Mexico,3,Both,22,All ages,615,Sickle cell disorders,3,Rate,2021,0.8343147487999999,1.15168897006,0.6092651382500001
1,All Population,5,Prevalence,210,Liberia,3,Both,22,All ages,615,Sickle cell disorders,3,Rate,2020,171.70779443644,198.81395546829003,149.00518096361
1,All Population,5,Prevalence,98,Chile,3,Both,22,All ages,615,Sickle cell disorders,3,Rate,2021,0.31598332531,0.39498845881000005,0.25137344712000004
1,All Population,5,Prevalence,129,Honduras,3,Both,22,All ages,615,Sickle cell disorders,3,Rate,2021,0.018343987529999998,0.030883431769999997,0.0098583979
1,All Population,5,Prevalence,180,Kenya,3,Both,22,All ages,615,Sickle cell disorders,3,Rate,2021,486.02413564706,635.33150349673,380.595719337
1,All Population,5,Prevalence,112,Grenada,3,Both,22,All ages,615,Sickle cell disorders,3,Rate,2021,39.6804996662,51.077831000029995,31.178268596429998
1,All Population,5,Prevalence,146,Lebanon,3,Both,22,All ages,615,Sickle cell disorders,3,Rate,2021,45.087489710780005,55.0162663553,37.07275070016
1,All Population,5,Prevalence,109,Cuba,3,Both,22,All ages,615,Sickle cell disorders,3,Rate,2018,11.918459732619999,14.31060615016,9.87070825527
1,All Population,5,Prevalence,154,Tunisia,3,Both,22,All ages,615,Sickle cell disorders,3,Rate,2019,56.145239854809994,69.59894738975,44.30471619563
1,All Population,5,Prevalence,28,Solomon Islands,3,Both,22,All ages,615,Sickle cell disorders,3,Rate,2021,0.01937389797,0.051368241989999994,0.00386286122
1,All Population,5,Prevalence,216,Senegal,3,Both,22,All ages,615,Sickle cell disorders,3,Rate,2019,279.65290573955,322.50682158847997,243.05601007840002
1,All Population,5,Prevalence,125,Colombia,3,Both,22,All ages,615,Sickle cell disorders,3,Rate,2018,0.37591652693,0.45064893296999997,0.30529723816
1,All Population,5,Prevalence,422,United States Virgin Islands,3,Both,22,All ages,615,Sickle cell disorders,3,Rate,2019,29.24576291209,36.82776227696,22.1481526618
1,All Population,5,Prevalence,60,Lithuania,3,Both,22,All ages,615,Sickle cell disorders,3,Rate,2021,0.04525720768,0.05784542061,0.0338856408
1,All Population,5,Prevalence,15,Myanmar,3,Both,22,All ages,615,Sickle cell disorders,3,Rate,2020,0.031735944429999996,0.05482338972,0.01639384234
1,All Population,5,Prevalence,62,Russian Federation,3,Both,22,All ages,615,Sickle cell disorders,3,Rate,2021,0.02146254283,0.02936371014,0.01464384321
1,All Population,5,Prevalence,189,United Republic of Tanzania,3,Both,22,All ages,615,Sickle cell disorders,3,Rate,2017,263.85207833732,304.41688981144,226.06602112797
1,All Population,5,Prevalence,171,Democratic Republic of the Congo,3,Both,22,All ages,615,Sickle cell disorders,3,Rate,2019,701.9749969367,811.5886226981299,596.72203416067
1,All Population,5,Prevalence,155,Türkiye,3,Both,22,All ages,615,Sickle cell disorders,3,Rate,2019,13.22459899092,15.159064766459998,11.63983774708
1,All Population,5,Prevalence,33,Armenia,3,Both,22,All ages,615,Sickle cell disorders,3,Rate,2019,0.00793929316,0.01364131151,0.00346786413
1,All Population,5,Prevalence,305,Bermuda,3,Both,22,All ages,615,Sickle cell disorders,3,Rate,2020,21.939780654859998,27.883056282400002,17.16093280846
1,All Population,5,Prevalence,155,Türkiye,3,Both,22,All ages,615,Sickle cell disorders,3,Rate,2020,13.12927133951,15.0833376523,11.561555628899999
1,All Population,5,Prevalence,180,Kenya,3,Both,22,All ages,615,Sickle cell disorders,3,Rate,2018,503.07776735587004,657.73342590798,394.90074674184996
1,All Population,5,Prevalence,30,Vanuatu,3,Both,22,All ages,615,Sickle cell disorders,3,Rate,2020,0.0193904929,0.05135737021,0.00375218551
1,All Population,5,Prevalence,68,Republic of Korea,3,Both,22,All ages,615,Sickle cell disorders,3,Rate,2021,0.06619611977999999,0.08926289379999999,0.04701679649
1,All Population,5,Prevalence,43,Albania,3,Both,22,All ages,615,Sickle cell disorders,3,Rate,2021,0.05984579338,0.07682516126,0.04525443713
1,All Population,5,Prevalence,162,Bhutan,3,Both,22,All ages,615,Sickle cell disorders,3,Rate,2020,0.21646727953,0.2773938088,0.16071190628999998
1,All Population,5,Prevalence,147,Libya,3,Both,22,All ages,615,Sickle cell disorders,3,Rate,2020,238.29441642568003,282.74731413436996,197.28787735773
1,All Population,5,Prevalence,72,New Zealand,3,Both,22,All ages,615,Sickle cell disorders,3,Rate,2018,1.01090089803,1.21395908361,0.8478892850199999
1,All Population,5,Prevalence,113,Guyana,3,Both,22,All ages,615,Sickle cell disorders,3,Rate,2021,50.98259366496,64.30071167855,39.08816180833
1,All Population,5,Prevalence,208,Guinea,3,Both,22,All ages,615,Sickle cell disorders,3,Rate,2019,940.63557402644,1112.5867584077,821.4806767649701
1,All Population,5,Prevalence,200,Benin,3,Both,22,All ages,615,Sickle cell disorders,3,Rate,2019,1302.96031809337,1555.74589014761,1085.17825695411
1,All Population,5,Prevalence,141,Egypt,3,Both,22,All ages,615,Sickle cell disorders,3,Rate,2020,99.31608750625,112.79199679796,84.0196751287
1,All Population,5,Prevalence,117,Saint Vincent and the Grenadines,3,Both,22,All ages,615,Sickle cell disorders,3,Rate,2018,43.79437022284,57.085876118950004,33.34798854478
1,All Population,5,Prevalence,83,Iceland,3,Both,22,All ages,615,Sickle cell disorders,3,Rate,2021,2.89220621744,3.6127257041600003,2.30035217556
1,All Population,5,Prevalence,160,Afghanistan,3,Both,22,All ages,615,Sickle cell disorders,3,Rate,2021,82.19133147029,103.34249552641,63.82400406464
1,All Population,5,Prevalence,132,Panama,3,Both,22,All ages,615,Sickle cell disorders,3,Rate,2018,0.07020976068,0.09690726998000002,0.04970335713
1,All Population,5,Prevalence,151,Qatar,3,Both,22,All ages,615,Sickle cell disorders,3,Rate,2018,65.14757209643,81.31869543757,51.52567108427999
1,All Population,5,Prevalence,396,San Marino,3,Both,22,All ages,615,Sickle cell disorders,3,Rate,2020,3.1125956471399996,3.7594120566,2.54867640929
1,All Population,5,Prevalence,131,Nicaragua,3,Both,22,All ages,615,Sickle cell disorders,3,Rate,2020,0.06980116043,0.09882548061,0.047989472850000006
1,All Population,5,Prevalence,196,South Africa,3,Both,22,All ages,615,Sickle cell disorders,3,Rate,2018,0.28103276829,0.36356498708,0.21052315788
1,All Population,5,Prevalence,95,United Kingdom,3,Both,22,All ages,615,Sickle cell disorders,3,Rate,2020,4.85890455779,6.02220721504,3.94793067193
1,All Population,5,Prevalence,79,Finland,3,Both,22,All ages,615,Sickle cell disorders,3,Rate,2018,4.499942733389999,5.256294882680001,3.83160970666
1,All Population,5,Prevalence,135,Brazil,3,Both,22,All ages,615,Sickle cell disorders,3,Rate,2020,8.60658118277,9.62479439485,7.72230276035
1,All Population,5,Prevalence,49,North Macedonia,3,Both,22,All ages,615,Sickle cell disorders,3,Rate,2018,0.048475128220000004,0.06334379518000001,0.03401194708
1,All Population,5,Prevalence,176,Comoros,3,Both,22,All ages,615,Sickle cell disorders,3,Rate,2021,1.80138269244,2.37116850695,1.32979357999
1,All Population,5,Prevalence,118,Suriname,3,Both,22,All ages,615,Sickle cell disorders,3,Rate,2020,46.303331919129995,58.94763085654,35.47022588774
1,All Population,5,Prevalence,194,Lesotho,3,Both,22,All ages,615,Sickle cell disorders,3,Rate,2021,0.65286583253,0.8190511611000001,0.51865640287
1,All Population,5,Prevalence,108,Belize,3,Both,22,All ages,615,Sickle cell disorders,3,Rate,2020,61.96005256259,79.04344787984999,47.63551504862
1,All Population,5,Prevalence,157,Yemen,3,Both,22,All ages,615,Sickle cell disorders,3,Rate,2017,12.94169394134,15.05205396796,11.02636057461
1,All Population,5,Prevalence,522,Sudan,3,Both,22,All ages,615,Sickle cell disorders,3,Rate,2020,492.48254551009006,593.52100494676,404.47389147057
1,All Population,5,Prevalence,349,Greenland,3,Both,22,All ages,615,Sickle cell disorders,3,Rate,2020,0.47393493489,0.70906890979,0.32304265651999997
1,All Population,5,Prevalence,89,Netherlands,3,Both,22,All ages,615,Sickle cell disorders,3,Rate,2020,0.42993355808,0.54378073589,0.35588927636
1,All Population,5,Prevalence,214,Nigeria,3,Both,22,All ages,615,Sickle cell disorders,3,Rate,2020,1129.0394618363,1416.52321361883,925.9608030651701
1,All Population,5,Prevalence,200,Benin,3,Both,22,All ages,615,Sickle cell disorders,3,Rate,2020,1295.83326318011,1543.02299553613,1074.10122334314
1,All Population,5,Prevalence,396,San Marino,3,Both,22,All ages,615,Sickle cell disorders,3,Rate,2019,3.1485153955,3.80296407292,2.58629858485
1,All Population,5,Prevalence,95,United Kingdom,3,Both,22,All ages,615,Sickle cell disorders,3,Rate,2017,4.97627165754,6.1311703527,4.06228219557
1,All Population,5,Prevalence,156,United Arab Emirates,3,Both,22,All ages,615,Sickle cell disorders,3,Rate,2021,15.46984214952,18.10590307464,12.81370168187
1,All Population,5,Prevalence,161,Bangladesh,3,Both,22,All ages,615,Sickle cell disorders,3,Rate,2021,0.25015022091,0.3313949328,0.18666876599999999
1,All Population,5,Prevalence,16,Philippines,3,Both,22,All ages,615,Sickle cell disorders,3,Rate,2021,0.039906845149999995,0.06692611613,0.022128766669999998
1,All Population,5,Prevalence,135,Brazil,3,Both,22,All ages,615,Sickle cell disorders,3,Rate,2021,8.52960362048,9.5137047734,7.62836049933
1,All Population,5,Prevalence,90,Norway,3,Both,22,All ages,615,Sickle cell disorders,3,Rate,2020,2.13612906379,2.96476048376,1.51570512042
1,All Population,5,Prevalence,99,Uruguay,3,Both,22,All ages,615,Sickle cell disorders,3,Rate,2020,0.05249337101,0.07537889217,0.03339908978
1,All Population,5,Prevalence,144,Jordan,3,Both,22,All ages,615,Sickle cell disorders,3,Rate,2022,61.23689440525,77.56396263821,47.78551135921
1,All Population,5,Prevalence,75,Austria,3,Both,22,All ages,615,Sickle cell disorders,3,Rate,2021,4.0832050972000005,4.51467549715,3.68402676548
1,All Population,5,Prevalence,184,Mozambique,3,Both,22,All ages,615,Sickle cell disorders,3,Rate,2019,6.38463698605,7.62422703894,5.39573532018
1,All Population,5,Prevalence,109,Cuba,3,Both,22,All ages,615,Sickle cell disorders,3,Rate,2021,12.26796030772,15.08017882461,9.90014763554
1,All Population,5,Prevalence,76,Belgium,3,Both,22,All ages,615,Sickle cell disorders,3,Rate,2020,2.00931072128,2.39408641257,1.6376397857600002
1,All Population,5,Prevalence,20,Viet Nam,3,Both,22,All ages,615,Sickle cell disorders,3,Rate,2022,0.03225481287,0.05733592311999999,0.01761127934
1,All Population,5,Prevalence,435,South Sudan,3,Both,22,All ages,615,Sickle cell disorders,3,Rate,2021,10.21019812072,13.35672966009,8.084091145599999
1,All Population,5,Prevalence,180,Kenya,3,Both,22,All ages,615,Sickle cell disorders,3,Rate,2020,492.21395412378,643.44165842323,385.83869609938
1,All Population,5,Prevalence,148,Morocco,3,Both,22,All ages,615,Sickle cell disorders,3,Rate,2020,10.5905535974,12.469691342669998,8.68097168997
1,All Population,5,Prevalence,11,Indonesia,3,Both,22,All ages,615,Sickle cell disorders,3,Rate,2022,0.03426202306,0.05695251439,0.018151389440000002
1,All Population,5,Prevalence,367,Monaco,3,Both,22,All ages,615,Sickle cell disorders,3,Rate,2021,3.0059521508100002,3.67982128257,2.4742477703000003
1,All Population,5,Prevalence,129,Honduras,3,Both,22,All ages,615,Sickle cell disorders,3,Rate,2022,0.01810889876,0.03147241629,0.00965334922
1,All Population,5,Prevalence,207,Ghana,3,Both,22,All ages,615,Sickle cell disorders,3,Rate,2021,755.23001156339,835.8107278585601,687.11421770654
1,All Population,5,Prevalence,58,Estonia,3,Both,22,All ages,615,Sickle cell disorders,3,Rate,2019,0.02144897627,0.031841658929999996,0.012950337309999999
1,All Population,5,Prevalence,114,Haiti,3,Both,22,All ages,615,Sickle cell disorders,3,Rate,2020,114.93963837628999,132.46843968214,96.72241930627
1,All Population,5,Prevalence,143,Iraq,3,Both,22,All ages,615,Sickle cell disorders,3,Rate,2021,92.2420434391,104.56315450475,80.90427546009
1,All Population,5,Prevalence,206,Gambia,3,Both,22,All ages,615,Sickle cell disorders,3,Rate,2021,304.35854192718,354.12730993975,260.44484671516
1,All Population,5,Prevalence,162,Bhutan,3,Both,22,All ages,615,Sickle cell disorders,3,Rate,2021,0.21117024138999999,0.2717226747,0.15762435261
1,All Population,5,Prevalence,210,Liberia,3,Both,22,All ages,615,Sickle cell disorders,3,Rate,2018,175.2754660144,202.91447978180003,152.50227619358
1,All Population,5,Prevalence,160,Afghanistan,3,Both,22,All ages,615,Sickle cell disorders,3,Rate,2022,82.03803561853,103.49393588731,63.49865303979
1,All Population,5,Prevalence,29,Tonga,3,Both,22,All ages,615,Sickle cell disorders,3,Rate,2021,0.01992763659,0.05382342668000001,0.004260675859999999
1,All Population,5,Prevalence,205,Côte d'Ivoire,3,Both,22,All ages,615,Sickle cell disorders,3,Rate,2018,270.78230072569,302.20370107908,241.03149274333
1,All Population,5,Prevalence,18,Thailand,3,Both,22,All ages,615,Sickle cell disorders,3,Rate,2018,0.022472900509999998,0.04216813068,0.01185693218
1,All Population,5,Prevalence,203,Cabo Verde,3,Both,22,All ages,615,Sickle cell disorders,3,Rate,2020,49.42282459205,60.037619901359996,40.39329989451
1,All Population,5,Prevalence,114,Haiti,3,Both,22,All ages,615,Sickle cell disorders,3,Rate,2022,113.98401374538,131.90074362628002,97.08598272805
1,All Population,5,Prevalence,169,Central African Republic,3,Both,22,All ages,615,Sickle cell disorders,3,Rate,2021,393.68546487858004,473.35832186523,333.85324178274
1,All Population,5,Prevalence,105,Antigua and Barbuda,3,Both,22,All ages,615,Sickle cell disorders,3,Rate,2021,33.05759207523,41.66633320193,25.49254751921
1,All Population,5,Prevalence,204,Chad,3,Both,22,All ages,615,Sickle cell disorders,3,Rate,2021,109.58010542900999,128.02447364673,93.26064512776
1,All Population,5,Prevalence,152,Saudi Arabia,3,Both,22,All ages,615,Sickle cell disorders,3,Rate,2021,301.33226926833004,361.5673942543,244.98138940877
1,All Population,5,Prevalence,175,Burundi,3,Both,22,All ages,615,Sickle cell disorders,3,Rate,2021,24.81303284712,31.056325237330004,20.58997527388
1,All Population,5,Prevalence,71,Australia,3,Both,22,All ages,615,Sickle cell disorders,3,Rate,2019,0.38787253418,0.50823838001,0.30495375642
1,All Population,5,Prevalence,97,Argentina,3,Both,22,All ages,615,Sickle cell disorders,3,Rate,2022,0.05612752701,0.07971723727,0.03711668315
1,All Population,5,Prevalence,86,Italy,3,Both,22,All ages,615,Sickle cell disorders,3,Rate,2020,4.32239393125,4.84982391699,3.87538084884
1,All Population,5,Prevalence,67,Japan,3,Both,22,All ages,615,Sickle cell disorders,3,Rate,2022,0.03784949734,0.05960446624,0.02580882007
1,All Population,5,Prevalence,82,Greece,3,Both,22,All ages,615,Sickle cell disorders,3,Rate,2022,18.30958957086,20.438902774949998,16.21182668095
1,All Population,5,Prevalence,7,Democratic People's Republic of Korea,3,Both,22,All ages,615,Sickle cell disorders,3,Rate,2022,1.5958827999299998,2.04952268465,1.22444235109
1,All Population,5,Prevalence,88,Malta,3,Both,22,All ages,615,Sickle cell disorders,3,Rate,2021,5.52488089576,6.65862504658,4.56426874517
1,All Population,5,Prevalence,112,Grenada,3,Both,22,All ages,615,Sickle cell disorders,3,Rate,2022,39.2007567816,50.79805215483999,30.57060644988
1,All Population,5,Prevalence,37,Kyrgyzstan,3,Both,22,All ages,615,Sickle cell disorders,3,Rate,2022,0.010418828100000001,0.01702146305,0.00424252749
1,All Population,5,Prevalence,122,Ecuador,3,Both,22,All ages,615,Sickle cell disorders,3,Rate,2021,3.8673215214000005,4.22047811738,3.53186093659
1,All Population,5,Prevalence,90,Norway,3,Both,22,All ages,615,Sickle cell disorders,3,Rate,2021,2.11032394025,2.92835530856,1.49926458324
1,All Population,5,Prevalence,182,Malawi,3,Both,22,All ages,615,Sickle cell disorders,3,Rate,2021,28.37210417351,35.39129438046,23.86757944568
1,All Population,5,Prevalence,204,Chad,3,Both,22,All ages,615,Sickle cell disorders,3,Rate,2018,109.97214594728999,127.15703280745,94.10285490230001
1,All Population,5,Prevalence,215,Sao Tome and Principe,3,Both,22,All ages,615,Sickle cell disorders,3,Rate,2020,496.16671060574004,606.79252111866,400.99995787703
1,All Population,5,Prevalence,198,Zimbabwe,3,Both,22,All ages,615,Sickle cell disorders,3,Rate,2021,5.62174547549,6.983595607160001,4.52680844822
1,All Population,5,Prevalence,6,China,3,Both,22,All ages,615,Sickle cell disorders,3,Rate,2022,1.46755322481,1.85012891569,1.14241018587
1,All Population,5,Prevalence,27,Samoa,3,Both,22,All ages,615,Sickle cell disorders,3,Rate,2019,0.020023413139999998,0.05277053988,0.00425079087
1,All Population,5,Prevalence,175,Burundi,3,Both,22,All ages,615,Sickle cell disorders,3,Rate,2022,24.46941361392,31.3411921137,19.9740790475
1,All Population,5,Prevalence,187,Somalia,3,Both,22,All ages,615,Sickle cell disorders,3,Rate,2019,1.53913885582,2.06022584556,1.1403530492
1,All Population,5,Prevalence,218,Togo,3,Both,22,All ages,615,Sickle cell disorders,3,Rate,2018,957.82535413784,1082.9284415699801,841.26770761452
1,All Population,5,Prevalence,14,Maldives,3,Both,22,All ages,615,Sickle cell disorders,3,Rate,2022,0.02926340556,0.05777871153,0.01413914252
1,All Population,5,Prevalence,95,United Kingdom,3,Both,22,All ages,615,Sickle cell disorders,3,Rate,2019,4.89837267351,6.05869610461,3.9862351120499997
1,All Population,5,Prevalence,52,Romania,3,Both,22,All ages,615,Sickle cell disorders,3,Rate,2022,0.10102830061,0.13349150625,0.07524637095
1,All Population,5,Prevalence,22,Fiji,3,Both,22,All ages,615,Sickle cell disorders,3,Rate,2021,0.01698474542,0.044380895280000006,0.0033837446499999997
1,All Population,5,Prevalence,58,Estonia,3,Both,22,All ages,615,Sickle cell disorders,3,Rate,2022,0.02112969483,0.03086168455,0.012322244520000001
1,All Population,5,Prevalence,99,Uruguay,3,Both,22,All ages,615,Sickle cell disorders,3,Rate,2021,0.051629181960000006,0.07413521408,0.03438782683
1,All Population,5,Prevalence,116,Saint Lucia,3,Both,22,All ages,615,Sickle cell disorders,3,Rate,2019,37.76599469131,47.26991723301,29.419969163519998
1,All Population,5,Prevalence,51,Poland,3,Both,22,All ages,615,Sickle cell disorders,3,Rate,2022,0.44539755080999993,0.58721205582,0.34430545797
1,All Population,5,Prevalence,23,Kiribati,3,Both,22,All ages,615,Sickle cell disorders,3,Rate,2022,0.01708171667,0.04618426356,0.0030115349300000004
1,All Population,5,Prevalence,177,Djibouti,3,Both,22,All ages,615,Sickle cell disorders,3,Rate,2020,7.76554913437,10.06289310503,6.00480159514
1,All Population,5,Prevalence,38,Mongolia,3,Both,22,All ages,615,Sickle cell disorders,3,Rate,2022,0.00974179406,0.018326792709999998,0.00368602012
1,All Population,5,Prevalence,351,Guam,3,Both,22,All ages,615,Sickle cell disorders,3,Rate,2021,0.0156520093,0.04209439193,0.0036404636399999996
1,All Population,5,Prevalence,83,Iceland,3,Both,22,All ages,615,Sickle cell disorders,3,Rate,2022,2.88144334167,3.5962851599000003,2.29106561227
1,All Population,5,Prevalence,85,Israel,3,Both,22,All ages,615,Sickle cell disorders,3,Rate,2022,7.18275292416,8.70227857245,5.87306073384
1,All Population,5,Prevalence,27,Samoa,3,Both,22,All ages,615,Sickle cell disorders,3,Rate,2022,0.01995999774,0.05243376475,0.00391282433
1,All Population,5,Prevalence,191,Zambia,3,Both,22,All ages,615,Sickle cell disorders,3,Rate,2020,308.99420213105,379.80721145058,259.78184190447
1,All Population,5,Prevalence,94,Switzerland,3,Both,22,All ages,615,Sickle cell disorders,3,Rate,2019,11.10153103691,12.290655804700002,10.07565506497
1,All Population,5,Prevalence,19,Timor-Leste,3,Both,22,All ages,615,Sickle cell disorders,3,Rate,2021,0.04137520418,0.07028724317,0.02223481385
1,All Population,5,Prevalence,161,Bangladesh,3,Both,22,All ages,615,Sickle cell disorders,3,Rate,2022,0.24972210387000002,0.33119818446,0.18164456491
1,All Population,5,Prevalence,127,El Salvador,3,Both,22,All ages,615,Sickle cell disorders,3,Rate,2018,0.04539480062,0.06422205442,0.02921522941
1,All Population,5,Prevalence,29,Tonga,3,Both,22,All ages,615,Sickle cell disorders,3,Rate,2022,0.02005397235,0.053722825020000003,0.00417395724
1,All Population,5,Prevalence,44,Bosnia and Herzegovina,3,Both,22,All ages,615,Sickle cell disorders,3,Rate,2020,0.03908028714,0.055312240250000005,0.025858678670000003
1,All Population,5,Prevalence,150,Oman,3,Both,22,All ages,615,Sickle cell disorders,3,Rate,2022,259.91080790653,310.37545175372,210.35119911037
1,All Population,5,Prevalence,133,Venezuela (Bolivarian Republic of),3,Both,22,All ages,615,Sickle cell disorders,3,Rate,2019,2.58902088363,3.2346318974800004,2.09281182789
1,All Population,5,Prevalence,374,Niue,3,Both,22,All ages,615,Sickle cell disorders,3,Rate,2020,0.014334136869999998,0.03887677799,0.0029623995100000002
1,All Population,5,Prevalence,148,Morocco,3,Both,22,All ages,615,Sickle cell disorders,3,Rate,2021,10.46319580862,12.34427925262,8.56354823933
1,All Population,5,Prevalence,14,Maldives,3,Both,22,All ages,615,Sickle cell disorders,3,Rate,2021,0.030070506020000002,0.057952428619999996,0.01447641409
1,All Population,5,Prevalence,34,Azerbaijan,3,Both,22,All ages,615,Sickle cell disorders,3,Rate,2019,0.007629530230000001,0.013373914640000002,0.0029669652
1,All Population,5,Prevalence,113,Guyana,3,Both,22,All ages,615,Sickle cell disorders,3,Rate,2022,50.665080861599996,63.605026452160004,39.16602075339
1,All Population,5,Prevalence,210,Liberia,3,Both,22,All ages,615,Sickle cell disorders,3,Rate,2021,170.12345563048,195.88535840494,147.52474360132
1,All Population,5,Prevalence,191,Zambia,3,Both,22,All ages,615,Sickle cell disorders,3,Rate,2021,307.02539292772,380.71398871853,260.52842414489004
1,All Population,5,Prevalence,89,Netherlands,3,Both,22,All ages,615,Sickle cell disorders,3,Rate,2021,0.41615481021,0.5261163721200001,0.34017618732
1,All Population,5,Prevalence,422,United States Virgin Islands,3,Both,22,All ages,615,Sickle cell disorders,3,Rate,2018,30.12473069922,37.644664593790004,23.020150545209997
1,All Population,5,Prevalence,107,Barbados,3,Both,22,All ages,615,Sickle cell disorders,3,Rate,2020,30.11397980545,38.13665424781,22.98003883935
1,All Population,5,Prevalence,209,Guinea-Bissau,3,Both,22,All ages,615,Sickle cell disorders,3,Rate,2020,26.19519254913,32.00346919051,21.82101013193
1,All Population,5,Prevalence,194,Lesotho,3,Both,22,All ages,615,Sickle cell disorders,3,Rate,2020,0.65952598901,0.8211413142499999,0.52120917457
1,All Population,5,Prevalence,157,Yemen,3,Both,22,All ages,615,Sickle cell disorders,3,Rate,2020,12.766374729419999,14.77768715482,10.83732215425
1,All Population,5,Prevalence,63,Ukraine,3,Both,22,All ages,615,Sickle cell disorders,3,Rate,2021,0.02110651368,0.02865252194,0.014598426079999999
1,All Population,5,Prevalence,106,Bahamas,3,Both,22,All ages,615,Sickle cell disorders,3,Rate,2021,65.16546506014,81.54644228192001,50.53840101422
1,All Population,5,Prevalence,44,Bosnia and Herzegovina,3,Both,22,All ages,615,Sickle cell disorders,3,Rate,2021,0.038729686490000005,0.05460452615,0.02561051701
1,All Population,5,Prevalence,110,Dominica,3,Both,22,All ages,615,Sickle cell disorders,3,Rate,2021,34.929255411700005,44.4078510549,26.8750391898
1,All Population,5,Prevalence,117,Saint Vincent and the Grenadines,3,Both,22,All ages,615,Sickle cell disorders,3,Rate,2020,41.86821240965,54.24025379059,31.471523123190003
1,All Population,5,Prevalence,55,Slovenia,3,Both,22,All ages,615,Sickle cell disorders,3,Rate,2021,0.07531440867,0.09848088644,0.057872201129999995
1,All Population,5,Prevalence,45,Bulgaria,3,Both,22,All ages,615,Sickle cell disorders,3,Rate,2022,0.03455860665,0.04727773949,0.02232396398
1,All Population,5,Prevalence,75,Austria,3,Both,22,All ages,615,Sickle cell disorders,3,Rate,2022,4.064701905120001,4.50776557981,3.67017223104
1,All Population,5,Prevalence,34,Azerbaijan,3,Both,22,All ages,615,Sickle cell disorders,3,Rate,2022,0.00698525217,0.011947770840000002,0.0028161347200000002
1,All Population,5,Prevalence,12,Lao People's Democratic Republic,3,Both,22,All ages,615,Sickle cell disorders,3,Rate,2020,0.035441467420000004,0.06197559154,0.01859147509
1,All Population,5,Prevalence,212,Mauritania,3,Both,22,All ages,615,Sickle cell disorders,3,Rate,2020,103.69398078339,121.67647286104001,87.24104517561
1,All Population,5,Prevalence,28,Solomon Islands,3,Both,22,All ages,615,Sickle cell disorders,3,Rate,2022,0.01919620037,0.05104992693,0.00387898379
1,All Population,5,Prevalence,79,Finland,3,Both,22,All ages,615,Sickle cell disorders,3,Rate,2022,4.3072163978499995,5.0810308302500005,3.6667272186199997
1,All Population,5,Prevalence,66,Brunei Darussalam,3,Both,22,All ages,615,Sickle cell disorders,3,Rate,2022,0.08885205836,0.11702427534000001,0.06399396417
1,All Population,5,Prevalence,128,Guatemala,3,Both,22,All ages,615,Sickle cell disorders,3,Rate,2022,0.0440662369,0.0673916994,0.02646900493
1,All Population,5,Prevalence,90,Norway,3,Both,22,All ages,615,Sickle cell disorders,3,Rate,2022,2.08426686126,2.89321987627,1.48123739638
1,All Population,5,Prevalence,19,Timor-Leste,3,Both,22,All ages,615,Sickle cell disorders,3,Rate,2019,0.04158286418,0.07115024228000001,0.02231990507
1,All Population,5,Prevalence,215,Sao Tome and Principe,3,Both,22,All ages,615,Sickle cell disorders,3,Rate,2021,489.93249330030005,600.79913209605,396.89580068057995
1,All Population,5,Prevalence,41,Uzbekistan,3,Both,22,All ages,615,Sickle cell disorders,3,Rate,2020,0.00971047365,0.0156527558,0.00405890498
1,All Population,5,Prevalence,86,Italy,3,Both,22,All ages,615,Sickle cell disorders,3,Rate,2019,4.36245189106,4.89547107183,3.91689696576
1,All Population,5,Prevalence,11,Indonesia,3,Both,22,All ages,615,Sickle cell disorders,3,Rate,2021,0.03478278135,0.05764353707,0.01893644986
1,All Population,5,Prevalence,145,Kuwait,3,Both,22,All ages,615,Sickle cell disorders,3,Rate,2022,32.85973332962,39.54881517367,26.995389609559997
1,All Population,5,Prevalence,197,Eswatini,3,Both,22,All ages,615,Sickle cell disorders,3,Rate,2015,0.8198962810200001,1.01642495888,0.64325008833
1,All Population,5,Prevalence,132,Panama,3,Both,22,All ages,615,Sickle cell disorders,3,Rate,2022,0.06578330629,0.08955821448000001,0.04500602476
1,All Population,5,Prevalence,98,Chile,3,Both,22,All ages,615,Sickle cell disorders,3,Rate,2022,0.31044432131,0.39005173977,0.24479598156000001
1,All Population,5,Prevalence,132,Panama,3,Both,22,All ages,615,Sickle cell disorders,3,Rate,2021,0.06742358087,0.09241833888999999,0.047162310400000004
1,All Population,5,Prevalence,209,Guinea-Bissau,3,Both,22,All ages,615,Sickle cell disorders,3,Rate,2021,26.02865886194,31.85663649057,21.66127166343
1,All Population,5,Prevalence,119,Trinidad and Tobago,3,Both,22,All ages,615,Sickle cell disorders,3,Rate,2021,36.84852333767,47.14608245884,28.71752926033
1,All Population,5,Prevalence,136,Paraguay,3,Both,22,All ages,615,Sickle cell disorders,3,Rate,2021,12.17144250182,14.7589293864,10.141206027780001
1,All Population,5,Prevalence,18,Thailand,3,Both,22,All ages,615,Sickle cell disorders,3,Rate,2020,0.021467598379999998,0.04056400036,0.01125255308
1,All Population,5,Prevalence,157,Yemen,3,Both,22,All ages,615,Sickle cell disorders,3,Rate,2021,12.68255616769,14.53569585634,10.79046929322
1,All Population,5,Prevalence,151,Qatar,3,Both,22,All ages,615,Sickle cell disorders,3,Rate,2021,63.9451734943,80.17426582758999,50.354446665299996
1,All Population,5,Prevalence,74,Andorra,3,Both,22,All ages,615,Sickle cell disorders,3,Rate,2021,3.39957867756,4.11855445195,2.8116677517
1,All Population,5,Prevalence,59,Latvia,3,Both,22,All ages,615,Sickle cell disorders,3,Rate,2021,0.03028335356,0.0411831604,0.02113505887
1,All Population,5,Prevalence,305,Bermuda,3,Both,22,All ages,615,Sickle cell disorders,3,Rate,2021,21.47215692989,27.46947771102,16.73139658489
1,All Population,5,Prevalence,142,Iran (Islamic Republic of),3,Both,22,All ages,615,Sickle cell disorders,3,Rate,2019,92.86765164772,115.23424901183002,71.68003566274
1,All Population,5,Prevalence,74,Andorra,3,Both,22,All ages,615,Sickle cell disorders,3,Rate,2022,3.3493999373800003,4.05985489583,2.76862954377
1,All Population,5,Prevalence,38,Mongolia,3,Both,22,All ages,615,Sickle cell disorders,3,Rate,2021,0.009688033950000001,0.01732052524,0.00378088343
1,All Population,5,Prevalence,59,Latvia,3,Both,22,All ages,615,Sickle cell disorders,3,Rate,2022,0.03007162529,0.04155347704,0.02107420988
1,All Population,5,Prevalence,60,Lithuania,3,Both,22,All ages,615,Sickle cell disorders,3,Rate,2022,0.04461393735,0.05754701852,0.033053245120000005
1,All Population,5,Prevalence,393,Saint Kitts and Nevis,3,Both,22,All ages,615,Sickle cell disorders,3,Rate,2021,35.224734667330004,45.1532908653,27.0659619662
1,All Population,5,Prevalence,168,Angola,3,Both,22,All ages,615,Sickle cell disorders,3,Rate,2021,546.80379065442,666.33120659073,455.66282714782
1,All Population,5,Prevalence,126,Costa Rica,3,Both,22,All ages,615,Sickle cell disorders,3,Rate,2022,0.015810808659999998,0.02711534178,0.00812965479
1,All Population,5,Prevalence,105,Antigua and Barbuda,3,Both,22,All ages,615,Sickle cell disorders,3,Rate,2022,32.57644034791,42.18561896555,25.09955617001
1,All Population,5,Prevalence,181,Madagascar,3,Both,22,All ages,615,Sickle cell disorders,3,Rate,2017,147.92296195165,177.3904396582,125.00502398128
1,All Population,5,Prevalence,149,Palestine,3,Both,22,All ages,615,Sickle cell disorders,3,Rate,2020,64.99275068096,82.17533114457,50.54860110197
1,All Population,5,Prevalence,164,Nepal,3,Both,22,All ages,615,Sickle cell disorders,3,Rate,2020,0.7494503878300001,0.8831096973000001,0.62325727661
1,All Population,5,Prevalence,369,Nauru,3,Both,22,All ages,615,Sickle cell disorders,3,Rate,2022,0.01870892227,0.04920490314,0.00362999714
1,All Population,5,Prevalence,122,Ecuador,3,Both,22,All ages,615,Sickle cell disorders,3,Rate,2022,3.8151064152,4.18247097242,3.46220483476
1,All Population,5,Prevalence,111,Dominican Republic,3,Both,22,All ages,615,Sickle cell disorders,3,Rate,2021,72.94906463148,86.13260841057,59.3094308175
1,All Population,5,Prevalence,26,Papua New Guinea,3,Both,22,All ages,615,Sickle cell disorders,3,Rate,2020,0.018633888,0.050429625629999995,0.00329217361
1,All Population,5,Prevalence,150,Oman,3,Both,22,All ages,615,Sickle cell disorders,3,Rate,2020,265.24235606153,314.36929090977,216.51925777178002
1,All Population,5,Prevalence,190,Uganda,3,Both,22,All ages,615,Sickle cell disorders,3,Rate,2022,237.73049778125,276.98837064832,200.39861890415997
1,All Population,5,Prevalence,176,Comoros,3,Both,22,All ages,615,Sickle cell disorders,3,Rate,2022,1.7887131859299998,2.35903424582,1.3244382205
1,All Population,5,Prevalence,84,Ireland,3,Both,22,All ages,615,Sickle cell disorders,3,Rate,2021,4.05077705369,4.86214220379,3.3454196649999997
1,All Population,5,Prevalence,69,Singapore,3,Both,22,All ages,615,Sickle cell disorders,3,Rate,2021,0.08606251473,0.1127624306,0.06403471934
1,All Population,5,Prevalence,110,Dominica,3,Both,22,All ages,615,Sickle cell disorders,3,Rate,2020,35.73920281029,44.935810624620004,27.187129227969997
1,All Population,5,Prevalence,416,Tuvalu,3,Both,22,All ages,615,Sickle cell disorders,3,Rate,2019,0.0166689024,0.04308247789,0.00289183709
1,All Population,5,Prevalence,33,Armenia,3,Both,22,All ages,615,Sickle cell disorders,3,Rate,2022,0.00766328402,0.013140499489999999,0.00323902598
1,All Population,5,Prevalence,205,Côte d'Ivoire,3,Both,22,All ages,615,Sickle cell disorders,3,Rate,2021,266.83734797845,301.02879421758,238.3839293999
1,All Population,5,Prevalence,80,France,3,Both,22,All ages,615,Sickle cell disorders,3,Rate,2018,10.062518926680001,11.63568326071,8.59882514479
1,All Population,5,Prevalence,216,Senegal,3,Both,22,All ages,615,Sickle cell disorders,3,Rate,2021,278.22740851684,326.5738640052,239.30979087938002
1,All Population,5,Prevalence,130,Mexico,3,Both,22,All ages,615,Sickle cell disorders,3,Rate,2020,0.84739648703,1.17330829365,0.62044352767
1,All Population,5,Prevalence,161,Bangladesh,3,Both,22,All ages,615,Sickle cell disorders,3,Rate,2023,0.25017790299,0.33141566036,0.18223850289000001
1,All Population,5,Prevalence,367,Monaco,3,Both,22,All ages,615,Sickle cell disorders,3,Rate,2022,3.00625882922,3.67979101825,2.47471875861
1,All Population,5,Prevalence,298,American Samoa,3,Both,22,All ages,615,Sickle cell disorders,3,Rate,2021,0.01758443979,0.04760895577,0.00391182388
1,All Population,5,Prevalence,189,United Republic of Tanzania,3,Both,22,All ages,615,Sickle cell disorders,3,Rate,2020,258.28303964548,301.81162169692,216.40642066511998
1,All Population,5,Prevalence,169,Central African Republic,3,Both,22,All ages,615,Sickle cell disorders,3,Rate,2022,393.40817591201,473.50380089037003,333.10913359034004
1,All Population,5,Prevalence,213,Niger,3,Both,22,All ages,615,Sickle cell disorders,3,Rate,2021,601.28813479476,709.67350084484,526.80105519675
1,All Population,5,Prevalence,107,Barbados,3,Both,22,All ages,615,Sickle cell disorders,3,Rate,2021,29.56923380944,37.33867019427,22.94949268821
1,All Population,5,Prevalence,171,Democratic Republic of the Congo,3,Both,22,All ages,615,Sickle cell disorders,3,Rate,2020,699.81335219069,813.90713463164,596.07509721239
1,All Population,5,Prevalence,202,Cameroon,3,Both,22,All ages,615,Sickle cell disorders,3,Rate,2020,407.69933522988,478.67928476475,347.28051878568
1,All Population,5,Prevalence,13,Malaysia,3,Both,22,All ages,615,Sickle cell disorders,3,Rate,2022,0.03465329347,0.06215097371,0.01834165215
1,All Population,5,Prevalence,154,Tunisia,3,Both,22,All ages,615,Sickle cell disorders,3,Rate,2020,55.64241069594,68.98093939712,43.66451945852
1,All Population,5,Prevalence,139,Algeria,3,Both,22,All ages,615,Sickle cell disorders,3,Rate,2022,9.41401805686,10.97551642444,7.78821594954
1,All Population,5,Prevalence,12,Lao People's Democratic Republic,3,Both,22,All ages,615,Sickle cell disorders,3,Rate,2021,0.03500543731,0.06124611115,0.01880643025
1,All Population,5,Prevalence,144,Jordan,3,Both,22,All ages,615,Sickle cell disorders,3,Rate,2023,61.021493843120005,77.24606071901,47.565636898680005
1,All Population,5,Prevalence,25,Micronesia (Federated States of),3,Both,22,All ages,615,Sickle cell disorders,3,Rate,2021,0.01695201268,0.044710311190000004,0.00336776042
1,All Population,5,Prevalence,376,Northern Mariana Islands,3,Both,22,All ages,615,Sickle cell disorders,3,Rate,2020,0.01573886566,0.0427670173,0.00366607191
1,All Population,5,Prevalence,351,Guam,3,Both,22,All ages,615,Sickle cell disorders,3,Rate,2022,0.01544701132,0.04178268769,0.00358293745
1,All Population,5,Prevalence,8,Taiwan,3,Both,22,All ages,615,Sickle cell disorders,3,Rate,2021,1.75846357686,2.08267142408,1.449984418
1,All Population,5,Prevalence,10,Cambodia,3,Both,22,All ages,615,Sickle cell disorders,3,Rate,2023,0.03407989949,0.05846975192,0.017602188890000002
1,All Population,5,Prevalence,177,Djibouti,3,Both,22,All ages,615,Sickle cell disorders,3,Rate,2022,7.48112815135,9.46841934683,5.91859172099
1,All Population,5,Prevalence,23,Kiribati,3,Both,22,All ages,615,Sickle cell disorders,3,Rate,2023,0.01710873286,0.046166942180000003,0.00301356625
1,All Population,5,Prevalence,162,Bhutan,3,Both,22,All ages,615,Sickle cell disorders,3,Rate,2022,0.20650281955000002,0.26904744424,0.15423719258
1,All Population,5,Prevalence,72,New Zealand,3,Both,22,All ages,615,Sickle cell disorders,3,Rate,2020,1.0068780961,1.21367912858,0.8393262321299999
1,All Population,5,Prevalence,30,Vanuatu,3,Both,22,All ages,615,Sickle cell disorders,3,Rate,2021,0.01931406397,0.05106393384,0.00388069997
1,All Population,5,Prevalence,152,Saudi Arabia,3,Both,22,All ages,615,Sickle cell disorders,3,Rate,2022,301.73117602841,362.12757677305,245.38099579758003
1,All Population,5,Prevalence,45,Bulgaria,3,Both,22,All ages,615,Sickle cell disorders,3,Rate,2021,0.03437826337,0.047226608579999996,0.022686497309999998
1,All Population,5,Prevalence,182,Malawi,3,Both,22,All ages,615,Sickle cell disorders,3,Rate,2020,28.54735910888,35.30295400169,23.90609966385
1,All Population,5,Prevalence,121,Bolivia (Plurinational State of),3,Both,22,All ages,615,Sickle cell disorders,3,Rate,2021,3.9765981197599998,5.1310152881899995,3.11076497565
1,All Population,5,Prevalence,48,Hungary,3,Both,22,All ages,615,Sickle cell disorders,3,Rate,2019,0.03384285816,0.050132153570000004,0.02215677429
1,All Population,5,Prevalence,80,France,3,Both,22,All ages,615,Sickle cell disorders,3,Rate,2022,9.83023179981,11.31435251849,8.31760232951
1,All Population,5,Prevalence,205,Côte d'Ivoire,3,Both,22,All ages,615,Sickle cell disorders,3,Rate,2020,268.16507649816,302.88279467415,240.0530441337
1,All Population,5,Prevalence,44,Bosnia and Herzegovina,3,Both,22,All ages,615,Sickle cell disorders,3,Rate,2022,0.03844077703,0.0540593304,0.02542311647
1,All Population,5,Prevalence,91,Portugal,3,Both,22,All ages,615,Sickle cell disorders,3,Rate,2022,14.13317387352,17.034467210800003,11.79036591533
1,All Population,5,Prevalence,183,Mauritius,3,Both,22,All ages,615,Sickle cell disorders,3,Rate,2021,0.027537765710000002,0.05103618977,0.01473111739
1,All Population,5,Prevalence,127,El Salvador,3,Both,22,All ages,615,Sickle cell disorders,3,Rate,2019,0.044846627890000004,0.06446408219000001,0.028698035210000004
1,All Population,5,Prevalence,16,Philippines,3,Both,22,All ages,615,Sickle cell disorders,3,Rate,2022,0.039149355739999996,0.06621027362,0.02165972519
1,All Population,5,Prevalence,136,Paraguay,3,Both,22,All ages,615,Sickle cell disorders,3,Rate,2020,12.27457646736,14.89574277127,10.163580097519999
1,All Population,5,Prevalence,201,Burkina Faso,3,Both,22,All ages,615,Sickle cell disorders,3,Rate,2021,1117.43889315604,1303.34302620752,974.80920804985
1,All Population,5,Prevalence,179,Ethiopia,3,Both,22,All ages,615,Sickle cell disorders,3,Rate,2019,1.42880413127,1.88574471519,1.09905370787
1,All Population,5,Prevalence,177,Djibouti,3,Both,22,All ages,615,Sickle cell disorders,3,Rate,2021,7.6190360006499995,9.70178226574,6.03164126173
1,All Population,5,Prevalence,195,Namibia,3,Both,22,All ages,615,Sickle cell disorders,3,Rate,2019,0.80342352052,1.00911526104,0.63427420835
1,All Population,5,Prevalence,217,Sierra Leone,3,Both,22,All ages,615,Sickle cell disorders,3,Rate,2020,1142.0048946936301,1329.87077842427,986.62983057869
1,All Population,5,Prevalence,200,Benin,3,Both,22,All ages,615,Sickle cell disorders,3,Rate,2021,1286.29391173576,1544.50929943327,1070.66586836961
1,All Population,5,Prevalence,17,Sri Lanka,3,Both,22,All ages,615,Sickle cell disorders,3,Rate,2020,0.03295722442,0.05797685783,0.01852814938
1,All Population,5,Prevalence,413,Tokelau,3,Both,22,All ages,615,Sickle cell disorders,3,Rate,2020,0.01722441792,0.0453035138,0.00381910388
1,All Population,5,Prevalence,26,Papua New Guinea,3,Both,22,All ages,615,Sickle cell disorders,3,Rate,2023,0.018290343900000002,0.05001876235,0.00320622704
1,All Population,5,Prevalence,37,Kyrgyzstan,3,Both,22,All ages,615,Sickle cell disorders,3,Rate,2023,0.01027953067,0.016760988259999998,0.00420823052
1,All Population,5,Prevalence,209,Guinea-Bissau,3,Both,22,All ages,615,Sickle cell disorders,3,Rate,2022,25.92138469188,31.768757440820004,21.44011328833
1,All Population,5,Prevalence,101,Canada,3,Both,22,All ages,615,Sickle cell disorders,3,Rate,2021,0.3355533838,0.44327872583,0.24976991384000002
1,All Population,5,Prevalence,68,Republic of Korea,3,Both,22,All ages,615,Sickle cell disorders,3,Rate,2019,0.06965930467999999,0.09378020262,0.049796268469999995
1,All Population,5,Prevalence,147,Libya,3,Both,22,All ages,615,Sickle cell disorders,3,Rate,2019,241.0002652867,285.02489228643,199.71199965464
1,All Population,5,Prevalence,38,Mongolia,3,Both,22,All ages,615,Sickle cell disorders,3,Rate,2020,0.00963862714,0.01665712194,0.0038580651200000003
1,All Population,5,Prevalence,164,Nepal,3,Both,22,All ages,615,Sickle cell disorders,3,Rate,2021,0.73888011381,0.8767831516700001,0.61912922314
1,All Population,5,Prevalence,55,Slovenia,3,Both,22,All ages,615,Sickle cell disorders,3,Rate,2020,0.07592602268,0.09854651508000001,0.05620416841
1,All Population,5,Prevalence,123,Peru,3,Both,22,All ages,615,Sickle cell disorders,3,Rate,2020,3.51910467976,4.4824042129,2.7409912435
1,All Population,5,Prevalence,170,Congo,3,Both,22,All ages,615,Sickle cell disorders,3,Rate,2020,259.31153964801,303.47580760566,220.92781328068
1,All Population,5,Prevalence,385,Puerto Rico,3,Both,22,All ages,615,Sickle cell disorders,3,Rate,2021,21.5910459577,27.42989586911,16.6178773958
1,All Population,5,Prevalence,106,Bahamas,3,Both,22,All ages,615,Sickle cell disorders,3,Rate,2022,63.316655439579996,80.11586534189999,49.50627487810999
1,All Population,5,Prevalence,121,Bolivia (Plurinational State of),3,Both,22,All ages,615,Sickle cell disorders,3,Rate,2022,3.9483776909999997,5.10830827801,3.0886195456700003
1,All Population,5,Prevalence,20,Viet Nam,3,Both,22,All ages,615,Sickle cell disorders,3,Rate,2023,0.032051158399999995,0.056828774400000004,0.01747818396
1,All Population,5,Prevalence,131,Nicaragua,3,Both,22,All ages,615,Sickle cell disorders,3,Rate,2022,0.06791295343999999,0.09533406253,0.04622671367
1,All Population,5,Prevalence,146,Lebanon,3,Both,22,All ages,615,Sickle cell disorders,3,Rate,2022,44.63981059853,54.84657787606999,36.33648394843
1,All Population,5,Prevalence,150,Oman,3,Both,22,All ages,615,Sickle cell disorders,3,Rate,2021,262.45156241595004,310.58026489638,213.36452962678
1,All Population,5,Prevalence,522,Sudan,3,Both,22,All ages,615,Sickle cell disorders,3,Rate,2021,409.17103426572,494.33118691691,335.52189533832
1,All Population,5,Prevalence,57,Belarus,3,Both,22,All ages,615,Sickle cell disorders,3,Rate,2017,0.022911948799999998,0.03350388816,0.01440573045
1,All Population,5,Prevalence,35,Georgia,3,Both,22,All ages,615,Sickle cell disorders,3,Rate,2019,0.00847495987,0.013626174940000001,0.0035627638200000002
1,All Population,5,Prevalence,173,Gabon,3,Both,22,All ages,615,Sickle cell disorders,3,Rate,2022,385.03397375613997,479.65419571036,327.29421222327
1,All Population,5,Prevalence,435,South Sudan,3,Both,22,All ages,615,Sickle cell disorders,3,Rate,2022,10.01529313672,12.961970187299999,7.90571123975
1,All Population,5,Prevalence,54,Slovakia,3,Both,22,All ages,615,Sickle cell disorders,3,Rate,2021,0.09830187705,0.12302758517,0.07873924879
1,All Population,5,Prevalence,131,Nicaragua,3,Both,22,All ages,615,Sickle cell disorders,3,Rate,2021,0.06883923863,0.09678962014,0.04764453068
1,All Population,5,Prevalence,7,Democratic People's Republic of Korea,3,Both,22,All ages,615,Sickle cell disorders,3,Rate,2023,1.58409684552,2.03017108881,1.2137636399
1,All Population,5,Prevalence,41,Uzbekistan,3,Both,22,All ages,615,Sickle cell disorders,3,Rate,2021,0.009808664580000001,0.01582175043,0.00399204562
1,All Population,5,Prevalence,88,Malta,3,Both,22,All ages,615,Sickle cell disorders,3,Rate,2018,5.6155089773,6.744243771820001,4.6945467595
1,All Population,5,Prevalence,212,Mauritania,3,Both,22,All ages,615,Sickle cell disorders,3,Rate,2021,103.10694149051,121.13273566079,86.89786507051
1,All Population,5,Prevalence,119,Trinidad and Tobago,3,Both,22,All ages,615,Sickle cell disorders,3,Rate,2020,37.402566512970004,48.013372577409996,28.56426269662
1,All Population,5,Prevalence,190,Uganda,3,Both,22,All ages,615,Sickle cell disorders,3,Rate,2021,239.27212798377,279.48189761525003,203.5345941591
1,All Population,5,Prevalence,140,Bahrain,3,Both,22,All ages,615,Sickle cell disorders,3,Rate,2022,640.0746329318999,799.68007829645,497.65799764907
1,All Population,5,Prevalence,185,Rwanda,3,Both,22,All ages,615,Sickle cell disorders,3,Rate,2020,7.77201205826,9.80840642081,6.29886050599
1,All Population,5,Prevalence,151,Qatar,3,Both,22,All ages,615,Sickle cell disorders,3,Rate,2022,63.47396516114,79.30893571399,50.02405841767
1,All Population,5,Prevalence,91,Portugal,3,Both,22,All ages,615,Sickle cell disorders,3,Rate,2020,14.342910418770002,17.26891627677,11.971641728549999
1,All Population,5,Prevalence,127,El Salvador,3,Both,22,All ages,615,Sickle cell disorders,3,Rate,2022,0.04281207005,0.06547669353999999,0.02640833058
1,All Population,5,Prevalence,207,Ghana,3,Both,22,All ages,615,Sickle cell disorders,3,Rate,2022,706.36280460639,813.49063142474,625.78659521784
1,All Population,5,Prevalence,82,Greece,3,Both,22,All ages,615,Sickle cell disorders,3,Rate,2023,18.31965409261,20.43147005877,16.159416706490003
1,All Population,5,Prevalence,114,Haiti,3,Both,22,All ages,615,Sickle cell disorders,3,Rate,2021,114.46531693434,131.09518270102998,96.42966290615
1,All Population,5,Prevalence,62,Russian Federation,3,Both,22,All ages,615,Sickle cell disorders,3,Rate,2023,0.02112448482,0.02898789197,0.01447535319
1,All Population,5,Prevalence,52,Romania,3,Both,22,All ages,615,Sickle cell disorders,3,Rate,2023,0.10150143486,0.13412169165,0.07559871264
1,All Population,5,Prevalence,132,Panama,3,Both,22,All ages,615,Sickle cell disorders,3,Rate,2019,0.07002851237,0.09644699634,0.04959637987
1,All Population,5,Prevalence,111,Dominican Republic,3,Both,22,All ages,615,Sickle cell disorders,3,Rate,2018,74.39608126053,87.44679030121,59.69570021127001
1,All Population,5,Prevalence,47,Czechia,3,Both,22,All ages,615,Sickle cell disorders,3,Rate,2019,0.009309284519999999,0.0172088866,0.00439281396
1,All Population,5,Prevalence,75,Austria,3,Both,22,All ages,615,Sickle cell disorders,3,Rate,2023,4.06676064807,4.5114162998000005,3.67410774093
1,All Population,5,Prevalence,78,Denmark,3,Both,22,All ages,615,Sickle cell disorders,3,Rate,2020,5.25044708837,6.13484851894,4.52423580844
1,All Population,5,Prevalence,49,North Macedonia,3,Both,22,All ages,615,Sickle cell disorders,3,Rate,2023,0.04661218964,0.061901067979999995,0.03161852831
1,All Population,5,Prevalence,184,Mozambique,3,Both,22,All ages,615,Sickle cell disorders,3,Rate,2022,6.31636617862,7.37678915667,5.3592988008999995
1,All Population,5,Prevalence,115,Jamaica,3,Both,22,All ages,615,Sickle cell disorders,3,Rate,2023,85.21402461041001,100.06633933571001,72.5833851624
1,All Population,5,Prevalence,67,Japan,3,Both,22,All ages,615,Sickle cell disorders,3,Rate,2023,0.0376982383,0.059350423209999996,0.02574752122
1,All Population,5,Prevalence,88,Malta,3,Both,22,All ages,615,Sickle cell disorders,3,Rate,2020,5.55411947826,6.69275955962,4.5691103128899995
1,All Population,5,Prevalence,22,Fiji,3,Both,22,All ages,615,Sickle cell disorders,3,Rate,2022,0.01693206389,0.04478104829,0.0033682359400000004
1,All Population,5,Prevalence,97,Argentina,3,Both,22,All ages,615,Sickle cell disorders,3,Rate,2023,0.05541479961,0.07888757614,0.036619767250000004
1,All Population,5,Prevalence,133,Venezuela (Bolivarian Republic of),3,Both,22,All ages,615,Sickle cell disorders,3,Rate,2020,2.48103105296,3.1007434576799997,1.98571826167
1,All Population,5,Prevalence,173,Gabon,3,Both,22,All ages,615,Sickle cell disorders,3,Rate,2019,391.53862280366997,484.11101629585,329.55352637118
1,All Population,5,Prevalence,28,Solomon Islands,3,Both,22,All ages,615,Sickle cell disorders,3,Rate,2023,0.01914455976,0.050897893070000005,0.0038618537300000003
1,All Population,5,Prevalence,15,Myanmar,3,Both,22,All ages,615,Sickle cell disorders,3,Rate,2023,0.03127321785,0.05422953327,0.01607536289
1,All Population,5,Prevalence,43,Albania,3,Both,22,All ages,615,Sickle cell disorders,3,Rate,2023,0.060016461089999994,0.07906080735,0.044971828900000003
1,All Population,5,Prevalence,204,Chad,3,Both,22,All ages,615,Sickle cell disorders,3,Rate,2020,109.62469039829999,127.77994969736,93.27799696350999
1,All Population,5,Prevalence,298,American Samoa,3,Both,22,All ages,615,Sickle cell disorders,3,Rate,2022,0.01728866596,0.046776120129999994,0.00380966916
1,All Population,5,Prevalence,198,Zimbabwe,3,Both,22,All ages,615,Sickle cell disorders,3,Rate,2022,5.5969906286899995,7.017931176729999,4.522751123
1,All Population,5,Prevalence,211,Mali,3,Both,22,All ages,615,Sickle cell disorders,3,Rate,2021,319.91691032054,366.20806715758,282.59080133137
1,All Population,5,Prevalence,194,Lesotho,3,Both,22,All ages,615,Sickle cell disorders,3,Rate,2022,0.64675854774,0.82061646911,0.5109930015199999
1,All Population,5,Prevalence,150,Oman,3,Both,22,All ages,615,Sickle cell disorders,3,Rate,2018,271.01084444683,318.26879784155,219.08497723116
1,All Population,5,Prevalence,196,South Africa,3,Both,22,All ages,615,Sickle cell disorders,3,Rate,2021,0.2671540761,0.34738258107,0.20140864318
1,All Population,5,Prevalence,33,Armenia,3,Both,22,All ages,615,Sickle cell disorders,3,Rate,2021,0.007716316280000001,0.013151603690000001,0.00342184118
1,All Population,5,Prevalence,168,Angola,3,Both,22,All ages,615,Sickle cell disorders,3,Rate,2022,542.73551875801,662.36968809028,446.10975764072003
1,All Population,5,Prevalence,214,Nigeria,3,Both,22,All ages,615,Sickle cell disorders,3,Rate,2021,1123.01690988075,1407.79142795071,919.49734128312
1,All Population,5,Prevalence,18,Thailand,3,Both,22,All ages,615,Sickle cell disorders,3,Rate,2021,0.02093402933,0.039684176710000005,0.01102528029
1,All Population,5,Prevalence,213,Niger,3,Both,22,All ages,615,Sickle cell disorders,3,Rate,2022,601.32958095272,705.3104871880699,525.61752786075
1,All Population,5,Prevalence,8,Taiwan,3,Both,22,All ages,615,Sickle cell disorders,3,Rate,2022,1.7384037267199999,2.08141606092,1.42451296422
1,All Population,5,Prevalence,179,Ethiopia,3,Both,22,All ages,615,Sickle cell disorders,3,Rate,2022,1.37936197693,1.82963861665,1.04346330199
1,All Population,5,Prevalence,102,United States of America,3,Both,22,All ages,615,Sickle cell disorders,3,Rate,2021,17.61349968847,18.7582544974,16.59099114628
1,All Population,5,Prevalence,149,Palestine,3,Both,22,All ages,615,Sickle cell disorders,3,Rate,2023,64.19215756586,80.20313285688,49.92487089214
1,All Population,5,Prevalence,376,Northern Mariana Islands,3,Both,22,All ages,615,Sickle cell disorders,3,Rate,2019,0.01583637084,0.04300104563,0.00370418543
1,All Population,5,Prevalence,218,Togo,3,Both,22,All ages,615,Sickle cell disorders,3,Rate,2021,938.50262400684,1073.46805536846,824.59248297117
1,All Population,5,Prevalence,185,Rwanda,3,Both,22,All ages,615,Sickle cell disorders,3,Rate,2022,7.470498297600001,9.294609706740001,6.08744828659
1,All Population,5,Prevalence,376,Northern Mariana Islands,3,Both,22,All ages,615,Sickle cell disorders,3,Rate,2022,0.015759592189999998,0.04248395483,0.00360354465
1,All Population,5,Prevalence,112,Grenada,3,Both,22,All ages,615,Sickle cell disorders,3,Rate,2023,38.9246806298,50.41418305845,30.41444348049
1,All Population,5,Prevalence,178,Eritrea,3,Both,22,All ages,615,Sickle cell disorders,3,Rate,2022,8.626609564899999,11.14369708597,6.794703869729999
1,All Population,5,Prevalence,39,Tajikistan,3,Both,22,All ages,615,Sickle cell disorders,3,Rate,2022,0.01050870327,0.02017510981,0.003959489599999999
1,All Population,5,Prevalence,54,Slovakia,3,Both,22,All ages,615,Sickle cell disorders,3,Rate,2022,0.09685185144,0.12220266463,0.07629725754
1,All Population,5,Prevalence,99,Uruguay,3,Both,22,All ages,615,Sickle cell disorders,3,Rate,2022,0.050887732830000004,0.07420220605,0.033178989500000006
1,All Population,5,Prevalence,19,Timor-Leste,3,Both,22,All ages,615,Sickle cell disorders,3,Rate,2018,0.04163116082,0.07133653686,0.02241318736
1,All Population,5,Prevalence,101,Canada,3,Both,22,All ages,615,Sickle cell disorders,3,Rate,2020,0.33714780661,0.4457380208,0.24949825430000003
1,All Population,5,Prevalence,116,Saint Lucia,3,Both,22,All ages,615,Sickle cell disorders,3,Rate,2022,35.94940543885,46.05106424191,27.837970481280003
1,All Population,5,Prevalence,202,Cameroon,3,Both,22,All ages,615,Sickle cell disorders,3,Rate,2019,409.18382310281,478.51379405738004,351.71505150091997
1,All Population,5,Prevalence,163,India,3,Both,22,All ages,615,Sickle cell disorders,3,Rate,2023,84.15876732363999,111.80639935367,64.21940780492001
1,All Population,5,Prevalence,141,Egypt,3,Both,22,All ages,615,Sickle cell disorders,3,Rate,2019,99.81412165213999,113.79550045020001,84.97515282733
1,All Population,5,Prevalence,77,Cyprus,3,Both,22,All ages,615,Sickle cell disorders,3,Rate,2021,12.315661210960002,13.942718052479998,10.71172444702
1,All Population,5,Prevalence,183,Mauritius,3,Both,22,All ages,615,Sickle cell disorders,3,Rate,2022,0.02732609856,0.05013944178,0.0146311299
1,All Population,5,Prevalence,102,United States of America,3,Both,22,All ages,615,Sickle cell disorders,3,Rate,2023,17.56831151477,18.715767379469998,16.54951341551
1,All Population,5,Prevalence,162,Bhutan,3,Both,22,All ages,615,Sickle cell disorders,3,Rate,2023,0.20387080507000002,0.26556193676,0.15167940576
1,All Population,5,Prevalence,93,Sweden,3,Both,22,All ages,615,Sickle cell disorders,3,Rate,2022,4.2831061819,5.29553717967,3.42398359693
1,All Population,5,Prevalence,210,Liberia,3,Both,22,All ages,615,Sickle cell disorders,3,Rate,2019,173.40616774896,200.79506358832,149.92079477536
1,All Population,5,Prevalence,69,Singapore,3,Both,22,All ages,615,Sickle cell disorders,3,Rate,2022,0.08464964399,0.11084167612,0.06292551618
1,All Population,5,Prevalence,193,Botswana,3,Both,22,All ages,615,Sickle cell disorders,3,Rate,2022,17.018823068809997,20.16874928898,14.31252517554
1,All Population,5,Prevalence,84,Ireland,3,Both,22,All ages,615,Sickle cell disorders,3,Rate,2022,4.01174709777,4.82894499357,3.3014085102100004
1,All Population,5,Prevalence,163,India,3,Both,22,All ages,615,Sickle cell disorders,3,Rate,2021,85.71994512681,113.78782130593999,65.64395126419001
1,All Population,5,Prevalence,146,Lebanon,3,Both,22,All ages,615,Sickle cell disorders,3,Rate,2023,44.20444544313,54.38054528400001,35.97434965619
1,All Population,5,Prevalence,84,Ireland,3,Both,22,All ages,615,Sickle cell disorders,3,Rate,2023,3.98113698069,4.792077680659999,3.27621422559
1,All Population,5,Prevalence,6,China,3,Both,22,All ages,615,Sickle cell disorders,3,Rate,2023,1.46377287507,1.8461277012600001,1.14017837289
1,All Population,5,Prevalence,122,Ecuador,3,Both,22,All ages,615,Sickle cell disorders,3,Rate,2023,3.7755778767100003,4.1361425595800005,3.42240149431
1,All Population,5,Prevalence,154,Tunisia,3,Both,22,All ages,615,Sickle cell disorders,3,Rate,2021,55.218772019460005,68.49325536095999,43.74158393852
1,All Population,5,Prevalence,393,Saint Kitts and Nevis,3,Both,22,All ages,615,Sickle cell disorders,3,Rate,2022,34.93381670553,44.76089280339,26.910446997450002
1,All Population,5,Prevalence,109,Cuba,3,Both,22,All ages,615,Sickle cell disorders,3,Rate,2023,11.9992840385,14.926407619039999,9.54463035186
1,All Population,5,Prevalence,18,Thailand,3,Both,22,All ages,615,Sickle cell disorders,3,Rate,2022,0.020458957309999998,0.03892615661,0.01072053456
1,All Population,5,Prevalence,89,Netherlands,3,Both,22,All ages,615,Sickle cell disorders,3,Rate,2022,0.40257566774000003,0.51109466169,0.32227692158
1,All Population,5,Prevalence,76,Belgium,3,Both,22,All ages,615,Sickle cell disorders,3,Rate,2022,1.97892685686,2.3750072257,1.6457610519199999
1,All Population,5,Prevalence,385,Puerto Rico,3,Both,22,All ages,615,Sickle cell disorders,3,Rate,2020,22.48570237423,28.548151643270003,17.11757258882
1,All Population,5,Prevalence,24,Marshall Islands,3,Both,22,All ages,615,Sickle cell disorders,3,Rate,2021,0.01827351493,0.04767504632,0.00351416296
1,All Population,5,Prevalence,105,Antigua and Barbuda,3,Both,22,All ages,615,Sickle cell disorders,3,Rate,2023,32.30160603652,41.9467604452,24.91476246222
1,All Population,5,Prevalence,118,Suriname,3,Both,22,All ages,615,Sickle cell disorders,3,Rate,2019,46.78118089624,59.57672638487,36.0801337819
1,All Population,5,Prevalence,163,India,3,Both,22,All ages,615,Sickle cell disorders,3,Rate,2022,84.58274441885,112.47206775936999,64.71834033263
1,All Population,5,Prevalence,92,Spain,3,Both,22,All ages,615,Sickle cell disorders,3,Rate,2022,3.9673947479900002,4.5740792922999995,3.3671966989299995
1,All Population,5,Prevalence,90,Norway,3,Both,22,All ages,615,Sickle cell disorders,3,Rate,2023,2.06414607829,2.86381533455,1.4676702807
1,All Population,5,Prevalence,202,Cameroon,3,Both,22,All ages,615,Sickle cell disorders,3,Rate,2021,405.82646254581,476.98532486071,344.6829983902
1,All Population,5,Prevalence,139,Algeria,3,Both,22,All ages,615,Sickle cell disorders,3,Rate,2021,9.48741439855,11.059044041329999,7.897343526109999
1,All Population,5,Prevalence,92,Spain,3,Both,22,All ages,615,Sickle cell disorders,3,Rate,2021,4.01668747731,4.66431811921,3.40385927851
1,All Population,5,Prevalence,13,Malaysia,3,Both,22,All ages,615,Sickle cell disorders,3,Rate,2023,0.03426651223,0.06170740391,0.01804375453
1,All Population,5,Prevalence,61,Republic of Moldova,3,Both,22,All ages,615,Sickle cell disorders,3,Rate,2022,0.01996253024,0.02882462123,0.013078665429999999
1,All Population,5,Prevalence,147,Libya,3,Both,22,All ages,615,Sickle cell disorders,3,Rate,2022,233.15918371761998,272.52453094418996,194.26446548579
1,All Population,5,Prevalence,12,Lao People's Democratic Republic,3,Both,22,All ages,615,Sickle cell disorders,3,Rate,2023,0.034403153539999995,0.06011653961,0.01850159462
1,All Population,5,Prevalence,51,Poland,3,Both,22,All ages,615,Sickle cell disorders,3,Rate,2023,0.44368725307999995,0.58544115869,0.34344761639
1,All Population,5,Prevalence,40,Turkmenistan,3,Both,22,All ages,615,Sickle cell disorders,3,Rate,2022,0.00938507254,0.016257139759999997,0.00371512862
1,All Population,5,Prevalence,130,Mexico,3,Both,22,All ages,615,Sickle cell disorders,3,Rate,2022,0.8209622937600001,1.13493510225,0.59920439208
1,All Population,5,Prevalence,25,Micronesia (Federated States of),3,Both,22,All ages,615,Sickle cell disorders,3,Rate,2023,0.016815195749999998,0.04376078729,0.0033510845099999995
1,All Population,5,Prevalence,36,Kazakhstan,3,Both,22,All ages,615,Sickle cell disorders,3,Rate,2022,0.00988879881,0.01647366535,0.0039662822799999995
1,All Population,5,Prevalence,36,Kazakhstan,3,Both,22,All ages,615,Sickle cell disorders,3,Rate,2023,0.009853225799999999,0.01640500237,0.00394747408
1,All Population,5,Prevalence,25,Micronesia (Federated States of),3,Both,22,All ages,615,Sickle cell disorders,3,Rate,2022,0.01688171884,0.04404029908,0.0033732644999999997
1,All Population,5,Prevalence,115,Jamaica,3,Both,22,All ages,615,Sickle cell disorders,3,Rate,2022,85.72150231514999,100.63292640577001,73.06702376679
1,All Population,5,Prevalence,129,Honduras,3,Both,22,All ages,615,Sickle cell disorders,3,Rate,2023,0.01814291139,0.031519830310000004,0.00970447446
1,All Population,5,Prevalence,374,Niue,3,Both,22,All ages,615,Sickle cell disorders,3,Rate,2021,0.01424434306,0.03871293086,0.00297267164
1,All Population,5,Prevalence,131,Nicaragua,3,Both,22,All ages,615,Sickle cell disorders,3,Rate,2023,0.06771910694000001,0.09499497203,0.04605121881
1,All Population,5,Prevalence,178,Eritrea,3,Both,22,All ages,615,Sickle cell disorders,3,Rate,2021,8.75949007373,11.34152565692,6.83915307988
1,All Population,5,Prevalence,85,Israel,3,Both,22,All ages,615,Sickle cell disorders,3,Rate,2021,7.801710204990001,9.38106455993,6.484893759499999
1,All Population,5,Prevalence,164,Nepal,3,Both,22,All ages,615,Sickle cell disorders,3,Rate,2022,0.72970284249,0.88182406308,0.60748251755
1,All Population,5,Prevalence,119,Trinidad and Tobago,3,Both,22,All ages,615,Sickle cell disorders,3,Rate,2018,38.87327633095,49.05855546046,30.292671753040004
1,All Population,5,Prevalence,179,Ethiopia,3,Both,22,All ages,615,Sickle cell disorders,3,Rate,2021,1.39467561965,1.8499918299399998,1.06182061447
1,All Population,5,Prevalence,176,Comoros,3,Both,22,All ages,615,Sickle cell disorders,3,Rate,2023,1.7878117751500002,2.3500605211199996,1.32411753483
1,All Population,5,Prevalence,186,Seychelles,3,Both,22,All ages,615,Sickle cell disorders,3,Rate,2019,0.03430840199,0.06030001558,0.02031627539
1,All Population,5,Prevalence,107,Barbados,3,Both,22,All ages,615,Sickle cell disorders,3,Rate,2022,29.07492193306,36.75574936454,22.21372801791
1,All Population,5,Prevalence,171,Democratic Republic of the Congo,3,Both,22,All ages,615,Sickle cell disorders,3,Rate,2021,696.6115563801201,814.55106309217,595.47084650101
1,All Population,5,Prevalence,184,Mozambique,3,Both,22,All ages,615,Sickle cell disorders,3,Rate,2021,6.33183862644,7.46648892374,5.35951086259
1,All Population,5,Prevalence,87,Luxembourg,3,Both,22,All ages,615,Sickle cell disorders,3,Rate,2022,20.12102079172,23.22118266748,17.57573242145
1,All Population,5,Prevalence,380,Palau,3,Both,22,All ages,615,Sickle cell disorders,3,Rate,2020,0.01240047303,0.033356978770000004,0.00244484472
1,All Population,5,Prevalence,72,New Zealand,3,Both,22,All ages,615,Sickle cell disorders,3,Rate,2021,0.9993076495100001,1.20728693277,0.83254454354
1,All Population,5,Prevalence,178,Eritrea,3,Both,22,All ages,615,Sickle cell disorders,3,Rate,2023,8.63980647649,11.157045660709999,6.80264408928
1,All Population,5,Prevalence,154,Tunisia,3,Both,22,All ages,615,Sickle cell disorders,3,Rate,2022,54.872761607780006,68.18740051262999,43.67925954833
1,All Population,5,Prevalence,40,Turkmenistan,3,Both,22,All ages,615,Sickle cell disorders,3,Rate,2021,0.00948735511,0.01616959452,0.0037455466799999997
1,All Population,5,Prevalence,55,Slovenia,3,Both,22,All ages,615,Sickle cell disorders,3,Rate,2023,0.07529785516,0.09850801738000001,0.057371009390000005
1,All Population,5,Prevalence,206,Gambia,3,Both,22,All ages,615,Sickle cell disorders,3,Rate,2022,302.75898668087,353.5265333722,258.35859795232
1,All Population,5,Prevalence,143,Iraq,3,Both,22,All ages,615,Sickle cell disorders,3,Rate,2022,89.50368103637,101.34117672721001,78.89574199202
1,All Population,5,Prevalence,53,Serbia,3,Both,22,All ages,615,Sickle cell disorders,3,Rate,2022,0.007441674079999999,0.01463341188,0.0034162193499999998
1,All Population,5,Prevalence,102,United States of America,3,Both,22,All ages,615,Sickle cell disorders,3,Rate,2022,17.55531101324,18.69993072397,16.54168679148
1,All Population,5,Prevalence,216,Senegal,3,Both,22,All ages,615,Sickle cell disorders,3,Rate,2020,278.95117547696,326.27451105362996,240.03951531156002
1,All Population,5,Prevalence,416,Tuvalu,3,Both,22,All ages,615,Sickle cell disorders,3,Rate,2020,0.01667014972,0.04290158313,0.00289709322
1,All Population,5,Prevalence,61,Republic of Moldova,3,Both,22,All ages,615,Sickle cell disorders,3,Rate,2023,0.01988888674,0.02877404832,0.01302092571
1,All Population,5,Prevalence,50,Montenegro,3,Both,22,All ages,615,Sickle cell disorders,3,Rate,2023,0.0461206091,0.06360769058,0.031041922540000003
1,All Population,5,Prevalence,14,Maldives,3,Both,22,All ages,615,Sickle cell disorders,3,Rate,2023,0.02892660259,0.05737619101,0.013865986350000001
1,All Population,5,Prevalence,89,Netherlands,3,Both,22,All ages,615,Sickle cell disorders,3,Rate,2023,0.40353784141,0.5121531136399999,0.32312851985
1,All Population,5,Prevalence,74,Andorra,3,Both,22,All ages,615,Sickle cell disorders,3,Rate,2023,3.3216676866999997,4.02906806913,2.74367111199
1,All Population,5,Prevalence,385,Puerto Rico,3,Both,22,All ages,615,Sickle cell disorders,3,Rate,2022,20.85415037489,26.48799882446,16.200717770399997
1,All Population,5,Prevalence,201,Burkina Faso,3,Both,22,All ages,615,Sickle cell disorders,3,Rate,2022,1126.58016504591,1366.1552524685699,945.83821385917
1,All Population,5,Prevalence,77,Cyprus,3,Both,22,All ages,615,Sickle cell disorders,3,Rate,2022,12.20417868295,13.941538946500001,10.631059580419999
1,All Population,5,Prevalence,171,Democratic Republic of the Congo,3,Both,22,All ages,615,Sickle cell disorders,3,Rate,2022,693.81524341256,811.9398083582699,590.90368221356
1,All Population,5,Prevalence,126,Costa Rica,3,Both,22,All ages,615,Sickle cell disorders,3,Rate,2021,0.02535154303,0.03736108174,0.01597270611
1,All Population,5,Prevalence,109,Cuba,3,Both,22,All ages,615,Sickle cell disorders,3,Rate,2020,12.34762686915,15.103092107450001,9.91890218449
1,All Population,5,Prevalence,30,Vanuatu,3,Both,22,All ages,615,Sickle cell disorders,3,Rate,2022,0.019253528949999998,0.050729771480000005,0.00391616593
1,All Population,5,Prevalence,62,Russian Federation,3,Both,22,All ages,615,Sickle cell disorders,3,Rate,2022,0.02120235722,0.02917098048,0.014516048960000002
1,All Population,5,Prevalence,44,Bosnia and Herzegovina,3,Both,22,All ages,615,Sickle cell disorders,3,Rate,2023,0.038639358320000004,0.05423272674,0.02557530756
1,All Population,5,Prevalence,123,Peru,3,Both,22,All ages,615,Sickle cell disorders,3,Rate,2022,3.4660809980700003,4.44865942456,2.6885247680499997
1,All Population,5,Prevalence,108,Belize,3,Both,22,All ages,615,Sickle cell disorders,3,Rate,2022,60.12176570811,76.87325693462999,45.31817524222
1,All Population,5,Prevalence,108,Belize,3,Both,22,All ages,615,Sickle cell disorders,3,Rate,2023,59.587070619209996,76.10981754428,44.94704156708
1,All Population,5,Prevalence,29,Tonga,3,Both,22,All ages,615,Sickle cell disorders,3,Rate,2023,0.02005393203,0.053094221379999994,0.00416440058
1,All Population,5,Prevalence,196,South Africa,3,Both,22,All ages,615,Sickle cell disorders,3,Rate,2020,0.27128442209,0.35517653063000004,0.20460689004
1,All Population,5,Prevalence,194,Lesotho,3,Both,22,All ages,615,Sickle cell disorders,3,Rate,2023,0.64122230628,0.8144454177899999,0.50654269611
1,All Population,5,Prevalence,135,Brazil,3,Both,22,All ages,615,Sickle cell disorders,3,Rate,2022,8.43399873421,9.42694586986,7.51174641794
1,All Population,5,Prevalence,141,Egypt,3,Both,22,All ages,615,Sickle cell disorders,3,Rate,2022,98.27930343572001,112.36015256563,83.30498043355
1,All Population,5,Prevalence,186,Seychelles,3,Both,22,All ages,615,Sickle cell disorders,3,Rate,2022,0.03330740807,0.05852500143,0.01896182536
1,All Population,5,Prevalence,43,Albania,3,Both,22,All ages,615,Sickle cell disorders,3,Rate,2022,0.05940096561,0.07807273266,0.04456764968
1,All Population,5,Prevalence,305,Bermuda,3,Both,22,All ages,615,Sickle cell disorders,3,Rate,2022,21.09679980431,27.076960604350003,16.08576783667
1,All Population,5,Prevalence,522,Sudan,3,Both,22,All ages,615,Sickle cell disorders,3,Rate,2022,327.36517256914,408.73576814885,263.82224022824
1,All Population,5,Prevalence,27,Samoa,3,Both,22,All ages,615,Sickle cell disorders,3,Rate,2021,0.01998229015,0.05263006178,0.00412326591
1,All Population,5,Prevalence,98,Chile,3,Both,22,All ages,615,Sickle cell disorders,3,Rate,2023,0.30789880425,0.38669139011000003,0.24271721140000002
1,All Population,5,Prevalence,68,Republic of Korea,3,Both,22,All ages,615,Sickle cell disorders,3,Rate,2023,0.0636254181,0.08558592576,0.04514851575
1,All Population,5,Prevalence,68,Republic of Korea,3,Both,22,All ages,615,Sickle cell disorders,3,Rate,2022,0.06459293328,0.08717048519,0.04583071843
1,All Population,5,Prevalence,212,Mauritania,3,Both,22,All ages,615,Sickle cell disorders,3,Rate,2018,104.35516895053,123.18339689966001,87.6045426392
1,All Population,5,Prevalence,142,Iran (Islamic Republic of),3,Both,22,All ages,615,Sickle cell disorders,3,Rate,2022,90.58695408609,113.55362096108,69.51987546772
1,All Population,5,Prevalence,145,Kuwait,3,Both,22,All ages,615,Sickle cell disorders,3,Rate,2021,33.1951390481,39.88658439625,27.236050487460002
1,All Population,5,Prevalence,196,South Africa,3,Both,22,All ages,615,Sickle cell disorders,3,Rate,2022,0.26322625599,0.33940593870999997,0.19859386501
1,All Population,5,Prevalence,165,Pakistan,3,Both,22,All ages,615,Sickle cell disorders,3,Rate,2023,0.09650160955999999,0.13861150038,0.06456130268
1,All Population,5,Prevalence,148,Morocco,3,Both,22,All ages,615,Sickle cell disorders,3,Rate,2022,10.34204763716,12.18134702118,8.47898833718
1,All Population,5,Prevalence,180,Kenya,3,Both,22,All ages,615,Sickle cell disorders,3,Rate,2022,480.05853025944,626.49473957371,375.71060574632
1,All Population,5,Prevalence,39,Tajikistan,3,Both,22,All ages,615,Sickle cell disorders,3,Rate,2023,0.01054708857,0.02022218798,0.00398407394
1,All Population,5,Prevalence,207,Ghana,3,Both,22,All ages,615,Sickle cell disorders,3,Rate,2023,710.7727418592,815.95507491866,630.18950217206
1,All Population,5,Prevalence,47,Czechia,3,Both,22,All ages,615,Sickle cell disorders,3,Rate,2022,0.009381183500000001,0.01790285893,0.00430753687
1,All Population,5,Prevalence,208,Guinea,3,Both,22,All ages,615,Sickle cell disorders,3,Rate,2021,935.75751700717,1118.2385812699401,812.9481191063401
1,All Population,5,Prevalence,47,Czechia,3,Both,22,All ages,615,Sickle cell disorders,3,Rate,2021,0.00933801444,0.01733243677,0.00435969483
1,All Population,5,Prevalence,83,Iceland,3,Both,22,All ages,615,Sickle cell disorders,3,Rate,2023,2.8826206609600002,3.5958672098499997,2.29291277037
1,All Population,5,Prevalence,179,Ethiopia,3,Both,22,All ages,615,Sickle cell disorders,3,Rate,2020,1.41557336658,1.8644202877399998,1.08508211466
1,All Population,5,Prevalence,200,Benin,3,Both,22,All ages,615,Sickle cell disorders,3,Rate,2022,1281.81072078415,1556.18747230483,1065.33610641798
1,All Population,5,Prevalence,15,Myanmar,3,Both,22,All ages,615,Sickle cell disorders,3,Rate,2022,0.03137285987,0.054397216600000006,0.01614520528
1,All Population,5,Prevalence,136,Paraguay,3,Both,22,All ages,615,Sickle cell disorders,3,Rate,2022,12.079534734060001,14.75890507734,10.06309385989
1,All Population,5,Prevalence,34,Azerbaijan,3,Both,22,All ages,615,Sickle cell disorders,3,Rate,2021,0.007209659029999999,0.01205889611,0.00284895692
1,All Population,5,Prevalence,35,Georgia,3,Both,22,All ages,615,Sickle cell disorders,3,Rate,2022,0.00847449714,0.013316160920000002,0.0034433365800000003
1,All Population,5,Prevalence,106,Bahamas,3,Both,22,All ages,615,Sickle cell disorders,3,Rate,2023,62.22675718647,78.80951177368,48.65727648389
1,All Population,5,Prevalence,10,Cambodia,3,Both,22,All ages,615,Sickle cell disorders,3,Rate,2022,0.03415892133,0.05867497515,0.01769139535
1,All Population,5,Prevalence,160,Afghanistan,3,Both,22,All ages,615,Sickle cell disorders,3,Rate,2023,81.61856920187999,103.04647564659,62.969926095679995
1,All Population,5,Prevalence,117,Saint Vincent and the Grenadines,3,Both,22,All ages,615,Sickle cell disorders,3,Rate,2023,39.72410708338,52.62292761688,30.800107832760002
1,All Population,5,Prevalence,367,Monaco,3,Both,22,All ages,615,Sickle cell disorders,3,Rate,2023,2.99663794883,3.66827018276,2.46702208382
1,All Population,5,Prevalence,86,Italy,3,Both,22,All ages,615,Sickle cell disorders,3,Rate,2023,4.24785934427,4.7609026092699995,3.81256473495
1,All Population,5,Prevalence,148,Morocco,3,Both,22,All ages,615,Sickle cell disorders,3,Rate,2023,10.32434268518,12.16598413441,8.4605610167
1,All Population,5,Prevalence,193,Botswana,3,Both,22,All ages,615,Sickle cell disorders,3,Rate,2021,17.126099538789997,20.30755038089,14.43035218268
1,All Population,5,Prevalence,71,Australia,3,Both,22,All ages,615,Sickle cell disorders,3,Rate,2021,0.38304763327999997,0.50586223147,0.30081722129
1,All Population,5,Prevalence,133,Venezuela (Bolivarian Republic of),3,Both,22,All ages,615,Sickle cell disorders,3,Rate,2022,2.334908008,2.8703839066400003,1.87115351717
1,All Population,5,Prevalence,81,Germany,3,Both,22,All ages,615,Sickle cell disorders,3,Rate,2022,2.5173533491,2.93161291356,2.18165991228
1,All Population,5,Prevalence,61,Republic of Moldova,3,Both,22,All ages,615,Sickle cell disorders,3,Rate,2021,0.02024542474,0.02870435251,0.01324693679
1,All Population,5,Prevalence,214,Nigeria,3,Both,22,All ages,615,Sickle cell disorders,3,Rate,2022,1118.00148688033,1399.91996343811,913.4714294475399
1,All Population,5,Prevalence,91,Portugal,3,Both,22,All ages,615,Sickle cell disorders,3,Rate,2021,14.22849977041,17.10600954038,11.86881704973
1,All Population,5,Prevalence,349,Greenland,3,Both,22,All ages,615,Sickle cell disorders,3,Rate,2021,0.47200673426,0.7179902558200001,0.32428132864000003
1,All Population,5,Prevalence,369,Nauru,3,Both,22,All ages,615,Sickle cell disorders,3,Rate,2021,0.018769505949999998,0.04861698497999999,0.0036168872399999995
1,All Population,5,Prevalence,181,Madagascar,3,Both,22,All ages,615,Sickle cell disorders,3,Rate,2022,143.1317779192,172.00253932836,120.63487870983
1,All Population,5,Prevalence,113,Guyana,3,Both,22,All ages,615,Sickle cell disorders,3,Rate,2023,51.913762289560005,65.49288893761,40.03118488826
1,All Population,5,Prevalence,195,Namibia,3,Both,22,All ages,615,Sickle cell disorders,3,Rate,2022,0.78851764812,0.98146475852,0.60817556718
1,All Population,5,Prevalence,99,Uruguay,3,Both,22,All ages,615,Sickle cell disorders,3,Rate,2023,0.05051464669,0.07356695168,0.03290702786
1,All Population,5,Prevalence,128,Guatemala,3,Both,22,All ages,615,Sickle cell disorders,3,Rate,2023,0.04395556847,0.06709097016,0.02640334872
1,All Population,5,Prevalence,54,Slovakia,3,Both,22,All ages,615,Sickle cell disorders,3,Rate,2023,0.09687877273,0.1223328498,0.07628939784
1,All Population,5,Prevalence,211,Mali,3,Both,22,All ages,615,Sickle cell disorders,3,Rate,2022,319.47948439386,365.02372019741,281.42895109125
1,All Population,5,Prevalence,374,Niue,3,Both,22,All ages,615,Sickle cell disorders,3,Rate,2022,0.01416946328,0.038567441380000005,0.00296640599
1,All Population,5,Prevalence,435,South Sudan,3,Both,22,All ages,615,Sickle cell disorders,3,Rate,2023,9.91648781051,12.834507085899999,7.8216700245
1,All Population,5,Prevalence,135,Brazil,3,Both,22,All ages,615,Sickle cell disorders,3,Rate,2023,8.39782577973,9.37530078507,7.469095263520001
1,All Population,5,Prevalence,140,Bahrain,3,Both,22,All ages,615,Sickle cell disorders,3,Rate,2021,646.62710006494,808.44452867611,503.21429975897996
1,All Population,5,Prevalence,46,Croatia,3,Both,22,All ages,615,Sickle cell disorders,3,Rate,2022,0.31302469389,0.38910751588000003,0.25292692184
1,All Population,5,Prevalence,46,Croatia,3,Both,22,All ages,615,Sickle cell disorders,3,Rate,2021,0.31369176199,0.39058849522000005,0.25640195399
1,All Population,5,Prevalence,143,Iraq,3,Both,22,All ages,615,Sickle cell disorders,3,Rate,2023,89.36088735927,101.54744494245999,78.85911081693
1,All Population,5,Prevalence,27,Samoa,3,Both,22,All ages,615,Sickle cell disorders,3,Rate,2023,0.01997469532,0.05243997283,0.00391058071
1,All Population,5,Prevalence,11,Indonesia,3,Both,22,All ages,615,Sickle cell disorders,3,Rate,2023,0.03403560987,0.05657838126,0.018029778099999998
1,All Population,5,Prevalence,101,Canada,3,Both,22,All ages,615,Sickle cell disorders,3,Rate,2022,0.33416498483,0.44003018122,0.25017769031
1,All Population,5,Prevalence,114,Haiti,3,Both,22,All ages,615,Sickle cell disorders,3,Rate,2023,113.43850029373,131.33131658242002,96.57801328765
1,All Population,5,Prevalence,86,Italy,3,Both,22,All ages,615,Sickle cell disorders,3,Rate,2022,4.2484896912000005,4.76410046747,3.81231968103
1,All Population,5,Prevalence,69,Singapore,3,Both,22,All ages,615,Sickle cell disorders,3,Rate,2023,0.08347466134999999,0.10924892291,0.06204212302
1,All Population,5,Prevalence,22,Fiji,3,Both,22,All ages,615,Sickle cell disorders,3,Rate,2023,0.01699476619,0.04490995481,0.00336733492
1,All Population,5,Prevalence,164,Nepal,3,Both,22,All ages,615,Sickle cell disorders,3,Rate,2023,0.72525404201,0.87508778661,0.6027116729
1,All Population,5,Prevalence,57,Belarus,3,Both,22,All ages,615,Sickle cell disorders,3,Rate,2020,0.0222211026,0.0327067592,0.013248684440000002
1,All Population,5,Prevalence,182,Malawi,3,Both,22,All ages,615,Sickle cell disorders,3,Rate,2022,28.225912910829997,34.98717481571,23.84949855752
1,All Population,5,Prevalence,153,Syrian Arab Republic,3,Both,22,All ages,615,Sickle cell disorders,3,Rate,2021,9.78634240891,11.26516643355,8.24381513666
1,All Population,5,Prevalence,95,United Kingdom,3,Both,22,All ages,615,Sickle cell disorders,3,Rate,2022,4.788930167049999,5.9189345679,3.88133248644
1,All Population,5,Prevalence,76,Belgium,3,Both,22,All ages,615,Sickle cell disorders,3,Rate,2021,1.99613505208,2.38117960157,1.65765281443
1,All Population,5,Prevalence,108,Belize,3,Both,22,All ages,615,Sickle cell disorders,3,Rate,2021,61.020428245210006,77.01585261196,47.23217734222
1,All Population,5,Prevalence,170,Congo,3,Both,22,All ages,615,Sickle cell disorders,3,Rate,2021,257.64643381985996,299.20535389289,221.27515538928
1,All Population,5,Prevalence,123,Peru,3,Both,22,All ages,615,Sickle cell disorders,3,Rate,2021,3.49176129983,4.46602546281,2.71054945808
1,All Population,5,Prevalence,77,Cyprus,3,Both,22,All ages,615,Sickle cell disorders,3,Rate,2023,12.475634744939999,14.266258310280001,10.873659588439999
1,All Population,5,Prevalence,217,Sierra Leone,3,Both,22,All ages,615,Sickle cell disorders,3,Rate,2021,1133.2529328043,1311.79122597383,979.4965374079
1,All Population,5,Prevalence,204,Chad,3,Both,22,All ages,615,Sickle cell disorders,3,Rate,2023,109.82218247812001,128.87975472694,93.79067277599
1,All Population,5,Prevalence,182,Malawi,3,Both,22,All ages,615,Sickle cell disorders,3,Rate,2023,28.111029176629998,34.912085378010005,23.63139641774
1,All Population,5,Prevalence,132,Panama,3,Both,22,All ages,615,Sickle cell disorders,3,Rate,2020,0.06918865611,0.09746812319,0.04819196145000001
1,All Population,5,Prevalence,181,Madagascar,3,Both,22,All ages,615,Sickle cell disorders,3,Rate,2021,143.70483313629,174.01978146246,120.87514908883999
1,All Population,5,Prevalence,57,Belarus,3,Both,22,All ages,615,Sickle cell disorders,3,Rate,2023,0.02163811285,0.03113649382,0.012927556170000002
1,All Population,5,Prevalence,41,Uzbekistan,3,Both,22,All ages,615,Sickle cell disorders,3,Rate,2022,0.00992346826,0.01631535315,0.00393459362
1,All Population,5,Prevalence,118,Suriname,3,Both,22,All ages,615,Sickle cell disorders,3,Rate,2022,45.53892397819,58.33026746606,34.86402947483
1,All Population,5,Prevalence,24,Marshall Islands,3,Both,22,All ages,615,Sickle cell disorders,3,Rate,2022,0.01806502172,0.04753758056,0.00338053684
1,All Population,5,Prevalence,116,Saint Lucia,3,Both,22,All ages,615,Sickle cell disorders,3,Rate,2021,36.46171803336,46.209463327200005,28.41131545573
1,All Population,5,Prevalence,152,Saudi Arabia,3,Both,22,All ages,615,Sickle cell disorders,3,Rate,2023,303.74601588982,364.54675413809,246.93689283377
1,All Population,5,Prevalence,320,Cook Islands,3,Both,22,All ages,615,Sickle cell disorders,3,Rate,2021,0.015456142329999999,0.03181200828,0.0039356038
1,All Population,5,Prevalence,215,Sao Tome and Principe,3,Both,22,All ages,615,Sickle cell disorders,3,Rate,2023,480.68447175721997,591.8041805438501,387.21996272803
1,All Population,5,Prevalence,413,Tokelau,3,Both,22,All ages,615,Sickle cell disorders,3,Rate,2021,0.01700505963,0.04495159463,0.00374353033
1,All Population,5,Prevalence,156,United Arab Emirates,3,Both,22,All ages,615,Sickle cell disorders,3,Rate,2023,14.821284320110001,17.38641650151,12.2142569618
1,All Population,5,Prevalence,203,Cabo Verde,3,Both,22,All ages,615,Sickle cell disorders,3,Rate,2021,48.66356137753,59.18529053396,39.763333779629995
1,All Population,5,Prevalence,50,Montenegro,3,Both,22,All ages,615,Sickle cell disorders,3,Rate,2019,0.04759912746,0.06502353851,0.0328865032
1,All Population,5,Prevalence,121,Bolivia (Plurinational State of),3,Both,22,All ages,615,Sickle cell disorders,3,Rate,2023,3.93424763641,5.10011242687,3.07512497501
1,All Population,5,Prevalence,136,Paraguay,3,Both,22,All ages,615,Sickle cell disorders,3,Rate,2023,12.03693625506,14.708771456089998,10.02144153581
1,All Population,5,Prevalence,155,Türkiye,3,Both,22,All ages,615,Sickle cell disorders,3,Rate,2023,12.92355209174,14.75725841672,11.34774700625
1,All Population,5,Prevalence,153,Syrian Arab Republic,3,Both,22,All ages,615,Sickle cell disorders,3,Rate,2022,9.65256457295,11.219677031189999,8.12784196036
1,All Population,5,Prevalence,88,Malta,3,Both,22,All ages,615,Sickle cell disorders,3,Rate,2023,5.532301872780001,6.655014712020001,4.58995033485
1,All Population,5,Prevalence,181,Madagascar,3,Both,22,All ages,615,Sickle cell disorders,3,Rate,2019,145.46553639865002,174.8906801458,123.28633673729999
1,All Population,5,Prevalence,351,Guam,3,Both,22,All ages,615,Sickle cell disorders,3,Rate,2023,0.015250693429999998,0.04128295653,0.0035247277799999996
1,All Population,5,Prevalence,210,Liberia,3,Both,22,All ages,615,Sickle cell disorders,3,Rate,2023,167.92956775955,192.2392347789,144.48290269684
1,All Population,5,Prevalence,175,Burundi,3,Both,22,All ages,615,Sickle cell disorders,3,Rate,2023,24.434616539009998,31.30309021728,19.85894207123
1,All Population,5,Prevalence,150,Oman,3,Both,22,All ages,615,Sickle cell disorders,3,Rate,2023,258.84860116246,308.76622759446997,209.37446619526003
1,All Population,5,Prevalence,26,Papua New Guinea,3,Both,22,All ages,615,Sickle cell disorders,3,Rate,2021,0.01846274492,0.05044699772,0.00324447333
1,All Population,5,Prevalence,58,Estonia,3,Both,22,All ages,615,Sickle cell disorders,3,Rate,2021,0.021208551359999998,0.03090202495,0.01278544432
1,All Population,5,Prevalence,165,Pakistan,3,Both,22,All ages,615,Sickle cell disorders,3,Rate,2022,0.09714558582999999,0.13946088912000001,0.06509143576
1,All Population,5,Prevalence,71,Australia,3,Both,22,All ages,615,Sickle cell disorders,3,Rate,2022,0.38151202214999996,0.50754790129,0.29844339776
1,All Population,5,Prevalence,156,United Arab Emirates,3,Both,22,All ages,615,Sickle cell disorders,3,Rate,2022,15.127132189529998,17.728540539649998,12.47824388821
1,All Population,5,Prevalence,169,Central African Republic,3,Both,22,All ages,615,Sickle cell disorders,3,Rate,2023,394.86086652497,474.70952687368,333.83494733387
1,All Population,5,Prevalence,17,Sri Lanka,3,Both,22,All ages,615,Sickle cell disorders,3,Rate,2023,0.030840289290000003,0.055139879579999995,0.01702130348
1,All Population,5,Prevalence,101,Canada,3,Both,22,All ages,615,Sickle cell disorders,3,Rate,2023,0.33346114035,0.43971484758,0.24960669434000002
1,All Population,5,Prevalence,45,Bulgaria,3,Both,22,All ages,615,Sickle cell disorders,3,Rate,2023,0.03508279757,0.04781748904,0.022611330120000002
1,All Population,5,Prevalence,19,Timor-Leste,3,Both,22,All ages,615,Sickle cell disorders,3,Rate,2020,0.0415381346,0.07085274968000001,0.02225612709
1,All Population,5,Prevalence,396,San Marino,3,Both,22,All ages,615,Sickle cell disorders,3,Rate,2022,3.03441831237,3.6764439616299995,2.47445467015
1,All Population,5,Prevalence,151,Qatar,3,Both,22,All ages,615,Sickle cell disorders,3,Rate,2023,63.38829510391,79.64162385147,49.935955421450004
1,All Population,5,Prevalence,165,Pakistan,3,Both,22,All ages,615,Sickle cell disorders,3,Rate,2021,0.09854077744999999,0.14029214506,0.06658572771
1,All Population,5,Prevalence,41,Uzbekistan,3,Both,22,All ages,615,Sickle cell disorders,3,Rate,2023,0.00999628562,0.01646305035,0.00396866661
1,All Population,5,Prevalence,156,United Arab Emirates,3,Both,22,All ages,615,Sickle cell disorders,3,Rate,2020,15.83176195429,18.58614468517,13.102948885870001
1,All Population,5,Prevalence,197,Eswatini,3,Both,22,All ages,615,Sickle cell disorders,3,Rate,2023,0.7426173643499999,0.93291150037,0.58556352117
1,All Population,5,Prevalence,85,Israel,3,Both,22,All ages,615,Sickle cell disorders,3,Rate,2023,7.19329252411,8.71913616118,5.88049919753
1,All Population,5,Prevalence,72,New Zealand,3,Both,22,All ages,615,Sickle cell disorders,3,Rate,2023,0.9840233650800001,1.18439325696,0.81825054363
1,All Population,5,Prevalence,191,Zambia,3,Both,22,All ages,615,Sickle cell disorders,3,Rate,2023,303.88411427456003,382.29181313264,254.2232041601
1,All Population,5,Prevalence,60,Lithuania,3,Both,22,All ages,615,Sickle cell disorders,3,Rate,2023,0.04486900506,0.05780922776999999,0.0332488351
1,All Population,5,Prevalence,149,Palestine,3,Both,22,All ages,615,Sickle cell disorders,3,Rate,2019,65.28641266126,81.33221935153,50.744452227619995
1,All Population,5,Prevalence,198,Zimbabwe,3,Both,22,All ages,615,Sickle cell disorders,3,Rate,2023,5.57602436445,6.99320290714,4.49440192863
1,All Population,5,Prevalence,170,Congo,3,Both,22,All ages,615,Sickle cell disorders,3,Rate,2022,255.9877213495,297.70643944028,217.48874703034
1,All Population,5,Prevalence,189,United Republic of Tanzania,3,Both,22,All ages,615,Sickle cell disorders,3,Rate,2022,257.08579133657,298.9266685895,218.72596065678
1,All Population,5,Prevalence,201,Burkina Faso,3,Both,22,All ages,615,Sickle cell disorders,3,Rate,2023,1138.99229290151,1383.56755575128,954.2030230475699
1,All Population,5,Prevalence,116,Saint Lucia,3,Both,22,All ages,615,Sickle cell disorders,3,Rate,2023,35.59024810642,45.42028430685,27.531514450689997
1,All Population,5,Prevalence,168,Angola,3,Both,22,All ages,615,Sickle cell disorders,3,Rate,2023,541.00241260076,658.0125636458799,444.34703906282
1,All Population,5,Prevalence,185,Rwanda,3,Both,22,All ages,615,Sickle cell disorders,3,Rate,2021,7.61333183096,9.353422556549999,6.2318823643300005
1,All Population,5,Prevalence,125,Colombia,3,Both,22,All ages,615,Sickle cell disorders,3,Rate,2022,0.35543354463,0.43189827637,0.28520244145999996
1,All Population,5,Prevalence,110,Dominica,3,Both,22,All ages,615,Sickle cell disorders,3,Rate,2022,34.15095419641,44.18665558296,25.415902680509998
1,All Population,5,Prevalence,202,Cameroon,3,Both,22,All ages,615,Sickle cell disorders,3,Rate,2022,404.13768978644003,475.89510919530994,343.81679950342
1,All Population,5,Prevalence,149,Palestine,3,Both,22,All ages,615,Sickle cell disorders,3,Rate,2022,64.33320905638999,80.20997772748,50.097983364150004
1,All Population,5,Prevalence,197,Eswatini,3,Both,22,All ages,615,Sickle cell disorders,3,Rate,2022,0.74554835876,0.9360491767999999,0.58851020418
1,All Population,5,Prevalence,191,Zambia,3,Both,22,All ages,615,Sickle cell disorders,3,Rate,2022,305.06453668216,383.66561188797,255.49679479596998
1,All Population,5,Prevalence,130,Mexico,3,Both,22,All ages,615,Sickle cell disorders,3,Rate,2023,0.8111183359399999,1.12026478704,0.59146854672
1,All Population,5,Prevalence,8,Taiwan,3,Both,22,All ages,615,Sickle cell disorders,3,Rate,2023,1.7271360633700001,2.06861700754,1.41641352197
1,All Population,5,Prevalence,197,Eswatini,3,Both,22,All ages,615,Sickle cell disorders,3,Rate,2019,0.77466409929,0.96475968364,0.60012938051
1,All Population,5,Prevalence,117,Saint Vincent and the Grenadines,3,Both,22,All ages,615,Sickle cell disorders,3,Rate,2022,40.244662714899995,53.46188712946,31.340697460770002
1,All Population,5,Prevalence,119,Trinidad and Tobago,3,Both,22,All ages,615,Sickle cell disorders,3,Rate,2023,35.68817214163,45.88632395209,27.442925691390002
1,All Population,5,Prevalence,12,Lao People's Democratic Republic,3,Both,22,All ages,615,Sickle cell disorders,3,Rate,2022,0.03459431758,0.06042167087,0.01865209701
1,All Population,5,Prevalence,133,Venezuela (Bolivarian Republic of),3,Both,22,All ages,615,Sickle cell disorders,3,Rate,2023,2.19309420589,2.69999742363,1.7475422941899998
1,All Population,5,Prevalence,94,Switzerland,3,Both,22,All ages,615,Sickle cell disorders,3,Rate,2022,11.0182507601,12.17432729966,9.92472661473
1,All Population,5,Prevalence,109,Cuba,3,Both,22,All ages,615,Sickle cell disorders,3,Rate,2022,12.15010966493,15.09130996721,9.66709717741
1,All Population,5,Prevalence,184,Mozambique,3,Both,22,All ages,615,Sickle cell disorders,3,Rate,2020,6.353601665639999,7.61980970655,5.35440771336
1,All Population,5,Prevalence,203,Cabo Verde,3,Both,22,All ages,615,Sickle cell disorders,3,Rate,2023,47.7743306483,58.264833349940005,38.97501579844
1,All Population,5,Prevalence,172,Equatorial Guinea,3,Both,22,All ages,615,Sickle cell disorders,3,Rate,2020,853.15732703716,1017.14749301932,725.25062832961
1,All Population,5,Prevalence,78,Denmark,3,Both,22,All ages,615,Sickle cell disorders,3,Rate,2022,5.1969867713,6.04907034017,4.4227228819199995
1,All Population,5,Prevalence,216,Senegal,3,Both,22,All ages,615,Sickle cell disorders,3,Rate,2023,280.38170861010997,328.41709401915,241.87888887469
1,All Population,5,Prevalence,63,Ukraine,3,Both,22,All ages,615,Sickle cell disorders,3,Rate,2022,0.020618343320000003,0.028279800669999997,0.01386113121
1,All Population,5,Prevalence,35,Georgia,3,Both,22,All ages,615,Sickle cell disorders,3,Rate,2021,0.00843343859,0.013439753019999999,0.00349332617
1,All Population,5,Prevalence,125,Colombia,3,Both,22,All ages,615,Sickle cell disorders,3,Rate,2020,0.36843860577,0.45225813313,0.29740008388
1,All Population,5,Prevalence,55,Slovenia,3,Both,22,All ages,615,Sickle cell disorders,3,Rate,2022,0.07477589277,0.09785336,0.057040046610000006
1,All Population,5,Prevalence,380,Palau,3,Both,22,All ages,615,Sickle cell disorders,3,Rate,2021,0.0123309386,0.03293291327,0.00240832507
1,All Population,5,Prevalence,145,Kuwait,3,Both,22,All ages,615,Sickle cell disorders,3,Rate,2023,32.67624146122,39.42293278702,26.823270944769998
1,All Population,5,Prevalence,88,Malta,3,Both,22,All ages,615,Sickle cell disorders,3,Rate,2022,5.49854199451,6.61225181556,4.55876464156
1,All Population,5,Prevalence,30,Vanuatu,3,Both,22,All ages,615,Sickle cell disorders,3,Rate,2023,0.01916333971,0.05046810118,0.0038866075500000002
1,All Population,5,Prevalence,196,South Africa,3,Both,22,All ages,615,Sickle cell disorders,3,Rate,2023,0.25992306074,0.33469191933000003,0.19598292572
1,All Population,5,Prevalence,374,Niue,3,Both,22,All ages,615,Sickle cell disorders,3,Rate,2023,0.014240950229999999,0.03864392565,0.0029826874200000004
1,All Population,5,Prevalence,209,Guinea-Bissau,3,Both,22,All ages,615,Sickle cell disorders,3,Rate,2023,26.03474555018,32.009820440439995,21.45419370745
1,All Population,5,Prevalence,71,Australia,3,Both,22,All ages,615,Sickle cell disorders,3,Rate,2023,0.38111227945,0.50730764666,0.29812220078
1,All Population,5,Prevalence,53,Serbia,3,Both,22,All ages,615,Sickle cell disorders,3,Rate,2023,0.0074862339900000005,0.01471773068,0.0034356970600000003
1,All Population,5,Prevalence,180,Kenya,3,Both,22,All ages,615,Sickle cell disorders,3,Rate,2023,477.23593705558994,623.5378985633599,372.97085280484004
1,All Population,5,Prevalence,111,Dominican Republic,3,Both,22,All ages,615,Sickle cell disorders,3,Rate,2023,72.41028497017,87.39111967046999,57.831767515340005
1,All Population,5,Prevalence,26,Papua New Guinea,3,Both,22,All ages,615,Sickle cell disorders,3,Rate,2022,0.01830214072,0.050055762079999996,0.0032068582999999996
1,All Population,5,Prevalence,396,San Marino,3,Both,22,All ages,615,Sickle cell disorders,3,Rate,2021,3.06077395661,3.70222790774,2.5094115929300003
1,All Population,5,Prevalence,187,Somalia,3,Both,22,All ages,615,Sickle cell disorders,3,Rate,2022,1.53354911517,2.05506028651,1.13141595036
1,All Population,5,Prevalence,305,Bermuda,3,Both,22,All ages,615,Sickle cell disorders,3,Rate,2023,20.80351334898,26.674396237299998,15.85939629448
1,All Population,5,Prevalence,183,Mauritius,3,Both,22,All ages,615,Sickle cell disorders,3,Rate,2023,0.02719051584,0.050170952090000005,0.014549218139999999
1,All Population,5,Prevalence,380,Palau,3,Both,22,All ages,615,Sickle cell disorders,3,Rate,2022,0.012265321079999999,0.03245793397,0.00236365644
1,All Population,5,Prevalence,58,Estonia,3,Both,22,All ages,615,Sickle cell disorders,3,Rate,2023,0.02122550814,0.03093262494,0.012399052720000001
1,All Population,5,Prevalence,38,Mongolia,3,Both,22,All ages,615,Sickle cell disorders,3,Rate,2023,0.00965636977,0.01810392304,0.0036694718599999997
1,All Population,5,Prevalence,66,Brunei Darussalam,3,Both,22,All ages,615,Sickle cell disorders,3,Rate,2023,0.08831023545,0.116248882,0.06356898075
1,All Population,5,Prevalence,72,New Zealand,3,Both,22,All ages,615,Sickle cell disorders,3,Rate,2022,0.98976686366,1.1914543012999999,0.82349665611
1,All Population,5,Prevalence,118,Suriname,3,Both,22,All ages,615,Sickle cell disorders,3,Rate,2023,45.08997793024,57.746834449969995,34.53750915125
1,All Population,5,Prevalence,118,Suriname,3,Both,22,All ages,615,Sickle cell disorders,3,Rate,2021,45.91556008067,58.092368347219995,35.484586678759996
1,All Population,5,Prevalence,24,Marshall Islands,3,Both,22,All ages,615,Sickle cell disorders,3,Rate,2023,0.01804512801,0.04737351426,0.00338422618
1,All Population,5,Prevalence,380,Palau,3,Both,22,All ages,615,Sickle cell disorders,3,Rate,2023,0.01211371168,0.03199290902,0.00233287765
1,All Population,5,Prevalence,320,Cook Islands,3,Both,22,All ages,615,Sickle cell disorders,3,Rate,2022,0.0154908156,0.03179609248,0.00399517861
1,All Population,5,Prevalence,126,Costa Rica,3,Both,22,All ages,615,Sickle cell disorders,3,Rate,2023,0.01571308791,0.02687132063,0.008085006819999999
1,All Population,5,Prevalence,422,United States Virgin Islands,3,Both,22,All ages,615,Sickle cell disorders,3,Rate,2020,28.54144702072,36.10651478821,21.6295247758
1,All Population,5,Prevalence,107,Barbados,3,Both,22,All ages,615,Sickle cell disorders,3,Rate,2023,28.729689425910003,36.34363630738,21.97998096682
1,All Population,5,Prevalence,385,Puerto Rico,3,Both,22,All ages,615,Sickle cell disorders,3,Rate,2023,20.10289090586,25.50471137354,15.67809514515
1,All Population,5,Prevalence,211,Mali,3,Both,22,All ages,615,Sickle cell disorders,3,Rate,2023,322.43424695243,368.73326680764,283.7149338299
1,All Population,5,Prevalence,190,Uganda,3,Both,22,All ages,615,Sickle cell disorders,3,Rate,2023,237.75215373369,277.12684514062,199.74961700014998
1,All Population,5,Prevalence,132,Panama,3,Both,22,All ages,615,Sickle cell disorders,3,Rate,2023,0.06664081346,0.09083127052000001,0.04567309998
1,All Population,5,Prevalence,87,Luxembourg,3,Both,22,All ages,615,Sickle cell disorders,3,Rate,2023,20.2090733117,23.32904349393,17.63982106075
1,All Population,5,Prevalence,208,Guinea,3,Both,22,All ages,615,Sickle cell disorders,3,Rate,2022,934.54704360688,1117.43432112958,809.7232321264299
1,All Population,5,Prevalence,376,Northern Mariana Islands,3,Both,22,All ages,615,Sickle cell disorders,3,Rate,2021,0.01573916049,0.042552707589999995,0.00363932765
1,All Population,5,Prevalence,147,Libya,3,Both,22,All ages,615,Sickle cell disorders,3,Rate,2021,235.68519752473,277.1107512613,196.03361247414
1,All Population,5,Prevalence,87,Luxembourg,3,Both,22,All ages,615,Sickle cell disorders,3,Rate,2021,20.17004435513,23.290688060380003,17.626153502719998
1,All Population,5,Prevalence,92,Spain,3,Both,22,All ages,615,Sickle cell disorders,3,Rate,2023,3.9492500031,4.55519690658,3.35008984858
1,All Population,5,Prevalence,187,Somalia,3,Both,22,All ages,615,Sickle cell disorders,3,Rate,2021,1.53613205012,2.05156540608,1.14242668503
1,All Population,5,Prevalence,170,Congo,3,Both,22,All ages,615,Sickle cell disorders,3,Rate,2023,254.37855857955,295.52958675325,215.81379293217
1,All Population,5,Prevalence,46,Croatia,3,Both,22,All ages,615,Sickle cell disorders,3,Rate,2023,0.3166822002,0.39398536976000004,0.25601333639
1,All Population,5,Prevalence,59,Latvia,3,Both,22,All ages,615,Sickle cell disorders,3,Rate,2023,0.0301516552,0.04164248355,0.02114900469
1,All Population,5,Prevalence,91,Portugal,3,Both,22,All ages,615,Sickle cell disorders,3,Rate,2023,14.186568129940001,17.15101737756,11.843199518070001
1,All Population,5,Prevalence,16,Philippines,3,Both,22,All ages,615,Sickle cell disorders,3,Rate,2023,0.03869964118,0.06559352485,0.021348384579999997
1,All Population,5,Prevalence,63,Ukraine,3,Both,22,All ages,615,Sickle cell disorders,3,Rate,2023,0.019393700019999998,0.0266280259,0.012977138999999999
1,All Population,5,Prevalence,79,Finland,3,Both,22,All ages,615,Sickle cell disorders,3,Rate,2021,4.33864265569,5.114551877109999,3.6895477901700002
1,All Population,5,Prevalence,393,Saint Kitts and Nevis,3,Both,22,All ages,615,Sickle cell disorders,3,Rate,2023,34.79928765043,44.53860412826,26.81794186765
1,All Population,5,Prevalence,413,Tokelau,3,Both,22,All ages,615,Sickle cell disorders,3,Rate,2022,0.0167991741,0.044638410110000006,0.00369526476
1,All Population,5,Prevalence,49,North Macedonia,3,Both,22,All ages,615,Sickle cell disorders,3,Rate,2019,0.04774228239,0.06286961103,0.03329643378
1,All Population,5,Prevalence,49,North Macedonia,3,Both,22,All ages,615,Sickle cell disorders,3,Rate,2021,0.046587065500000004,0.061859146999999996,0.03240221175
1,All Population,5,Prevalence,215,Sao Tome and Principe,3,Both,22,All ages,615,Sickle cell disorders,3,Rate,2022,483.97327167654,594.98644588191,391.42688778366
1,All Population,5,Prevalence,147,Libya,3,Both,22,All ages,615,Sickle cell disorders,3,Rate,2023,231.47793386997,271.12257934477003,192.99960476035
1,All Population,5,Prevalence,195,Namibia,3,Both,22,All ages,615,Sickle cell disorders,3,Rate,2021,0.7922193547999999,0.98862233136,0.6273445219
1,All Population,5,Prevalence,119,Trinidad and Tobago,3,Both,22,All ages,615,Sickle cell disorders,3,Rate,2022,36.26837708367,46.42795088257,27.912343464889997
1,All Population,5,Prevalence,177,Djibouti,3,Both,22,All ages,615,Sickle cell disorders,3,Rate,2023,7.50563957049,9.50676796794,5.93153598056
1,All Population,5,Prevalence,57,Belarus,3,Both,22,All ages,615,Sickle cell disorders,3,Rate,2022,0.0216681882,0.031205913149999997,0.012929517619999999
1,All Population,5,Prevalence,206,Gambia,3,Both,22,All ages,615,Sickle cell disorders,3,Rate,2023,304.35324204413996,354.56517705978,259.2168369003
1,All Population,5,Prevalence,193,Botswana,3,Both,22,All ages,615,Sickle cell disorders,3,Rate,2023,17.00381075547,20.06146616284,14.33714623444
1,All Population,5,Prevalence,155,Türkiye,3,Both,22,All ages,615,Sickle cell disorders,3,Rate,2022,12.90879928979,14.744548884750001,11.3390870246
1,All Population,5,Prevalence,522,Sudan,3,Both,22,All ages,615,Sickle cell disorders,3,Rate,2023,326.08610142507,407.74989756256,262.70393509958
1,All Population,5,Prevalence,76,Belgium,3,Both,22,All ages,615,Sickle cell disorders,3,Rate,2023,1.9780086042899998,2.37314096933,1.64321247094
1,All Population,5,Prevalence,33,Armenia,3,Both,22,All ages,615,Sickle cell disorders,3,Rate,2023,0.00762297706,0.01304796121,0.00320382964
1,All Population,5,Prevalence,212,Mauritania,3,Both,22,All ages,615,Sickle cell disorders,3,Rate,2023,103.05930784147,122.70616424227,85.70983441724
1,All Population,5,Prevalence,369,Nauru,3,Both,22,All ages,615,Sickle cell disorders,3,Rate,2023,0.01870216165,0.04919635176000001,0.00362335912
1,All Population,5,Prevalence,173,Gabon,3,Both,22,All ages,615,Sickle cell disorders,3,Rate,2021,386.77711192578,481.37201910761,328.70586383512
1,All Population,5,Prevalence,79,Finland,3,Both,22,All ages,615,Sickle cell disorders,3,Rate,2023,4.29482494069,5.0663107659,3.6540654940499997
1,All Population,5,Prevalence,298,American Samoa,3,Both,22,All ages,615,Sickle cell disorders,3,Rate,2023,0.01713692991,0.04610063644,0.0037835279599999997
1,All Population,5,Prevalence,171,Democratic Republic of the Congo,3,Both,22,All ages,615,Sickle cell disorders,3,Rate,2023,696.46132722405,814.7556216889101,594.15989481502
1,All Population,5,Prevalence,217,Sierra Leone,3,Both,22,All ages,615,Sickle cell disorders,3,Rate,2023,1129.27072783273,1320.40737765331,974.88575911498
1,All Population,5,Prevalence,213,Niger,3,Both,22,All ages,615,Sickle cell disorders,3,Rate,2023,605.95799390314,710.07974752501,528.26213707511
1,All Population,5,Prevalence,189,United Republic of Tanzania,3,Both,22,All ages,615,Sickle cell disorders,3,Rate,2019,259.99296893115,301.96544547677,220.16085197186
1,All Population,5,Prevalence,94,Switzerland,3,Both,22,All ages,615,Sickle cell disorders,3,Rate,2021,11.07013719445,12.239387634120002,9.99766354111
1,All Population,5,Prevalence,186,Seychelles,3,Both,22,All ages,615,Sickle cell disorders,3,Rate,2021,0.03369752927,0.05943666178,0.01965142064
1,All Population,5,Prevalence,17,Sri Lanka,3,Both,22,All ages,615,Sickle cell disorders,3,Rate,2022,0.031458863000000004,0.055981139810000004,0.01757951931
1,All Population,5,Prevalence,49,North Macedonia,3,Both,22,All ages,615,Sickle cell disorders,3,Rate,2022,0.046433309129999996,0.0617070705,0.03147046514
1,All Population,5,Prevalence,111,Dominican Republic,3,Both,22,All ages,615,Sickle cell disorders,3,Rate,2020,73.55551217533,86.71024786768001,59.43508925813
1,All Population,5,Prevalence,172,Equatorial Guinea,3,Both,22,All ages,615,Sickle cell disorders,3,Rate,2022,833.72323654276,997.8663396992099,699.72424408515
1,All Population,5,Prevalence,40,Turkmenistan,3,Both,22,All ages,615,Sickle cell disorders,3,Rate,2023,0.00933241828,0.016199505870000002,0.00369698321
1,All Population,5,Prevalence,203,Cabo Verde,3,Both,22,All ages,615,Sickle cell disorders,3,Rate,2022,47.93449420575,58.45783500777,39.10557836574
1,All Population,5,Prevalence,416,Tuvalu,3,Both,22,All ages,615,Sickle cell disorders,3,Rate,2022,0.01647569101,0.043366331220000005,0.00302769904
1,All Population,5,Prevalence,149,Palestine,3,Both,22,All ages,615,Sickle cell disorders,3,Rate,2021,64.64978205826,80.9164979498,50.34782046515
1,All Population,5,Prevalence,210,Liberia,3,Both,22,All ages,615,Sickle cell disorders,3,Rate,2022,168.62299475283,193.24209204798,145.13761828234
1,All Population,5,Prevalence,197,Eswatini,3,Both,22,All ages,615,Sickle cell disorders,3,Rate,2021,0.75446993333,0.9427490640799999,0.59507651867
1,All Population,5,Prevalence,204,Chad,3,Both,22,All ages,615,Sickle cell disorders,3,Rate,2022,109.56231018949,128.58686607433,93.55057857499
1,All Population,5,Prevalence,141,Egypt,3,Both,22,All ages,615,Sickle cell disorders,3,Rate,2021,98.71745617613999,112.37921015322,83.62862247398999
1,All Population,5,Prevalence,376,Northern Mariana Islands,3,Both,22,All ages,615,Sickle cell disorders,3,Rate,2023,0.015631188849999998,0.04221813947,0.00356251769
1,All Population,5,Prevalence,208,Guinea,3,Both,22,All ages,615,Sickle cell disorders,3,Rate,2023,943.2723219923901,1127.19866253538,817.09381154637
1,All Population,5,Prevalence,195,Namibia,3,Both,22,All ages,615,Sickle cell disorders,3,Rate,2023,0.78702483901,0.98230613002,0.60706817555
1,All Population,5,Prevalence,179,Ethiopia,3,Both,22,All ages,615,Sickle cell disorders,3,Rate,2023,1.39522248001,1.8500441153600002,1.05488093295
1,All Population,5,Prevalence,218,Togo,3,Both,22,All ages,615,Sickle cell disorders,3,Rate,2020,946.3723621115901,1081.98398088866,831.01549566032
1,All Population,5,Prevalence,110,Dominica,3,Both,22,All ages,615,Sickle cell disorders,3,Rate,2023,33.47882037304,43.29683274053,24.961794517700003
1,All Population,5,Prevalence,185,Rwanda,3,Both,22,All ages,615,Sickle cell disorders,3,Rate,2023,7.48466622661,9.31064907294,6.105759582889999
1,All Population,5,Prevalence,212,Mauritania,3,Both,22,All ages,615,Sickle cell disorders,3,Rate,2022,102.58437067548002,121.65453339222,85.21919515854
1,All Population,5,Prevalence,181,Madagascar,3,Both,22,All ages,615,Sickle cell disorders,3,Rate,2023,142.89976525069,171.90858916019,120.51507231087
1,All Population,5,Prevalence,48,Hungary,3,Both,22,All ages,615,Sickle cell disorders,3,Rate,2022,0.03368069186,0.04955869203,0.02163304429
1,All Population,5,Prevalence,349,Greenland,3,Both,22,All ages,615,Sickle cell disorders,3,Rate,2022,0.46835639631,0.71225689356,0.3201133948
1,All Population,5,Prevalence,125,Colombia,3,Both,22,All ages,615,Sickle cell disorders,3,Rate,2021,0.36195180861,0.44299575632,0.29159124892
1,All Population,5,Prevalence,216,Senegal,3,Both,22,All ages,615,Sickle cell disorders,3,Rate,2022,277.95042208483,325.51381877771,239.89227167674002
1,All Population,5,Prevalence,154,Tunisia,3,Both,22,All ages,615,Sickle cell disorders,3,Rate,2023,54.758344732110004,68.1564187906,43.5238735367
1,All Population,5,Prevalence,139,Algeria,3,Both,22,All ages,615,Sickle cell disorders,3,Rate,2023,9.4134639368,10.99753515667,7.74297408227
1,All Population,5,Prevalence,184,Mozambique,3,Both,22,All ages,615,Sickle cell disorders,3,Rate,2023,6.32460224273,7.39534456809,5.37167245685
1,All Population,5,Prevalence,47,Czechia,3,Both,22,All ages,615,Sickle cell disorders,3,Rate,2023,0.00949580687,0.01812801711,0.004365142880000001
1,All Population,5,Prevalence,34,Azerbaijan,3,Both,22,All ages,615,Sickle cell disorders,3,Rate,2023,0.006855108679999999,0.01172805838,0.0027609983000000003
1,All Population,5,Prevalence,142,Iran (Islamic Republic of),3,Both,22,All ages,615,Sickle cell disorders,3,Rate,2021,91.45428099147,114.07132816667,70.17868742084
1,All Population,5,Prevalence,157,Yemen,3,Both,22,All ages,615,Sickle cell disorders,3,Rate,2022,12.587275668679998,14.48675125632,10.6049857529
1,All Population,5,Prevalence,172,Equatorial Guinea,3,Both,22,All ages,615,Sickle cell disorders,3,Rate,2023,823.2067716050499,987.49929615768,686.98181904194
1,All Population,5,Prevalence,123,Peru,3,Both,22,All ages,615,Sickle cell disorders,3,Rate,2023,3.46765051332,4.4663031191,2.68841964463
1,All Population,5,Prevalence,140,Bahrain,3,Both,22,All ages,615,Sickle cell disorders,3,Rate,2023,637.56916275975,795.16818432652,495.28557383107994
1,All Population,5,Prevalence,19,Timor-Leste,3,Both,22,All ages,615,Sickle cell disorders,3,Rate,2023,0.04117929668,0.0698016374,0.02165002415
1,All Population,5,Prevalence,81,Germany,3,Both,22,All ages,615,Sickle cell disorders,3,Rate,2023,2.5318308967400003,2.94731718041,2.1962455849399998
1,All Population,5,Prevalence,200,Benin,3,Both,22,All ages,615,Sickle cell disorders,3,Rate,2023,1301.10693849379,1583.2670599139801,1083.04543596824
1,All Population,5,Prevalence,111,Dominican Republic,3,Both,22,All ages,615,Sickle cell disorders,3,Rate,2022,72.39539150376,87.70897191114,57.766125953179994
1,All Population,5,Prevalence,155,Türkiye,3,Both,22,All ages,615,Sickle cell disorders,3,Rate,2021,13.005365851769998,14.93498855902,11.469471499780001
1,All Population,5,Prevalence,78,Denmark,3,Both,22,All ages,615,Sickle cell disorders,3,Rate,2021,5.2203425142,6.0300265745,4.47545185103
1,All Population,5,Prevalence,172,Equatorial Guinea,3,Both,22,All ages,615,Sickle cell disorders,3,Rate,2021,843.71900411007,1008.2182754062601,715.6668121483999
1,All Population,5,Prevalence,48,Hungary,3,Both,22,All ages,615,Sickle cell disorders,3,Rate,2021,0.03366958104,0.04952508045,0.02163667238
1,All Population,5,Prevalence,422,United States Virgin Islands,3,Both,22,All ages,615,Sickle cell disorders,3,Rate,2022,27.38390155575,35.78119765545,20.75914730136
1,All Population,5,Prevalence,173,Gabon,3,Both,22,All ages,615,Sickle cell disorders,3,Rate,2023,385.71717798978,480.44326495755,327.62635644322
1,All Population,5,Prevalence,422,United States Virgin Islands,3,Both,22,All ages,615,Sickle cell disorders,3,Rate,2021,27.93913682253,35.85943427368,21.054801977
1,All Population,5,Prevalence,94,Switzerland,3,Both,22,All ages,615,Sickle cell disorders,3,Rate,2023,11.006729729309999,12.15908040621,9.91327241421
1,All Population,5,Prevalence,217,Sierra Leone,3,Both,22,All ages,615,Sickle cell disorders,3,Rate,2022,1126.67864611752,1318.5265316523098,970.11203016541
1,All Population,5,Prevalence,187,Somalia,3,Both,22,All ages,615,Sickle cell disorders,3,Rate,2023,1.54017156446,2.06171206805,1.13541891457
1,All Population,5,Prevalence,153,Syrian Arab Republic,3,Both,22,All ages,615,Sickle cell disorders,3,Rate,2023,9.59942617158,11.183843015239999,8.070275997600001
1,All Population,5,Prevalence,218,Togo,3,Both,22,All ages,615,Sickle cell disorders,3,Rate,2023,939.17523059487,1069.47704908946,823.2864927670801
1,All Population,5,Prevalence,349,Greenland,3,Both,22,All ages,615,Sickle cell disorders,3,Rate,2023,0.46458487814,0.70791182265,0.31707581726
1,All Population,5,Prevalence,78,Denmark,3,Both,22,All ages,615,Sickle cell disorders,3,Rate,2023,5.20775397053,6.06465328555,4.4355391945200004
1,All Population,5,Prevalence,93,Sweden,3,Both,22,All ages,615,Sickle cell disorders,3,Rate,2023,4.26872142035,5.27151393192,3.41367978111
1,All Population,5,Prevalence,157,Yemen,3,Both,22,All ages,615,Sickle cell disorders,3,Rate,2023,12.488203632360001,14.37058794304,10.50727012316
1,All Population,5,Prevalence,93,Sweden,3,Both,22,All ages,615,Sickle cell disorders,3,Rate,2021,4.3135432518900005,5.3360712029099995,3.4502309396400004
1,All Population,5,Prevalence,19,Timor-Leste,3,Both,22,All ages,615,Sickle cell disorders,3,Rate,2022,0.04120843249,0.06990077892,0.021646737240000002
1,All Population,5,Prevalence,81,Germany,3,Both,22,All ages,615,Sickle cell disorders,3,Rate,2021,2.51655389069,2.9342606934199997,2.1821097411499997
1,All Population,5,Prevalence,413,Tokelau,3,Both,22,All ages,615,Sickle cell disorders,3,Rate,2023,0.01675782608,0.04438344909,0.00365759587
1,All Population,5,Prevalence,189,United Republic of Tanzania,3,Both,22,All ages,615,Sickle cell disorders,3,Rate,2021,257.43981620972,295.89965869585,218.29012999132
1,All Population,5,Prevalence,320,Cook Islands,3,Both,22,All ages,615,Sickle cell disorders,3,Rate,2023,0.01566734811,0.03208532888,0.0040471901
1,All Population,5,Prevalence,396,San Marino,3,Both,22,All ages,615,Sickle cell disorders,3,Rate,2023,3.00421896051,3.6416908413599995,2.44832451764
1,All Population,5,Prevalence,48,Hungary,3,Both,22,All ages,615,Sickle cell disorders,3,Rate,2023,0.033934583920000004,0.04915610728,0.02178476827
1,All Population,5,Prevalence,35,Georgia,3,Both,22,All ages,615,Sickle cell disorders,3,Rate,2023,0.00847716242,0.013271596069999999,0.0034467594200000003
1,All Population,5,Prevalence,416,Tuvalu,3,Both,22,All ages,615,Sickle cell disorders,3,Rate,2021,0.016561890399999998,0.04301505254,0.00296511358
1,All Population,5,Prevalence,205,Côte d'Ivoire,3,Both,22,All ages,615,Sickle cell disorders,3,Rate,2023,268.34539589446996,302.27857094168,240.23721557931
1,All Population,5,Prevalence,18,Thailand,3,Both,22,All ages,615,Sickle cell disorders,3,Rate,2023,0.02013691467,0.03822886421,0.01046653668
1,All Population,5,Prevalence,95,United Kingdom,3,Both,22,All ages,615,Sickle cell disorders,3,Rate,2023,4.77939959406,5.90798192819,3.87206436336
1,All Population,5,Prevalence,50,Montenegro,3,Both,22,All ages,615,Sickle cell disorders,3,Rate,2022,0.04569877038,0.06270395713,0.030771548299999996
1,All Population,5,Prevalence,127,El Salvador,3,Both,22,All ages,615,Sickle cell disorders,3,Rate,2021,0.043453447199999995,0.06512609514,0.0271651155
1,All Population,5,Prevalence,186,Seychelles,3,Both,22,All ages,615,Sickle cell disorders,3,Rate,2023,0.03305750619,0.058001891980000005,0.01881001157
1,All Population,5,Prevalence,202,Cameroon,3,Both,22,All ages,615,Sickle cell disorders,3,Rate,2023,404.69596324074996,477.30063388781997,344.135364327
1,All Population,5,Prevalence,80,France,3,Both,22,All ages,615,Sickle cell disorders,3,Rate,2023,9.848261763970001,11.33107050482,8.33702428498
1,All Population,5,Prevalence,205,Côte d'Ivoire,3,Both,22,All ages,615,Sickle cell disorders,3,Rate,2022,266.01822307501,299.51270363758,238.0605636005
1,All Population,5,Prevalence,218,Togo,3,Both,22,All ages,615,Sickle cell disorders,3,Rate,2022,932.3753688821001,1061.31255184102,818.94438956219
1,All Population,5,Prevalence,125,Colombia,3,Both,22,All ages,615,Sickle cell disorders,3,Rate,2023,0.35356923268999996,0.42967448715999995,0.28366206673
1,All Population,5,Prevalence,141,Egypt,3,Both,22,All ages,615,Sickle cell disorders,3,Rate,2023,98.69604459572001,113.39679808914,83.70097354135
1,All Population,5,Prevalence,95,United Kingdom,3,Both,22,All ages,615,Sickle cell disorders,3,Rate,2021,4.82412711843,5.96186685017,3.92321719622
1,All Population,5,Prevalence,50,Montenegro,3,Both,22,All ages,615,Sickle cell disorders,3,Rate,2021,0.04588253734,0.06282830861,0.03100778534
1,All Population,5,Prevalence,142,Iran (Islamic Republic of),3,Both,22,All ages,615,Sickle cell disorders,3,Rate,2023,90.75487402923,114.49122623858,69.9538196934
1,All Population,5,Prevalence,80,France,3,Both,22,All ages,615,Sickle cell disorders,3,Rate,2021,9.90591613302,11.40266199645,8.383328675740001
1,All Population,5,Prevalence,127,El Salvador,3,Both,22,All ages,615,Sickle cell disorders,3,Rate,2023,0.0425926104,0.06504495208,0.02623963872
1,All Population,5,Prevalence,416,Tuvalu,3,Both,22,All ages,615,Sickle cell disorders,3,Rate,2023,0.01662426355,0.04349729772,0.0030361347799999997
1,All Population,5,Prevalence,214,Nigeria,3,Both,22,All ages,615,Sickle cell disorders,3,Rate,2023,1121.65427728491,1406.22025307841,916.7468680574
1,All Population,5,Prevalence,422,United States Virgin Islands,3,Both,22,All ages,615,Sickle cell disorders,3,Rate,2023,26.95894417246,35.20102089777,20.40669764183
1,All Population,5,Prevalence,189,United Republic of Tanzania,3,Both,22,All ages,615,Sickle cell disorders,3,Rate,2023,257.59857121945,299.87320538363997,218.71736152402002
